ISO-10303-21;
HEADER;
/* Generated by software containing ST-Developer
 * from STEP Tools, Inc. (www.steptools.com) 
 */

FILE_DESCRIPTION(
/* description */ (''),
/* implementation_level */ '2;1');

FILE_NAME(
/* name */ 
'D:\\6. THI\\12. H\X2\1ED9\X0\p EVN\\12. H\X2\1ED9\X0\p EVN\\Master\\M
aster_G\X2\1EED\X0\i Kh\X\E1ch_26.07.14\\3D Step\\H\X2\1ED9\X0\p Maste
r_SLA_M\X\E0u xanh C\X\F4 ban_SL01.stp',
/* time_stamp */ '2026-07-14T08:30:41+07:00',
/* author */ ('PC'),
/* organization */ (''),
/* preprocessor_version */ 'ST-DEVELOPER v18',
/* originating_system */ 'Autodesk Inventor 2020',
/* authorisation */ '');

FILE_SCHEMA (('AUTOMOTIVE_DESIGN { 1 0 10303 214 3 1 1 }'));
ENDSEC;

DATA;
#10=MECHANICAL_DESIGN_GEOMETRIC_PRESENTATION_REPRESENTATION('',(#13),#6369);
#11=SHAPE_REPRESENTATION_RELATIONSHIP('SRR','None',#6376,#12);
#12=ADVANCED_BREP_SHAPE_REPRESENTATION('',(#14),#6368);
#13=STYLED_ITEM('',(#6385),#14);
#14=MANIFOLD_SOLID_BREP('Solid1',#3620);
#15=B_SPLINE_CURVE_WITH_KNOTS('',3,(#5632,#5633,#5634,#5635,#5636,#5637,
#5638,#5639,#5640,#5641),.UNSPECIFIED.,.F.,.F.,(4,2,2,2,4),(1.31541063836091,
1.44452795837349,1.73136475454901,2.01820155072453,2.14731887073712),
 .UNSPECIFIED.);
#16=TOROIDAL_SURFACE('',#3766,11.25,2.);
#17=TOROIDAL_SURFACE('',#4011,4.,1.);
#18=TOROIDAL_SURFACE('',#4018,4.,1.);
#19=TOROIDAL_SURFACE('',#4024,9.,1.);
#20=TOROIDAL_SURFACE('',#4028,124.223374405995,1.);
#21=TOROIDAL_SURFACE('',#4032,9.,1.);
#22=TOROIDAL_SURFACE('',#4038,4.,1.);
#23=TOROIDAL_SURFACE('',#4044,4.,1.);
#24=TOROIDAL_SURFACE('',#4050,9.,1.);
#25=TOROIDAL_SURFACE('',#4054,124.223374405995,1.);
#26=TOROIDAL_SURFACE('',#4058,9.,1.);
#27=FACE_BOUND('',#670,.T.);
#28=FACE_BOUND('',#675,.T.);
#29=FACE_BOUND('',#688,.T.);
#30=FACE_BOUND('',#716,.T.);
#31=FACE_BOUND('',#719,.T.);
#32=FACE_BOUND('',#722,.T.);
#33=FACE_BOUND('',#724,.T.);
#34=FACE_BOUND('',#725,.T.);
#35=FACE_BOUND('',#726,.T.);
#36=FACE_BOUND('',#727,.T.);
#37=FACE_BOUND('',#728,.T.);
#38=FACE_BOUND('',#729,.T.);
#39=FACE_BOUND('',#730,.T.);
#40=FACE_BOUND('',#731,.T.);
#41=FACE_BOUND('',#732,.T.);
#42=FACE_BOUND('',#733,.T.);
#43=FACE_BOUND('',#734,.T.);
#44=FACE_BOUND('',#765,.T.);
#45=FACE_BOUND('',#769,.T.);
#46=FACE_BOUND('',#773,.T.);
#47=FACE_BOUND('',#777,.T.);
#48=FACE_BOUND('',#795,.T.);
#49=FACE_BOUND('',#796,.T.);
#50=FACE_BOUND('',#797,.T.);
#51=FACE_BOUND('',#798,.T.);
#52=FACE_BOUND('',#799,.T.);
#53=FACE_BOUND('',#800,.T.);
#54=FACE_BOUND('',#801,.T.);
#55=FACE_BOUND('',#819,.T.);
#56=FACE_BOUND('',#828,.T.);
#57=FACE_BOUND('',#829,.T.);
#58=FACE_BOUND('',#830,.T.);
#59=FACE_BOUND('',#831,.T.);
#60=FACE_BOUND('',#832,.T.);
#61=FACE_BOUND('',#833,.T.);
#62=FACE_BOUND('',#839,.T.);
#63=FACE_BOUND('',#840,.T.);
#64=FACE_BOUND('',#841,.T.);
#65=FACE_BOUND('',#842,.T.);
#66=FACE_BOUND('',#848,.T.);
#67=FACE_BOUND('',#849,.T.);
#68=FACE_BOUND('',#850,.T.);
#69=FACE_BOUND('',#851,.T.);
#70=FACE_BOUND('',#856,.T.);
#71=FACE_BOUND('',#858,.T.);
#72=CONICAL_SURFACE('',#3721,2.625,0.785398163397448);
#73=CONICAL_SURFACE('',#3729,2.625,0.785398163397448);
#74=CONICAL_SURFACE('',#3758,8.99999999999999,0.785398163397442);
#75=CONICAL_SURFACE('',#3891,2.625,0.785398163397448);
#76=CONICAL_SURFACE('',#3897,2.625,0.785398163397448);
#77=CONICAL_SURFACE('',#3903,2.625,0.785398163397448);
#78=CONICAL_SURFACE('',#3909,2.625,0.785398163397448);
#79=CYLINDRICAL_SURFACE('',#3654,10.25);
#80=CYLINDRICAL_SURFACE('',#3681,10.25);
#81=CYLINDRICAL_SURFACE('',#3708,10.25);
#82=CYLINDRICAL_SURFACE('',#3726,2.);
#83=CYLINDRICAL_SURFACE('',#3734,2.);
#84=CYLINDRICAL_SURFACE('',#3737,3.25);
#85=CYLINDRICAL_SURFACE('',#3740,3.25);
#86=CYLINDRICAL_SURFACE('',#3743,7.5);
#87=CYLINDRICAL_SURFACE('',#3746,7.5);
#88=CYLINDRICAL_SURFACE('',#3749,126.223374405995);
#89=CYLINDRICAL_SURFACE('',#3762,9.24999999999999);
#90=CYLINDRICAL_SURFACE('',#3771,4.);
#91=CYLINDRICAL_SURFACE('',#3777,4.);
#92=CYLINDRICAL_SURFACE('',#3783,4.);
#93=CYLINDRICAL_SURFACE('',#3789,4.);
#94=CYLINDRICAL_SURFACE('',#3795,3.5);
#95=CYLINDRICAL_SURFACE('',#3799,2.5);
#96=CYLINDRICAL_SURFACE('',#3802,2.5);
#97=CYLINDRICAL_SURFACE('',#3805,2.5);
#98=CYLINDRICAL_SURFACE('',#3808,2.5);
#99=CYLINDRICAL_SURFACE('',#3811,126.223374405995);
#100=CYLINDRICAL_SURFACE('',#3816,126.223374405995);
#101=CYLINDRICAL_SURFACE('',#3819,126.223374405995);
#102=CYLINDRICAL_SURFACE('',#3827,6.);
#103=CYLINDRICAL_SURFACE('',#3832,6.);
#104=CYLINDRICAL_SURFACE('',#3837,6.);
#105=CYLINDRICAL_SURFACE('',#3842,6.);
#106=CYLINDRICAL_SURFACE('',#3850,7.25);
#107=CYLINDRICAL_SURFACE('',#3856,13.25);
#108=CYLINDRICAL_SURFACE('',#3862,13.25);
#109=CYLINDRICAL_SURFACE('',#3868,13.25);
#110=CYLINDRICAL_SURFACE('',#3895,3.25);
#111=CYLINDRICAL_SURFACE('',#3901,3.25);
#112=CYLINDRICAL_SURFACE('',#3907,3.25);
#113=CYLINDRICAL_SURFACE('',#3913,3.25);
#114=CYLINDRICAL_SURFACE('',#3915,2.);
#115=CYLINDRICAL_SURFACE('',#3917,2.00000000000001);
#116=CYLINDRICAL_SURFACE('',#3919,2.);
#117=CYLINDRICAL_SURFACE('',#3921,2.00000000000001);
#118=CYLINDRICAL_SURFACE('',#3924,6.5);
#119=CYLINDRICAL_SURFACE('',#3928,6.5);
#120=CYLINDRICAL_SURFACE('',#3933,6.5);
#121=CYLINDRICAL_SURFACE('',#3936,6.5);
#122=CYLINDRICAL_SURFACE('',#3946,2.1);
#123=CYLINDRICAL_SURFACE('',#3948,4.);
#124=CYLINDRICAL_SURFACE('',#3952,2.1);
#125=CYLINDRICAL_SURFACE('',#3954,4.);
#126=CYLINDRICAL_SURFACE('',#3958,2.1);
#127=CYLINDRICAL_SURFACE('',#3960,4.);
#128=CYLINDRICAL_SURFACE('',#3964,2.1);
#129=CYLINDRICAL_SURFACE('',#3966,3.99999999999999);
#130=CYLINDRICAL_SURFACE('',#3970,124.723374405995);
#131=CYLINDRICAL_SURFACE('',#3973,8.5);
#132=CYLINDRICAL_SURFACE('',#3977,3.5);
#133=CYLINDRICAL_SURFACE('',#3981,3.5);
#134=CYLINDRICAL_SURFACE('',#3985,8.5);
#135=CYLINDRICAL_SURFACE('',#3988,124.723374405995);
#136=CYLINDRICAL_SURFACE('',#3991,8.5);
#137=CYLINDRICAL_SURFACE('',#3995,3.5);
#138=CYLINDRICAL_SURFACE('',#3999,3.5);
#139=CYLINDRICAL_SURFACE('',#4003,8.5);
#140=CYLINDRICAL_SURFACE('',#4016,1.);
#141=CYLINDRICAL_SURFACE('',#4022,1.);
#142=CYLINDRICAL_SURFACE('',#4036,1.);
#143=CYLINDRICAL_SURFACE('',#4042,1.);
#144=CYLINDRICAL_SURFACE('',#4048,1.);
#145=CYLINDRICAL_SURFACE('',#4062,1.);
#146=CYLINDRICAL_SURFACE('',#4064,5.);
#147=CYLINDRICAL_SURFACE('',#4067,10.);
#148=CYLINDRICAL_SURFACE('',#4069,123.223374405995);
#149=CYLINDRICAL_SURFACE('',#4071,10.);
#150=CYLINDRICAL_SURFACE('',#4074,5.);
#151=CYLINDRICAL_SURFACE('',#4077,7.);
#152=CYLINDRICAL_SURFACE('',#4078,7.);
#153=CYLINDRICAL_SURFACE('',#4079,7.);
#154=CYLINDRICAL_SURFACE('',#4080,7.);
#155=CYLINDRICAL_SURFACE('',#4083,10.);
#156=CYLINDRICAL_SURFACE('',#4085,123.223374405995);
#157=CYLINDRICAL_SURFACE('',#4087,10.);
#158=CYLINDRICAL_SURFACE('',#4090,5.);
#159=CYLINDRICAL_SURFACE('',#4092,5.);
#160=CIRCLE('',#3645,10.25);
#161=CIRCLE('',#3652,10.25);
#162=CIRCLE('',#3655,10.25);
#163=CIRCLE('',#3657,10.25);
#164=CIRCLE('',#3659,10.25);
#165=CIRCLE('',#3660,10.25);
#166=CIRCLE('',#3661,10.25);
#167=CIRCLE('',#3662,10.25);
#168=CIRCLE('',#3672,10.25);
#169=CIRCLE('',#3679,10.25);
#170=CIRCLE('',#3682,10.25);
#171=CIRCLE('',#3684,10.25);
#172=CIRCLE('',#3686,10.25);
#173=CIRCLE('',#3687,10.25);
#174=CIRCLE('',#3688,10.25);
#175=CIRCLE('',#3689,10.25);
#176=CIRCLE('',#3696,10.25);
#177=CIRCLE('',#3703,10.25);
#178=CIRCLE('',#3709,10.25);
#179=CIRCLE('',#3711,10.25);
#180=CIRCLE('',#3713,10.25);
#181=CIRCLE('',#3714,10.25);
#182=CIRCLE('',#3715,10.25);
#183=CIRCLE('',#3716,10.25);
#184=CIRCLE('',#3722,2.);
#185=CIRCLE('',#3723,2.);
#186=CIRCLE('',#3724,3.25);
#187=CIRCLE('',#3725,3.25);
#188=CIRCLE('',#3727,2.);
#189=CIRCLE('',#3728,2.);
#190=CIRCLE('',#3730,2.);
#191=CIRCLE('',#3731,2.);
#192=CIRCLE('',#3732,3.25);
#193=CIRCLE('',#3733,3.25);
#194=CIRCLE('',#3735,2.);
#195=CIRCLE('',#3736,2.);
#196=CIRCLE('',#3738,3.25);
#197=CIRCLE('',#3739,3.25);
#198=CIRCLE('',#3741,3.25);
#199=CIRCLE('',#3742,3.25);
#200=CIRCLE('',#3744,7.5);
#201=CIRCLE('',#3745,7.5);
#202=CIRCLE('',#3747,7.5);
#203=CIRCLE('',#3748,7.5);
#204=CIRCLE('',#3750,126.223374405995);
#205=CIRCLE('',#3751,126.223374405995);
#206=CIRCLE('',#3759,8.74999999999999);
#207=CIRCLE('',#3760,9.24999999999999);
#208=CIRCLE('',#3761,9.24999999999999);
#209=CIRCLE('',#3763,9.24999999999999);
#210=CIRCLE('',#3765,3.5);
#211=CIRCLE('',#3767,2.);
#212=CIRCLE('',#3768,11.25);
#213=CIRCLE('',#3769,11.25);
#214=CIRCLE('',#3772,4.);
#215=CIRCLE('',#3773,4.);
#216=CIRCLE('',#3774,4.);
#217=CIRCLE('',#3775,4.);
#218=CIRCLE('',#3778,4.);
#219=CIRCLE('',#3779,4.);
#220=CIRCLE('',#3780,4.);
#221=CIRCLE('',#3781,4.);
#222=CIRCLE('',#3784,4.);
#223=CIRCLE('',#3785,4.);
#224=CIRCLE('',#3786,4.);
#225=CIRCLE('',#3787,4.);
#226=CIRCLE('',#3790,4.);
#227=CIRCLE('',#3791,4.);
#228=CIRCLE('',#3792,4.);
#229=CIRCLE('',#3793,4.);
#230=CIRCLE('',#3796,3.5);
#231=CIRCLE('',#3798,7.25);
#232=CIRCLE('',#3800,2.5);
#233=CIRCLE('',#3801,2.5);
#234=CIRCLE('',#3803,2.5);
#235=CIRCLE('',#3804,2.5);
#236=CIRCLE('',#3806,2.5);
#237=CIRCLE('',#3807,2.5);
#238=CIRCLE('',#3809,2.5);
#239=CIRCLE('',#3810,2.5);
#240=CIRCLE('',#3812,126.223374405995);
#241=CIRCLE('',#3813,126.223374405995);
#242=CIRCLE('',#3817,126.223374405995);
#243=CIRCLE('',#3818,126.223374405995);
#244=CIRCLE('',#3820,126.223374405995);
#245=CIRCLE('',#3821,126.223374405995);
#246=CIRCLE('',#3828,6.);
#247=CIRCLE('',#3829,6.);
#248=CIRCLE('',#3830,6.);
#249=CIRCLE('',#3831,6.);
#250=CIRCLE('',#3833,6.);
#251=CIRCLE('',#3834,6.);
#252=CIRCLE('',#3835,6.);
#253=CIRCLE('',#3836,6.);
#254=CIRCLE('',#3838,6.);
#255=CIRCLE('',#3839,6.);
#256=CIRCLE('',#3840,6.);
#257=CIRCLE('',#3841,6.);
#258=CIRCLE('',#3843,6.);
#259=CIRCLE('',#3844,6.);
#260=CIRCLE('',#3845,6.);
#261=CIRCLE('',#3846,6.);
#262=CIRCLE('',#3851,7.25);
#263=CIRCLE('',#3852,7.25);
#264=CIRCLE('',#3857,13.25);
#265=CIRCLE('',#3858,13.25);
#266=CIRCLE('',#3859,13.25);
#267=CIRCLE('',#3860,13.25);
#268=CIRCLE('',#3863,13.25);
#269=CIRCLE('',#3864,13.25);
#270=CIRCLE('',#3865,13.25);
#271=CIRCLE('',#3866,13.25);
#272=CIRCLE('',#3869,13.25);
#273=CIRCLE('',#3870,13.25);
#274=CIRCLE('',#3871,13.25);
#275=CIRCLE('',#3872,13.25);
#276=CIRCLE('',#3875,7.);
#277=CIRCLE('',#3876,6.5);
#278=CIRCLE('',#3877,6.5);
#279=CIRCLE('',#3878,7.);
#280=CIRCLE('',#3879,7.);
#281=CIRCLE('',#3880,6.5);
#282=CIRCLE('',#3881,6.5);
#283=CIRCLE('',#3882,7.);
#284=CIRCLE('',#3883,4.);
#285=CIRCLE('',#3884,4.);
#286=CIRCLE('',#3885,4.);
#287=CIRCLE('',#3886,4.);
#288=CIRCLE('',#3887,4.);
#289=CIRCLE('',#3888,4.);
#290=CIRCLE('',#3889,3.99999999999999);
#291=CIRCLE('',#3890,3.99999999999999);
#292=CIRCLE('',#3892,3.25);
#293=CIRCLE('',#3893,3.25);
#294=CIRCLE('',#3894,2.);
#295=CIRCLE('',#3896,3.25);
#296=CIRCLE('',#3898,3.25);
#297=CIRCLE('',#3899,3.25);
#298=CIRCLE('',#3900,2.);
#299=CIRCLE('',#3902,3.25);
#300=CIRCLE('',#3904,3.25);
#301=CIRCLE('',#3905,3.25);
#302=CIRCLE('',#3906,2.00000000000001);
#303=CIRCLE('',#3908,3.25);
#304=CIRCLE('',#3910,3.25);
#305=CIRCLE('',#3911,3.25);
#306=CIRCLE('',#3912,2.00000000000001);
#307=CIRCLE('',#3914,3.25);
#308=CIRCLE('',#3916,2.);
#309=CIRCLE('',#3918,2.00000000000001);
#310=CIRCLE('',#3920,2.);
#311=CIRCLE('',#3922,2.00000000000001);
#312=CIRCLE('',#3925,6.5);
#313=CIRCLE('',#3929,6.5);
#314=CIRCLE('',#3934,6.5);
#315=CIRCLE('',#3937,6.5);
#316=CIRCLE('',#3939,2.1);
#317=CIRCLE('',#3941,2.1);
#318=CIRCLE('',#3943,2.1);
#319=CIRCLE('',#3945,2.1);
#320=CIRCLE('',#3947,2.1);
#321=CIRCLE('',#3949,4.);
#322=CIRCLE('',#3950,4.);
#323=CIRCLE('',#3953,2.1);
#324=CIRCLE('',#3955,4.);
#325=CIRCLE('',#3956,4.);
#326=CIRCLE('',#3959,2.1);
#327=CIRCLE('',#3961,4.);
#328=CIRCLE('',#3962,4.);
#329=CIRCLE('',#3965,2.1);
#330=CIRCLE('',#3967,3.99999999999999);
#331=CIRCLE('',#3968,3.99999999999999);
#332=CIRCLE('',#3971,124.723374405995);
#333=CIRCLE('',#3972,124.723374405995);
#334=CIRCLE('',#3974,8.5);
#335=CIRCLE('',#3975,8.5);
#336=CIRCLE('',#3978,3.5);
#337=CIRCLE('',#3979,3.5);
#338=CIRCLE('',#3982,3.5);
#339=CIRCLE('',#3983,3.5);
#340=CIRCLE('',#3986,8.5);
#341=CIRCLE('',#3987,8.5);
#342=CIRCLE('',#3989,124.723374405995);
#343=CIRCLE('',#3990,124.723374405995);
#344=CIRCLE('',#3992,8.5);
#345=CIRCLE('',#3993,8.5);
#346=CIRCLE('',#3996,3.5);
#347=CIRCLE('',#3997,3.5);
#348=CIRCLE('',#4000,3.5);
#349=CIRCLE('',#4001,3.5);
#350=CIRCLE('',#4004,8.5);
#351=CIRCLE('',#4005,8.5);
#352=CIRCLE('',#4007,7.);
#353=CIRCLE('',#4008,7.);
#354=CIRCLE('',#4009,7.);
#355=CIRCLE('',#4010,7.);
#356=CIRCLE('',#4012,1.00000000000001);
#357=CIRCLE('',#4013,4.);
#358=CIRCLE('',#4014,1.);
#359=CIRCLE('',#4015,5.);
#360=CIRCLE('',#4017,1.);
#361=CIRCLE('',#4019,1.);
#362=CIRCLE('',#4020,5.);
#363=CIRCLE('',#4021,4.);
#364=CIRCLE('',#4023,1.);
#365=CIRCLE('',#4025,1.);
#366=CIRCLE('',#4026,10.);
#367=CIRCLE('',#4027,9.);
#368=CIRCLE('',#4029,1.);
#369=CIRCLE('',#4030,123.223374405995);
#370=CIRCLE('',#4031,124.223374405995);
#371=CIRCLE('',#4033,1.);
#372=CIRCLE('',#4034,10.);
#373=CIRCLE('',#4035,9.);
#374=CIRCLE('',#4037,1.);
#375=CIRCLE('',#4039,1.);
#376=CIRCLE('',#4040,5.);
#377=CIRCLE('',#4041,4.);
#378=CIRCLE('',#4043,1.);
#379=CIRCLE('',#4045,1.);
#380=CIRCLE('',#4046,5.);
#381=CIRCLE('',#4047,4.);
#382=CIRCLE('',#4049,1.);
#383=CIRCLE('',#4051,1.);
#384=CIRCLE('',#4052,10.);
#385=CIRCLE('',#4053,9.);
#386=CIRCLE('',#4055,1.);
#387=CIRCLE('',#4056,123.223374405995);
#388=CIRCLE('',#4057,124.223374405995);
#389=CIRCLE('',#4059,1.);
#390=CIRCLE('',#4060,10.);
#391=CIRCLE('',#4061,9.);
#392=CIRCLE('',#4065,5.);
#393=CIRCLE('',#4068,10.);
#394=CIRCLE('',#4070,123.223374405995);
#395=CIRCLE('',#4072,10.);
#396=CIRCLE('',#4075,5.);
#397=CIRCLE('',#4084,10.);
#398=CIRCLE('',#4086,123.223374405995);
#399=CIRCLE('',#4088,10.);
#400=CIRCLE('',#4091,5.);
#401=CIRCLE('',#4093,5.);
#402=ELLIPSE('',#3642,14.4956890143242,10.25);
#403=ELLIPSE('',#3643,14.4956890143242,10.25);
#404=ELLIPSE('',#3649,14.4956890143242,10.25);
#405=ELLIPSE('',#3650,14.4956890143242,10.25);
#406=ELLIPSE('',#3656,14.4956890143242,10.25);
#407=ELLIPSE('',#3658,14.4956890143242,10.25);
#408=ELLIPSE('',#3669,14.4956890143242,10.25);
#409=ELLIPSE('',#3670,14.4956890143242,10.25);
#410=ELLIPSE('',#3676,14.4956890143242,10.25);
#411=ELLIPSE('',#3677,14.4956890143242,10.25);
#412=ELLIPSE('',#3683,14.4956890143242,10.25);
#413=ELLIPSE('',#3685,14.4956890143242,10.25);
#414=ELLIPSE('',#3698,14.4956890143242,10.25);
#415=ELLIPSE('',#3699,14.4956890143242,10.25);
#416=ELLIPSE('',#3705,14.4956890143242,10.25);
#417=ELLIPSE('',#3706,14.4956890143242,10.25);
#418=ELLIPSE('',#3710,14.4956890143242,10.25);
#419=ELLIPSE('',#3712,14.4956890143242,10.25);
#420=FACE_OUTER_BOUND('',#617,.T.);
#421=FACE_OUTER_BOUND('',#618,.T.);
#422=FACE_OUTER_BOUND('',#619,.T.);
#423=FACE_OUTER_BOUND('',#620,.T.);
#424=FACE_OUTER_BOUND('',#621,.T.);
#425=FACE_OUTER_BOUND('',#622,.T.);
#426=FACE_OUTER_BOUND('',#623,.T.);
#427=FACE_OUTER_BOUND('',#624,.T.);
#428=FACE_OUTER_BOUND('',#625,.T.);
#429=FACE_OUTER_BOUND('',#626,.T.);
#430=FACE_OUTER_BOUND('',#627,.T.);
#431=FACE_OUTER_BOUND('',#628,.T.);
#432=FACE_OUTER_BOUND('',#629,.T.);
#433=FACE_OUTER_BOUND('',#630,.T.);
#434=FACE_OUTER_BOUND('',#631,.T.);
#435=FACE_OUTER_BOUND('',#632,.T.);
#436=FACE_OUTER_BOUND('',#633,.T.);
#437=FACE_OUTER_BOUND('',#634,.T.);
#438=FACE_OUTER_BOUND('',#635,.T.);
#439=FACE_OUTER_BOUND('',#636,.T.);
#440=FACE_OUTER_BOUND('',#637,.T.);
#441=FACE_OUTER_BOUND('',#638,.T.);
#442=FACE_OUTER_BOUND('',#639,.T.);
#443=FACE_OUTER_BOUND('',#640,.T.);
#444=FACE_OUTER_BOUND('',#641,.T.);
#445=FACE_OUTER_BOUND('',#642,.T.);
#446=FACE_OUTER_BOUND('',#643,.T.);
#447=FACE_OUTER_BOUND('',#644,.T.);
#448=FACE_OUTER_BOUND('',#645,.T.);
#449=FACE_OUTER_BOUND('',#646,.T.);
#450=FACE_OUTER_BOUND('',#647,.T.);
#451=FACE_OUTER_BOUND('',#648,.T.);
#452=FACE_OUTER_BOUND('',#649,.T.);
#453=FACE_OUTER_BOUND('',#650,.T.);
#454=FACE_OUTER_BOUND('',#651,.T.);
#455=FACE_OUTER_BOUND('',#652,.T.);
#456=FACE_OUTER_BOUND('',#653,.T.);
#457=FACE_OUTER_BOUND('',#654,.T.);
#458=FACE_OUTER_BOUND('',#655,.T.);
#459=FACE_OUTER_BOUND('',#656,.T.);
#460=FACE_OUTER_BOUND('',#657,.T.);
#461=FACE_OUTER_BOUND('',#658,.T.);
#462=FACE_OUTER_BOUND('',#659,.T.);
#463=FACE_OUTER_BOUND('',#660,.T.);
#464=FACE_OUTER_BOUND('',#661,.T.);
#465=FACE_OUTER_BOUND('',#662,.T.);
#466=FACE_OUTER_BOUND('',#663,.T.);
#467=FACE_OUTER_BOUND('',#664,.T.);
#468=FACE_OUTER_BOUND('',#665,.T.);
#469=FACE_OUTER_BOUND('',#666,.T.);
#470=FACE_OUTER_BOUND('',#667,.T.);
#471=FACE_OUTER_BOUND('',#668,.T.);
#472=FACE_OUTER_BOUND('',#669,.T.);
#473=FACE_OUTER_BOUND('',#671,.T.);
#474=FACE_OUTER_BOUND('',#672,.T.);
#475=FACE_OUTER_BOUND('',#673,.T.);
#476=FACE_OUTER_BOUND('',#674,.T.);
#477=FACE_OUTER_BOUND('',#676,.T.);
#478=FACE_OUTER_BOUND('',#677,.T.);
#479=FACE_OUTER_BOUND('',#678,.T.);
#480=FACE_OUTER_BOUND('',#679,.T.);
#481=FACE_OUTER_BOUND('',#680,.T.);
#482=FACE_OUTER_BOUND('',#681,.T.);
#483=FACE_OUTER_BOUND('',#682,.T.);
#484=FACE_OUTER_BOUND('',#683,.T.);
#485=FACE_OUTER_BOUND('',#684,.T.);
#486=FACE_OUTER_BOUND('',#685,.T.);
#487=FACE_OUTER_BOUND('',#686,.T.);
#488=FACE_OUTER_BOUND('',#687,.T.);
#489=FACE_OUTER_BOUND('',#689,.T.);
#490=FACE_OUTER_BOUND('',#690,.T.);
#491=FACE_OUTER_BOUND('',#691,.T.);
#492=FACE_OUTER_BOUND('',#692,.T.);
#493=FACE_OUTER_BOUND('',#693,.T.);
#494=FACE_OUTER_BOUND('',#694,.T.);
#495=FACE_OUTER_BOUND('',#695,.T.);
#496=FACE_OUTER_BOUND('',#696,.T.);
#497=FACE_OUTER_BOUND('',#697,.T.);
#498=FACE_OUTER_BOUND('',#698,.T.);
#499=FACE_OUTER_BOUND('',#699,.T.);
#500=FACE_OUTER_BOUND('',#700,.T.);
#501=FACE_OUTER_BOUND('',#701,.T.);
#502=FACE_OUTER_BOUND('',#702,.T.);
#503=FACE_OUTER_BOUND('',#703,.T.);
#504=FACE_OUTER_BOUND('',#704,.T.);
#505=FACE_OUTER_BOUND('',#705,.T.);
#506=FACE_OUTER_BOUND('',#706,.T.);
#507=FACE_OUTER_BOUND('',#707,.T.);
#508=FACE_OUTER_BOUND('',#708,.T.);
#509=FACE_OUTER_BOUND('',#709,.T.);
#510=FACE_OUTER_BOUND('',#710,.T.);
#511=FACE_OUTER_BOUND('',#711,.T.);
#512=FACE_OUTER_BOUND('',#712,.T.);
#513=FACE_OUTER_BOUND('',#713,.T.);
#514=FACE_OUTER_BOUND('',#714,.T.);
#515=FACE_OUTER_BOUND('',#715,.T.);
#516=FACE_OUTER_BOUND('',#717,.T.);
#517=FACE_OUTER_BOUND('',#718,.T.);
#518=FACE_OUTER_BOUND('',#720,.T.);
#519=FACE_OUTER_BOUND('',#721,.T.);
#520=FACE_OUTER_BOUND('',#723,.T.);
#521=FACE_OUTER_BOUND('',#735,.T.);
#522=FACE_OUTER_BOUND('',#736,.T.);
#523=FACE_OUTER_BOUND('',#737,.T.);
#524=FACE_OUTER_BOUND('',#738,.T.);
#525=FACE_OUTER_BOUND('',#739,.T.);
#526=FACE_OUTER_BOUND('',#740,.T.);
#527=FACE_OUTER_BOUND('',#741,.T.);
#528=FACE_OUTER_BOUND('',#742,.T.);
#529=FACE_OUTER_BOUND('',#743,.T.);
#530=FACE_OUTER_BOUND('',#744,.T.);
#531=FACE_OUTER_BOUND('',#745,.T.);
#532=FACE_OUTER_BOUND('',#746,.T.);
#533=FACE_OUTER_BOUND('',#747,.T.);
#534=FACE_OUTER_BOUND('',#748,.T.);
#535=FACE_OUTER_BOUND('',#749,.T.);
#536=FACE_OUTER_BOUND('',#750,.T.);
#537=FACE_OUTER_BOUND('',#751,.T.);
#538=FACE_OUTER_BOUND('',#752,.T.);
#539=FACE_OUTER_BOUND('',#753,.T.);
#540=FACE_OUTER_BOUND('',#754,.T.);
#541=FACE_OUTER_BOUND('',#755,.T.);
#542=FACE_OUTER_BOUND('',#756,.T.);
#543=FACE_OUTER_BOUND('',#757,.T.);
#544=FACE_OUTER_BOUND('',#758,.T.);
#545=FACE_OUTER_BOUND('',#759,.T.);
#546=FACE_OUTER_BOUND('',#760,.T.);
#547=FACE_OUTER_BOUND('',#761,.T.);
#548=FACE_OUTER_BOUND('',#762,.T.);
#549=FACE_OUTER_BOUND('',#763,.T.);
#550=FACE_OUTER_BOUND('',#764,.T.);
#551=FACE_OUTER_BOUND('',#766,.T.);
#552=FACE_OUTER_BOUND('',#767,.T.);
#553=FACE_OUTER_BOUND('',#768,.T.);
#554=FACE_OUTER_BOUND('',#770,.T.);
#555=FACE_OUTER_BOUND('',#771,.T.);
#556=FACE_OUTER_BOUND('',#772,.T.);
#557=FACE_OUTER_BOUND('',#774,.T.);
#558=FACE_OUTER_BOUND('',#775,.T.);
#559=FACE_OUTER_BOUND('',#776,.T.);
#560=FACE_OUTER_BOUND('',#778,.T.);
#561=FACE_OUTER_BOUND('',#779,.T.);
#562=FACE_OUTER_BOUND('',#780,.T.);
#563=FACE_OUTER_BOUND('',#781,.T.);
#564=FACE_OUTER_BOUND('',#782,.T.);
#565=FACE_OUTER_BOUND('',#783,.T.);
#566=FACE_OUTER_BOUND('',#784,.T.);
#567=FACE_OUTER_BOUND('',#785,.T.);
#568=FACE_OUTER_BOUND('',#786,.T.);
#569=FACE_OUTER_BOUND('',#787,.T.);
#570=FACE_OUTER_BOUND('',#788,.T.);
#571=FACE_OUTER_BOUND('',#789,.T.);
#572=FACE_OUTER_BOUND('',#790,.T.);
#573=FACE_OUTER_BOUND('',#791,.T.);
#574=FACE_OUTER_BOUND('',#792,.T.);
#575=FACE_OUTER_BOUND('',#793,.T.);
#576=FACE_OUTER_BOUND('',#794,.T.);
#577=FACE_OUTER_BOUND('',#802,.T.);
#578=FACE_OUTER_BOUND('',#803,.T.);
#579=FACE_OUTER_BOUND('',#804,.T.);
#580=FACE_OUTER_BOUND('',#805,.T.);
#581=FACE_OUTER_BOUND('',#806,.T.);
#582=FACE_OUTER_BOUND('',#807,.T.);
#583=FACE_OUTER_BOUND('',#808,.T.);
#584=FACE_OUTER_BOUND('',#809,.T.);
#585=FACE_OUTER_BOUND('',#810,.T.);
#586=FACE_OUTER_BOUND('',#811,.T.);
#587=FACE_OUTER_BOUND('',#812,.T.);
#588=FACE_OUTER_BOUND('',#813,.T.);
#589=FACE_OUTER_BOUND('',#814,.T.);
#590=FACE_OUTER_BOUND('',#815,.T.);
#591=FACE_OUTER_BOUND('',#816,.T.);
#592=FACE_OUTER_BOUND('',#817,.T.);
#593=FACE_OUTER_BOUND('',#818,.T.);
#594=FACE_OUTER_BOUND('',#820,.T.);
#595=FACE_OUTER_BOUND('',#821,.T.);
#596=FACE_OUTER_BOUND('',#822,.T.);
#597=FACE_OUTER_BOUND('',#823,.T.);
#598=FACE_OUTER_BOUND('',#824,.T.);
#599=FACE_OUTER_BOUND('',#825,.T.);
#600=FACE_OUTER_BOUND('',#826,.T.);
#601=FACE_OUTER_BOUND('',#827,.T.);
#602=FACE_OUTER_BOUND('',#834,.T.);
#603=FACE_OUTER_BOUND('',#835,.T.);
#604=FACE_OUTER_BOUND('',#836,.T.);
#605=FACE_OUTER_BOUND('',#837,.T.);
#606=FACE_OUTER_BOUND('',#838,.T.);
#607=FACE_OUTER_BOUND('',#843,.T.);
#608=FACE_OUTER_BOUND('',#844,.T.);
#609=FACE_OUTER_BOUND('',#845,.T.);
#610=FACE_OUTER_BOUND('',#846,.T.);
#611=FACE_OUTER_BOUND('',#847,.T.);
#612=FACE_OUTER_BOUND('',#852,.T.);
#613=FACE_OUTER_BOUND('',#853,.T.);
#614=FACE_OUTER_BOUND('',#854,.T.);
#615=FACE_OUTER_BOUND('',#855,.T.);
#616=FACE_OUTER_BOUND('',#857,.T.);
#617=EDGE_LOOP('',(#2271,#2272,#2273));
#618=EDGE_LOOP('',(#2274,#2275,#2276,#2277,#2278));
#619=EDGE_LOOP('',(#2279,#2280,#2281,#2282));
#620=EDGE_LOOP('',(#2283,#2284,#2285));
#621=EDGE_LOOP('',(#2286,#2287,#2288));
#622=EDGE_LOOP('',(#2289,#2290,#2291,#2292,#2293));
#623=EDGE_LOOP('',(#2294,#2295,#2296,#2297));
#624=EDGE_LOOP('',(#2298,#2299,#2300));
#625=EDGE_LOOP('',(#2301,#2302,#2303,#2304,#2305,#2306,#2307,#2308,#2309,
#2310,#2311,#2312,#2313,#2314,#2315,#2316,#2317,#2318,#2319,#2320,#2321,
#2322));
#626=EDGE_LOOP('',(#2323,#2324,#2325));
#627=EDGE_LOOP('',(#2326,#2327,#2328,#2329,#2330));
#628=EDGE_LOOP('',(#2331,#2332,#2333,#2334));
#629=EDGE_LOOP('',(#2335,#2336,#2337));
#630=EDGE_LOOP('',(#2338,#2339,#2340));
#631=EDGE_LOOP('',(#2341,#2342,#2343,#2344,#2345));
#632=EDGE_LOOP('',(#2346,#2347,#2348,#2349));
#633=EDGE_LOOP('',(#2350,#2351,#2352));
#634=EDGE_LOOP('',(#2353,#2354,#2355));
#635=EDGE_LOOP('',(#2356,#2357,#2358,#2359,#2360));
#636=EDGE_LOOP('',(#2361,#2362,#2363,#2364));
#637=EDGE_LOOP('',(#2365,#2366,#2367));
#638=EDGE_LOOP('',(#2368,#2369,#2370,#2371,#2372,#2373,#2374,#2375,#2376,
#2377,#2378,#2379,#2380,#2381,#2382,#2383,#2384,#2385,#2386,#2387,#2388,
#2389));
#639=EDGE_LOOP('',(#2390,#2391,#2392));
#640=EDGE_LOOP('',(#2393,#2394,#2395,#2396,#2397));
#641=EDGE_LOOP('',(#2398,#2399,#2400,#2401));
#642=EDGE_LOOP('',(#2402,#2403,#2404));
#643=EDGE_LOOP('',(#2405,#2406,#2407));
#644=EDGE_LOOP('',(#2408,#2409,#2410,#2411));
#645=EDGE_LOOP('',(#2412,#2413,#2414,#2415,#2416));
#646=EDGE_LOOP('',(#2417,#2418,#2419));
#647=EDGE_LOOP('',(#2420,#2421,#2422));
#648=EDGE_LOOP('',(#2423,#2424,#2425,#2426));
#649=EDGE_LOOP('',(#2427,#2428,#2429,#2430,#2431));
#650=EDGE_LOOP('',(#2432,#2433,#2434));
#651=EDGE_LOOP('',(#2435,#2436,#2437,#2438,#2439,#2440,#2441,#2442,#2443,
#2444,#2445,#2446,#2447,#2448,#2449,#2450,#2451,#2452,#2453,#2454,#2455,
#2456));
#652=EDGE_LOOP('',(#2457,#2458,#2459));
#653=EDGE_LOOP('',(#2460,#2461,#2462,#2463));
#654=EDGE_LOOP('',(#2464,#2465,#2466,#2467,#2468));
#655=EDGE_LOOP('',(#2469,#2470,#2471));
#656=EDGE_LOOP('',(#2472,#2473,#2474,#2475,#2476,#2477));
#657=EDGE_LOOP('',(#2478,#2479,#2480,#2481,#2482,#2483));
#658=EDGE_LOOP('',(#2484,#2485,#2486,#2487,#2488,#2489));
#659=EDGE_LOOP('',(#2490,#2491,#2492,#2493,#2494,#2495));
#660=EDGE_LOOP('',(#2496,#2497,#2498,#2499,#2500,#2501));
#661=EDGE_LOOP('',(#2502,#2503,#2504,#2505,#2506,#2507));
#662=EDGE_LOOP('',(#2508,#2509,#2510,#2511));
#663=EDGE_LOOP('',(#2512,#2513,#2514,#2515));
#664=EDGE_LOOP('',(#2516,#2517,#2518,#2519));
#665=EDGE_LOOP('',(#2520,#2521,#2522,#2523));
#666=EDGE_LOOP('',(#2524,#2525,#2526,#2527));
#667=EDGE_LOOP('',(#2528,#2529,#2530,#2531));
#668=EDGE_LOOP('',(#2532,#2533,#2534,#2535));
#669=EDGE_LOOP('',(#2536,#2537,#2538,#2539));
#670=EDGE_LOOP('',(#2540,#2541,#2542,#2543));
#671=EDGE_LOOP('',(#2544,#2545,#2546,#2547));
#672=EDGE_LOOP('',(#2548,#2549,#2550,#2551,#2552));
#673=EDGE_LOOP('',(#2553,#2554,#2555,#2556,#2557));
#674=EDGE_LOOP('',(#2558));
#675=EDGE_LOOP('',(#2559));
#676=EDGE_LOOP('',(#2560,#2561,#2562,#2563,#2564,#2565));
#677=EDGE_LOOP('',(#2566,#2567,#2568,#2569,#2570,#2571));
#678=EDGE_LOOP('',(#2572,#2573,#2574,#2575,#2576,#2577));
#679=EDGE_LOOP('',(#2578,#2579));
#680=EDGE_LOOP('',(#2580,#2581,#2582,#2583,#2584,#2585));
#681=EDGE_LOOP('',(#2586,#2587));
#682=EDGE_LOOP('',(#2588,#2589,#2590,#2591,#2592,#2593));
#683=EDGE_LOOP('',(#2594,#2595));
#684=EDGE_LOOP('',(#2596,#2597,#2598,#2599,#2600,#2601));
#685=EDGE_LOOP('',(#2602,#2603));
#686=EDGE_LOOP('',(#2604,#2605,#2606,#2607));
#687=EDGE_LOOP('',(#2608));
#688=EDGE_LOOP('',(#2609));
#689=EDGE_LOOP('',(#2610,#2611,#2612,#2613));
#690=EDGE_LOOP('',(#2614,#2615,#2616,#2617));
#691=EDGE_LOOP('',(#2618,#2619,#2620,#2621));
#692=EDGE_LOOP('',(#2622,#2623,#2624,#2625));
#693=EDGE_LOOP('',(#2626,#2627,#2628,#2629));
#694=EDGE_LOOP('',(#2630,#2631,#2632,#2633));
#695=EDGE_LOOP('',(#2634,#2635,#2636,#2637));
#696=EDGE_LOOP('',(#2638,#2639,#2640,#2641));
#697=EDGE_LOOP('',(#2642,#2643,#2644,#2645));
#698=EDGE_LOOP('',(#2646,#2647,#2648,#2649));
#699=EDGE_LOOP('',(#2650,#2651,#2652,#2653));
#700=EDGE_LOOP('',(#2654,#2655,#2656,#2657,#2658,#2659,#2660));
#701=EDGE_LOOP('',(#2661,#2662,#2663,#2664));
#702=EDGE_LOOP('',(#2665,#2666,#2667,#2668));
#703=EDGE_LOOP('',(#2669,#2670,#2671,#2672,#2673,#2674));
#704=EDGE_LOOP('',(#2675,#2676,#2677,#2678,#2679,#2680));
#705=EDGE_LOOP('',(#2681,#2682,#2683,#2684,#2685,#2686));
#706=EDGE_LOOP('',(#2687,#2688,#2689,#2690,#2691,#2692));
#707=EDGE_LOOP('',(#2693,#2694,#2695,#2696,#2697,#2698,#2699,#2700));
#708=EDGE_LOOP('',(#2701,#2702,#2703,#2704));
#709=EDGE_LOOP('',(#2705,#2706,#2707,#2708,#2709,#2710,#2711,#2712));
#710=EDGE_LOOP('',(#2713,#2714,#2715,#2716,#2717));
#711=EDGE_LOOP('',(#2718));
#712=EDGE_LOOP('',(#2719));
#713=EDGE_LOOP('',(#2720));
#714=EDGE_LOOP('',(#2721,#2722,#2723,#2724,#2725,#2726));
#715=EDGE_LOOP('',(#2727,#2728));
#716=EDGE_LOOP('',(#2729,#2730,#2731,#2732));
#717=EDGE_LOOP('',(#2733,#2734,#2735,#2736,#2737,#2738));
#718=EDGE_LOOP('',(#2739,#2740));
#719=EDGE_LOOP('',(#2741,#2742,#2743,#2744));
#720=EDGE_LOOP('',(#2745,#2746,#2747,#2748,#2749,#2750));
#721=EDGE_LOOP('',(#2751,#2752));
#722=EDGE_LOOP('',(#2753,#2754,#2755,#2756));
#723=EDGE_LOOP('',(#2757,#2758,#2759,#2760,#2761,#2762,#2763,#2764,#2765,
#2766,#2767,#2768,#2769,#2770,#2771,#2772,#2773,#2774,#2775,#2776,#2777,
#2778,#2779,#2780,#2781,#2782,#2783,#2784,#2785,#2786,#2787,#2788,#2789,
#2790,#2791,#2792));
#724=EDGE_LOOP('',(#2793,#2794));
#725=EDGE_LOOP('',(#2795,#2796));
#726=EDGE_LOOP('',(#2797,#2798));
#727=EDGE_LOOP('',(#2799,#2800));
#728=EDGE_LOOP('',(#2801,#2802));
#729=EDGE_LOOP('',(#2803,#2804));
#730=EDGE_LOOP('',(#2805,#2806));
#731=EDGE_LOOP('',(#2807,#2808));
#732=EDGE_LOOP('',(#2809,#2810));
#733=EDGE_LOOP('',(#2811,#2812));
#734=EDGE_LOOP('',(#2813,#2814));
#735=EDGE_LOOP('',(#2815,#2816,#2817,#2818,#2819));
#736=EDGE_LOOP('',(#2820,#2821,#2822,#2823,#2824));
#737=EDGE_LOOP('',(#2825,#2826,#2827,#2828,#2829));
#738=EDGE_LOOP('',(#2830,#2831,#2832,#2833,#2834));
#739=EDGE_LOOP('',(#2835,#2836,#2837,#2838,#2839));
#740=EDGE_LOOP('',(#2840,#2841,#2842,#2843,#2844));
#741=EDGE_LOOP('',(#2845,#2846,#2847,#2848,#2849));
#742=EDGE_LOOP('',(#2850,#2851,#2852,#2853,#2854));
#743=EDGE_LOOP('',(#2855,#2856,#2857,#2858));
#744=EDGE_LOOP('',(#2859,#2860,#2861,#2862));
#745=EDGE_LOOP('',(#2863,#2864,#2865,#2866));
#746=EDGE_LOOP('',(#2867,#2868,#2869,#2870));
#747=EDGE_LOOP('',(#2871,#2872,#2873,#2874));
#748=EDGE_LOOP('',(#2875,#2876,#2877,#2878));
#749=EDGE_LOOP('',(#2879,#2880,#2881,#2882));
#750=EDGE_LOOP('',(#2883,#2884,#2885,#2886));
#751=EDGE_LOOP('',(#2887,#2888,#2889,#2890));
#752=EDGE_LOOP('',(#2891,#2892,#2893,#2894));
#753=EDGE_LOOP('',(#2895,#2896,#2897,#2898));
#754=EDGE_LOOP('',(#2899,#2900,#2901,#2902));
#755=EDGE_LOOP('',(#2903,#2904,#2905,#2906));
#756=EDGE_LOOP('',(#2907,#2908,#2909,#2910));
#757=EDGE_LOOP('',(#2911,#2912,#2913,#2914));
#758=EDGE_LOOP('',(#2915));
#759=EDGE_LOOP('',(#2916));
#760=EDGE_LOOP('',(#2917));
#761=EDGE_LOOP('',(#2918));
#762=EDGE_LOOP('',(#2919,#2920,#2921,#2922));
#763=EDGE_LOOP('',(#2923,#2924,#2925,#2926,#2927,#2928));
#764=EDGE_LOOP('',(#2929,#2930));
#765=EDGE_LOOP('',(#2931));
#766=EDGE_LOOP('',(#2932,#2933,#2934,#2935));
#767=EDGE_LOOP('',(#2936,#2937,#2938,#2939,#2940,#2941));
#768=EDGE_LOOP('',(#2942,#2943));
#769=EDGE_LOOP('',(#2944));
#770=EDGE_LOOP('',(#2945,#2946,#2947,#2948));
#771=EDGE_LOOP('',(#2949,#2950,#2951,#2952,#2953,#2954));
#772=EDGE_LOOP('',(#2955,#2956));
#773=EDGE_LOOP('',(#2957));
#774=EDGE_LOOP('',(#2958,#2959,#2960,#2961));
#775=EDGE_LOOP('',(#2962,#2963,#2964,#2965,#2966,#2967));
#776=EDGE_LOOP('',(#2968,#2969));
#777=EDGE_LOOP('',(#2970));
#778=EDGE_LOOP('',(#2971,#2972,#2973,#2974));
#779=EDGE_LOOP('',(#2975,#2976,#2977,#2978));
#780=EDGE_LOOP('',(#2979,#2980,#2981,#2982));
#781=EDGE_LOOP('',(#2983,#2984,#2985,#2986));
#782=EDGE_LOOP('',(#2987,#2988,#2989,#2990));
#783=EDGE_LOOP('',(#2991,#2992,#2993,#2994));
#784=EDGE_LOOP('',(#2995,#2996,#2997,#2998));
#785=EDGE_LOOP('',(#2999,#3000,#3001,#3002));
#786=EDGE_LOOP('',(#3003,#3004,#3005,#3006));
#787=EDGE_LOOP('',(#3007,#3008,#3009,#3010));
#788=EDGE_LOOP('',(#3011,#3012,#3013,#3014));
#789=EDGE_LOOP('',(#3015,#3016,#3017,#3018));
#790=EDGE_LOOP('',(#3019,#3020,#3021,#3022));
#791=EDGE_LOOP('',(#3023,#3024,#3025,#3026));
#792=EDGE_LOOP('',(#3027,#3028,#3029,#3030));
#793=EDGE_LOOP('',(#3031,#3032,#3033,#3034));
#794=EDGE_LOOP('',(#3035,#3036,#3037,#3038,#3039,#3040,#3041,#3042,#3043,
#3044,#3045,#3046,#3047,#3048,#3049,#3050));
#795=EDGE_LOOP('',(#3051,#3052));
#796=EDGE_LOOP('',(#3053,#3054));
#797=EDGE_LOOP('',(#3055));
#798=EDGE_LOOP('',(#3056));
#799=EDGE_LOOP('',(#3057));
#800=EDGE_LOOP('',(#3058));
#801=EDGE_LOOP('',(#3059,#3060,#3061,#3062,#3063,#3064,#3065,#3066,#3067,
#3068,#3069,#3070,#3071,#3072,#3073,#3074,#3075,#3076,#3077,#3078,#3079,
#3080,#3081,#3082,#3083,#3084,#3085,#3086,#3087,#3088,#3089,#3090,#3091,
#3092,#3093,#3094));
#802=EDGE_LOOP('',(#3095,#3096,#3097,#3098));
#803=EDGE_LOOP('',(#3099,#3100,#3101,#3102));
#804=EDGE_LOOP('',(#3103,#3104,#3105,#3106));
#805=EDGE_LOOP('',(#3107,#3108,#3109,#3110));
#806=EDGE_LOOP('',(#3111,#3112,#3113,#3114));
#807=EDGE_LOOP('',(#3115,#3116,#3117,#3118));
#808=EDGE_LOOP('',(#3119,#3120,#3121,#3122));
#809=EDGE_LOOP('',(#3123,#3124,#3125,#3126));
#810=EDGE_LOOP('',(#3127,#3128,#3129,#3130));
#811=EDGE_LOOP('',(#3131,#3132,#3133,#3134));
#812=EDGE_LOOP('',(#3135,#3136,#3137,#3138));
#813=EDGE_LOOP('',(#3139,#3140,#3141,#3142));
#814=EDGE_LOOP('',(#3143,#3144,#3145,#3146));
#815=EDGE_LOOP('',(#3147,#3148,#3149,#3150));
#816=EDGE_LOOP('',(#3151,#3152,#3153,#3154));
#817=EDGE_LOOP('',(#3155,#3156,#3157,#3158));
#818=EDGE_LOOP('',(#3159,#3160,#3161,#3162));
#819=EDGE_LOOP('',(#3163,#3164));
#820=EDGE_LOOP('',(#3165,#3166,#3167,#3168));
#821=EDGE_LOOP('',(#3169,#3170,#3171,#3172));
#822=EDGE_LOOP('',(#3173,#3174,#3175,#3176));
#823=EDGE_LOOP('',(#3177,#3178,#3179,#3180));
#824=EDGE_LOOP('',(#3181,#3182,#3183,#3184));
#825=EDGE_LOOP('',(#3185,#3186,#3187,#3188));
#826=EDGE_LOOP('',(#3189,#3190,#3191,#3192));
#827=EDGE_LOOP('',(#3193,#3194,#3195,#3196,#3197,#3198,#3199,#3200,#3201,
#3202,#3203,#3204,#3205,#3206,#3207,#3208));
#828=EDGE_LOOP('',(#3209,#3210));
#829=EDGE_LOOP('',(#3211,#3212));
#830=EDGE_LOOP('',(#3213));
#831=EDGE_LOOP('',(#3214));
#832=EDGE_LOOP('',(#3215));
#833=EDGE_LOOP('',(#3216));
#834=EDGE_LOOP('',(#3217,#3218,#3219,#3220));
#835=EDGE_LOOP('',(#3221,#3222,#3223,#3224));
#836=EDGE_LOOP('',(#3225,#3226,#3227,#3228));
#837=EDGE_LOOP('',(#3229,#3230,#3231,#3232));
#838=EDGE_LOOP('',(#3233,#3234,#3235,#3236));
#839=EDGE_LOOP('',(#3237,#3238));
#840=EDGE_LOOP('',(#3239,#3240));
#841=EDGE_LOOP('',(#3241,#3242));
#842=EDGE_LOOP('',(#3243,#3244));
#843=EDGE_LOOP('',(#3245,#3246,#3247,#3248));
#844=EDGE_LOOP('',(#3249,#3250,#3251,#3252));
#845=EDGE_LOOP('',(#3253,#3254,#3255,#3256));
#846=EDGE_LOOP('',(#3257,#3258,#3259,#3260));
#847=EDGE_LOOP('',(#3261,#3262,#3263,#3264));
#848=EDGE_LOOP('',(#3265,#3266));
#849=EDGE_LOOP('',(#3267,#3268));
#850=EDGE_LOOP('',(#3269,#3270));
#851=EDGE_LOOP('',(#3271,#3272));
#852=EDGE_LOOP('',(#3273,#3274,#3275,#3276));
#853=EDGE_LOOP('',(#3277,#3278,#3279,#3280));
#854=EDGE_LOOP('',(#3281,#3282,#3283,#3284));
#855=EDGE_LOOP('',(#3285,#3286,#3287,#3288));
#856=EDGE_LOOP('',(#3289,#3290,#3291,#3292));
#857=EDGE_LOOP('',(#3293,#3294,#3295,#3296,#3297,#3298,#3299,#3300,#3301,
#3302,#3303,#3304,#3305,#3306,#3307,#3308));
#858=EDGE_LOOP('',(#3309,#3310,#3311,#3312,#3313,#3314,#3315,#3316,#3317,
#3318,#3319,#3320,#3321,#3322,#3323,#3324));
#859=LINE('',#5283,#1125);
#860=LINE('',#5285,#1126);
#861=LINE('',#5286,#1127);
#862=LINE('',#5293,#1128);
#863=LINE('',#5294,#1129);
#864=LINE('',#5298,#1130);
#865=LINE('',#5300,#1131);
#866=LINE('',#5304,#1132);
#867=LINE('',#5306,#1133);
#868=LINE('',#5307,#1134);
#869=LINE('',#5314,#1135);
#870=LINE('',#5315,#1136);
#871=LINE('',#5319,#1137);
#872=LINE('',#5321,#1138);
#873=LINE('',#5328,#1139);
#874=LINE('',#5332,#1140);
#875=LINE('',#5338,#1141);
#876=LINE('',#5343,#1142);
#877=LINE('',#5344,#1143);
#878=LINE('',#5347,#1144);
#879=LINE('',#5348,#1145);
#880=LINE('',#5350,#1146);
#881=LINE('',#5355,#1147);
#882=LINE('',#5357,#1148);
#883=LINE('',#5358,#1149);
#884=LINE('',#5365,#1150);
#885=LINE('',#5366,#1151);
#886=LINE('',#5370,#1152);
#887=LINE('',#5372,#1153);
#888=LINE('',#5376,#1154);
#889=LINE('',#5378,#1155);
#890=LINE('',#5379,#1156);
#891=LINE('',#5386,#1157);
#892=LINE('',#5387,#1158);
#893=LINE('',#5391,#1159);
#894=LINE('',#5393,#1160);
#895=LINE('',#5400,#1161);
#896=LINE('',#5404,#1162);
#897=LINE('',#5410,#1163);
#898=LINE('',#5415,#1164);
#899=LINE('',#5416,#1165);
#900=LINE('',#5419,#1166);
#901=LINE('',#5420,#1167);
#902=LINE('',#5422,#1168);
#903=LINE('',#5427,#1169);
#904=LINE('',#5429,#1170);
#905=LINE('',#5430,#1171);
#906=LINE('',#5435,#1172);
#907=LINE('',#5436,#1173);
#908=LINE('',#5441,#1174);
#909=LINE('',#5444,#1175);
#910=LINE('',#5448,#1176);
#911=LINE('',#5450,#1177);
#912=LINE('',#5451,#1178);
#913=LINE('',#5456,#1179);
#914=LINE('',#5457,#1180);
#915=LINE('',#5462,#1181);
#916=LINE('',#5465,#1182);
#917=LINE('',#5472,#1183);
#918=LINE('',#5476,#1184);
#919=LINE('',#5482,#1185);
#920=LINE('',#5487,#1186);
#921=LINE('',#5488,#1187);
#922=LINE('',#5491,#1188);
#923=LINE('',#5492,#1189);
#924=LINE('',#5494,#1190);
#925=LINE('',#5502,#1191);
#926=LINE('',#5511,#1192);
#927=LINE('',#5518,#1193);
#928=LINE('',#5527,#1194);
#929=LINE('',#5533,#1195);
#930=LINE('',#5539,#1196);
#931=LINE('',#5545,#1197);
#932=LINE('',#5548,#1198);
#933=LINE('',#5554,#1199);
#934=LINE('',#5557,#1200);
#935=LINE('',#5562,#1201);
#936=LINE('',#5567,#1202);
#937=LINE('',#5569,#1203);
#938=LINE('',#5571,#1204);
#939=LINE('',#5572,#1205);
#940=LINE('',#5575,#1206);
#941=LINE('',#5577,#1207);
#942=LINE('',#5578,#1208);
#943=LINE('',#5582,#1209);
#944=LINE('',#5584,#1210);
#945=LINE('',#5586,#1211);
#946=LINE('',#5587,#1212);
#947=LINE('',#5591,#1213);
#948=LINE('',#5592,#1214);
#949=LINE('',#5593,#1215);
#950=LINE('',#5597,#1216);
#951=LINE('',#5599,#1217);
#952=LINE('',#5601,#1218);
#953=LINE('',#5602,#1219);
#954=LINE('',#5603,#1220);
#955=LINE('',#5604,#1221);
#956=LINE('',#5607,#1222);
#957=LINE('',#5609,#1223);
#958=LINE('',#5610,#1224);
#959=LINE('',#5615,#1225);
#960=LINE('',#5621,#1226);
#961=LINE('',#5645,#1227);
#962=LINE('',#5647,#1228);
#963=LINE('',#5649,#1229);
#964=LINE('',#5651,#1230);
#965=LINE('',#5652,#1231);
#966=LINE('',#5659,#1232);
#967=LINE('',#5670,#1233);
#968=LINE('',#5681,#1234);
#969=LINE('',#5692,#1235);
#970=LINE('',#5700,#1236);
#971=LINE('',#5709,#1237);
#972=LINE('',#5712,#1238);
#973=LINE('',#5718,#1239);
#974=LINE('',#5721,#1240);
#975=LINE('',#5727,#1241);
#976=LINE('',#5730,#1242);
#977=LINE('',#5736,#1243);
#978=LINE('',#5739,#1244);
#979=LINE('',#5744,#1245);
#980=LINE('',#5748,#1246);
#981=LINE('',#5750,#1247);
#982=LINE('',#5751,#1248);
#983=LINE('',#5754,#1249);
#984=LINE('',#5756,#1250);
#985=LINE('',#5757,#1251);
#986=LINE('',#5762,#1252);
#987=LINE('',#5768,#1253);
#988=LINE('',#5772,#1254);
#989=LINE('',#5774,#1255);
#990=LINE('',#5775,#1256);
#991=LINE('',#5777,#1257);
#992=LINE('',#5778,#1258);
#993=LINE('',#5780,#1259);
#994=LINE('',#5781,#1260);
#995=LINE('',#5784,#1261);
#996=LINE('',#5786,#1262);
#997=LINE('',#5787,#1263);
#998=LINE('',#5790,#1264);
#999=LINE('',#5792,#1265);
#1000=LINE('',#5793,#1266);
#1001=LINE('',#5800,#1267);
#1002=LINE('',#5810,#1268);
#1003=LINE('',#5820,#1269);
#1004=LINE('',#5830,#1270);
#1005=LINE('',#5836,#1271);
#1006=LINE('',#5837,#1272);
#1007=LINE('',#5840,#1273);
#1008=LINE('',#5841,#1274);
#1009=LINE('',#5843,#1275);
#1010=LINE('',#5849,#1276);
#1011=LINE('',#5859,#1277);
#1012=LINE('',#5870,#1278);
#1013=LINE('',#5881,#1279);
#1014=LINE('',#5889,#1280);
#1015=LINE('',#5892,#1281);
#1016=LINE('',#5896,#1282);
#1017=LINE('',#5898,#1283);
#1018=LINE('',#5902,#1284);
#1019=LINE('',#5906,#1285);
#1020=LINE('',#5908,#1286);
#1021=LINE('',#5910,#1287);
#1022=LINE('',#5913,#1288);
#1023=LINE('',#5937,#1289);
#1024=LINE('',#5941,#1290);
#1025=LINE('',#5949,#1291);
#1026=LINE('',#5953,#1292);
#1027=LINE('',#5961,#1293);
#1028=LINE('',#5965,#1294);
#1029=LINE('',#5973,#1295);
#1030=LINE('',#5977,#1296);
#1031=LINE('',#5981,#1297);
#1032=LINE('',#5985,#1298);
#1033=LINE('',#5989,#1299);
#1034=LINE('',#5993,#1300);
#1035=LINE('',#5998,#1301);
#1036=LINE('',#5999,#1302);
#1037=LINE('',#6000,#1303);
#1038=LINE('',#6004,#1304);
#1039=LINE('',#6006,#1305);
#1040=LINE('',#6009,#1306);
#1041=LINE('',#6010,#1307);
#1042=LINE('',#6014,#1308);
#1043=LINE('',#6016,#1309);
#1044=LINE('',#6020,#1310);
#1045=LINE('',#6021,#1311);
#1046=LINE('',#6022,#1312);
#1047=LINE('',#6025,#1313);
#1048=LINE('',#6026,#1314);
#1049=LINE('',#6032,#1315);
#1050=LINE('',#6033,#1316);
#1051=LINE('',#6034,#1317);
#1052=LINE('',#6052,#1318);
#1053=LINE('',#6058,#1319);
#1054=LINE('',#6063,#1320);
#1055=LINE('',#6069,#1321);
#1056=LINE('',#6074,#1322);
#1057=LINE('',#6080,#1323);
#1058=LINE('',#6085,#1324);
#1059=LINE('',#6091,#1325);
#1060=LINE('',#6098,#1326);
#1061=LINE('',#6101,#1327);
#1062=LINE('',#6107,#1328);
#1063=LINE('',#6110,#1329);
#1064=LINE('',#6112,#1330);
#1065=LINE('',#6113,#1331);
#1066=LINE('',#6119,#1332);
#1067=LINE('',#6122,#1333);
#1068=LINE('',#6124,#1334);
#1069=LINE('',#6125,#1335);
#1070=LINE('',#6131,#1336);
#1071=LINE('',#6134,#1337);
#1072=LINE('',#6136,#1338);
#1073=LINE('',#6137,#1339);
#1074=LINE('',#6143,#1340);
#1075=LINE('',#6149,#1341);
#1076=LINE('',#6155,#1342);
#1077=LINE('',#6158,#1343);
#1078=LINE('',#6160,#1344);
#1079=LINE('',#6161,#1345);
#1080=LINE('',#6167,#1346);
#1081=LINE('',#6170,#1347);
#1082=LINE('',#6172,#1348);
#1083=LINE('',#6173,#1349);
#1084=LINE('',#6179,#1350);
#1085=LINE('',#6182,#1351);
#1086=LINE('',#6184,#1352);
#1087=LINE('',#6185,#1353);
#1088=LINE('',#6192,#1354);
#1089=LINE('',#6195,#1355);
#1090=LINE('',#6210,#1356);
#1091=LINE('',#6211,#1357);
#1092=LINE('',#6222,#1358);
#1093=LINE('',#6223,#1359);
#1094=LINE('',#6246,#1360);
#1095=LINE('',#6247,#1361);
#1096=LINE('',#6258,#1362);
#1097=LINE('',#6259,#1363);
#1098=LINE('',#6270,#1364);
#1099=LINE('',#6271,#1365);
#1100=LINE('',#6291,#1366);
#1101=LINE('',#6292,#1367);
#1102=LINE('',#6295,#1368);
#1103=LINE('',#6297,#1369);
#1104=LINE('',#6298,#1370);
#1105=LINE('',#6301,#1371);
#1106=LINE('',#6305,#1372);
#1107=LINE('',#6306,#1373);
#1108=LINE('',#6309,#1374);
#1109=LINE('',#6313,#1375);
#1110=LINE('',#6317,#1376);
#1111=LINE('',#6321,#1377);
#1112=LINE('',#6322,#1378);
#1113=LINE('',#6325,#1379);
#1114=LINE('',#6330,#1380);
#1115=LINE('',#6337,#1381);
#1116=LINE('',#6340,#1382);
#1117=LINE('',#6344,#1383);
#1118=LINE('',#6348,#1384);
#1119=LINE('',#6351,#1385);
#1120=LINE('',#6352,#1386);
#1121=LINE('',#6356,#1387);
#1122=LINE('',#6359,#1388);
#1123=LINE('',#6362,#1389);
#1124=LINE('',#6364,#1390);
#1125=VECTOR('',#4101,10.);
#1126=VECTOR('',#4102,10.);
#1127=VECTOR('',#4103,10.);
#1128=VECTOR('',#4110,10.);
#1129=VECTOR('',#4111,10.);
#1130=VECTOR('',#4116,10.);
#1131=VECTOR('',#4119,10.);
#1132=VECTOR('',#4122,10.);
#1133=VECTOR('',#4123,10.);
#1134=VECTOR('',#4124,10.);
#1135=VECTOR('',#4131,10.);
#1136=VECTOR('',#4132,10.);
#1137=VECTOR('',#4137,10.);
#1138=VECTOR('',#4140,10.);
#1139=VECTOR('',#4147,10.);
#1140=VECTOR('',#4150,10.);
#1141=VECTOR('',#4157,10.25);
#1142=VECTOR('',#4164,10.);
#1143=VECTOR('',#4165,10.);
#1144=VECTOR('',#4168,10.);
#1145=VECTOR('',#4169,10.);
#1146=VECTOR('',#4172,10.);
#1147=VECTOR('',#4177,10.);
#1148=VECTOR('',#4178,10.);
#1149=VECTOR('',#4179,10.);
#1150=VECTOR('',#4186,10.);
#1151=VECTOR('',#4187,10.);
#1152=VECTOR('',#4192,10.);
#1153=VECTOR('',#4195,10.);
#1154=VECTOR('',#4198,10.);
#1155=VECTOR('',#4199,10.);
#1156=VECTOR('',#4200,10.);
#1157=VECTOR('',#4207,10.);
#1158=VECTOR('',#4208,10.);
#1159=VECTOR('',#4213,10.);
#1160=VECTOR('',#4216,10.);
#1161=VECTOR('',#4223,10.);
#1162=VECTOR('',#4226,10.);
#1163=VECTOR('',#4233,10.25);
#1164=VECTOR('',#4240,10.);
#1165=VECTOR('',#4241,10.);
#1166=VECTOR('',#4244,10.);
#1167=VECTOR('',#4245,10.);
#1168=VECTOR('',#4248,10.);
#1169=VECTOR('',#4253,10.);
#1170=VECTOR('',#4254,10.);
#1171=VECTOR('',#4255,10.);
#1172=VECTOR('',#4260,10.);
#1173=VECTOR('',#4261,10.);
#1174=VECTOR('',#4266,10.);
#1175=VECTOR('',#4271,10.);
#1176=VECTOR('',#4274,10.);
#1177=VECTOR('',#4275,10.);
#1178=VECTOR('',#4276,10.);
#1179=VECTOR('',#4281,10.);
#1180=VECTOR('',#4282,10.);
#1181=VECTOR('',#4287,10.);
#1182=VECTOR('',#4292,10.);
#1183=VECTOR('',#4299,10.);
#1184=VECTOR('',#4302,10.);
#1185=VECTOR('',#4309,10.25);
#1186=VECTOR('',#4316,10.);
#1187=VECTOR('',#4317,10.);
#1188=VECTOR('',#4320,10.);
#1189=VECTOR('',#4321,10.);
#1190=VECTOR('',#4324,10.);
#1191=VECTOR('',#4333,2.625);
#1192=VECTOR('',#4344,2.);
#1193=VECTOR('',#4351,2.625);
#1194=VECTOR('',#4362,2.);
#1195=VECTOR('',#4369,3.25);
#1196=VECTOR('',#4376,3.25);
#1197=VECTOR('',#4381,10.);
#1198=VECTOR('',#4384,10.);
#1199=VECTOR('',#4389,10.);
#1200=VECTOR('',#4392,10.);
#1201=VECTOR('',#4397,10.);
#1202=VECTOR('',#4402,10.);
#1203=VECTOR('',#4403,10.);
#1204=VECTOR('',#4404,10.);
#1205=VECTOR('',#4405,10.);
#1206=VECTOR('',#4408,10.);
#1207=VECTOR('',#4409,10.);
#1208=VECTOR('',#4410,10.);
#1209=VECTOR('',#4413,10.);
#1210=VECTOR('',#4414,10.);
#1211=VECTOR('',#4415,10.);
#1212=VECTOR('',#4416,10.);
#1213=VECTOR('',#4419,10.);
#1214=VECTOR('',#4420,10.);
#1215=VECTOR('',#4421,10.);
#1216=VECTOR('',#4424,10.);
#1217=VECTOR('',#4425,10.);
#1218=VECTOR('',#4426,10.);
#1219=VECTOR('',#4427,10.);
#1220=VECTOR('',#4428,10.);
#1221=VECTOR('',#4429,10.);
#1222=VECTOR('',#4432,10.);
#1223=VECTOR('',#4433,10.);
#1224=VECTOR('',#4434,10.);
#1225=VECTOR('',#4439,8.99999999999997);
#1226=VECTOR('',#4446,9.24999999999999);
#1227=VECTOR('',#4463,10.);
#1228=VECTOR('',#4464,10.);
#1229=VECTOR('',#4465,10.);
#1230=VECTOR('',#4466,10.);
#1231=VECTOR('',#4467,10.);
#1232=VECTOR('',#4474,4.);
#1233=VECTOR('',#4487,4.);
#1234=VECTOR('',#4500,4.);
#1235=VECTOR('',#4513,4.);
#1236=VECTOR('',#4524,3.5);
#1237=VECTOR('',#4533,10.);
#1238=VECTOR('',#4536,10.);
#1239=VECTOR('',#4541,10.);
#1240=VECTOR('',#4544,10.);
#1241=VECTOR('',#4549,10.);
#1242=VECTOR('',#4552,10.);
#1243=VECTOR('',#4557,10.);
#1244=VECTOR('',#4560,10.);
#1245=VECTOR('',#4565,10.);
#1246=VECTOR('',#4570,10.);
#1247=VECTOR('',#4571,10.);
#1248=VECTOR('',#4572,10.);
#1249=VECTOR('',#4575,10.);
#1250=VECTOR('',#4576,10.);
#1251=VECTOR('',#4577,10.);
#1252=VECTOR('',#4582,10.);
#1253=VECTOR('',#4589,10.);
#1254=VECTOR('',#4594,10.);
#1255=VECTOR('',#4595,10.);
#1256=VECTOR('',#4596,10.);
#1257=VECTOR('',#4599,10.);
#1258=VECTOR('',#4600,10.);
#1259=VECTOR('',#4603,10.);
#1260=VECTOR('',#4604,10.);
#1261=VECTOR('',#4607,10.);
#1262=VECTOR('',#4608,10.);
#1263=VECTOR('',#4609,10.);
#1264=VECTOR('',#4612,10.);
#1265=VECTOR('',#4613,10.);
#1266=VECTOR('',#4614,10.);
#1267=VECTOR('',#4621,6.);
#1268=VECTOR('',#4632,6.);
#1269=VECTOR('',#4643,6.);
#1270=VECTOR('',#4654,6.);
#1271=VECTOR('',#4661,10.);
#1272=VECTOR('',#4662,10.);
#1273=VECTOR('',#4665,10.);
#1274=VECTOR('',#4666,10.);
#1275=VECTOR('',#4669,10.);
#1276=VECTOR('',#4676,7.25);
#1277=VECTOR('',#4689,13.25);
#1278=VECTOR('',#4702,13.25);
#1279=VECTOR('',#4715,13.25);
#1280=VECTOR('',#4726,10.);
#1281=VECTOR('',#4729,10.);
#1282=VECTOR('',#4732,10.);
#1283=VECTOR('',#4733,10.);
#1284=VECTOR('',#4738,10.);
#1285=VECTOR('',#4741,10.);
#1286=VECTOR('',#4742,10.);
#1287=VECTOR('',#4743,10.);
#1288=VECTOR('',#4746,10.);
#1289=VECTOR('',#4771,2.625);
#1290=VECTOR('',#4776,3.25);
#1291=VECTOR('',#4785,2.625);
#1292=VECTOR('',#4790,3.25);
#1293=VECTOR('',#4799,2.625);
#1294=VECTOR('',#4804,3.25);
#1295=VECTOR('',#4813,2.625);
#1296=VECTOR('',#4818,3.25);
#1297=VECTOR('',#4823,2.);
#1298=VECTOR('',#4828,2.00000000000001);
#1299=VECTOR('',#4833,2.);
#1300=VECTOR('',#4838,2.00000000000001);
#1301=VECTOR('',#4843,10.);
#1302=VECTOR('',#4844,10.);
#1303=VECTOR('',#4845,10.);
#1304=VECTOR('',#4850,10.);
#1305=VECTOR('',#4853,10.);
#1306=VECTOR('',#4856,10.);
#1307=VECTOR('',#4857,10.);
#1308=VECTOR('',#4862,10.);
#1309=VECTOR('',#4865,10.);
#1310=VECTOR('',#4868,10.);
#1311=VECTOR('',#4869,10.);
#1312=VECTOR('',#4870,10.);
#1313=VECTOR('',#4873,10.);
#1314=VECTOR('',#4874,10.);
#1315=VECTOR('',#4881,10.);
#1316=VECTOR('',#4882,10.);
#1317=VECTOR('',#4883,10.);
#1318=VECTOR('',#4908,2.1);
#1319=VECTOR('',#4915,4.);
#1320=VECTOR('',#4922,2.1);
#1321=VECTOR('',#4929,4.);
#1322=VECTOR('',#4936,2.1);
#1323=VECTOR('',#4943,4.);
#1324=VECTOR('',#4950,2.1);
#1325=VECTOR('',#4957,3.99999999999999);
#1326=VECTOR('',#4964,10.);
#1327=VECTOR('',#4967,10.);
#1328=VECTOR('',#4974,10.);
#1329=VECTOR('',#4977,10.);
#1330=VECTOR('',#4978,10.);
#1331=VECTOR('',#4979,10.);
#1332=VECTOR('',#4986,10.);
#1333=VECTOR('',#4989,10.);
#1334=VECTOR('',#4990,10.);
#1335=VECTOR('',#4991,10.);
#1336=VECTOR('',#4998,10.);
#1337=VECTOR('',#5001,10.);
#1338=VECTOR('',#5002,10.);
#1339=VECTOR('',#5003,10.);
#1340=VECTOR('',#5010,10.);
#1341=VECTOR('',#5017,10.);
#1342=VECTOR('',#5024,10.);
#1343=VECTOR('',#5027,10.);
#1344=VECTOR('',#5028,10.);
#1345=VECTOR('',#5029,10.);
#1346=VECTOR('',#5036,10.);
#1347=VECTOR('',#5039,10.);
#1348=VECTOR('',#5040,10.);
#1349=VECTOR('',#5041,10.);
#1350=VECTOR('',#5048,10.);
#1351=VECTOR('',#5051,10.);
#1352=VECTOR('',#5052,10.);
#1353=VECTOR('',#5053,10.);
#1354=VECTOR('',#5064,10.);
#1355=VECTOR('',#5069,10.);
#1356=VECTOR('',#5086,10.);
#1357=VECTOR('',#5087,10.);
#1358=VECTOR('',#5100,10.);
#1359=VECTOR('',#5101,10.);
#1360=VECTOR('',#5130,10.);
#1361=VECTOR('',#5131,10.);
#1362=VECTOR('',#5144,10.);
#1363=VECTOR('',#5145,10.);
#1364=VECTOR('',#5158,10.);
#1365=VECTOR('',#5159,10.);
#1366=VECTOR('',#5186,10.);
#1367=VECTOR('',#5187,10.);
#1368=VECTOR('',#5190,10.);
#1369=VECTOR('',#5191,10.);
#1370=VECTOR('',#5192,10.);
#1371=VECTOR('',#5195,10.);
#1372=VECTOR('',#5200,10.);
#1373=VECTOR('',#5201,10.);
#1374=VECTOR('',#5204,10.);
#1375=VECTOR('',#5209,10.);
#1376=VECTOR('',#5214,10.);
#1377=VECTOR('',#5219,10.);
#1378=VECTOR('',#5220,10.);
#1379=VECTOR('',#5223,10.);
#1380=VECTOR('',#5232,10.);
#1381=VECTOR('',#5243,10.);
#1382=VECTOR('',#5246,10.);
#1383=VECTOR('',#5251,10.);
#1384=VECTOR('',#5256,10.);
#1385=VECTOR('',#5259,10.);
#1386=VECTOR('',#5260,10.);
#1387=VECTOR('',#5265,10.);
#1388=VECTOR('',#5268,10.);
#1389=VECTOR('',#5273,10.);
#1390=VECTOR('',#5276,10.);
#1391=VERTEX_POINT('',#5281);
#1392=VERTEX_POINT('',#5282);
#1393=VERTEX_POINT('',#5284);
#1394=VERTEX_POINT('',#5288);
#1395=VERTEX_POINT('',#5290);
#1396=VERTEX_POINT('',#5292);
#1397=VERTEX_POINT('',#5296);
#1398=VERTEX_POINT('',#5302);
#1399=VERTEX_POINT('',#5303);
#1400=VERTEX_POINT('',#5305);
#1401=VERTEX_POINT('',#5309);
#1402=VERTEX_POINT('',#5311);
#1403=VERTEX_POINT('',#5313);
#1404=VERTEX_POINT('',#5317);
#1405=VERTEX_POINT('',#5323);
#1406=VERTEX_POINT('',#5325);
#1407=VERTEX_POINT('',#5327);
#1408=VERTEX_POINT('',#5329);
#1409=VERTEX_POINT('',#5331);
#1410=VERTEX_POINT('',#5335);
#1411=VERTEX_POINT('',#5337);
#1412=VERTEX_POINT('',#5342);
#1413=VERTEX_POINT('',#5346);
#1414=VERTEX_POINT('',#5353);
#1415=VERTEX_POINT('',#5354);
#1416=VERTEX_POINT('',#5356);
#1417=VERTEX_POINT('',#5360);
#1418=VERTEX_POINT('',#5362);
#1419=VERTEX_POINT('',#5364);
#1420=VERTEX_POINT('',#5368);
#1421=VERTEX_POINT('',#5374);
#1422=VERTEX_POINT('',#5375);
#1423=VERTEX_POINT('',#5377);
#1424=VERTEX_POINT('',#5381);
#1425=VERTEX_POINT('',#5383);
#1426=VERTEX_POINT('',#5385);
#1427=VERTEX_POINT('',#5389);
#1428=VERTEX_POINT('',#5395);
#1429=VERTEX_POINT('',#5397);
#1430=VERTEX_POINT('',#5399);
#1431=VERTEX_POINT('',#5401);
#1432=VERTEX_POINT('',#5403);
#1433=VERTEX_POINT('',#5407);
#1434=VERTEX_POINT('',#5409);
#1435=VERTEX_POINT('',#5414);
#1436=VERTEX_POINT('',#5418);
#1437=VERTEX_POINT('',#5425);
#1438=VERTEX_POINT('',#5426);
#1439=VERTEX_POINT('',#5428);
#1440=VERTEX_POINT('',#5432);
#1441=VERTEX_POINT('',#5434);
#1442=VERTEX_POINT('',#5438);
#1443=VERTEX_POINT('',#5440);
#1444=VERTEX_POINT('',#5446);
#1445=VERTEX_POINT('',#5447);
#1446=VERTEX_POINT('',#5449);
#1447=VERTEX_POINT('',#5453);
#1448=VERTEX_POINT('',#5455);
#1449=VERTEX_POINT('',#5459);
#1450=VERTEX_POINT('',#5461);
#1451=VERTEX_POINT('',#5467);
#1452=VERTEX_POINT('',#5469);
#1453=VERTEX_POINT('',#5471);
#1454=VERTEX_POINT('',#5473);
#1455=VERTEX_POINT('',#5475);
#1456=VERTEX_POINT('',#5479);
#1457=VERTEX_POINT('',#5481);
#1458=VERTEX_POINT('',#5486);
#1459=VERTEX_POINT('',#5490);
#1460=VERTEX_POINT('',#5497);
#1461=VERTEX_POINT('',#5498);
#1462=VERTEX_POINT('',#5501);
#1463=VERTEX_POINT('',#5503);
#1464=VERTEX_POINT('',#5507);
#1465=VERTEX_POINT('',#5508);
#1466=VERTEX_POINT('',#5513);
#1467=VERTEX_POINT('',#5514);
#1468=VERTEX_POINT('',#5517);
#1469=VERTEX_POINT('',#5519);
#1470=VERTEX_POINT('',#5523);
#1471=VERTEX_POINT('',#5524);
#1472=VERTEX_POINT('',#5529);
#1473=VERTEX_POINT('',#5530);
#1474=VERTEX_POINT('',#5535);
#1475=VERTEX_POINT('',#5536);
#1476=VERTEX_POINT('',#5541);
#1477=VERTEX_POINT('',#5542);
#1478=VERTEX_POINT('',#5544);
#1479=VERTEX_POINT('',#5546);
#1480=VERTEX_POINT('',#5550);
#1481=VERTEX_POINT('',#5551);
#1482=VERTEX_POINT('',#5553);
#1483=VERTEX_POINT('',#5555);
#1484=VERTEX_POINT('',#5559);
#1485=VERTEX_POINT('',#5561);
#1486=VERTEX_POINT('',#5565);
#1487=VERTEX_POINT('',#5566);
#1488=VERTEX_POINT('',#5568);
#1489=VERTEX_POINT('',#5570);
#1490=VERTEX_POINT('',#5574);
#1491=VERTEX_POINT('',#5576);
#1492=VERTEX_POINT('',#5580);
#1493=VERTEX_POINT('',#5581);
#1494=VERTEX_POINT('',#5583);
#1495=VERTEX_POINT('',#5585);
#1496=VERTEX_POINT('',#5589);
#1497=VERTEX_POINT('',#5590);
#1498=VERTEX_POINT('',#5595);
#1499=VERTEX_POINT('',#5596);
#1500=VERTEX_POINT('',#5598);
#1501=VERTEX_POINT('',#5600);
#1502=VERTEX_POINT('',#5606);
#1503=VERTEX_POINT('',#5608);
#1504=VERTEX_POINT('',#5612);
#1505=VERTEX_POINT('',#5614);
#1506=VERTEX_POINT('',#5616);
#1507=VERTEX_POINT('',#5620);
#1508=VERTEX_POINT('',#5624);
#1509=VERTEX_POINT('',#5627);
#1510=VERTEX_POINT('',#5629);
#1511=VERTEX_POINT('',#5631);
#1512=VERTEX_POINT('',#5644);
#1513=VERTEX_POINT('',#5646);
#1514=VERTEX_POINT('',#5648);
#1515=VERTEX_POINT('',#5650);
#1516=VERTEX_POINT('',#5654);
#1517=VERTEX_POINT('',#5655);
#1518=VERTEX_POINT('',#5658);
#1519=VERTEX_POINT('',#5660);
#1520=VERTEX_POINT('',#5665);
#1521=VERTEX_POINT('',#5666);
#1522=VERTEX_POINT('',#5669);
#1523=VERTEX_POINT('',#5671);
#1524=VERTEX_POINT('',#5676);
#1525=VERTEX_POINT('',#5677);
#1526=VERTEX_POINT('',#5680);
#1527=VERTEX_POINT('',#5682);
#1528=VERTEX_POINT('',#5687);
#1529=VERTEX_POINT('',#5688);
#1530=VERTEX_POINT('',#5691);
#1531=VERTEX_POINT('',#5693);
#1532=VERTEX_POINT('',#5698);
#1533=VERTEX_POINT('',#5702);
#1534=VERTEX_POINT('',#5705);
#1535=VERTEX_POINT('',#5706);
#1536=VERTEX_POINT('',#5708);
#1537=VERTEX_POINT('',#5710);
#1538=VERTEX_POINT('',#5714);
#1539=VERTEX_POINT('',#5715);
#1540=VERTEX_POINT('',#5717);
#1541=VERTEX_POINT('',#5719);
#1542=VERTEX_POINT('',#5723);
#1543=VERTEX_POINT('',#5724);
#1544=VERTEX_POINT('',#5726);
#1545=VERTEX_POINT('',#5728);
#1546=VERTEX_POINT('',#5732);
#1547=VERTEX_POINT('',#5733);
#1548=VERTEX_POINT('',#5735);
#1549=VERTEX_POINT('',#5737);
#1550=VERTEX_POINT('',#5741);
#1551=VERTEX_POINT('',#5743);
#1552=VERTEX_POINT('',#5747);
#1553=VERTEX_POINT('',#5749);
#1554=VERTEX_POINT('',#5753);
#1555=VERTEX_POINT('',#5755);
#1556=VERTEX_POINT('',#5759);
#1557=VERTEX_POINT('',#5761);
#1558=VERTEX_POINT('',#5765);
#1559=VERTEX_POINT('',#5767);
#1560=VERTEX_POINT('',#5771);
#1561=VERTEX_POINT('',#5773);
#1562=VERTEX_POINT('',#5783);
#1563=VERTEX_POINT('',#5785);
#1564=VERTEX_POINT('',#5789);
#1565=VERTEX_POINT('',#5791);
#1566=VERTEX_POINT('',#5795);
#1567=VERTEX_POINT('',#5796);
#1568=VERTEX_POINT('',#5799);
#1569=VERTEX_POINT('',#5801);
#1570=VERTEX_POINT('',#5805);
#1571=VERTEX_POINT('',#5806);
#1572=VERTEX_POINT('',#5809);
#1573=VERTEX_POINT('',#5811);
#1574=VERTEX_POINT('',#5815);
#1575=VERTEX_POINT('',#5816);
#1576=VERTEX_POINT('',#5819);
#1577=VERTEX_POINT('',#5821);
#1578=VERTEX_POINT('',#5825);
#1579=VERTEX_POINT('',#5826);
#1580=VERTEX_POINT('',#5829);
#1581=VERTEX_POINT('',#5831);
#1582=VERTEX_POINT('',#5835);
#1583=VERTEX_POINT('',#5839);
#1584=VERTEX_POINT('',#5845);
#1585=VERTEX_POINT('',#5846);
#1586=VERTEX_POINT('',#5854);
#1587=VERTEX_POINT('',#5855);
#1588=VERTEX_POINT('',#5858);
#1589=VERTEX_POINT('',#5860);
#1590=VERTEX_POINT('',#5865);
#1591=VERTEX_POINT('',#5866);
#1592=VERTEX_POINT('',#5869);
#1593=VERTEX_POINT('',#5871);
#1594=VERTEX_POINT('',#5876);
#1595=VERTEX_POINT('',#5877);
#1596=VERTEX_POINT('',#5880);
#1597=VERTEX_POINT('',#5882);
#1598=VERTEX_POINT('',#5888);
#1599=VERTEX_POINT('',#5890);
#1600=VERTEX_POINT('',#5893);
#1601=VERTEX_POINT('',#5895);
#1602=VERTEX_POINT('',#5897);
#1603=VERTEX_POINT('',#5901);
#1604=VERTEX_POINT('',#5903);
#1605=VERTEX_POINT('',#5905);
#1606=VERTEX_POINT('',#5907);
#1607=VERTEX_POINT('',#5909);
#1608=VERTEX_POINT('',#5911);
#1609=VERTEX_POINT('',#5915);
#1610=VERTEX_POINT('',#5916);
#1611=VERTEX_POINT('',#5919);
#1612=VERTEX_POINT('',#5920);
#1613=VERTEX_POINT('',#5923);
#1614=VERTEX_POINT('',#5924);
#1615=VERTEX_POINT('',#5927);
#1616=VERTEX_POINT('',#5928);
#1617=VERTEX_POINT('',#5932);
#1618=VERTEX_POINT('',#5933);
#1619=VERTEX_POINT('',#5936);
#1620=VERTEX_POINT('',#5940);
#1621=VERTEX_POINT('',#5944);
#1622=VERTEX_POINT('',#5945);
#1623=VERTEX_POINT('',#5948);
#1624=VERTEX_POINT('',#5952);
#1625=VERTEX_POINT('',#5956);
#1626=VERTEX_POINT('',#5957);
#1627=VERTEX_POINT('',#5960);
#1628=VERTEX_POINT('',#5964);
#1629=VERTEX_POINT('',#5968);
#1630=VERTEX_POINT('',#5969);
#1631=VERTEX_POINT('',#5972);
#1632=VERTEX_POINT('',#5976);
#1633=VERTEX_POINT('',#5980);
#1634=VERTEX_POINT('',#5984);
#1635=VERTEX_POINT('',#5988);
#1636=VERTEX_POINT('',#5992);
#1637=VERTEX_POINT('',#5996);
#1638=VERTEX_POINT('',#5997);
#1639=VERTEX_POINT('',#6002);
#1640=VERTEX_POINT('',#6008);
#1641=VERTEX_POINT('',#6012);
#1642=VERTEX_POINT('',#6018);
#1643=VERTEX_POINT('',#6019);
#1644=VERTEX_POINT('',#6024);
#1645=VERTEX_POINT('',#6030);
#1646=VERTEX_POINT('',#6031);
#1647=VERTEX_POINT('',#6038);
#1648=VERTEX_POINT('',#6041);
#1649=VERTEX_POINT('',#6044);
#1650=VERTEX_POINT('',#6047);
#1651=VERTEX_POINT('',#6050);
#1652=VERTEX_POINT('',#6054);
#1653=VERTEX_POINT('',#6055);
#1654=VERTEX_POINT('',#6061);
#1655=VERTEX_POINT('',#6065);
#1656=VERTEX_POINT('',#6066);
#1657=VERTEX_POINT('',#6072);
#1658=VERTEX_POINT('',#6076);
#1659=VERTEX_POINT('',#6077);
#1660=VERTEX_POINT('',#6083);
#1661=VERTEX_POINT('',#6087);
#1662=VERTEX_POINT('',#6088);
#1663=VERTEX_POINT('',#6094);
#1664=VERTEX_POINT('',#6095);
#1665=VERTEX_POINT('',#6097);
#1666=VERTEX_POINT('',#6099);
#1667=VERTEX_POINT('',#6103);
#1668=VERTEX_POINT('',#6105);
#1669=VERTEX_POINT('',#6109);
#1670=VERTEX_POINT('',#6111);
#1671=VERTEX_POINT('',#6115);
#1672=VERTEX_POINT('',#6117);
#1673=VERTEX_POINT('',#6121);
#1674=VERTEX_POINT('',#6123);
#1675=VERTEX_POINT('',#6127);
#1676=VERTEX_POINT('',#6129);
#1677=VERTEX_POINT('',#6133);
#1678=VERTEX_POINT('',#6135);
#1679=VERTEX_POINT('',#6139);
#1680=VERTEX_POINT('',#6141);
#1681=VERTEX_POINT('',#6145);
#1682=VERTEX_POINT('',#6147);
#1683=VERTEX_POINT('',#6151);
#1684=VERTEX_POINT('',#6153);
#1685=VERTEX_POINT('',#6157);
#1686=VERTEX_POINT('',#6159);
#1687=VERTEX_POINT('',#6163);
#1688=VERTEX_POINT('',#6165);
#1689=VERTEX_POINT('',#6169);
#1690=VERTEX_POINT('',#6171);
#1691=VERTEX_POINT('',#6175);
#1692=VERTEX_POINT('',#6177);
#1693=VERTEX_POINT('',#6181);
#1694=VERTEX_POINT('',#6183);
#1695=VERTEX_POINT('',#6190);
#1696=VERTEX_POINT('',#6198);
#1697=VERTEX_POINT('',#6199);
#1698=VERTEX_POINT('',#6201);
#1699=VERTEX_POINT('',#6203);
#1700=VERTEX_POINT('',#6207);
#1701=VERTEX_POINT('',#6208);
#1702=VERTEX_POINT('',#6213);
#1703=VERTEX_POINT('',#6214);
#1704=VERTEX_POINT('',#6219);
#1705=VERTEX_POINT('',#6220);
#1706=VERTEX_POINT('',#6225);
#1707=VERTEX_POINT('',#6226);
#1708=VERTEX_POINT('',#6231);
#1709=VERTEX_POINT('',#6232);
#1710=VERTEX_POINT('',#6237);
#1711=VERTEX_POINT('',#6238);
#1712=VERTEX_POINT('',#6243);
#1713=VERTEX_POINT('',#6244);
#1714=VERTEX_POINT('',#6249);
#1715=VERTEX_POINT('',#6250);
#1716=VERTEX_POINT('',#6255);
#1717=VERTEX_POINT('',#6256);
#1718=VERTEX_POINT('',#6261);
#1719=VERTEX_POINT('',#6262);
#1720=VERTEX_POINT('',#6267);
#1721=VERTEX_POINT('',#6268);
#1722=VERTEX_POINT('',#6273);
#1723=VERTEX_POINT('',#6274);
#1724=VERTEX_POINT('',#6279);
#1725=VERTEX_POINT('',#6280);
#1726=VERTEX_POINT('',#6285);
#1727=VERTEX_POINT('',#6286);
#1728=VERTEX_POINT('',#6294);
#1729=VERTEX_POINT('',#6296);
#1730=VERTEX_POINT('',#6300);
#1731=VERTEX_POINT('',#6304);
#1732=VERTEX_POINT('',#6308);
#1733=VERTEX_POINT('',#6312);
#1734=VERTEX_POINT('',#6316);
#1735=VERTEX_POINT('',#6320);
#1736=VERTEX_POINT('',#6324);
#1737=VERTEX_POINT('',#6336);
#1738=VERTEX_POINT('',#6338);
#1739=VERTEX_POINT('',#6342);
#1740=VERTEX_POINT('',#6346);
#1741=VERTEX_POINT('',#6350);
#1742=VERTEX_POINT('',#6354);
#1743=VERTEX_POINT('',#6358);
#1744=EDGE_CURVE('',#1391,#1392,#859,.T.);
#1745=EDGE_CURVE('',#1393,#1391,#860,.T.);
#1746=EDGE_CURVE('',#1392,#1393,#861,.T.);
#1747=EDGE_CURVE('',#1394,#1391,#402,.T.);
#1748=EDGE_CURVE('',#1395,#1394,#403,.T.);
#1749=EDGE_CURVE('',#1395,#1396,#862,.T.);
#1750=EDGE_CURVE('',#1393,#1396,#863,.T.);
#1751=EDGE_CURVE('',#1392,#1397,#160,.T.);
#1752=EDGE_CURVE('',#1396,#1397,#864,.T.);
#1753=EDGE_CURVE('',#1397,#1395,#865,.T.);
#1754=EDGE_CURVE('',#1398,#1399,#866,.T.);
#1755=EDGE_CURVE('',#1400,#1398,#867,.T.);
#1756=EDGE_CURVE('',#1399,#1400,#868,.T.);
#1757=EDGE_CURVE('',#1401,#1398,#404,.T.);
#1758=EDGE_CURVE('',#1402,#1401,#405,.T.);
#1759=EDGE_CURVE('',#1402,#1403,#869,.T.);
#1760=EDGE_CURVE('',#1400,#1403,#870,.T.);
#1761=EDGE_CURVE('',#1399,#1404,#161,.T.);
#1762=EDGE_CURVE('',#1403,#1404,#871,.T.);
#1763=EDGE_CURVE('',#1404,#1402,#872,.T.);
#1764=EDGE_CURVE('',#1405,#1401,#162,.T.);
#1765=EDGE_CURVE('',#1405,#1406,#406,.T.);
#1766=EDGE_CURVE('',#1406,#1407,#873,.T.);
#1767=EDGE_CURVE('',#1407,#1408,#163,.T.);
#1768=EDGE_CURVE('',#1408,#1409,#874,.T.);
#1769=EDGE_CURVE('',#1409,#1405,#407,.T.);
#1770=EDGE_CURVE('',#1394,#1405,#164,.T.);
#1771=EDGE_CURVE('',#1410,#1394,#165,.T.);
#1772=EDGE_CURVE('',#1410,#1411,#875,.T.);
#1773=EDGE_CURVE('',#1411,#1411,#166,.T.);
#1774=EDGE_CURVE('',#1401,#1410,#167,.T.);
#1775=EDGE_CURVE('',#1412,#1406,#876,.T.);
#1776=EDGE_CURVE('',#1407,#1412,#877,.T.);
#1777=EDGE_CURVE('',#1409,#1413,#878,.T.);
#1778=EDGE_CURVE('',#1412,#1413,#879,.T.);
#1779=EDGE_CURVE('',#1413,#1408,#880,.T.);
#1780=EDGE_CURVE('',#1414,#1415,#881,.T.);
#1781=EDGE_CURVE('',#1414,#1416,#882,.T.);
#1782=EDGE_CURVE('',#1416,#1415,#883,.T.);
#1783=EDGE_CURVE('',#1417,#1414,#408,.T.);
#1784=EDGE_CURVE('',#1418,#1417,#409,.T.);
#1785=EDGE_CURVE('',#1419,#1418,#884,.T.);
#1786=EDGE_CURVE('',#1416,#1419,#885,.T.);
#1787=EDGE_CURVE('',#1415,#1420,#168,.T.);
#1788=EDGE_CURVE('',#1420,#1419,#886,.T.);
#1789=EDGE_CURVE('',#1420,#1418,#887,.T.);
#1790=EDGE_CURVE('',#1421,#1422,#888,.T.);
#1791=EDGE_CURVE('',#1421,#1423,#889,.T.);
#1792=EDGE_CURVE('',#1423,#1422,#890,.T.);
#1793=EDGE_CURVE('',#1424,#1421,#410,.T.);
#1794=EDGE_CURVE('',#1425,#1424,#411,.T.);
#1795=EDGE_CURVE('',#1426,#1425,#891,.T.);
#1796=EDGE_CURVE('',#1423,#1426,#892,.T.);
#1797=EDGE_CURVE('',#1422,#1427,#169,.T.);
#1798=EDGE_CURVE('',#1427,#1426,#893,.T.);
#1799=EDGE_CURVE('',#1427,#1425,#894,.T.);
#1800=EDGE_CURVE('',#1428,#1417,#170,.T.);
#1801=EDGE_CURVE('',#1428,#1429,#412,.T.);
#1802=EDGE_CURVE('',#1429,#1430,#895,.T.);
#1803=EDGE_CURVE('',#1430,#1431,#171,.T.);
#1804=EDGE_CURVE('',#1431,#1432,#896,.T.);
#1805=EDGE_CURVE('',#1432,#1428,#413,.T.);
#1806=EDGE_CURVE('',#1424,#1428,#172,.T.);
#1807=EDGE_CURVE('',#1433,#1424,#173,.T.);
#1808=EDGE_CURVE('',#1433,#1434,#897,.T.);
#1809=EDGE_CURVE('',#1434,#1434,#174,.T.);
#1810=EDGE_CURVE('',#1417,#1433,#175,.T.);
#1811=EDGE_CURVE('',#1429,#1435,#898,.T.);
#1812=EDGE_CURVE('',#1435,#1430,#899,.T.);
#1813=EDGE_CURVE('',#1436,#1432,#900,.T.);
#1814=EDGE_CURVE('',#1435,#1436,#901,.T.);
#1815=EDGE_CURVE('',#1431,#1436,#902,.T.);
#1816=EDGE_CURVE('',#1437,#1438,#903,.T.);
#1817=EDGE_CURVE('',#1437,#1439,#904,.T.);
#1818=EDGE_CURVE('',#1439,#1438,#905,.T.);
#1819=EDGE_CURVE('',#1440,#1437,#176,.T.);
#1820=EDGE_CURVE('',#1441,#1440,#906,.T.);
#1821=EDGE_CURVE('',#1439,#1441,#907,.T.);
#1822=EDGE_CURVE('',#1438,#1442,#414,.T.);
#1823=EDGE_CURVE('',#1443,#1441,#908,.T.);
#1824=EDGE_CURVE('',#1442,#1443,#415,.T.);
#1825=EDGE_CURVE('',#1443,#1440,#909,.T.);
#1826=EDGE_CURVE('',#1444,#1445,#910,.T.);
#1827=EDGE_CURVE('',#1444,#1446,#911,.T.);
#1828=EDGE_CURVE('',#1446,#1445,#912,.T.);
#1829=EDGE_CURVE('',#1447,#1444,#177,.T.);
#1830=EDGE_CURVE('',#1448,#1447,#913,.T.);
#1831=EDGE_CURVE('',#1446,#1448,#914,.T.);
#1832=EDGE_CURVE('',#1445,#1449,#416,.T.);
#1833=EDGE_CURVE('',#1450,#1448,#915,.T.);
#1834=EDGE_CURVE('',#1449,#1450,#417,.T.);
#1835=EDGE_CURVE('',#1450,#1447,#916,.T.);
#1836=EDGE_CURVE('',#1451,#1442,#178,.T.);
#1837=EDGE_CURVE('',#1451,#1452,#418,.T.);
#1838=EDGE_CURVE('',#1452,#1453,#917,.T.);
#1839=EDGE_CURVE('',#1453,#1454,#179,.T.);
#1840=EDGE_CURVE('',#1454,#1455,#918,.T.);
#1841=EDGE_CURVE('',#1455,#1451,#419,.T.);
#1842=EDGE_CURVE('',#1449,#1451,#180,.T.);
#1843=EDGE_CURVE('',#1456,#1449,#181,.T.);
#1844=EDGE_CURVE('',#1456,#1457,#919,.T.);
#1845=EDGE_CURVE('',#1457,#1457,#182,.T.);
#1846=EDGE_CURVE('',#1442,#1456,#183,.T.);
#1847=EDGE_CURVE('',#1454,#1458,#920,.T.);
#1848=EDGE_CURVE('',#1458,#1455,#921,.T.);
#1849=EDGE_CURVE('',#1459,#1453,#922,.T.);
#1850=EDGE_CURVE('',#1458,#1459,#923,.T.);
#1851=EDGE_CURVE('',#1452,#1459,#924,.T.);
#1852=EDGE_CURVE('',#1460,#1461,#184,.T.);
#1853=EDGE_CURVE('',#1461,#1460,#185,.T.);
#1854=EDGE_CURVE('',#1460,#1462,#925,.T.);
#1855=EDGE_CURVE('',#1463,#1462,#186,.T.);
#1856=EDGE_CURVE('',#1462,#1463,#187,.T.);
#1857=EDGE_CURVE('',#1464,#1465,#188,.T.);
#1858=EDGE_CURVE('',#1465,#1464,#189,.T.);
#1859=EDGE_CURVE('',#1465,#1461,#926,.T.);
#1860=EDGE_CURVE('',#1466,#1467,#190,.T.);
#1861=EDGE_CURVE('',#1467,#1466,#191,.T.);
#1862=EDGE_CURVE('',#1466,#1468,#927,.T.);
#1863=EDGE_CURVE('',#1469,#1468,#192,.T.);
#1864=EDGE_CURVE('',#1468,#1469,#193,.T.);
#1865=EDGE_CURVE('',#1470,#1471,#194,.T.);
#1866=EDGE_CURVE('',#1471,#1470,#195,.T.);
#1867=EDGE_CURVE('',#1471,#1467,#928,.T.);
#1868=EDGE_CURVE('',#1472,#1473,#196,.T.);
#1869=EDGE_CURVE('',#1473,#1472,#197,.T.);
#1870=EDGE_CURVE('',#1473,#1469,#929,.T.);
#1871=EDGE_CURVE('',#1474,#1475,#198,.T.);
#1872=EDGE_CURVE('',#1475,#1474,#199,.T.);
#1873=EDGE_CURVE('',#1475,#1463,#930,.T.);
#1874=EDGE_CURVE('',#1476,#1477,#200,.T.);
#1875=EDGE_CURVE('',#1478,#1476,#931,.T.);
#1876=EDGE_CURVE('',#1479,#1478,#201,.T.);
#1877=EDGE_CURVE('',#1477,#1479,#932,.T.);
#1878=EDGE_CURVE('',#1480,#1481,#202,.T.);
#1879=EDGE_CURVE('',#1482,#1480,#933,.T.);
#1880=EDGE_CURVE('',#1483,#1482,#203,.T.);
#1881=EDGE_CURVE('',#1481,#1483,#934,.T.);
#1882=EDGE_CURVE('',#1484,#1483,#204,.T.);
#1883=EDGE_CURVE('',#1485,#1484,#935,.T.);
#1884=EDGE_CURVE('',#1481,#1485,#205,.T.);
#1885=EDGE_CURVE('',#1486,#1487,#936,.T.);
#1886=EDGE_CURVE('',#1486,#1488,#937,.T.);
#1887=EDGE_CURVE('',#1488,#1489,#938,.T.);
#1888=EDGE_CURVE('',#1487,#1489,#939,.T.);
#1889=EDGE_CURVE('',#1489,#1490,#940,.T.);
#1890=EDGE_CURVE('',#1491,#1488,#941,.T.);
#1891=EDGE_CURVE('',#1490,#1491,#942,.T.);
#1892=EDGE_CURVE('',#1492,#1493,#943,.T.);
#1893=EDGE_CURVE('',#1492,#1494,#944,.T.);
#1894=EDGE_CURVE('',#1494,#1495,#945,.T.);
#1895=EDGE_CURVE('',#1493,#1495,#946,.T.);
#1896=EDGE_CURVE('',#1496,#1497,#947,.T.);
#1897=EDGE_CURVE('',#1495,#1496,#948,.T.);
#1898=EDGE_CURVE('',#1497,#1494,#949,.T.);
#1899=EDGE_CURVE('',#1498,#1499,#950,.T.);
#1900=EDGE_CURVE('',#1500,#1499,#951,.T.);
#1901=EDGE_CURVE('',#1500,#1501,#952,.T.);
#1902=EDGE_CURVE('',#1498,#1501,#953,.T.);
#1903=EDGE_CURVE('',#1493,#1486,#954,.T.);
#1904=EDGE_CURVE('',#1487,#1492,#955,.T.);
#1905=EDGE_CURVE('',#1502,#1497,#956,.T.);
#1906=EDGE_CURVE('',#1503,#1502,#957,.T.);
#1907=EDGE_CURVE('',#1503,#1496,#958,.T.);
#1908=EDGE_CURVE('',#1504,#1504,#206,.T.);
#1909=EDGE_CURVE('',#1504,#1505,#959,.T.);
#1910=EDGE_CURVE('',#1505,#1506,#207,.T.);
#1911=EDGE_CURVE('',#1506,#1505,#208,.T.);
#1912=EDGE_CURVE('',#1506,#1507,#960,.T.);
#1913=EDGE_CURVE('',#1507,#1507,#209,.T.);
#1914=EDGE_CURVE('',#1508,#1508,#210,.T.);
#1915=EDGE_CURVE('',#1507,#1509,#211,.T.);
#1916=EDGE_CURVE('',#1509,#1510,#212,.T.);
#1917=EDGE_CURVE('',#1511,#1510,#15,.T.);
#1918=EDGE_CURVE('',#1511,#1509,#213,.T.);
#1919=EDGE_CURVE('',#1512,#1510,#961,.T.);
#1920=EDGE_CURVE('',#1512,#1513,#962,.T.);
#1921=EDGE_CURVE('',#1514,#1513,#963,.T.);
#1922=EDGE_CURVE('',#1515,#1514,#964,.T.);
#1923=EDGE_CURVE('',#1511,#1515,#965,.T.);
#1924=EDGE_CURVE('',#1516,#1517,#214,.T.);
#1925=EDGE_CURVE('',#1517,#1516,#215,.T.);
#1926=EDGE_CURVE('',#1517,#1518,#966,.T.);
#1927=EDGE_CURVE('',#1519,#1518,#216,.T.);
#1928=EDGE_CURVE('',#1518,#1519,#217,.T.);
#1929=EDGE_CURVE('',#1520,#1521,#218,.T.);
#1930=EDGE_CURVE('',#1521,#1520,#219,.T.);
#1931=EDGE_CURVE('',#1521,#1522,#967,.T.);
#1932=EDGE_CURVE('',#1523,#1522,#220,.T.);
#1933=EDGE_CURVE('',#1522,#1523,#221,.T.);
#1934=EDGE_CURVE('',#1524,#1525,#222,.T.);
#1935=EDGE_CURVE('',#1525,#1524,#223,.T.);
#1936=EDGE_CURVE('',#1525,#1526,#968,.T.);
#1937=EDGE_CURVE('',#1527,#1526,#224,.T.);
#1938=EDGE_CURVE('',#1526,#1527,#225,.T.);
#1939=EDGE_CURVE('',#1528,#1529,#226,.T.);
#1940=EDGE_CURVE('',#1529,#1528,#227,.T.);
#1941=EDGE_CURVE('',#1529,#1530,#969,.T.);
#1942=EDGE_CURVE('',#1531,#1530,#228,.T.);
#1943=EDGE_CURVE('',#1530,#1531,#229,.T.);
#1944=EDGE_CURVE('',#1532,#1532,#230,.T.);
#1945=EDGE_CURVE('',#1532,#1508,#970,.T.);
#1946=EDGE_CURVE('',#1533,#1533,#231,.T.);
#1947=EDGE_CURVE('',#1534,#1535,#232,.T.);
#1948=EDGE_CURVE('',#1536,#1534,#971,.T.);
#1949=EDGE_CURVE('',#1537,#1536,#233,.T.);
#1950=EDGE_CURVE('',#1535,#1537,#972,.T.);
#1951=EDGE_CURVE('',#1538,#1539,#234,.T.);
#1952=EDGE_CURVE('',#1540,#1538,#973,.T.);
#1953=EDGE_CURVE('',#1541,#1540,#235,.T.);
#1954=EDGE_CURVE('',#1539,#1541,#974,.T.);
#1955=EDGE_CURVE('',#1542,#1543,#236,.T.);
#1956=EDGE_CURVE('',#1544,#1542,#975,.T.);
#1957=EDGE_CURVE('',#1545,#1544,#237,.T.);
#1958=EDGE_CURVE('',#1543,#1545,#976,.T.);
#1959=EDGE_CURVE('',#1546,#1547,#238,.T.);
#1960=EDGE_CURVE('',#1548,#1546,#977,.T.);
#1961=EDGE_CURVE('',#1549,#1548,#239,.T.);
#1962=EDGE_CURVE('',#1547,#1549,#978,.T.);
#1963=EDGE_CURVE('',#1550,#1480,#240,.T.);
#1964=EDGE_CURVE('',#1550,#1551,#979,.T.);
#1965=EDGE_CURVE('',#1482,#1551,#241,.T.);
#1966=EDGE_CURVE('',#1552,#1538,#980,.T.);
#1967=EDGE_CURVE('',#1552,#1553,#981,.T.);
#1968=EDGE_CURVE('',#1540,#1553,#982,.T.);
#1969=EDGE_CURVE('',#1554,#1541,#983,.T.);
#1970=EDGE_CURVE('',#1555,#1554,#984,.T.);
#1971=EDGE_CURVE('',#1539,#1555,#985,.T.);
#1972=EDGE_CURVE('',#1556,#1476,#242,.T.);
#1973=EDGE_CURVE('',#1556,#1557,#986,.T.);
#1974=EDGE_CURVE('',#1478,#1557,#243,.T.);
#1975=EDGE_CURVE('',#1558,#1479,#244,.T.);
#1976=EDGE_CURVE('',#1559,#1558,#987,.T.);
#1977=EDGE_CURVE('',#1477,#1559,#245,.T.);
#1978=EDGE_CURVE('',#1560,#1542,#988,.T.);
#1979=EDGE_CURVE('',#1560,#1561,#989,.T.);
#1980=EDGE_CURVE('',#1544,#1561,#990,.T.);
#1981=EDGE_CURVE('',#1543,#1534,#991,.T.);
#1982=EDGE_CURVE('',#1536,#1545,#992,.T.);
#1983=EDGE_CURVE('',#1535,#1515,#993,.T.);
#1984=EDGE_CURVE('',#1512,#1537,#994,.T.);
#1985=EDGE_CURVE('',#1562,#1546,#995,.T.);
#1986=EDGE_CURVE('',#1562,#1563,#996,.T.);
#1987=EDGE_CURVE('',#1548,#1563,#997,.T.);
#1988=EDGE_CURVE('',#1564,#1549,#998,.T.);
#1989=EDGE_CURVE('',#1564,#1565,#999,.T.);
#1990=EDGE_CURVE('',#1547,#1565,#1000,.T.);
#1991=EDGE_CURVE('',#1566,#1567,#246,.T.);
#1992=EDGE_CURVE('',#1567,#1566,#247,.T.);
#1993=EDGE_CURVE('',#1567,#1568,#1001,.T.);
#1994=EDGE_CURVE('',#1569,#1568,#248,.T.);
#1995=EDGE_CURVE('',#1568,#1569,#249,.T.);
#1996=EDGE_CURVE('',#1570,#1571,#250,.T.);
#1997=EDGE_CURVE('',#1571,#1570,#251,.T.);
#1998=EDGE_CURVE('',#1571,#1572,#1002,.T.);
#1999=EDGE_CURVE('',#1573,#1572,#252,.T.);
#2000=EDGE_CURVE('',#1572,#1573,#253,.T.);
#2001=EDGE_CURVE('',#1574,#1575,#254,.T.);
#2002=EDGE_CURVE('',#1575,#1574,#255,.T.);
#2003=EDGE_CURVE('',#1575,#1576,#1003,.T.);
#2004=EDGE_CURVE('',#1577,#1576,#256,.T.);
#2005=EDGE_CURVE('',#1576,#1577,#257,.T.);
#2006=EDGE_CURVE('',#1578,#1579,#258,.T.);
#2007=EDGE_CURVE('',#1579,#1578,#259,.T.);
#2008=EDGE_CURVE('',#1579,#1580,#1004,.T.);
#2009=EDGE_CURVE('',#1581,#1580,#260,.T.);
#2010=EDGE_CURVE('',#1580,#1581,#261,.T.);
#2011=EDGE_CURVE('',#1582,#1503,#1005,.T.);
#2012=EDGE_CURVE('',#1582,#1491,#1006,.T.);
#2013=EDGE_CURVE('',#1583,#1582,#1007,.T.);
#2014=EDGE_CURVE('',#1583,#1490,#1008,.T.);
#2015=EDGE_CURVE('',#1502,#1583,#1009,.T.);
#2016=EDGE_CURVE('',#1584,#1585,#262,.T.);
#2017=EDGE_CURVE('',#1585,#1584,#263,.T.);
#2018=EDGE_CURVE('',#1585,#1533,#1010,.T.);
#2019=EDGE_CURVE('',#1586,#1587,#264,.T.);
#2020=EDGE_CURVE('',#1587,#1586,#265,.T.);
#2021=EDGE_CURVE('',#1587,#1588,#1011,.T.);
#2022=EDGE_CURVE('',#1589,#1588,#266,.T.);
#2023=EDGE_CURVE('',#1588,#1589,#267,.T.);
#2024=EDGE_CURVE('',#1590,#1591,#268,.T.);
#2025=EDGE_CURVE('',#1591,#1590,#269,.T.);
#2026=EDGE_CURVE('',#1591,#1592,#1012,.T.);
#2027=EDGE_CURVE('',#1593,#1592,#270,.T.);
#2028=EDGE_CURVE('',#1592,#1593,#271,.T.);
#2029=EDGE_CURVE('',#1594,#1595,#272,.T.);
#2030=EDGE_CURVE('',#1595,#1594,#273,.T.);
#2031=EDGE_CURVE('',#1595,#1596,#1013,.T.);
#2032=EDGE_CURVE('',#1597,#1596,#274,.T.);
#2033=EDGE_CURVE('',#1596,#1597,#275,.T.);
#2034=EDGE_CURVE('',#1559,#1500,#276,.T.);
#2035=EDGE_CURVE('',#1499,#1598,#1014,.T.);
#2036=EDGE_CURVE('',#1598,#1599,#277,.T.);
#2037=EDGE_CURVE('',#1599,#1560,#1015,.T.);
#2038=EDGE_CURVE('',#1514,#1600,#278,.T.);
#2039=EDGE_CURVE('',#1600,#1601,#1016,.T.);
#2040=EDGE_CURVE('',#1601,#1602,#1017,.T.);
#2041=EDGE_CURVE('',#1602,#1550,#279,.T.);
#2042=EDGE_CURVE('',#1485,#1562,#280,.F.);
#2043=EDGE_CURVE('',#1565,#1603,#1018,.T.);
#2044=EDGE_CURVE('',#1603,#1604,#281,.T.);
#2045=EDGE_CURVE('',#1604,#1605,#1019,.T.);
#2046=EDGE_CURVE('',#1605,#1606,#1020,.T.);
#2047=EDGE_CURVE('',#1606,#1607,#1021,.T.);
#2048=EDGE_CURVE('',#1607,#1608,#282,.T.);
#2049=EDGE_CURVE('',#1608,#1552,#1022,.T.);
#2050=EDGE_CURVE('',#1555,#1556,#283,.T.);
#2051=EDGE_CURVE('',#1609,#1610,#284,.T.);
#2052=EDGE_CURVE('',#1610,#1609,#285,.T.);
#2053=EDGE_CURVE('',#1611,#1612,#286,.T.);
#2054=EDGE_CURVE('',#1612,#1611,#287,.T.);
#2055=EDGE_CURVE('',#1613,#1614,#288,.T.);
#2056=EDGE_CURVE('',#1614,#1613,#289,.T.);
#2057=EDGE_CURVE('',#1615,#1616,#290,.T.);
#2058=EDGE_CURVE('',#1616,#1615,#291,.T.);
#2059=EDGE_CURVE('',#1617,#1618,#292,.T.);
#2060=EDGE_CURVE('',#1618,#1617,#293,.T.);
#2061=EDGE_CURVE('',#1617,#1619,#1023,.T.);
#2062=EDGE_CURVE('',#1619,#1619,#294,.T.);
#2063=EDGE_CURVE('',#1618,#1620,#1024,.T.);
#2064=EDGE_CURVE('',#1620,#1620,#295,.T.);
#2065=EDGE_CURVE('',#1621,#1622,#296,.T.);
#2066=EDGE_CURVE('',#1622,#1621,#297,.T.);
#2067=EDGE_CURVE('',#1621,#1623,#1025,.T.);
#2068=EDGE_CURVE('',#1623,#1623,#298,.T.);
#2069=EDGE_CURVE('',#1622,#1624,#1026,.T.);
#2070=EDGE_CURVE('',#1624,#1624,#299,.T.);
#2071=EDGE_CURVE('',#1625,#1626,#300,.T.);
#2072=EDGE_CURVE('',#1626,#1625,#301,.T.);
#2073=EDGE_CURVE('',#1625,#1627,#1027,.T.);
#2074=EDGE_CURVE('',#1627,#1627,#302,.T.);
#2075=EDGE_CURVE('',#1626,#1628,#1028,.T.);
#2076=EDGE_CURVE('',#1628,#1628,#303,.T.);
#2077=EDGE_CURVE('',#1629,#1630,#304,.T.);
#2078=EDGE_CURVE('',#1630,#1629,#305,.T.);
#2079=EDGE_CURVE('',#1629,#1631,#1029,.T.);
#2080=EDGE_CURVE('',#1631,#1631,#306,.T.);
#2081=EDGE_CURVE('',#1630,#1632,#1030,.T.);
#2082=EDGE_CURVE('',#1632,#1632,#307,.T.);
#2083=EDGE_CURVE('',#1619,#1633,#1031,.T.);
#2084=EDGE_CURVE('',#1633,#1633,#308,.T.);
#2085=EDGE_CURVE('',#1631,#1634,#1032,.T.);
#2086=EDGE_CURVE('',#1634,#1634,#309,.T.);
#2087=EDGE_CURVE('',#1623,#1635,#1033,.T.);
#2088=EDGE_CURVE('',#1635,#1635,#310,.T.);
#2089=EDGE_CURVE('',#1627,#1636,#1034,.T.);
#2090=EDGE_CURVE('',#1636,#1636,#311,.T.);
#2091=EDGE_CURVE('',#1637,#1638,#1035,.T.);
#2092=EDGE_CURVE('',#1607,#1638,#1036,.T.);
#2093=EDGE_CURVE('',#1637,#1606,#1037,.T.);
#2094=EDGE_CURVE('',#1638,#1639,#312,.T.);
#2095=EDGE_CURVE('',#1608,#1639,#1038,.T.);
#2096=EDGE_CURVE('',#1639,#1553,#1039,.T.);
#2097=EDGE_CURVE('',#1640,#1561,#1040,.T.);
#2098=EDGE_CURVE('',#1599,#1640,#1041,.T.);
#2099=EDGE_CURVE('',#1641,#1640,#313,.T.);
#2100=EDGE_CURVE('',#1598,#1641,#1042,.T.);
#2101=EDGE_CURVE('',#1498,#1641,#1043,.T.);
#2102=EDGE_CURVE('',#1642,#1643,#1044,.T.);
#2103=EDGE_CURVE('',#1605,#1643,#1045,.T.);
#2104=EDGE_CURVE('',#1604,#1642,#1046,.T.);
#2105=EDGE_CURVE('',#1564,#1644,#1047,.T.);
#2106=EDGE_CURVE('',#1603,#1644,#1048,.T.);
#2107=EDGE_CURVE('',#1644,#1642,#314,.T.);
#2108=EDGE_CURVE('',#1645,#1646,#1049,.T.);
#2109=EDGE_CURVE('',#1601,#1646,#1050,.T.);
#2110=EDGE_CURVE('',#1600,#1645,#1051,.T.);
#2111=EDGE_CURVE('',#1513,#1645,#315,.T.);
#2112=EDGE_CURVE('',#1647,#1647,#316,.T.);
#2113=EDGE_CURVE('',#1648,#1648,#317,.T.);
#2114=EDGE_CURVE('',#1649,#1649,#318,.T.);
#2115=EDGE_CURVE('',#1650,#1650,#319,.T.);
#2116=EDGE_CURVE('',#1651,#1651,#320,.T.);
#2117=EDGE_CURVE('',#1651,#1648,#1052,.T.);
#2118=EDGE_CURVE('',#1652,#1653,#321,.T.);
#2119=EDGE_CURVE('',#1653,#1652,#322,.T.);
#2120=EDGE_CURVE('',#1653,#1610,#1053,.T.);
#2121=EDGE_CURVE('',#1654,#1654,#323,.T.);
#2122=EDGE_CURVE('',#1654,#1647,#1054,.T.);
#2123=EDGE_CURVE('',#1655,#1656,#324,.T.);
#2124=EDGE_CURVE('',#1656,#1655,#325,.T.);
#2125=EDGE_CURVE('',#1656,#1612,#1055,.T.);
#2126=EDGE_CURVE('',#1657,#1657,#326,.T.);
#2127=EDGE_CURVE('',#1657,#1650,#1056,.T.);
#2128=EDGE_CURVE('',#1658,#1659,#327,.T.);
#2129=EDGE_CURVE('',#1659,#1658,#328,.T.);
#2130=EDGE_CURVE('',#1659,#1614,#1057,.T.);
#2131=EDGE_CURVE('',#1660,#1660,#329,.T.);
#2132=EDGE_CURVE('',#1660,#1649,#1058,.T.);
#2133=EDGE_CURVE('',#1661,#1662,#330,.T.);
#2134=EDGE_CURVE('',#1662,#1661,#331,.T.);
#2135=EDGE_CURVE('',#1662,#1616,#1059,.T.);
#2136=EDGE_CURVE('',#1663,#1664,#332,.T.);
#2137=EDGE_CURVE('',#1663,#1665,#1060,.T.);
#2138=EDGE_CURVE('',#1666,#1665,#333,.T.);
#2139=EDGE_CURVE('',#1664,#1666,#1061,.T.);
#2140=EDGE_CURVE('',#1664,#1667,#334,.T.);
#2141=EDGE_CURVE('',#1668,#1666,#335,.T.);
#2142=EDGE_CURVE('',#1667,#1668,#1062,.T.);
#2143=EDGE_CURVE('',#1667,#1669,#1063,.T.);
#2144=EDGE_CURVE('',#1670,#1668,#1064,.T.);
#2145=EDGE_CURVE('',#1669,#1670,#1065,.T.);
#2146=EDGE_CURVE('',#1669,#1671,#336,.T.);
#2147=EDGE_CURVE('',#1672,#1670,#337,.T.);
#2148=EDGE_CURVE('',#1671,#1672,#1066,.T.);
#2149=EDGE_CURVE('',#1671,#1673,#1067,.T.);
#2150=EDGE_CURVE('',#1674,#1672,#1068,.T.);
#2151=EDGE_CURVE('',#1673,#1674,#1069,.T.);
#2152=EDGE_CURVE('',#1673,#1675,#338,.T.);
#2153=EDGE_CURVE('',#1676,#1674,#339,.T.);
#2154=EDGE_CURVE('',#1675,#1676,#1070,.T.);
#2155=EDGE_CURVE('',#1675,#1677,#1071,.T.);
#2156=EDGE_CURVE('',#1678,#1676,#1072,.T.);
#2157=EDGE_CURVE('',#1677,#1678,#1073,.T.);
#2158=EDGE_CURVE('',#1677,#1679,#340,.T.);
#2159=EDGE_CURVE('',#1680,#1678,#341,.T.);
#2160=EDGE_CURVE('',#1679,#1680,#1074,.T.);
#2161=EDGE_CURVE('',#1679,#1681,#342,.T.);
#2162=EDGE_CURVE('',#1682,#1680,#343,.T.);
#2163=EDGE_CURVE('',#1681,#1682,#1075,.T.);
#2164=EDGE_CURVE('',#1681,#1683,#344,.T.);
#2165=EDGE_CURVE('',#1684,#1682,#345,.T.);
#2166=EDGE_CURVE('',#1683,#1684,#1076,.T.);
#2167=EDGE_CURVE('',#1683,#1685,#1077,.T.);
#2168=EDGE_CURVE('',#1686,#1684,#1078,.T.);
#2169=EDGE_CURVE('',#1685,#1686,#1079,.T.);
#2170=EDGE_CURVE('',#1685,#1687,#346,.T.);
#2171=EDGE_CURVE('',#1688,#1686,#347,.T.);
#2172=EDGE_CURVE('',#1687,#1688,#1080,.T.);
#2173=EDGE_CURVE('',#1687,#1689,#1081,.T.);
#2174=EDGE_CURVE('',#1690,#1688,#1082,.T.);
#2175=EDGE_CURVE('',#1689,#1690,#1083,.T.);
#2176=EDGE_CURVE('',#1689,#1691,#348,.T.);
#2177=EDGE_CURVE('',#1692,#1690,#349,.T.);
#2178=EDGE_CURVE('',#1691,#1692,#1084,.T.);
#2179=EDGE_CURVE('',#1691,#1693,#1085,.T.);
#2180=EDGE_CURVE('',#1694,#1692,#1086,.T.);
#2181=EDGE_CURVE('',#1693,#1694,#1087,.T.);
#2182=EDGE_CURVE('',#1693,#1663,#350,.T.);
#2183=EDGE_CURVE('',#1665,#1694,#351,.T.);
#2184=EDGE_CURVE('',#1551,#1695,#352,.T.);
#2185=EDGE_CURVE('',#1695,#1646,#1088,.T.);
#2186=EDGE_CURVE('',#1501,#1558,#353,.T.);
#2187=EDGE_CURVE('',#1557,#1554,#354,.T.);
#2188=EDGE_CURVE('',#1637,#1643,#1089,.T.);
#2189=EDGE_CURVE('',#1563,#1484,#355,.T.);
#2190=EDGE_CURVE('',#1696,#1697,#356,.T.);
#2191=EDGE_CURVE('',#1697,#1698,#357,.T.);
#2192=EDGE_CURVE('',#1698,#1699,#358,.T.);
#2193=EDGE_CURVE('',#1699,#1696,#359,.T.);
#2194=EDGE_CURVE('',#1700,#1701,#360,.T.);
#2195=EDGE_CURVE('',#1701,#1699,#1090,.T.);
#2196=EDGE_CURVE('',#1698,#1700,#1091,.T.);
#2197=EDGE_CURVE('',#1702,#1703,#361,.T.);
#2198=EDGE_CURVE('',#1703,#1701,#362,.T.);
#2199=EDGE_CURVE('',#1700,#1702,#363,.T.);
#2200=EDGE_CURVE('',#1704,#1705,#364,.T.);
#2201=EDGE_CURVE('',#1705,#1703,#1092,.T.);
#2202=EDGE_CURVE('',#1702,#1704,#1093,.T.);
#2203=EDGE_CURVE('',#1706,#1707,#365,.T.);
#2204=EDGE_CURVE('',#1707,#1705,#366,.T.);
#2205=EDGE_CURVE('',#1704,#1706,#367,.T.);
#2206=EDGE_CURVE('',#1708,#1709,#368,.T.);
#2207=EDGE_CURVE('',#1709,#1707,#369,.T.);
#2208=EDGE_CURVE('',#1706,#1708,#370,.T.);
#2209=EDGE_CURVE('',#1710,#1711,#371,.T.);
#2210=EDGE_CURVE('',#1711,#1709,#372,.T.);
#2211=EDGE_CURVE('',#1708,#1710,#373,.T.);
#2212=EDGE_CURVE('',#1712,#1713,#374,.T.);
#2213=EDGE_CURVE('',#1713,#1711,#1094,.T.);
#2214=EDGE_CURVE('',#1710,#1712,#1095,.T.);
#2215=EDGE_CURVE('',#1714,#1715,#375,.T.);
#2216=EDGE_CURVE('',#1715,#1713,#376,.T.);
#2217=EDGE_CURVE('',#1712,#1714,#377,.T.);
#2218=EDGE_CURVE('',#1716,#1717,#378,.T.);
#2219=EDGE_CURVE('',#1717,#1715,#1096,.T.);
#2220=EDGE_CURVE('',#1714,#1716,#1097,.T.);
#2221=EDGE_CURVE('',#1718,#1719,#379,.T.);
#2222=EDGE_CURVE('',#1719,#1717,#380,.T.);
#2223=EDGE_CURVE('',#1716,#1718,#381,.T.);
#2224=EDGE_CURVE('',#1720,#1721,#382,.T.);
#2225=EDGE_CURVE('',#1721,#1719,#1098,.T.);
#2226=EDGE_CURVE('',#1718,#1720,#1099,.T.);
#2227=EDGE_CURVE('',#1722,#1723,#383,.T.);
#2228=EDGE_CURVE('',#1723,#1721,#384,.T.);
#2229=EDGE_CURVE('',#1720,#1722,#385,.T.);
#2230=EDGE_CURVE('',#1724,#1725,#386,.T.);
#2231=EDGE_CURVE('',#1725,#1723,#387,.T.);
#2232=EDGE_CURVE('',#1722,#1724,#388,.T.);
#2233=EDGE_CURVE('',#1726,#1727,#389,.T.);
#2234=EDGE_CURVE('',#1727,#1725,#390,.T.);
#2235=EDGE_CURVE('',#1724,#1726,#391,.T.);
#2236=EDGE_CURVE('',#1696,#1727,#1100,.T.);
#2237=EDGE_CURVE('',#1726,#1697,#1101,.T.);
#2238=EDGE_CURVE('',#1728,#1717,#1102,.T.);
#2239=EDGE_CURVE('',#1729,#1728,#1103,.T.);
#2240=EDGE_CURVE('',#1715,#1729,#1104,.T.);
#2241=EDGE_CURVE('',#1719,#1730,#1105,.T.);
#2242=EDGE_CURVE('',#1730,#1728,#392,.T.);
#2243=EDGE_CURVE('',#1731,#1721,#1106,.T.);
#2244=EDGE_CURVE('',#1730,#1731,#1107,.T.);
#2245=EDGE_CURVE('',#1723,#1732,#1108,.T.);
#2246=EDGE_CURVE('',#1732,#1731,#393,.T.);
#2247=EDGE_CURVE('',#1733,#1725,#1109,.T.);
#2248=EDGE_CURVE('',#1732,#1733,#394,.T.);
#2249=EDGE_CURVE('',#1727,#1734,#1110,.T.);
#2250=EDGE_CURVE('',#1734,#1733,#395,.T.);
#2251=EDGE_CURVE('',#1735,#1696,#1111,.T.);
#2252=EDGE_CURVE('',#1734,#1735,#1112,.T.);
#2253=EDGE_CURVE('',#1699,#1736,#1113,.T.);
#2254=EDGE_CURVE('',#1736,#1735,#396,.T.);
#2255=EDGE_CURVE('',#1602,#1695,#1114,.T.);
#2256=EDGE_CURVE('',#1711,#1737,#1115,.T.);
#2257=EDGE_CURVE('',#1737,#1738,#397,.T.);
#2258=EDGE_CURVE('',#1738,#1709,#1116,.T.);
#2259=EDGE_CURVE('',#1739,#1738,#398,.T.);
#2260=EDGE_CURVE('',#1707,#1739,#1117,.T.);
#2261=EDGE_CURVE('',#1739,#1740,#399,.T.);
#2262=EDGE_CURVE('',#1740,#1705,#1118,.T.);
#2263=EDGE_CURVE('',#1741,#1701,#1119,.T.);
#2264=EDGE_CURVE('',#1736,#1741,#1120,.T.);
#2265=EDGE_CURVE('',#1729,#1742,#400,.T.);
#2266=EDGE_CURVE('',#1742,#1713,#1121,.T.);
#2267=EDGE_CURVE('',#1703,#1743,#1122,.T.);
#2268=EDGE_CURVE('',#1743,#1741,#401,.T.);
#2269=EDGE_CURVE('',#1743,#1740,#1123,.T.);
#2270=EDGE_CURVE('',#1737,#1742,#1124,.T.);
#2271=ORIENTED_EDGE('',*,*,#1744,.F.);
#2272=ORIENTED_EDGE('',*,*,#1745,.F.);
#2273=ORIENTED_EDGE('',*,*,#1746,.F.);
#2274=ORIENTED_EDGE('',*,*,#1747,.F.);
#2275=ORIENTED_EDGE('',*,*,#1748,.F.);
#2276=ORIENTED_EDGE('',*,*,#1749,.T.);
#2277=ORIENTED_EDGE('',*,*,#1750,.F.);
#2278=ORIENTED_EDGE('',*,*,#1745,.T.);
#2279=ORIENTED_EDGE('',*,*,#1751,.F.);
#2280=ORIENTED_EDGE('',*,*,#1746,.T.);
#2281=ORIENTED_EDGE('',*,*,#1750,.T.);
#2282=ORIENTED_EDGE('',*,*,#1752,.T.);
#2283=ORIENTED_EDGE('',*,*,#1753,.F.);
#2284=ORIENTED_EDGE('',*,*,#1752,.F.);
#2285=ORIENTED_EDGE('',*,*,#1749,.F.);
#2286=ORIENTED_EDGE('',*,*,#1754,.F.);
#2287=ORIENTED_EDGE('',*,*,#1755,.F.);
#2288=ORIENTED_EDGE('',*,*,#1756,.F.);
#2289=ORIENTED_EDGE('',*,*,#1757,.F.);
#2290=ORIENTED_EDGE('',*,*,#1758,.F.);
#2291=ORIENTED_EDGE('',*,*,#1759,.T.);
#2292=ORIENTED_EDGE('',*,*,#1760,.F.);
#2293=ORIENTED_EDGE('',*,*,#1755,.T.);
#2294=ORIENTED_EDGE('',*,*,#1761,.F.);
#2295=ORIENTED_EDGE('',*,*,#1756,.T.);
#2296=ORIENTED_EDGE('',*,*,#1760,.T.);
#2297=ORIENTED_EDGE('',*,*,#1762,.T.);
#2298=ORIENTED_EDGE('',*,*,#1763,.F.);
#2299=ORIENTED_EDGE('',*,*,#1762,.F.);
#2300=ORIENTED_EDGE('',*,*,#1759,.F.);
#2301=ORIENTED_EDGE('',*,*,#1764,.F.);
#2302=ORIENTED_EDGE('',*,*,#1765,.T.);
#2303=ORIENTED_EDGE('',*,*,#1766,.T.);
#2304=ORIENTED_EDGE('',*,*,#1767,.T.);
#2305=ORIENTED_EDGE('',*,*,#1768,.T.);
#2306=ORIENTED_EDGE('',*,*,#1769,.T.);
#2307=ORIENTED_EDGE('',*,*,#1770,.F.);
#2308=ORIENTED_EDGE('',*,*,#1747,.T.);
#2309=ORIENTED_EDGE('',*,*,#1744,.T.);
#2310=ORIENTED_EDGE('',*,*,#1751,.T.);
#2311=ORIENTED_EDGE('',*,*,#1753,.T.);
#2312=ORIENTED_EDGE('',*,*,#1748,.T.);
#2313=ORIENTED_EDGE('',*,*,#1771,.F.);
#2314=ORIENTED_EDGE('',*,*,#1772,.T.);
#2315=ORIENTED_EDGE('',*,*,#1773,.T.);
#2316=ORIENTED_EDGE('',*,*,#1772,.F.);
#2317=ORIENTED_EDGE('',*,*,#1774,.F.);
#2318=ORIENTED_EDGE('',*,*,#1757,.T.);
#2319=ORIENTED_EDGE('',*,*,#1754,.T.);
#2320=ORIENTED_EDGE('',*,*,#1761,.T.);
#2321=ORIENTED_EDGE('',*,*,#1763,.T.);
#2322=ORIENTED_EDGE('',*,*,#1758,.T.);
#2323=ORIENTED_EDGE('',*,*,#1766,.F.);
#2324=ORIENTED_EDGE('',*,*,#1775,.F.);
#2325=ORIENTED_EDGE('',*,*,#1776,.F.);
#2326=ORIENTED_EDGE('',*,*,#1765,.F.);
#2327=ORIENTED_EDGE('',*,*,#1769,.F.);
#2328=ORIENTED_EDGE('',*,*,#1777,.T.);
#2329=ORIENTED_EDGE('',*,*,#1778,.F.);
#2330=ORIENTED_EDGE('',*,*,#1775,.T.);
#2331=ORIENTED_EDGE('',*,*,#1767,.F.);
#2332=ORIENTED_EDGE('',*,*,#1776,.T.);
#2333=ORIENTED_EDGE('',*,*,#1778,.T.);
#2334=ORIENTED_EDGE('',*,*,#1779,.T.);
#2335=ORIENTED_EDGE('',*,*,#1768,.F.);
#2336=ORIENTED_EDGE('',*,*,#1779,.F.);
#2337=ORIENTED_EDGE('',*,*,#1777,.F.);
#2338=ORIENTED_EDGE('',*,*,#1780,.F.);
#2339=ORIENTED_EDGE('',*,*,#1781,.T.);
#2340=ORIENTED_EDGE('',*,*,#1782,.T.);
#2341=ORIENTED_EDGE('',*,*,#1783,.F.);
#2342=ORIENTED_EDGE('',*,*,#1784,.F.);
#2343=ORIENTED_EDGE('',*,*,#1785,.F.);
#2344=ORIENTED_EDGE('',*,*,#1786,.F.);
#2345=ORIENTED_EDGE('',*,*,#1781,.F.);
#2346=ORIENTED_EDGE('',*,*,#1787,.F.);
#2347=ORIENTED_EDGE('',*,*,#1782,.F.);
#2348=ORIENTED_EDGE('',*,*,#1786,.T.);
#2349=ORIENTED_EDGE('',*,*,#1788,.F.);
#2350=ORIENTED_EDGE('',*,*,#1789,.F.);
#2351=ORIENTED_EDGE('',*,*,#1788,.T.);
#2352=ORIENTED_EDGE('',*,*,#1785,.T.);
#2353=ORIENTED_EDGE('',*,*,#1790,.F.);
#2354=ORIENTED_EDGE('',*,*,#1791,.T.);
#2355=ORIENTED_EDGE('',*,*,#1792,.T.);
#2356=ORIENTED_EDGE('',*,*,#1793,.F.);
#2357=ORIENTED_EDGE('',*,*,#1794,.F.);
#2358=ORIENTED_EDGE('',*,*,#1795,.F.);
#2359=ORIENTED_EDGE('',*,*,#1796,.F.);
#2360=ORIENTED_EDGE('',*,*,#1791,.F.);
#2361=ORIENTED_EDGE('',*,*,#1797,.F.);
#2362=ORIENTED_EDGE('',*,*,#1792,.F.);
#2363=ORIENTED_EDGE('',*,*,#1796,.T.);
#2364=ORIENTED_EDGE('',*,*,#1798,.F.);
#2365=ORIENTED_EDGE('',*,*,#1799,.F.);
#2366=ORIENTED_EDGE('',*,*,#1798,.T.);
#2367=ORIENTED_EDGE('',*,*,#1795,.T.);
#2368=ORIENTED_EDGE('',*,*,#1800,.F.);
#2369=ORIENTED_EDGE('',*,*,#1801,.T.);
#2370=ORIENTED_EDGE('',*,*,#1802,.T.);
#2371=ORIENTED_EDGE('',*,*,#1803,.T.);
#2372=ORIENTED_EDGE('',*,*,#1804,.T.);
#2373=ORIENTED_EDGE('',*,*,#1805,.T.);
#2374=ORIENTED_EDGE('',*,*,#1806,.F.);
#2375=ORIENTED_EDGE('',*,*,#1793,.T.);
#2376=ORIENTED_EDGE('',*,*,#1790,.T.);
#2377=ORIENTED_EDGE('',*,*,#1797,.T.);
#2378=ORIENTED_EDGE('',*,*,#1799,.T.);
#2379=ORIENTED_EDGE('',*,*,#1794,.T.);
#2380=ORIENTED_EDGE('',*,*,#1807,.F.);
#2381=ORIENTED_EDGE('',*,*,#1808,.T.);
#2382=ORIENTED_EDGE('',*,*,#1809,.T.);
#2383=ORIENTED_EDGE('',*,*,#1808,.F.);
#2384=ORIENTED_EDGE('',*,*,#1810,.F.);
#2385=ORIENTED_EDGE('',*,*,#1783,.T.);
#2386=ORIENTED_EDGE('',*,*,#1780,.T.);
#2387=ORIENTED_EDGE('',*,*,#1787,.T.);
#2388=ORIENTED_EDGE('',*,*,#1789,.T.);
#2389=ORIENTED_EDGE('',*,*,#1784,.T.);
#2390=ORIENTED_EDGE('',*,*,#1802,.F.);
#2391=ORIENTED_EDGE('',*,*,#1811,.T.);
#2392=ORIENTED_EDGE('',*,*,#1812,.T.);
#2393=ORIENTED_EDGE('',*,*,#1801,.F.);
#2394=ORIENTED_EDGE('',*,*,#1805,.F.);
#2395=ORIENTED_EDGE('',*,*,#1813,.F.);
#2396=ORIENTED_EDGE('',*,*,#1814,.F.);
#2397=ORIENTED_EDGE('',*,*,#1811,.F.);
#2398=ORIENTED_EDGE('',*,*,#1803,.F.);
#2399=ORIENTED_EDGE('',*,*,#1812,.F.);
#2400=ORIENTED_EDGE('',*,*,#1814,.T.);
#2401=ORIENTED_EDGE('',*,*,#1815,.F.);
#2402=ORIENTED_EDGE('',*,*,#1804,.F.);
#2403=ORIENTED_EDGE('',*,*,#1815,.T.);
#2404=ORIENTED_EDGE('',*,*,#1813,.T.);
#2405=ORIENTED_EDGE('',*,*,#1816,.F.);
#2406=ORIENTED_EDGE('',*,*,#1817,.T.);
#2407=ORIENTED_EDGE('',*,*,#1818,.T.);
#2408=ORIENTED_EDGE('',*,*,#1819,.F.);
#2409=ORIENTED_EDGE('',*,*,#1820,.F.);
#2410=ORIENTED_EDGE('',*,*,#1821,.F.);
#2411=ORIENTED_EDGE('',*,*,#1817,.F.);
#2412=ORIENTED_EDGE('',*,*,#1822,.F.);
#2413=ORIENTED_EDGE('',*,*,#1818,.F.);
#2414=ORIENTED_EDGE('',*,*,#1821,.T.);
#2415=ORIENTED_EDGE('',*,*,#1823,.F.);
#2416=ORIENTED_EDGE('',*,*,#1824,.F.);
#2417=ORIENTED_EDGE('',*,*,#1825,.F.);
#2418=ORIENTED_EDGE('',*,*,#1823,.T.);
#2419=ORIENTED_EDGE('',*,*,#1820,.T.);
#2420=ORIENTED_EDGE('',*,*,#1826,.F.);
#2421=ORIENTED_EDGE('',*,*,#1827,.T.);
#2422=ORIENTED_EDGE('',*,*,#1828,.T.);
#2423=ORIENTED_EDGE('',*,*,#1829,.F.);
#2424=ORIENTED_EDGE('',*,*,#1830,.F.);
#2425=ORIENTED_EDGE('',*,*,#1831,.F.);
#2426=ORIENTED_EDGE('',*,*,#1827,.F.);
#2427=ORIENTED_EDGE('',*,*,#1832,.F.);
#2428=ORIENTED_EDGE('',*,*,#1828,.F.);
#2429=ORIENTED_EDGE('',*,*,#1831,.T.);
#2430=ORIENTED_EDGE('',*,*,#1833,.F.);
#2431=ORIENTED_EDGE('',*,*,#1834,.F.);
#2432=ORIENTED_EDGE('',*,*,#1835,.F.);
#2433=ORIENTED_EDGE('',*,*,#1833,.T.);
#2434=ORIENTED_EDGE('',*,*,#1830,.T.);
#2435=ORIENTED_EDGE('',*,*,#1836,.F.);
#2436=ORIENTED_EDGE('',*,*,#1837,.T.);
#2437=ORIENTED_EDGE('',*,*,#1838,.T.);
#2438=ORIENTED_EDGE('',*,*,#1839,.T.);
#2439=ORIENTED_EDGE('',*,*,#1840,.T.);
#2440=ORIENTED_EDGE('',*,*,#1841,.T.);
#2441=ORIENTED_EDGE('',*,*,#1842,.F.);
#2442=ORIENTED_EDGE('',*,*,#1834,.T.);
#2443=ORIENTED_EDGE('',*,*,#1835,.T.);
#2444=ORIENTED_EDGE('',*,*,#1829,.T.);
#2445=ORIENTED_EDGE('',*,*,#1826,.T.);
#2446=ORIENTED_EDGE('',*,*,#1832,.T.);
#2447=ORIENTED_EDGE('',*,*,#1843,.F.);
#2448=ORIENTED_EDGE('',*,*,#1844,.T.);
#2449=ORIENTED_EDGE('',*,*,#1845,.T.);
#2450=ORIENTED_EDGE('',*,*,#1844,.F.);
#2451=ORIENTED_EDGE('',*,*,#1846,.F.);
#2452=ORIENTED_EDGE('',*,*,#1824,.T.);
#2453=ORIENTED_EDGE('',*,*,#1825,.T.);
#2454=ORIENTED_EDGE('',*,*,#1819,.T.);
#2455=ORIENTED_EDGE('',*,*,#1816,.T.);
#2456=ORIENTED_EDGE('',*,*,#1822,.T.);
#2457=ORIENTED_EDGE('',*,*,#1840,.F.);
#2458=ORIENTED_EDGE('',*,*,#1847,.T.);
#2459=ORIENTED_EDGE('',*,*,#1848,.T.);
#2460=ORIENTED_EDGE('',*,*,#1839,.F.);
#2461=ORIENTED_EDGE('',*,*,#1849,.F.);
#2462=ORIENTED_EDGE('',*,*,#1850,.F.);
#2463=ORIENTED_EDGE('',*,*,#1847,.F.);
#2464=ORIENTED_EDGE('',*,*,#1841,.F.);
#2465=ORIENTED_EDGE('',*,*,#1848,.F.);
#2466=ORIENTED_EDGE('',*,*,#1850,.T.);
#2467=ORIENTED_EDGE('',*,*,#1851,.F.);
#2468=ORIENTED_EDGE('',*,*,#1837,.F.);
#2469=ORIENTED_EDGE('',*,*,#1838,.F.);
#2470=ORIENTED_EDGE('',*,*,#1851,.T.);
#2471=ORIENTED_EDGE('',*,*,#1849,.T.);
#2472=ORIENTED_EDGE('',*,*,#1852,.T.);
#2473=ORIENTED_EDGE('',*,*,#1853,.T.);
#2474=ORIENTED_EDGE('',*,*,#1854,.T.);
#2475=ORIENTED_EDGE('',*,*,#1855,.F.);
#2476=ORIENTED_EDGE('',*,*,#1856,.F.);
#2477=ORIENTED_EDGE('',*,*,#1854,.F.);
#2478=ORIENTED_EDGE('',*,*,#1857,.F.);
#2479=ORIENTED_EDGE('',*,*,#1858,.F.);
#2480=ORIENTED_EDGE('',*,*,#1859,.T.);
#2481=ORIENTED_EDGE('',*,*,#1852,.F.);
#2482=ORIENTED_EDGE('',*,*,#1853,.F.);
#2483=ORIENTED_EDGE('',*,*,#1859,.F.);
#2484=ORIENTED_EDGE('',*,*,#1860,.T.);
#2485=ORIENTED_EDGE('',*,*,#1861,.T.);
#2486=ORIENTED_EDGE('',*,*,#1862,.T.);
#2487=ORIENTED_EDGE('',*,*,#1863,.F.);
#2488=ORIENTED_EDGE('',*,*,#1864,.F.);
#2489=ORIENTED_EDGE('',*,*,#1862,.F.);
#2490=ORIENTED_EDGE('',*,*,#1865,.F.);
#2491=ORIENTED_EDGE('',*,*,#1866,.F.);
#2492=ORIENTED_EDGE('',*,*,#1867,.T.);
#2493=ORIENTED_EDGE('',*,*,#1860,.F.);
#2494=ORIENTED_EDGE('',*,*,#1861,.F.);
#2495=ORIENTED_EDGE('',*,*,#1867,.F.);
#2496=ORIENTED_EDGE('',*,*,#1868,.F.);
#2497=ORIENTED_EDGE('',*,*,#1869,.F.);
#2498=ORIENTED_EDGE('',*,*,#1870,.T.);
#2499=ORIENTED_EDGE('',*,*,#1863,.T.);
#2500=ORIENTED_EDGE('',*,*,#1864,.T.);
#2501=ORIENTED_EDGE('',*,*,#1870,.F.);
#2502=ORIENTED_EDGE('',*,*,#1871,.F.);
#2503=ORIENTED_EDGE('',*,*,#1872,.F.);
#2504=ORIENTED_EDGE('',*,*,#1873,.T.);
#2505=ORIENTED_EDGE('',*,*,#1855,.T.);
#2506=ORIENTED_EDGE('',*,*,#1856,.T.);
#2507=ORIENTED_EDGE('',*,*,#1873,.F.);
#2508=ORIENTED_EDGE('',*,*,#1874,.F.);
#2509=ORIENTED_EDGE('',*,*,#1875,.F.);
#2510=ORIENTED_EDGE('',*,*,#1876,.F.);
#2511=ORIENTED_EDGE('',*,*,#1877,.F.);
#2512=ORIENTED_EDGE('',*,*,#1878,.F.);
#2513=ORIENTED_EDGE('',*,*,#1879,.F.);
#2514=ORIENTED_EDGE('',*,*,#1880,.F.);
#2515=ORIENTED_EDGE('',*,*,#1881,.F.);
#2516=ORIENTED_EDGE('',*,*,#1881,.T.);
#2517=ORIENTED_EDGE('',*,*,#1882,.F.);
#2518=ORIENTED_EDGE('',*,*,#1883,.F.);
#2519=ORIENTED_EDGE('',*,*,#1884,.F.);
#2520=ORIENTED_EDGE('',*,*,#1885,.F.);
#2521=ORIENTED_EDGE('',*,*,#1886,.T.);
#2522=ORIENTED_EDGE('',*,*,#1887,.T.);
#2523=ORIENTED_EDGE('',*,*,#1888,.F.);
#2524=ORIENTED_EDGE('',*,*,#1889,.F.);
#2525=ORIENTED_EDGE('',*,*,#1887,.F.);
#2526=ORIENTED_EDGE('',*,*,#1890,.F.);
#2527=ORIENTED_EDGE('',*,*,#1891,.F.);
#2528=ORIENTED_EDGE('',*,*,#1892,.F.);
#2529=ORIENTED_EDGE('',*,*,#1893,.T.);
#2530=ORIENTED_EDGE('',*,*,#1894,.T.);
#2531=ORIENTED_EDGE('',*,*,#1895,.F.);
#2532=ORIENTED_EDGE('',*,*,#1896,.F.);
#2533=ORIENTED_EDGE('',*,*,#1897,.F.);
#2534=ORIENTED_EDGE('',*,*,#1894,.F.);
#2535=ORIENTED_EDGE('',*,*,#1898,.F.);
#2536=ORIENTED_EDGE('',*,*,#1899,.T.);
#2537=ORIENTED_EDGE('',*,*,#1900,.F.);
#2538=ORIENTED_EDGE('',*,*,#1901,.T.);
#2539=ORIENTED_EDGE('',*,*,#1902,.F.);
#2540=ORIENTED_EDGE('',*,*,#1903,.T.);
#2541=ORIENTED_EDGE('',*,*,#1885,.T.);
#2542=ORIENTED_EDGE('',*,*,#1904,.T.);
#2543=ORIENTED_EDGE('',*,*,#1892,.T.);
#2544=ORIENTED_EDGE('',*,*,#1896,.T.);
#2545=ORIENTED_EDGE('',*,*,#1905,.F.);
#2546=ORIENTED_EDGE('',*,*,#1906,.F.);
#2547=ORIENTED_EDGE('',*,*,#1907,.T.);
#2548=ORIENTED_EDGE('',*,*,#1908,.T.);
#2549=ORIENTED_EDGE('',*,*,#1909,.T.);
#2550=ORIENTED_EDGE('',*,*,#1910,.T.);
#2551=ORIENTED_EDGE('',*,*,#1911,.T.);
#2552=ORIENTED_EDGE('',*,*,#1909,.F.);
#2553=ORIENTED_EDGE('',*,*,#1910,.F.);
#2554=ORIENTED_EDGE('',*,*,#1911,.F.);
#2555=ORIENTED_EDGE('',*,*,#1912,.T.);
#2556=ORIENTED_EDGE('',*,*,#1913,.F.);
#2557=ORIENTED_EDGE('',*,*,#1912,.F.);
#2558=ORIENTED_EDGE('',*,*,#1908,.F.);
#2559=ORIENTED_EDGE('',*,*,#1914,.T.);
#2560=ORIENTED_EDGE('',*,*,#1913,.T.);
#2561=ORIENTED_EDGE('',*,*,#1915,.T.);
#2562=ORIENTED_EDGE('',*,*,#1916,.T.);
#2563=ORIENTED_EDGE('',*,*,#1917,.F.);
#2564=ORIENTED_EDGE('',*,*,#1918,.T.);
#2565=ORIENTED_EDGE('',*,*,#1915,.F.);
#2566=ORIENTED_EDGE('',*,*,#1917,.T.);
#2567=ORIENTED_EDGE('',*,*,#1919,.F.);
#2568=ORIENTED_EDGE('',*,*,#1920,.T.);
#2569=ORIENTED_EDGE('',*,*,#1921,.F.);
#2570=ORIENTED_EDGE('',*,*,#1922,.F.);
#2571=ORIENTED_EDGE('',*,*,#1923,.F.);
#2572=ORIENTED_EDGE('',*,*,#1924,.F.);
#2573=ORIENTED_EDGE('',*,*,#1925,.F.);
#2574=ORIENTED_EDGE('',*,*,#1926,.T.);
#2575=ORIENTED_EDGE('',*,*,#1927,.F.);
#2576=ORIENTED_EDGE('',*,*,#1928,.F.);
#2577=ORIENTED_EDGE('',*,*,#1926,.F.);
#2578=ORIENTED_EDGE('',*,*,#1924,.T.);
#2579=ORIENTED_EDGE('',*,*,#1925,.T.);
#2580=ORIENTED_EDGE('',*,*,#1929,.F.);
#2581=ORIENTED_EDGE('',*,*,#1930,.F.);
#2582=ORIENTED_EDGE('',*,*,#1931,.T.);
#2583=ORIENTED_EDGE('',*,*,#1932,.F.);
#2584=ORIENTED_EDGE('',*,*,#1933,.F.);
#2585=ORIENTED_EDGE('',*,*,#1931,.F.);
#2586=ORIENTED_EDGE('',*,*,#1929,.T.);
#2587=ORIENTED_EDGE('',*,*,#1930,.T.);
#2588=ORIENTED_EDGE('',*,*,#1934,.F.);
#2589=ORIENTED_EDGE('',*,*,#1935,.F.);
#2590=ORIENTED_EDGE('',*,*,#1936,.T.);
#2591=ORIENTED_EDGE('',*,*,#1937,.F.);
#2592=ORIENTED_EDGE('',*,*,#1938,.F.);
#2593=ORIENTED_EDGE('',*,*,#1936,.F.);
#2594=ORIENTED_EDGE('',*,*,#1934,.T.);
#2595=ORIENTED_EDGE('',*,*,#1935,.T.);
#2596=ORIENTED_EDGE('',*,*,#1939,.F.);
#2597=ORIENTED_EDGE('',*,*,#1940,.F.);
#2598=ORIENTED_EDGE('',*,*,#1941,.T.);
#2599=ORIENTED_EDGE('',*,*,#1942,.F.);
#2600=ORIENTED_EDGE('',*,*,#1943,.F.);
#2601=ORIENTED_EDGE('',*,*,#1941,.F.);
#2602=ORIENTED_EDGE('',*,*,#1939,.T.);
#2603=ORIENTED_EDGE('',*,*,#1940,.T.);
#2604=ORIENTED_EDGE('',*,*,#1944,.F.);
#2605=ORIENTED_EDGE('',*,*,#1945,.T.);
#2606=ORIENTED_EDGE('',*,*,#1914,.F.);
#2607=ORIENTED_EDGE('',*,*,#1945,.F.);
#2608=ORIENTED_EDGE('',*,*,#1946,.F.);
#2609=ORIENTED_EDGE('',*,*,#1944,.T.);
#2610=ORIENTED_EDGE('',*,*,#1947,.F.);
#2611=ORIENTED_EDGE('',*,*,#1948,.F.);
#2612=ORIENTED_EDGE('',*,*,#1949,.F.);
#2613=ORIENTED_EDGE('',*,*,#1950,.F.);
#2614=ORIENTED_EDGE('',*,*,#1951,.F.);
#2615=ORIENTED_EDGE('',*,*,#1952,.F.);
#2616=ORIENTED_EDGE('',*,*,#1953,.F.);
#2617=ORIENTED_EDGE('',*,*,#1954,.F.);
#2618=ORIENTED_EDGE('',*,*,#1955,.F.);
#2619=ORIENTED_EDGE('',*,*,#1956,.F.);
#2620=ORIENTED_EDGE('',*,*,#1957,.F.);
#2621=ORIENTED_EDGE('',*,*,#1958,.F.);
#2622=ORIENTED_EDGE('',*,*,#1959,.F.);
#2623=ORIENTED_EDGE('',*,*,#1960,.F.);
#2624=ORIENTED_EDGE('',*,*,#1961,.F.);
#2625=ORIENTED_EDGE('',*,*,#1962,.F.);
#2626=ORIENTED_EDGE('',*,*,#1879,.T.);
#2627=ORIENTED_EDGE('',*,*,#1963,.F.);
#2628=ORIENTED_EDGE('',*,*,#1964,.T.);
#2629=ORIENTED_EDGE('',*,*,#1965,.F.);
#2630=ORIENTED_EDGE('',*,*,#1952,.T.);
#2631=ORIENTED_EDGE('',*,*,#1966,.F.);
#2632=ORIENTED_EDGE('',*,*,#1967,.T.);
#2633=ORIENTED_EDGE('',*,*,#1968,.F.);
#2634=ORIENTED_EDGE('',*,*,#1954,.T.);
#2635=ORIENTED_EDGE('',*,*,#1969,.F.);
#2636=ORIENTED_EDGE('',*,*,#1970,.F.);
#2637=ORIENTED_EDGE('',*,*,#1971,.F.);
#2638=ORIENTED_EDGE('',*,*,#1875,.T.);
#2639=ORIENTED_EDGE('',*,*,#1972,.F.);
#2640=ORIENTED_EDGE('',*,*,#1973,.T.);
#2641=ORIENTED_EDGE('',*,*,#1974,.F.);
#2642=ORIENTED_EDGE('',*,*,#1877,.T.);
#2643=ORIENTED_EDGE('',*,*,#1975,.F.);
#2644=ORIENTED_EDGE('',*,*,#1976,.F.);
#2645=ORIENTED_EDGE('',*,*,#1977,.F.);
#2646=ORIENTED_EDGE('',*,*,#1956,.T.);
#2647=ORIENTED_EDGE('',*,*,#1978,.F.);
#2648=ORIENTED_EDGE('',*,*,#1979,.T.);
#2649=ORIENTED_EDGE('',*,*,#1980,.F.);
#2650=ORIENTED_EDGE('',*,*,#1948,.T.);
#2651=ORIENTED_EDGE('',*,*,#1981,.F.);
#2652=ORIENTED_EDGE('',*,*,#1958,.T.);
#2653=ORIENTED_EDGE('',*,*,#1982,.F.);
#2654=ORIENTED_EDGE('',*,*,#1918,.F.);
#2655=ORIENTED_EDGE('',*,*,#1923,.T.);
#2656=ORIENTED_EDGE('',*,*,#1983,.F.);
#2657=ORIENTED_EDGE('',*,*,#1950,.T.);
#2658=ORIENTED_EDGE('',*,*,#1984,.F.);
#2659=ORIENTED_EDGE('',*,*,#1919,.T.);
#2660=ORIENTED_EDGE('',*,*,#1916,.F.);
#2661=ORIENTED_EDGE('',*,*,#1960,.T.);
#2662=ORIENTED_EDGE('',*,*,#1985,.F.);
#2663=ORIENTED_EDGE('',*,*,#1986,.T.);
#2664=ORIENTED_EDGE('',*,*,#1987,.F.);
#2665=ORIENTED_EDGE('',*,*,#1962,.T.);
#2666=ORIENTED_EDGE('',*,*,#1988,.F.);
#2667=ORIENTED_EDGE('',*,*,#1989,.T.);
#2668=ORIENTED_EDGE('',*,*,#1990,.F.);
#2669=ORIENTED_EDGE('',*,*,#1991,.F.);
#2670=ORIENTED_EDGE('',*,*,#1992,.F.);
#2671=ORIENTED_EDGE('',*,*,#1993,.T.);
#2672=ORIENTED_EDGE('',*,*,#1994,.F.);
#2673=ORIENTED_EDGE('',*,*,#1995,.F.);
#2674=ORIENTED_EDGE('',*,*,#1993,.F.);
#2675=ORIENTED_EDGE('',*,*,#1996,.F.);
#2676=ORIENTED_EDGE('',*,*,#1997,.F.);
#2677=ORIENTED_EDGE('',*,*,#1998,.T.);
#2678=ORIENTED_EDGE('',*,*,#1999,.F.);
#2679=ORIENTED_EDGE('',*,*,#2000,.F.);
#2680=ORIENTED_EDGE('',*,*,#1998,.F.);
#2681=ORIENTED_EDGE('',*,*,#2001,.F.);
#2682=ORIENTED_EDGE('',*,*,#2002,.F.);
#2683=ORIENTED_EDGE('',*,*,#2003,.T.);
#2684=ORIENTED_EDGE('',*,*,#2004,.F.);
#2685=ORIENTED_EDGE('',*,*,#2005,.F.);
#2686=ORIENTED_EDGE('',*,*,#2003,.F.);
#2687=ORIENTED_EDGE('',*,*,#2006,.F.);
#2688=ORIENTED_EDGE('',*,*,#2007,.F.);
#2689=ORIENTED_EDGE('',*,*,#2008,.T.);
#2690=ORIENTED_EDGE('',*,*,#2009,.F.);
#2691=ORIENTED_EDGE('',*,*,#2010,.F.);
#2692=ORIENTED_EDGE('',*,*,#2008,.F.);
#2693=ORIENTED_EDGE('',*,*,#1903,.F.);
#2694=ORIENTED_EDGE('',*,*,#1895,.T.);
#2695=ORIENTED_EDGE('',*,*,#1897,.T.);
#2696=ORIENTED_EDGE('',*,*,#1907,.F.);
#2697=ORIENTED_EDGE('',*,*,#2011,.F.);
#2698=ORIENTED_EDGE('',*,*,#2012,.T.);
#2699=ORIENTED_EDGE('',*,*,#1890,.T.);
#2700=ORIENTED_EDGE('',*,*,#1886,.F.);
#2701=ORIENTED_EDGE('',*,*,#1891,.T.);
#2702=ORIENTED_EDGE('',*,*,#2012,.F.);
#2703=ORIENTED_EDGE('',*,*,#2013,.F.);
#2704=ORIENTED_EDGE('',*,*,#2014,.T.);
#2705=ORIENTED_EDGE('',*,*,#1904,.F.);
#2706=ORIENTED_EDGE('',*,*,#1888,.T.);
#2707=ORIENTED_EDGE('',*,*,#1889,.T.);
#2708=ORIENTED_EDGE('',*,*,#2014,.F.);
#2709=ORIENTED_EDGE('',*,*,#2015,.F.);
#2710=ORIENTED_EDGE('',*,*,#1905,.T.);
#2711=ORIENTED_EDGE('',*,*,#1898,.T.);
#2712=ORIENTED_EDGE('',*,*,#1893,.F.);
#2713=ORIENTED_EDGE('',*,*,#2016,.F.);
#2714=ORIENTED_EDGE('',*,*,#2017,.F.);
#2715=ORIENTED_EDGE('',*,*,#2018,.T.);
#2716=ORIENTED_EDGE('',*,*,#1946,.T.);
#2717=ORIENTED_EDGE('',*,*,#2018,.F.);
#2718=ORIENTED_EDGE('',*,*,#1809,.F.);
#2719=ORIENTED_EDGE('',*,*,#1773,.F.);
#2720=ORIENTED_EDGE('',*,*,#1845,.F.);
#2721=ORIENTED_EDGE('',*,*,#2019,.F.);
#2722=ORIENTED_EDGE('',*,*,#2020,.F.);
#2723=ORIENTED_EDGE('',*,*,#2021,.T.);
#2724=ORIENTED_EDGE('',*,*,#2022,.F.);
#2725=ORIENTED_EDGE('',*,*,#2023,.F.);
#2726=ORIENTED_EDGE('',*,*,#2021,.F.);
#2727=ORIENTED_EDGE('',*,*,#2019,.T.);
#2728=ORIENTED_EDGE('',*,*,#2020,.T.);
#2729=ORIENTED_EDGE('',*,*,#1800,.T.);
#2730=ORIENTED_EDGE('',*,*,#1810,.T.);
#2731=ORIENTED_EDGE('',*,*,#1807,.T.);
#2732=ORIENTED_EDGE('',*,*,#1806,.T.);
#2733=ORIENTED_EDGE('',*,*,#2024,.F.);
#2734=ORIENTED_EDGE('',*,*,#2025,.F.);
#2735=ORIENTED_EDGE('',*,*,#2026,.T.);
#2736=ORIENTED_EDGE('',*,*,#2027,.F.);
#2737=ORIENTED_EDGE('',*,*,#2028,.F.);
#2738=ORIENTED_EDGE('',*,*,#2026,.F.);
#2739=ORIENTED_EDGE('',*,*,#2024,.T.);
#2740=ORIENTED_EDGE('',*,*,#2025,.T.);
#2741=ORIENTED_EDGE('',*,*,#1764,.T.);
#2742=ORIENTED_EDGE('',*,*,#1774,.T.);
#2743=ORIENTED_EDGE('',*,*,#1771,.T.);
#2744=ORIENTED_EDGE('',*,*,#1770,.T.);
#2745=ORIENTED_EDGE('',*,*,#2029,.F.);
#2746=ORIENTED_EDGE('',*,*,#2030,.F.);
#2747=ORIENTED_EDGE('',*,*,#2031,.T.);
#2748=ORIENTED_EDGE('',*,*,#2032,.F.);
#2749=ORIENTED_EDGE('',*,*,#2033,.F.);
#2750=ORIENTED_EDGE('',*,*,#2031,.F.);
#2751=ORIENTED_EDGE('',*,*,#2029,.T.);
#2752=ORIENTED_EDGE('',*,*,#2030,.T.);
#2753=ORIENTED_EDGE('',*,*,#1836,.T.);
#2754=ORIENTED_EDGE('',*,*,#1846,.T.);
#2755=ORIENTED_EDGE('',*,*,#1843,.T.);
#2756=ORIENTED_EDGE('',*,*,#1842,.T.);
#2757=ORIENTED_EDGE('',*,*,#1874,.T.);
#2758=ORIENTED_EDGE('',*,*,#1977,.T.);
#2759=ORIENTED_EDGE('',*,*,#2034,.T.);
#2760=ORIENTED_EDGE('',*,*,#1900,.T.);
#2761=ORIENTED_EDGE('',*,*,#2035,.T.);
#2762=ORIENTED_EDGE('',*,*,#2036,.T.);
#2763=ORIENTED_EDGE('',*,*,#2037,.T.);
#2764=ORIENTED_EDGE('',*,*,#1978,.T.);
#2765=ORIENTED_EDGE('',*,*,#1955,.T.);
#2766=ORIENTED_EDGE('',*,*,#1981,.T.);
#2767=ORIENTED_EDGE('',*,*,#1947,.T.);
#2768=ORIENTED_EDGE('',*,*,#1983,.T.);
#2769=ORIENTED_EDGE('',*,*,#1922,.T.);
#2770=ORIENTED_EDGE('',*,*,#2038,.T.);
#2771=ORIENTED_EDGE('',*,*,#2039,.T.);
#2772=ORIENTED_EDGE('',*,*,#2040,.T.);
#2773=ORIENTED_EDGE('',*,*,#2041,.T.);
#2774=ORIENTED_EDGE('',*,*,#1963,.T.);
#2775=ORIENTED_EDGE('',*,*,#1878,.T.);
#2776=ORIENTED_EDGE('',*,*,#1884,.T.);
#2777=ORIENTED_EDGE('',*,*,#2042,.T.);
#2778=ORIENTED_EDGE('',*,*,#1985,.T.);
#2779=ORIENTED_EDGE('',*,*,#1959,.T.);
#2780=ORIENTED_EDGE('',*,*,#1990,.T.);
#2781=ORIENTED_EDGE('',*,*,#2043,.T.);
#2782=ORIENTED_EDGE('',*,*,#2044,.T.);
#2783=ORIENTED_EDGE('',*,*,#2045,.T.);
#2784=ORIENTED_EDGE('',*,*,#2046,.T.);
#2785=ORIENTED_EDGE('',*,*,#2047,.T.);
#2786=ORIENTED_EDGE('',*,*,#2048,.T.);
#2787=ORIENTED_EDGE('',*,*,#2049,.T.);
#2788=ORIENTED_EDGE('',*,*,#1966,.T.);
#2789=ORIENTED_EDGE('',*,*,#1951,.T.);
#2790=ORIENTED_EDGE('',*,*,#1971,.T.);
#2791=ORIENTED_EDGE('',*,*,#2050,.T.);
#2792=ORIENTED_EDGE('',*,*,#1972,.T.);
#2793=ORIENTED_EDGE('',*,*,#1927,.T.);
#2794=ORIENTED_EDGE('',*,*,#1928,.T.);
#2795=ORIENTED_EDGE('',*,*,#1932,.T.);
#2796=ORIENTED_EDGE('',*,*,#1933,.T.);
#2797=ORIENTED_EDGE('',*,*,#1937,.T.);
#2798=ORIENTED_EDGE('',*,*,#1938,.T.);
#2799=ORIENTED_EDGE('',*,*,#1942,.T.);
#2800=ORIENTED_EDGE('',*,*,#1943,.T.);
#2801=ORIENTED_EDGE('',*,*,#2051,.T.);
#2802=ORIENTED_EDGE('',*,*,#2052,.T.);
#2803=ORIENTED_EDGE('',*,*,#2053,.T.);
#2804=ORIENTED_EDGE('',*,*,#2054,.T.);
#2805=ORIENTED_EDGE('',*,*,#2055,.T.);
#2806=ORIENTED_EDGE('',*,*,#2056,.T.);
#2807=ORIENTED_EDGE('',*,*,#2057,.T.);
#2808=ORIENTED_EDGE('',*,*,#2058,.T.);
#2809=ORIENTED_EDGE('',*,*,#2032,.T.);
#2810=ORIENTED_EDGE('',*,*,#2033,.T.);
#2811=ORIENTED_EDGE('',*,*,#2027,.T.);
#2812=ORIENTED_EDGE('',*,*,#2028,.T.);
#2813=ORIENTED_EDGE('',*,*,#2022,.T.);
#2814=ORIENTED_EDGE('',*,*,#2023,.T.);
#2815=ORIENTED_EDGE('',*,*,#2059,.T.);
#2816=ORIENTED_EDGE('',*,*,#2060,.T.);
#2817=ORIENTED_EDGE('',*,*,#2061,.T.);
#2818=ORIENTED_EDGE('',*,*,#2062,.T.);
#2819=ORIENTED_EDGE('',*,*,#2061,.F.);
#2820=ORIENTED_EDGE('',*,*,#2059,.F.);
#2821=ORIENTED_EDGE('',*,*,#2060,.F.);
#2822=ORIENTED_EDGE('',*,*,#2063,.T.);
#2823=ORIENTED_EDGE('',*,*,#2064,.F.);
#2824=ORIENTED_EDGE('',*,*,#2063,.F.);
#2825=ORIENTED_EDGE('',*,*,#2065,.T.);
#2826=ORIENTED_EDGE('',*,*,#2066,.T.);
#2827=ORIENTED_EDGE('',*,*,#2067,.T.);
#2828=ORIENTED_EDGE('',*,*,#2068,.T.);
#2829=ORIENTED_EDGE('',*,*,#2067,.F.);
#2830=ORIENTED_EDGE('',*,*,#2065,.F.);
#2831=ORIENTED_EDGE('',*,*,#2066,.F.);
#2832=ORIENTED_EDGE('',*,*,#2069,.T.);
#2833=ORIENTED_EDGE('',*,*,#2070,.F.);
#2834=ORIENTED_EDGE('',*,*,#2069,.F.);
#2835=ORIENTED_EDGE('',*,*,#2071,.T.);
#2836=ORIENTED_EDGE('',*,*,#2072,.T.);
#2837=ORIENTED_EDGE('',*,*,#2073,.T.);
#2838=ORIENTED_EDGE('',*,*,#2074,.T.);
#2839=ORIENTED_EDGE('',*,*,#2073,.F.);
#2840=ORIENTED_EDGE('',*,*,#2071,.F.);
#2841=ORIENTED_EDGE('',*,*,#2072,.F.);
#2842=ORIENTED_EDGE('',*,*,#2075,.T.);
#2843=ORIENTED_EDGE('',*,*,#2076,.F.);
#2844=ORIENTED_EDGE('',*,*,#2075,.F.);
#2845=ORIENTED_EDGE('',*,*,#2077,.T.);
#2846=ORIENTED_EDGE('',*,*,#2078,.T.);
#2847=ORIENTED_EDGE('',*,*,#2079,.T.);
#2848=ORIENTED_EDGE('',*,*,#2080,.T.);
#2849=ORIENTED_EDGE('',*,*,#2079,.F.);
#2850=ORIENTED_EDGE('',*,*,#2077,.F.);
#2851=ORIENTED_EDGE('',*,*,#2078,.F.);
#2852=ORIENTED_EDGE('',*,*,#2081,.T.);
#2853=ORIENTED_EDGE('',*,*,#2082,.F.);
#2854=ORIENTED_EDGE('',*,*,#2081,.F.);
#2855=ORIENTED_EDGE('',*,*,#2062,.F.);
#2856=ORIENTED_EDGE('',*,*,#2083,.T.);
#2857=ORIENTED_EDGE('',*,*,#2084,.F.);
#2858=ORIENTED_EDGE('',*,*,#2083,.F.);
#2859=ORIENTED_EDGE('',*,*,#2080,.F.);
#2860=ORIENTED_EDGE('',*,*,#2085,.T.);
#2861=ORIENTED_EDGE('',*,*,#2086,.F.);
#2862=ORIENTED_EDGE('',*,*,#2085,.F.);
#2863=ORIENTED_EDGE('',*,*,#2068,.F.);
#2864=ORIENTED_EDGE('',*,*,#2087,.T.);
#2865=ORIENTED_EDGE('',*,*,#2088,.F.);
#2866=ORIENTED_EDGE('',*,*,#2087,.F.);
#2867=ORIENTED_EDGE('',*,*,#2074,.F.);
#2868=ORIENTED_EDGE('',*,*,#2089,.T.);
#2869=ORIENTED_EDGE('',*,*,#2090,.F.);
#2870=ORIENTED_EDGE('',*,*,#2089,.F.);
#2871=ORIENTED_EDGE('',*,*,#2091,.T.);
#2872=ORIENTED_EDGE('',*,*,#2092,.F.);
#2873=ORIENTED_EDGE('',*,*,#2047,.F.);
#2874=ORIENTED_EDGE('',*,*,#2093,.F.);
#2875=ORIENTED_EDGE('',*,*,#2094,.T.);
#2876=ORIENTED_EDGE('',*,*,#2095,.F.);
#2877=ORIENTED_EDGE('',*,*,#2048,.F.);
#2878=ORIENTED_EDGE('',*,*,#2092,.T.);
#2879=ORIENTED_EDGE('',*,*,#2096,.T.);
#2880=ORIENTED_EDGE('',*,*,#1967,.F.);
#2881=ORIENTED_EDGE('',*,*,#2049,.F.);
#2882=ORIENTED_EDGE('',*,*,#2095,.T.);
#2883=ORIENTED_EDGE('',*,*,#2097,.T.);
#2884=ORIENTED_EDGE('',*,*,#1979,.F.);
#2885=ORIENTED_EDGE('',*,*,#2037,.F.);
#2886=ORIENTED_EDGE('',*,*,#2098,.T.);
#2887=ORIENTED_EDGE('',*,*,#2099,.T.);
#2888=ORIENTED_EDGE('',*,*,#2098,.F.);
#2889=ORIENTED_EDGE('',*,*,#2036,.F.);
#2890=ORIENTED_EDGE('',*,*,#2100,.T.);
#2891=ORIENTED_EDGE('',*,*,#2101,.T.);
#2892=ORIENTED_EDGE('',*,*,#2100,.F.);
#2893=ORIENTED_EDGE('',*,*,#2035,.F.);
#2894=ORIENTED_EDGE('',*,*,#1899,.F.);
#2895=ORIENTED_EDGE('',*,*,#2102,.T.);
#2896=ORIENTED_EDGE('',*,*,#2103,.F.);
#2897=ORIENTED_EDGE('',*,*,#2045,.F.);
#2898=ORIENTED_EDGE('',*,*,#2104,.T.);
#2899=ORIENTED_EDGE('',*,*,#2105,.T.);
#2900=ORIENTED_EDGE('',*,*,#2106,.F.);
#2901=ORIENTED_EDGE('',*,*,#2043,.F.);
#2902=ORIENTED_EDGE('',*,*,#1989,.F.);
#2903=ORIENTED_EDGE('',*,*,#2107,.T.);
#2904=ORIENTED_EDGE('',*,*,#2104,.F.);
#2905=ORIENTED_EDGE('',*,*,#2044,.F.);
#2906=ORIENTED_EDGE('',*,*,#2106,.T.);
#2907=ORIENTED_EDGE('',*,*,#2108,.T.);
#2908=ORIENTED_EDGE('',*,*,#2109,.F.);
#2909=ORIENTED_EDGE('',*,*,#2039,.F.);
#2910=ORIENTED_EDGE('',*,*,#2110,.T.);
#2911=ORIENTED_EDGE('',*,*,#2111,.T.);
#2912=ORIENTED_EDGE('',*,*,#2110,.F.);
#2913=ORIENTED_EDGE('',*,*,#2038,.F.);
#2914=ORIENTED_EDGE('',*,*,#1921,.T.);
#2915=ORIENTED_EDGE('',*,*,#2112,.F.);
#2916=ORIENTED_EDGE('',*,*,#2113,.F.);
#2917=ORIENTED_EDGE('',*,*,#2114,.F.);
#2918=ORIENTED_EDGE('',*,*,#2115,.F.);
#2919=ORIENTED_EDGE('',*,*,#2116,.F.);
#2920=ORIENTED_EDGE('',*,*,#2117,.T.);
#2921=ORIENTED_EDGE('',*,*,#2113,.T.);
#2922=ORIENTED_EDGE('',*,*,#2117,.F.);
#2923=ORIENTED_EDGE('',*,*,#2118,.F.);
#2924=ORIENTED_EDGE('',*,*,#2119,.F.);
#2925=ORIENTED_EDGE('',*,*,#2120,.T.);
#2926=ORIENTED_EDGE('',*,*,#2051,.F.);
#2927=ORIENTED_EDGE('',*,*,#2052,.F.);
#2928=ORIENTED_EDGE('',*,*,#2120,.F.);
#2929=ORIENTED_EDGE('',*,*,#2118,.T.);
#2930=ORIENTED_EDGE('',*,*,#2119,.T.);
#2931=ORIENTED_EDGE('',*,*,#2116,.T.);
#2932=ORIENTED_EDGE('',*,*,#2121,.F.);
#2933=ORIENTED_EDGE('',*,*,#2122,.T.);
#2934=ORIENTED_EDGE('',*,*,#2112,.T.);
#2935=ORIENTED_EDGE('',*,*,#2122,.F.);
#2936=ORIENTED_EDGE('',*,*,#2123,.F.);
#2937=ORIENTED_EDGE('',*,*,#2124,.F.);
#2938=ORIENTED_EDGE('',*,*,#2125,.T.);
#2939=ORIENTED_EDGE('',*,*,#2053,.F.);
#2940=ORIENTED_EDGE('',*,*,#2054,.F.);
#2941=ORIENTED_EDGE('',*,*,#2125,.F.);
#2942=ORIENTED_EDGE('',*,*,#2123,.T.);
#2943=ORIENTED_EDGE('',*,*,#2124,.T.);
#2944=ORIENTED_EDGE('',*,*,#2121,.T.);
#2945=ORIENTED_EDGE('',*,*,#2126,.F.);
#2946=ORIENTED_EDGE('',*,*,#2127,.T.);
#2947=ORIENTED_EDGE('',*,*,#2115,.T.);
#2948=ORIENTED_EDGE('',*,*,#2127,.F.);
#2949=ORIENTED_EDGE('',*,*,#2128,.F.);
#2950=ORIENTED_EDGE('',*,*,#2129,.F.);
#2951=ORIENTED_EDGE('',*,*,#2130,.T.);
#2952=ORIENTED_EDGE('',*,*,#2055,.F.);
#2953=ORIENTED_EDGE('',*,*,#2056,.F.);
#2954=ORIENTED_EDGE('',*,*,#2130,.F.);
#2955=ORIENTED_EDGE('',*,*,#2128,.T.);
#2956=ORIENTED_EDGE('',*,*,#2129,.T.);
#2957=ORIENTED_EDGE('',*,*,#2126,.T.);
#2958=ORIENTED_EDGE('',*,*,#2131,.F.);
#2959=ORIENTED_EDGE('',*,*,#2132,.T.);
#2960=ORIENTED_EDGE('',*,*,#2114,.T.);
#2961=ORIENTED_EDGE('',*,*,#2132,.F.);
#2962=ORIENTED_EDGE('',*,*,#2133,.F.);
#2963=ORIENTED_EDGE('',*,*,#2134,.F.);
#2964=ORIENTED_EDGE('',*,*,#2135,.T.);
#2965=ORIENTED_EDGE('',*,*,#2057,.F.);
#2966=ORIENTED_EDGE('',*,*,#2058,.F.);
#2967=ORIENTED_EDGE('',*,*,#2135,.F.);
#2968=ORIENTED_EDGE('',*,*,#2133,.T.);
#2969=ORIENTED_EDGE('',*,*,#2134,.T.);
#2970=ORIENTED_EDGE('',*,*,#2131,.T.);
#2971=ORIENTED_EDGE('',*,*,#2136,.F.);
#2972=ORIENTED_EDGE('',*,*,#2137,.T.);
#2973=ORIENTED_EDGE('',*,*,#2138,.F.);
#2974=ORIENTED_EDGE('',*,*,#2139,.F.);
#2975=ORIENTED_EDGE('',*,*,#2140,.F.);
#2976=ORIENTED_EDGE('',*,*,#2139,.T.);
#2977=ORIENTED_EDGE('',*,*,#2141,.F.);
#2978=ORIENTED_EDGE('',*,*,#2142,.F.);
#2979=ORIENTED_EDGE('',*,*,#2143,.F.);
#2980=ORIENTED_EDGE('',*,*,#2142,.T.);
#2981=ORIENTED_EDGE('',*,*,#2144,.F.);
#2982=ORIENTED_EDGE('',*,*,#2145,.F.);
#2983=ORIENTED_EDGE('',*,*,#2146,.F.);
#2984=ORIENTED_EDGE('',*,*,#2145,.T.);
#2985=ORIENTED_EDGE('',*,*,#2147,.F.);
#2986=ORIENTED_EDGE('',*,*,#2148,.F.);
#2987=ORIENTED_EDGE('',*,*,#2149,.F.);
#2988=ORIENTED_EDGE('',*,*,#2148,.T.);
#2989=ORIENTED_EDGE('',*,*,#2150,.F.);
#2990=ORIENTED_EDGE('',*,*,#2151,.F.);
#2991=ORIENTED_EDGE('',*,*,#2152,.F.);
#2992=ORIENTED_EDGE('',*,*,#2151,.T.);
#2993=ORIENTED_EDGE('',*,*,#2153,.F.);
#2994=ORIENTED_EDGE('',*,*,#2154,.F.);
#2995=ORIENTED_EDGE('',*,*,#2155,.F.);
#2996=ORIENTED_EDGE('',*,*,#2154,.T.);
#2997=ORIENTED_EDGE('',*,*,#2156,.F.);
#2998=ORIENTED_EDGE('',*,*,#2157,.F.);
#2999=ORIENTED_EDGE('',*,*,#2158,.F.);
#3000=ORIENTED_EDGE('',*,*,#2157,.T.);
#3001=ORIENTED_EDGE('',*,*,#2159,.F.);
#3002=ORIENTED_EDGE('',*,*,#2160,.F.);
#3003=ORIENTED_EDGE('',*,*,#2161,.F.);
#3004=ORIENTED_EDGE('',*,*,#2160,.T.);
#3005=ORIENTED_EDGE('',*,*,#2162,.F.);
#3006=ORIENTED_EDGE('',*,*,#2163,.F.);
#3007=ORIENTED_EDGE('',*,*,#2164,.F.);
#3008=ORIENTED_EDGE('',*,*,#2163,.T.);
#3009=ORIENTED_EDGE('',*,*,#2165,.F.);
#3010=ORIENTED_EDGE('',*,*,#2166,.F.);
#3011=ORIENTED_EDGE('',*,*,#2167,.F.);
#3012=ORIENTED_EDGE('',*,*,#2166,.T.);
#3013=ORIENTED_EDGE('',*,*,#2168,.F.);
#3014=ORIENTED_EDGE('',*,*,#2169,.F.);
#3015=ORIENTED_EDGE('',*,*,#2170,.F.);
#3016=ORIENTED_EDGE('',*,*,#2169,.T.);
#3017=ORIENTED_EDGE('',*,*,#2171,.F.);
#3018=ORIENTED_EDGE('',*,*,#2172,.F.);
#3019=ORIENTED_EDGE('',*,*,#2173,.F.);
#3020=ORIENTED_EDGE('',*,*,#2172,.T.);
#3021=ORIENTED_EDGE('',*,*,#2174,.F.);
#3022=ORIENTED_EDGE('',*,*,#2175,.F.);
#3023=ORIENTED_EDGE('',*,*,#2176,.F.);
#3024=ORIENTED_EDGE('',*,*,#2175,.T.);
#3025=ORIENTED_EDGE('',*,*,#2177,.F.);
#3026=ORIENTED_EDGE('',*,*,#2178,.F.);
#3027=ORIENTED_EDGE('',*,*,#2179,.F.);
#3028=ORIENTED_EDGE('',*,*,#2178,.T.);
#3029=ORIENTED_EDGE('',*,*,#2180,.F.);
#3030=ORIENTED_EDGE('',*,*,#2181,.F.);
#3031=ORIENTED_EDGE('',*,*,#2182,.F.);
#3032=ORIENTED_EDGE('',*,*,#2181,.T.);
#3033=ORIENTED_EDGE('',*,*,#2183,.F.);
#3034=ORIENTED_EDGE('',*,*,#2137,.F.);
#3035=ORIENTED_EDGE('',*,*,#2183,.T.);
#3036=ORIENTED_EDGE('',*,*,#2180,.T.);
#3037=ORIENTED_EDGE('',*,*,#2177,.T.);
#3038=ORIENTED_EDGE('',*,*,#2174,.T.);
#3039=ORIENTED_EDGE('',*,*,#2171,.T.);
#3040=ORIENTED_EDGE('',*,*,#2168,.T.);
#3041=ORIENTED_EDGE('',*,*,#2165,.T.);
#3042=ORIENTED_EDGE('',*,*,#2162,.T.);
#3043=ORIENTED_EDGE('',*,*,#2159,.T.);
#3044=ORIENTED_EDGE('',*,*,#2156,.T.);
#3045=ORIENTED_EDGE('',*,*,#2153,.T.);
#3046=ORIENTED_EDGE('',*,*,#2150,.T.);
#3047=ORIENTED_EDGE('',*,*,#2147,.T.);
#3048=ORIENTED_EDGE('',*,*,#2144,.T.);
#3049=ORIENTED_EDGE('',*,*,#2141,.T.);
#3050=ORIENTED_EDGE('',*,*,#2138,.T.);
#3051=ORIENTED_EDGE('',*,*,#1857,.T.);
#3052=ORIENTED_EDGE('',*,*,#1858,.T.);
#3053=ORIENTED_EDGE('',*,*,#1865,.T.);
#3054=ORIENTED_EDGE('',*,*,#1866,.T.);
#3055=ORIENTED_EDGE('',*,*,#2084,.T.);
#3056=ORIENTED_EDGE('',*,*,#2086,.T.);
#3057=ORIENTED_EDGE('',*,*,#2088,.T.);
#3058=ORIENTED_EDGE('',*,*,#2090,.T.);
#3059=ORIENTED_EDGE('',*,*,#2184,.T.);
#3060=ORIENTED_EDGE('',*,*,#2185,.T.);
#3061=ORIENTED_EDGE('',*,*,#2108,.F.);
#3062=ORIENTED_EDGE('',*,*,#2111,.F.);
#3063=ORIENTED_EDGE('',*,*,#1920,.F.);
#3064=ORIENTED_EDGE('',*,*,#1984,.T.);
#3065=ORIENTED_EDGE('',*,*,#1949,.T.);
#3066=ORIENTED_EDGE('',*,*,#1982,.T.);
#3067=ORIENTED_EDGE('',*,*,#1957,.T.);
#3068=ORIENTED_EDGE('',*,*,#1980,.T.);
#3069=ORIENTED_EDGE('',*,*,#2097,.F.);
#3070=ORIENTED_EDGE('',*,*,#2099,.F.);
#3071=ORIENTED_EDGE('',*,*,#2101,.F.);
#3072=ORIENTED_EDGE('',*,*,#1902,.T.);
#3073=ORIENTED_EDGE('',*,*,#2186,.T.);
#3074=ORIENTED_EDGE('',*,*,#1975,.T.);
#3075=ORIENTED_EDGE('',*,*,#1876,.T.);
#3076=ORIENTED_EDGE('',*,*,#1974,.T.);
#3077=ORIENTED_EDGE('',*,*,#2187,.T.);
#3078=ORIENTED_EDGE('',*,*,#1969,.T.);
#3079=ORIENTED_EDGE('',*,*,#1953,.T.);
#3080=ORIENTED_EDGE('',*,*,#1968,.T.);
#3081=ORIENTED_EDGE('',*,*,#2096,.F.);
#3082=ORIENTED_EDGE('',*,*,#2094,.F.);
#3083=ORIENTED_EDGE('',*,*,#2091,.F.);
#3084=ORIENTED_EDGE('',*,*,#2188,.T.);
#3085=ORIENTED_EDGE('',*,*,#2102,.F.);
#3086=ORIENTED_EDGE('',*,*,#2107,.F.);
#3087=ORIENTED_EDGE('',*,*,#2105,.F.);
#3088=ORIENTED_EDGE('',*,*,#1988,.T.);
#3089=ORIENTED_EDGE('',*,*,#1961,.T.);
#3090=ORIENTED_EDGE('',*,*,#1987,.T.);
#3091=ORIENTED_EDGE('',*,*,#2189,.T.);
#3092=ORIENTED_EDGE('',*,*,#1882,.T.);
#3093=ORIENTED_EDGE('',*,*,#1880,.T.);
#3094=ORIENTED_EDGE('',*,*,#1965,.T.);
#3095=ORIENTED_EDGE('',*,*,#2190,.T.);
#3096=ORIENTED_EDGE('',*,*,#2191,.T.);
#3097=ORIENTED_EDGE('',*,*,#2192,.T.);
#3098=ORIENTED_EDGE('',*,*,#2193,.T.);
#3099=ORIENTED_EDGE('',*,*,#2194,.T.);
#3100=ORIENTED_EDGE('',*,*,#2195,.T.);
#3101=ORIENTED_EDGE('',*,*,#2192,.F.);
#3102=ORIENTED_EDGE('',*,*,#2196,.T.);
#3103=ORIENTED_EDGE('',*,*,#2197,.T.);
#3104=ORIENTED_EDGE('',*,*,#2198,.T.);
#3105=ORIENTED_EDGE('',*,*,#2194,.F.);
#3106=ORIENTED_EDGE('',*,*,#2199,.T.);
#3107=ORIENTED_EDGE('',*,*,#2200,.T.);
#3108=ORIENTED_EDGE('',*,*,#2201,.T.);
#3109=ORIENTED_EDGE('',*,*,#2197,.F.);
#3110=ORIENTED_EDGE('',*,*,#2202,.T.);
#3111=ORIENTED_EDGE('',*,*,#2203,.T.);
#3112=ORIENTED_EDGE('',*,*,#2204,.T.);
#3113=ORIENTED_EDGE('',*,*,#2200,.F.);
#3114=ORIENTED_EDGE('',*,*,#2205,.T.);
#3115=ORIENTED_EDGE('',*,*,#2206,.T.);
#3116=ORIENTED_EDGE('',*,*,#2207,.T.);
#3117=ORIENTED_EDGE('',*,*,#2203,.F.);
#3118=ORIENTED_EDGE('',*,*,#2208,.T.);
#3119=ORIENTED_EDGE('',*,*,#2209,.T.);
#3120=ORIENTED_EDGE('',*,*,#2210,.T.);
#3121=ORIENTED_EDGE('',*,*,#2206,.F.);
#3122=ORIENTED_EDGE('',*,*,#2211,.T.);
#3123=ORIENTED_EDGE('',*,*,#2212,.T.);
#3124=ORIENTED_EDGE('',*,*,#2213,.T.);
#3125=ORIENTED_EDGE('',*,*,#2209,.F.);
#3126=ORIENTED_EDGE('',*,*,#2214,.T.);
#3127=ORIENTED_EDGE('',*,*,#2215,.T.);
#3128=ORIENTED_EDGE('',*,*,#2216,.T.);
#3129=ORIENTED_EDGE('',*,*,#2212,.F.);
#3130=ORIENTED_EDGE('',*,*,#2217,.T.);
#3131=ORIENTED_EDGE('',*,*,#2218,.T.);
#3132=ORIENTED_EDGE('',*,*,#2219,.T.);
#3133=ORIENTED_EDGE('',*,*,#2215,.F.);
#3134=ORIENTED_EDGE('',*,*,#2220,.T.);
#3135=ORIENTED_EDGE('',*,*,#2221,.T.);
#3136=ORIENTED_EDGE('',*,*,#2222,.T.);
#3137=ORIENTED_EDGE('',*,*,#2218,.F.);
#3138=ORIENTED_EDGE('',*,*,#2223,.T.);
#3139=ORIENTED_EDGE('',*,*,#2224,.T.);
#3140=ORIENTED_EDGE('',*,*,#2225,.T.);
#3141=ORIENTED_EDGE('',*,*,#2221,.F.);
#3142=ORIENTED_EDGE('',*,*,#2226,.T.);
#3143=ORIENTED_EDGE('',*,*,#2227,.T.);
#3144=ORIENTED_EDGE('',*,*,#2228,.T.);
#3145=ORIENTED_EDGE('',*,*,#2224,.F.);
#3146=ORIENTED_EDGE('',*,*,#2229,.T.);
#3147=ORIENTED_EDGE('',*,*,#2230,.T.);
#3148=ORIENTED_EDGE('',*,*,#2231,.T.);
#3149=ORIENTED_EDGE('',*,*,#2227,.F.);
#3150=ORIENTED_EDGE('',*,*,#2232,.T.);
#3151=ORIENTED_EDGE('',*,*,#2233,.T.);
#3152=ORIENTED_EDGE('',*,*,#2234,.T.);
#3153=ORIENTED_EDGE('',*,*,#2230,.F.);
#3154=ORIENTED_EDGE('',*,*,#2235,.T.);
#3155=ORIENTED_EDGE('',*,*,#2190,.F.);
#3156=ORIENTED_EDGE('',*,*,#2236,.T.);
#3157=ORIENTED_EDGE('',*,*,#2233,.F.);
#3158=ORIENTED_EDGE('',*,*,#2237,.T.);
#3159=ORIENTED_EDGE('',*,*,#2219,.F.);
#3160=ORIENTED_EDGE('',*,*,#2238,.F.);
#3161=ORIENTED_EDGE('',*,*,#2239,.F.);
#3162=ORIENTED_EDGE('',*,*,#2240,.F.);
#3163=ORIENTED_EDGE('',*,*,#2016,.T.);
#3164=ORIENTED_EDGE('',*,*,#2017,.T.);
#3165=ORIENTED_EDGE('',*,*,#2222,.F.);
#3166=ORIENTED_EDGE('',*,*,#2241,.T.);
#3167=ORIENTED_EDGE('',*,*,#2242,.T.);
#3168=ORIENTED_EDGE('',*,*,#2238,.T.);
#3169=ORIENTED_EDGE('',*,*,#2225,.F.);
#3170=ORIENTED_EDGE('',*,*,#2243,.F.);
#3171=ORIENTED_EDGE('',*,*,#2244,.F.);
#3172=ORIENTED_EDGE('',*,*,#2241,.F.);
#3173=ORIENTED_EDGE('',*,*,#2228,.F.);
#3174=ORIENTED_EDGE('',*,*,#2245,.T.);
#3175=ORIENTED_EDGE('',*,*,#2246,.T.);
#3176=ORIENTED_EDGE('',*,*,#2243,.T.);
#3177=ORIENTED_EDGE('',*,*,#2231,.F.);
#3178=ORIENTED_EDGE('',*,*,#2247,.F.);
#3179=ORIENTED_EDGE('',*,*,#2248,.F.);
#3180=ORIENTED_EDGE('',*,*,#2245,.F.);
#3181=ORIENTED_EDGE('',*,*,#2234,.F.);
#3182=ORIENTED_EDGE('',*,*,#2249,.T.);
#3183=ORIENTED_EDGE('',*,*,#2250,.T.);
#3184=ORIENTED_EDGE('',*,*,#2247,.T.);
#3185=ORIENTED_EDGE('',*,*,#2236,.F.);
#3186=ORIENTED_EDGE('',*,*,#2251,.F.);
#3187=ORIENTED_EDGE('',*,*,#2252,.F.);
#3188=ORIENTED_EDGE('',*,*,#2249,.F.);
#3189=ORIENTED_EDGE('',*,*,#2193,.F.);
#3190=ORIENTED_EDGE('',*,*,#2253,.T.);
#3191=ORIENTED_EDGE('',*,*,#2254,.T.);
#3192=ORIENTED_EDGE('',*,*,#2251,.T.);
#3193=ORIENTED_EDGE('',*,*,#2191,.F.);
#3194=ORIENTED_EDGE('',*,*,#2237,.F.);
#3195=ORIENTED_EDGE('',*,*,#2235,.F.);
#3196=ORIENTED_EDGE('',*,*,#2232,.F.);
#3197=ORIENTED_EDGE('',*,*,#2229,.F.);
#3198=ORIENTED_EDGE('',*,*,#2226,.F.);
#3199=ORIENTED_EDGE('',*,*,#2223,.F.);
#3200=ORIENTED_EDGE('',*,*,#2220,.F.);
#3201=ORIENTED_EDGE('',*,*,#2217,.F.);
#3202=ORIENTED_EDGE('',*,*,#2214,.F.);
#3203=ORIENTED_EDGE('',*,*,#2211,.F.);
#3204=ORIENTED_EDGE('',*,*,#2208,.F.);
#3205=ORIENTED_EDGE('',*,*,#2205,.F.);
#3206=ORIENTED_EDGE('',*,*,#2202,.F.);
#3207=ORIENTED_EDGE('',*,*,#2199,.F.);
#3208=ORIENTED_EDGE('',*,*,#2196,.F.);
#3209=ORIENTED_EDGE('',*,*,#1868,.T.);
#3210=ORIENTED_EDGE('',*,*,#1869,.T.);
#3211=ORIENTED_EDGE('',*,*,#1871,.T.);
#3212=ORIENTED_EDGE('',*,*,#1872,.T.);
#3213=ORIENTED_EDGE('',*,*,#2070,.T.);
#3214=ORIENTED_EDGE('',*,*,#2064,.T.);
#3215=ORIENTED_EDGE('',*,*,#2076,.T.);
#3216=ORIENTED_EDGE('',*,*,#2082,.T.);
#3217=ORIENTED_EDGE('',*,*,#1986,.F.);
#3218=ORIENTED_EDGE('',*,*,#2042,.F.);
#3219=ORIENTED_EDGE('',*,*,#1883,.T.);
#3220=ORIENTED_EDGE('',*,*,#2189,.F.);
#3221=ORIENTED_EDGE('',*,*,#1964,.F.);
#3222=ORIENTED_EDGE('',*,*,#2041,.F.);
#3223=ORIENTED_EDGE('',*,*,#2255,.T.);
#3224=ORIENTED_EDGE('',*,*,#2184,.F.);
#3225=ORIENTED_EDGE('',*,*,#1901,.F.);
#3226=ORIENTED_EDGE('',*,*,#2034,.F.);
#3227=ORIENTED_EDGE('',*,*,#1976,.T.);
#3228=ORIENTED_EDGE('',*,*,#2186,.F.);
#3229=ORIENTED_EDGE('',*,*,#1973,.F.);
#3230=ORIENTED_EDGE('',*,*,#2050,.F.);
#3231=ORIENTED_EDGE('',*,*,#1970,.T.);
#3232=ORIENTED_EDGE('',*,*,#2187,.F.);
#3233=ORIENTED_EDGE('',*,*,#2093,.T.);
#3234=ORIENTED_EDGE('',*,*,#2046,.F.);
#3235=ORIENTED_EDGE('',*,*,#2103,.T.);
#3236=ORIENTED_EDGE('',*,*,#2188,.F.);
#3237=ORIENTED_EDGE('',*,*,#1994,.T.);
#3238=ORIENTED_EDGE('',*,*,#1995,.T.);
#3239=ORIENTED_EDGE('',*,*,#1999,.T.);
#3240=ORIENTED_EDGE('',*,*,#2000,.T.);
#3241=ORIENTED_EDGE('',*,*,#2004,.T.);
#3242=ORIENTED_EDGE('',*,*,#2005,.T.);
#3243=ORIENTED_EDGE('',*,*,#2009,.T.);
#3244=ORIENTED_EDGE('',*,*,#2010,.T.);
#3245=ORIENTED_EDGE('',*,*,#2109,.T.);
#3246=ORIENTED_EDGE('',*,*,#2185,.F.);
#3247=ORIENTED_EDGE('',*,*,#2255,.F.);
#3248=ORIENTED_EDGE('',*,*,#2040,.F.);
#3249=ORIENTED_EDGE('',*,*,#2210,.F.);
#3250=ORIENTED_EDGE('',*,*,#2256,.T.);
#3251=ORIENTED_EDGE('',*,*,#2257,.T.);
#3252=ORIENTED_EDGE('',*,*,#2258,.T.);
#3253=ORIENTED_EDGE('',*,*,#2207,.F.);
#3254=ORIENTED_EDGE('',*,*,#2258,.F.);
#3255=ORIENTED_EDGE('',*,*,#2259,.F.);
#3256=ORIENTED_EDGE('',*,*,#2260,.F.);
#3257=ORIENTED_EDGE('',*,*,#2204,.F.);
#3258=ORIENTED_EDGE('',*,*,#2260,.T.);
#3259=ORIENTED_EDGE('',*,*,#2261,.T.);
#3260=ORIENTED_EDGE('',*,*,#2262,.T.);
#3261=ORIENTED_EDGE('',*,*,#2195,.F.);
#3262=ORIENTED_EDGE('',*,*,#2263,.F.);
#3263=ORIENTED_EDGE('',*,*,#2264,.F.);
#3264=ORIENTED_EDGE('',*,*,#2253,.F.);
#3265=ORIENTED_EDGE('',*,*,#1991,.T.);
#3266=ORIENTED_EDGE('',*,*,#1992,.T.);
#3267=ORIENTED_EDGE('',*,*,#1996,.T.);
#3268=ORIENTED_EDGE('',*,*,#1997,.T.);
#3269=ORIENTED_EDGE('',*,*,#2001,.T.);
#3270=ORIENTED_EDGE('',*,*,#2002,.T.);
#3271=ORIENTED_EDGE('',*,*,#2006,.T.);
#3272=ORIENTED_EDGE('',*,*,#2007,.T.);
#3273=ORIENTED_EDGE('',*,*,#2216,.F.);
#3274=ORIENTED_EDGE('',*,*,#2240,.T.);
#3275=ORIENTED_EDGE('',*,*,#2265,.T.);
#3276=ORIENTED_EDGE('',*,*,#2266,.T.);
#3277=ORIENTED_EDGE('',*,*,#2198,.F.);
#3278=ORIENTED_EDGE('',*,*,#2267,.T.);
#3279=ORIENTED_EDGE('',*,*,#2268,.T.);
#3280=ORIENTED_EDGE('',*,*,#2263,.T.);
#3281=ORIENTED_EDGE('',*,*,#2201,.F.);
#3282=ORIENTED_EDGE('',*,*,#2262,.F.);
#3283=ORIENTED_EDGE('',*,*,#2269,.F.);
#3284=ORIENTED_EDGE('',*,*,#2267,.F.);
#3285=ORIENTED_EDGE('',*,*,#2213,.F.);
#3286=ORIENTED_EDGE('',*,*,#2266,.F.);
#3287=ORIENTED_EDGE('',*,*,#2270,.F.);
#3288=ORIENTED_EDGE('',*,*,#2256,.F.);
#3289=ORIENTED_EDGE('',*,*,#2013,.T.);
#3290=ORIENTED_EDGE('',*,*,#2011,.T.);
#3291=ORIENTED_EDGE('',*,*,#1906,.T.);
#3292=ORIENTED_EDGE('',*,*,#2015,.T.);
#3293=ORIENTED_EDGE('',*,*,#2250,.F.);
#3294=ORIENTED_EDGE('',*,*,#2252,.T.);
#3295=ORIENTED_EDGE('',*,*,#2254,.F.);
#3296=ORIENTED_EDGE('',*,*,#2264,.T.);
#3297=ORIENTED_EDGE('',*,*,#2268,.F.);
#3298=ORIENTED_EDGE('',*,*,#2269,.T.);
#3299=ORIENTED_EDGE('',*,*,#2261,.F.);
#3300=ORIENTED_EDGE('',*,*,#2259,.T.);
#3301=ORIENTED_EDGE('',*,*,#2257,.F.);
#3302=ORIENTED_EDGE('',*,*,#2270,.T.);
#3303=ORIENTED_EDGE('',*,*,#2265,.F.);
#3304=ORIENTED_EDGE('',*,*,#2239,.T.);
#3305=ORIENTED_EDGE('',*,*,#2242,.F.);
#3306=ORIENTED_EDGE('',*,*,#2244,.T.);
#3307=ORIENTED_EDGE('',*,*,#2246,.F.);
#3308=ORIENTED_EDGE('',*,*,#2248,.T.);
#3309=ORIENTED_EDGE('',*,*,#2136,.T.);
#3310=ORIENTED_EDGE('',*,*,#2140,.T.);
#3311=ORIENTED_EDGE('',*,*,#2143,.T.);
#3312=ORIENTED_EDGE('',*,*,#2146,.T.);
#3313=ORIENTED_EDGE('',*,*,#2149,.T.);
#3314=ORIENTED_EDGE('',*,*,#2152,.T.);
#3315=ORIENTED_EDGE('',*,*,#2155,.T.);
#3316=ORIENTED_EDGE('',*,*,#2158,.T.);
#3317=ORIENTED_EDGE('',*,*,#2161,.T.);
#3318=ORIENTED_EDGE('',*,*,#2164,.T.);
#3319=ORIENTED_EDGE('',*,*,#2167,.T.);
#3320=ORIENTED_EDGE('',*,*,#2170,.T.);
#3321=ORIENTED_EDGE('',*,*,#2173,.T.);
#3322=ORIENTED_EDGE('',*,*,#2176,.T.);
#3323=ORIENTED_EDGE('',*,*,#2179,.T.);
#3324=ORIENTED_EDGE('',*,*,#2182,.T.);
#3325=PLANE('',#3640);
#3326=PLANE('',#3641);
#3327=PLANE('',#3644);
#3328=PLANE('',#3646);
#3329=PLANE('',#3647);
#3330=PLANE('',#3648);
#3331=PLANE('',#3651);
#3332=PLANE('',#3653);
#3333=PLANE('',#3663);
#3334=PLANE('',#3664);
#3335=PLANE('',#3665);
#3336=PLANE('',#3666);
#3337=PLANE('',#3667);
#3338=PLANE('',#3668);
#3339=PLANE('',#3671);
#3340=PLANE('',#3673);
#3341=PLANE('',#3674);
#3342=PLANE('',#3675);
#3343=PLANE('',#3678);
#3344=PLANE('',#3680);
#3345=PLANE('',#3690);
#3346=PLANE('',#3691);
#3347=PLANE('',#3692);
#3348=PLANE('',#3693);
#3349=PLANE('',#3694);
#3350=PLANE('',#3695);
#3351=PLANE('',#3697);
#3352=PLANE('',#3700);
#3353=PLANE('',#3701);
#3354=PLANE('',#3702);
#3355=PLANE('',#3704);
#3356=PLANE('',#3707);
#3357=PLANE('',#3717);
#3358=PLANE('',#3718);
#3359=PLANE('',#3719);
#3360=PLANE('',#3720);
#3361=PLANE('',#3752);
#3362=PLANE('',#3753);
#3363=PLANE('',#3754);
#3364=PLANE('',#3755);
#3365=PLANE('',#3756);
#3366=PLANE('',#3757);
#3367=PLANE('',#3764);
#3368=PLANE('',#3770);
#3369=PLANE('',#3776);
#3370=PLANE('',#3782);
#3371=PLANE('',#3788);
#3372=PLANE('',#3794);
#3373=PLANE('',#3797);
#3374=PLANE('',#3814);
#3375=PLANE('',#3815);
#3376=PLANE('',#3822);
#3377=PLANE('',#3823);
#3378=PLANE('',#3824);
#3379=PLANE('',#3825);
#3380=PLANE('',#3826);
#3381=PLANE('',#3847);
#3382=PLANE('',#3848);
#3383=PLANE('',#3849);
#3384=PLANE('',#3853);
#3385=PLANE('',#3854);
#3386=PLANE('',#3855);
#3387=PLANE('',#3861);
#3388=PLANE('',#3867);
#3389=PLANE('',#3873);
#3390=PLANE('',#3874);
#3391=PLANE('',#3923);
#3392=PLANE('',#3926);
#3393=PLANE('',#3927);
#3394=PLANE('',#3930);
#3395=PLANE('',#3931);
#3396=PLANE('',#3932);
#3397=PLANE('',#3935);
#3398=PLANE('',#3938);
#3399=PLANE('',#3940);
#3400=PLANE('',#3942);
#3401=PLANE('',#3944);
#3402=PLANE('',#3951);
#3403=PLANE('',#3957);
#3404=PLANE('',#3963);
#3405=PLANE('',#3969);
#3406=PLANE('',#3976);
#3407=PLANE('',#3980);
#3408=PLANE('',#3984);
#3409=PLANE('',#3994);
#3410=PLANE('',#3998);
#3411=PLANE('',#4002);
#3412=PLANE('',#4006);
#3413=PLANE('',#4063);
#3414=PLANE('',#4066);
#3415=PLANE('',#4073);
#3416=PLANE('',#4076);
#3417=PLANE('',#4081);
#3418=PLANE('',#4082);
#3419=PLANE('',#4089);
#3420=PLANE('',#4094);
#3421=PLANE('',#4095);
#3422=PLANE('',#4096);
#3423=ADVANCED_FACE('',(#420),#3325,.F.);
#3424=ADVANCED_FACE('',(#421),#3326,.F.);
#3425=ADVANCED_FACE('',(#422),#3327,.F.);
#3426=ADVANCED_FACE('',(#423),#3328,.F.);
#3427=ADVANCED_FACE('',(#424),#3329,.F.);
#3428=ADVANCED_FACE('',(#425),#3330,.F.);
#3429=ADVANCED_FACE('',(#426),#3331,.F.);
#3430=ADVANCED_FACE('',(#427),#3332,.F.);
#3431=ADVANCED_FACE('',(#428),#79,.F.);
#3432=ADVANCED_FACE('',(#429),#3333,.F.);
#3433=ADVANCED_FACE('',(#430),#3334,.F.);
#3434=ADVANCED_FACE('',(#431),#3335,.F.);
#3435=ADVANCED_FACE('',(#432),#3336,.F.);
#3436=ADVANCED_FACE('',(#433),#3337,.T.);
#3437=ADVANCED_FACE('',(#434),#3338,.T.);
#3438=ADVANCED_FACE('',(#435),#3339,.T.);
#3439=ADVANCED_FACE('',(#436),#3340,.T.);
#3440=ADVANCED_FACE('',(#437),#3341,.T.);
#3441=ADVANCED_FACE('',(#438),#3342,.T.);
#3442=ADVANCED_FACE('',(#439),#3343,.T.);
#3443=ADVANCED_FACE('',(#440),#3344,.T.);
#3444=ADVANCED_FACE('',(#441),#80,.F.);
#3445=ADVANCED_FACE('',(#442),#3345,.T.);
#3446=ADVANCED_FACE('',(#443),#3346,.T.);
#3447=ADVANCED_FACE('',(#444),#3347,.T.);
#3448=ADVANCED_FACE('',(#445),#3348,.T.);
#3449=ADVANCED_FACE('',(#446),#3349,.T.);
#3450=ADVANCED_FACE('',(#447),#3350,.T.);
#3451=ADVANCED_FACE('',(#448),#3351,.T.);
#3452=ADVANCED_FACE('',(#449),#3352,.T.);
#3453=ADVANCED_FACE('',(#450),#3353,.T.);
#3454=ADVANCED_FACE('',(#451),#3354,.T.);
#3455=ADVANCED_FACE('',(#452),#3355,.T.);
#3456=ADVANCED_FACE('',(#453),#3356,.T.);
#3457=ADVANCED_FACE('',(#454),#81,.F.);
#3458=ADVANCED_FACE('',(#455),#3357,.T.);
#3459=ADVANCED_FACE('',(#456),#3358,.T.);
#3460=ADVANCED_FACE('',(#457),#3359,.T.);
#3461=ADVANCED_FACE('',(#458),#3360,.T.);
#3462=ADVANCED_FACE('',(#459),#72,.F.);
#3463=ADVANCED_FACE('',(#460),#82,.F.);
#3464=ADVANCED_FACE('',(#461),#73,.F.);
#3465=ADVANCED_FACE('',(#462),#83,.F.);
#3466=ADVANCED_FACE('',(#463),#84,.F.);
#3467=ADVANCED_FACE('',(#464),#85,.F.);
#3468=ADVANCED_FACE('',(#465),#86,.T.);
#3469=ADVANCED_FACE('',(#466),#87,.T.);
#3470=ADVANCED_FACE('',(#467),#88,.T.);
#3471=ADVANCED_FACE('',(#468),#3361,.F.);
#3472=ADVANCED_FACE('',(#469),#3362,.F.);
#3473=ADVANCED_FACE('',(#470),#3363,.F.);
#3474=ADVANCED_FACE('',(#471),#3364,.F.);
#3475=ADVANCED_FACE('',(#472,#27),#3365,.F.);
#3476=ADVANCED_FACE('',(#473),#3366,.F.);
#3477=ADVANCED_FACE('',(#474),#74,.T.);
#3478=ADVANCED_FACE('',(#475),#89,.T.);
#3479=ADVANCED_FACE('',(#476,#28),#3367,.F.);
#3480=ADVANCED_FACE('',(#477),#16,.F.);
#3481=ADVANCED_FACE('',(#478),#3368,.T.);
#3482=ADVANCED_FACE('',(#479),#90,.T.);
#3483=ADVANCED_FACE('',(#480),#3369,.T.);
#3484=ADVANCED_FACE('',(#481),#91,.T.);
#3485=ADVANCED_FACE('',(#482),#3370,.T.);
#3486=ADVANCED_FACE('',(#483),#92,.T.);
#3487=ADVANCED_FACE('',(#484),#3371,.T.);
#3488=ADVANCED_FACE('',(#485),#93,.T.);
#3489=ADVANCED_FACE('',(#486),#3372,.T.);
#3490=ADVANCED_FACE('',(#487),#94,.F.);
#3491=ADVANCED_FACE('',(#488,#29),#3373,.F.);
#3492=ADVANCED_FACE('',(#489),#95,.T.);
#3493=ADVANCED_FACE('',(#490),#96,.T.);
#3494=ADVANCED_FACE('',(#491),#97,.T.);
#3495=ADVANCED_FACE('',(#492),#98,.T.);
#3496=ADVANCED_FACE('',(#493),#99,.T.);
#3497=ADVANCED_FACE('',(#494),#3374,.F.);
#3498=ADVANCED_FACE('',(#495),#3375,.F.);
#3499=ADVANCED_FACE('',(#496),#100,.T.);
#3500=ADVANCED_FACE('',(#497),#101,.T.);
#3501=ADVANCED_FACE('',(#498),#3376,.F.);
#3502=ADVANCED_FACE('',(#499),#3377,.F.);
#3503=ADVANCED_FACE('',(#500),#3378,.F.);
#3504=ADVANCED_FACE('',(#501),#3379,.F.);
#3505=ADVANCED_FACE('',(#502),#3380,.F.);
#3506=ADVANCED_FACE('',(#503),#102,.F.);
#3507=ADVANCED_FACE('',(#504),#103,.F.);
#3508=ADVANCED_FACE('',(#505),#104,.F.);
#3509=ADVANCED_FACE('',(#506),#105,.F.);
#3510=ADVANCED_FACE('',(#507),#3381,.F.);
#3511=ADVANCED_FACE('',(#508),#3382,.F.);
#3512=ADVANCED_FACE('',(#509),#3383,.F.);
#3513=ADVANCED_FACE('',(#510),#106,.F.);
#3514=ADVANCED_FACE('',(#511),#3384,.T.);
#3515=ADVANCED_FACE('',(#512),#3385,.T.);
#3516=ADVANCED_FACE('',(#513),#3386,.T.);
#3517=ADVANCED_FACE('',(#514),#107,.T.);
#3518=ADVANCED_FACE('',(#515,#30),#3387,.T.);
#3519=ADVANCED_FACE('',(#516),#108,.T.);
#3520=ADVANCED_FACE('',(#517,#31),#3388,.T.);
#3521=ADVANCED_FACE('',(#518),#109,.T.);
#3522=ADVANCED_FACE('',(#519,#32),#3389,.T.);
#3523=ADVANCED_FACE('',(#520,#33,#34,#35,#36,#37,#38,#39,#40,#41,#42,#43),
#3390,.T.);
#3524=ADVANCED_FACE('',(#521),#75,.F.);
#3525=ADVANCED_FACE('',(#522),#110,.F.);
#3526=ADVANCED_FACE('',(#523),#76,.F.);
#3527=ADVANCED_FACE('',(#524),#111,.F.);
#3528=ADVANCED_FACE('',(#525),#77,.F.);
#3529=ADVANCED_FACE('',(#526),#112,.F.);
#3530=ADVANCED_FACE('',(#527),#78,.F.);
#3531=ADVANCED_FACE('',(#528),#113,.F.);
#3532=ADVANCED_FACE('',(#529),#114,.F.);
#3533=ADVANCED_FACE('',(#530),#115,.F.);
#3534=ADVANCED_FACE('',(#531),#116,.F.);
#3535=ADVANCED_FACE('',(#532),#117,.F.);
#3536=ADVANCED_FACE('',(#533),#3391,.T.);
#3537=ADVANCED_FACE('',(#534),#118,.T.);
#3538=ADVANCED_FACE('',(#535),#3392,.T.);
#3539=ADVANCED_FACE('',(#536),#3393,.T.);
#3540=ADVANCED_FACE('',(#537),#119,.T.);
#3541=ADVANCED_FACE('',(#538),#3394,.T.);
#3542=ADVANCED_FACE('',(#539),#3395,.T.);
#3543=ADVANCED_FACE('',(#540),#3396,.T.);
#3544=ADVANCED_FACE('',(#541),#120,.T.);
#3545=ADVANCED_FACE('',(#542),#3397,.T.);
#3546=ADVANCED_FACE('',(#543),#121,.T.);
#3547=ADVANCED_FACE('',(#544),#3398,.T.);
#3548=ADVANCED_FACE('',(#545),#3399,.T.);
#3549=ADVANCED_FACE('',(#546),#3400,.T.);
#3550=ADVANCED_FACE('',(#547),#3401,.T.);
#3551=ADVANCED_FACE('',(#548),#122,.F.);
#3552=ADVANCED_FACE('',(#549),#123,.T.);
#3553=ADVANCED_FACE('',(#550,#44),#3402,.T.);
#3554=ADVANCED_FACE('',(#551),#124,.F.);
#3555=ADVANCED_FACE('',(#552),#125,.T.);
#3556=ADVANCED_FACE('',(#553,#45),#3403,.T.);
#3557=ADVANCED_FACE('',(#554),#126,.F.);
#3558=ADVANCED_FACE('',(#555),#127,.T.);
#3559=ADVANCED_FACE('',(#556,#46),#3404,.T.);
#3560=ADVANCED_FACE('',(#557),#128,.F.);
#3561=ADVANCED_FACE('',(#558),#129,.T.);
#3562=ADVANCED_FACE('',(#559,#47),#3405,.T.);
#3563=ADVANCED_FACE('',(#560),#130,.F.);
#3564=ADVANCED_FACE('',(#561),#131,.T.);
#3565=ADVANCED_FACE('',(#562),#3406,.T.);
#3566=ADVANCED_FACE('',(#563),#132,.T.);
#3567=ADVANCED_FACE('',(#564),#3407,.T.);
#3568=ADVANCED_FACE('',(#565),#133,.T.);
#3569=ADVANCED_FACE('',(#566),#3408,.T.);
#3570=ADVANCED_FACE('',(#567),#134,.T.);
#3571=ADVANCED_FACE('',(#568),#135,.F.);
#3572=ADVANCED_FACE('',(#569),#136,.T.);
#3573=ADVANCED_FACE('',(#570),#3409,.T.);
#3574=ADVANCED_FACE('',(#571),#137,.T.);
#3575=ADVANCED_FACE('',(#572),#3410,.T.);
#3576=ADVANCED_FACE('',(#573),#138,.T.);
#3577=ADVANCED_FACE('',(#574),#3411,.T.);
#3578=ADVANCED_FACE('',(#575),#139,.T.);
#3579=ADVANCED_FACE('',(#576,#48,#49,#50,#51,#52,#53,#54),#3412,.T.);
#3580=ADVANCED_FACE('',(#577),#17,.T.);
#3581=ADVANCED_FACE('',(#578),#140,.T.);
#3582=ADVANCED_FACE('',(#579),#18,.T.);
#3583=ADVANCED_FACE('',(#580),#141,.T.);
#3584=ADVANCED_FACE('',(#581),#19,.T.);
#3585=ADVANCED_FACE('',(#582),#20,.T.);
#3586=ADVANCED_FACE('',(#583),#21,.T.);
#3587=ADVANCED_FACE('',(#584),#142,.T.);
#3588=ADVANCED_FACE('',(#585),#22,.T.);
#3589=ADVANCED_FACE('',(#586),#143,.T.);
#3590=ADVANCED_FACE('',(#587),#23,.T.);
#3591=ADVANCED_FACE('',(#588),#144,.T.);
#3592=ADVANCED_FACE('',(#589),#24,.T.);
#3593=ADVANCED_FACE('',(#590),#25,.T.);
#3594=ADVANCED_FACE('',(#591),#26,.T.);
#3595=ADVANCED_FACE('',(#592),#145,.T.);
#3596=ADVANCED_FACE('',(#593,#55),#3413,.T.);
#3597=ADVANCED_FACE('',(#594),#146,.T.);
#3598=ADVANCED_FACE('',(#595),#3414,.T.);
#3599=ADVANCED_FACE('',(#596),#147,.T.);
#3600=ADVANCED_FACE('',(#597),#148,.F.);
#3601=ADVANCED_FACE('',(#598),#149,.T.);
#3602=ADVANCED_FACE('',(#599),#3415,.T.);
#3603=ADVANCED_FACE('',(#600),#150,.T.);
#3604=ADVANCED_FACE('',(#601,#56,#57,#58,#59,#60,#61),#3416,.F.);
#3605=ADVANCED_FACE('',(#602),#151,.F.);
#3606=ADVANCED_FACE('',(#603),#152,.F.);
#3607=ADVANCED_FACE('',(#604),#153,.F.);
#3608=ADVANCED_FACE('',(#605),#154,.F.);
#3609=ADVANCED_FACE('',(#606,#62,#63,#64,#65),#3417,.F.);
#3610=ADVANCED_FACE('',(#607),#3418,.F.);
#3611=ADVANCED_FACE('',(#608),#155,.T.);
#3612=ADVANCED_FACE('',(#609),#156,.F.);
#3613=ADVANCED_FACE('',(#610),#157,.T.);
#3614=ADVANCED_FACE('',(#611,#66,#67,#68,#69),#3419,.T.);
#3615=ADVANCED_FACE('',(#612),#158,.T.);
#3616=ADVANCED_FACE('',(#613),#159,.T.);
#3617=ADVANCED_FACE('',(#614),#3420,.T.);
#3618=ADVANCED_FACE('',(#615,#70),#3421,.T.);
#3619=ADVANCED_FACE('',(#616,#71),#3422,.T.);
#3620=CLOSED_SHELL('',(#3423,#3424,#3425,#3426,#3427,#3428,#3429,#3430,
#3431,#3432,#3433,#3434,#3435,#3436,#3437,#3438,#3439,#3440,#3441,#3442,
#3443,#3444,#3445,#3446,#3447,#3448,#3449,#3450,#3451,#3452,#3453,#3454,
#3455,#3456,#3457,#3458,#3459,#3460,#3461,#3462,#3463,#3464,#3465,#3466,
#3467,#3468,#3469,#3470,#3471,#3472,#3473,#3474,#3475,#3476,#3477,#3478,
#3479,#3480,#3481,#3482,#3483,#3484,#3485,#3486,#3487,#3488,#3489,#3490,
#3491,#3492,#3493,#3494,#3495,#3496,#3497,#3498,#3499,#3500,#3501,#3502,
#3503,#3504,#3505,#3506,#3507,#3508,#3509,#3510,#3511,#3512,#3513,#3514,
#3515,#3516,#3517,#3518,#3519,#3520,#3521,#3522,#3523,#3524,#3525,#3526,
#3527,#3528,#3529,#3530,#3531,#3532,#3533,#3534,#3535,#3536,#3537,#3538,
#3539,#3540,#3541,#3542,#3543,#3544,#3545,#3546,#3547,#3548,#3549,#3550,
#3551,#3552,#3553,#3554,#3555,#3556,#3557,#3558,#3559,#3560,#3561,#3562,
#3563,#3564,#3565,#3566,#3567,#3568,#3569,#3570,#3571,#3572,#3573,#3574,
#3575,#3576,#3577,#3578,#3579,#3580,#3581,#3582,#3583,#3584,#3585,#3586,
#3587,#3588,#3589,#3590,#3591,#3592,#3593,#3594,#3595,#3596,#3597,#3598,
#3599,#3600,#3601,#3602,#3603,#3604,#3605,#3606,#3607,#3608,#3609,#3610,
#3611,#3612,#3613,#3614,#3615,#3616,#3617,#3618,#3619));
#3621=DERIVED_UNIT_ELEMENT(#3623,1.);
#3622=DERIVED_UNIT_ELEMENT(#6371,3.);
#3623=(
MASS_UNIT()
NAMED_UNIT(*)
SI_UNIT($,.GRAM.)
);
#3624=DERIVED_UNIT((#3621,#3622));
#3625=MEASURE_REPRESENTATION_ITEM('density measure',
POSITIVE_RATIO_MEASURE(1.06),#3624);
#3626=PROPERTY_DEFINITION_REPRESENTATION(#3631,#3628);
#3627=PROPERTY_DEFINITION_REPRESENTATION(#3632,#3629);
#3628=REPRESENTATION('material name',(#3630),#6368);
#3629=REPRESENTATION('density',(#3625),#6368);
#3630=DESCRIPTIVE_REPRESENTATION_ITEM('ABS Plastic','ABS Plastic');
#3631=PROPERTY_DEFINITION('material property','material name',#6378);
#3632=PROPERTY_DEFINITION('material property','density of part',#6378);
#3633=DATE_TIME_ROLE('creation_date');
#3634=APPLIED_DATE_AND_TIME_ASSIGNMENT(#3635,#3633,(#6378));
#3635=DATE_AND_TIME(#3636,#3637);
#3636=CALENDAR_DATE(2026,25,6);
#3637=LOCAL_TIME(1,0,37.,#3638);
#3638=COORDINATED_UNIVERSAL_TIME_OFFSET(0,0,.BEHIND.);
#3639=AXIS2_PLACEMENT_3D('placement',#5279,#4097,#4098);
#3640=AXIS2_PLACEMENT_3D('',#5280,#4099,#4100);
#3641=AXIS2_PLACEMENT_3D('',#5287,#4104,#4105);
#3642=AXIS2_PLACEMENT_3D('',#5289,#4106,#4107);
#3643=AXIS2_PLACEMENT_3D('',#5291,#4108,#4109);
#3644=AXIS2_PLACEMENT_3D('',#5295,#4112,#4113);
#3645=AXIS2_PLACEMENT_3D('',#5297,#4114,#4115);
#3646=AXIS2_PLACEMENT_3D('',#5299,#4117,#4118);
#3647=AXIS2_PLACEMENT_3D('',#5301,#4120,#4121);
#3648=AXIS2_PLACEMENT_3D('',#5308,#4125,#4126);
#3649=AXIS2_PLACEMENT_3D('',#5310,#4127,#4128);
#3650=AXIS2_PLACEMENT_3D('',#5312,#4129,#4130);
#3651=AXIS2_PLACEMENT_3D('',#5316,#4133,#4134);
#3652=AXIS2_PLACEMENT_3D('',#5318,#4135,#4136);
#3653=AXIS2_PLACEMENT_3D('',#5320,#4138,#4139);
#3654=AXIS2_PLACEMENT_3D('',#5322,#4141,#4142);
#3655=AXIS2_PLACEMENT_3D('',#5324,#4143,#4144);
#3656=AXIS2_PLACEMENT_3D('',#5326,#4145,#4146);
#3657=AXIS2_PLACEMENT_3D('',#5330,#4148,#4149);
#3658=AXIS2_PLACEMENT_3D('',#5333,#4151,#4152);
#3659=AXIS2_PLACEMENT_3D('',#5334,#4153,#4154);
#3660=AXIS2_PLACEMENT_3D('',#5336,#4155,#4156);
#3661=AXIS2_PLACEMENT_3D('',#5339,#4158,#4159);
#3662=AXIS2_PLACEMENT_3D('',#5340,#4160,#4161);
#3663=AXIS2_PLACEMENT_3D('',#5341,#4162,#4163);
#3664=AXIS2_PLACEMENT_3D('',#5345,#4166,#4167);
#3665=AXIS2_PLACEMENT_3D('',#5349,#4170,#4171);
#3666=AXIS2_PLACEMENT_3D('',#5351,#4173,#4174);
#3667=AXIS2_PLACEMENT_3D('',#5352,#4175,#4176);
#3668=AXIS2_PLACEMENT_3D('',#5359,#4180,#4181);
#3669=AXIS2_PLACEMENT_3D('',#5361,#4182,#4183);
#3670=AXIS2_PLACEMENT_3D('',#5363,#4184,#4185);
#3671=AXIS2_PLACEMENT_3D('',#5367,#4188,#4189);
#3672=AXIS2_PLACEMENT_3D('',#5369,#4190,#4191);
#3673=AXIS2_PLACEMENT_3D('',#5371,#4193,#4194);
#3674=AXIS2_PLACEMENT_3D('',#5373,#4196,#4197);
#3675=AXIS2_PLACEMENT_3D('',#5380,#4201,#4202);
#3676=AXIS2_PLACEMENT_3D('',#5382,#4203,#4204);
#3677=AXIS2_PLACEMENT_3D('',#5384,#4205,#4206);
#3678=AXIS2_PLACEMENT_3D('',#5388,#4209,#4210);
#3679=AXIS2_PLACEMENT_3D('',#5390,#4211,#4212);
#3680=AXIS2_PLACEMENT_3D('',#5392,#4214,#4215);
#3681=AXIS2_PLACEMENT_3D('',#5394,#4217,#4218);
#3682=AXIS2_PLACEMENT_3D('',#5396,#4219,#4220);
#3683=AXIS2_PLACEMENT_3D('',#5398,#4221,#4222);
#3684=AXIS2_PLACEMENT_3D('',#5402,#4224,#4225);
#3685=AXIS2_PLACEMENT_3D('',#5405,#4227,#4228);
#3686=AXIS2_PLACEMENT_3D('',#5406,#4229,#4230);
#3687=AXIS2_PLACEMENT_3D('',#5408,#4231,#4232);
#3688=AXIS2_PLACEMENT_3D('',#5411,#4234,#4235);
#3689=AXIS2_PLACEMENT_3D('',#5412,#4236,#4237);
#3690=AXIS2_PLACEMENT_3D('',#5413,#4238,#4239);
#3691=AXIS2_PLACEMENT_3D('',#5417,#4242,#4243);
#3692=AXIS2_PLACEMENT_3D('',#5421,#4246,#4247);
#3693=AXIS2_PLACEMENT_3D('',#5423,#4249,#4250);
#3694=AXIS2_PLACEMENT_3D('',#5424,#4251,#4252);
#3695=AXIS2_PLACEMENT_3D('',#5431,#4256,#4257);
#3696=AXIS2_PLACEMENT_3D('',#5433,#4258,#4259);
#3697=AXIS2_PLACEMENT_3D('',#5437,#4262,#4263);
#3698=AXIS2_PLACEMENT_3D('',#5439,#4264,#4265);
#3699=AXIS2_PLACEMENT_3D('',#5442,#4267,#4268);
#3700=AXIS2_PLACEMENT_3D('',#5443,#4269,#4270);
#3701=AXIS2_PLACEMENT_3D('',#5445,#4272,#4273);
#3702=AXIS2_PLACEMENT_3D('',#5452,#4277,#4278);
#3703=AXIS2_PLACEMENT_3D('',#5454,#4279,#4280);
#3704=AXIS2_PLACEMENT_3D('',#5458,#4283,#4284);
#3705=AXIS2_PLACEMENT_3D('',#5460,#4285,#4286);
#3706=AXIS2_PLACEMENT_3D('',#5463,#4288,#4289);
#3707=AXIS2_PLACEMENT_3D('',#5464,#4290,#4291);
#3708=AXIS2_PLACEMENT_3D('',#5466,#4293,#4294);
#3709=AXIS2_PLACEMENT_3D('',#5468,#4295,#4296);
#3710=AXIS2_PLACEMENT_3D('',#5470,#4297,#4298);
#3711=AXIS2_PLACEMENT_3D('',#5474,#4300,#4301);
#3712=AXIS2_PLACEMENT_3D('',#5477,#4303,#4304);
#3713=AXIS2_PLACEMENT_3D('',#5478,#4305,#4306);
#3714=AXIS2_PLACEMENT_3D('',#5480,#4307,#4308);
#3715=AXIS2_PLACEMENT_3D('',#5483,#4310,#4311);
#3716=AXIS2_PLACEMENT_3D('',#5484,#4312,#4313);
#3717=AXIS2_PLACEMENT_3D('',#5485,#4314,#4315);
#3718=AXIS2_PLACEMENT_3D('',#5489,#4318,#4319);
#3719=AXIS2_PLACEMENT_3D('',#5493,#4322,#4323);
#3720=AXIS2_PLACEMENT_3D('',#5495,#4325,#4326);
#3721=AXIS2_PLACEMENT_3D('',#5496,#4327,#4328);
#3722=AXIS2_PLACEMENT_3D('',#5499,#4329,#4330);
#3723=AXIS2_PLACEMENT_3D('',#5500,#4331,#4332);
#3724=AXIS2_PLACEMENT_3D('',#5504,#4334,#4335);
#3725=AXIS2_PLACEMENT_3D('',#5505,#4336,#4337);
#3726=AXIS2_PLACEMENT_3D('',#5506,#4338,#4339);
#3727=AXIS2_PLACEMENT_3D('',#5509,#4340,#4341);
#3728=AXIS2_PLACEMENT_3D('',#5510,#4342,#4343);
#3729=AXIS2_PLACEMENT_3D('',#5512,#4345,#4346);
#3730=AXIS2_PLACEMENT_3D('',#5515,#4347,#4348);
#3731=AXIS2_PLACEMENT_3D('',#5516,#4349,#4350);
#3732=AXIS2_PLACEMENT_3D('',#5520,#4352,#4353);
#3733=AXIS2_PLACEMENT_3D('',#5521,#4354,#4355);
#3734=AXIS2_PLACEMENT_3D('',#5522,#4356,#4357);
#3735=AXIS2_PLACEMENT_3D('',#5525,#4358,#4359);
#3736=AXIS2_PLACEMENT_3D('',#5526,#4360,#4361);
#3737=AXIS2_PLACEMENT_3D('',#5528,#4363,#4364);
#3738=AXIS2_PLACEMENT_3D('',#5531,#4365,#4366);
#3739=AXIS2_PLACEMENT_3D('',#5532,#4367,#4368);
#3740=AXIS2_PLACEMENT_3D('',#5534,#4370,#4371);
#3741=AXIS2_PLACEMENT_3D('',#5537,#4372,#4373);
#3742=AXIS2_PLACEMENT_3D('',#5538,#4374,#4375);
#3743=AXIS2_PLACEMENT_3D('',#5540,#4377,#4378);
#3744=AXIS2_PLACEMENT_3D('',#5543,#4379,#4380);
#3745=AXIS2_PLACEMENT_3D('',#5547,#4382,#4383);
#3746=AXIS2_PLACEMENT_3D('',#5549,#4385,#4386);
#3747=AXIS2_PLACEMENT_3D('',#5552,#4387,#4388);
#3748=AXIS2_PLACEMENT_3D('',#5556,#4390,#4391);
#3749=AXIS2_PLACEMENT_3D('',#5558,#4393,#4394);
#3750=AXIS2_PLACEMENT_3D('',#5560,#4395,#4396);
#3751=AXIS2_PLACEMENT_3D('',#5563,#4398,#4399);
#3752=AXIS2_PLACEMENT_3D('',#5564,#4400,#4401);
#3753=AXIS2_PLACEMENT_3D('',#5573,#4406,#4407);
#3754=AXIS2_PLACEMENT_3D('',#5579,#4411,#4412);
#3755=AXIS2_PLACEMENT_3D('',#5588,#4417,#4418);
#3756=AXIS2_PLACEMENT_3D('',#5594,#4422,#4423);
#3757=AXIS2_PLACEMENT_3D('',#5605,#4430,#4431);
#3758=AXIS2_PLACEMENT_3D('',#5611,#4435,#4436);
#3759=AXIS2_PLACEMENT_3D('',#5613,#4437,#4438);
#3760=AXIS2_PLACEMENT_3D('',#5617,#4440,#4441);
#3761=AXIS2_PLACEMENT_3D('',#5618,#4442,#4443);
#3762=AXIS2_PLACEMENT_3D('',#5619,#4444,#4445);
#3763=AXIS2_PLACEMENT_3D('',#5622,#4447,#4448);
#3764=AXIS2_PLACEMENT_3D('',#5623,#4449,#4450);
#3765=AXIS2_PLACEMENT_3D('',#5625,#4451,#4452);
#3766=AXIS2_PLACEMENT_3D('',#5626,#4453,#4454);
#3767=AXIS2_PLACEMENT_3D('',#5628,#4455,#4456);
#3768=AXIS2_PLACEMENT_3D('',#5630,#4457,#4458);
#3769=AXIS2_PLACEMENT_3D('',#5642,#4459,#4460);
#3770=AXIS2_PLACEMENT_3D('',#5643,#4461,#4462);
#3771=AXIS2_PLACEMENT_3D('',#5653,#4468,#4469);
#3772=AXIS2_PLACEMENT_3D('',#5656,#4470,#4471);
#3773=AXIS2_PLACEMENT_3D('',#5657,#4472,#4473);
#3774=AXIS2_PLACEMENT_3D('',#5661,#4475,#4476);
#3775=AXIS2_PLACEMENT_3D('',#5662,#4477,#4478);
#3776=AXIS2_PLACEMENT_3D('',#5663,#4479,#4480);
#3777=AXIS2_PLACEMENT_3D('',#5664,#4481,#4482);
#3778=AXIS2_PLACEMENT_3D('',#5667,#4483,#4484);
#3779=AXIS2_PLACEMENT_3D('',#5668,#4485,#4486);
#3780=AXIS2_PLACEMENT_3D('',#5672,#4488,#4489);
#3781=AXIS2_PLACEMENT_3D('',#5673,#4490,#4491);
#3782=AXIS2_PLACEMENT_3D('',#5674,#4492,#4493);
#3783=AXIS2_PLACEMENT_3D('',#5675,#4494,#4495);
#3784=AXIS2_PLACEMENT_3D('',#5678,#4496,#4497);
#3785=AXIS2_PLACEMENT_3D('',#5679,#4498,#4499);
#3786=AXIS2_PLACEMENT_3D('',#5683,#4501,#4502);
#3787=AXIS2_PLACEMENT_3D('',#5684,#4503,#4504);
#3788=AXIS2_PLACEMENT_3D('',#5685,#4505,#4506);
#3789=AXIS2_PLACEMENT_3D('',#5686,#4507,#4508);
#3790=AXIS2_PLACEMENT_3D('',#5689,#4509,#4510);
#3791=AXIS2_PLACEMENT_3D('',#5690,#4511,#4512);
#3792=AXIS2_PLACEMENT_3D('',#5694,#4514,#4515);
#3793=AXIS2_PLACEMENT_3D('',#5695,#4516,#4517);
#3794=AXIS2_PLACEMENT_3D('',#5696,#4518,#4519);
#3795=AXIS2_PLACEMENT_3D('',#5697,#4520,#4521);
#3796=AXIS2_PLACEMENT_3D('',#5699,#4522,#4523);
#3797=AXIS2_PLACEMENT_3D('',#5701,#4525,#4526);
#3798=AXIS2_PLACEMENT_3D('',#5703,#4527,#4528);
#3799=AXIS2_PLACEMENT_3D('',#5704,#4529,#4530);
#3800=AXIS2_PLACEMENT_3D('',#5707,#4531,#4532);
#3801=AXIS2_PLACEMENT_3D('',#5711,#4534,#4535);
#3802=AXIS2_PLACEMENT_3D('',#5713,#4537,#4538);
#3803=AXIS2_PLACEMENT_3D('',#5716,#4539,#4540);
#3804=AXIS2_PLACEMENT_3D('',#5720,#4542,#4543);
#3805=AXIS2_PLACEMENT_3D('',#5722,#4545,#4546);
#3806=AXIS2_PLACEMENT_3D('',#5725,#4547,#4548);
#3807=AXIS2_PLACEMENT_3D('',#5729,#4550,#4551);
#3808=AXIS2_PLACEMENT_3D('',#5731,#4553,#4554);
#3809=AXIS2_PLACEMENT_3D('',#5734,#4555,#4556);
#3810=AXIS2_PLACEMENT_3D('',#5738,#4558,#4559);
#3811=AXIS2_PLACEMENT_3D('',#5740,#4561,#4562);
#3812=AXIS2_PLACEMENT_3D('',#5742,#4563,#4564);
#3813=AXIS2_PLACEMENT_3D('',#5745,#4566,#4567);
#3814=AXIS2_PLACEMENT_3D('',#5746,#4568,#4569);
#3815=AXIS2_PLACEMENT_3D('',#5752,#4573,#4574);
#3816=AXIS2_PLACEMENT_3D('',#5758,#4578,#4579);
#3817=AXIS2_PLACEMENT_3D('',#5760,#4580,#4581);
#3818=AXIS2_PLACEMENT_3D('',#5763,#4583,#4584);
#3819=AXIS2_PLACEMENT_3D('',#5764,#4585,#4586);
#3820=AXIS2_PLACEMENT_3D('',#5766,#4587,#4588);
#3821=AXIS2_PLACEMENT_3D('',#5769,#4590,#4591);
#3822=AXIS2_PLACEMENT_3D('',#5770,#4592,#4593);
#3823=AXIS2_PLACEMENT_3D('',#5776,#4597,#4598);
#3824=AXIS2_PLACEMENT_3D('',#5779,#4601,#4602);
#3825=AXIS2_PLACEMENT_3D('',#5782,#4605,#4606);
#3826=AXIS2_PLACEMENT_3D('',#5788,#4610,#4611);
#3827=AXIS2_PLACEMENT_3D('',#5794,#4615,#4616);
#3828=AXIS2_PLACEMENT_3D('',#5797,#4617,#4618);
#3829=AXIS2_PLACEMENT_3D('',#5798,#4619,#4620);
#3830=AXIS2_PLACEMENT_3D('',#5802,#4622,#4623);
#3831=AXIS2_PLACEMENT_3D('',#5803,#4624,#4625);
#3832=AXIS2_PLACEMENT_3D('',#5804,#4626,#4627);
#3833=AXIS2_PLACEMENT_3D('',#5807,#4628,#4629);
#3834=AXIS2_PLACEMENT_3D('',#5808,#4630,#4631);
#3835=AXIS2_PLACEMENT_3D('',#5812,#4633,#4634);
#3836=AXIS2_PLACEMENT_3D('',#5813,#4635,#4636);
#3837=AXIS2_PLACEMENT_3D('',#5814,#4637,#4638);
#3838=AXIS2_PLACEMENT_3D('',#5817,#4639,#4640);
#3839=AXIS2_PLACEMENT_3D('',#5818,#4641,#4642);
#3840=AXIS2_PLACEMENT_3D('',#5822,#4644,#4645);
#3841=AXIS2_PLACEMENT_3D('',#5823,#4646,#4647);
#3842=AXIS2_PLACEMENT_3D('',#5824,#4648,#4649);
#3843=AXIS2_PLACEMENT_3D('',#5827,#4650,#4651);
#3844=AXIS2_PLACEMENT_3D('',#5828,#4652,#4653);
#3845=AXIS2_PLACEMENT_3D('',#5832,#4655,#4656);
#3846=AXIS2_PLACEMENT_3D('',#5833,#4657,#4658);
#3847=AXIS2_PLACEMENT_3D('',#5834,#4659,#4660);
#3848=AXIS2_PLACEMENT_3D('',#5838,#4663,#4664);
#3849=AXIS2_PLACEMENT_3D('',#5842,#4667,#4668);
#3850=AXIS2_PLACEMENT_3D('',#5844,#4670,#4671);
#3851=AXIS2_PLACEMENT_3D('',#5847,#4672,#4673);
#3852=AXIS2_PLACEMENT_3D('',#5848,#4674,#4675);
#3853=AXIS2_PLACEMENT_3D('',#5850,#4677,#4678);
#3854=AXIS2_PLACEMENT_3D('',#5851,#4679,#4680);
#3855=AXIS2_PLACEMENT_3D('',#5852,#4681,#4682);
#3856=AXIS2_PLACEMENT_3D('',#5853,#4683,#4684);
#3857=AXIS2_PLACEMENT_3D('',#5856,#4685,#4686);
#3858=AXIS2_PLACEMENT_3D('',#5857,#4687,#4688);
#3859=AXIS2_PLACEMENT_3D('',#5861,#4690,#4691);
#3860=AXIS2_PLACEMENT_3D('',#5862,#4692,#4693);
#3861=AXIS2_PLACEMENT_3D('',#5863,#4694,#4695);
#3862=AXIS2_PLACEMENT_3D('',#5864,#4696,#4697);
#3863=AXIS2_PLACEMENT_3D('',#5867,#4698,#4699);
#3864=AXIS2_PLACEMENT_3D('',#5868,#4700,#4701);
#3865=AXIS2_PLACEMENT_3D('',#5872,#4703,#4704);
#3866=AXIS2_PLACEMENT_3D('',#5873,#4705,#4706);
#3867=AXIS2_PLACEMENT_3D('',#5874,#4707,#4708);
#3868=AXIS2_PLACEMENT_3D('',#5875,#4709,#4710);
#3869=AXIS2_PLACEMENT_3D('',#5878,#4711,#4712);
#3870=AXIS2_PLACEMENT_3D('',#5879,#4713,#4714);
#3871=AXIS2_PLACEMENT_3D('',#5883,#4716,#4717);
#3872=AXIS2_PLACEMENT_3D('',#5884,#4718,#4719);
#3873=AXIS2_PLACEMENT_3D('',#5885,#4720,#4721);
#3874=AXIS2_PLACEMENT_3D('',#5886,#4722,#4723);
#3875=AXIS2_PLACEMENT_3D('',#5887,#4724,#4725);
#3876=AXIS2_PLACEMENT_3D('',#5891,#4727,#4728);
#3877=AXIS2_PLACEMENT_3D('',#5894,#4730,#4731);
#3878=AXIS2_PLACEMENT_3D('',#5899,#4734,#4735);
#3879=AXIS2_PLACEMENT_3D('',#5900,#4736,#4737);
#3880=AXIS2_PLACEMENT_3D('',#5904,#4739,#4740);
#3881=AXIS2_PLACEMENT_3D('',#5912,#4744,#4745);
#3882=AXIS2_PLACEMENT_3D('',#5914,#4747,#4748);
#3883=AXIS2_PLACEMENT_3D('',#5917,#4749,#4750);
#3884=AXIS2_PLACEMENT_3D('',#5918,#4751,#4752);
#3885=AXIS2_PLACEMENT_3D('',#5921,#4753,#4754);
#3886=AXIS2_PLACEMENT_3D('',#5922,#4755,#4756);
#3887=AXIS2_PLACEMENT_3D('',#5925,#4757,#4758);
#3888=AXIS2_PLACEMENT_3D('',#5926,#4759,#4760);
#3889=AXIS2_PLACEMENT_3D('',#5929,#4761,#4762);
#3890=AXIS2_PLACEMENT_3D('',#5930,#4763,#4764);
#3891=AXIS2_PLACEMENT_3D('',#5931,#4765,#4766);
#3892=AXIS2_PLACEMENT_3D('',#5934,#4767,#4768);
#3893=AXIS2_PLACEMENT_3D('',#5935,#4769,#4770);
#3894=AXIS2_PLACEMENT_3D('',#5938,#4772,#4773);
#3895=AXIS2_PLACEMENT_3D('',#5939,#4774,#4775);
#3896=AXIS2_PLACEMENT_3D('',#5942,#4777,#4778);
#3897=AXIS2_PLACEMENT_3D('',#5943,#4779,#4780);
#3898=AXIS2_PLACEMENT_3D('',#5946,#4781,#4782);
#3899=AXIS2_PLACEMENT_3D('',#5947,#4783,#4784);
#3900=AXIS2_PLACEMENT_3D('',#5950,#4786,#4787);
#3901=AXIS2_PLACEMENT_3D('',#5951,#4788,#4789);
#3902=AXIS2_PLACEMENT_3D('',#5954,#4791,#4792);
#3903=AXIS2_PLACEMENT_3D('',#5955,#4793,#4794);
#3904=AXIS2_PLACEMENT_3D('',#5958,#4795,#4796);
#3905=AXIS2_PLACEMENT_3D('',#5959,#4797,#4798);
#3906=AXIS2_PLACEMENT_3D('',#5962,#4800,#4801);
#3907=AXIS2_PLACEMENT_3D('',#5963,#4802,#4803);
#3908=AXIS2_PLACEMENT_3D('',#5966,#4805,#4806);
#3909=AXIS2_PLACEMENT_3D('',#5967,#4807,#4808);
#3910=AXIS2_PLACEMENT_3D('',#5970,#4809,#4810);
#3911=AXIS2_PLACEMENT_3D('',#5971,#4811,#4812);
#3912=AXIS2_PLACEMENT_3D('',#5974,#4814,#4815);
#3913=AXIS2_PLACEMENT_3D('',#5975,#4816,#4817);
#3914=AXIS2_PLACEMENT_3D('',#5978,#4819,#4820);
#3915=AXIS2_PLACEMENT_3D('',#5979,#4821,#4822);
#3916=AXIS2_PLACEMENT_3D('',#5982,#4824,#4825);
#3917=AXIS2_PLACEMENT_3D('',#5983,#4826,#4827);
#3918=AXIS2_PLACEMENT_3D('',#5986,#4829,#4830);
#3919=AXIS2_PLACEMENT_3D('',#5987,#4831,#4832);
#3920=AXIS2_PLACEMENT_3D('',#5990,#4834,#4835);
#3921=AXIS2_PLACEMENT_3D('',#5991,#4836,#4837);
#3922=AXIS2_PLACEMENT_3D('',#5994,#4839,#4840);
#3923=AXIS2_PLACEMENT_3D('',#5995,#4841,#4842);
#3924=AXIS2_PLACEMENT_3D('',#6001,#4846,#4847);
#3925=AXIS2_PLACEMENT_3D('',#6003,#4848,#4849);
#3926=AXIS2_PLACEMENT_3D('',#6005,#4851,#4852);
#3927=AXIS2_PLACEMENT_3D('',#6007,#4854,#4855);
#3928=AXIS2_PLACEMENT_3D('',#6011,#4858,#4859);
#3929=AXIS2_PLACEMENT_3D('',#6013,#4860,#4861);
#3930=AXIS2_PLACEMENT_3D('',#6015,#4863,#4864);
#3931=AXIS2_PLACEMENT_3D('',#6017,#4866,#4867);
#3932=AXIS2_PLACEMENT_3D('',#6023,#4871,#4872);
#3933=AXIS2_PLACEMENT_3D('',#6027,#4875,#4876);
#3934=AXIS2_PLACEMENT_3D('',#6028,#4877,#4878);
#3935=AXIS2_PLACEMENT_3D('',#6029,#4879,#4880);
#3936=AXIS2_PLACEMENT_3D('',#6035,#4884,#4885);
#3937=AXIS2_PLACEMENT_3D('',#6036,#4886,#4887);
#3938=AXIS2_PLACEMENT_3D('',#6037,#4888,#4889);
#3939=AXIS2_PLACEMENT_3D('',#6039,#4890,#4891);
#3940=AXIS2_PLACEMENT_3D('',#6040,#4892,#4893);
#3941=AXIS2_PLACEMENT_3D('',#6042,#4894,#4895);
#3942=AXIS2_PLACEMENT_3D('',#6043,#4896,#4897);
#3943=AXIS2_PLACEMENT_3D('',#6045,#4898,#4899);
#3944=AXIS2_PLACEMENT_3D('',#6046,#4900,#4901);
#3945=AXIS2_PLACEMENT_3D('',#6048,#4902,#4903);
#3946=AXIS2_PLACEMENT_3D('',#6049,#4904,#4905);
#3947=AXIS2_PLACEMENT_3D('',#6051,#4906,#4907);
#3948=AXIS2_PLACEMENT_3D('',#6053,#4909,#4910);
#3949=AXIS2_PLACEMENT_3D('',#6056,#4911,#4912);
#3950=AXIS2_PLACEMENT_3D('',#6057,#4913,#4914);
#3951=AXIS2_PLACEMENT_3D('',#6059,#4916,#4917);
#3952=AXIS2_PLACEMENT_3D('',#6060,#4918,#4919);
#3953=AXIS2_PLACEMENT_3D('',#6062,#4920,#4921);
#3954=AXIS2_PLACEMENT_3D('',#6064,#4923,#4924);
#3955=AXIS2_PLACEMENT_3D('',#6067,#4925,#4926);
#3956=AXIS2_PLACEMENT_3D('',#6068,#4927,#4928);
#3957=AXIS2_PLACEMENT_3D('',#6070,#4930,#4931);
#3958=AXIS2_PLACEMENT_3D('',#6071,#4932,#4933);
#3959=AXIS2_PLACEMENT_3D('',#6073,#4934,#4935);
#3960=AXIS2_PLACEMENT_3D('',#6075,#4937,#4938);
#3961=AXIS2_PLACEMENT_3D('',#6078,#4939,#4940);
#3962=AXIS2_PLACEMENT_3D('',#6079,#4941,#4942);
#3963=AXIS2_PLACEMENT_3D('',#6081,#4944,#4945);
#3964=AXIS2_PLACEMENT_3D('',#6082,#4946,#4947);
#3965=AXIS2_PLACEMENT_3D('',#6084,#4948,#4949);
#3966=AXIS2_PLACEMENT_3D('',#6086,#4951,#4952);
#3967=AXIS2_PLACEMENT_3D('',#6089,#4953,#4954);
#3968=AXIS2_PLACEMENT_3D('',#6090,#4955,#4956);
#3969=AXIS2_PLACEMENT_3D('',#6092,#4958,#4959);
#3970=AXIS2_PLACEMENT_3D('',#6093,#4960,#4961);
#3971=AXIS2_PLACEMENT_3D('',#6096,#4962,#4963);
#3972=AXIS2_PLACEMENT_3D('',#6100,#4965,#4966);
#3973=AXIS2_PLACEMENT_3D('',#6102,#4968,#4969);
#3974=AXIS2_PLACEMENT_3D('',#6104,#4970,#4971);
#3975=AXIS2_PLACEMENT_3D('',#6106,#4972,#4973);
#3976=AXIS2_PLACEMENT_3D('',#6108,#4975,#4976);
#3977=AXIS2_PLACEMENT_3D('',#6114,#4980,#4981);
#3978=AXIS2_PLACEMENT_3D('',#6116,#4982,#4983);
#3979=AXIS2_PLACEMENT_3D('',#6118,#4984,#4985);
#3980=AXIS2_PLACEMENT_3D('',#6120,#4987,#4988);
#3981=AXIS2_PLACEMENT_3D('',#6126,#4992,#4993);
#3982=AXIS2_PLACEMENT_3D('',#6128,#4994,#4995);
#3983=AXIS2_PLACEMENT_3D('',#6130,#4996,#4997);
#3984=AXIS2_PLACEMENT_3D('',#6132,#4999,#5000);
#3985=AXIS2_PLACEMENT_3D('',#6138,#5004,#5005);
#3986=AXIS2_PLACEMENT_3D('',#6140,#5006,#5007);
#3987=AXIS2_PLACEMENT_3D('',#6142,#5008,#5009);
#3988=AXIS2_PLACEMENT_3D('',#6144,#5011,#5012);
#3989=AXIS2_PLACEMENT_3D('',#6146,#5013,#5014);
#3990=AXIS2_PLACEMENT_3D('',#6148,#5015,#5016);
#3991=AXIS2_PLACEMENT_3D('',#6150,#5018,#5019);
#3992=AXIS2_PLACEMENT_3D('',#6152,#5020,#5021);
#3993=AXIS2_PLACEMENT_3D('',#6154,#5022,#5023);
#3994=AXIS2_PLACEMENT_3D('',#6156,#5025,#5026);
#3995=AXIS2_PLACEMENT_3D('',#6162,#5030,#5031);
#3996=AXIS2_PLACEMENT_3D('',#6164,#5032,#5033);
#3997=AXIS2_PLACEMENT_3D('',#6166,#5034,#5035);
#3998=AXIS2_PLACEMENT_3D('',#6168,#5037,#5038);
#3999=AXIS2_PLACEMENT_3D('',#6174,#5042,#5043);
#4000=AXIS2_PLACEMENT_3D('',#6176,#5044,#5045);
#4001=AXIS2_PLACEMENT_3D('',#6178,#5046,#5047);
#4002=AXIS2_PLACEMENT_3D('',#6180,#5049,#5050);
#4003=AXIS2_PLACEMENT_3D('',#6186,#5054,#5055);
#4004=AXIS2_PLACEMENT_3D('',#6187,#5056,#5057);
#4005=AXIS2_PLACEMENT_3D('',#6188,#5058,#5059);
#4006=AXIS2_PLACEMENT_3D('',#6189,#5060,#5061);
#4007=AXIS2_PLACEMENT_3D('',#6191,#5062,#5063);
#4008=AXIS2_PLACEMENT_3D('',#6193,#5065,#5066);
#4009=AXIS2_PLACEMENT_3D('',#6194,#5067,#5068);
#4010=AXIS2_PLACEMENT_3D('',#6196,#5070,#5071);
#4011=AXIS2_PLACEMENT_3D('',#6197,#5072,#5073);
#4012=AXIS2_PLACEMENT_3D('',#6200,#5074,#5075);
#4013=AXIS2_PLACEMENT_3D('',#6202,#5076,#5077);
#4014=AXIS2_PLACEMENT_3D('',#6204,#5078,#5079);
#4015=AXIS2_PLACEMENT_3D('',#6205,#5080,#5081);
#4016=AXIS2_PLACEMENT_3D('',#6206,#5082,#5083);
#4017=AXIS2_PLACEMENT_3D('',#6209,#5084,#5085);
#4018=AXIS2_PLACEMENT_3D('',#6212,#5088,#5089);
#4019=AXIS2_PLACEMENT_3D('',#6215,#5090,#5091);
#4020=AXIS2_PLACEMENT_3D('',#6216,#5092,#5093);
#4021=AXIS2_PLACEMENT_3D('',#6217,#5094,#5095);
#4022=AXIS2_PLACEMENT_3D('',#6218,#5096,#5097);
#4023=AXIS2_PLACEMENT_3D('',#6221,#5098,#5099);
#4024=AXIS2_PLACEMENT_3D('',#6224,#5102,#5103);
#4025=AXIS2_PLACEMENT_3D('',#6227,#5104,#5105);
#4026=AXIS2_PLACEMENT_3D('',#6228,#5106,#5107);
#4027=AXIS2_PLACEMENT_3D('',#6229,#5108,#5109);
#4028=AXIS2_PLACEMENT_3D('',#6230,#5110,#5111);
#4029=AXIS2_PLACEMENT_3D('',#6233,#5112,#5113);
#4030=AXIS2_PLACEMENT_3D('',#6234,#5114,#5115);
#4031=AXIS2_PLACEMENT_3D('',#6235,#5116,#5117);
#4032=AXIS2_PLACEMENT_3D('',#6236,#5118,#5119);
#4033=AXIS2_PLACEMENT_3D('',#6239,#5120,#5121);
#4034=AXIS2_PLACEMENT_3D('',#6240,#5122,#5123);
#4035=AXIS2_PLACEMENT_3D('',#6241,#5124,#5125);
#4036=AXIS2_PLACEMENT_3D('',#6242,#5126,#5127);
#4037=AXIS2_PLACEMENT_3D('',#6245,#5128,#5129);
#4038=AXIS2_PLACEMENT_3D('',#6248,#5132,#5133);
#4039=AXIS2_PLACEMENT_3D('',#6251,#5134,#5135);
#4040=AXIS2_PLACEMENT_3D('',#6252,#5136,#5137);
#4041=AXIS2_PLACEMENT_3D('',#6253,#5138,#5139);
#4042=AXIS2_PLACEMENT_3D('',#6254,#5140,#5141);
#4043=AXIS2_PLACEMENT_3D('',#6257,#5142,#5143);
#4044=AXIS2_PLACEMENT_3D('',#6260,#5146,#5147);
#4045=AXIS2_PLACEMENT_3D('',#6263,#5148,#5149);
#4046=AXIS2_PLACEMENT_3D('',#6264,#5150,#5151);
#4047=AXIS2_PLACEMENT_3D('',#6265,#5152,#5153);
#4048=AXIS2_PLACEMENT_3D('',#6266,#5154,#5155);
#4049=AXIS2_PLACEMENT_3D('',#6269,#5156,#5157);
#4050=AXIS2_PLACEMENT_3D('',#6272,#5160,#5161);
#4051=AXIS2_PLACEMENT_3D('',#6275,#5162,#5163);
#4052=AXIS2_PLACEMENT_3D('',#6276,#5164,#5165);
#4053=AXIS2_PLACEMENT_3D('',#6277,#5166,#5167);
#4054=AXIS2_PLACEMENT_3D('',#6278,#5168,#5169);
#4055=AXIS2_PLACEMENT_3D('',#6281,#5170,#5171);
#4056=AXIS2_PLACEMENT_3D('',#6282,#5172,#5173);
#4057=AXIS2_PLACEMENT_3D('',#6283,#5174,#5175);
#4058=AXIS2_PLACEMENT_3D('',#6284,#5176,#5177);
#4059=AXIS2_PLACEMENT_3D('',#6287,#5178,#5179);
#4060=AXIS2_PLACEMENT_3D('',#6288,#5180,#5181);
#4061=AXIS2_PLACEMENT_3D('',#6289,#5182,#5183);
#4062=AXIS2_PLACEMENT_3D('',#6290,#5184,#5185);
#4063=AXIS2_PLACEMENT_3D('',#6293,#5188,#5189);
#4064=AXIS2_PLACEMENT_3D('',#6299,#5193,#5194);
#4065=AXIS2_PLACEMENT_3D('',#6302,#5196,#5197);
#4066=AXIS2_PLACEMENT_3D('',#6303,#5198,#5199);
#4067=AXIS2_PLACEMENT_3D('',#6307,#5202,#5203);
#4068=AXIS2_PLACEMENT_3D('',#6310,#5205,#5206);
#4069=AXIS2_PLACEMENT_3D('',#6311,#5207,#5208);
#4070=AXIS2_PLACEMENT_3D('',#6314,#5210,#5211);
#4071=AXIS2_PLACEMENT_3D('',#6315,#5212,#5213);
#4072=AXIS2_PLACEMENT_3D('',#6318,#5215,#5216);
#4073=AXIS2_PLACEMENT_3D('',#6319,#5217,#5218);
#4074=AXIS2_PLACEMENT_3D('',#6323,#5221,#5222);
#4075=AXIS2_PLACEMENT_3D('',#6326,#5224,#5225);
#4076=AXIS2_PLACEMENT_3D('',#6327,#5226,#5227);
#4077=AXIS2_PLACEMENT_3D('',#6328,#5228,#5229);
#4078=AXIS2_PLACEMENT_3D('',#6329,#5230,#5231);
#4079=AXIS2_PLACEMENT_3D('',#6331,#5233,#5234);
#4080=AXIS2_PLACEMENT_3D('',#6332,#5235,#5236);
#4081=AXIS2_PLACEMENT_3D('',#6333,#5237,#5238);
#4082=AXIS2_PLACEMENT_3D('',#6334,#5239,#5240);
#4083=AXIS2_PLACEMENT_3D('',#6335,#5241,#5242);
#4084=AXIS2_PLACEMENT_3D('',#6339,#5244,#5245);
#4085=AXIS2_PLACEMENT_3D('',#6341,#5247,#5248);
#4086=AXIS2_PLACEMENT_3D('',#6343,#5249,#5250);
#4087=AXIS2_PLACEMENT_3D('',#6345,#5252,#5253);
#4088=AXIS2_PLACEMENT_3D('',#6347,#5254,#5255);
#4089=AXIS2_PLACEMENT_3D('',#6349,#5257,#5258);
#4090=AXIS2_PLACEMENT_3D('',#6353,#5261,#5262);
#4091=AXIS2_PLACEMENT_3D('',#6355,#5263,#5264);
#4092=AXIS2_PLACEMENT_3D('',#6357,#5266,#5267);
#4093=AXIS2_PLACEMENT_3D('',#6360,#5269,#5270);
#4094=AXIS2_PLACEMENT_3D('',#6361,#5271,#5272);
#4095=AXIS2_PLACEMENT_3D('',#6363,#5274,#5275);
#4096=AXIS2_PLACEMENT_3D('',#6365,#5277,#5278);
#4097=DIRECTION('axis',(0.,0.,1.));
#4098=DIRECTION('refdir',(1.,0.,0.));
#4099=DIRECTION('center_axis',(0.866025403784438,0.,-0.500000000000001));
#4100=DIRECTION('ref_axis',(-0.5,0.,-0.866025403784438));
#4101=DIRECTION('',(0.,-1.,0.));
#4102=DIRECTION('',(0.353553390593274,0.707106781186547,0.612372435695794));
#4103=DIRECTION('',(-0.500000000000001,0.,-0.866025403784438));
#4104=DIRECTION('center_axis',(0.353553390593274,-0.707106781186547,0.612372435695794));
#4105=DIRECTION('ref_axis',(-0.353553390593274,-0.707106781186547,-0.612372435695794));
#4106=DIRECTION('center_axis',(0.353553390593274,-0.707106781186547,0.612372435695794));
#4107=DIRECTION('ref_axis',(-0.353553390593274,-0.707106781186548,-0.612372435695794));
#4108=DIRECTION('center_axis',(0.353553390593274,-0.707106781186547,0.612372435695794));
#4109=DIRECTION('ref_axis',(-0.353553390593274,-0.707106781186548,-0.612372435695794));
#4110=DIRECTION('',(-0.353553390593274,-0.707106781186547,-0.612372435695794));
#4111=DIRECTION('',(0.866025403784438,0.,-0.5));
#4112=DIRECTION('center_axis',(0.,1.,0.));
#4113=DIRECTION('ref_axis',(0.500000000000001,0.,0.866025403784438));
#4114=DIRECTION('center_axis',(0.,1.,0.));
#4115=DIRECTION('ref_axis',(-1.,0.,-3.21827578452214E-16));
#4116=DIRECTION('',(0.500000000000001,0.,0.866025403784438));
#4117=DIRECTION('center_axis',(-0.866025403784438,0.,0.500000000000001));
#4118=DIRECTION('ref_axis',(0.5,0.,0.866025403784438));
#4119=DIRECTION('',(0.,1.,0.));
#4120=DIRECTION('center_axis',(-0.866025403784439,0.,-0.5));
#4121=DIRECTION('ref_axis',(-0.5,0.,0.866025403784439));
#4122=DIRECTION('',(0.,-1.,0.));
#4123=DIRECTION('',(0.353553390593274,0.707106781186548,-0.612372435695795));
#4124=DIRECTION('',(-0.5,0.,0.866025403784439));
#4125=DIRECTION('center_axis',(0.353553390593274,-0.707106781186548,-0.612372435695795));
#4126=DIRECTION('ref_axis',(-0.353553390593274,-0.707106781186548,0.612372435695795));
#4127=DIRECTION('center_axis',(0.353553390593274,-0.707106781186548,-0.612372435695795));
#4128=DIRECTION('ref_axis',(-0.353553390593274,-0.707106781186547,0.612372435695795));
#4129=DIRECTION('center_axis',(0.353553390593274,-0.707106781186548,-0.612372435695795));
#4130=DIRECTION('ref_axis',(-0.353553390593274,-0.707106781186547,0.612372435695795));
#4131=DIRECTION('',(-0.353553390593274,-0.707106781186548,0.612372435695795));
#4132=DIRECTION('',(-0.866025403784439,0.,-0.5));
#4133=DIRECTION('center_axis',(0.,1.,0.));
#4134=DIRECTION('ref_axis',(0.5,0.,-0.866025403784439));
#4135=DIRECTION('center_axis',(0.,1.,0.));
#4136=DIRECTION('ref_axis',(-1.,0.,-3.21827578452214E-16));
#4137=DIRECTION('',(0.5,0.,-0.866025403784439));
#4138=DIRECTION('center_axis',(0.866025403784439,0.,0.5));
#4139=DIRECTION('ref_axis',(0.5,0.,-0.866025403784439));
#4140=DIRECTION('',(0.,1.,0.));
#4141=DIRECTION('center_axis',(0.,1.,0.));
#4142=DIRECTION('ref_axis',(-1.,0.,-3.21827578452214E-16));
#4143=DIRECTION('center_axis',(0.,-1.,0.));
#4144=DIRECTION('ref_axis',(-1.,0.,-3.21827578452214E-16));
#4145=DIRECTION('center_axis',(-0.707106781186548,-0.707106781186548,0.));
#4146=DIRECTION('ref_axis',(-0.707106781186548,0.707106781186548,-2.27566463096406E-16));
#4147=DIRECTION('',(0.,-1.,0.));
#4148=DIRECTION('center_axis',(0.,1.,0.));
#4149=DIRECTION('ref_axis',(-1.,0.,-3.21827578452214E-16));
#4150=DIRECTION('',(0.,1.,0.));
#4151=DIRECTION('center_axis',(-0.707106781186548,-0.707106781186548,0.));
#4152=DIRECTION('ref_axis',(-0.707106781186548,0.707106781186548,-2.27566463096406E-16));
#4153=DIRECTION('center_axis',(0.,-1.,0.));
#4154=DIRECTION('ref_axis',(-1.,0.,-3.21827578452214E-16));
#4155=DIRECTION('center_axis',(0.,-1.,0.));
#4156=DIRECTION('ref_axis',(-1.,0.,-3.21827578452214E-16));
#4157=DIRECTION('',(0.,-1.,0.));
#4158=DIRECTION('center_axis',(0.,-1.,0.));
#4159=DIRECTION('ref_axis',(1.,0.,0.));
#4160=DIRECTION('center_axis',(0.,-1.,0.));
#4161=DIRECTION('ref_axis',(-1.,0.,-3.21827578452214E-16));
#4162=DIRECTION('center_axis',(0.,0.,1.));
#4163=DIRECTION('ref_axis',(1.,0.,0.));
#4164=DIRECTION('',(-0.707106781186548,0.707106781186548,2.09345661157837E-16));
#4165=DIRECTION('',(1.,0.,-2.96059473233375E-16));
#4166=DIRECTION('center_axis',(-0.707106781186548,-0.707106781186548,0.));
#4167=DIRECTION('ref_axis',(0.707106781186548,-0.707106781186548,-2.09345661157837E-16));
#4168=DIRECTION('',(0.707106781186548,-0.707106781186548,-2.09345661157837E-16));
#4169=DIRECTION('',(0.,0.,1.));
#4170=DIRECTION('center_axis',(0.,1.,0.));
#4171=DIRECTION('ref_axis',(-1.,0.,2.96059473233375E-16));
#4172=DIRECTION('',(-1.,0.,2.96059473233375E-16));
#4173=DIRECTION('center_axis',(0.,0.,-1.));
#4174=DIRECTION('ref_axis',(-1.,0.,0.));
#4175=DIRECTION('center_axis',(0.866025403784438,0.,0.500000000000001));
#4176=DIRECTION('ref_axis',(0.5,0.,-0.866025403784438));
#4177=DIRECTION('',(0.,-1.,0.));
#4178=DIRECTION('',(-0.353553390593274,-0.707106781186547,0.612372435695794));
#4179=DIRECTION('',(0.5,0.,-0.866025403784438));
#4180=DIRECTION('center_axis',(-0.353553390593274,0.707106781186547,0.612372435695794));
#4181=DIRECTION('ref_axis',(0.353553390593274,0.707106781186547,-0.612372435695794));
#4182=DIRECTION('center_axis',(0.353553390593274,-0.707106781186547,-0.612372435695794));
#4183=DIRECTION('ref_axis',(-0.353553390593274,-0.707106781186548,0.612372435695794));
#4184=DIRECTION('center_axis',(0.353553390593274,-0.707106781186547,-0.612372435695794));
#4185=DIRECTION('ref_axis',(-0.353553390593274,-0.707106781186548,0.612372435695794));
#4186=DIRECTION('',(0.353553390593274,0.707106781186547,-0.612372435695794));
#4187=DIRECTION('',(-0.866025403784438,0.,-0.5));
#4188=DIRECTION('center_axis',(0.,-1.,0.));
#4189=DIRECTION('ref_axis',(-0.5,0.,0.866025403784438));
#4190=DIRECTION('center_axis',(0.,1.,0.));
#4191=DIRECTION('ref_axis',(-1.,0.,-3.21827578452214E-16));
#4192=DIRECTION('',(-0.5,0.,0.866025403784438));
#4193=DIRECTION('center_axis',(-0.866025403784438,0.,-0.500000000000001));
#4194=DIRECTION('ref_axis',(-0.5,0.,0.866025403784438));
#4195=DIRECTION('',(0.,1.,0.));
#4196=DIRECTION('center_axis',(-0.866025403784439,0.,0.5));
#4197=DIRECTION('ref_axis',(0.5,0.,0.866025403784439));
#4198=DIRECTION('',(0.,-1.,0.));
#4199=DIRECTION('',(-0.353553390593274,-0.707106781186547,-0.612372435695795));
#4200=DIRECTION('',(0.5,0.,0.866025403784439));
#4201=DIRECTION('center_axis',(-0.353553390593274,0.707106781186548,-0.612372435695795));
#4202=DIRECTION('ref_axis',(0.353553390593274,0.707106781186547,0.612372435695795));
#4203=DIRECTION('center_axis',(0.353553390593274,-0.707106781186548,0.612372435695795));
#4204=DIRECTION('ref_axis',(-0.353553390593274,-0.707106781186548,-0.612372435695794));
#4205=DIRECTION('center_axis',(0.353553390593274,-0.707106781186548,0.612372435695795));
#4206=DIRECTION('ref_axis',(-0.353553390593274,-0.707106781186548,-0.612372435695794));
#4207=DIRECTION('',(0.353553390593274,0.707106781186547,0.612372435695795));
#4208=DIRECTION('',(0.866025403784439,0.,-0.5));
#4209=DIRECTION('center_axis',(0.,-1.,0.));
#4210=DIRECTION('ref_axis',(-0.5,0.,-0.866025403784439));
#4211=DIRECTION('center_axis',(0.,1.,0.));
#4212=DIRECTION('ref_axis',(-1.,0.,-3.21827578452214E-16));
#4213=DIRECTION('',(-0.5,0.,-0.866025403784439));
#4214=DIRECTION('center_axis',(0.866025403784439,0.,-0.5));
#4215=DIRECTION('ref_axis',(-0.5,0.,-0.866025403784439));
#4216=DIRECTION('',(0.,1.,0.));
#4217=DIRECTION('center_axis',(0.,1.,0.));
#4218=DIRECTION('ref_axis',(-1.,0.,-3.21827578452214E-16));
#4219=DIRECTION('center_axis',(0.,-1.,0.));
#4220=DIRECTION('ref_axis',(-1.,0.,-3.21827578452214E-16));
#4221=DIRECTION('center_axis',(-0.707106781186548,-0.707106781186548,0.));
#4222=DIRECTION('ref_axis',(-0.707106781186548,0.707106781186548,-2.27566463096406E-16));
#4223=DIRECTION('',(0.,-1.,0.));
#4224=DIRECTION('center_axis',(0.,1.,0.));
#4225=DIRECTION('ref_axis',(-1.,0.,-3.21827578452214E-16));
#4226=DIRECTION('',(0.,1.,0.));
#4227=DIRECTION('center_axis',(-0.707106781186548,-0.707106781186548,0.));
#4228=DIRECTION('ref_axis',(-0.707106781186548,0.707106781186548,-2.27566463096406E-16));
#4229=DIRECTION('center_axis',(0.,-1.,0.));
#4230=DIRECTION('ref_axis',(-1.,0.,-3.21827578452214E-16));
#4231=DIRECTION('center_axis',(0.,-1.,0.));
#4232=DIRECTION('ref_axis',(-1.,0.,-3.21827578452214E-16));
#4233=DIRECTION('',(0.,-1.,0.));
#4234=DIRECTION('center_axis',(0.,-1.,0.));
#4235=DIRECTION('ref_axis',(1.,0.,0.));
#4236=DIRECTION('center_axis',(0.,-1.,0.));
#4237=DIRECTION('ref_axis',(-1.,0.,-3.21827578452214E-16));
#4238=DIRECTION('center_axis',(0.,0.,-1.));
#4239=DIRECTION('ref_axis',(-1.,0.,0.));
#4240=DIRECTION('',(0.707106781186548,-0.707106781186548,0.));
#4241=DIRECTION('',(-1.,0.,0.));
#4242=DIRECTION('center_axis',(0.707106781186548,0.707106781186548,0.));
#4243=DIRECTION('ref_axis',(-0.707106781186548,0.707106781186548,0.));
#4244=DIRECTION('',(-0.707106781186548,0.707106781186548,0.));
#4245=DIRECTION('',(0.,0.,1.));
#4246=DIRECTION('center_axis',(0.,-1.,0.));
#4247=DIRECTION('ref_axis',(1.,0.,0.));
#4248=DIRECTION('',(1.,0.,0.));
#4249=DIRECTION('center_axis',(0.,0.,1.));
#4250=DIRECTION('ref_axis',(1.,0.,0.));
#4251=DIRECTION('center_axis',(-0.866025403784438,0.,-0.500000000000001));
#4252=DIRECTION('ref_axis',(-0.5,0.,0.866025403784438));
#4253=DIRECTION('',(0.,1.,0.));
#4254=DIRECTION('',(-0.500000000000001,0.,0.866025403784438));
#4255=DIRECTION('',(0.353553390593274,0.707106781186547,-0.612372435695794));
#4256=DIRECTION('center_axis',(0.,-1.,0.));
#4257=DIRECTION('ref_axis',(0.500000000000001,0.,-0.866025403784438));
#4258=DIRECTION('center_axis',(0.,1.,0.));
#4259=DIRECTION('ref_axis',(-1.,0.,-3.21827578452214E-16));
#4260=DIRECTION('',(0.500000000000001,0.,-0.866025403784438));
#4261=DIRECTION('',(0.866025403784438,0.,0.5));
#4262=DIRECTION('center_axis',(-0.353553390593274,0.707106781186547,0.612372435695794));
#4263=DIRECTION('ref_axis',(-0.353553390593274,-0.707106781186547,0.612372435695794));
#4264=DIRECTION('center_axis',(0.353553390593274,-0.707106781186547,-0.612372435695794));
#4265=DIRECTION('ref_axis',(-0.353553390593274,-0.707106781186548,0.612372435695794));
#4266=DIRECTION('',(-0.353553390593274,-0.707106781186547,0.612372435695794));
#4267=DIRECTION('center_axis',(0.353553390593274,-0.707106781186547,-0.612372435695794));
#4268=DIRECTION('ref_axis',(-0.353553390593274,-0.707106781186548,0.612372435695794));
#4269=DIRECTION('center_axis',(0.866025403784438,0.,0.500000000000001));
#4270=DIRECTION('ref_axis',(0.5,0.,-0.866025403784438));
#4271=DIRECTION('',(0.,-1.,0.));
#4272=DIRECTION('center_axis',(0.866025403784439,0.,-0.5));
#4273=DIRECTION('ref_axis',(-0.5,0.,-0.866025403784439));
#4274=DIRECTION('',(0.,1.,0.));
#4275=DIRECTION('',(-0.5,0.,-0.866025403784439));
#4276=DIRECTION('',(0.353553390593274,0.707106781186548,0.612372435695795));
#4277=DIRECTION('center_axis',(0.,-1.,0.));
#4278=DIRECTION('ref_axis',(0.5,0.,0.866025403784439));
#4279=DIRECTION('center_axis',(0.,1.,0.));
#4280=DIRECTION('ref_axis',(-1.,0.,-3.21827578452214E-16));
#4281=DIRECTION('',(0.5,0.,0.866025403784439));
#4282=DIRECTION('',(-0.866025403784439,0.,0.5));
#4283=DIRECTION('center_axis',(-0.353553390593274,0.707106781186548,-0.612372435695795));
#4284=DIRECTION('ref_axis',(-0.353553390593274,-0.707106781186548,-0.612372435695795));
#4285=DIRECTION('center_axis',(0.353553390593274,-0.707106781186548,0.612372435695795));
#4286=DIRECTION('ref_axis',(-0.353553390593274,-0.707106781186548,-0.612372435695795));
#4287=DIRECTION('',(-0.353553390593274,-0.707106781186548,-0.612372435695795));
#4288=DIRECTION('center_axis',(0.353553390593274,-0.707106781186548,0.612372435695795));
#4289=DIRECTION('ref_axis',(-0.353553390593274,-0.707106781186548,-0.612372435695795));
#4290=DIRECTION('center_axis',(-0.866025403784439,0.,0.5));
#4291=DIRECTION('ref_axis',(0.5,0.,0.866025403784439));
#4292=DIRECTION('',(0.,-1.,0.));
#4293=DIRECTION('center_axis',(0.,1.,0.));
#4294=DIRECTION('ref_axis',(-1.,0.,-3.21827578452214E-16));
#4295=DIRECTION('center_axis',(0.,-1.,0.));
#4296=DIRECTION('ref_axis',(-1.,0.,-3.21827578452214E-16));
#4297=DIRECTION('center_axis',(-0.707106781186548,-0.707106781186548,0.));
#4298=DIRECTION('ref_axis',(-0.707106781186548,0.707106781186548,-2.27566463096406E-16));
#4299=DIRECTION('',(0.,-1.,0.));
#4300=DIRECTION('center_axis',(0.,1.,0.));
#4301=DIRECTION('ref_axis',(-1.,0.,-3.21827578452214E-16));
#4302=DIRECTION('',(0.,1.,0.));
#4303=DIRECTION('center_axis',(-0.707106781186548,-0.707106781186548,0.));
#4304=DIRECTION('ref_axis',(-0.707106781186548,0.707106781186548,-2.27566463096406E-16));
#4305=DIRECTION('center_axis',(0.,-1.,0.));
#4306=DIRECTION('ref_axis',(-1.,0.,-3.21827578452214E-16));
#4307=DIRECTION('center_axis',(0.,-1.,0.));
#4308=DIRECTION('ref_axis',(-1.,0.,-3.21827578452214E-16));
#4309=DIRECTION('',(0.,-1.,0.));
#4310=DIRECTION('center_axis',(0.,-1.,0.));
#4311=DIRECTION('ref_axis',(1.,0.,0.));
#4312=DIRECTION('center_axis',(0.,-1.,0.));
#4313=DIRECTION('ref_axis',(-1.,0.,-3.21827578452214E-16));
#4314=DIRECTION('center_axis',(0.,0.,1.));
#4315=DIRECTION('ref_axis',(1.,0.,0.));
#4316=DIRECTION('',(1.,0.,2.96059473233375E-16));
#4317=DIRECTION('',(-0.707106781186548,0.707106781186548,-2.09345661157837E-16));
#4318=DIRECTION('center_axis',(0.,-1.,0.));
#4319=DIRECTION('ref_axis',(-1.,0.,-2.96059473233375E-16));
#4320=DIRECTION('',(-1.,0.,-2.96059473233375E-16));
#4321=DIRECTION('',(0.,0.,-1.));
#4322=DIRECTION('center_axis',(0.707106781186548,0.707106781186548,0.));
#4323=DIRECTION('ref_axis',(0.707106781186548,-0.707106781186548,2.09345661157837E-16));
#4324=DIRECTION('',(0.707106781186548,-0.707106781186548,2.09345661157837E-16));
#4325=DIRECTION('center_axis',(0.,0.,-1.));
#4326=DIRECTION('ref_axis',(-1.,0.,0.));
#4327=DIRECTION('center_axis',(0.,-1.,0.));
#4328=DIRECTION('ref_axis',(-1.,0.,0.));
#4329=DIRECTION('center_axis',(0.,1.,0.));
#4330=DIRECTION('ref_axis',(-1.,0.,0.));
#4331=DIRECTION('center_axis',(0.,1.,0.));
#4332=DIRECTION('ref_axis',(-1.,0.,0.));
#4333=DIRECTION('',(0.707106781186547,-0.707106781186547,-8.65956056235493E-17));
#4334=DIRECTION('center_axis',(0.,1.,0.));
#4335=DIRECTION('ref_axis',(1.,0.,0.));
#4336=DIRECTION('center_axis',(0.,1.,0.));
#4337=DIRECTION('ref_axis',(1.,0.,0.));
#4338=DIRECTION('center_axis',(0.,-1.,0.));
#4339=DIRECTION('ref_axis',(1.,0.,0.));
#4340=DIRECTION('center_axis',(0.,-1.,0.));
#4341=DIRECTION('ref_axis',(1.,0.,0.));
#4342=DIRECTION('center_axis',(0.,-1.,0.));
#4343=DIRECTION('ref_axis',(1.,0.,0.));
#4344=DIRECTION('',(0.,-1.,0.));
#4345=DIRECTION('center_axis',(0.,-1.,0.));
#4346=DIRECTION('ref_axis',(-1.,0.,0.));
#4347=DIRECTION('center_axis',(0.,1.,0.));
#4348=DIRECTION('ref_axis',(-1.,0.,0.));
#4349=DIRECTION('center_axis',(0.,1.,0.));
#4350=DIRECTION('ref_axis',(-1.,0.,0.));
#4351=DIRECTION('',(0.707106781186547,-0.707106781186547,-8.65956056235493E-17));
#4352=DIRECTION('center_axis',(0.,1.,0.));
#4353=DIRECTION('ref_axis',(1.,0.,0.));
#4354=DIRECTION('center_axis',(0.,1.,0.));
#4355=DIRECTION('ref_axis',(1.,0.,0.));
#4356=DIRECTION('center_axis',(0.,-1.,0.));
#4357=DIRECTION('ref_axis',(1.,0.,0.));
#4358=DIRECTION('center_axis',(0.,-1.,0.));
#4359=DIRECTION('ref_axis',(1.,0.,0.));
#4360=DIRECTION('center_axis',(0.,-1.,0.));
#4361=DIRECTION('ref_axis',(1.,0.,0.));
#4362=DIRECTION('',(0.,-1.,0.));
#4363=DIRECTION('center_axis',(0.,1.,0.));
#4364=DIRECTION('ref_axis',(1.,0.,0.));
#4365=DIRECTION('center_axis',(0.,1.,0.));
#4366=DIRECTION('ref_axis',(1.,0.,0.));
#4367=DIRECTION('center_axis',(0.,1.,0.));
#4368=DIRECTION('ref_axis',(1.,0.,0.));
#4369=DIRECTION('',(0.,1.,0.));
#4370=DIRECTION('center_axis',(0.,1.,0.));
#4371=DIRECTION('ref_axis',(1.,0.,0.));
#4372=DIRECTION('center_axis',(0.,1.,0.));
#4373=DIRECTION('ref_axis',(1.,0.,0.));
#4374=DIRECTION('center_axis',(0.,1.,0.));
#4375=DIRECTION('ref_axis',(1.,0.,0.));
#4376=DIRECTION('',(0.,1.,0.));
#4377=DIRECTION('center_axis',(0.,-1.,0.));
#4378=DIRECTION('ref_axis',(7.04481399828022E-16,0.,-1.));
#4379=DIRECTION('center_axis',(0.,-1.,0.));
#4380=DIRECTION('ref_axis',(1.,0.,0.));
#4381=DIRECTION('',(0.,-1.,0.));
#4382=DIRECTION('center_axis',(0.,1.,0.));
#4383=DIRECTION('ref_axis',(1.,0.,0.));
#4384=DIRECTION('',(0.,1.,0.));
#4385=DIRECTION('center_axis',(0.,-1.,0.));
#4386=DIRECTION('ref_axis',(2.83276944882399E-16,0.,1.));
#4387=DIRECTION('center_axis',(0.,-1.,0.));
#4388=DIRECTION('ref_axis',(1.,0.,0.));
#4389=DIRECTION('',(0.,-1.,0.));
#4390=DIRECTION('center_axis',(0.,1.,0.));
#4391=DIRECTION('ref_axis',(1.,0.,0.));
#4392=DIRECTION('',(0.,1.,0.));
#4393=DIRECTION('center_axis',(0.,1.,0.));
#4394=DIRECTION('ref_axis',(1.,0.,0.));
#4395=DIRECTION('center_axis',(0.,1.,0.));
#4396=DIRECTION('ref_axis',(-0.218643803199068,0.,0.975804738317378));
#4397=DIRECTION('',(0.,1.,0.));
#4398=DIRECTION('center_axis',(0.,-1.,0.));
#4399=DIRECTION('ref_axis',(1.,0.,0.));
#4400=DIRECTION('center_axis',(1.,-5.19774699472732E-12,0.));
#4401=DIRECTION('ref_axis',(5.19774699472732E-12,1.,-2.30826335588899E-27));
#4402=DIRECTION('',(5.19774699472732E-12,1.,-2.30826335588899E-27));
#4403=DIRECTION('',(0.,0.,1.));
#4404=DIRECTION('',(5.19774699472732E-12,1.,-2.30826335588899E-27));
#4405=DIRECTION('',(0.,0.,1.));
#4406=DIRECTION('center_axis',(0.,0.,1.));
#4407=DIRECTION('ref_axis',(1.,0.,0.));
#4408=DIRECTION('',(-1.,0.,4.44089209850063E-16));
#4409=DIRECTION('',(1.,-5.19762011202793E-12,-4.44089209850063E-16));
#4410=DIRECTION('',(-4.93432455388958E-16,-1.,0.));
#4411=DIRECTION('center_axis',(-1.,0.,0.));
#4412=DIRECTION('ref_axis',(0.,-1.,0.));
#4413=DIRECTION('',(0.,-1.,0.));
#4414=DIRECTION('',(0.,0.,1.));
#4415=DIRECTION('',(0.,-1.,0.));
#4416=DIRECTION('',(0.,0.,1.));
#4417=DIRECTION('center_axis',(0.,0.,1.));
#4418=DIRECTION('ref_axis',(1.,0.,0.));
#4419=DIRECTION('',(-2.46716227694479E-16,1.,0.));
#4420=DIRECTION('',(1.,0.,-4.44089209850063E-16));
#4421=DIRECTION('',(-1.,0.,4.44089209850063E-16));
#4422=DIRECTION('center_axis',(4.44089209850063E-16,0.,1.));
#4423=DIRECTION('ref_axis',(1.,0.,-4.44089209850063E-16));
#4424=DIRECTION('',(0.,-1.,0.));
#4425=DIRECTION('',(1.,0.,-4.44089209850063E-16));
#4426=DIRECTION('',(0.,1.,0.));
#4427=DIRECTION('',(-1.,0.,5.24439430566348E-16));
#4428=DIRECTION('',(1.,-5.19762011202793E-12,-4.44089209850063E-16));
#4429=DIRECTION('',(-1.,0.,4.44089209850063E-16));
#4430=DIRECTION('center_axis',(-1.,-2.46716227694479E-16,0.));
#4431=DIRECTION('ref_axis',(-2.46716227694479E-16,1.,1.09564014614029E-31));
#4432=DIRECTION('',(0.,0.,-1.));
#4433=DIRECTION('',(-2.46716227694479E-16,1.,1.09564014614029E-31));
#4434=DIRECTION('',(0.,0.,-1.));
#4435=DIRECTION('center_axis',(1.,0.,0.));
#4436=DIRECTION('ref_axis',(1.5419764230905E-16,0.,1.));
#4437=DIRECTION('center_axis',(1.,0.,-3.1720657846433E-16));
#4438=DIRECTION('ref_axis',(3.1720657846433E-16,0.,1.));
#4439=DIRECTION('',(0.70710678118655,-8.65956056235491E-17,-0.707106781186545));
#4440=DIRECTION('center_axis',(-1.,0.,3.1720657846433E-16));
#4441=DIRECTION('ref_axis',(0.,0.,1.));
#4442=DIRECTION('center_axis',(-1.,0.,3.1720657846433E-16));
#4443=DIRECTION('ref_axis',(0.,0.,1.));
#4444=DIRECTION('center_axis',(-1.,0.,0.));
#4445=DIRECTION('ref_axis',(0.,0.,-1.));
#4446=DIRECTION('',(1.,0.,0.));
#4447=DIRECTION('center_axis',(1.,0.,-3.1720657846433E-16));
#4448=DIRECTION('ref_axis',(-3.3006630461829E-16,0.,-1.));
#4449=DIRECTION('center_axis',(1.,0.,-3.1720657846433E-16));
#4450=DIRECTION('ref_axis',(-3.1720657846433E-16,0.,-1.));
#4451=DIRECTION('center_axis',(1.,0.,-3.1720657846433E-16));
#4452=DIRECTION('ref_axis',(-3.1720657846433E-16,0.,-1.));
#4453=DIRECTION('center_axis',(1.,0.,-3.1720657846433E-16));
#4454=DIRECTION('ref_axis',(-3.35161667811368E-16,0.,-1.));
#4455=DIRECTION('center_axis',(-5.31577429394213E-32,-1.,-1.67580833905684E-16));
#4456=DIRECTION('ref_axis',(3.35161667811368E-16,-1.67580833905684E-16,
1.));
#4457=DIRECTION('center_axis',(-1.,0.,3.1720657846433E-16));
#4458=DIRECTION('ref_axis',(-3.1720657846433E-16,0.,-1.));
#4459=DIRECTION('center_axis',(-1.,0.,3.1720657846433E-16));
#4460=DIRECTION('ref_axis',(-3.1720657846433E-16,0.,-1.));
#4461=DIRECTION('center_axis',(2.93166006428795E-14,0.,1.));
#4462=DIRECTION('ref_axis',(1.,0.,-2.93166006428795E-14));
#4463=DIRECTION('',(0.,-1.,0.));
#4464=DIRECTION('',(-1.,0.,2.93166006428795E-14));
#4465=DIRECTION('',(0.,1.,0.));
#4466=DIRECTION('',(-1.,0.,2.93166006428795E-14));
#4467=DIRECTION('',(0.,-1.,0.));
#4468=DIRECTION('center_axis',(0.,1.,0.));
#4469=DIRECTION('ref_axis',(1.,0.,-1.29795925289417E-15));
#4470=DIRECTION('center_axis',(0.,1.,0.));
#4471=DIRECTION('ref_axis',(1.,0.,-1.29795925289417E-15));
#4472=DIRECTION('center_axis',(0.,1.,0.));
#4473=DIRECTION('ref_axis',(1.,0.,-1.29795925289417E-15));
#4474=DIRECTION('',(0.,-1.,0.));
#4475=DIRECTION('center_axis',(0.,-1.,0.));
#4476=DIRECTION('ref_axis',(1.,0.,-1.29795925289417E-15));
#4477=DIRECTION('center_axis',(0.,-1.,0.));
#4478=DIRECTION('ref_axis',(1.,0.,-1.29795925289417E-15));
#4479=DIRECTION('center_axis',(0.,1.,0.));
#4480=DIRECTION('ref_axis',(0.,0.,1.));
#4481=DIRECTION('center_axis',(0.,1.,0.));
#4482=DIRECTION('ref_axis',(1.,0.,-1.29795925289417E-15));
#4483=DIRECTION('center_axis',(0.,1.,0.));
#4484=DIRECTION('ref_axis',(1.,0.,-1.29795925289417E-15));
#4485=DIRECTION('center_axis',(0.,1.,0.));
#4486=DIRECTION('ref_axis',(1.,0.,-1.29795925289417E-15));
#4487=DIRECTION('',(0.,-1.,0.));
#4488=DIRECTION('center_axis',(0.,-1.,0.));
#4489=DIRECTION('ref_axis',(1.,0.,-1.29795925289417E-15));
#4490=DIRECTION('center_axis',(0.,-1.,0.));
#4491=DIRECTION('ref_axis',(1.,0.,-1.29795925289417E-15));
#4492=DIRECTION('center_axis',(0.,1.,0.));
#4493=DIRECTION('ref_axis',(0.,0.,1.));
#4494=DIRECTION('center_axis',(0.,1.,0.));
#4495=DIRECTION('ref_axis',(1.,0.,-1.29795925289417E-15));
#4496=DIRECTION('center_axis',(0.,1.,0.));
#4497=DIRECTION('ref_axis',(1.,0.,-1.29795925289417E-15));
#4498=DIRECTION('center_axis',(0.,1.,0.));
#4499=DIRECTION('ref_axis',(1.,0.,-1.29795925289417E-15));
#4500=DIRECTION('',(0.,-1.,0.));
#4501=DIRECTION('center_axis',(0.,-1.,0.));
#4502=DIRECTION('ref_axis',(1.,0.,-1.29795925289417E-15));
#4503=DIRECTION('center_axis',(0.,-1.,0.));
#4504=DIRECTION('ref_axis',(1.,0.,-1.29795925289417E-15));
#4505=DIRECTION('center_axis',(0.,1.,0.));
#4506=DIRECTION('ref_axis',(0.,0.,1.));
#4507=DIRECTION('center_axis',(0.,1.,0.));
#4508=DIRECTION('ref_axis',(1.,0.,-1.29795925289417E-15));
#4509=DIRECTION('center_axis',(0.,1.,0.));
#4510=DIRECTION('ref_axis',(1.,0.,-1.29795925289417E-15));
#4511=DIRECTION('center_axis',(0.,1.,0.));
#4512=DIRECTION('ref_axis',(1.,0.,-1.29795925289417E-15));
#4513=DIRECTION('',(0.,-1.,0.));
#4514=DIRECTION('center_axis',(0.,-1.,0.));
#4515=DIRECTION('ref_axis',(1.,0.,-1.29795925289417E-15));
#4516=DIRECTION('center_axis',(0.,-1.,0.));
#4517=DIRECTION('ref_axis',(1.,0.,-1.29795925289417E-15));
#4518=DIRECTION('center_axis',(0.,1.,0.));
#4519=DIRECTION('ref_axis',(0.,0.,1.));
#4520=DIRECTION('center_axis',(1.,0.,0.));
#4521=DIRECTION('ref_axis',(0.,0.,-1.));
#4522=DIRECTION('center_axis',(-1.,0.,3.1720657846433E-16));
#4523=DIRECTION('ref_axis',(-3.1720657846433E-16,0.,-1.));
#4524=DIRECTION('',(-1.,0.,0.));
#4525=DIRECTION('center_axis',(-1.,0.,3.1720657846433E-16));
#4526=DIRECTION('ref_axis',(3.1720657846433E-16,0.,1.));
#4527=DIRECTION('center_axis',(-1.,0.,3.1720657846433E-16));
#4528=DIRECTION('ref_axis',(0.,0.,-1.));
#4529=DIRECTION('center_axis',(0.,-1.,0.));
#4530=DIRECTION('ref_axis',(-1.,0.,5.66553889764798E-16));
#4531=DIRECTION('center_axis',(0.,-1.,0.));
#4532=DIRECTION('ref_axis',(1.,0.,0.));
#4533=DIRECTION('',(0.,-1.,0.));
#4534=DIRECTION('center_axis',(0.,1.,0.));
#4535=DIRECTION('ref_axis',(1.,0.,0.));
#4536=DIRECTION('',(0.,1.,0.));
#4537=DIRECTION('center_axis',(0.,-1.,0.));
#4538=DIRECTION('ref_axis',(1.,0.,0.));
#4539=DIRECTION('center_axis',(0.,-1.,0.));
#4540=DIRECTION('ref_axis',(1.,0.,0.));
#4541=DIRECTION('',(0.,-1.,0.));
#4542=DIRECTION('center_axis',(0.,1.,0.));
#4543=DIRECTION('ref_axis',(1.,0.,0.));
#4544=DIRECTION('',(0.,1.,0.));
#4545=DIRECTION('center_axis',(0.,-1.,0.));
#4546=DIRECTION('ref_axis',(-1.,0.,5.66553889764798E-16));
#4547=DIRECTION('center_axis',(0.,-1.,0.));
#4548=DIRECTION('ref_axis',(1.,0.,0.));
#4549=DIRECTION('',(0.,-1.,0.));
#4550=DIRECTION('center_axis',(0.,1.,0.));
#4551=DIRECTION('ref_axis',(1.,0.,0.));
#4552=DIRECTION('',(0.,1.,0.));
#4553=DIRECTION('center_axis',(0.,-1.,0.));
#4554=DIRECTION('ref_axis',(1.,0.,0.));
#4555=DIRECTION('center_axis',(0.,-1.,0.));
#4556=DIRECTION('ref_axis',(1.,0.,0.));
#4557=DIRECTION('',(0.,-1.,0.));
#4558=DIRECTION('center_axis',(0.,1.,0.));
#4559=DIRECTION('ref_axis',(1.,0.,0.));
#4560=DIRECTION('',(0.,1.,0.));
#4561=DIRECTION('center_axis',(0.,1.,0.));
#4562=DIRECTION('ref_axis',(1.,0.,0.));
#4563=DIRECTION('center_axis',(0.,-1.,0.));
#4564=DIRECTION('ref_axis',(1.,0.,0.));
#4565=DIRECTION('',(0.,1.,0.));
#4566=DIRECTION('center_axis',(0.,1.,0.));
#4567=DIRECTION('ref_axis',(-0.218643803199068,0.,0.975804738317378));
#4568=DIRECTION('center_axis',(2.96059473233375E-16,0.,1.));
#4569=DIRECTION('ref_axis',(1.,0.,-2.96059473233375E-16));
#4570=DIRECTION('',(1.,0.,-2.96059473233375E-16));
#4571=DIRECTION('',(0.,1.,0.));
#4572=DIRECTION('',(-1.,0.,3.17692440850878E-16));
#4573=DIRECTION('center_axis',(2.96059473233375E-16,0.,1.));
#4574=DIRECTION('ref_axis',(1.,0.,-2.96059473233375E-16));
#4575=DIRECTION('',(-1.,0.,3.17692440850878E-16));
#4576=DIRECTION('',(0.,1.,0.));
#4577=DIRECTION('',(1.,0.,-2.96059473233375E-16));
#4578=DIRECTION('center_axis',(0.,1.,0.));
#4579=DIRECTION('ref_axis',(1.,0.,0.));
#4580=DIRECTION('center_axis',(0.,-1.,0.));
#4581=DIRECTION('ref_axis',(1.,0.,0.));
#4582=DIRECTION('',(0.,1.,0.));
#4583=DIRECTION('center_axis',(0.,1.,0.));
#4584=DIRECTION('ref_axis',(0.218643803199069,0.,-0.975804738317378));
#4585=DIRECTION('center_axis',(0.,1.,0.));
#4586=DIRECTION('ref_axis',(1.,0.,0.));
#4587=DIRECTION('center_axis',(0.,1.,0.));
#4588=DIRECTION('ref_axis',(0.218643803199069,0.,-0.975804738317378));
#4589=DIRECTION('',(0.,1.,0.));
#4590=DIRECTION('center_axis',(0.,-1.,0.));
#4591=DIRECTION('ref_axis',(1.,0.,0.));
#4592=DIRECTION('center_axis',(1.,0.,-3.1720657846433E-16));
#4593=DIRECTION('ref_axis',(-3.1720657846433E-16,0.,-1.));
#4594=DIRECTION('',(-3.1720657846433E-16,0.,-1.));
#4595=DIRECTION('',(0.,1.,0.));
#4596=DIRECTION('',(3.37420723170391E-16,0.,1.));
#4597=DIRECTION('center_axis',(1.,0.,-3.1720657846433E-16));
#4598=DIRECTION('ref_axis',(-3.1720657846433E-16,0.,-1.));
#4599=DIRECTION('',(-3.1720657846433E-16,0.,-1.));
#4600=DIRECTION('',(3.37420723170391E-16,0.,1.));
#4601=DIRECTION('center_axis',(1.,0.,-3.1720657846433E-16));
#4602=DIRECTION('ref_axis',(-3.1720657846433E-16,0.,-1.));
#4603=DIRECTION('',(-3.1720657846433E-16,0.,-1.));
#4604=DIRECTION('',(3.37420723170391E-16,0.,1.));
#4605=DIRECTION('center_axis',(2.96059473233375E-16,0.,-1.));
#4606=DIRECTION('ref_axis',(-1.,0.,-2.96059473233375E-16));
#4607=DIRECTION('',(-1.,0.,-2.96059473233375E-16));
#4608=DIRECTION('',(0.,1.,0.));
#4609=DIRECTION('',(1.,0.,3.17692440850878E-16));
#4610=DIRECTION('center_axis',(2.96059473233375E-16,0.,-1.));
#4611=DIRECTION('ref_axis',(-1.,0.,-2.96059473233375E-16));
#4612=DIRECTION('',(1.,0.,3.17692440850878E-16));
#4613=DIRECTION('',(0.,-1.,0.));
#4614=DIRECTION('',(-1.,0.,-2.96059473233375E-16));
#4615=DIRECTION('center_axis',(1.,0.,0.));
#4616=DIRECTION('ref_axis',(0.,0.,1.));
#4617=DIRECTION('center_axis',(1.,0.,0.));
#4618=DIRECTION('ref_axis',(0.,0.,1.));
#4619=DIRECTION('center_axis',(1.,0.,0.));
#4620=DIRECTION('ref_axis',(0.,0.,1.));
#4621=DIRECTION('',(1.,0.,0.));
#4622=DIRECTION('center_axis',(-1.,0.,0.));
#4623=DIRECTION('ref_axis',(0.,0.,1.));
#4624=DIRECTION('center_axis',(-1.,0.,0.));
#4625=DIRECTION('ref_axis',(0.,0.,1.));
#4626=DIRECTION('center_axis',(1.,0.,0.));
#4627=DIRECTION('ref_axis',(0.,0.,1.));
#4628=DIRECTION('center_axis',(1.,0.,0.));
#4629=DIRECTION('ref_axis',(0.,0.,1.));
#4630=DIRECTION('center_axis',(1.,0.,0.));
#4631=DIRECTION('ref_axis',(0.,0.,1.));
#4632=DIRECTION('',(1.,0.,0.));
#4633=DIRECTION('center_axis',(-1.,0.,0.));
#4634=DIRECTION('ref_axis',(0.,0.,1.));
#4635=DIRECTION('center_axis',(-1.,0.,0.));
#4636=DIRECTION('ref_axis',(0.,0.,1.));
#4637=DIRECTION('center_axis',(1.,0.,0.));
#4638=DIRECTION('ref_axis',(0.,0.,1.));
#4639=DIRECTION('center_axis',(1.,0.,0.));
#4640=DIRECTION('ref_axis',(0.,0.,1.));
#4641=DIRECTION('center_axis',(1.,0.,0.));
#4642=DIRECTION('ref_axis',(0.,0.,1.));
#4643=DIRECTION('',(1.,0.,0.));
#4644=DIRECTION('center_axis',(-1.,0.,0.));
#4645=DIRECTION('ref_axis',(0.,0.,1.));
#4646=DIRECTION('center_axis',(-1.,0.,0.));
#4647=DIRECTION('ref_axis',(0.,0.,1.));
#4648=DIRECTION('center_axis',(1.,0.,0.));
#4649=DIRECTION('ref_axis',(0.,0.,1.));
#4650=DIRECTION('center_axis',(1.,0.,0.));
#4651=DIRECTION('ref_axis',(0.,0.,1.));
#4652=DIRECTION('center_axis',(1.,0.,0.));
#4653=DIRECTION('ref_axis',(0.,0.,1.));
#4654=DIRECTION('',(1.,0.,0.));
#4655=DIRECTION('center_axis',(-1.,0.,0.));
#4656=DIRECTION('ref_axis',(0.,0.,1.));
#4657=DIRECTION('center_axis',(-1.,0.,0.));
#4658=DIRECTION('ref_axis',(0.,0.,1.));
#4659=DIRECTION('center_axis',(3.28954970259306E-16,-1.,0.));
#4660=DIRECTION('ref_axis',(-1.,-3.28954970259306E-16,4.44089209850063E-16));
#4661=DIRECTION('',(-1.,-3.28954970259306E-16,4.44089209850063E-16));
#4662=DIRECTION('',(0.,0.,-1.));
#4663=DIRECTION('center_axis',(1.,-4.93432455388958E-16,0.));
#4664=DIRECTION('ref_axis',(-4.93432455388958E-16,-1.,2.19128029228059E-31));
#4665=DIRECTION('',(-4.93432455388958E-16,-1.,2.19128029228059E-31));
#4666=DIRECTION('',(0.,0.,-1.));
#4667=DIRECTION('center_axis',(-1.2335811384724E-16,1.,0.));
#4668=DIRECTION('ref_axis',(1.,1.2335811384724E-16,-4.44089209850063E-16));
#4669=DIRECTION('',(1.,1.2335811384724E-16,-4.44089209850063E-16));
#4670=DIRECTION('center_axis',(-1.,0.,0.));
#4671=DIRECTION('ref_axis',(0.,0.,-1.));
#4672=DIRECTION('center_axis',(-1.,0.,3.1720657846433E-16));
#4673=DIRECTION('ref_axis',(0.,0.,-1.));
#4674=DIRECTION('center_axis',(-1.,0.,3.1720657846433E-16));
#4675=DIRECTION('ref_axis',(0.,0.,-1.));
#4676=DIRECTION('',(-1.,0.,0.));
#4677=DIRECTION('center_axis',(0.,1.,0.));
#4678=DIRECTION('ref_axis',(0.,0.,1.));
#4679=DIRECTION('center_axis',(0.,1.,0.));
#4680=DIRECTION('ref_axis',(0.,0.,1.));
#4681=DIRECTION('center_axis',(0.,1.,0.));
#4682=DIRECTION('ref_axis',(0.,0.,1.));
#4683=DIRECTION('center_axis',(0.,1.,0.));
#4684=DIRECTION('ref_axis',(1.,0.,3.21827578452214E-16));
#4685=DIRECTION('center_axis',(0.,1.,0.));
#4686=DIRECTION('ref_axis',(1.,0.,3.21827578452214E-16));
#4687=DIRECTION('center_axis',(0.,1.,0.));
#4688=DIRECTION('ref_axis',(1.,0.,3.21827578452214E-16));
#4689=DIRECTION('',(0.,-1.,0.));
#4690=DIRECTION('center_axis',(0.,-1.,0.));
#4691=DIRECTION('ref_axis',(1.,0.,3.21827578452214E-16));
#4692=DIRECTION('center_axis',(0.,-1.,0.));
#4693=DIRECTION('ref_axis',(1.,0.,3.21827578452214E-16));
#4694=DIRECTION('center_axis',(0.,1.,0.));
#4695=DIRECTION('ref_axis',(0.,0.,1.));
#4696=DIRECTION('center_axis',(0.,1.,0.));
#4697=DIRECTION('ref_axis',(1.,0.,3.21827578452214E-16));
#4698=DIRECTION('center_axis',(0.,1.,0.));
#4699=DIRECTION('ref_axis',(1.,0.,3.21827578452214E-16));
#4700=DIRECTION('center_axis',(0.,1.,0.));
#4701=DIRECTION('ref_axis',(1.,0.,3.21827578452214E-16));
#4702=DIRECTION('',(0.,-1.,0.));
#4703=DIRECTION('center_axis',(0.,-1.,0.));
#4704=DIRECTION('ref_axis',(1.,0.,3.21827578452214E-16));
#4705=DIRECTION('center_axis',(0.,-1.,0.));
#4706=DIRECTION('ref_axis',(1.,0.,3.21827578452214E-16));
#4707=DIRECTION('center_axis',(0.,1.,0.));
#4708=DIRECTION('ref_axis',(0.,0.,1.));
#4709=DIRECTION('center_axis',(0.,1.,0.));
#4710=DIRECTION('ref_axis',(1.,0.,3.21827578452214E-16));
#4711=DIRECTION('center_axis',(0.,1.,0.));
#4712=DIRECTION('ref_axis',(1.,0.,3.21827578452214E-16));
#4713=DIRECTION('center_axis',(0.,1.,0.));
#4714=DIRECTION('ref_axis',(1.,0.,3.21827578452214E-16));
#4715=DIRECTION('',(0.,-1.,0.));
#4716=DIRECTION('center_axis',(0.,-1.,0.));
#4717=DIRECTION('ref_axis',(1.,0.,3.21827578452214E-16));
#4718=DIRECTION('center_axis',(0.,-1.,0.));
#4719=DIRECTION('ref_axis',(1.,0.,3.21827578452214E-16));
#4720=DIRECTION('center_axis',(0.,1.,0.));
#4721=DIRECTION('ref_axis',(0.,0.,1.));
#4722=DIRECTION('center_axis',(0.,1.,0.));
#4723=DIRECTION('ref_axis',(0.,0.,1.));
#4724=DIRECTION('center_axis',(0.,1.,0.));
#4725=DIRECTION('ref_axis',(-0.109989230569683,0.,0.993932778993977));
#4726=DIRECTION('',(-4.11906452004839E-15,0.,-1.));
#4727=DIRECTION('center_axis',(0.,-1.,0.));
#4728=DIRECTION('ref_axis',(1.,0.,3.21827578452214E-16));
#4729=DIRECTION('',(1.,0.,1.7458485310319E-14));
#4730=DIRECTION('center_axis',(0.,-1.,0.));
#4731=DIRECTION('ref_axis',(1.,0.,3.21827578452214E-16));
#4732=DIRECTION('',(3.21827578452214E-16,0.,-1.));
#4733=DIRECTION('',(-1.,0.,-4.44089209850063E-16));
#4734=DIRECTION('center_axis',(0.,1.,0.));
#4735=DIRECTION('ref_axis',(-0.109989230569683,0.,-0.993932778993977));
#4736=DIRECTION('center_axis',(0.,-1.,0.));
#4737=DIRECTION('ref_axis',(0.109989230569683,0.,-0.993932778993977));
#4738=DIRECTION('',(-3.21827578452214E-16,0.,1.));
#4739=DIRECTION('center_axis',(0.,-1.,0.));
#4740=DIRECTION('ref_axis',(1.,0.,3.21827578452214E-16));
#4741=DIRECTION('',(-1.,0.,-2.24898470100668E-14));
#4742=DIRECTION('',(0.,0.,1.));
#4743=DIRECTION('',(1.,0.,3.21827578452214E-16));
#4744=DIRECTION('center_axis',(0.,-1.,0.));
#4745=DIRECTION('ref_axis',(1.,0.,3.21827578452214E-16));
#4746=DIRECTION('',(-3.21827578452214E-16,0.,1.));
#4747=DIRECTION('center_axis',(0.,1.,0.));
#4748=DIRECTION('ref_axis',(0.109989230569683,0.,0.993932778993977));
#4749=DIRECTION('center_axis',(0.,-1.,0.));
#4750=DIRECTION('ref_axis',(1.,0.,3.21827578452214E-16));
#4751=DIRECTION('center_axis',(0.,-1.,0.));
#4752=DIRECTION('ref_axis',(1.,0.,3.21827578452214E-16));
#4753=DIRECTION('center_axis',(0.,-1.,0.));
#4754=DIRECTION('ref_axis',(1.,0.,3.21827578452214E-16));
#4755=DIRECTION('center_axis',(0.,-1.,0.));
#4756=DIRECTION('ref_axis',(1.,0.,3.21827578452214E-16));
#4757=DIRECTION('center_axis',(0.,-1.,0.));
#4758=DIRECTION('ref_axis',(1.,0.,3.21827578452214E-16));
#4759=DIRECTION('center_axis',(0.,-1.,0.));
#4760=DIRECTION('ref_axis',(1.,0.,3.21827578452214E-16));
#4761=DIRECTION('center_axis',(0.,-1.,0.));
#4762=DIRECTION('ref_axis',(1.,0.,3.21827578452214E-16));
#4763=DIRECTION('center_axis',(0.,-1.,0.));
#4764=DIRECTION('ref_axis',(1.,0.,3.21827578452214E-16));
#4765=DIRECTION('center_axis',(0.,-1.,0.));
#4766=DIRECTION('ref_axis',(-1.,0.,0.));
#4767=DIRECTION('center_axis',(0.,-1.,0.));
#4768=DIRECTION('ref_axis',(-1.,0.,0.));
#4769=DIRECTION('center_axis',(0.,-1.,0.));
#4770=DIRECTION('ref_axis',(-1.,0.,0.));
#4771=DIRECTION('',(-0.707106781186547,0.707106781186547,-8.65956056235493E-17));
#4772=DIRECTION('center_axis',(0.,1.,0.));
#4773=DIRECTION('ref_axis',(-1.,0.,0.));
#4774=DIRECTION('center_axis',(0.,-1.,0.));
#4775=DIRECTION('ref_axis',(1.,0.,0.));
#4776=DIRECTION('',(0.,-1.,0.));
#4777=DIRECTION('center_axis',(0.,1.,0.));
#4778=DIRECTION('ref_axis',(1.,0.,0.));
#4779=DIRECTION('center_axis',(0.,-1.,0.));
#4780=DIRECTION('ref_axis',(-1.,0.,0.));
#4781=DIRECTION('center_axis',(0.,-1.,0.));
#4782=DIRECTION('ref_axis',(-1.,0.,0.));
#4783=DIRECTION('center_axis',(0.,-1.,0.));
#4784=DIRECTION('ref_axis',(-1.,0.,0.));
#4785=DIRECTION('',(-0.707106781186547,0.707106781186547,-8.65956056235493E-17));
#4786=DIRECTION('center_axis',(0.,1.,0.));
#4787=DIRECTION('ref_axis',(-1.,0.,0.));
#4788=DIRECTION('center_axis',(0.,-1.,0.));
#4789=DIRECTION('ref_axis',(1.,0.,0.));
#4790=DIRECTION('',(0.,-1.,0.));
#4791=DIRECTION('center_axis',(0.,1.,0.));
#4792=DIRECTION('ref_axis',(1.,0.,0.));
#4793=DIRECTION('center_axis',(0.,-1.,0.));
#4794=DIRECTION('ref_axis',(-1.,0.,0.));
#4795=DIRECTION('center_axis',(0.,-1.,0.));
#4796=DIRECTION('ref_axis',(-1.,0.,0.));
#4797=DIRECTION('center_axis',(0.,-1.,0.));
#4798=DIRECTION('ref_axis',(-1.,0.,0.));
#4799=DIRECTION('',(-0.707106781186547,0.707106781186547,-8.65956056235493E-17));
#4800=DIRECTION('center_axis',(0.,1.,0.));
#4801=DIRECTION('ref_axis',(-1.,0.,0.));
#4802=DIRECTION('center_axis',(0.,-1.,0.));
#4803=DIRECTION('ref_axis',(1.,0.,0.));
#4804=DIRECTION('',(0.,-1.,0.));
#4805=DIRECTION('center_axis',(0.,1.,0.));
#4806=DIRECTION('ref_axis',(1.,0.,0.));
#4807=DIRECTION('center_axis',(0.,-1.,0.));
#4808=DIRECTION('ref_axis',(-1.,0.,0.));
#4809=DIRECTION('center_axis',(0.,-1.,0.));
#4810=DIRECTION('ref_axis',(-1.,0.,0.));
#4811=DIRECTION('center_axis',(0.,-1.,0.));
#4812=DIRECTION('ref_axis',(-1.,0.,0.));
#4813=DIRECTION('',(-0.707106781186547,0.707106781186547,-8.65956056235493E-17));
#4814=DIRECTION('center_axis',(0.,1.,0.));
#4815=DIRECTION('ref_axis',(-1.,0.,0.));
#4816=DIRECTION('center_axis',(0.,-1.,0.));
#4817=DIRECTION('ref_axis',(1.,0.,0.));
#4818=DIRECTION('',(0.,-1.,0.));
#4819=DIRECTION('center_axis',(0.,1.,0.));
#4820=DIRECTION('ref_axis',(1.,0.,0.));
#4821=DIRECTION('center_axis',(0.,-1.,0.));
#4822=DIRECTION('ref_axis',(-1.,0.,0.));
#4823=DIRECTION('',(0.,1.,0.));
#4824=DIRECTION('center_axis',(0.,-1.,0.));
#4825=DIRECTION('ref_axis',(-1.,0.,0.));
#4826=DIRECTION('center_axis',(0.,-1.,0.));
#4827=DIRECTION('ref_axis',(-1.,0.,0.));
#4828=DIRECTION('',(0.,1.,0.));
#4829=DIRECTION('center_axis',(0.,-1.,0.));
#4830=DIRECTION('ref_axis',(-1.,0.,0.));
#4831=DIRECTION('center_axis',(0.,-1.,0.));
#4832=DIRECTION('ref_axis',(-1.,0.,0.));
#4833=DIRECTION('',(0.,1.,0.));
#4834=DIRECTION('center_axis',(0.,-1.,0.));
#4835=DIRECTION('ref_axis',(-1.,0.,0.));
#4836=DIRECTION('center_axis',(0.,-1.,0.));
#4837=DIRECTION('ref_axis',(-1.,0.,0.));
#4838=DIRECTION('',(0.,1.,0.));
#4839=DIRECTION('center_axis',(0.,-1.,0.));
#4840=DIRECTION('ref_axis',(-1.,0.,0.));
#4841=DIRECTION('center_axis',(3.21827578452214E-16,0.,-1.));
#4842=DIRECTION('ref_axis',(-1.,0.,-3.21827578452214E-16));
#4843=DIRECTION('',(1.,0.,3.21827578452214E-16));
#4844=DIRECTION('',(0.,1.,0.));
#4845=DIRECTION('',(0.,-1.,0.));
#4846=DIRECTION('center_axis',(0.,1.,0.));
#4847=DIRECTION('ref_axis',(1.,0.,3.21827578452214E-16));
#4848=DIRECTION('center_axis',(0.,-1.,0.));
#4849=DIRECTION('ref_axis',(1.,0.,3.21827578452214E-16));
#4850=DIRECTION('',(0.,1.,0.));
#4851=DIRECTION('center_axis',(1.,0.,3.21827578452214E-16));
#4852=DIRECTION('ref_axis',(3.21827578452214E-16,0.,-1.));
#4853=DIRECTION('',(-3.21827578452214E-16,0.,1.));
#4854=DIRECTION('center_axis',(1.7458485310319E-14,0.,-1.));
#4855=DIRECTION('ref_axis',(-1.,0.,-1.7458485310319E-14));
#4856=DIRECTION('',(1.,0.,1.7458485310319E-14));
#4857=DIRECTION('',(0.,1.,0.));
#4858=DIRECTION('center_axis',(0.,1.,0.));
#4859=DIRECTION('ref_axis',(1.,0.,3.21827578452214E-16));
#4860=DIRECTION('center_axis',(0.,-1.,0.));
#4861=DIRECTION('ref_axis',(1.,0.,3.21827578452214E-16));
#4862=DIRECTION('',(0.,1.,0.));
#4863=DIRECTION('center_axis',(-1.,0.,4.11906452004839E-15));
#4864=DIRECTION('ref_axis',(4.11906452004839E-15,0.,1.));
#4865=DIRECTION('',(-4.11906452004839E-15,0.,-1.));
#4866=DIRECTION('center_axis',(-2.24898470100668E-14,0.,1.));
#4867=DIRECTION('ref_axis',(1.,0.,2.24898470100668E-14));
#4868=DIRECTION('',(-1.,0.,-2.24898470100668E-14));
#4869=DIRECTION('',(0.,1.,0.));
#4870=DIRECTION('',(0.,1.,0.));
#4871=DIRECTION('center_axis',(1.,0.,3.21827578452214E-16));
#4872=DIRECTION('ref_axis',(3.21827578452214E-16,0.,-1.));
#4873=DIRECTION('',(-3.21827578452214E-16,0.,1.));
#4874=DIRECTION('',(0.,1.,0.));
#4875=DIRECTION('center_axis',(0.,1.,0.));
#4876=DIRECTION('ref_axis',(1.,0.,3.21827578452214E-16));
#4877=DIRECTION('center_axis',(0.,-1.,0.));
#4878=DIRECTION('ref_axis',(1.,0.,3.21827578452214E-16));
#4879=DIRECTION('center_axis',(-1.,0.,-3.21827578452214E-16));
#4880=DIRECTION('ref_axis',(-3.21827578452214E-16,0.,1.));
#4881=DIRECTION('',(3.21827578452214E-16,0.,-1.));
#4882=DIRECTION('',(0.,1.,0.));
#4883=DIRECTION('',(0.,1.,0.));
#4884=DIRECTION('center_axis',(0.,1.,0.));
#4885=DIRECTION('ref_axis',(1.,0.,3.21827578452214E-16));
#4886=DIRECTION('center_axis',(0.,-1.,0.));
#4887=DIRECTION('ref_axis',(1.,0.,3.21827578452214E-16));
#4888=DIRECTION('center_axis',(0.,1.,0.));
#4889=DIRECTION('ref_axis',(0.,0.,1.));
#4890=DIRECTION('center_axis',(0.,-1.,0.));
#4891=DIRECTION('ref_axis',(1.,0.,0.));
#4892=DIRECTION('center_axis',(0.,1.,0.));
#4893=DIRECTION('ref_axis',(0.,0.,1.));
#4894=DIRECTION('center_axis',(0.,-1.,0.));
#4895=DIRECTION('ref_axis',(1.,0.,0.));
#4896=DIRECTION('center_axis',(0.,1.,0.));
#4897=DIRECTION('ref_axis',(0.,0.,1.));
#4898=DIRECTION('center_axis',(0.,-1.,0.));
#4899=DIRECTION('ref_axis',(1.,0.,0.));
#4900=DIRECTION('center_axis',(0.,1.,0.));
#4901=DIRECTION('ref_axis',(0.,0.,1.));
#4902=DIRECTION('center_axis',(0.,-1.,0.));
#4903=DIRECTION('ref_axis',(1.,0.,0.));
#4904=DIRECTION('center_axis',(0.,1.,0.));
#4905=DIRECTION('ref_axis',(-1.,0.,-3.21827578452214E-16));
#4906=DIRECTION('center_axis',(0.,-1.,0.));
#4907=DIRECTION('ref_axis',(-1.,0.,-3.21827578452214E-16));
#4908=DIRECTION('',(0.,-1.,0.));
#4909=DIRECTION('center_axis',(0.,1.,0.));
#4910=DIRECTION('ref_axis',(1.,0.,3.21827578452214E-16));
#4911=DIRECTION('center_axis',(0.,1.,0.));
#4912=DIRECTION('ref_axis',(1.,0.,3.21827578452214E-16));
#4913=DIRECTION('center_axis',(0.,1.,0.));
#4914=DIRECTION('ref_axis',(1.,0.,3.21827578452214E-16));
#4915=DIRECTION('',(0.,-1.,0.));
#4916=DIRECTION('center_axis',(0.,1.,0.));
#4917=DIRECTION('ref_axis',(0.,0.,1.));
#4918=DIRECTION('center_axis',(0.,1.,0.));
#4919=DIRECTION('ref_axis',(-1.,0.,-3.21827578452214E-16));
#4920=DIRECTION('center_axis',(0.,-1.,0.));
#4921=DIRECTION('ref_axis',(-1.,0.,-3.21827578452214E-16));
#4922=DIRECTION('',(0.,-1.,0.));
#4923=DIRECTION('center_axis',(0.,1.,0.));
#4924=DIRECTION('ref_axis',(1.,0.,3.21827578452214E-16));
#4925=DIRECTION('center_axis',(0.,1.,0.));
#4926=DIRECTION('ref_axis',(1.,0.,3.21827578452214E-16));
#4927=DIRECTION('center_axis',(0.,1.,0.));
#4928=DIRECTION('ref_axis',(1.,0.,3.21827578452214E-16));
#4929=DIRECTION('',(0.,-1.,0.));
#4930=DIRECTION('center_axis',(0.,1.,0.));
#4931=DIRECTION('ref_axis',(0.,0.,1.));
#4932=DIRECTION('center_axis',(0.,1.,0.));
#4933=DIRECTION('ref_axis',(-1.,0.,-3.21827578452214E-16));
#4934=DIRECTION('center_axis',(0.,-1.,0.));
#4935=DIRECTION('ref_axis',(-1.,0.,-3.21827578452214E-16));
#4936=DIRECTION('',(0.,-1.,0.));
#4937=DIRECTION('center_axis',(0.,1.,0.));
#4938=DIRECTION('ref_axis',(1.,0.,3.21827578452214E-16));
#4939=DIRECTION('center_axis',(0.,1.,0.));
#4940=DIRECTION('ref_axis',(1.,0.,3.21827578452214E-16));
#4941=DIRECTION('center_axis',(0.,1.,0.));
#4942=DIRECTION('ref_axis',(1.,0.,3.21827578452214E-16));
#4943=DIRECTION('',(0.,-1.,0.));
#4944=DIRECTION('center_axis',(0.,1.,0.));
#4945=DIRECTION('ref_axis',(0.,0.,1.));
#4946=DIRECTION('center_axis',(0.,1.,0.));
#4947=DIRECTION('ref_axis',(-1.,0.,-3.21827578452214E-16));
#4948=DIRECTION('center_axis',(0.,-1.,0.));
#4949=DIRECTION('ref_axis',(-1.,0.,-3.21827578452214E-16));
#4950=DIRECTION('',(0.,-1.,0.));
#4951=DIRECTION('center_axis',(0.,1.,0.));
#4952=DIRECTION('ref_axis',(1.,0.,3.21827578452214E-16));
#4953=DIRECTION('center_axis',(0.,1.,0.));
#4954=DIRECTION('ref_axis',(1.,0.,3.21827578452214E-16));
#4955=DIRECTION('center_axis',(0.,1.,0.));
#4956=DIRECTION('ref_axis',(1.,0.,3.21827578452214E-16));
#4957=DIRECTION('',(0.,-1.,0.));
#4958=DIRECTION('center_axis',(0.,1.,0.));
#4959=DIRECTION('ref_axis',(0.,0.,1.));
#4960=DIRECTION('center_axis',(0.,1.,0.));
#4961=DIRECTION('ref_axis',(0.218643803199068,0.,-0.975804738317378));
#4962=DIRECTION('center_axis',(0.,1.,0.));
#4963=DIRECTION('ref_axis',(0.218643803199068,0.,-0.975804738317378));
#4964=DIRECTION('',(0.,1.,0.));
#4965=DIRECTION('center_axis',(0.,-1.,0.));
#4966=DIRECTION('ref_axis',(0.218643803199068,0.,-0.975804738317378));
#4967=DIRECTION('',(0.,1.,0.));
#4968=DIRECTION('center_axis',(0.,1.,0.));
#4969=DIRECTION('ref_axis',(5.22457893941253E-16,0.,-1.));
#4970=DIRECTION('center_axis',(0.,-1.,0.));
#4971=DIRECTION('ref_axis',(5.22457893941253E-16,0.,-1.));
#4972=DIRECTION('center_axis',(0.,1.,0.));
#4973=DIRECTION('ref_axis',(5.22457893941253E-16,0.,-1.));
#4974=DIRECTION('',(0.,1.,0.));
#4975=DIRECTION('center_axis',(0.,0.,-1.));
#4976=DIRECTION('ref_axis',(-1.,0.,0.));
#4977=DIRECTION('',(1.,0.,0.));
#4978=DIRECTION('',(-1.,0.,0.));
#4979=DIRECTION('',(0.,1.,0.));
#4980=DIRECTION('center_axis',(0.,1.,0.));
#4981=DIRECTION('ref_axis',(1.,0.,0.));
#4982=DIRECTION('center_axis',(0.,-1.,0.));
#4983=DIRECTION('ref_axis',(1.,0.,0.));
#4984=DIRECTION('center_axis',(0.,1.,0.));
#4985=DIRECTION('ref_axis',(1.,0.,0.));
#4986=DIRECTION('',(0.,1.,0.));
#4987=DIRECTION('center_axis',(1.,0.,-4.4082384801293E-16));
#4988=DIRECTION('ref_axis',(-4.4082384801293E-16,0.,-1.));
#4989=DIRECTION('',(4.4082384801293E-16,0.,1.));
#4990=DIRECTION('',(-4.4082384801293E-16,0.,-1.));
#4991=DIRECTION('',(0.,1.,0.));
#4992=DIRECTION('center_axis',(0.,1.,0.));
#4993=DIRECTION('ref_axis',(6.34413156928676E-16,0.,1.));
#4994=DIRECTION('center_axis',(0.,-1.,0.));
#4995=DIRECTION('ref_axis',(6.34413156928676E-16,0.,1.));
#4996=DIRECTION('center_axis',(0.,1.,0.));
#4997=DIRECTION('ref_axis',(6.34413156928676E-16,0.,1.));
#4998=DIRECTION('',(0.,1.,0.));
#4999=DIRECTION('center_axis',(5.24439430566348E-16,0.,1.));
#5000=DIRECTION('ref_axis',(1.,0.,-5.24439430566348E-16));
#5001=DIRECTION('',(-1.,0.,5.24439430566348E-16));
#5002=DIRECTION('',(1.,0.,-5.24439430566348E-16));
#5003=DIRECTION('',(0.,1.,0.));
#5004=DIRECTION('center_axis',(0.,1.,0.));
#5005=DIRECTION('ref_axis',(-0.21864380319907,0.,0.975804738317378));
#5006=DIRECTION('center_axis',(0.,-1.,0.));
#5007=DIRECTION('ref_axis',(-0.21864380319907,0.,0.975804738317378));
#5008=DIRECTION('center_axis',(0.,1.,0.));
#5009=DIRECTION('ref_axis',(-0.21864380319907,0.,0.975804738317378));
#5010=DIRECTION('',(0.,1.,0.));
#5011=DIRECTION('center_axis',(0.,1.,0.));
#5012=DIRECTION('ref_axis',(-0.218643803199069,0.,0.975804738317378));
#5013=DIRECTION('center_axis',(0.,1.,0.));
#5014=DIRECTION('ref_axis',(-0.218643803199069,0.,0.975804738317378));
#5015=DIRECTION('center_axis',(0.,-1.,0.));
#5016=DIRECTION('ref_axis',(-0.218643803199069,0.,0.975804738317378));
#5017=DIRECTION('',(0.,1.,0.));
#5018=DIRECTION('center_axis',(0.,1.,0.));
#5019=DIRECTION('ref_axis',(0.,0.,1.));
#5020=DIRECTION('center_axis',(0.,-1.,0.));
#5021=DIRECTION('ref_axis',(0.,0.,1.));
#5022=DIRECTION('center_axis',(0.,1.,0.));
#5023=DIRECTION('ref_axis',(0.,0.,1.));
#5024=DIRECTION('',(0.,1.,0.));
#5025=DIRECTION('center_axis',(5.2948740141813E-16,0.,1.));
#5026=DIRECTION('ref_axis',(1.,0.,-5.2948740141813E-16));
#5027=DIRECTION('',(-1.,0.,5.2948740141813E-16));
#5028=DIRECTION('',(1.,0.,-5.2948740141813E-16));
#5029=DIRECTION('',(0.,1.,0.));
#5030=DIRECTION('center_axis',(0.,1.,0.));
#5031=DIRECTION('ref_axis',(-1.,0.,0.));
#5032=DIRECTION('center_axis',(0.,-1.,0.));
#5033=DIRECTION('ref_axis',(-1.,0.,0.));
#5034=DIRECTION('center_axis',(0.,1.,0.));
#5035=DIRECTION('ref_axis',(-1.,0.,0.));
#5036=DIRECTION('',(0.,1.,0.));
#5037=DIRECTION('center_axis',(-1.,0.,0.));
#5038=DIRECTION('ref_axis',(0.,0.,1.));
#5039=DIRECTION('',(0.,0.,-1.));
#5040=DIRECTION('',(0.,0.,1.));
#5041=DIRECTION('',(0.,1.,0.));
#5042=DIRECTION('center_axis',(0.,1.,0.));
#5043=DIRECTION('ref_axis',(0.,0.,-1.));
#5044=DIRECTION('center_axis',(0.,-1.,0.));
#5045=DIRECTION('ref_axis',(0.,0.,-1.));
#5046=DIRECTION('center_axis',(0.,1.,0.));
#5047=DIRECTION('ref_axis',(0.,0.,-1.));
#5048=DIRECTION('',(0.,1.,0.));
#5049=DIRECTION('center_axis',(1.05897480283626E-16,0.,-1.));
#5050=DIRECTION('ref_axis',(-1.,0.,-1.05897480283626E-16));
#5051=DIRECTION('',(1.,0.,1.05897480283626E-16));
#5052=DIRECTION('',(-1.,0.,-1.05897480283626E-16));
#5053=DIRECTION('',(0.,1.,0.));
#5054=DIRECTION('center_axis',(0.,1.,0.));
#5055=DIRECTION('ref_axis',(0.218643803199069,0.,-0.975804738317378));
#5056=DIRECTION('center_axis',(0.,-1.,0.));
#5057=DIRECTION('ref_axis',(0.218643803199069,0.,-0.975804738317378));
#5058=DIRECTION('center_axis',(0.,1.,0.));
#5059=DIRECTION('ref_axis',(0.218643803199069,0.,-0.975804738317378));
#5060=DIRECTION('center_axis',(0.,1.,0.));
#5061=DIRECTION('ref_axis',(0.,0.,1.));
#5062=DIRECTION('center_axis',(0.,-1.,0.));
#5063=DIRECTION('ref_axis',(-6.3441315692866E-16,0.,1.));
#5064=DIRECTION('',(1.,0.,5.24439430566347E-16));
#5065=DIRECTION('center_axis',(0.,-1.,0.));
#5066=DIRECTION('ref_axis',(0.218643803199069,0.,-0.975804738317378));
#5067=DIRECTION('center_axis',(0.,-1.,0.));
#5068=DIRECTION('ref_axis',(0.,0.,-1.));
#5069=DIRECTION('',(0.,0.,-1.));
#5070=DIRECTION('center_axis',(0.,-1.,0.));
#5071=DIRECTION('ref_axis',(-0.218643803199069,0.,0.975804738317378));
#5072=DIRECTION('center_axis',(0.,1.,0.));
#5073=DIRECTION('ref_axis',(0.,0.,1.));
#5074=DIRECTION('center_axis',(-1.,0.,0.));
#5075=DIRECTION('ref_axis',(0.,0.,-1.));
#5076=DIRECTION('center_axis',(0.,1.,0.));
#5077=DIRECTION('ref_axis',(-0.707106781186547,0.,-0.707106781186548));
#5078=DIRECTION('center_axis',(0.,0.,-1.));
#5079=DIRECTION('ref_axis',(0.,-1.,0.));
#5080=DIRECTION('center_axis',(0.,-1.,0.));
#5081=DIRECTION('ref_axis',(-0.707106781186547,0.,-0.707106781186548));
#5082=DIRECTION('center_axis',(0.,0.,1.));
#5083=DIRECTION('ref_axis',(-0.707106781186553,-0.707106781186543,0.));
#5084=DIRECTION('center_axis',(-8.88178419700113E-15,0.,-1.));
#5085=DIRECTION('ref_axis',(0.,-1.,0.));
#5086=DIRECTION('',(0.,0.,-1.));
#5087=DIRECTION('',(0.,0.,1.));
#5088=DIRECTION('center_axis',(0.,1.,0.));
#5089=DIRECTION('ref_axis',(0.,0.,1.));
#5090=DIRECTION('center_axis',(-1.,0.,0.));
#5091=DIRECTION('ref_axis',(0.,-1.,0.));
#5092=DIRECTION('center_axis',(0.,-1.,0.));
#5093=DIRECTION('ref_axis',(-0.707106781186547,0.,0.707106781186548));
#5094=DIRECTION('center_axis',(0.,1.,0.));
#5095=DIRECTION('ref_axis',(-0.707106781186547,0.,0.707106781186548));
#5096=DIRECTION('center_axis',(1.,0.,-2.96059473233375E-16));
#5097=DIRECTION('ref_axis',(0.,-0.707106781186555,0.70710678118654));
#5098=DIRECTION('center_axis',(-1.,0.,0.));
#5099=DIRECTION('ref_axis',(0.,-1.,0.));
#5100=DIRECTION('',(-1.,0.,2.96059473233375E-16));
#5101=DIRECTION('',(1.,0.,-2.96059473233375E-16));
#5102=DIRECTION('center_axis',(0.,1.,0.));
#5103=DIRECTION('ref_axis',(0.,0.,1.));
#5104=DIRECTION('center_axis',(-0.975804738317377,0.,0.218643803199076));
#5105=DIRECTION('ref_axis',(0.,-1.,0.));
#5106=DIRECTION('center_axis',(0.,-1.,0.));
#5107=DIRECTION('ref_axis',(0.109989230569683,0.,0.993932778993977));
#5108=DIRECTION('center_axis',(0.,1.,0.));
#5109=DIRECTION('ref_axis',(0.109989230569683,0.,0.993932778993977));
#5110=DIRECTION('center_axis',(0.,-1.,0.));
#5111=DIRECTION('ref_axis',(0.,0.,-1.));
#5112=DIRECTION('center_axis',(-0.975804738317379,0.,-0.218643803199063));
#5113=DIRECTION('ref_axis',(0.,-1.,0.));
#5114=DIRECTION('center_axis',(0.,1.,0.));
#5115=DIRECTION('ref_axis',(5.04551102245939E-16,0.,-1.));
#5116=DIRECTION('center_axis',(0.,-1.,0.));
#5117=DIRECTION('ref_axis',(5.04551102245939E-16,0.,-1.));
#5118=DIRECTION('center_axis',(0.,1.,0.));
#5119=DIRECTION('ref_axis',(0.,0.,1.));
#5120=DIRECTION('center_axis',(-1.,0.,0.));
#5121=DIRECTION('ref_axis',(0.,-1.,0.));
#5122=DIRECTION('center_axis',(0.,-1.,0.));
#5123=DIRECTION('ref_axis',(-0.109989230569683,0.,0.993932778993977));
#5124=DIRECTION('center_axis',(0.,1.,0.));
#5125=DIRECTION('ref_axis',(-0.109989230569683,0.,0.993932778993977));
#5126=DIRECTION('center_axis',(1.,0.,-4.44089209850063E-16));
#5127=DIRECTION('ref_axis',(0.,-0.707106781186549,0.707106781186546));
#5128=DIRECTION('center_axis',(-1.,0.,0.));
#5129=DIRECTION('ref_axis',(0.,-1.,0.));
#5130=DIRECTION('',(-1.,0.,4.44089209850063E-16));
#5131=DIRECTION('',(1.,0.,-4.44089209850063E-16));
#5132=DIRECTION('center_axis',(0.,1.,0.));
#5133=DIRECTION('ref_axis',(0.,0.,1.));
#5134=DIRECTION('center_axis',(0.,0.,1.));
#5135=DIRECTION('ref_axis',(0.,-1.,0.));
#5136=DIRECTION('center_axis',(0.,-1.,0.));
#5137=DIRECTION('ref_axis',(0.707106781186547,0.,0.707106781186548));
#5138=DIRECTION('center_axis',(0.,1.,0.));
#5139=DIRECTION('ref_axis',(0.707106781186547,0.,0.707106781186548));
#5140=DIRECTION('center_axis',(-3.1720657846433E-16,0.,-1.));
#5141=DIRECTION('ref_axis',(0.707106781186546,-0.707106781186549,0.));
#5142=DIRECTION('center_axis',(0.,0.,1.));
#5143=DIRECTION('ref_axis',(0.,-1.,0.));
#5144=DIRECTION('',(3.1720657846433E-16,0.,1.));
#5145=DIRECTION('',(-3.1720657846433E-16,0.,-1.));
#5146=DIRECTION('center_axis',(0.,1.,0.));
#5147=DIRECTION('ref_axis',(0.,0.,1.));
#5148=DIRECTION('center_axis',(1.,0.,1.11022302462516E-15));
#5149=DIRECTION('ref_axis',(0.,-1.,0.));
#5150=DIRECTION('center_axis',(0.,-1.,0.));
#5151=DIRECTION('ref_axis',(0.707106781186547,0.,-0.707106781186548));
#5152=DIRECTION('center_axis',(0.,1.,0.));
#5153=DIRECTION('ref_axis',(0.707106781186547,0.,-0.707106781186548));
#5154=DIRECTION('center_axis',(-1.,0.,-4.44089209850063E-16));
#5155=DIRECTION('ref_axis',(0.,-0.707106781186555,-0.70710678118654));
#5156=DIRECTION('center_axis',(1.,0.,0.));
#5157=DIRECTION('ref_axis',(0.,-1.,0.));
#5158=DIRECTION('',(1.,0.,4.44089209850063E-16));
#5159=DIRECTION('',(-1.,0.,-4.44089209850063E-16));
#5160=DIRECTION('center_axis',(0.,1.,0.));
#5161=DIRECTION('ref_axis',(0.,0.,1.));
#5162=DIRECTION('center_axis',(0.975804738317378,0.,-0.218643803199068));
#5163=DIRECTION('ref_axis',(0.,-1.,0.));
#5164=DIRECTION('center_axis',(0.,-1.,0.));
#5165=DIRECTION('ref_axis',(-0.109989230569683,0.,-0.993932778993977));
#5166=DIRECTION('center_axis',(0.,1.,0.));
#5167=DIRECTION('ref_axis',(-0.109989230569683,0.,-0.993932778993977));
#5168=DIRECTION('center_axis',(0.,-1.,0.));
#5169=DIRECTION('ref_axis',(-1.13484042277347E-16,0.,1.));
#5170=DIRECTION('center_axis',(0.975804738317379,0.,0.218643803199063));
#5171=DIRECTION('ref_axis',(0.,-1.,0.));
#5172=DIRECTION('center_axis',(0.,1.,0.));
#5173=DIRECTION('ref_axis',(7.2078728892277E-17,0.,1.));
#5174=DIRECTION('center_axis',(0.,-1.,0.));
#5175=DIRECTION('ref_axis',(7.2078728892277E-17,0.,1.));
#5176=DIRECTION('center_axis',(0.,1.,0.));
#5177=DIRECTION('ref_axis',(0.,0.,1.));
#5178=DIRECTION('center_axis',(1.,0.,0.));
#5179=DIRECTION('ref_axis',(0.,-1.,0.));
#5180=DIRECTION('center_axis',(0.,-1.,0.));
#5181=DIRECTION('ref_axis',(0.109989230569683,0.,-0.993932778993977));
#5182=DIRECTION('center_axis',(0.,1.,0.));
#5183=DIRECTION('ref_axis',(0.109989230569683,0.,-0.993932778993977));
#5184=DIRECTION('center_axis',(-1.,0.,-2.96059473233375E-16));
#5185=DIRECTION('ref_axis',(0.,-0.707106781186549,-0.707106781186546));
#5186=DIRECTION('',(1.,0.,2.96059473233375E-16));
#5187=DIRECTION('',(-1.,0.,-2.96059473233375E-16));
#5188=DIRECTION('center_axis',(1.,0.,-3.1720657846433E-16));
#5189=DIRECTION('ref_axis',(-3.1720657846433E-16,0.,-1.));
#5190=DIRECTION('',(0.,-1.,0.));
#5191=DIRECTION('',(-3.1720657846433E-16,0.,-1.));
#5192=DIRECTION('',(0.,1.,0.));
#5193=DIRECTION('center_axis',(0.,1.,0.));
#5194=DIRECTION('ref_axis',(0.707106781186548,0.,-0.707106781186547));
#5195=DIRECTION('',(0.,1.,0.));
#5196=DIRECTION('center_axis',(0.,-1.,0.));
#5197=DIRECTION('ref_axis',(0.707106781186548,0.,-0.707106781186547));
#5198=DIRECTION('center_axis',(4.44089209850063E-16,0.,-1.));
#5199=DIRECTION('ref_axis',(-1.,0.,-4.44089209850063E-16));
#5200=DIRECTION('',(0.,-1.,0.));
#5201=DIRECTION('',(-1.,0.,-4.44089209850063E-16));
#5202=DIRECTION('center_axis',(0.,1.,0.));
#5203=DIRECTION('ref_axis',(-0.109989230569683,0.,-0.993932778993977));
#5204=DIRECTION('',(0.,1.,0.));
#5205=DIRECTION('center_axis',(0.,-1.,0.));
#5206=DIRECTION('ref_axis',(-0.109989230569683,0.,-0.993932778993977));
#5207=DIRECTION('center_axis',(0.,1.,0.));
#5208=DIRECTION('ref_axis',(1.,0.,0.));
#5209=DIRECTION('',(0.,-1.,0.));
#5210=DIRECTION('center_axis',(0.,-1.,0.));
#5211=DIRECTION('ref_axis',(1.,0.,0.));
#5212=DIRECTION('center_axis',(0.,1.,0.));
#5213=DIRECTION('ref_axis',(0.109989230569683,0.,-0.993932778993977));
#5214=DIRECTION('',(0.,1.,0.));
#5215=DIRECTION('center_axis',(0.,-1.,0.));
#5216=DIRECTION('ref_axis',(0.109989230569683,0.,-0.993932778993977));
#5217=DIRECTION('center_axis',(2.96059473233375E-16,0.,-1.));
#5218=DIRECTION('ref_axis',(-1.,0.,-2.96059473233375E-16));
#5219=DIRECTION('',(0.,-1.,0.));
#5220=DIRECTION('',(-1.,0.,-2.96059473233375E-16));
#5221=DIRECTION('center_axis',(0.,1.,0.));
#5222=DIRECTION('ref_axis',(-0.707106781186547,0.,-0.707106781186547));
#5223=DIRECTION('',(0.,1.,0.));
#5224=DIRECTION('center_axis',(0.,-1.,0.));
#5225=DIRECTION('ref_axis',(-0.707106781186547,0.,-0.707106781186547));
#5226=DIRECTION('center_axis',(0.,1.,0.));
#5227=DIRECTION('ref_axis',(0.,0.,1.));
#5228=DIRECTION('center_axis',(0.,1.,0.));
#5229=DIRECTION('ref_axis',(0.109989230569683,0.,-0.993932778993977));
#5230=DIRECTION('center_axis',(0.,1.,0.));
#5231=DIRECTION('ref_axis',(-0.109989230569683,0.,-0.993932778993977));
#5232=DIRECTION('',(0.,1.,0.));
#5233=DIRECTION('center_axis',(0.,1.,0.));
#5234=DIRECTION('ref_axis',(-0.109989230569683,0.,0.993932778993977));
#5235=DIRECTION('center_axis',(0.,1.,0.));
#5236=DIRECTION('ref_axis',(0.109989230569683,0.,0.993932778993977));
#5237=DIRECTION('center_axis',(-1.,0.,0.));
#5238=DIRECTION('ref_axis',(0.,0.,1.));
#5239=DIRECTION('center_axis',(4.44089209850063E-16,0.,-1.));
#5240=DIRECTION('ref_axis',(-1.,0.,-4.44089209850063E-16));
#5241=DIRECTION('center_axis',(0.,1.,0.));
#5242=DIRECTION('ref_axis',(-0.109989230569683,0.,0.993932778993977));
#5243=DIRECTION('',(0.,1.,0.));
#5244=DIRECTION('center_axis',(0.,-1.,0.));
#5245=DIRECTION('ref_axis',(-0.109989230569683,0.,0.993932778993977));
#5246=DIRECTION('',(0.,-1.,0.));
#5247=DIRECTION('center_axis',(0.,1.,0.));
#5248=DIRECTION('ref_axis',(1.,0.,0.));
#5249=DIRECTION('center_axis',(0.,-1.,0.));
#5250=DIRECTION('ref_axis',(1.,0.,0.));
#5251=DIRECTION('',(0.,1.,0.));
#5252=DIRECTION('center_axis',(0.,1.,0.));
#5253=DIRECTION('ref_axis',(0.109989230569683,0.,0.993932778993977));
#5254=DIRECTION('center_axis',(0.,-1.,0.));
#5255=DIRECTION('ref_axis',(0.109989230569683,0.,0.993932778993977));
#5256=DIRECTION('',(0.,-1.,0.));
#5257=DIRECTION('center_axis',(-1.,0.,0.));
#5258=DIRECTION('ref_axis',(0.,0.,1.));
#5259=DIRECTION('',(0.,-1.,0.));
#5260=DIRECTION('',(0.,0.,1.));
#5261=DIRECTION('center_axis',(0.,1.,0.));
#5262=DIRECTION('ref_axis',(0.707106781186548,0.,0.707106781186547));
#5263=DIRECTION('center_axis',(0.,-1.,0.));
#5264=DIRECTION('ref_axis',(0.707106781186548,0.,0.707106781186547));
#5265=DIRECTION('',(0.,-1.,0.));
#5266=DIRECTION('center_axis',(0.,1.,0.));
#5267=DIRECTION('ref_axis',(-0.707106781186547,0.,0.707106781186547));
#5268=DIRECTION('',(0.,1.,0.));
#5269=DIRECTION('center_axis',(0.,-1.,0.));
#5270=DIRECTION('ref_axis',(-0.707106781186547,0.,0.707106781186547));
#5271=DIRECTION('center_axis',(2.96059473233375E-16,0.,1.));
#5272=DIRECTION('ref_axis',(1.,0.,-2.96059473233375E-16));
#5273=DIRECTION('',(1.,0.,-2.96059473233375E-16));
#5274=DIRECTION('center_axis',(4.44089209850063E-16,0.,1.));
#5275=DIRECTION('ref_axis',(1.,0.,-4.44089209850063E-16));
#5276=DIRECTION('',(1.,0.,-4.44089209850063E-16));
#5277=DIRECTION('center_axis',(0.,1.,0.));
#5278=DIRECTION('ref_axis',(0.,0.,1.));
#5279=CARTESIAN_POINT('',(0.,0.,0.));
#5280=CARTESIAN_POINT('Origin',(-161.841025403784,5.3,40.2035553080335));
#5281=CARTESIAN_POINT('',(-161.765473963009,5.45110288155164,40.3344142420423));
#5282=CARTESIAN_POINT('',(-161.765473963009,5.1,40.3344142420423));
#5283=CARTESIAN_POINT('',(-161.765473963009,3.,40.3344142420423));
#5284=CARTESIAN_POINT('',(-161.941025403784,5.1,40.0303502272767));
#5285=CARTESIAN_POINT('',(-161.741025403784,5.5,40.3767603887904));
#5286=CARTESIAN_POINT('',(-161.941025403784,5.1,40.0303502272767));
#5287=CARTESIAN_POINT('Origin',(-160.875,5.5,39.8767603887904));
#5288=CARTESIAN_POINT('',(-160.875,5.5,39.8767603887904));
#5289=CARTESIAN_POINT('Origin',(-166.,-4.74999999999996,31.));
#5290=CARTESIAN_POINT('',(-160.03342315544,5.45110288155165,39.3344142420423));
#5291=CARTESIAN_POINT('Origin',(-166.,-4.74999999999996,31.));
#5292=CARTESIAN_POINT('',(-160.208974596216,5.1,39.0303502272767));
#5293=CARTESIAN_POINT('',(-160.008974596216,5.5,39.3767603887904));
#5294=CARTESIAN_POINT('',(-161.075,5.1,39.5303502272767));
#5295=CARTESIAN_POINT('Origin',(-161.075,5.1,39.5303502272767));
#5296=CARTESIAN_POINT('',(-160.03342315544,5.1,39.3344142420423));
#5297=CARTESIAN_POINT('Origin',(-166.,5.1,31.));
#5298=CARTESIAN_POINT('',(-160.208974596216,5.1,39.0303502272767));
#5299=CARTESIAN_POINT('Origin',(-160.108974596216,5.3,39.2035553080336));
#5300=CARTESIAN_POINT('',(-160.03342315544,3.,39.3344142420423));
#5301=CARTESIAN_POINT('Origin',(-160.108974596216,5.3,22.7964446919664));
#5302=CARTESIAN_POINT('',(-160.03342315544,5.45110288155163,22.6655857579576));
#5303=CARTESIAN_POINT('',(-160.03342315544,5.1,22.6655857579576));
#5304=CARTESIAN_POINT('',(-160.03342315544,3.,22.6655857579576));
#5305=CARTESIAN_POINT('',(-160.208974596216,5.1,22.9696497727232));
#5306=CARTESIAN_POINT('',(-160.008974596216,5.5,22.6232396112095));
#5307=CARTESIAN_POINT('',(-160.208974596216,5.1,22.9696497727232));
#5308=CARTESIAN_POINT('Origin',(-160.875,5.5,22.1232396112095));
#5309=CARTESIAN_POINT('',(-160.875,5.5,22.1232396112095));
#5310=CARTESIAN_POINT('Origin',(-166.,-4.74999999999997,31.));
#5311=CARTESIAN_POINT('',(-161.765473963009,5.45110288155163,21.6655857579576));
#5312=CARTESIAN_POINT('Origin',(-166.,-4.74999999999997,31.));
#5313=CARTESIAN_POINT('',(-161.941025403784,5.1,21.9696497727232));
#5314=CARTESIAN_POINT('',(-161.741025403784,5.5,21.6232396112095));
#5315=CARTESIAN_POINT('',(-161.075,5.1,22.4696497727232));
#5316=CARTESIAN_POINT('Origin',(-161.075,5.1,22.4696497727232));
#5317=CARTESIAN_POINT('',(-161.765473963009,5.1,21.6655857579576));
#5318=CARTESIAN_POINT('Origin',(-166.,5.1,31.));
#5319=CARTESIAN_POINT('',(-161.941025403784,5.1,21.9696497727232));
#5320=CARTESIAN_POINT('Origin',(-161.841025403784,5.3,21.7964446919664));
#5321=CARTESIAN_POINT('',(-161.765473963009,3.,21.6655857579576));
#5322=CARTESIAN_POINT('Origin',(-166.,3.,31.));
#5323=CARTESIAN_POINT('',(-176.25,5.5,31.));
#5324=CARTESIAN_POINT('Origin',(-166.,5.5,31.));
#5325=CARTESIAN_POINT('',(-176.201102881552,5.45110288155153,30.));
#5326=CARTESIAN_POINT('Origin',(-166.,-4.75000000000006,31.));
#5327=CARTESIAN_POINT('',(-176.201102881552,5.1,30.));
#5328=CARTESIAN_POINT('',(-176.201102881552,3.,30.));
#5329=CARTESIAN_POINT('',(-176.201102881552,5.1,32.));
#5330=CARTESIAN_POINT('Origin',(-166.,5.1,31.));
#5331=CARTESIAN_POINT('',(-176.201102881552,5.45110288155153,32.));
#5332=CARTESIAN_POINT('',(-176.201102881552,3.,32.));
#5333=CARTESIAN_POINT('Origin',(-166.,-4.75000000000006,31.));
#5334=CARTESIAN_POINT('Origin',(-166.,5.5,31.));
#5335=CARTESIAN_POINT('',(-155.75,5.50000000000004,31.));
#5336=CARTESIAN_POINT('Origin',(-166.,5.5,31.));
#5337=CARTESIAN_POINT('',(-155.75,2.,31.));
#5338=CARTESIAN_POINT('',(-155.75,3.,31.));
#5339=CARTESIAN_POINT('Origin',(-166.,2.,31.));
#5340=CARTESIAN_POINT('Origin',(-166.,5.5,31.));
#5341=CARTESIAN_POINT('Origin',(-176.05,5.3,30.));
#5342=CARTESIAN_POINT('',(-175.85,5.1,30.));
#5343=CARTESIAN_POINT('',(-176.25,5.5,30.));
#5344=CARTESIAN_POINT('',(-175.85,5.1,30.));
#5345=CARTESIAN_POINT('Origin',(-176.25,5.5,31.));
#5346=CARTESIAN_POINT('',(-175.85,5.1,32.));
#5347=CARTESIAN_POINT('',(-176.25,5.5,32.));
#5348=CARTESIAN_POINT('',(-175.85,5.1,31.));
#5349=CARTESIAN_POINT('Origin',(-175.85,5.1,31.));
#5350=CARTESIAN_POINT('',(-175.85,5.1,32.));
#5351=CARTESIAN_POINT('Origin',(-176.05,5.3,32.));
#5352=CARTESIAN_POINT('Origin',(-14.1089745962156,5.3,-8.2035553080336));
#5353=CARTESIAN_POINT('',(-14.0334231554398,5.45110288155159,-8.3344142420423));
#5354=CARTESIAN_POINT('',(-14.0334231554398,5.1,-8.3344142420423));
#5355=CARTESIAN_POINT('',(-14.0334231554398,3.,-8.3344142420423));
#5356=CARTESIAN_POINT('',(-14.2089745962156,5.1,-8.03035022727671));
#5357=CARTESIAN_POINT('',(-14.2089745962156,5.1,-8.03035022727671));
#5358=CARTESIAN_POINT('',(-14.0089745962156,5.1,-8.37676038879049));
#5359=CARTESIAN_POINT('Origin',(-15.075,5.1,-8.53035022727671));
#5360=CARTESIAN_POINT('',(-14.875,5.5,-8.87676038879049));
#5361=CARTESIAN_POINT('Origin',(-20.,-4.75,0.));
#5362=CARTESIAN_POINT('',(-15.7654739630086,5.45110288155159,-9.33441424204231));
#5363=CARTESIAN_POINT('Origin',(-20.,-4.75,0.));
#5364=CARTESIAN_POINT('',(-15.9410254037844,5.1,-9.03035022727672));
#5365=CARTESIAN_POINT('',(-15.9410254037844,5.1,-9.03035022727672));
#5366=CARTESIAN_POINT('',(-15.075,5.1,-8.53035022727671));
#5367=CARTESIAN_POINT('Origin',(-14.875,5.1,-8.87676038879049));
#5368=CARTESIAN_POINT('',(-15.7654739630086,5.1,-9.3344142420423));
#5369=CARTESIAN_POINT('Origin',(-20.,5.1,0.));
#5370=CARTESIAN_POINT('',(-15.7410254037844,5.1,-9.37676038879049));
#5371=CARTESIAN_POINT('Origin',(-15.8410254037844,5.3,-9.2035553080336));
#5372=CARTESIAN_POINT('',(-15.7654739630086,3.,-9.3344142420423));
#5373=CARTESIAN_POINT('Origin',(-15.8410254037844,5.3,9.20355530803361));
#5374=CARTESIAN_POINT('',(-15.7654739630086,5.45110288155158,9.33441424204231));
#5375=CARTESIAN_POINT('',(-15.7654739630086,5.1,9.33441424204231));
#5376=CARTESIAN_POINT('',(-15.7654739630086,3.,9.33441424204231));
#5377=CARTESIAN_POINT('',(-15.9410254037844,5.1,9.03035022727672));
#5378=CARTESIAN_POINT('',(-15.9410254037844,5.1,9.03035022727672));
#5379=CARTESIAN_POINT('',(-15.7410254037844,5.1,9.37676038879049));
#5380=CARTESIAN_POINT('Origin',(-15.075,5.1,8.53035022727672));
#5381=CARTESIAN_POINT('',(-14.875,5.5,8.8767603887905));
#5382=CARTESIAN_POINT('Origin',(-20.,-4.75,0.));
#5383=CARTESIAN_POINT('',(-14.0334231554398,5.45110288155158,8.33441424204231));
#5384=CARTESIAN_POINT('Origin',(-20.,-4.75,0.));
#5385=CARTESIAN_POINT('',(-14.2089745962156,5.1,8.03035022727672));
#5386=CARTESIAN_POINT('',(-14.2089745962156,5.1,8.03035022727672));
#5387=CARTESIAN_POINT('',(-15.075,5.1,8.53035022727672));
#5388=CARTESIAN_POINT('Origin',(-14.875,5.1,8.8767603887905));
#5389=CARTESIAN_POINT('',(-14.0334231554398,5.1,8.33441424204231));
#5390=CARTESIAN_POINT('Origin',(-20.,5.1,0.));
#5391=CARTESIAN_POINT('',(-14.0089745962156,5.1,8.3767603887905));
#5392=CARTESIAN_POINT('Origin',(-14.1089745962156,5.3,8.20355530803361));
#5393=CARTESIAN_POINT('',(-14.0334231554398,3.,8.33441424204231));
#5394=CARTESIAN_POINT('Origin',(-20.,3.,0.));
#5395=CARTESIAN_POINT('',(-30.25,5.5,0.));
#5396=CARTESIAN_POINT('Origin',(-20.,5.5,0.));
#5397=CARTESIAN_POINT('',(-30.2011028815516,5.45110288155158,-1.));
#5398=CARTESIAN_POINT('Origin',(-20.,-4.75,0.));
#5399=CARTESIAN_POINT('',(-30.2011028815516,5.1,-1.));
#5400=CARTESIAN_POINT('',(-30.2011028815516,3.,-1.));
#5401=CARTESIAN_POINT('',(-30.2011028815516,5.1,1.));
#5402=CARTESIAN_POINT('Origin',(-20.,5.1,0.));
#5403=CARTESIAN_POINT('',(-30.2011028815516,5.45110288155158,1.));
#5404=CARTESIAN_POINT('',(-30.2011028815516,3.,1.));
#5405=CARTESIAN_POINT('Origin',(-20.,-4.75,0.));
#5406=CARTESIAN_POINT('Origin',(-20.,5.5,0.));
#5407=CARTESIAN_POINT('',(-9.75,5.5,2.04346971000916E-15));
#5408=CARTESIAN_POINT('Origin',(-20.,5.5,0.));
#5409=CARTESIAN_POINT('',(-9.75,2.,0.));
#5410=CARTESIAN_POINT('',(-9.75,3.,2.04346971000916E-15));
#5411=CARTESIAN_POINT('Origin',(-20.,2.,0.));
#5412=CARTESIAN_POINT('Origin',(-20.,5.5,0.));
#5413=CARTESIAN_POINT('Origin',(-30.05,5.3,-1.));
#5414=CARTESIAN_POINT('',(-29.85,5.1,-1.));
#5415=CARTESIAN_POINT('',(-29.85,5.1,-1.));
#5416=CARTESIAN_POINT('',(-30.25,5.1,-1.));
#5417=CARTESIAN_POINT('Origin',(-29.85,5.1,0.));
#5418=CARTESIAN_POINT('',(-29.85,5.1,1.));
#5419=CARTESIAN_POINT('',(-29.85,5.1,1.));
#5420=CARTESIAN_POINT('',(-29.85,5.1,0.));
#5421=CARTESIAN_POINT('Origin',(-30.25,5.1,0.));
#5422=CARTESIAN_POINT('',(-30.25,5.1,1.));
#5423=CARTESIAN_POINT('Origin',(-30.05,5.3,1.));
#5424=CARTESIAN_POINT('Origin',(-161.841025403784,5.3,-40.2035553080335));
#5425=CARTESIAN_POINT('',(-161.765473963009,5.1,-40.3344142420423));
#5426=CARTESIAN_POINT('',(-161.765473963009,5.45110288155161,-40.3344142420423));
#5427=CARTESIAN_POINT('',(-161.765473963009,3.,-40.3344142420423));
#5428=CARTESIAN_POINT('',(-161.941025403784,5.1,-40.0303502272767));
#5429=CARTESIAN_POINT('',(-161.941025403784,5.1,-40.0303502272767));
#5430=CARTESIAN_POINT('',(-161.741025403784,5.5,-40.3767603887904));
#5431=CARTESIAN_POINT('Origin',(-161.075,5.1,-39.5303502272767));
#5432=CARTESIAN_POINT('',(-160.03342315544,5.1,-39.3344142420423));
#5433=CARTESIAN_POINT('Origin',(-166.,5.1,-31.));
#5434=CARTESIAN_POINT('',(-160.208974596216,5.1,-39.0303502272767));
#5435=CARTESIAN_POINT('',(-160.208974596216,5.1,-39.0303502272767));
#5436=CARTESIAN_POINT('',(-161.075,5.1,-39.5303502272767));
#5437=CARTESIAN_POINT('Origin',(-160.875,5.5,-39.8767603887904));
#5438=CARTESIAN_POINT('',(-160.875,5.5,-39.8767603887905));
#5439=CARTESIAN_POINT('Origin',(-166.,-4.74999999999999,-31.));
#5440=CARTESIAN_POINT('',(-160.03342315544,5.45110288155161,-39.3344142420423));
#5441=CARTESIAN_POINT('',(-160.008974596216,5.5,-39.3767603887904));
#5442=CARTESIAN_POINT('Origin',(-166.,-4.74999999999999,-31.));
#5443=CARTESIAN_POINT('Origin',(-160.108974596216,5.3,-39.2035553080336));
#5444=CARTESIAN_POINT('',(-160.03342315544,3.,-39.3344142420423));
#5445=CARTESIAN_POINT('Origin',(-160.108974596216,5.3,-22.7964446919664));
#5446=CARTESIAN_POINT('',(-160.03342315544,5.1,-22.6655857579577));
#5447=CARTESIAN_POINT('',(-160.03342315544,5.45110288155161,-22.6655857579576));
#5448=CARTESIAN_POINT('',(-160.03342315544,3.,-22.6655857579576));
#5449=CARTESIAN_POINT('',(-160.208974596216,5.1,-22.9696497727232));
#5450=CARTESIAN_POINT('',(-160.208974596216,5.1,-22.9696497727232));
#5451=CARTESIAN_POINT('',(-160.008974596216,5.5,-22.6232396112095));
#5452=CARTESIAN_POINT('Origin',(-161.075,5.1,-22.4696497727232));
#5453=CARTESIAN_POINT('',(-161.765473963009,5.1,-21.6655857579577));
#5454=CARTESIAN_POINT('Origin',(-166.,5.1,-31.));
#5455=CARTESIAN_POINT('',(-161.941025403784,5.1,-21.9696497727232));
#5456=CARTESIAN_POINT('',(-161.941025403784,5.1,-21.9696497727232));
#5457=CARTESIAN_POINT('',(-161.075,5.1,-22.4696497727232));
#5458=CARTESIAN_POINT('Origin',(-160.875,5.5,-22.1232396112095));
#5459=CARTESIAN_POINT('',(-160.875,5.5,-22.1232396112095));
#5460=CARTESIAN_POINT('Origin',(-166.,-4.75,-31.));
#5461=CARTESIAN_POINT('',(-161.765473963009,5.45110288155159,-21.6655857579577));
#5462=CARTESIAN_POINT('',(-161.741025403784,5.5,-21.6232396112095));
#5463=CARTESIAN_POINT('Origin',(-166.,-4.75,-31.));
#5464=CARTESIAN_POINT('Origin',(-161.841025403784,5.3,-21.7964446919664));
#5465=CARTESIAN_POINT('',(-161.765473963009,3.,-21.6655857579577));
#5466=CARTESIAN_POINT('Origin',(-166.,3.,-31.));
#5467=CARTESIAN_POINT('',(-176.25,5.5,-31.));
#5468=CARTESIAN_POINT('Origin',(-166.,5.5,-31.));
#5469=CARTESIAN_POINT('',(-176.201102881552,5.4511028815516,-32.));
#5470=CARTESIAN_POINT('Origin',(-166.,-4.74999999999999,-31.));
#5471=CARTESIAN_POINT('',(-176.201102881552,5.1,-32.));
#5472=CARTESIAN_POINT('',(-176.201102881552,3.,-32.));
#5473=CARTESIAN_POINT('',(-176.201102881552,5.1,-30.));
#5474=CARTESIAN_POINT('Origin',(-166.,5.1,-31.));
#5475=CARTESIAN_POINT('',(-176.201102881552,5.4511028815516,-30.));
#5476=CARTESIAN_POINT('',(-176.201102881552,3.,-30.));
#5477=CARTESIAN_POINT('Origin',(-166.,-4.74999999999999,-31.));
#5478=CARTESIAN_POINT('Origin',(-166.,5.5,-31.));
#5479=CARTESIAN_POINT('',(-155.75,5.50000000000003,-31.));
#5480=CARTESIAN_POINT('Origin',(-166.,5.5,-31.));
#5481=CARTESIAN_POINT('',(-155.75,2.,-31.));
#5482=CARTESIAN_POINT('',(-155.75,3.,-31.));
#5483=CARTESIAN_POINT('Origin',(-166.,2.,-31.));
#5484=CARTESIAN_POINT('Origin',(-166.,5.5,-31.));
#5485=CARTESIAN_POINT('Origin',(-176.05,5.3,-30.));
#5486=CARTESIAN_POINT('',(-175.85,5.1,-30.));
#5487=CARTESIAN_POINT('',(-175.85,5.1,-30.));
#5488=CARTESIAN_POINT('',(-176.25,5.5,-30.));
#5489=CARTESIAN_POINT('Origin',(-175.85,5.1,-31.));
#5490=CARTESIAN_POINT('',(-175.85,5.1,-32.));
#5491=CARTESIAN_POINT('',(-175.85,5.1,-32.));
#5492=CARTESIAN_POINT('',(-175.85,5.1,-31.));
#5493=CARTESIAN_POINT('Origin',(-176.25,5.5,-31.));
#5494=CARTESIAN_POINT('',(-176.25,5.5,-32.));
#5495=CARTESIAN_POINT('Origin',(-176.05,5.3,-32.));
#5496=CARTESIAN_POINT('Origin',(-68.,25.125,47.276625594005));
#5497=CARTESIAN_POINT('',(-66.,25.75,47.276625594005));
#5498=CARTESIAN_POINT('',(-70.,25.75,47.276625594005));
#5499=CARTESIAN_POINT('Origin',(-68.,25.75,47.276625594005));
#5500=CARTESIAN_POINT('Origin',(-68.,25.75,47.276625594005));
#5501=CARTESIAN_POINT('',(-64.75,24.5,47.276625594005));
#5502=CARTESIAN_POINT('',(-65.375,25.125,47.276625594005));
#5503=CARTESIAN_POINT('',(-71.25,24.5,47.276625594005));
#5504=CARTESIAN_POINT('Origin',(-68.,24.5,47.276625594005));
#5505=CARTESIAN_POINT('Origin',(-68.,24.5,47.276625594005));
#5506=CARTESIAN_POINT('Origin',(-68.,29.,47.276625594005));
#5507=CARTESIAN_POINT('',(-66.,29.,47.276625594005));
#5508=CARTESIAN_POINT('',(-70.,29.,47.276625594005));
#5509=CARTESIAN_POINT('Origin',(-68.,29.,47.276625594005));
#5510=CARTESIAN_POINT('Origin',(-68.,29.,47.276625594005));
#5511=CARTESIAN_POINT('',(-70.,29.,47.276625594005));
#5512=CARTESIAN_POINT('Origin',(-68.,25.125,-47.2766255940051));
#5513=CARTESIAN_POINT('',(-66.,25.75,-47.2766255940051));
#5514=CARTESIAN_POINT('',(-70.,25.75,-47.2766255940051));
#5515=CARTESIAN_POINT('Origin',(-68.,25.75,-47.2766255940051));
#5516=CARTESIAN_POINT('Origin',(-68.,25.75,-47.2766255940051));
#5517=CARTESIAN_POINT('',(-64.75,24.5,-47.2766255940051));
#5518=CARTESIAN_POINT('',(-65.375,25.125,-47.2766255940051));
#5519=CARTESIAN_POINT('',(-71.25,24.5,-47.2766255940051));
#5520=CARTESIAN_POINT('Origin',(-68.,24.5,-47.2766255940051));
#5521=CARTESIAN_POINT('Origin',(-68.,24.5,-47.2766255940051));
#5522=CARTESIAN_POINT('Origin',(-68.,29.,-47.2766255940051));
#5523=CARTESIAN_POINT('',(-66.,29.,-47.2766255940051));
#5524=CARTESIAN_POINT('',(-70.,29.,-47.2766255940051));
#5525=CARTESIAN_POINT('Origin',(-68.,29.,-47.2766255940051));
#5526=CARTESIAN_POINT('Origin',(-68.,29.,-47.2766255940051));
#5527=CARTESIAN_POINT('',(-70.,29.,-47.2766255940051));
#5528=CARTESIAN_POINT('Origin',(-68.,0.,-47.2766255940051));
#5529=CARTESIAN_POINT('',(-64.75,0.,-47.2766255940051));
#5530=CARTESIAN_POINT('',(-71.25,0.,-47.2766255940051));
#5531=CARTESIAN_POINT('Origin',(-68.,0.,-47.2766255940051));
#5532=CARTESIAN_POINT('Origin',(-68.,0.,-47.2766255940051));
#5533=CARTESIAN_POINT('',(-71.25,0.,-47.2766255940051));
#5534=CARTESIAN_POINT('Origin',(-68.,0.,47.276625594005));
#5535=CARTESIAN_POINT('',(-64.75,0.,47.276625594005));
#5536=CARTESIAN_POINT('',(-71.25,0.,47.276625594005));
#5537=CARTESIAN_POINT('Origin',(-68.,0.,47.276625594005));
#5538=CARTESIAN_POINT('Origin',(-68.,0.,47.276625594005));
#5539=CARTESIAN_POINT('',(-71.25,0.,47.276625594005));
#5540=CARTESIAN_POINT('Origin',(-67.9999999999999,29.,49.776625594005));
#5541=CARTESIAN_POINT('',(-75.4966893742116,3.,49.9994448628794));
#5542=CARTESIAN_POINT('',(-60.5033106257883,3.,49.9994448628794));
#5543=CARTESIAN_POINT('Origin',(-67.9999999999999,3.,49.776625594005));
#5544=CARTESIAN_POINT('',(-75.4966893742116,29.,49.9994448628794));
#5545=CARTESIAN_POINT('',(-75.4966893742116,29.,49.9994448628794));
#5546=CARTESIAN_POINT('',(-60.5033106257883,29.,49.9994448628794));
#5547=CARTESIAN_POINT('Origin',(-67.9999999999999,29.,49.776625594005));
#5548=CARTESIAN_POINT('',(-60.5033106257882,29.,49.9994448628794));
#5549=CARTESIAN_POINT('Origin',(-68.,29.,-49.7766255940051));
#5550=CARTESIAN_POINT('',(-60.5033106257883,3.,-49.9994448628794));
#5551=CARTESIAN_POINT('',(-75.4966893742117,3.,-49.9994448628794));
#5552=CARTESIAN_POINT('Origin',(-68.,3.,-49.7766255940051));
#5553=CARTESIAN_POINT('',(-60.5033106257883,29.,-49.9994448628794));
#5554=CARTESIAN_POINT('',(-60.5033106257883,29.,-49.9994448628794));
#5555=CARTESIAN_POINT('',(-75.4966893742117,29.,-49.9994448628794));
#5556=CARTESIAN_POINT('Origin',(-68.,29.,-49.7766255940051));
#5557=CARTESIAN_POINT('',(-75.4966893742117,29.,-49.9994448628794));
#5558=CARTESIAN_POINT('Origin',(-68.,0.,-176.));
#5559=CARTESIAN_POINT('',(-95.5979586327467,29.,-52.8306331682217));
#5560=CARTESIAN_POINT('Origin',(-68.,29.,-176.));
#5561=CARTESIAN_POINT('',(-95.5979586327467,3.,-52.8306331682217));
#5562=CARTESIAN_POINT('',(-95.5979586327467,28.,-52.8306331682217));
#5563=CARTESIAN_POINT('Origin',(-68.,3.,-176.));
#5564=CARTESIAN_POINT('Origin',(-12.7499999999725,15.999999999987,53.));
#5565=CARTESIAN_POINT('',(-12.7499999999725,15.999999999987,53.));
#5566=CARTESIAN_POINT('',(-12.7499999999257,25.,53.));
#5567=CARTESIAN_POINT('',(-12.7500000000141,7.99999999992268,53.));
#5568=CARTESIAN_POINT('',(-12.7499999999725,15.999999999987,54.5));
#5569=CARTESIAN_POINT('',(-12.7499999999725,15.999999999987,53.));
#5570=CARTESIAN_POINT('',(-12.7499999999257,25.,54.5));
#5571=CARTESIAN_POINT('',(-12.7499999999127,27.4999999999855,54.5));
#5572=CARTESIAN_POINT('',(-12.7499999999257,25.,53.));
#5573=CARTESIAN_POINT('Origin',(-13.9999999999628,20.4999999999935,54.5));
#5574=CARTESIAN_POINT('',(-15.25,25.,54.5));
#5575=CARTESIAN_POINT('',(-15.25,25.,54.5));
#5576=CARTESIAN_POINT('',(-15.25,16.,54.5));
#5577=CARTESIAN_POINT('',(-12.7499999999725,15.999999999987,54.5));
#5578=CARTESIAN_POINT('',(-15.25,22.7499999999968,54.5));
#5579=CARTESIAN_POINT('Origin',(-31.2500000000146,25.,53.));
#5580=CARTESIAN_POINT('',(-31.2500000000146,25.,53.));
#5581=CARTESIAN_POINT('',(-31.2500000000146,16.,53.));
#5582=CARTESIAN_POINT('',(-31.2500000000146,12.5,53.));
#5583=CARTESIAN_POINT('',(-31.2500000000146,25.,54.5));
#5584=CARTESIAN_POINT('',(-31.2500000000146,25.,53.));
#5585=CARTESIAN_POINT('',(-31.2500000000146,16.,54.5));
#5586=CARTESIAN_POINT('',(-31.2500000000146,13.5000000000145,54.5));
#5587=CARTESIAN_POINT('',(-31.2500000000146,16.,53.));
#5588=CARTESIAN_POINT('Origin',(-30.0000000000073,20.5,54.5));
#5589=CARTESIAN_POINT('',(-28.75,16.,54.5));
#5590=CARTESIAN_POINT('',(-28.75,25.,54.5));
#5591=CARTESIAN_POINT('',(-28.75,18.25,54.5));
#5592=CARTESIAN_POINT('',(-28.75,16.,54.5));
#5593=CARTESIAN_POINT('',(-31.2500000000146,25.,54.5));
#5594=CARTESIAN_POINT('Origin',(-39.9999999999999,0.,53.));
#5595=CARTESIAN_POINT('',(-11.5,29.,53.));
#5596=CARTESIAN_POINT('',(-11.5,3.,53.));
#5597=CARTESIAN_POINT('',(-11.5,1.5,53.));
#5598=CARTESIAN_POINT('',(-38.8715347448597,3.,53.));
#5599=CARTESIAN_POINT('',(-66.4999999999999,3.,53.));
#5600=CARTESIAN_POINT('',(-38.8715347448597,29.,53.));
#5601=CARTESIAN_POINT('',(-38.8715347448597,0.,53.));
#5602=CARTESIAN_POINT('',(-4.99999999999998,29.,53.));
#5603=CARTESIAN_POINT('',(-27.6249999999584,16.0000000000643,53.));
#5604=CARTESIAN_POINT('',(-26.3749999999628,25.,53.));
#5605=CARTESIAN_POINT('Origin',(-28.75,16.,56.));
#5606=CARTESIAN_POINT('',(-28.75,25.,56.));
#5607=CARTESIAN_POINT('',(-28.75,25.,56.));
#5608=CARTESIAN_POINT('',(-28.75,16.,56.));
#5609=CARTESIAN_POINT('',(-28.75,8.,56.));
#5610=CARTESIAN_POINT('',(-28.75,16.,56.));
#5611=CARTESIAN_POINT('Origin',(-8.55000000000001,16.091438824744,-34.1705771712116));
#5612=CARTESIAN_POINT('',(-8.80000000000001,16.091438824744,-42.9205771712116));
#5613=CARTESIAN_POINT('Origin',(-8.80000000000001,16.091438824744,-34.1705771712116));
#5614=CARTESIAN_POINT('',(-8.30000000000001,16.091438824744,-43.4205771712116));
#5615=CARTESIAN_POINT('',(-8.55000000000001,16.091438824744,-43.1705771712116));
#5616=CARTESIAN_POINT('',(-8.30000000000001,16.091438824744,-24.9205771712116));
#5617=CARTESIAN_POINT('Origin',(-8.30000000000001,16.091438824744,-34.1705771712116));
#5618=CARTESIAN_POINT('Origin',(-8.30000000000001,16.091438824744,-34.1705771712116));
#5619=CARTESIAN_POINT('Origin',(-1.08391318686314E-14,16.091438824744,-34.1705771712116));
#5620=CARTESIAN_POINT('',(-4.99999999999998,16.091438824744,-24.9205771712116));
#5621=CARTESIAN_POINT('',(-1.08391318686314E-14,16.091438824744,-24.9205771712116));
#5622=CARTESIAN_POINT('Origin',(-4.99999999999998,16.091438824744,-34.1705771712116));
#5623=CARTESIAN_POINT('Origin',(-8.80000000000001,16.091438824744,-34.1705771712116));
#5624=CARTESIAN_POINT('',(-8.80000000000001,16.091438824744,-30.6705771712116));
#5625=CARTESIAN_POINT('Origin',(-8.80000000000001,16.091438824744,-34.1705771712116));
#5626=CARTESIAN_POINT('Origin',(-4.99999999999998,16.091438824744,-34.1705771712116));
#5627=CARTESIAN_POINT('',(-3.00000000000001,16.091438824744,-22.9205771712116));
#5628=CARTESIAN_POINT('Origin',(-4.99999999999998,16.091438824744,-22.9205771712116));
#5629=CARTESIAN_POINT('',(-3.00000000000002,20.52023227052,-44.5121577377716));
#5630=CARTESIAN_POINT('Origin',(-3.00000000000001,16.091438824744,-34.1705771712116));
#5631=CARTESIAN_POINT('',(-3.00000000000002,11.662645378968,-44.5121577377716));
#5632=CARTESIAN_POINT('Ctrl Pts',(-2.99999999999999,11.662645378968,-44.5121577377716));
#5633=CARTESIAN_POINT('Ctrl Pts',(-2.99999999999999,12.0930364456766,-44.5121577377716));
#5634=CARTESIAN_POINT('Ctrl Pts',(-3.0261117402863,12.6088452225067,-44.5121577377716));
#5635=CARTESIAN_POINT('Ctrl Pts',(-3.12019906241103,13.9921629276281,-44.5121577377716));
#5636=CARTESIAN_POINT('Ctrl Pts',(-3.2182104128297,15.1353161708256,-44.5121577377716));
#5637=CARTESIAN_POINT('Ctrl Pts',(-3.2182104128297,17.0475614786624,-44.5121577377716));
#5638=CARTESIAN_POINT('Ctrl Pts',(-3.12019906241103,18.1907147218599,-44.5121577377716));
#5639=CARTESIAN_POINT('Ctrl Pts',(-3.0261117402863,19.5740324269813,-44.5121577377716));
#5640=CARTESIAN_POINT('Ctrl Pts',(-2.99999999999999,20.0898412038114,-44.5121577377716));
#5641=CARTESIAN_POINT('Ctrl Pts',(-2.99999999999999,20.52023227052,-44.5121577377716));
#5642=CARTESIAN_POINT('Origin',(-3.00000000000001,16.091438824744,-34.1705771712116));
#5643=CARTESIAN_POINT('Origin',(-4.60263017170123,3.,-44.5121577377715));
#5644=CARTESIAN_POINT('',(-3.00000000000002,29.,-44.5121577377716));
#5645=CARTESIAN_POINT('',(-3.00000000000002,1.5,-44.5121577377716));
#5646=CARTESIAN_POINT('',(-4.60263017170123,29.,-44.5121577377715));
#5647=CARTESIAN_POINT('',(-48.8013150858513,29.,-44.5121577377702));
#5648=CARTESIAN_POINT('',(-4.60263017170123,3.,-44.5121577377715));
#5649=CARTESIAN_POINT('',(-4.60263017170123,3.,-44.5121577377715));
#5650=CARTESIAN_POINT('',(-3.00000000000002,3.,-44.5121577377716));
#5651=CARTESIAN_POINT('',(-48.8013150858513,3.,-44.5121577377702));
#5652=CARTESIAN_POINT('',(-3.00000000000002,1.5,-44.5121577377716));
#5653=CARTESIAN_POINT('Origin',(-96.,3.,-26.));
#5654=CARTESIAN_POINT('',(-92.,8.,-26.));
#5655=CARTESIAN_POINT('',(-100.,8.,-26.));
#5656=CARTESIAN_POINT('Origin',(-96.,8.,-26.));
#5657=CARTESIAN_POINT('Origin',(-96.,8.,-26.));
#5658=CARTESIAN_POINT('',(-100.,3.,-26.));
#5659=CARTESIAN_POINT('',(-100.,3.,-26.));
#5660=CARTESIAN_POINT('',(-92.,3.,-26.));
#5661=CARTESIAN_POINT('Origin',(-96.,3.,-26.));
#5662=CARTESIAN_POINT('Origin',(-96.,3.,-26.));
#5663=CARTESIAN_POINT('Origin',(-96.,8.,-26.));
#5664=CARTESIAN_POINT('Origin',(-45.,3.,21.));
#5665=CARTESIAN_POINT('',(-41.,8.,21.));
#5666=CARTESIAN_POINT('',(-49.,8.,21.));
#5667=CARTESIAN_POINT('Origin',(-45.,8.,21.));
#5668=CARTESIAN_POINT('Origin',(-45.,8.,21.));
#5669=CARTESIAN_POINT('',(-49.,3.,21.));
#5670=CARTESIAN_POINT('',(-49.,3.,21.));
#5671=CARTESIAN_POINT('',(-41.,3.,21.));
#5672=CARTESIAN_POINT('Origin',(-45.,3.,21.));
#5673=CARTESIAN_POINT('Origin',(-45.,3.,21.));
#5674=CARTESIAN_POINT('Origin',(-45.,8.,21.));
#5675=CARTESIAN_POINT('Origin',(-96.,3.,26.));
#5676=CARTESIAN_POINT('',(-92.,8.,26.));
#5677=CARTESIAN_POINT('',(-100.,8.,26.));
#5678=CARTESIAN_POINT('Origin',(-96.,8.,26.));
#5679=CARTESIAN_POINT('Origin',(-96.,8.,26.));
#5680=CARTESIAN_POINT('',(-100.,3.,26.));
#5681=CARTESIAN_POINT('',(-100.,3.,26.));
#5682=CARTESIAN_POINT('',(-92.,3.,26.));
#5683=CARTESIAN_POINT('Origin',(-96.,3.,26.));
#5684=CARTESIAN_POINT('Origin',(-96.,3.,26.));
#5685=CARTESIAN_POINT('Origin',(-96.,8.,26.));
#5686=CARTESIAN_POINT('Origin',(-45.,3.,-21.));
#5687=CARTESIAN_POINT('',(-41.,8.,-21.));
#5688=CARTESIAN_POINT('',(-49.,8.,-21.));
#5689=CARTESIAN_POINT('Origin',(-45.,8.,-21.));
#5690=CARTESIAN_POINT('Origin',(-45.,8.,-21.));
#5691=CARTESIAN_POINT('',(-49.,3.,-21.));
#5692=CARTESIAN_POINT('',(-49.,3.,-21.));
#5693=CARTESIAN_POINT('',(-41.,3.,-21.));
#5694=CARTESIAN_POINT('Origin',(-45.,3.,-21.));
#5695=CARTESIAN_POINT('Origin',(-45.,3.,-21.));
#5696=CARTESIAN_POINT('Origin',(-45.,8.,-21.));
#5697=CARTESIAN_POINT('Origin',(-8.80000000000001,16.091438824744,-34.1705771712116));
#5698=CARTESIAN_POINT('',(-6.80000000000001,16.091438824744,-30.6705771712116));
#5699=CARTESIAN_POINT('Origin',(-6.80000000000001,16.091438824744,-34.1705771712116));
#5700=CARTESIAN_POINT('',(-8.80000000000001,16.091438824744,-30.6705771712116));
#5701=CARTESIAN_POINT('Origin',(-6.80000000000001,16.091438824744,-34.1705771712116));
#5702=CARTESIAN_POINT('',(-6.80000000000001,16.091438824744,-26.9205771712116));
#5703=CARTESIAN_POINT('Origin',(-6.80000000000001,16.091438824744,-34.1705771712116));
#5704=CARTESIAN_POINT('Origin',(-3.,29.,-17.5));
#5705=CARTESIAN_POINT('',(-3.,3.,-15.));
#5706=CARTESIAN_POINT('',(-3.00000000000001,3.,-20.));
#5707=CARTESIAN_POINT('Origin',(-3.,3.,-17.5));
#5708=CARTESIAN_POINT('',(-3.,29.,-15.));
#5709=CARTESIAN_POINT('',(-3.00000000000001,29.,-15.));
#5710=CARTESIAN_POINT('',(-3.00000000000001,29.,-20.));
#5711=CARTESIAN_POINT('Origin',(-3.,29.,-17.5));
#5712=CARTESIAN_POINT('',(-3.00000000000001,29.,-20.));
#5713=CARTESIAN_POINT('Origin',(-161.,29.,53.));
#5714=CARTESIAN_POINT('',(-163.5,3.,53.));
#5715=CARTESIAN_POINT('',(-158.5,3.,53.));
#5716=CARTESIAN_POINT('Origin',(-161.,3.,53.));
#5717=CARTESIAN_POINT('',(-163.5,29.,53.));
#5718=CARTESIAN_POINT('',(-163.5,29.,53.));
#5719=CARTESIAN_POINT('',(-158.5,29.,53.));
#5720=CARTESIAN_POINT('Origin',(-161.,29.,53.));
#5721=CARTESIAN_POINT('',(-158.5,29.,53.));
#5722=CARTESIAN_POINT('Origin',(-2.99999999999998,29.,17.5));
#5723=CARTESIAN_POINT('',(-2.99999999999999,3.,20.));
#5724=CARTESIAN_POINT('',(-2.99999999999999,3.,15.));
#5725=CARTESIAN_POINT('Origin',(-2.99999999999998,3.,17.5));
#5726=CARTESIAN_POINT('',(-2.99999999999999,29.,20.));
#5727=CARTESIAN_POINT('',(-2.99999999999999,29.,20.));
#5728=CARTESIAN_POINT('',(-2.99999999999999,29.,15.));
#5729=CARTESIAN_POINT('Origin',(-2.99999999999998,29.,17.5));
#5730=CARTESIAN_POINT('',(-3.,29.,15.));
#5731=CARTESIAN_POINT('Origin',(-161.,29.,-53.));
#5732=CARTESIAN_POINT('',(-158.5,3.,-53.));
#5733=CARTESIAN_POINT('',(-163.5,3.,-53.));
#5734=CARTESIAN_POINT('Origin',(-161.,3.,-53.));
#5735=CARTESIAN_POINT('',(-158.5,29.,-53.));
#5736=CARTESIAN_POINT('',(-158.5,29.,-53.));
#5737=CARTESIAN_POINT('',(-163.5,29.,-53.));
#5738=CARTESIAN_POINT('Origin',(-161.,29.,-53.));
#5739=CARTESIAN_POINT('',(-163.5,29.,-53.));
#5740=CARTESIAN_POINT('Origin',(-68.,0.,-176.));
#5741=CARTESIAN_POINT('',(-40.4020413672533,3.,-52.8306331682217));
#5742=CARTESIAN_POINT('Origin',(-68.,3.,-176.));
#5743=CARTESIAN_POINT('',(-40.4020413672533,29.,-52.8306331682217));
#5744=CARTESIAN_POINT('',(-40.4020413672533,28.,-52.8306331682217));
#5745=CARTESIAN_POINT('Origin',(-68.,29.,-176.));
#5746=CARTESIAN_POINT('Origin',(-186.,0.,53.));
#5747=CARTESIAN_POINT('',(-174.502371696064,3.,53.));
#5748=CARTESIAN_POINT('',(-139.5,3.,53.));
#5749=CARTESIAN_POINT('',(-174.502371696064,29.,53.));
#5750=CARTESIAN_POINT('',(-174.502371696064,1.5,53.));
#5751=CARTESIAN_POINT('',(-97.1284652551402,29.,53.));
#5752=CARTESIAN_POINT('Origin',(-186.,0.,53.));
#5753=CARTESIAN_POINT('',(-97.1284652551402,29.,53.));
#5754=CARTESIAN_POINT('',(-97.1284652551402,29.,53.));
#5755=CARTESIAN_POINT('',(-97.1284652551402,3.,53.));
#5756=CARTESIAN_POINT('',(-97.1284652551402,28.,53.));
#5757=CARTESIAN_POINT('',(-139.5,3.,53.));
#5758=CARTESIAN_POINT('Origin',(-68.,0.,176.));
#5759=CARTESIAN_POINT('',(-95.5979586327467,3.,52.8306331682217));
#5760=CARTESIAN_POINT('Origin',(-68.,3.,176.));
#5761=CARTESIAN_POINT('',(-95.5979586327467,29.,52.8306331682217));
#5762=CARTESIAN_POINT('',(-95.5979586327467,28.,52.8306331682217));
#5763=CARTESIAN_POINT('Origin',(-68.,29.,176.));
#5764=CARTESIAN_POINT('Origin',(-68.,0.,176.));
#5765=CARTESIAN_POINT('',(-40.4020413672532,29.,52.8306331682217));
#5766=CARTESIAN_POINT('Origin',(-68.,29.,176.));
#5767=CARTESIAN_POINT('',(-40.4020413672532,3.,52.8306331682217));
#5768=CARTESIAN_POINT('',(-40.4020413672532,28.,52.8306331682217));
#5769=CARTESIAN_POINT('Origin',(-68.,3.,176.));
#5770=CARTESIAN_POINT('Origin',(-2.99999999999998,0.,56.));
#5771=CARTESIAN_POINT('',(-2.99999999999998,3.,44.5004118029593));
#5772=CARTESIAN_POINT('',(-2.99999999999999,3.,28.));
#5773=CARTESIAN_POINT('',(-2.99999999999998,29.,44.5004118029593));
#5774=CARTESIAN_POINT('',(-2.99999999999999,1.5,44.5004118029593));
#5775=CARTESIAN_POINT('',(-3.00000000000002,29.,-51.));
#5776=CARTESIAN_POINT('Origin',(-2.99999999999998,0.,56.));
#5777=CARTESIAN_POINT('',(-2.99999999999999,3.,28.));
#5778=CARTESIAN_POINT('',(-3.00000000000002,29.,-51.));
#5779=CARTESIAN_POINT('Origin',(-2.99999999999998,0.,56.));
#5780=CARTESIAN_POINT('',(-2.99999999999999,3.,28.));
#5781=CARTESIAN_POINT('',(-3.00000000000002,29.,-51.));
#5782=CARTESIAN_POINT('Origin',(-96.,0.,-53.));
#5783=CARTESIAN_POINT('',(-97.1284652551402,3.,-53.));
#5784=CARTESIAN_POINT('',(-94.5,3.,-53.));
#5785=CARTESIAN_POINT('',(-97.1284652551402,29.,-53.));
#5786=CARTESIAN_POINT('',(-97.1284652551402,0.,-53.));
#5787=CARTESIAN_POINT('',(-181.,29.,-53.));
#5788=CARTESIAN_POINT('Origin',(-96.,0.,-53.));
#5789=CARTESIAN_POINT('',(-174.502371696064,29.,-53.));
#5790=CARTESIAN_POINT('',(-181.,29.,-53.));
#5791=CARTESIAN_POINT('',(-174.502371696064,3.,-53.));
#5792=CARTESIAN_POINT('',(-174.502371696064,1.5,-53.));
#5793=CARTESIAN_POINT('',(-94.5,3.,-53.));
#5794=CARTESIAN_POINT('Origin',(-186.,15.,11.5));
#5795=CARTESIAN_POINT('',(-186.,15.,17.5));
#5796=CARTESIAN_POINT('',(-186.,15.,5.49999999999999));
#5797=CARTESIAN_POINT('Origin',(-186.,15.,11.5));
#5798=CARTESIAN_POINT('Origin',(-186.,15.,11.5));
#5799=CARTESIAN_POINT('',(-183.,15.,5.49999999999999));
#5800=CARTESIAN_POINT('',(-186.,15.,5.49999999999999));
#5801=CARTESIAN_POINT('',(-183.,15.,17.5));
#5802=CARTESIAN_POINT('Origin',(-183.,15.,11.5));
#5803=CARTESIAN_POINT('Origin',(-183.,15.,11.5));
#5804=CARTESIAN_POINT('Origin',(-186.,15.,-11.5));
#5805=CARTESIAN_POINT('',(-186.,15.,-5.5));
#5806=CARTESIAN_POINT('',(-186.,15.,-17.5));
#5807=CARTESIAN_POINT('Origin',(-186.,15.,-11.5));
#5808=CARTESIAN_POINT('Origin',(-186.,15.,-11.5));
#5809=CARTESIAN_POINT('',(-183.,15.,-17.5));
#5810=CARTESIAN_POINT('',(-186.,15.,-17.5));
#5811=CARTESIAN_POINT('',(-183.,15.,-5.5));
#5812=CARTESIAN_POINT('Origin',(-183.,15.,-11.5));
#5813=CARTESIAN_POINT('Origin',(-183.,15.,-11.5));
#5814=CARTESIAN_POINT('Origin',(-186.,15.,34.5));
#5815=CARTESIAN_POINT('',(-186.,15.,40.5));
#5816=CARTESIAN_POINT('',(-186.,15.,28.5));
#5817=CARTESIAN_POINT('Origin',(-186.,15.,34.5));
#5818=CARTESIAN_POINT('Origin',(-186.,15.,34.5));
#5819=CARTESIAN_POINT('',(-183.,15.,28.5));
#5820=CARTESIAN_POINT('',(-186.,15.,28.5));
#5821=CARTESIAN_POINT('',(-183.,15.,40.5));
#5822=CARTESIAN_POINT('Origin',(-183.,15.,34.5));
#5823=CARTESIAN_POINT('Origin',(-183.,15.,34.5));
#5824=CARTESIAN_POINT('Origin',(-186.,15.,-34.5));
#5825=CARTESIAN_POINT('',(-186.,15.,-28.5));
#5826=CARTESIAN_POINT('',(-186.,15.,-40.5));
#5827=CARTESIAN_POINT('Origin',(-186.,15.,-34.5));
#5828=CARTESIAN_POINT('Origin',(-186.,15.,-34.5));
#5829=CARTESIAN_POINT('',(-183.,15.,-40.5));
#5830=CARTESIAN_POINT('',(-186.,15.,-40.5));
#5831=CARTESIAN_POINT('',(-183.,15.,-28.5));
#5832=CARTESIAN_POINT('Origin',(-183.,15.,-34.5));
#5833=CARTESIAN_POINT('Origin',(-183.,15.,-34.5));
#5834=CARTESIAN_POINT('Origin',(-15.25,16.,56.));
#5835=CARTESIAN_POINT('',(-15.25,16.,56.));
#5836=CARTESIAN_POINT('',(-27.625,16.,56.));
#5837=CARTESIAN_POINT('',(-15.25,16.,56.));
#5838=CARTESIAN_POINT('Origin',(-15.25,25.,56.));
#5839=CARTESIAN_POINT('',(-15.25,25.,56.));
#5840=CARTESIAN_POINT('',(-15.25,12.5,56.));
#5841=CARTESIAN_POINT('',(-15.25,25.,56.));
#5842=CARTESIAN_POINT('Origin',(-28.75,25.,56.));
#5843=CARTESIAN_POINT('',(-34.3749999999999,25.,56.));
#5844=CARTESIAN_POINT('Origin',(-1.08391318686314E-14,16.091438824744,-34.1705771712116));
#5845=CARTESIAN_POINT('',(-1.31388795624978E-14,16.091438824744,-41.4205771712116));
#5846=CARTESIAN_POINT('',(1.77635683940025E-14,16.091438824744,-26.9205771712116));
#5847=CARTESIAN_POINT('Origin',(1.77635683940025E-14,16.091438824744,-34.1705771712116));
#5848=CARTESIAN_POINT('Origin',(1.77635683940025E-14,16.091438824744,-34.1705771712116));
#5849=CARTESIAN_POINT('',(-1.08391318686314E-14,16.091438824744,-26.9205771712116));
#5850=CARTESIAN_POINT('Origin',(-20.,2.,0.));
#5851=CARTESIAN_POINT('Origin',(-166.,2.,31.));
#5852=CARTESIAN_POINT('Origin',(-166.,2.,-31.));
#5853=CARTESIAN_POINT('Origin',(-20.,3.,0.));
#5854=CARTESIAN_POINT('',(-6.75000000000001,5.5,4.26421541449183E-15));
#5855=CARTESIAN_POINT('',(-33.25,5.5,-2.64155840562159E-15));
#5856=CARTESIAN_POINT('Origin',(-20.,5.5,0.));
#5857=CARTESIAN_POINT('Origin',(-20.,5.5,0.));
#5858=CARTESIAN_POINT('',(-33.25,3.,-2.64155840562159E-15));
#5859=CARTESIAN_POINT('',(-33.25,3.,-2.64155840562159E-15));
#5860=CARTESIAN_POINT('',(-6.75000000000001,3.,4.26421541449183E-15));
#5861=CARTESIAN_POINT('Origin',(-20.,3.,0.));
#5862=CARTESIAN_POINT('Origin',(-20.,3.,0.));
#5863=CARTESIAN_POINT('Origin',(-20.,5.5,0.));
#5864=CARTESIAN_POINT('Origin',(-166.,3.,31.));
#5865=CARTESIAN_POINT('',(-152.75,5.5,31.));
#5866=CARTESIAN_POINT('',(-179.25,5.5,31.));
#5867=CARTESIAN_POINT('Origin',(-166.,5.5,31.));
#5868=CARTESIAN_POINT('Origin',(-166.,5.5,31.));
#5869=CARTESIAN_POINT('',(-179.25,3.,31.));
#5870=CARTESIAN_POINT('',(-179.25,3.,31.));
#5871=CARTESIAN_POINT('',(-152.75,3.,31.));
#5872=CARTESIAN_POINT('Origin',(-166.,3.,31.));
#5873=CARTESIAN_POINT('Origin',(-166.,3.,31.));
#5874=CARTESIAN_POINT('Origin',(-166.,5.5,31.));
#5875=CARTESIAN_POINT('Origin',(-166.,3.,-31.));
#5876=CARTESIAN_POINT('',(-152.75,5.5,-31.));
#5877=CARTESIAN_POINT('',(-179.25,5.5,-31.));
#5878=CARTESIAN_POINT('Origin',(-166.,5.5,-31.));
#5879=CARTESIAN_POINT('Origin',(-166.,5.5,-31.));
#5880=CARTESIAN_POINT('',(-179.25,3.,-31.));
#5881=CARTESIAN_POINT('',(-179.25,3.,-31.));
#5882=CARTESIAN_POINT('',(-152.75,3.,-31.));
#5883=CARTESIAN_POINT('Origin',(-166.,3.,-31.));
#5884=CARTESIAN_POINT('Origin',(-166.,3.,-31.));
#5885=CARTESIAN_POINT('Origin',(-166.,5.5,-31.));
#5886=CARTESIAN_POINT('Origin',(-93.,3.,0.));
#5887=CARTESIAN_POINT('Origin',(-38.8715347448597,3.,46.));
#5888=CARTESIAN_POINT('',(-11.5,3.,51.));
#5889=CARTESIAN_POINT('',(-11.5000000000001,3.,25.4999999999998));
#5890=CARTESIAN_POINT('',(-5.07316603645177,3.,44.5004118029593));
#5891=CARTESIAN_POINT('Origin',(-4.99999999999997,3.,51.));
#5892=CARTESIAN_POINT('',(-48.0000000000004,3.,44.5004118029586));
#5893=CARTESIAN_POINT('',(-11.5,3.,-51.));
#5894=CARTESIAN_POINT('Origin',(-5.00000000000002,3.,-51.));
#5895=CARTESIAN_POINT('',(-11.5,3.,-53.));
#5896=CARTESIAN_POINT('',(-11.5,3.,-26.5));
#5897=CARTESIAN_POINT('',(-38.8715347448598,3.,-53.));
#5898=CARTESIAN_POINT('',(-46.5,3.,-53.));
#5899=CARTESIAN_POINT('Origin',(-38.8715347448598,3.,-46.));
#5900=CARTESIAN_POINT('Origin',(-97.1284652551402,3.,-46.));
#5901=CARTESIAN_POINT('',(-174.502371696064,3.,-50.824425446364));
#5902=CARTESIAN_POINT('',(-174.502371696064,3.,-25.412212723182));
#5903=CARTESIAN_POINT('',(-181.397369828297,3.,-44.5121577377714));
#5904=CARTESIAN_POINT('Origin',(-181.,3.,-51.));
#5905=CARTESIAN_POINT('',(-183.,3.,-44.5121577377714));
#5906=CARTESIAN_POINT('',(-137.999999999999,3.,-44.5121577377705));
#5907=CARTESIAN_POINT('',(-183.,3.,44.5004118029595));
#5908=CARTESIAN_POINT('',(-183.,3.,-28.));
#5909=CARTESIAN_POINT('',(-181.073166036464,3.,44.5004118029595));
#5910=CARTESIAN_POINT('',(-137.036583018232,3.,44.5004118029595));
#5911=CARTESIAN_POINT('',(-174.502371696064,3.,50.8244254463669));
#5912=CARTESIAN_POINT('Origin',(-181.,3.,51.));
#5913=CARTESIAN_POINT('',(-174.502371696064,3.,26.5));
#5914=CARTESIAN_POINT('Origin',(-97.1284652551402,3.,46.));
#5915=CARTESIAN_POINT('',(-12.9999999999999,3.,46.));
#5916=CARTESIAN_POINT('',(-21.,3.,46.));
#5917=CARTESIAN_POINT('Origin',(-17.,3.,46.));
#5918=CARTESIAN_POINT('Origin',(-17.,3.,46.));
#5919=CARTESIAN_POINT('',(-145.,3.,46.0000000000001));
#5920=CARTESIAN_POINT('',(-153.,3.,46.0000000000001));
#5921=CARTESIAN_POINT('Origin',(-149.,3.,46.0000000000001));
#5922=CARTESIAN_POINT('Origin',(-149.,3.,46.0000000000001));
#5923=CARTESIAN_POINT('',(-13.,3.,-46.));
#5924=CARTESIAN_POINT('',(-21.,3.,-46.));
#5925=CARTESIAN_POINT('Origin',(-17.,3.,-46.));
#5926=CARTESIAN_POINT('Origin',(-17.,3.,-46.));
#5927=CARTESIAN_POINT('',(-145.,3.,-46.));
#5928=CARTESIAN_POINT('',(-153.,3.,-46.));
#5929=CARTESIAN_POINT('Origin',(-149.,3.,-46.));
#5930=CARTESIAN_POINT('Origin',(-149.,3.,-46.));
#5931=CARTESIAN_POINT('Origin',(-5.74999999999994,25.375,-50.25));
#5932=CARTESIAN_POINT('',(-2.49999999999994,24.75,-50.25));
#5933=CARTESIAN_POINT('',(-8.99999999999994,24.75,-50.25));
#5934=CARTESIAN_POINT('Origin',(-5.74999999999994,24.75,-50.25));
#5935=CARTESIAN_POINT('Origin',(-5.74999999999994,24.75,-50.25));
#5936=CARTESIAN_POINT('',(-3.74999999999994,26.,-50.25));
#5937=CARTESIAN_POINT('',(-3.12499999999994,25.375,-50.25));
#5938=CARTESIAN_POINT('Origin',(-5.74999999999994,26.,-50.25));
#5939=CARTESIAN_POINT('Origin',(-5.74999999999994,29.,-50.25));
#5940=CARTESIAN_POINT('',(-8.99999999999994,0.,-50.25));
#5941=CARTESIAN_POINT('',(-8.99999999999994,29.,-50.25));
#5942=CARTESIAN_POINT('Origin',(-5.74999999999994,0.,-50.25));
#5943=CARTESIAN_POINT('Origin',(-5.74999999999993,25.375,50.2500000000001));
#5944=CARTESIAN_POINT('',(-2.49999999999993,24.75,50.2500000000001));
#5945=CARTESIAN_POINT('',(-8.99999999999993,24.75,50.2500000000001));
#5946=CARTESIAN_POINT('Origin',(-5.74999999999993,24.75,50.2500000000001));
#5947=CARTESIAN_POINT('Origin',(-5.74999999999993,24.75,50.2500000000001));
#5948=CARTESIAN_POINT('',(-3.74999999999993,26.,50.2500000000001));
#5949=CARTESIAN_POINT('',(-3.12499999999993,25.375,50.2500000000001));
#5950=CARTESIAN_POINT('Origin',(-5.74999999999993,26.,50.2500000000001));
#5951=CARTESIAN_POINT('Origin',(-5.74999999999993,29.,50.2500000000001));
#5952=CARTESIAN_POINT('',(-8.99999999999993,0.,50.2500000000001));
#5953=CARTESIAN_POINT('',(-8.99999999999993,29.,50.2500000000001));
#5954=CARTESIAN_POINT('Origin',(-5.74999999999993,0.,50.2500000000001));
#5955=CARTESIAN_POINT('Origin',(-180.25,25.375,50.2500000000001));
#5956=CARTESIAN_POINT('',(-177.,24.75,50.2500000000001));
#5957=CARTESIAN_POINT('',(-183.5,24.75,50.2500000000001));
#5958=CARTESIAN_POINT('Origin',(-180.25,24.75,50.2500000000001));
#5959=CARTESIAN_POINT('Origin',(-180.25,24.75,50.2500000000001));
#5960=CARTESIAN_POINT('',(-178.25,26.,50.2500000000001));
#5961=CARTESIAN_POINT('',(-177.625,25.375,50.2500000000001));
#5962=CARTESIAN_POINT('Origin',(-180.25,26.,50.2500000000001));
#5963=CARTESIAN_POINT('Origin',(-180.25,29.,50.2500000000001));
#5964=CARTESIAN_POINT('',(-183.5,0.,50.2500000000001));
#5965=CARTESIAN_POINT('',(-183.5,29.,50.2500000000001));
#5966=CARTESIAN_POINT('Origin',(-180.25,0.,50.2500000000001));
#5967=CARTESIAN_POINT('Origin',(-180.25,25.375,-50.2499999999999));
#5968=CARTESIAN_POINT('',(-177.,24.75,-50.2499999999999));
#5969=CARTESIAN_POINT('',(-183.5,24.75,-50.2499999999999));
#5970=CARTESIAN_POINT('Origin',(-180.25,24.75,-50.2499999999999));
#5971=CARTESIAN_POINT('Origin',(-180.25,24.75,-50.2499999999999));
#5972=CARTESIAN_POINT('',(-178.25,26.,-50.2499999999999));
#5973=CARTESIAN_POINT('',(-177.625,25.375,-50.2499999999999));
#5974=CARTESIAN_POINT('Origin',(-180.25,26.,-50.2499999999999));
#5975=CARTESIAN_POINT('Origin',(-180.25,29.,-50.2499999999999));
#5976=CARTESIAN_POINT('',(-183.5,0.,-50.2499999999999));
#5977=CARTESIAN_POINT('',(-183.5,29.,-50.2499999999999));
#5978=CARTESIAN_POINT('Origin',(-180.25,0.,-50.2499999999999));
#5979=CARTESIAN_POINT('Origin',(-5.74999999999994,29.,-50.25));
#5980=CARTESIAN_POINT('',(-3.74999999999994,29.,-50.25));
#5981=CARTESIAN_POINT('',(-3.74999999999994,29.,-50.25));
#5982=CARTESIAN_POINT('Origin',(-5.74999999999994,29.,-50.25));
#5983=CARTESIAN_POINT('Origin',(-180.25,29.,-50.2499999999999));
#5984=CARTESIAN_POINT('',(-178.25,29.,-50.2499999999999));
#5985=CARTESIAN_POINT('',(-178.25,29.,-50.2499999999999));
#5986=CARTESIAN_POINT('Origin',(-180.25,29.,-50.2499999999999));
#5987=CARTESIAN_POINT('Origin',(-5.74999999999993,29.,50.2500000000001));
#5988=CARTESIAN_POINT('',(-3.74999999999993,29.,50.2500000000001));
#5989=CARTESIAN_POINT('',(-3.74999999999993,29.,50.2500000000001));
#5990=CARTESIAN_POINT('Origin',(-5.74999999999993,29.,50.2500000000001));
#5991=CARTESIAN_POINT('Origin',(-180.25,29.,50.2500000000001));
#5992=CARTESIAN_POINT('',(-178.25,29.,50.2500000000001));
#5993=CARTESIAN_POINT('',(-178.25,29.,50.2500000000001));
#5994=CARTESIAN_POINT('Origin',(-180.25,29.,50.2500000000001));
#5995=CARTESIAN_POINT('Origin',(-181.073166036464,3.,44.5004118029595));
#5996=CARTESIAN_POINT('',(-183.,29.,44.5004118029595));
#5997=CARTESIAN_POINT('',(-181.073166036464,29.,44.5004118029595));
#5998=CARTESIAN_POINT('',(-137.036583018232,29.,44.5004118029595));
#5999=CARTESIAN_POINT('',(-181.073166036464,3.,44.5004118029595));
#6000=CARTESIAN_POINT('',(-183.,1.5,44.5004118029595));
#6001=CARTESIAN_POINT('Origin',(-181.,3.,51.));
#6002=CARTESIAN_POINT('',(-174.502371696064,29.,50.8244254463669));
#6003=CARTESIAN_POINT('Origin',(-181.,29.,51.));
#6004=CARTESIAN_POINT('',(-174.502371696064,3.,50.8244254463669));
#6005=CARTESIAN_POINT('Origin',(-174.502371696064,3.,53.));
#6006=CARTESIAN_POINT('',(-174.502371696064,29.,26.5));
#6007=CARTESIAN_POINT('Origin',(-2.99999999999998,3.,44.5004118029593));
#6008=CARTESIAN_POINT('',(-5.07316603645177,29.,44.5004118029593));
#6009=CARTESIAN_POINT('',(-48.0000000000004,29.,44.5004118029586));
#6010=CARTESIAN_POINT('',(-5.07316603645177,3.,44.5004118029593));
#6011=CARTESIAN_POINT('Origin',(-4.99999999999997,3.,51.));
#6012=CARTESIAN_POINT('',(-11.5,29.,51.));
#6013=CARTESIAN_POINT('Origin',(-4.99999999999997,29.,51.));
#6014=CARTESIAN_POINT('',(-11.5,3.,51.));
#6015=CARTESIAN_POINT('Origin',(-11.5,3.,51.));
#6016=CARTESIAN_POINT('',(-11.5000000000001,29.,25.4999999999998));
#6017=CARTESIAN_POINT('Origin',(-183.,3.,-44.5121577377715));
#6018=CARTESIAN_POINT('',(-181.397369828297,29.,-44.5121577377714));
#6019=CARTESIAN_POINT('',(-183.,29.,-44.5121577377714));
#6020=CARTESIAN_POINT('',(-137.999999999999,29.,-44.5121577377705));
#6021=CARTESIAN_POINT('',(-183.,1.5,-44.5121577377715));
#6022=CARTESIAN_POINT('',(-181.397369828297,3.,-44.5121577377714));
#6023=CARTESIAN_POINT('Origin',(-174.502371696064,3.,-50.824425446364));
#6024=CARTESIAN_POINT('',(-174.502371696064,29.,-50.824425446364));
#6025=CARTESIAN_POINT('',(-174.502371696064,29.,-25.412212723182));
#6026=CARTESIAN_POINT('',(-174.502371696064,3.,-50.824425446364));
#6027=CARTESIAN_POINT('Origin',(-181.,3.,-51.));
#6028=CARTESIAN_POINT('Origin',(-181.,29.,-51.));
#6029=CARTESIAN_POINT('Origin',(-11.5,3.,-53.));
#6030=CARTESIAN_POINT('',(-11.5,29.,-51.));
#6031=CARTESIAN_POINT('',(-11.5,29.,-53.));
#6032=CARTESIAN_POINT('',(-11.5,29.,-26.5));
#6033=CARTESIAN_POINT('',(-11.5,1.5,-53.));
#6034=CARTESIAN_POINT('',(-11.5,3.,-51.));
#6035=CARTESIAN_POINT('Origin',(-5.00000000000002,3.,-51.));
#6036=CARTESIAN_POINT('Origin',(-5.00000000000002,29.,-51.));
#6037=CARTESIAN_POINT('Origin',(-149.,2.5,46.0000000000001));
#6038=CARTESIAN_POINT('',(-146.9,2.5,46.0000000000001));
#6039=CARTESIAN_POINT('Origin',(-149.,2.5,46.0000000000001));
#6040=CARTESIAN_POINT('Origin',(-17.,2.5,46.));
#6041=CARTESIAN_POINT('',(-14.8999999999999,2.5,46.));
#6042=CARTESIAN_POINT('Origin',(-17.,2.5,46.));
#6043=CARTESIAN_POINT('Origin',(-149.,2.5,-46.));
#6044=CARTESIAN_POINT('',(-146.9,2.5,-46.));
#6045=CARTESIAN_POINT('Origin',(-149.,2.5,-46.));
#6046=CARTESIAN_POINT('Origin',(-17.,2.5,-46.));
#6047=CARTESIAN_POINT('',(-14.9,2.5,-46.));
#6048=CARTESIAN_POINT('Origin',(-17.,2.5,-46.));
#6049=CARTESIAN_POINT('Origin',(-17.,3.,46.));
#6050=CARTESIAN_POINT('',(-14.8999999999999,8.,46.));
#6051=CARTESIAN_POINT('Origin',(-17.,8.,46.));
#6052=CARTESIAN_POINT('',(-14.8999999999999,3.,46.));
#6053=CARTESIAN_POINT('Origin',(-17.,3.,46.));
#6054=CARTESIAN_POINT('',(-12.9999999999999,8.,46.));
#6055=CARTESIAN_POINT('',(-21.,8.,46.));
#6056=CARTESIAN_POINT('Origin',(-17.,8.,46.));
#6057=CARTESIAN_POINT('Origin',(-17.,8.,46.));
#6058=CARTESIAN_POINT('',(-21.,3.,46.));
#6059=CARTESIAN_POINT('Origin',(-17.,8.,46.));
#6060=CARTESIAN_POINT('Origin',(-149.,3.,46.0000000000001));
#6061=CARTESIAN_POINT('',(-146.9,8.,46.0000000000001));
#6062=CARTESIAN_POINT('Origin',(-149.,8.,46.0000000000001));
#6063=CARTESIAN_POINT('',(-146.9,3.,46.0000000000001));
#6064=CARTESIAN_POINT('Origin',(-149.,3.,46.0000000000001));
#6065=CARTESIAN_POINT('',(-145.,8.,46.0000000000001));
#6066=CARTESIAN_POINT('',(-153.,8.,46.0000000000001));
#6067=CARTESIAN_POINT('Origin',(-149.,8.,46.0000000000001));
#6068=CARTESIAN_POINT('Origin',(-149.,8.,46.0000000000001));
#6069=CARTESIAN_POINT('',(-153.,3.,46.0000000000001));
#6070=CARTESIAN_POINT('Origin',(-149.,8.,46.0000000000001));
#6071=CARTESIAN_POINT('Origin',(-17.,3.,-46.));
#6072=CARTESIAN_POINT('',(-14.9,8.,-46.));
#6073=CARTESIAN_POINT('Origin',(-17.,8.,-46.));
#6074=CARTESIAN_POINT('',(-14.9,3.,-46.));
#6075=CARTESIAN_POINT('Origin',(-17.,3.,-46.));
#6076=CARTESIAN_POINT('',(-13.,8.,-46.));
#6077=CARTESIAN_POINT('',(-21.,8.,-46.));
#6078=CARTESIAN_POINT('Origin',(-17.,8.,-46.));
#6079=CARTESIAN_POINT('Origin',(-17.,8.,-46.));
#6080=CARTESIAN_POINT('',(-21.,3.,-46.));
#6081=CARTESIAN_POINT('Origin',(-17.,8.,-46.));
#6082=CARTESIAN_POINT('Origin',(-149.,3.,-46.));
#6083=CARTESIAN_POINT('',(-146.9,8.,-46.));
#6084=CARTESIAN_POINT('Origin',(-149.,8.,-46.));
#6085=CARTESIAN_POINT('',(-146.9,3.,-46.));
#6086=CARTESIAN_POINT('Origin',(-149.,3.,-46.));
#6087=CARTESIAN_POINT('',(-145.,8.,-46.));
#6088=CARTESIAN_POINT('',(-153.,8.,-46.));
#6089=CARTESIAN_POINT('Origin',(-149.,8.,-46.));
#6090=CARTESIAN_POINT('Origin',(-149.,8.,-46.));
#6091=CARTESIAN_POINT('',(-153.,3.,-46.));
#6092=CARTESIAN_POINT('Origin',(-149.,8.,-46.));
#6093=CARTESIAN_POINT('Origin',(-68.,28.,-176.));
#6094=CARTESIAN_POINT('',(-95.2699929279481,28.,-54.2943402756977));
#6095=CARTESIAN_POINT('',(-40.7300070720519,28.,-54.2943402756977));
#6096=CARTESIAN_POINT('Origin',(-68.,28.,-176.));
#6097=CARTESIAN_POINT('',(-95.2699929279481,29.,-54.2943402756977));
#6098=CARTESIAN_POINT('',(-95.2699929279481,28.,-54.2943402756977));
#6099=CARTESIAN_POINT('',(-40.7300070720519,29.,-54.2943402756977));
#6100=CARTESIAN_POINT('Origin',(-68.,29.,-176.));
#6101=CARTESIAN_POINT('',(-40.7300070720519,28.,-54.2943402756977));
#6102=CARTESIAN_POINT('Origin',(-38.8715347448598,28.,-46.));
#6103=CARTESIAN_POINT('',(-38.8715347448598,28.,-54.5));
#6104=CARTESIAN_POINT('Origin',(-38.8715347448598,28.,-46.));
#6105=CARTESIAN_POINT('',(-38.8715347448598,29.,-54.5));
#6106=CARTESIAN_POINT('Origin',(-38.8715347448598,29.,-46.));
#6107=CARTESIAN_POINT('',(-38.8715347448598,28.,-54.5));
#6108=CARTESIAN_POINT('Origin',(-5.00000000000002,28.,-54.5));
#6109=CARTESIAN_POINT('',(-5.00000000000002,28.,-54.5));
#6110=CARTESIAN_POINT('',(-49.,28.,-54.5));
#6111=CARTESIAN_POINT('',(-5.00000000000002,29.,-54.5));
#6112=CARTESIAN_POINT('',(-5.00000000000002,29.,-54.5));
#6113=CARTESIAN_POINT('',(-5.00000000000002,28.,-54.5));
#6114=CARTESIAN_POINT('Origin',(-5.00000000000002,28.,-51.));
#6115=CARTESIAN_POINT('',(-1.50000000000002,28.,-51.));
#6116=CARTESIAN_POINT('Origin',(-5.00000000000002,28.,-51.));
#6117=CARTESIAN_POINT('',(-1.50000000000002,29.,-51.));
#6118=CARTESIAN_POINT('Origin',(-5.00000000000002,29.,-51.));
#6119=CARTESIAN_POINT('',(-1.50000000000002,28.,-51.));
#6120=CARTESIAN_POINT('Origin',(-1.49999999999998,28.,51.));
#6121=CARTESIAN_POINT('',(-1.49999999999998,28.,51.));
#6122=CARTESIAN_POINT('',(-1.49999999999999,28.,25.5));
#6123=CARTESIAN_POINT('',(-1.49999999999999,29.,51.));
#6124=CARTESIAN_POINT('',(-1.49999999999998,29.,51.));
#6125=CARTESIAN_POINT('',(-1.49999999999998,28.,51.));
#6126=CARTESIAN_POINT('Origin',(-4.99999999999998,28.,51.));
#6127=CARTESIAN_POINT('',(-4.99999999999998,28.,54.4999999999999));
#6128=CARTESIAN_POINT('Origin',(-4.99999999999998,28.,51.));
#6129=CARTESIAN_POINT('',(-4.99999999999998,29.,54.4999999999999));
#6130=CARTESIAN_POINT('Origin',(-4.99999999999998,29.,51.));
#6131=CARTESIAN_POINT('',(-4.99999999999998,28.,54.4999999999999));
#6132=CARTESIAN_POINT('Origin',(-38.8715347448597,28.,54.4999999999999));
#6133=CARTESIAN_POINT('',(-38.8715347448597,28.,54.4999999999999));
#6134=CARTESIAN_POINT('',(-65.9357673724299,28.,54.4999999999999));
#6135=CARTESIAN_POINT('',(-38.8715347448597,29.,54.4999999999999));
#6136=CARTESIAN_POINT('',(-38.8715347448597,29.,54.4999999999999));
#6137=CARTESIAN_POINT('',(-38.8715347448597,28.,54.4999999999999));
#6138=CARTESIAN_POINT('Origin',(-38.8715347448597,28.,46.));
#6139=CARTESIAN_POINT('',(-40.7300070720518,28.,54.2943402756977));
#6140=CARTESIAN_POINT('Origin',(-38.8715347448597,28.,46.));
#6141=CARTESIAN_POINT('',(-40.7300070720518,29.,54.2943402756977));
#6142=CARTESIAN_POINT('Origin',(-38.8715347448597,29.,46.));
#6143=CARTESIAN_POINT('',(-40.7300070720518,28.,54.2943402756977));
#6144=CARTESIAN_POINT('Origin',(-68.,28.,176.));
#6145=CARTESIAN_POINT('',(-95.2699929279481,28.,54.2943402756977));
#6146=CARTESIAN_POINT('Origin',(-68.,28.,176.));
#6147=CARTESIAN_POINT('',(-95.2699929279481,29.,54.2943402756977));
#6148=CARTESIAN_POINT('Origin',(-68.,29.,176.));
#6149=CARTESIAN_POINT('',(-95.2699929279481,28.,54.2943402756977));
#6150=CARTESIAN_POINT('Origin',(-97.1284652551402,28.,46.));
#6151=CARTESIAN_POINT('',(-97.1284652551402,28.,54.5));
#6152=CARTESIAN_POINT('Origin',(-97.1284652551402,28.,46.));
#6153=CARTESIAN_POINT('',(-97.1284652551402,29.,54.5));
#6154=CARTESIAN_POINT('Origin',(-97.1284652551402,29.,46.));
#6155=CARTESIAN_POINT('',(-97.1284652551402,28.,54.5));
#6156=CARTESIAN_POINT('Origin',(-181.,28.,54.5));
#6157=CARTESIAN_POINT('',(-181.,28.,54.5));
#6158=CARTESIAN_POINT('',(-137.,28.,54.5));
#6159=CARTESIAN_POINT('',(-181.,29.,54.5));
#6160=CARTESIAN_POINT('',(-181.,29.,54.5));
#6161=CARTESIAN_POINT('',(-181.,28.,54.5));
#6162=CARTESIAN_POINT('Origin',(-181.,28.,51.));
#6163=CARTESIAN_POINT('',(-184.5,28.,51.));
#6164=CARTESIAN_POINT('Origin',(-181.,28.,51.));
#6165=CARTESIAN_POINT('',(-184.5,29.,51.));
#6166=CARTESIAN_POINT('Origin',(-181.,29.,51.));
#6167=CARTESIAN_POINT('',(-184.5,28.,51.));
#6168=CARTESIAN_POINT('Origin',(-184.5,28.,-51.));
#6169=CARTESIAN_POINT('',(-184.5,28.,-51.));
#6170=CARTESIAN_POINT('',(-184.5,28.,-25.5));
#6171=CARTESIAN_POINT('',(-184.5,29.,-51.));
#6172=CARTESIAN_POINT('',(-184.5,29.,-51.));
#6173=CARTESIAN_POINT('',(-184.5,28.,-51.));
#6174=CARTESIAN_POINT('Origin',(-181.,28.,-51.));
#6175=CARTESIAN_POINT('',(-181.,28.,-54.5));
#6176=CARTESIAN_POINT('Origin',(-181.,28.,-51.));
#6177=CARTESIAN_POINT('',(-181.,29.,-54.5));
#6178=CARTESIAN_POINT('Origin',(-181.,29.,-51.));
#6179=CARTESIAN_POINT('',(-181.,28.,-54.5));
#6180=CARTESIAN_POINT('Origin',(-97.1284652551402,28.,-54.5));
#6181=CARTESIAN_POINT('',(-97.1284652551402,28.,-54.5));
#6182=CARTESIAN_POINT('',(-95.0642326275701,28.,-54.5));
#6183=CARTESIAN_POINT('',(-97.1284652551402,29.,-54.5));
#6184=CARTESIAN_POINT('',(-97.1284652551402,29.,-54.5));
#6185=CARTESIAN_POINT('',(-97.1284652551402,28.,-54.5));
#6186=CARTESIAN_POINT('Origin',(-97.1284652551402,28.,-46.));
#6187=CARTESIAN_POINT('Origin',(-97.1284652551402,28.,-46.));
#6188=CARTESIAN_POINT('Origin',(-97.1284652551402,29.,-46.));
#6189=CARTESIAN_POINT('Origin',(-93.,29.,0.));
#6190=CARTESIAN_POINT('',(-38.8715347448598,29.,-53.));
#6191=CARTESIAN_POINT('Origin',(-38.8715347448598,29.,-46.));
#6192=CARTESIAN_POINT('',(-38.8715347448598,29.,-53.));
#6193=CARTESIAN_POINT('Origin',(-38.8715347448597,29.,46.));
#6194=CARTESIAN_POINT('Origin',(-97.1284652551402,29.,46.));
#6195=CARTESIAN_POINT('',(-183.,29.,51.));
#6196=CARTESIAN_POINT('Origin',(-97.1284652551402,29.,-46.));
#6197=CARTESIAN_POINT('Origin',(-181.,1.,-51.));
#6198=CARTESIAN_POINT('',(-181.,1.,-56.));
#6199=CARTESIAN_POINT('',(-181.,0.,-55.));
#6200=CARTESIAN_POINT('Origin',(-181.,1.,-55.));
#6201=CARTESIAN_POINT('',(-185.,0.,-51.));
#6202=CARTESIAN_POINT('Origin',(-181.,0.,-51.));
#6203=CARTESIAN_POINT('',(-186.,1.,-51.));
#6204=CARTESIAN_POINT('Origin',(-185.,1.,-51.));
#6205=CARTESIAN_POINT('Origin',(-181.,1.,-51.));
#6206=CARTESIAN_POINT('Origin',(-185.,1.,-28.));
#6207=CARTESIAN_POINT('',(-185.,0.,51.));
#6208=CARTESIAN_POINT('',(-186.,1.,51.));
#6209=CARTESIAN_POINT('Origin',(-185.,1.,51.));
#6210=CARTESIAN_POINT('',(-186.,1.,-28.));
#6211=CARTESIAN_POINT('',(-185.,0.,-28.));
#6212=CARTESIAN_POINT('Origin',(-181.,1.,51.));
#6213=CARTESIAN_POINT('',(-181.,0.,55.));
#6214=CARTESIAN_POINT('',(-181.,1.,56.));
#6215=CARTESIAN_POINT('Origin',(-181.,1.,55.));
#6216=CARTESIAN_POINT('Origin',(-181.,1.,51.));
#6217=CARTESIAN_POINT('Origin',(-181.,0.,51.));
#6218=CARTESIAN_POINT('Origin',(-139.5,1.,55.));
#6219=CARTESIAN_POINT('',(-97.1284652551402,0.,55.));
#6220=CARTESIAN_POINT('',(-97.1284652551402,1.,56.));
#6221=CARTESIAN_POINT('Origin',(-97.1284652551402,1.,55.));
#6222=CARTESIAN_POINT('',(-139.5,1.,56.));
#6223=CARTESIAN_POINT('',(-139.5,0.,55.));
#6224=CARTESIAN_POINT('Origin',(-97.1284652551402,1.,46.));
#6225=CARTESIAN_POINT('',(-95.1606710263486,0.,54.7822426448564));
#6226=CARTESIAN_POINT('',(-94.9420272231495,1.,55.7580473831738));
#6227=CARTESIAN_POINT('Origin',(-95.1606710263486,1.,54.7822426448564));
#6228=CARTESIAN_POINT('Origin',(-97.1284652551402,1.,46.));
#6229=CARTESIAN_POINT('Origin',(-97.1284652551402,0.,46.));
#6230=CARTESIAN_POINT('Origin',(-68.,1.,176.));
#6231=CARTESIAN_POINT('',(-40.8393289736514,0.,54.7822426448564));
#6232=CARTESIAN_POINT('',(-41.0579727768504,1.,55.7580473831738));
#6233=CARTESIAN_POINT('Origin',(-40.8393289736514,1.,54.7822426448564));
#6234=CARTESIAN_POINT('Origin',(-68.,1.,176.));
#6235=CARTESIAN_POINT('Origin',(-68.,0.,176.));
#6236=CARTESIAN_POINT('Origin',(-38.8715347448597,1.,46.));
#6237=CARTESIAN_POINT('',(-38.8715347448597,0.,55.));
#6238=CARTESIAN_POINT('',(-38.8715347448597,1.,56.));
#6239=CARTESIAN_POINT('Origin',(-38.8715347448597,1.,55.));
#6240=CARTESIAN_POINT('Origin',(-38.8715347448597,1.,46.));
#6241=CARTESIAN_POINT('Origin',(-38.8715347448597,0.,46.));
#6242=CARTESIAN_POINT('Origin',(-66.4999999999999,1.,55.));
#6243=CARTESIAN_POINT('',(-4.99999999999998,0.,55.));
#6244=CARTESIAN_POINT('',(-4.99999999999998,1.,56.));
#6245=CARTESIAN_POINT('Origin',(-4.99999999999998,1.,55.));
#6246=CARTESIAN_POINT('',(-66.4999999999999,1.,56.));
#6247=CARTESIAN_POINT('',(-66.4999999999999,0.,55.));
#6248=CARTESIAN_POINT('Origin',(-4.99999999999998,1.,51.));
#6249=CARTESIAN_POINT('',(-0.999999999999986,0.,51.));
#6250=CARTESIAN_POINT('',(1.66533453693773E-14,1.,51.));
#6251=CARTESIAN_POINT('Origin',(-0.999999999999986,1.,51.));
#6252=CARTESIAN_POINT('Origin',(-4.99999999999998,1.,51.));
#6253=CARTESIAN_POINT('Origin',(-4.99999999999998,0.,51.));
#6254=CARTESIAN_POINT('Origin',(-0.999999999999988,1.,28.));
#6255=CARTESIAN_POINT('',(-1.00000000000001,0.,-51.));
#6256=CARTESIAN_POINT('',(-1.66533453693773E-14,1.,-51.));
#6257=CARTESIAN_POINT('Origin',(-1.00000000000001,1.,-51.));
#6258=CARTESIAN_POINT('',(8.88178419700125E-15,1.,28.));
#6259=CARTESIAN_POINT('',(-0.999999999999988,0.,28.));
#6260=CARTESIAN_POINT('Origin',(-5.00000000000002,1.,-51.));
#6261=CARTESIAN_POINT('',(-5.00000000000002,0.,-55.));
#6262=CARTESIAN_POINT('',(-5.00000000000001,1.,-56.));
#6263=CARTESIAN_POINT('Origin',(-5.00000000000002,1.,-55.));
#6264=CARTESIAN_POINT('Origin',(-5.00000000000002,1.,-51.));
#6265=CARTESIAN_POINT('Origin',(-5.00000000000002,0.,-51.));
#6266=CARTESIAN_POINT('Origin',(-46.5,1.,-55.));
#6267=CARTESIAN_POINT('',(-38.8715347448598,0.,-55.));
#6268=CARTESIAN_POINT('',(-38.8715347448598,1.,-56.));
#6269=CARTESIAN_POINT('Origin',(-38.8715347448598,1.,-55.));
#6270=CARTESIAN_POINT('',(-46.5,1.,-56.));
#6271=CARTESIAN_POINT('',(-46.5,0.,-55.));
#6272=CARTESIAN_POINT('Origin',(-38.8715347448598,1.,-46.));
#6273=CARTESIAN_POINT('',(-40.8393289736515,0.,-54.7822426448564));
#6274=CARTESIAN_POINT('',(-41.0579727768505,1.,-55.7580473831738));
#6275=CARTESIAN_POINT('Origin',(-40.8393289736515,1.,-54.7822426448564));
#6276=CARTESIAN_POINT('Origin',(-38.8715347448598,1.,-46.));
#6277=CARTESIAN_POINT('Origin',(-38.8715347448598,0.,-46.));
#6278=CARTESIAN_POINT('Origin',(-68.,1.,-176.));
#6279=CARTESIAN_POINT('',(-95.1606710263485,0.,-54.7822426448564));
#6280=CARTESIAN_POINT('',(-94.9420272231495,1.,-55.7580473831738));
#6281=CARTESIAN_POINT('Origin',(-95.1606710263485,1.,-54.7822426448564));
#6282=CARTESIAN_POINT('Origin',(-68.,1.,-176.));
#6283=CARTESIAN_POINT('Origin',(-68.,0.,-176.));
#6284=CARTESIAN_POINT('Origin',(-97.1284652551402,1.,-46.));
#6285=CARTESIAN_POINT('',(-97.1284652551402,0.,-55.));
#6286=CARTESIAN_POINT('',(-97.1284652551402,1.,-56.));
#6287=CARTESIAN_POINT('Origin',(-97.1284652551402,1.,-55.));
#6288=CARTESIAN_POINT('Origin',(-97.1284652551402,1.,-46.));
#6289=CARTESIAN_POINT('Origin',(-97.1284652551402,0.,-46.));
#6290=CARTESIAN_POINT('Origin',(-94.5,1.,-55.));
#6291=CARTESIAN_POINT('',(-94.5,1.,-56.));
#6292=CARTESIAN_POINT('',(-94.5,0.,-55.));
#6293=CARTESIAN_POINT('Origin',(1.77635683940025E-14,0.,56.));
#6294=CARTESIAN_POINT('',(-1.61775355016809E-14,28.,-51.));
#6295=CARTESIAN_POINT('',(-1.66533453693773E-14,0.,-51.));
#6296=CARTESIAN_POINT('',(1.61775355016809E-14,28.,51.));
#6297=CARTESIAN_POINT('',(1.77635683940025E-14,28.,56.));
#6298=CARTESIAN_POINT('',(1.66533453693773E-14,0.,51.));
#6299=CARTESIAN_POINT('Origin',(-5.00000000000002,0.,-51.));
#6300=CARTESIAN_POINT('',(-5.00000000000001,28.,-56.));
#6301=CARTESIAN_POINT('',(-5.00000000000001,0.,-56.));
#6302=CARTESIAN_POINT('Origin',(-5.00000000000002,28.,-51.));
#6303=CARTESIAN_POINT('Origin',(1.77635683940025E-14,0.,-56.));
#6304=CARTESIAN_POINT('',(-38.8715347448598,28.,-56.));
#6305=CARTESIAN_POINT('',(-38.8715347448598,0.,-56.));
#6306=CARTESIAN_POINT('',(1.77635683940025E-14,28.,-56.));
#6307=CARTESIAN_POINT('Origin',(-38.8715347448598,0.,-46.));
#6308=CARTESIAN_POINT('',(-41.0579727768505,28.,-55.7580473831738));
#6309=CARTESIAN_POINT('',(-41.0579727768505,0.,-55.7580473831738));
#6310=CARTESIAN_POINT('Origin',(-38.8715347448598,28.,-46.));
#6311=CARTESIAN_POINT('Origin',(-68.,0.,-176.));
#6312=CARTESIAN_POINT('',(-94.9420272231495,28.,-55.7580473831738));
#6313=CARTESIAN_POINT('',(-94.9420272231495,0.,-55.7580473831738));
#6314=CARTESIAN_POINT('Origin',(-68.,28.,-176.));
#6315=CARTESIAN_POINT('Origin',(-97.1284652551402,0.,-46.));
#6316=CARTESIAN_POINT('',(-97.1284652551402,28.,-56.));
#6317=CARTESIAN_POINT('',(-97.1284652551402,0.,-56.));
#6318=CARTESIAN_POINT('Origin',(-97.1284652551402,28.,-46.));
#6319=CARTESIAN_POINT('Origin',(-96.,0.,-56.));
#6320=CARTESIAN_POINT('',(-181.,28.,-56.));
#6321=CARTESIAN_POINT('',(-181.,0.,-56.));
#6322=CARTESIAN_POINT('',(-96.,28.,-56.));
#6323=CARTESIAN_POINT('Origin',(-181.,0.,-51.));
#6324=CARTESIAN_POINT('',(-186.,28.,-51.));
#6325=CARTESIAN_POINT('',(-186.,0.,-51.));
#6326=CARTESIAN_POINT('Origin',(-181.,28.,-51.));
#6327=CARTESIAN_POINT('Origin',(-93.,0.,0.));
#6328=CARTESIAN_POINT('Origin',(-97.1284652551402,0.,-46.));
#6329=CARTESIAN_POINT('Origin',(-38.8715347448598,0.,-46.));
#6330=CARTESIAN_POINT('',(-38.8715347448598,28.,-53.));
#6331=CARTESIAN_POINT('Origin',(-38.8715347448597,0.,46.));
#6332=CARTESIAN_POINT('Origin',(-97.1284652551402,0.,46.));
#6333=CARTESIAN_POINT('Origin',(-183.,0.,-56.));
#6334=CARTESIAN_POINT('Origin',(1.64313007644523E-14,0.,-53.));
#6335=CARTESIAN_POINT('Origin',(-38.8715347448597,0.,46.));
#6336=CARTESIAN_POINT('',(-38.8715347448597,28.,56.));
#6337=CARTESIAN_POINT('',(-38.8715347448597,0.,56.));
#6338=CARTESIAN_POINT('',(-41.0579727768504,28.,55.7580473831738));
#6339=CARTESIAN_POINT('Origin',(-38.8715347448597,28.,46.));
#6340=CARTESIAN_POINT('',(-41.0579727768504,0.,55.7580473831738));
#6341=CARTESIAN_POINT('Origin',(-68.,0.,176.));
#6342=CARTESIAN_POINT('',(-94.9420272231495,28.,55.7580473831738));
#6343=CARTESIAN_POINT('Origin',(-68.,28.,176.));
#6344=CARTESIAN_POINT('',(-94.9420272231495,0.,55.7580473831738));
#6345=CARTESIAN_POINT('Origin',(-97.1284652551402,0.,46.));
#6346=CARTESIAN_POINT('',(-97.1284652551402,28.,56.));
#6347=CARTESIAN_POINT('Origin',(-97.1284652551402,28.,46.));
#6348=CARTESIAN_POINT('',(-97.1284652551402,0.,56.));
#6349=CARTESIAN_POINT('Origin',(-186.,0.,-56.));
#6350=CARTESIAN_POINT('',(-186.,28.,51.));
#6351=CARTESIAN_POINT('',(-186.,0.,51.));
#6352=CARTESIAN_POINT('',(-186.,28.,-56.));
#6353=CARTESIAN_POINT('Origin',(-4.99999999999998,0.,51.));
#6354=CARTESIAN_POINT('',(-4.99999999999998,28.,56.));
#6355=CARTESIAN_POINT('Origin',(-4.99999999999998,28.,51.));
#6356=CARTESIAN_POINT('',(-4.99999999999998,0.,56.));
#6357=CARTESIAN_POINT('Origin',(-181.,0.,51.));
#6358=CARTESIAN_POINT('',(-181.,28.,56.));
#6359=CARTESIAN_POINT('',(-181.,0.,56.));
#6360=CARTESIAN_POINT('Origin',(-181.,28.,51.));
#6361=CARTESIAN_POINT('Origin',(-186.,0.,56.));
#6362=CARTESIAN_POINT('',(-186.,28.,56.));
#6363=CARTESIAN_POINT('Origin',(-39.9999999999999,0.,56.));
#6364=CARTESIAN_POINT('',(-40.,28.,56.));
#6365=CARTESIAN_POINT('Origin',(-93.,28.,0.));
#6366=UNCERTAINTY_MEASURE_WITH_UNIT(LENGTH_MEASURE(0.01),#6370,
'DISTANCE_ACCURACY_VALUE',
'Maximum model space distance between geometric entities at asserted c
onnectivities');
#6367=UNCERTAINTY_MEASURE_WITH_UNIT(LENGTH_MEASURE(0.01),#6370,
'DISTANCE_ACCURACY_VALUE',
'Maximum model space distance between geometric entities at asserted c
onnectivities');
#6368=(
GEOMETRIC_REPRESENTATION_CONTEXT(3)
GLOBAL_UNCERTAINTY_ASSIGNED_CONTEXT((#6366))
GLOBAL_UNIT_ASSIGNED_CONTEXT((#6370,#6372,#6373))
REPRESENTATION_CONTEXT('','3D')
);
#6369=(
GEOMETRIC_REPRESENTATION_CONTEXT(3)
GLOBAL_UNCERTAINTY_ASSIGNED_CONTEXT((#6367))
GLOBAL_UNIT_ASSIGNED_CONTEXT((#6370,#6372,#6373))
REPRESENTATION_CONTEXT('','3D')
);
#6370=(
LENGTH_UNIT()
NAMED_UNIT(*)
SI_UNIT(.MILLI.,.METRE.)
);
#6371=(
LENGTH_UNIT()
NAMED_UNIT(*)
SI_UNIT(.CENTI.,.METRE.)
);
#6372=(
NAMED_UNIT(*)
PLANE_ANGLE_UNIT()
SI_UNIT($,.RADIAN.)
);
#6373=(
NAMED_UNIT(*)
SI_UNIT($,.STERADIAN.)
SOLID_ANGLE_UNIT()
);
#6374=SHAPE_DEFINITION_REPRESENTATION(#6375,#6376);
#6375=PRODUCT_DEFINITION_SHAPE('',$,#6378);
#6376=SHAPE_REPRESENTATION('',(#3639),#6368);
#6377=PRODUCT_DEFINITION_CONTEXT('part definition',#6382,'design');
#6378=PRODUCT_DEFINITION('H\X2\1ED9\X0\p Master','H\X2\1ED9\X0\p Maste
r',#6379,#6377);
#6379=PRODUCT_DEFINITION_FORMATION('',$,#6384);
#6380=PRODUCT_RELATED_PRODUCT_CATEGORY('H\X2\1ED9\X0\p Master',
'H\X2\1ED9\X0\p Master',(#6384));
#6381=APPLICATION_PROTOCOL_DEFINITION('international standard',
'automotive_design',2009,#6382);
#6382=APPLICATION_CONTEXT(
'Core Data for Automotive Mechanical Design Process');
#6383=PRODUCT_CONTEXT('part definition',#6382,'mechanical');
#6384=PRODUCT('H\X2\1ED9\X0\p Master','H\X2\1ED9\X0\p Master',$,(#6383));
#6385=PRESENTATION_STYLE_ASSIGNMENT((#6386));
#6386=SURFACE_STYLE_USAGE(.BOTH.,#6389);
#6387=SURFACE_STYLE_RENDERING_WITH_PROPERTIES($,#6393,(#6388));
#6388=SURFACE_STYLE_TRANSPARENT(0.);
#6389=SURFACE_SIDE_STYLE('',(#6390,#6387));
#6390=SURFACE_STYLE_FILL_AREA(#6391);
#6391=FILL_AREA_STYLE('',(#6392));
#6392=FILL_AREA_STYLE_COLOUR('',#6393);
#6393=COLOUR_RGB('',0.0941176470588235,0.145098039215686,0.972549019607843);
ENDSEC;
END-ISO-10303-21;
