ISO-10303-21;
HEADER;
/* Generated by software containing ST-Developer
 * from STEP Tools, Inc. (www.steptools.com) 
 */

FILE_DESCRIPTION(
/* description */ (''),
/* implementation_level */ '2;1');

FILE_NAME(
/* name */ 
'D:\\6. THI\\12. H\X2\1ED9\X0\p EVN\\12. H\X2\1ED9\X0\p EVN\\Master\\M
aster_G\X2\1EED\X0\i Kh\X\E1ch_26.07.14\\3D Step\\N\X2\1EAF\X0\p Maste
r_SLA_M\X\E0u xanh C\X\F4 ban_SL01.stp',
/* time_stamp */ '2026-07-14T08:33:11+07:00',
/* author */ ('PC'),
/* organization */ (''),
/* preprocessor_version */ 'ST-DEVELOPER v18',
/* originating_system */ 'Autodesk Inventor 2020',
/* authorisation */ '');

FILE_SCHEMA (('AUTOMOTIVE_DESIGN { 1 0 10303 214 3 1 1 }'));
ENDSEC;

DATA;
#10=MECHANICAL_DESIGN_GEOMETRIC_PRESENTATION_REPRESENTATION('',(#13),#3687);
#11=SHAPE_REPRESENTATION_RELATIONSHIP('SRR','None',#3694,#12);
#12=ADVANCED_BREP_SHAPE_REPRESENTATION('',(#14),#3686);
#13=STYLED_ITEM('',(#3703),#14);
#14=MANIFOLD_SOLID_BREP('Solid1',#2081);
#15=TOROIDAL_SURFACE('',#2305,4.,1.);
#16=TOROIDAL_SURFACE('',#2311,4.,1.);
#17=TOROIDAL_SURFACE('',#2316,9.,1.);
#18=TOROIDAL_SURFACE('',#2319,124.223374405995,1.);
#19=TOROIDAL_SURFACE('',#2322,9.,1.);
#20=TOROIDAL_SURFACE('',#2327,4.,1.);
#21=TOROIDAL_SURFACE('',#2332,4.,1.);
#22=TOROIDAL_SURFACE('',#2337,9.,1.);
#23=TOROIDAL_SURFACE('',#2340,124.223374405995,1.);
#24=TOROIDAL_SURFACE('',#2343,9.,1.);
#25=FACE_BOUND('',#209,.T.);
#26=FACE_BOUND('',#212,.T.);
#27=FACE_BOUND('',#215,.T.);
#28=FACE_BOUND('',#218,.T.);
#29=FACE_BOUND('',#221,.T.);
#30=FACE_BOUND('',#229,.T.);
#31=FACE_BOUND('',#230,.T.);
#32=FACE_BOUND('',#231,.T.);
#33=FACE_BOUND('',#232,.T.);
#34=FACE_BOUND('',#233,.T.);
#35=FACE_BOUND('',#234,.T.);
#36=FACE_BOUND('',#235,.T.);
#37=FACE_BOUND('',#236,.T.);
#38=FACE_BOUND('',#240,.T.);
#39=FACE_BOUND('',#241,.T.);
#40=FACE_BOUND('',#242,.T.);
#41=FACE_BOUND('',#243,.T.);
#42=FACE_BOUND('',#244,.T.);
#43=FACE_BOUND('',#280,.T.);
#44=FACE_BOUND('',#281,.T.);
#45=FACE_BOUND('',#282,.T.);
#46=FACE_BOUND('',#283,.T.);
#47=FACE_BOUND('',#284,.T.);
#48=FACE_BOUND('',#302,.T.);
#49=PLANE('',#2106);
#50=PLANE('',#2114);
#51=PLANE('',#2122);
#52=PLANE('',#2130);
#53=PLANE('',#2138);
#54=PLANE('',#2146);
#55=PLANE('',#2152);
#56=PLANE('',#2159);
#57=PLANE('',#2194);
#58=PLANE('',#2215);
#59=PLANE('',#2216);
#60=PLANE('',#2217);
#61=PLANE('',#2218);
#62=PLANE('',#2221);
#63=PLANE('',#2230);
#64=PLANE('',#2234);
#65=PLANE('',#2238);
#66=PLANE('',#2242);
#67=PLANE('',#2243);
#68=PLANE('',#2246);
#69=PLANE('',#2247);
#70=PLANE('',#2249);
#71=PLANE('',#2252);
#72=PLANE('',#2253);
#73=PLANE('',#2255);
#74=PLANE('',#2256);
#75=PLANE('',#2257);
#76=PLANE('',#2258);
#77=PLANE('',#2259);
#78=PLANE('',#2260);
#79=PLANE('',#2261);
#80=PLANE('',#2268);
#81=PLANE('',#2275);
#82=PLANE('',#2278);
#83=PLANE('',#2281);
#84=PLANE('',#2288);
#85=PLANE('',#2291);
#86=PLANE('',#2294);
#87=PLANE('',#2347);
#88=PLANE('',#2349);
#89=PLANE('',#2353);
#90=PLANE('',#2358);
#91=PLANE('',#2362);
#92=PLANE('',#2366);
#93=PLANE('',#2368);
#94=PLANE('',#2370);
#95=FACE_OUTER_BOUND('',#207,.T.);
#96=FACE_OUTER_BOUND('',#208,.T.);
#97=FACE_OUTER_BOUND('',#210,.T.);
#98=FACE_OUTER_BOUND('',#211,.T.);
#99=FACE_OUTER_BOUND('',#213,.T.);
#100=FACE_OUTER_BOUND('',#214,.T.);
#101=FACE_OUTER_BOUND('',#216,.T.);
#102=FACE_OUTER_BOUND('',#217,.T.);
#103=FACE_OUTER_BOUND('',#219,.T.);
#104=FACE_OUTER_BOUND('',#220,.T.);
#105=FACE_OUTER_BOUND('',#222,.T.);
#106=FACE_OUTER_BOUND('',#223,.T.);
#107=FACE_OUTER_BOUND('',#224,.T.);
#108=FACE_OUTER_BOUND('',#225,.T.);
#109=FACE_OUTER_BOUND('',#226,.T.);
#110=FACE_OUTER_BOUND('',#227,.T.);
#111=FACE_OUTER_BOUND('',#228,.T.);
#112=FACE_OUTER_BOUND('',#237,.T.);
#113=FACE_OUTER_BOUND('',#238,.T.);
#114=FACE_OUTER_BOUND('',#239,.T.);
#115=FACE_OUTER_BOUND('',#245,.T.);
#116=FACE_OUTER_BOUND('',#246,.T.);
#117=FACE_OUTER_BOUND('',#247,.T.);
#118=FACE_OUTER_BOUND('',#248,.T.);
#119=FACE_OUTER_BOUND('',#249,.T.);
#120=FACE_OUTER_BOUND('',#250,.T.);
#121=FACE_OUTER_BOUND('',#251,.T.);
#122=FACE_OUTER_BOUND('',#252,.T.);
#123=FACE_OUTER_BOUND('',#253,.T.);
#124=FACE_OUTER_BOUND('',#254,.T.);
#125=FACE_OUTER_BOUND('',#255,.T.);
#126=FACE_OUTER_BOUND('',#256,.T.);
#127=FACE_OUTER_BOUND('',#257,.T.);
#128=FACE_OUTER_BOUND('',#258,.T.);
#129=FACE_OUTER_BOUND('',#259,.T.);
#130=FACE_OUTER_BOUND('',#260,.T.);
#131=FACE_OUTER_BOUND('',#261,.T.);
#132=FACE_OUTER_BOUND('',#262,.T.);
#133=FACE_OUTER_BOUND('',#263,.T.);
#134=FACE_OUTER_BOUND('',#264,.T.);
#135=FACE_OUTER_BOUND('',#265,.T.);
#136=FACE_OUTER_BOUND('',#266,.T.);
#137=FACE_OUTER_BOUND('',#267,.T.);
#138=FACE_OUTER_BOUND('',#268,.T.);
#139=FACE_OUTER_BOUND('',#269,.T.);
#140=FACE_OUTER_BOUND('',#270,.T.);
#141=FACE_OUTER_BOUND('',#271,.T.);
#142=FACE_OUTER_BOUND('',#272,.T.);
#143=FACE_OUTER_BOUND('',#273,.T.);
#144=FACE_OUTER_BOUND('',#274,.T.);
#145=FACE_OUTER_BOUND('',#275,.T.);
#146=FACE_OUTER_BOUND('',#276,.T.);
#147=FACE_OUTER_BOUND('',#277,.T.);
#148=FACE_OUTER_BOUND('',#278,.T.);
#149=FACE_OUTER_BOUND('',#279,.T.);
#150=FACE_OUTER_BOUND('',#285,.T.);
#151=FACE_OUTER_BOUND('',#286,.T.);
#152=FACE_OUTER_BOUND('',#287,.T.);
#153=FACE_OUTER_BOUND('',#288,.T.);
#154=FACE_OUTER_BOUND('',#289,.T.);
#155=FACE_OUTER_BOUND('',#290,.T.);
#156=FACE_OUTER_BOUND('',#291,.T.);
#157=FACE_OUTER_BOUND('',#292,.T.);
#158=FACE_OUTER_BOUND('',#293,.T.);
#159=FACE_OUTER_BOUND('',#294,.T.);
#160=FACE_OUTER_BOUND('',#295,.T.);
#161=FACE_OUTER_BOUND('',#296,.T.);
#162=FACE_OUTER_BOUND('',#297,.T.);
#163=FACE_OUTER_BOUND('',#298,.T.);
#164=FACE_OUTER_BOUND('',#299,.T.);
#165=FACE_OUTER_BOUND('',#300,.T.);
#166=FACE_OUTER_BOUND('',#301,.T.);
#167=FACE_OUTER_BOUND('',#303,.T.);
#168=FACE_OUTER_BOUND('',#304,.T.);
#169=FACE_OUTER_BOUND('',#305,.T.);
#170=FACE_OUTER_BOUND('',#306,.T.);
#171=FACE_OUTER_BOUND('',#307,.T.);
#172=FACE_OUTER_BOUND('',#308,.T.);
#173=FACE_OUTER_BOUND('',#309,.T.);
#174=FACE_OUTER_BOUND('',#310,.T.);
#175=FACE_OUTER_BOUND('',#311,.T.);
#176=FACE_OUTER_BOUND('',#312,.T.);
#177=FACE_OUTER_BOUND('',#313,.T.);
#178=FACE_OUTER_BOUND('',#314,.T.);
#179=FACE_OUTER_BOUND('',#315,.T.);
#180=FACE_OUTER_BOUND('',#316,.T.);
#181=FACE_OUTER_BOUND('',#317,.T.);
#182=FACE_OUTER_BOUND('',#318,.T.);
#183=FACE_OUTER_BOUND('',#319,.T.);
#184=FACE_OUTER_BOUND('',#320,.T.);
#185=FACE_OUTER_BOUND('',#321,.T.);
#186=FACE_OUTER_BOUND('',#322,.T.);
#187=FACE_OUTER_BOUND('',#323,.T.);
#188=FACE_OUTER_BOUND('',#324,.T.);
#189=FACE_OUTER_BOUND('',#325,.T.);
#190=FACE_OUTER_BOUND('',#326,.T.);
#191=FACE_OUTER_BOUND('',#327,.T.);
#192=FACE_OUTER_BOUND('',#328,.T.);
#193=FACE_OUTER_BOUND('',#329,.T.);
#194=FACE_OUTER_BOUND('',#330,.T.);
#195=FACE_OUTER_BOUND('',#331,.T.);
#196=FACE_OUTER_BOUND('',#332,.T.);
#197=FACE_OUTER_BOUND('',#333,.T.);
#198=FACE_OUTER_BOUND('',#334,.T.);
#199=FACE_OUTER_BOUND('',#335,.T.);
#200=FACE_OUTER_BOUND('',#336,.T.);
#201=FACE_OUTER_BOUND('',#337,.T.);
#202=FACE_OUTER_BOUND('',#338,.T.);
#203=FACE_OUTER_BOUND('',#339,.T.);
#204=FACE_OUTER_BOUND('',#340,.T.);
#205=FACE_OUTER_BOUND('',#341,.T.);
#206=FACE_OUTER_BOUND('',#342,.T.);
#207=EDGE_LOOP('',(#1305,#1306,#1307,#1308,#1309,#1310));
#208=EDGE_LOOP('',(#1311,#1312));
#209=EDGE_LOOP('',(#1313,#1314));
#210=EDGE_LOOP('',(#1315,#1316,#1317,#1318,#1319,#1320));
#211=EDGE_LOOP('',(#1321,#1322));
#212=EDGE_LOOP('',(#1323,#1324));
#213=EDGE_LOOP('',(#1325,#1326,#1327,#1328,#1329,#1330));
#214=EDGE_LOOP('',(#1331,#1332));
#215=EDGE_LOOP('',(#1333,#1334));
#216=EDGE_LOOP('',(#1335,#1336,#1337,#1338,#1339,#1340));
#217=EDGE_LOOP('',(#1341,#1342));
#218=EDGE_LOOP('',(#1343,#1344));
#219=EDGE_LOOP('',(#1345,#1346,#1347,#1348,#1349,#1350));
#220=EDGE_LOOP('',(#1351,#1352));
#221=EDGE_LOOP('',(#1353,#1354));
#222=EDGE_LOOP('',(#1355,#1356,#1357,#1358,#1359,#1360));
#223=EDGE_LOOP('',(#1361,#1362));
#224=EDGE_LOOP('',(#1363,#1364,#1365,#1366,#1367,#1368));
#225=EDGE_LOOP('',(#1369,#1370));
#226=EDGE_LOOP('',(#1371,#1372,#1373,#1374));
#227=EDGE_LOOP('',(#1375,#1376,#1377,#1378));
#228=EDGE_LOOP('',(#1379,#1380,#1381,#1382,#1383,#1384,#1385,#1386,#1387,
#1388,#1389,#1390,#1391,#1392,#1393,#1394));
#229=EDGE_LOOP('',(#1395,#1396));
#230=EDGE_LOOP('',(#1397,#1398));
#231=EDGE_LOOP('',(#1399,#1400,#1401,#1402,#1403,#1404,#1405,#1406,#1407,
#1408));
#232=EDGE_LOOP('',(#1409,#1410));
#233=EDGE_LOOP('',(#1411,#1412));
#234=EDGE_LOOP('',(#1413,#1414));
#235=EDGE_LOOP('',(#1415,#1416));
#236=EDGE_LOOP('',(#1417,#1418,#1419,#1420,#1421,#1422,#1423,#1424,#1425,
#1426,#1427,#1428,#1429,#1430,#1431,#1432,#1433,#1434,#1435,#1436,#1437,
#1438));
#237=EDGE_LOOP('',(#1439,#1440,#1441,#1442));
#238=EDGE_LOOP('',(#1443,#1444,#1445,#1446));
#239=EDGE_LOOP('',(#1447,#1448,#1449,#1450,#1451,#1452,#1453,#1454,#1455,
#1456,#1457,#1458,#1459,#1460,#1461,#1462));
#240=EDGE_LOOP('',(#1463,#1464));
#241=EDGE_LOOP('',(#1465,#1466));
#242=EDGE_LOOP('',(#1467,#1468));
#243=EDGE_LOOP('',(#1469,#1470));
#244=EDGE_LOOP('',(#1471,#1472));
#245=EDGE_LOOP('',(#1473,#1474,#1475,#1476));
#246=EDGE_LOOP('',(#1477,#1478,#1479,#1480));
#247=EDGE_LOOP('',(#1481,#1482,#1483,#1484));
#248=EDGE_LOOP('',(#1485,#1486,#1487,#1488,#1489,#1490,#1491,#1492,#1493,
#1494));
#249=EDGE_LOOP('',(#1495,#1496,#1497,#1498));
#250=EDGE_LOOP('',(#1499,#1500,#1501,#1502,#1503,#1504));
#251=EDGE_LOOP('',(#1505,#1506,#1507,#1508,#1509,#1510));
#252=EDGE_LOOP('',(#1511,#1512,#1513,#1514,#1515,#1516));
#253=EDGE_LOOP('',(#1517,#1518,#1519,#1520,#1521,#1522));
#254=EDGE_LOOP('',(#1523,#1524,#1525,#1526,#1527,#1528));
#255=EDGE_LOOP('',(#1529,#1530,#1531,#1532,#1533,#1534));
#256=EDGE_LOOP('',(#1535,#1536));
#257=EDGE_LOOP('',(#1537,#1538,#1539,#1540,#1541,#1542));
#258=EDGE_LOOP('',(#1543,#1544));
#259=EDGE_LOOP('',(#1545,#1546,#1547,#1548,#1549,#1550));
#260=EDGE_LOOP('',(#1551,#1552));
#261=EDGE_LOOP('',(#1553,#1554,#1555,#1556,#1557,#1558));
#262=EDGE_LOOP('',(#1559,#1560));
#263=EDGE_LOOP('',(#1561,#1562,#1563,#1564));
#264=EDGE_LOOP('',(#1565,#1566,#1567,#1568));
#265=EDGE_LOOP('',(#1569,#1570,#1571,#1572));
#266=EDGE_LOOP('',(#1573,#1574,#1575,#1576));
#267=EDGE_LOOP('',(#1577,#1578,#1579,#1580));
#268=EDGE_LOOP('',(#1581,#1582,#1583,#1584));
#269=EDGE_LOOP('',(#1585,#1586,#1587,#1588));
#270=EDGE_LOOP('',(#1589,#1590,#1591,#1592));
#271=EDGE_LOOP('',(#1593,#1594,#1595,#1596));
#272=EDGE_LOOP('',(#1597,#1598,#1599,#1600));
#273=EDGE_LOOP('',(#1601,#1602,#1603,#1604));
#274=EDGE_LOOP('',(#1605,#1606,#1607,#1608));
#275=EDGE_LOOP('',(#1609,#1610,#1611,#1612));
#276=EDGE_LOOP('',(#1613,#1614,#1615,#1616));
#277=EDGE_LOOP('',(#1617,#1618,#1619,#1620));
#278=EDGE_LOOP('',(#1621,#1622,#1623,#1624));
#279=EDGE_LOOP('',(#1625,#1626,#1627,#1628,#1629,#1630,#1631,#1632,#1633,
#1634,#1635,#1636,#1637,#1638,#1639,#1640,#1641,#1642,#1643,#1644,#1645,
#1646));
#280=EDGE_LOOP('',(#1647,#1648));
#281=EDGE_LOOP('',(#1649,#1650));
#282=EDGE_LOOP('',(#1651,#1652));
#283=EDGE_LOOP('',(#1653,#1654));
#284=EDGE_LOOP('',(#1655,#1656));
#285=EDGE_LOOP('',(#1657,#1658,#1659,#1660));
#286=EDGE_LOOP('',(#1661,#1662,#1663,#1664));
#287=EDGE_LOOP('',(#1665,#1666,#1667,#1668));
#288=EDGE_LOOP('',(#1669,#1670,#1671,#1672));
#289=EDGE_LOOP('',(#1673,#1674,#1675,#1676));
#290=EDGE_LOOP('',(#1677,#1678,#1679,#1680));
#291=EDGE_LOOP('',(#1681,#1682,#1683,#1684));
#292=EDGE_LOOP('',(#1685,#1686,#1687,#1688));
#293=EDGE_LOOP('',(#1689,#1690,#1691,#1692));
#294=EDGE_LOOP('',(#1693,#1694,#1695,#1696));
#295=EDGE_LOOP('',(#1697,#1698,#1699,#1700));
#296=EDGE_LOOP('',(#1701,#1702,#1703,#1704));
#297=EDGE_LOOP('',(#1705,#1706,#1707,#1708));
#298=EDGE_LOOP('',(#1709,#1710,#1711,#1712));
#299=EDGE_LOOP('',(#1713,#1714,#1715,#1716));
#300=EDGE_LOOP('',(#1717,#1718,#1719,#1720));
#301=EDGE_LOOP('',(#1721,#1722,#1723,#1724,#1725,#1726,#1727,#1728,#1729,
#1730,#1731,#1732,#1733,#1734,#1735,#1736));
#302=EDGE_LOOP('',(#1737,#1738,#1739,#1740,#1741,#1742,#1743,#1744,#1745,
#1746,#1747,#1748,#1749,#1750,#1751,#1752));
#303=EDGE_LOOP('',(#1753,#1754,#1755,#1756));
#304=EDGE_LOOP('',(#1757,#1758,#1759,#1760));
#305=EDGE_LOOP('',(#1761,#1762,#1763,#1764));
#306=EDGE_LOOP('',(#1765,#1766,#1767,#1768));
#307=EDGE_LOOP('',(#1769,#1770,#1771,#1772));
#308=EDGE_LOOP('',(#1773,#1774,#1775,#1776));
#309=EDGE_LOOP('',(#1777,#1778,#1779,#1780));
#310=EDGE_LOOP('',(#1781,#1782,#1783,#1784));
#311=EDGE_LOOP('',(#1785,#1786,#1787,#1788));
#312=EDGE_LOOP('',(#1789,#1790,#1791,#1792));
#313=EDGE_LOOP('',(#1793,#1794,#1795,#1796));
#314=EDGE_LOOP('',(#1797,#1798,#1799,#1800));
#315=EDGE_LOOP('',(#1801,#1802,#1803,#1804));
#316=EDGE_LOOP('',(#1805,#1806,#1807,#1808));
#317=EDGE_LOOP('',(#1809,#1810,#1811,#1812));
#318=EDGE_LOOP('',(#1813,#1814,#1815,#1816));
#319=EDGE_LOOP('',(#1817,#1818,#1819,#1820));
#320=EDGE_LOOP('',(#1821,#1822,#1823,#1824));
#321=EDGE_LOOP('',(#1825,#1826,#1827,#1828));
#322=EDGE_LOOP('',(#1829,#1830,#1831,#1832));
#323=EDGE_LOOP('',(#1833,#1834,#1835,#1836));
#324=EDGE_LOOP('',(#1837,#1838,#1839,#1840));
#325=EDGE_LOOP('',(#1841,#1842,#1843,#1844));
#326=EDGE_LOOP('',(#1845,#1846,#1847,#1848));
#327=EDGE_LOOP('',(#1849,#1850,#1851,#1852));
#328=EDGE_LOOP('',(#1853,#1854,#1855,#1856));
#329=EDGE_LOOP('',(#1857,#1858,#1859,#1860));
#330=EDGE_LOOP('',(#1861,#1862,#1863,#1864));
#331=EDGE_LOOP('',(#1865,#1866,#1867,#1868));
#332=EDGE_LOOP('',(#1869,#1870,#1871,#1872));
#333=EDGE_LOOP('',(#1873,#1874,#1875,#1876));
#334=EDGE_LOOP('',(#1877,#1878,#1879,#1880));
#335=EDGE_LOOP('',(#1881,#1882,#1883,#1884));
#336=EDGE_LOOP('',(#1885,#1886,#1887,#1888));
#337=EDGE_LOOP('',(#1889,#1890,#1891,#1892));
#338=EDGE_LOOP('',(#1893,#1894,#1895,#1896));
#339=EDGE_LOOP('',(#1897,#1898,#1899,#1900));
#340=EDGE_LOOP('',(#1901,#1902,#1903,#1904));
#341=EDGE_LOOP('',(#1905,#1906,#1907,#1908));
#342=EDGE_LOOP('',(#1909,#1910,#1911,#1912));
#343=LINE('',#3066,#489);
#344=LINE('',#3081,#490);
#345=LINE('',#3096,#491);
#346=LINE('',#3111,#492);
#347=LINE('',#3126,#493);
#348=LINE('',#3141,#494);
#349=LINE('',#3152,#495);
#350=LINE('',#3162,#496);
#351=LINE('',#3165,#497);
#352=LINE('',#3171,#498);
#353=LINE('',#3174,#499);
#354=LINE('',#3178,#500);
#355=LINE('',#3186,#501);
#356=LINE('',#3190,#502);
#357=LINE('',#3194,#503);
#358=LINE('',#3202,#504);
#359=LINE('',#3206,#505);
#360=LINE('',#3210,#506);
#361=LINE('',#3212,#507);
#362=LINE('',#3216,#508);
#363=LINE('',#3218,#509);
#364=LINE('',#3220,#510);
#365=LINE('',#3224,#511);
#366=LINE('',#3226,#512);
#367=LINE('',#3227,#513);
#368=LINE('',#3249,#514);
#369=LINE('',#3251,#515);
#370=LINE('',#3255,#516);
#371=LINE('',#3257,#517);
#372=LINE('',#3259,#518);
#373=LINE('',#3263,#519);
#374=LINE('',#3265,#520);
#375=LINE('',#3274,#521);
#376=LINE('',#3276,#522);
#377=LINE('',#3278,#523);
#378=LINE('',#3285,#524);
#379=LINE('',#3288,#525);
#380=LINE('',#3295,#526);
#381=LINE('',#3303,#527);
#382=LINE('',#3307,#528);
#383=LINE('',#3311,#529);
#384=LINE('',#3319,#530);
#385=LINE('',#3322,#531);
#386=LINE('',#3345,#532);
#387=LINE('',#3347,#533);
#388=LINE('',#3348,#534);
#389=LINE('',#3351,#535);
#390=LINE('',#3353,#536);
#391=LINE('',#3354,#537);
#392=LINE('',#3357,#538);
#393=LINE('',#3358,#539);
#394=LINE('',#3361,#540);
#395=LINE('',#3363,#541);
#396=LINE('',#3367,#542);
#397=LINE('',#3369,#543);
#398=LINE('',#3371,#544);
#399=LINE('',#3374,#545);
#400=LINE('',#3376,#546);
#401=LINE('',#3378,#547);
#402=LINE('',#3380,#548);
#403=LINE('',#3382,#549);
#404=LINE('',#3384,#550);
#405=LINE('',#3386,#551);
#406=LINE('',#3389,#552);
#407=LINE('',#3396,#553);
#408=LINE('',#3403,#554);
#409=LINE('',#3410,#555);
#410=LINE('',#3417,#556);
#411=LINE('',#3419,#557);
#412=LINE('',#3420,#558);
#413=LINE('',#3423,#559);
#414=LINE('',#3427,#560);
#415=LINE('',#3428,#561);
#416=LINE('',#3430,#562);
#417=LINE('',#3432,#563);
#418=LINE('',#3434,#564);
#419=LINE('',#3437,#565);
#420=LINE('',#3440,#566);
#421=LINE('',#3443,#567);
#422=LINE('',#3444,#568);
#423=LINE('',#3447,#569);
#424=LINE('',#3448,#570);
#425=LINE('',#3450,#571);
#426=LINE('',#3451,#572);
#427=LINE('',#3454,#573);
#428=LINE('',#3456,#574);
#429=LINE('',#3459,#575);
#430=LINE('',#3460,#576);
#431=LINE('',#3464,#577);
#432=LINE('',#3465,#578);
#433=LINE('',#3471,#579);
#434=LINE('',#3477,#580);
#435=LINE('',#3481,#581);
#436=LINE('',#3483,#582);
#437=LINE('',#3484,#583);
#438=LINE('',#3488,#584);
#439=LINE('',#3492,#585);
#440=LINE('',#3496,#586);
#441=LINE('',#3499,#587);
#442=LINE('',#3500,#588);
#443=LINE('',#3504,#589);
#444=LINE('',#3507,#590);
#445=LINE('',#3508,#591);
#446=LINE('',#3512,#592);
#447=LINE('',#3515,#593);
#448=LINE('',#3516,#594);
#449=LINE('',#3520,#595);
#450=LINE('',#3524,#596);
#451=LINE('',#3528,#597);
#452=LINE('',#3531,#598);
#453=LINE('',#3532,#599);
#454=LINE('',#3536,#600);
#455=LINE('',#3539,#601);
#456=LINE('',#3540,#602);
#457=LINE('',#3548,#603);
#458=LINE('',#3556,#604);
#459=LINE('',#3560,#605);
#460=LINE('',#3564,#606);
#461=LINE('',#3572,#607);
#462=LINE('',#3575,#608);
#463=LINE('',#3585,#609);
#464=LINE('',#3593,#610);
#465=LINE('',#3609,#611);
#466=LINE('',#3617,#612);
#467=LINE('',#3625,#613);
#468=LINE('',#3639,#614);
#469=LINE('',#3641,#615);
#470=LINE('',#3642,#616);
#471=LINE('',#3644,#617);
#472=LINE('',#3646,#618);
#473=LINE('',#3648,#619);
#474=LINE('',#3650,#620);
#475=LINE('',#3652,#621);
#476=LINE('',#3654,#622);
#477=LINE('',#3656,#623);
#478=LINE('',#3659,#624);
#479=LINE('',#3661,#625);
#480=LINE('',#3664,#626);
#481=LINE('',#3667,#627);
#482=LINE('',#3670,#628);
#483=LINE('',#3671,#629);
#484=LINE('',#3673,#630);
#485=LINE('',#3675,#631);
#486=LINE('',#3677,#632);
#487=LINE('',#3679,#633);
#488=LINE('',#3682,#634);
#489=VECTOR('',#2379,3.49999999999999);
#490=VECTOR('',#2396,3.5);
#491=VECTOR('',#2413,3.50000000000001);
#492=VECTOR('',#2430,3.50000000000001);
#493=VECTOR('',#2447,3.5);
#494=VECTOR('',#2464,2.1);
#495=VECTOR('',#2477,2.1);
#496=VECTOR('',#2488,10.);
#497=VECTOR('',#2491,10.);
#498=VECTOR('',#2496,10.);
#499=VECTOR('',#2499,10.);
#500=VECTOR('',#2502,10.);
#501=VECTOR('',#2509,10.);
#502=VECTOR('',#2512,10.);
#503=VECTOR('',#2515,10.);
#504=VECTOR('',#2522,10.);
#505=VECTOR('',#2525,10.);
#506=VECTOR('',#2528,10.);
#507=VECTOR('',#2529,10.);
#508=VECTOR('',#2532,10.);
#509=VECTOR('',#2533,10.);
#510=VECTOR('',#2534,10.);
#511=VECTOR('',#2537,10.);
#512=VECTOR('',#2538,10.);
#513=VECTOR('',#2539,10.);
#514=VECTOR('',#2560,10.);
#515=VECTOR('',#2561,10.);
#516=VECTOR('',#2564,10.);
#517=VECTOR('',#2565,10.);
#518=VECTOR('',#2566,10.);
#519=VECTOR('',#2569,10.);
#520=VECTOR('',#2570,10.);
#521=VECTOR('',#2579,10.);
#522=VECTOR('',#2580,10.);
#523=VECTOR('',#2581,10.);
#524=VECTOR('',#2590,10.);
#525=VECTOR('',#2593,10.);
#526=VECTOR('',#2600,10.);
#527=VECTOR('',#2607,10.);
#528=VECTOR('',#2610,10.);
#529=VECTOR('',#2613,10.);
#530=VECTOR('',#2620,10.);
#531=VECTOR('',#2623,10.);
#532=VECTOR('',#2646,10.);
#533=VECTOR('',#2647,10.);
#534=VECTOR('',#2648,10.);
#535=VECTOR('',#2651,10.);
#536=VECTOR('',#2652,10.);
#537=VECTOR('',#2653,10.);
#538=VECTOR('',#2656,10.);
#539=VECTOR('',#2657,10.);
#540=VECTOR('',#2660,10.);
#541=VECTOR('',#2661,10.);
#542=VECTOR('',#2664,10.);
#543=VECTOR('',#2665,10.);
#544=VECTOR('',#2666,10.);
#545=VECTOR('',#2669,10.);
#546=VECTOR('',#2672,10.);
#547=VECTOR('',#2675,2.);
#548=VECTOR('',#2678,2.);
#549=VECTOR('',#2681,2.);
#550=VECTOR('',#2684,2.);
#551=VECTOR('',#2687,2.);
#552=VECTOR('',#2690,2.1);
#553=VECTOR('',#2699,2.1);
#554=VECTOR('',#2708,2.1);
#555=VECTOR('',#2717,2.1);
#556=VECTOR('',#2726,10.);
#557=VECTOR('',#2727,10.);
#558=VECTOR('',#2728,10.);
#559=VECTOR('',#2731,10.);
#560=VECTOR('',#2736,10.);
#561=VECTOR('',#2737,10.);
#562=VECTOR('',#2740,10.);
#563=VECTOR('',#2743,10.);
#564=VECTOR('',#2746,10.);
#565=VECTOR('',#2749,10.);
#566=VECTOR('',#2752,10.);
#567=VECTOR('',#2755,10.);
#568=VECTOR('',#2756,10.);
#569=VECTOR('',#2759,10.);
#570=VECTOR('',#2760,10.);
#571=VECTOR('',#2763,10.);
#572=VECTOR('',#2764,10.);
#573=VECTOR('',#2769,10.);
#574=VECTOR('',#2772,10.);
#575=VECTOR('',#2775,10.);
#576=VECTOR('',#2776,10.);
#577=VECTOR('',#2781,10.);
#578=VECTOR('',#2782,10.);
#579=VECTOR('',#2789,10.);
#580=VECTOR('',#2796,10.);
#581=VECTOR('',#2801,10.);
#582=VECTOR('',#2802,10.);
#583=VECTOR('',#2803,10.);
#584=VECTOR('',#2808,10.);
#585=VECTOR('',#2813,10.);
#586=VECTOR('',#2818,10.);
#587=VECTOR('',#2821,10.);
#588=VECTOR('',#2822,10.);
#589=VECTOR('',#2827,10.);
#590=VECTOR('',#2830,10.);
#591=VECTOR('',#2831,10.);
#592=VECTOR('',#2836,10.);
#593=VECTOR('',#2839,10.);
#594=VECTOR('',#2840,10.);
#595=VECTOR('',#2845,10.);
#596=VECTOR('',#2850,10.);
#597=VECTOR('',#2855,10.);
#598=VECTOR('',#2858,10.);
#599=VECTOR('',#2859,10.);
#600=VECTOR('',#2864,10.);
#601=VECTOR('',#2867,10.);
#602=VECTOR('',#2868,10.);
#603=VECTOR('',#2877,10.);
#604=VECTOR('',#2884,10.);
#605=VECTOR('',#2887,10.);
#606=VECTOR('',#2890,10.);
#607=VECTOR('',#2897,10.);
#608=VECTOR('',#2900,10.);
#609=VECTOR('',#2913,10.);
#610=VECTOR('',#2924,10.);
#611=VECTOR('',#2947,10.);
#612=VECTOR('',#2958,10.);
#613=VECTOR('',#2969,10.);
#614=VECTOR('',#2990,10.);
#615=VECTOR('',#2993,10.);
#616=VECTOR('',#2994,10.);
#617=VECTOR('',#2997,10.);
#618=VECTOR('',#3000,10.);
#619=VECTOR('',#3003,10.);
#620=VECTOR('',#3006,10.);
#621=VECTOR('',#3009,10.);
#622=VECTOR('',#3012,10.);
#623=VECTOR('',#3015,10.);
#624=VECTOR('',#3020,10.);
#625=VECTOR('',#3023,10.);
#626=VECTOR('',#3028,10.);
#627=VECTOR('',#3033,10.);
#628=VECTOR('',#3038,10.);
#629=VECTOR('',#3039,10.);
#630=VECTOR('',#3042,10.);
#631=VECTOR('',#3045,10.);
#632=VECTOR('',#3048,10.);
#633=VECTOR('',#3051,10.);
#634=VECTOR('',#3056,10.);
#635=CIRCLE('',#2102,3.49999999999999);
#636=CIRCLE('',#2103,3.49999999999999);
#637=CIRCLE('',#2104,3.49999999999999);
#638=CIRCLE('',#2105,3.49999999999999);
#639=CIRCLE('',#2107,2.);
#640=CIRCLE('',#2108,2.);
#641=CIRCLE('',#2110,3.5);
#642=CIRCLE('',#2111,3.5);
#643=CIRCLE('',#2112,3.5);
#644=CIRCLE('',#2113,3.5);
#645=CIRCLE('',#2115,2.);
#646=CIRCLE('',#2116,2.);
#647=CIRCLE('',#2118,3.50000000000001);
#648=CIRCLE('',#2119,3.50000000000001);
#649=CIRCLE('',#2120,3.50000000000001);
#650=CIRCLE('',#2121,3.50000000000001);
#651=CIRCLE('',#2123,2.);
#652=CIRCLE('',#2124,2.);
#653=CIRCLE('',#2126,3.50000000000001);
#654=CIRCLE('',#2127,3.50000000000001);
#655=CIRCLE('',#2128,3.50000000000001);
#656=CIRCLE('',#2129,3.50000000000001);
#657=CIRCLE('',#2131,2.);
#658=CIRCLE('',#2132,2.);
#659=CIRCLE('',#2134,3.5);
#660=CIRCLE('',#2135,3.5);
#661=CIRCLE('',#2136,3.5);
#662=CIRCLE('',#2137,3.5);
#663=CIRCLE('',#2139,2.);
#664=CIRCLE('',#2140,2.);
#665=CIRCLE('',#2142,2.1);
#666=CIRCLE('',#2143,2.1);
#667=CIRCLE('',#2144,2.1);
#668=CIRCLE('',#2145,2.1);
#669=CIRCLE('',#2148,2.1);
#670=CIRCLE('',#2149,2.1);
#671=CIRCLE('',#2150,2.1);
#672=CIRCLE('',#2151,2.1);
#673=CIRCLE('',#2154,7.50000000000002);
#674=CIRCLE('',#2155,7.50000000000002);
#675=CIRCLE('',#2157,7.50000000000002);
#676=CIRCLE('',#2158,7.50000000000002);
#677=CIRCLE('',#2160,8.75);
#678=CIRCLE('',#2161,124.473374405995);
#679=CIRCLE('',#2162,8.74999999999999);
#680=CIRCLE('',#2163,3.75);
#681=CIRCLE('',#2164,3.75);
#682=CIRCLE('',#2165,8.75);
#683=CIRCLE('',#2166,124.473374405995);
#684=CIRCLE('',#2167,8.75);
#685=CIRCLE('',#2168,3.75);
#686=CIRCLE('',#2169,3.75);
#687=CIRCLE('',#2170,6.49999999999999);
#688=CIRCLE('',#2171,6.5);
#689=CIRCLE('',#2172,2.1);
#690=CIRCLE('',#2173,2.1);
#691=CIRCLE('',#2174,2.1);
#692=CIRCLE('',#2175,2.1);
#693=CIRCLE('',#2176,2.1);
#694=CIRCLE('',#2177,2.1);
#695=CIRCLE('',#2178,2.1);
#696=CIRCLE('',#2179,2.1);
#697=CIRCLE('',#2180,126.223374405995);
#698=CIRCLE('',#2181,7.);
#699=CIRCLE('',#2182,6.5);
#700=CIRCLE('',#2183,6.49999999999999);
#701=CIRCLE('',#2184,7.);
#702=CIRCLE('',#2185,126.223374405995);
#703=CIRCLE('',#2186,126.223374405995);
#704=CIRCLE('',#2187,7.);
#705=CIRCLE('',#2188,7.);
#706=CIRCLE('',#2189,126.223374405995);
#707=CIRCLE('',#2191,126.223374405995);
#708=CIRCLE('',#2193,126.223374405995);
#709=CIRCLE('',#2195,4.);
#710=CIRCLE('',#2196,9.);
#711=CIRCLE('',#2197,124.223374405995);
#712=CIRCLE('',#2198,9.);
#713=CIRCLE('',#2199,4.);
#714=CIRCLE('',#2200,4.);
#715=CIRCLE('',#2201,9.);
#716=CIRCLE('',#2202,124.223374405995);
#717=CIRCLE('',#2203,9.);
#718=CIRCLE('',#2204,4.);
#719=CIRCLE('',#2205,2.);
#720=CIRCLE('',#2206,2.);
#721=CIRCLE('',#2207,2.);
#722=CIRCLE('',#2208,2.);
#723=CIRCLE('',#2209,2.);
#724=CIRCLE('',#2210,2.);
#725=CIRCLE('',#2211,2.);
#726=CIRCLE('',#2212,2.);
#727=CIRCLE('',#2213,2.);
#728=CIRCLE('',#2214,2.);
#729=CIRCLE('',#2219,6.5);
#730=CIRCLE('',#2220,6.49999999999999);
#731=CIRCLE('',#2228,2.1);
#732=CIRCLE('',#2229,2.1);
#733=CIRCLE('',#2232,2.1);
#734=CIRCLE('',#2233,2.1);
#735=CIRCLE('',#2236,2.1);
#736=CIRCLE('',#2237,2.1);
#737=CIRCLE('',#2240,2.1);
#738=CIRCLE('',#2241,2.1);
#739=CIRCLE('',#2245,6.5);
#740=CIRCLE('',#2251,6.49999999999999);
#741=CIRCLE('',#2262,126.223374405995);
#742=CIRCLE('',#2263,7.);
#743=CIRCLE('',#2264,7.);
#744=CIRCLE('',#2265,126.223374405995);
#745=CIRCLE('',#2266,7.);
#746=CIRCLE('',#2267,7.);
#747=CIRCLE('',#2270,8.75);
#748=CIRCLE('',#2272,124.473374405995);
#749=CIRCLE('',#2274,8.74999999999999);
#750=CIRCLE('',#2277,3.75);
#751=CIRCLE('',#2280,3.75);
#752=CIRCLE('',#2283,8.75);
#753=CIRCLE('',#2285,124.473374405995);
#754=CIRCLE('',#2287,8.75);
#755=CIRCLE('',#2290,3.75);
#756=CIRCLE('',#2293,3.75);
#757=CIRCLE('',#2295,5.);
#758=CIRCLE('',#2296,10.);
#759=CIRCLE('',#2297,123.223374405995);
#760=CIRCLE('',#2298,10.);
#761=CIRCLE('',#2299,5.);
#762=CIRCLE('',#2300,5.);
#763=CIRCLE('',#2301,10.);
#764=CIRCLE('',#2302,123.223374405995);
#765=CIRCLE('',#2303,10.);
#766=CIRCLE('',#2304,5.);
#767=CIRCLE('',#2306,1.00000000000001);
#768=CIRCLE('',#2307,1.);
#769=CIRCLE('',#2308,5.);
#770=CIRCLE('',#2310,1.);
#771=CIRCLE('',#2312,1.);
#772=CIRCLE('',#2313,5.);
#773=CIRCLE('',#2315,1.);
#774=CIRCLE('',#2317,1.);
#775=CIRCLE('',#2318,10.);
#776=CIRCLE('',#2320,1.);
#777=CIRCLE('',#2321,123.223374405995);
#778=CIRCLE('',#2323,1.);
#779=CIRCLE('',#2324,10.);
#780=CIRCLE('',#2326,1.);
#781=CIRCLE('',#2328,1.);
#782=CIRCLE('',#2329,5.);
#783=CIRCLE('',#2331,1.);
#784=CIRCLE('',#2333,1.);
#785=CIRCLE('',#2334,5.);
#786=CIRCLE('',#2336,1.);
#787=CIRCLE('',#2338,1.);
#788=CIRCLE('',#2339,10.);
#789=CIRCLE('',#2341,1.);
#790=CIRCLE('',#2342,123.223374405995);
#791=CIRCLE('',#2344,1.);
#792=CIRCLE('',#2345,10.);
#793=VERTEX_POINT('',#3061);
#794=VERTEX_POINT('',#3062);
#795=VERTEX_POINT('',#3065);
#796=VERTEX_POINT('',#3067);
#797=VERTEX_POINT('',#3071);
#798=VERTEX_POINT('',#3072);
#799=VERTEX_POINT('',#3076);
#800=VERTEX_POINT('',#3077);
#801=VERTEX_POINT('',#3080);
#802=VERTEX_POINT('',#3082);
#803=VERTEX_POINT('',#3086);
#804=VERTEX_POINT('',#3087);
#805=VERTEX_POINT('',#3091);
#806=VERTEX_POINT('',#3092);
#807=VERTEX_POINT('',#3095);
#808=VERTEX_POINT('',#3097);
#809=VERTEX_POINT('',#3101);
#810=VERTEX_POINT('',#3102);
#811=VERTEX_POINT('',#3106);
#812=VERTEX_POINT('',#3107);
#813=VERTEX_POINT('',#3110);
#814=VERTEX_POINT('',#3112);
#815=VERTEX_POINT('',#3116);
#816=VERTEX_POINT('',#3117);
#817=VERTEX_POINT('',#3121);
#818=VERTEX_POINT('',#3122);
#819=VERTEX_POINT('',#3125);
#820=VERTEX_POINT('',#3127);
#821=VERTEX_POINT('',#3131);
#822=VERTEX_POINT('',#3132);
#823=VERTEX_POINT('',#3136);
#824=VERTEX_POINT('',#3137);
#825=VERTEX_POINT('',#3140);
#826=VERTEX_POINT('',#3142);
#827=VERTEX_POINT('',#3147);
#828=VERTEX_POINT('',#3148);
#829=VERTEX_POINT('',#3151);
#830=VERTEX_POINT('',#3153);
#831=VERTEX_POINT('',#3158);
#832=VERTEX_POINT('',#3159);
#833=VERTEX_POINT('',#3161);
#834=VERTEX_POINT('',#3163);
#835=VERTEX_POINT('',#3167);
#836=VERTEX_POINT('',#3168);
#837=VERTEX_POINT('',#3170);
#838=VERTEX_POINT('',#3172);
#839=VERTEX_POINT('',#3176);
#840=VERTEX_POINT('',#3177);
#841=VERTEX_POINT('',#3179);
#842=VERTEX_POINT('',#3181);
#843=VERTEX_POINT('',#3183);
#844=VERTEX_POINT('',#3185);
#845=VERTEX_POINT('',#3187);
#846=VERTEX_POINT('',#3189);
#847=VERTEX_POINT('',#3191);
#848=VERTEX_POINT('',#3193);
#849=VERTEX_POINT('',#3195);
#850=VERTEX_POINT('',#3197);
#851=VERTEX_POINT('',#3199);
#852=VERTEX_POINT('',#3201);
#853=VERTEX_POINT('',#3203);
#854=VERTEX_POINT('',#3205);
#855=VERTEX_POINT('',#3208);
#856=VERTEX_POINT('',#3209);
#857=VERTEX_POINT('',#3211);
#858=VERTEX_POINT('',#3213);
#859=VERTEX_POINT('',#3215);
#860=VERTEX_POINT('',#3217);
#861=VERTEX_POINT('',#3219);
#862=VERTEX_POINT('',#3221);
#863=VERTEX_POINT('',#3223);
#864=VERTEX_POINT('',#3225);
#865=VERTEX_POINT('',#3228);
#866=VERTEX_POINT('',#3229);
#867=VERTEX_POINT('',#3232);
#868=VERTEX_POINT('',#3233);
#869=VERTEX_POINT('',#3236);
#870=VERTEX_POINT('',#3237);
#871=VERTEX_POINT('',#3240);
#872=VERTEX_POINT('',#3241);
#873=VERTEX_POINT('',#3244);
#874=VERTEX_POINT('',#3246);
#875=VERTEX_POINT('',#3248);
#876=VERTEX_POINT('',#3250);
#877=VERTEX_POINT('',#3252);
#878=VERTEX_POINT('',#3254);
#879=VERTEX_POINT('',#3256);
#880=VERTEX_POINT('',#3258);
#881=VERTEX_POINT('',#3260);
#882=VERTEX_POINT('',#3262);
#883=VERTEX_POINT('',#3264);
#884=VERTEX_POINT('',#3266);
#885=VERTEX_POINT('',#3269);
#886=VERTEX_POINT('',#3271);
#887=VERTEX_POINT('',#3273);
#888=VERTEX_POINT('',#3275);
#889=VERTEX_POINT('',#3277);
#890=VERTEX_POINT('',#3279);
#891=VERTEX_POINT('',#3283);
#892=VERTEX_POINT('',#3287);
#893=VERTEX_POINT('',#3291);
#894=VERTEX_POINT('',#3292);
#895=VERTEX_POINT('',#3294);
#896=VERTEX_POINT('',#3296);
#897=VERTEX_POINT('',#3298);
#898=VERTEX_POINT('',#3300);
#899=VERTEX_POINT('',#3302);
#900=VERTEX_POINT('',#3304);
#901=VERTEX_POINT('',#3306);
#902=VERTEX_POINT('',#3308);
#903=VERTEX_POINT('',#3310);
#904=VERTEX_POINT('',#3312);
#905=VERTEX_POINT('',#3314);
#906=VERTEX_POINT('',#3316);
#907=VERTEX_POINT('',#3318);
#908=VERTEX_POINT('',#3320);
#909=VERTEX_POINT('',#3323);
#910=VERTEX_POINT('',#3324);
#911=VERTEX_POINT('',#3327);
#912=VERTEX_POINT('',#3328);
#913=VERTEX_POINT('',#3331);
#914=VERTEX_POINT('',#3332);
#915=VERTEX_POINT('',#3335);
#916=VERTEX_POINT('',#3336);
#917=VERTEX_POINT('',#3339);
#918=VERTEX_POINT('',#3340);
#919=VERTEX_POINT('',#3344);
#920=VERTEX_POINT('',#3346);
#921=VERTEX_POINT('',#3350);
#922=VERTEX_POINT('',#3352);
#923=VERTEX_POINT('',#3356);
#924=VERTEX_POINT('',#3360);
#925=VERTEX_POINT('',#3362);
#926=VERTEX_POINT('',#3364);
#927=VERTEX_POINT('',#3366);
#928=VERTEX_POINT('',#3368);
#929=VERTEX_POINT('',#3370);
#930=VERTEX_POINT('',#3372);
#931=VERTEX_POINT('',#3388);
#932=VERTEX_POINT('',#3390);
#933=VERTEX_POINT('',#3395);
#934=VERTEX_POINT('',#3397);
#935=VERTEX_POINT('',#3402);
#936=VERTEX_POINT('',#3404);
#937=VERTEX_POINT('',#3409);
#938=VERTEX_POINT('',#3411);
#939=VERTEX_POINT('',#3416);
#940=VERTEX_POINT('',#3418);
#941=VERTEX_POINT('',#3422);
#942=VERTEX_POINT('',#3426);
#943=VERTEX_POINT('',#3436);
#944=VERTEX_POINT('',#3438);
#945=VERTEX_POINT('',#3442);
#946=VERTEX_POINT('',#3446);
#947=VERTEX_POINT('',#3458);
#948=VERTEX_POINT('',#3463);
#949=VERTEX_POINT('',#3467);
#950=VERTEX_POINT('',#3470);
#951=VERTEX_POINT('',#3472);
#952=VERTEX_POINT('',#3476);
#953=VERTEX_POINT('',#3480);
#954=VERTEX_POINT('',#3482);
#955=VERTEX_POINT('',#3486);
#956=VERTEX_POINT('',#3490);
#957=VERTEX_POINT('',#3494);
#958=VERTEX_POINT('',#3498);
#959=VERTEX_POINT('',#3502);
#960=VERTEX_POINT('',#3506);
#961=VERTEX_POINT('',#3510);
#962=VERTEX_POINT('',#3514);
#963=VERTEX_POINT('',#3518);
#964=VERTEX_POINT('',#3522);
#965=VERTEX_POINT('',#3526);
#966=VERTEX_POINT('',#3530);
#967=VERTEX_POINT('',#3534);
#968=VERTEX_POINT('',#3538);
#969=VERTEX_POINT('',#3544);
#970=VERTEX_POINT('',#3545);
#971=VERTEX_POINT('',#3547);
#972=VERTEX_POINT('',#3549);
#973=VERTEX_POINT('',#3551);
#974=VERTEX_POINT('',#3553);
#975=VERTEX_POINT('',#3555);
#976=VERTEX_POINT('',#3557);
#977=VERTEX_POINT('',#3559);
#978=VERTEX_POINT('',#3561);
#979=VERTEX_POINT('',#3563);
#980=VERTEX_POINT('',#3565);
#981=VERTEX_POINT('',#3567);
#982=VERTEX_POINT('',#3569);
#983=VERTEX_POINT('',#3571);
#984=VERTEX_POINT('',#3573);
#985=VERTEX_POINT('',#3577);
#986=VERTEX_POINT('',#3579);
#987=VERTEX_POINT('',#3583);
#988=VERTEX_POINT('',#3587);
#989=VERTEX_POINT('',#3591);
#990=VERTEX_POINT('',#3595);
#991=VERTEX_POINT('',#3599);
#992=VERTEX_POINT('',#3603);
#993=VERTEX_POINT('',#3607);
#994=VERTEX_POINT('',#3611);
#995=VERTEX_POINT('',#3615);
#996=VERTEX_POINT('',#3619);
#997=VERTEX_POINT('',#3623);
#998=VERTEX_POINT('',#3627);
#999=VERTEX_POINT('',#3631);
#1000=VERTEX_POINT('',#3635);
#1001=EDGE_CURVE('',#793,#794,#635,.T.);
#1002=EDGE_CURVE('',#794,#793,#636,.T.);
#1003=EDGE_CURVE('',#794,#795,#343,.T.);
#1004=EDGE_CURVE('',#796,#795,#637,.T.);
#1005=EDGE_CURVE('',#795,#796,#638,.T.);
#1006=EDGE_CURVE('',#797,#798,#639,.T.);
#1007=EDGE_CURVE('',#798,#797,#640,.T.);
#1008=EDGE_CURVE('',#799,#800,#641,.T.);
#1009=EDGE_CURVE('',#800,#799,#642,.T.);
#1010=EDGE_CURVE('',#800,#801,#344,.T.);
#1011=EDGE_CURVE('',#802,#801,#643,.T.);
#1012=EDGE_CURVE('',#801,#802,#644,.T.);
#1013=EDGE_CURVE('',#803,#804,#645,.T.);
#1014=EDGE_CURVE('',#804,#803,#646,.T.);
#1015=EDGE_CURVE('',#805,#806,#647,.T.);
#1016=EDGE_CURVE('',#806,#805,#648,.T.);
#1017=EDGE_CURVE('',#806,#807,#345,.T.);
#1018=EDGE_CURVE('',#808,#807,#649,.T.);
#1019=EDGE_CURVE('',#807,#808,#650,.T.);
#1020=EDGE_CURVE('',#809,#810,#651,.T.);
#1021=EDGE_CURVE('',#810,#809,#652,.T.);
#1022=EDGE_CURVE('',#811,#812,#653,.T.);
#1023=EDGE_CURVE('',#812,#811,#654,.T.);
#1024=EDGE_CURVE('',#812,#813,#346,.T.);
#1025=EDGE_CURVE('',#814,#813,#655,.T.);
#1026=EDGE_CURVE('',#813,#814,#656,.T.);
#1027=EDGE_CURVE('',#815,#816,#657,.T.);
#1028=EDGE_CURVE('',#816,#815,#658,.T.);
#1029=EDGE_CURVE('',#817,#818,#659,.T.);
#1030=EDGE_CURVE('',#818,#817,#660,.T.);
#1031=EDGE_CURVE('',#818,#819,#347,.T.);
#1032=EDGE_CURVE('',#820,#819,#661,.T.);
#1033=EDGE_CURVE('',#819,#820,#662,.T.);
#1034=EDGE_CURVE('',#821,#822,#663,.T.);
#1035=EDGE_CURVE('',#822,#821,#664,.T.);
#1036=EDGE_CURVE('',#823,#824,#665,.T.);
#1037=EDGE_CURVE('',#824,#823,#666,.T.);
#1038=EDGE_CURVE('',#824,#825,#348,.T.);
#1039=EDGE_CURVE('',#825,#826,#667,.T.);
#1040=EDGE_CURVE('',#826,#825,#668,.T.);
#1041=EDGE_CURVE('',#827,#828,#669,.T.);
#1042=EDGE_CURVE('',#828,#827,#670,.T.);
#1043=EDGE_CURVE('',#828,#829,#349,.T.);
#1044=EDGE_CURVE('',#829,#830,#671,.T.);
#1045=EDGE_CURVE('',#830,#829,#672,.T.);
#1046=EDGE_CURVE('',#831,#832,#673,.T.);
#1047=EDGE_CURVE('',#833,#831,#350,.T.);
#1048=EDGE_CURVE('',#834,#833,#674,.T.);
#1049=EDGE_CURVE('',#832,#834,#351,.T.);
#1050=EDGE_CURVE('',#835,#836,#675,.T.);
#1051=EDGE_CURVE('',#837,#835,#352,.T.);
#1052=EDGE_CURVE('',#838,#837,#676,.T.);
#1053=EDGE_CURVE('',#836,#838,#353,.T.);
#1054=EDGE_CURVE('',#839,#840,#354,.T.);
#1055=EDGE_CURVE('',#840,#841,#677,.T.);
#1056=EDGE_CURVE('',#841,#842,#678,.T.);
#1057=EDGE_CURVE('',#842,#843,#679,.T.);
#1058=EDGE_CURVE('',#843,#844,#355,.T.);
#1059=EDGE_CURVE('',#844,#845,#680,.T.);
#1060=EDGE_CURVE('',#845,#846,#356,.T.);
#1061=EDGE_CURVE('',#846,#847,#681,.T.);
#1062=EDGE_CURVE('',#847,#848,#357,.T.);
#1063=EDGE_CURVE('',#848,#849,#682,.T.);
#1064=EDGE_CURVE('',#849,#850,#683,.T.);
#1065=EDGE_CURVE('',#850,#851,#684,.T.);
#1066=EDGE_CURVE('',#851,#852,#358,.T.);
#1067=EDGE_CURVE('',#852,#853,#685,.T.);
#1068=EDGE_CURVE('',#853,#854,#359,.T.);
#1069=EDGE_CURVE('',#854,#839,#686,.T.);
#1070=EDGE_CURVE('',#855,#856,#360,.T.);
#1071=EDGE_CURVE('',#857,#856,#361,.T.);
#1072=EDGE_CURVE('',#858,#857,#687,.T.);
#1073=EDGE_CURVE('',#859,#858,#362,.T.);
#1074=EDGE_CURVE('',#859,#860,#363,.T.);
#1075=EDGE_CURVE('',#861,#860,#364,.T.);
#1076=EDGE_CURVE('',#862,#861,#688,.T.);
#1077=EDGE_CURVE('',#863,#862,#365,.T.);
#1078=EDGE_CURVE('',#863,#864,#366,.T.);
#1079=EDGE_CURVE('',#855,#864,#367,.T.);
#1080=EDGE_CURVE('',#865,#866,#689,.T.);
#1081=EDGE_CURVE('',#866,#865,#690,.T.);
#1082=EDGE_CURVE('',#867,#868,#691,.T.);
#1083=EDGE_CURVE('',#868,#867,#692,.T.);
#1084=EDGE_CURVE('',#869,#870,#693,.T.);
#1085=EDGE_CURVE('',#870,#869,#694,.T.);
#1086=EDGE_CURVE('',#871,#872,#695,.T.);
#1087=EDGE_CURVE('',#872,#871,#696,.T.);
#1088=EDGE_CURVE('',#837,#873,#697,.T.);
#1089=EDGE_CURVE('',#873,#874,#698,.T.);
#1090=EDGE_CURVE('',#874,#875,#368,.T.);
#1091=EDGE_CURVE('',#876,#875,#369,.T.);
#1092=EDGE_CURVE('',#877,#876,#699,.T.);
#1093=EDGE_CURVE('',#878,#877,#370,.T.);
#1094=EDGE_CURVE('',#878,#879,#371,.T.);
#1095=EDGE_CURVE('',#880,#879,#372,.T.);
#1096=EDGE_CURVE('',#881,#880,#700,.T.);
#1097=EDGE_CURVE('',#882,#881,#373,.T.);
#1098=EDGE_CURVE('',#882,#883,#374,.T.);
#1099=EDGE_CURVE('',#883,#884,#701,.T.);
#1100=EDGE_CURVE('',#884,#834,#702,.T.);
#1101=EDGE_CURVE('',#833,#885,#703,.T.);
#1102=EDGE_CURVE('',#885,#886,#704,.T.);
#1103=EDGE_CURVE('',#886,#887,#375,.T.);
#1104=EDGE_CURVE('',#888,#887,#376,.T.);
#1105=EDGE_CURVE('',#888,#889,#377,.T.);
#1106=EDGE_CURVE('',#889,#890,#705,.T.);
#1107=EDGE_CURVE('',#890,#838,#706,.T.);
#1108=EDGE_CURVE('',#831,#891,#707,.T.);
#1109=EDGE_CURVE('',#891,#885,#378,.T.);
#1110=EDGE_CURVE('',#890,#892,#379,.T.);
#1111=EDGE_CURVE('',#892,#836,#708,.T.);
#1112=EDGE_CURVE('',#893,#894,#709,.T.);
#1113=EDGE_CURVE('',#895,#893,#380,.T.);
#1114=EDGE_CURVE('',#896,#895,#710,.T.);
#1115=EDGE_CURVE('',#897,#896,#711,.T.);
#1116=EDGE_CURVE('',#898,#897,#712,.T.);
#1117=EDGE_CURVE('',#899,#898,#381,.T.);
#1118=EDGE_CURVE('',#900,#899,#713,.T.);
#1119=EDGE_CURVE('',#901,#900,#382,.T.);
#1120=EDGE_CURVE('',#902,#901,#714,.T.);
#1121=EDGE_CURVE('',#903,#902,#383,.T.);
#1122=EDGE_CURVE('',#904,#903,#715,.T.);
#1123=EDGE_CURVE('',#905,#904,#716,.T.);
#1124=EDGE_CURVE('',#906,#905,#717,.T.);
#1125=EDGE_CURVE('',#907,#906,#384,.T.);
#1126=EDGE_CURVE('',#908,#907,#718,.T.);
#1127=EDGE_CURVE('',#894,#908,#385,.T.);
#1128=EDGE_CURVE('',#909,#910,#719,.T.);
#1129=EDGE_CURVE('',#910,#909,#720,.T.);
#1130=EDGE_CURVE('',#911,#912,#721,.T.);
#1131=EDGE_CURVE('',#912,#911,#722,.T.);
#1132=EDGE_CURVE('',#913,#914,#723,.T.);
#1133=EDGE_CURVE('',#914,#913,#724,.T.);
#1134=EDGE_CURVE('',#915,#916,#725,.T.);
#1135=EDGE_CURVE('',#916,#915,#726,.T.);
#1136=EDGE_CURVE('',#917,#918,#727,.T.);
#1137=EDGE_CURVE('',#918,#917,#728,.T.);
#1138=EDGE_CURVE('',#919,#864,#386,.T.);
#1139=EDGE_CURVE('',#920,#919,#387,.T.);
#1140=EDGE_CURVE('',#855,#920,#388,.T.);
#1141=EDGE_CURVE('',#921,#887,#389,.T.);
#1142=EDGE_CURVE('',#922,#921,#390,.T.);
#1143=EDGE_CURVE('',#888,#922,#391,.T.);
#1144=EDGE_CURVE('',#920,#923,#392,.T.);
#1145=EDGE_CURVE('',#923,#856,#393,.T.);
#1146=EDGE_CURVE('',#924,#919,#394,.T.);
#1147=EDGE_CURVE('',#924,#925,#395,.T.);
#1148=EDGE_CURVE('',#925,#926,#729,.T.);
#1149=EDGE_CURVE('',#926,#927,#396,.T.);
#1150=EDGE_CURVE('',#928,#927,#397,.T.);
#1151=EDGE_CURVE('',#928,#929,#398,.T.);
#1152=EDGE_CURVE('',#929,#930,#730,.T.);
#1153=EDGE_CURVE('',#930,#923,#399,.T.);
#1154=EDGE_CURVE('',#863,#924,#400,.T.);
#1155=EDGE_CURVE('',#918,#798,#401,.T.);
#1156=EDGE_CURVE('',#916,#804,#402,.T.);
#1157=EDGE_CURVE('',#914,#822,#403,.T.);
#1158=EDGE_CURVE('',#912,#816,#404,.T.);
#1159=EDGE_CURVE('',#910,#810,#405,.T.);
#1160=EDGE_CURVE('',#866,#931,#406,.T.);
#1161=EDGE_CURVE('',#931,#932,#731,.T.);
#1162=EDGE_CURVE('',#932,#931,#732,.T.);
#1163=EDGE_CURVE('',#868,#933,#407,.T.);
#1164=EDGE_CURVE('',#933,#934,#733,.T.);
#1165=EDGE_CURVE('',#934,#933,#734,.T.);
#1166=EDGE_CURVE('',#870,#935,#408,.T.);
#1167=EDGE_CURVE('',#935,#936,#735,.T.);
#1168=EDGE_CURVE('',#936,#935,#736,.T.);
#1169=EDGE_CURVE('',#872,#937,#409,.T.);
#1170=EDGE_CURVE('',#937,#938,#737,.T.);
#1171=EDGE_CURVE('',#938,#937,#738,.T.);
#1172=EDGE_CURVE('',#939,#877,#410,.T.);
#1173=EDGE_CURVE('',#940,#939,#411,.T.);
#1174=EDGE_CURVE('',#878,#940,#412,.T.);
#1175=EDGE_CURVE('',#941,#876,#413,.T.);
#1176=EDGE_CURVE('',#939,#941,#739,.T.);
#1177=EDGE_CURVE('',#942,#875,#414,.T.);
#1178=EDGE_CURVE('',#941,#942,#415,.T.);
#1179=EDGE_CURVE('',#930,#857,#416,.T.);
#1180=EDGE_CURVE('',#929,#858,#417,.T.);
#1181=EDGE_CURVE('',#859,#928,#418,.T.);
#1182=EDGE_CURVE('',#943,#880,#419,.T.);
#1183=EDGE_CURVE('',#944,#943,#740,.T.);
#1184=EDGE_CURVE('',#944,#881,#420,.T.);
#1185=EDGE_CURVE('',#945,#879,#421,.T.);
#1186=EDGE_CURVE('',#943,#945,#422,.T.);
#1187=EDGE_CURVE('',#946,#944,#423,.T.);
#1188=EDGE_CURVE('',#882,#946,#424,.T.);
#1189=EDGE_CURVE('',#926,#861,#425,.T.);
#1190=EDGE_CURVE('',#925,#862,#426,.T.);
#1191=EDGE_CURVE('',#927,#860,#427,.T.);
#1192=EDGE_CURVE('',#940,#945,#428,.T.);
#1193=EDGE_CURVE('',#946,#947,#429,.T.);
#1194=EDGE_CURVE('',#947,#883,#430,.T.);
#1195=EDGE_CURVE('',#922,#948,#431,.T.);
#1196=EDGE_CURVE('',#948,#889,#432,.T.);
#1197=EDGE_CURVE('',#949,#832,#741,.T.);
#1198=EDGE_CURVE('',#947,#949,#742,.T.);
#1199=EDGE_CURVE('',#950,#942,#433,.T.);
#1200=EDGE_CURVE('',#951,#950,#743,.T.);
#1201=EDGE_CURVE('',#835,#951,#744,.T.);
#1202=EDGE_CURVE('',#948,#892,#745,.T.);
#1203=EDGE_CURVE('',#952,#921,#434,.T.);
#1204=EDGE_CURVE('',#891,#952,#746,.T.);
#1205=EDGE_CURVE('',#839,#953,#435,.T.);
#1206=EDGE_CURVE('',#954,#953,#436,.T.);
#1207=EDGE_CURVE('',#840,#954,#437,.T.);
#1208=EDGE_CURVE('',#955,#954,#747,.T.);
#1209=EDGE_CURVE('',#841,#955,#438,.T.);
#1210=EDGE_CURVE('',#956,#955,#748,.T.);
#1211=EDGE_CURVE('',#842,#956,#439,.T.);
#1212=EDGE_CURVE('',#957,#956,#749,.T.);
#1213=EDGE_CURVE('',#843,#957,#440,.T.);
#1214=EDGE_CURVE('',#958,#957,#441,.T.);
#1215=EDGE_CURVE('',#844,#958,#442,.T.);
#1216=EDGE_CURVE('',#959,#958,#750,.T.);
#1217=EDGE_CURVE('',#845,#959,#443,.T.);
#1218=EDGE_CURVE('',#960,#959,#444,.T.);
#1219=EDGE_CURVE('',#846,#960,#445,.T.);
#1220=EDGE_CURVE('',#961,#960,#751,.T.);
#1221=EDGE_CURVE('',#847,#961,#446,.T.);
#1222=EDGE_CURVE('',#962,#961,#447,.T.);
#1223=EDGE_CURVE('',#848,#962,#448,.T.);
#1224=EDGE_CURVE('',#963,#962,#752,.T.);
#1225=EDGE_CURVE('',#849,#963,#449,.T.);
#1226=EDGE_CURVE('',#964,#963,#753,.T.);
#1227=EDGE_CURVE('',#850,#964,#450,.T.);
#1228=EDGE_CURVE('',#965,#964,#754,.T.);
#1229=EDGE_CURVE('',#851,#965,#451,.T.);
#1230=EDGE_CURVE('',#966,#965,#452,.T.);
#1231=EDGE_CURVE('',#852,#966,#453,.T.);
#1232=EDGE_CURVE('',#967,#966,#755,.T.);
#1233=EDGE_CURVE('',#853,#967,#454,.T.);
#1234=EDGE_CURVE('',#968,#967,#455,.T.);
#1235=EDGE_CURVE('',#854,#968,#456,.T.);
#1236=EDGE_CURVE('',#953,#968,#756,.T.);
#1237=EDGE_CURVE('',#969,#970,#757,.T.);
#1238=EDGE_CURVE('',#970,#971,#457,.T.);
#1239=EDGE_CURVE('',#971,#972,#758,.T.);
#1240=EDGE_CURVE('',#972,#973,#759,.T.);
#1241=EDGE_CURVE('',#973,#974,#760,.T.);
#1242=EDGE_CURVE('',#974,#975,#458,.T.);
#1243=EDGE_CURVE('',#975,#976,#761,.T.);
#1244=EDGE_CURVE('',#976,#977,#459,.T.);
#1245=EDGE_CURVE('',#977,#978,#762,.T.);
#1246=EDGE_CURVE('',#978,#979,#460,.T.);
#1247=EDGE_CURVE('',#979,#980,#763,.T.);
#1248=EDGE_CURVE('',#980,#981,#764,.T.);
#1249=EDGE_CURVE('',#981,#982,#765,.T.);
#1250=EDGE_CURVE('',#982,#983,#461,.T.);
#1251=EDGE_CURVE('',#983,#984,#766,.T.);
#1252=EDGE_CURVE('',#984,#969,#462,.T.);
#1253=EDGE_CURVE('',#985,#893,#767,.T.);
#1254=EDGE_CURVE('',#894,#986,#768,.T.);
#1255=EDGE_CURVE('',#986,#985,#769,.T.);
#1256=EDGE_CURVE('',#908,#987,#770,.T.);
#1257=EDGE_CURVE('',#987,#986,#463,.T.);
#1258=EDGE_CURVE('',#907,#988,#771,.T.);
#1259=EDGE_CURVE('',#988,#987,#772,.T.);
#1260=EDGE_CURVE('',#906,#989,#773,.T.);
#1261=EDGE_CURVE('',#989,#988,#464,.T.);
#1262=EDGE_CURVE('',#905,#990,#774,.T.);
#1263=EDGE_CURVE('',#990,#989,#775,.T.);
#1264=EDGE_CURVE('',#904,#991,#776,.T.);
#1265=EDGE_CURVE('',#991,#990,#777,.T.);
#1266=EDGE_CURVE('',#903,#992,#778,.T.);
#1267=EDGE_CURVE('',#992,#991,#779,.T.);
#1268=EDGE_CURVE('',#902,#993,#780,.T.);
#1269=EDGE_CURVE('',#993,#992,#465,.T.);
#1270=EDGE_CURVE('',#901,#994,#781,.T.);
#1271=EDGE_CURVE('',#994,#993,#782,.T.);
#1272=EDGE_CURVE('',#900,#995,#783,.T.);
#1273=EDGE_CURVE('',#995,#994,#466,.T.);
#1274=EDGE_CURVE('',#899,#996,#784,.T.);
#1275=EDGE_CURVE('',#996,#995,#785,.T.);
#1276=EDGE_CURVE('',#898,#997,#786,.T.);
#1277=EDGE_CURVE('',#997,#996,#467,.T.);
#1278=EDGE_CURVE('',#897,#998,#787,.T.);
#1279=EDGE_CURVE('',#998,#997,#788,.T.);
#1280=EDGE_CURVE('',#896,#999,#789,.T.);
#1281=EDGE_CURVE('',#999,#998,#790,.T.);
#1282=EDGE_CURVE('',#895,#1000,#791,.T.);
#1283=EDGE_CURVE('',#1000,#999,#792,.T.);
#1284=EDGE_CURVE('',#985,#1000,#468,.T.);
#1285=EDGE_CURVE('',#977,#995,#469,.T.);
#1286=EDGE_CURVE('',#994,#976,#470,.T.);
#1287=EDGE_CURVE('',#996,#978,#471,.T.);
#1288=EDGE_CURVE('',#979,#997,#472,.T.);
#1289=EDGE_CURVE('',#998,#980,#473,.T.);
#1290=EDGE_CURVE('',#981,#999,#474,.T.);
#1291=EDGE_CURVE('',#1000,#982,#475,.T.);
#1292=EDGE_CURVE('',#983,#985,#476,.T.);
#1293=EDGE_CURVE('',#986,#984,#477,.T.);
#1294=EDGE_CURVE('',#951,#873,#478,.T.);
#1295=EDGE_CURVE('',#874,#950,#479,.T.);
#1296=EDGE_CURVE('',#884,#949,#480,.T.);
#1297=EDGE_CURVE('',#886,#952,#481,.T.);
#1298=EDGE_CURVE('',#992,#974,#482,.T.);
#1299=EDGE_CURVE('',#973,#991,#483,.T.);
#1300=EDGE_CURVE('',#990,#972,#484,.T.);
#1301=EDGE_CURVE('',#971,#989,#485,.T.);
#1302=EDGE_CURVE('',#988,#970,#486,.T.);
#1303=EDGE_CURVE('',#975,#993,#487,.T.);
#1304=EDGE_CURVE('',#969,#987,#488,.T.);
#1305=ORIENTED_EDGE('',*,*,#1001,.F.);
#1306=ORIENTED_EDGE('',*,*,#1002,.F.);
#1307=ORIENTED_EDGE('',*,*,#1003,.T.);
#1308=ORIENTED_EDGE('',*,*,#1004,.F.);
#1309=ORIENTED_EDGE('',*,*,#1005,.F.);
#1310=ORIENTED_EDGE('',*,*,#1003,.F.);
#1311=ORIENTED_EDGE('',*,*,#1001,.T.);
#1312=ORIENTED_EDGE('',*,*,#1002,.T.);
#1313=ORIENTED_EDGE('',*,*,#1006,.T.);
#1314=ORIENTED_EDGE('',*,*,#1007,.T.);
#1315=ORIENTED_EDGE('',*,*,#1008,.F.);
#1316=ORIENTED_EDGE('',*,*,#1009,.F.);
#1317=ORIENTED_EDGE('',*,*,#1010,.T.);
#1318=ORIENTED_EDGE('',*,*,#1011,.F.);
#1319=ORIENTED_EDGE('',*,*,#1012,.F.);
#1320=ORIENTED_EDGE('',*,*,#1010,.F.);
#1321=ORIENTED_EDGE('',*,*,#1008,.T.);
#1322=ORIENTED_EDGE('',*,*,#1009,.T.);
#1323=ORIENTED_EDGE('',*,*,#1013,.T.);
#1324=ORIENTED_EDGE('',*,*,#1014,.T.);
#1325=ORIENTED_EDGE('',*,*,#1015,.F.);
#1326=ORIENTED_EDGE('',*,*,#1016,.F.);
#1327=ORIENTED_EDGE('',*,*,#1017,.T.);
#1328=ORIENTED_EDGE('',*,*,#1018,.F.);
#1329=ORIENTED_EDGE('',*,*,#1019,.F.);
#1330=ORIENTED_EDGE('',*,*,#1017,.F.);
#1331=ORIENTED_EDGE('',*,*,#1015,.T.);
#1332=ORIENTED_EDGE('',*,*,#1016,.T.);
#1333=ORIENTED_EDGE('',*,*,#1020,.T.);
#1334=ORIENTED_EDGE('',*,*,#1021,.T.);
#1335=ORIENTED_EDGE('',*,*,#1022,.F.);
#1336=ORIENTED_EDGE('',*,*,#1023,.F.);
#1337=ORIENTED_EDGE('',*,*,#1024,.T.);
#1338=ORIENTED_EDGE('',*,*,#1025,.F.);
#1339=ORIENTED_EDGE('',*,*,#1026,.F.);
#1340=ORIENTED_EDGE('',*,*,#1024,.F.);
#1341=ORIENTED_EDGE('',*,*,#1022,.T.);
#1342=ORIENTED_EDGE('',*,*,#1023,.T.);
#1343=ORIENTED_EDGE('',*,*,#1027,.T.);
#1344=ORIENTED_EDGE('',*,*,#1028,.T.);
#1345=ORIENTED_EDGE('',*,*,#1029,.F.);
#1346=ORIENTED_EDGE('',*,*,#1030,.F.);
#1347=ORIENTED_EDGE('',*,*,#1031,.T.);
#1348=ORIENTED_EDGE('',*,*,#1032,.F.);
#1349=ORIENTED_EDGE('',*,*,#1033,.F.);
#1350=ORIENTED_EDGE('',*,*,#1031,.F.);
#1351=ORIENTED_EDGE('',*,*,#1029,.T.);
#1352=ORIENTED_EDGE('',*,*,#1030,.T.);
#1353=ORIENTED_EDGE('',*,*,#1034,.T.);
#1354=ORIENTED_EDGE('',*,*,#1035,.T.);
#1355=ORIENTED_EDGE('',*,*,#1036,.F.);
#1356=ORIENTED_EDGE('',*,*,#1037,.F.);
#1357=ORIENTED_EDGE('',*,*,#1038,.T.);
#1358=ORIENTED_EDGE('',*,*,#1039,.T.);
#1359=ORIENTED_EDGE('',*,*,#1040,.T.);
#1360=ORIENTED_EDGE('',*,*,#1038,.F.);
#1361=ORIENTED_EDGE('',*,*,#1040,.F.);
#1362=ORIENTED_EDGE('',*,*,#1039,.F.);
#1363=ORIENTED_EDGE('',*,*,#1041,.F.);
#1364=ORIENTED_EDGE('',*,*,#1042,.F.);
#1365=ORIENTED_EDGE('',*,*,#1043,.T.);
#1366=ORIENTED_EDGE('',*,*,#1044,.T.);
#1367=ORIENTED_EDGE('',*,*,#1045,.T.);
#1368=ORIENTED_EDGE('',*,*,#1043,.F.);
#1369=ORIENTED_EDGE('',*,*,#1045,.F.);
#1370=ORIENTED_EDGE('',*,*,#1044,.F.);
#1371=ORIENTED_EDGE('',*,*,#1046,.F.);
#1372=ORIENTED_EDGE('',*,*,#1047,.F.);
#1373=ORIENTED_EDGE('',*,*,#1048,.F.);
#1374=ORIENTED_EDGE('',*,*,#1049,.F.);
#1375=ORIENTED_EDGE('',*,*,#1050,.F.);
#1376=ORIENTED_EDGE('',*,*,#1051,.F.);
#1377=ORIENTED_EDGE('',*,*,#1052,.F.);
#1378=ORIENTED_EDGE('',*,*,#1053,.F.);
#1379=ORIENTED_EDGE('',*,*,#1054,.T.);
#1380=ORIENTED_EDGE('',*,*,#1055,.T.);
#1381=ORIENTED_EDGE('',*,*,#1056,.T.);
#1382=ORIENTED_EDGE('',*,*,#1057,.T.);
#1383=ORIENTED_EDGE('',*,*,#1058,.T.);
#1384=ORIENTED_EDGE('',*,*,#1059,.T.);
#1385=ORIENTED_EDGE('',*,*,#1060,.T.);
#1386=ORIENTED_EDGE('',*,*,#1061,.T.);
#1387=ORIENTED_EDGE('',*,*,#1062,.T.);
#1388=ORIENTED_EDGE('',*,*,#1063,.T.);
#1389=ORIENTED_EDGE('',*,*,#1064,.T.);
#1390=ORIENTED_EDGE('',*,*,#1065,.T.);
#1391=ORIENTED_EDGE('',*,*,#1066,.T.);
#1392=ORIENTED_EDGE('',*,*,#1067,.T.);
#1393=ORIENTED_EDGE('',*,*,#1068,.T.);
#1394=ORIENTED_EDGE('',*,*,#1069,.T.);
#1395=ORIENTED_EDGE('',*,*,#1036,.T.);
#1396=ORIENTED_EDGE('',*,*,#1037,.T.);
#1397=ORIENTED_EDGE('',*,*,#1041,.T.);
#1398=ORIENTED_EDGE('',*,*,#1042,.T.);
#1399=ORIENTED_EDGE('',*,*,#1070,.T.);
#1400=ORIENTED_EDGE('',*,*,#1071,.F.);
#1401=ORIENTED_EDGE('',*,*,#1072,.F.);
#1402=ORIENTED_EDGE('',*,*,#1073,.F.);
#1403=ORIENTED_EDGE('',*,*,#1074,.T.);
#1404=ORIENTED_EDGE('',*,*,#1075,.F.);
#1405=ORIENTED_EDGE('',*,*,#1076,.F.);
#1406=ORIENTED_EDGE('',*,*,#1077,.F.);
#1407=ORIENTED_EDGE('',*,*,#1078,.T.);
#1408=ORIENTED_EDGE('',*,*,#1079,.F.);
#1409=ORIENTED_EDGE('',*,*,#1080,.T.);
#1410=ORIENTED_EDGE('',*,*,#1081,.T.);
#1411=ORIENTED_EDGE('',*,*,#1082,.T.);
#1412=ORIENTED_EDGE('',*,*,#1083,.T.);
#1413=ORIENTED_EDGE('',*,*,#1084,.T.);
#1414=ORIENTED_EDGE('',*,*,#1085,.T.);
#1415=ORIENTED_EDGE('',*,*,#1086,.T.);
#1416=ORIENTED_EDGE('',*,*,#1087,.T.);
#1417=ORIENTED_EDGE('',*,*,#1052,.T.);
#1418=ORIENTED_EDGE('',*,*,#1088,.T.);
#1419=ORIENTED_EDGE('',*,*,#1089,.T.);
#1420=ORIENTED_EDGE('',*,*,#1090,.T.);
#1421=ORIENTED_EDGE('',*,*,#1091,.F.);
#1422=ORIENTED_EDGE('',*,*,#1092,.F.);
#1423=ORIENTED_EDGE('',*,*,#1093,.F.);
#1424=ORIENTED_EDGE('',*,*,#1094,.T.);
#1425=ORIENTED_EDGE('',*,*,#1095,.F.);
#1426=ORIENTED_EDGE('',*,*,#1096,.F.);
#1427=ORIENTED_EDGE('',*,*,#1097,.F.);
#1428=ORIENTED_EDGE('',*,*,#1098,.T.);
#1429=ORIENTED_EDGE('',*,*,#1099,.T.);
#1430=ORIENTED_EDGE('',*,*,#1100,.T.);
#1431=ORIENTED_EDGE('',*,*,#1048,.T.);
#1432=ORIENTED_EDGE('',*,*,#1101,.T.);
#1433=ORIENTED_EDGE('',*,*,#1102,.T.);
#1434=ORIENTED_EDGE('',*,*,#1103,.T.);
#1435=ORIENTED_EDGE('',*,*,#1104,.F.);
#1436=ORIENTED_EDGE('',*,*,#1105,.T.);
#1437=ORIENTED_EDGE('',*,*,#1106,.T.);
#1438=ORIENTED_EDGE('',*,*,#1107,.T.);
#1439=ORIENTED_EDGE('',*,*,#1047,.T.);
#1440=ORIENTED_EDGE('',*,*,#1108,.T.);
#1441=ORIENTED_EDGE('',*,*,#1109,.T.);
#1442=ORIENTED_EDGE('',*,*,#1101,.F.);
#1443=ORIENTED_EDGE('',*,*,#1053,.T.);
#1444=ORIENTED_EDGE('',*,*,#1107,.F.);
#1445=ORIENTED_EDGE('',*,*,#1110,.T.);
#1446=ORIENTED_EDGE('',*,*,#1111,.T.);
#1447=ORIENTED_EDGE('',*,*,#1112,.F.);
#1448=ORIENTED_EDGE('',*,*,#1113,.F.);
#1449=ORIENTED_EDGE('',*,*,#1114,.F.);
#1450=ORIENTED_EDGE('',*,*,#1115,.F.);
#1451=ORIENTED_EDGE('',*,*,#1116,.F.);
#1452=ORIENTED_EDGE('',*,*,#1117,.F.);
#1453=ORIENTED_EDGE('',*,*,#1118,.F.);
#1454=ORIENTED_EDGE('',*,*,#1119,.F.);
#1455=ORIENTED_EDGE('',*,*,#1120,.F.);
#1456=ORIENTED_EDGE('',*,*,#1121,.F.);
#1457=ORIENTED_EDGE('',*,*,#1122,.F.);
#1458=ORIENTED_EDGE('',*,*,#1123,.F.);
#1459=ORIENTED_EDGE('',*,*,#1124,.F.);
#1460=ORIENTED_EDGE('',*,*,#1125,.F.);
#1461=ORIENTED_EDGE('',*,*,#1126,.F.);
#1462=ORIENTED_EDGE('',*,*,#1127,.F.);
#1463=ORIENTED_EDGE('',*,*,#1128,.T.);
#1464=ORIENTED_EDGE('',*,*,#1129,.T.);
#1465=ORIENTED_EDGE('',*,*,#1130,.T.);
#1466=ORIENTED_EDGE('',*,*,#1131,.T.);
#1467=ORIENTED_EDGE('',*,*,#1132,.T.);
#1468=ORIENTED_EDGE('',*,*,#1133,.T.);
#1469=ORIENTED_EDGE('',*,*,#1134,.T.);
#1470=ORIENTED_EDGE('',*,*,#1135,.T.);
#1471=ORIENTED_EDGE('',*,*,#1136,.T.);
#1472=ORIENTED_EDGE('',*,*,#1137,.T.);
#1473=ORIENTED_EDGE('',*,*,#1079,.T.);
#1474=ORIENTED_EDGE('',*,*,#1138,.F.);
#1475=ORIENTED_EDGE('',*,*,#1139,.F.);
#1476=ORIENTED_EDGE('',*,*,#1140,.F.);
#1477=ORIENTED_EDGE('',*,*,#1104,.T.);
#1478=ORIENTED_EDGE('',*,*,#1141,.F.);
#1479=ORIENTED_EDGE('',*,*,#1142,.F.);
#1480=ORIENTED_EDGE('',*,*,#1143,.F.);
#1481=ORIENTED_EDGE('',*,*,#1140,.T.);
#1482=ORIENTED_EDGE('',*,*,#1144,.T.);
#1483=ORIENTED_EDGE('',*,*,#1145,.T.);
#1484=ORIENTED_EDGE('',*,*,#1070,.F.);
#1485=ORIENTED_EDGE('',*,*,#1139,.T.);
#1486=ORIENTED_EDGE('',*,*,#1146,.F.);
#1487=ORIENTED_EDGE('',*,*,#1147,.T.);
#1488=ORIENTED_EDGE('',*,*,#1148,.T.);
#1489=ORIENTED_EDGE('',*,*,#1149,.T.);
#1490=ORIENTED_EDGE('',*,*,#1150,.F.);
#1491=ORIENTED_EDGE('',*,*,#1151,.T.);
#1492=ORIENTED_EDGE('',*,*,#1152,.T.);
#1493=ORIENTED_EDGE('',*,*,#1153,.T.);
#1494=ORIENTED_EDGE('',*,*,#1144,.F.);
#1495=ORIENTED_EDGE('',*,*,#1138,.T.);
#1496=ORIENTED_EDGE('',*,*,#1078,.F.);
#1497=ORIENTED_EDGE('',*,*,#1154,.T.);
#1498=ORIENTED_EDGE('',*,*,#1146,.T.);
#1499=ORIENTED_EDGE('',*,*,#1136,.F.);
#1500=ORIENTED_EDGE('',*,*,#1137,.F.);
#1501=ORIENTED_EDGE('',*,*,#1155,.T.);
#1502=ORIENTED_EDGE('',*,*,#1006,.F.);
#1503=ORIENTED_EDGE('',*,*,#1007,.F.);
#1504=ORIENTED_EDGE('',*,*,#1155,.F.);
#1505=ORIENTED_EDGE('',*,*,#1134,.F.);
#1506=ORIENTED_EDGE('',*,*,#1135,.F.);
#1507=ORIENTED_EDGE('',*,*,#1156,.T.);
#1508=ORIENTED_EDGE('',*,*,#1013,.F.);
#1509=ORIENTED_EDGE('',*,*,#1014,.F.);
#1510=ORIENTED_EDGE('',*,*,#1156,.F.);
#1511=ORIENTED_EDGE('',*,*,#1132,.F.);
#1512=ORIENTED_EDGE('',*,*,#1133,.F.);
#1513=ORIENTED_EDGE('',*,*,#1157,.T.);
#1514=ORIENTED_EDGE('',*,*,#1034,.F.);
#1515=ORIENTED_EDGE('',*,*,#1035,.F.);
#1516=ORIENTED_EDGE('',*,*,#1157,.F.);
#1517=ORIENTED_EDGE('',*,*,#1130,.F.);
#1518=ORIENTED_EDGE('',*,*,#1131,.F.);
#1519=ORIENTED_EDGE('',*,*,#1158,.T.);
#1520=ORIENTED_EDGE('',*,*,#1027,.F.);
#1521=ORIENTED_EDGE('',*,*,#1028,.F.);
#1522=ORIENTED_EDGE('',*,*,#1158,.F.);
#1523=ORIENTED_EDGE('',*,*,#1128,.F.);
#1524=ORIENTED_EDGE('',*,*,#1129,.F.);
#1525=ORIENTED_EDGE('',*,*,#1159,.T.);
#1526=ORIENTED_EDGE('',*,*,#1020,.F.);
#1527=ORIENTED_EDGE('',*,*,#1021,.F.);
#1528=ORIENTED_EDGE('',*,*,#1159,.F.);
#1529=ORIENTED_EDGE('',*,*,#1080,.F.);
#1530=ORIENTED_EDGE('',*,*,#1081,.F.);
#1531=ORIENTED_EDGE('',*,*,#1160,.T.);
#1532=ORIENTED_EDGE('',*,*,#1161,.T.);
#1533=ORIENTED_EDGE('',*,*,#1162,.T.);
#1534=ORIENTED_EDGE('',*,*,#1160,.F.);
#1535=ORIENTED_EDGE('',*,*,#1162,.F.);
#1536=ORIENTED_EDGE('',*,*,#1161,.F.);
#1537=ORIENTED_EDGE('',*,*,#1082,.F.);
#1538=ORIENTED_EDGE('',*,*,#1083,.F.);
#1539=ORIENTED_EDGE('',*,*,#1163,.T.);
#1540=ORIENTED_EDGE('',*,*,#1164,.T.);
#1541=ORIENTED_EDGE('',*,*,#1165,.T.);
#1542=ORIENTED_EDGE('',*,*,#1163,.F.);
#1543=ORIENTED_EDGE('',*,*,#1165,.F.);
#1544=ORIENTED_EDGE('',*,*,#1164,.F.);
#1545=ORIENTED_EDGE('',*,*,#1084,.F.);
#1546=ORIENTED_EDGE('',*,*,#1085,.F.);
#1547=ORIENTED_EDGE('',*,*,#1166,.T.);
#1548=ORIENTED_EDGE('',*,*,#1167,.T.);
#1549=ORIENTED_EDGE('',*,*,#1168,.T.);
#1550=ORIENTED_EDGE('',*,*,#1166,.F.);
#1551=ORIENTED_EDGE('',*,*,#1168,.F.);
#1552=ORIENTED_EDGE('',*,*,#1167,.F.);
#1553=ORIENTED_EDGE('',*,*,#1086,.F.);
#1554=ORIENTED_EDGE('',*,*,#1087,.F.);
#1555=ORIENTED_EDGE('',*,*,#1169,.T.);
#1556=ORIENTED_EDGE('',*,*,#1170,.T.);
#1557=ORIENTED_EDGE('',*,*,#1171,.T.);
#1558=ORIENTED_EDGE('',*,*,#1169,.F.);
#1559=ORIENTED_EDGE('',*,*,#1171,.F.);
#1560=ORIENTED_EDGE('',*,*,#1170,.F.);
#1561=ORIENTED_EDGE('',*,*,#1093,.T.);
#1562=ORIENTED_EDGE('',*,*,#1172,.F.);
#1563=ORIENTED_EDGE('',*,*,#1173,.F.);
#1564=ORIENTED_EDGE('',*,*,#1174,.F.);
#1565=ORIENTED_EDGE('',*,*,#1092,.T.);
#1566=ORIENTED_EDGE('',*,*,#1175,.F.);
#1567=ORIENTED_EDGE('',*,*,#1176,.F.);
#1568=ORIENTED_EDGE('',*,*,#1172,.T.);
#1569=ORIENTED_EDGE('',*,*,#1091,.T.);
#1570=ORIENTED_EDGE('',*,*,#1177,.F.);
#1571=ORIENTED_EDGE('',*,*,#1178,.F.);
#1572=ORIENTED_EDGE('',*,*,#1175,.T.);
#1573=ORIENTED_EDGE('',*,*,#1071,.T.);
#1574=ORIENTED_EDGE('',*,*,#1145,.F.);
#1575=ORIENTED_EDGE('',*,*,#1153,.F.);
#1576=ORIENTED_EDGE('',*,*,#1179,.T.);
#1577=ORIENTED_EDGE('',*,*,#1072,.T.);
#1578=ORIENTED_EDGE('',*,*,#1179,.F.);
#1579=ORIENTED_EDGE('',*,*,#1152,.F.);
#1580=ORIENTED_EDGE('',*,*,#1180,.T.);
#1581=ORIENTED_EDGE('',*,*,#1073,.T.);
#1582=ORIENTED_EDGE('',*,*,#1180,.F.);
#1583=ORIENTED_EDGE('',*,*,#1151,.F.);
#1584=ORIENTED_EDGE('',*,*,#1181,.F.);
#1585=ORIENTED_EDGE('',*,*,#1096,.T.);
#1586=ORIENTED_EDGE('',*,*,#1182,.F.);
#1587=ORIENTED_EDGE('',*,*,#1183,.F.);
#1588=ORIENTED_EDGE('',*,*,#1184,.T.);
#1589=ORIENTED_EDGE('',*,*,#1095,.T.);
#1590=ORIENTED_EDGE('',*,*,#1185,.F.);
#1591=ORIENTED_EDGE('',*,*,#1186,.F.);
#1592=ORIENTED_EDGE('',*,*,#1182,.T.);
#1593=ORIENTED_EDGE('',*,*,#1097,.T.);
#1594=ORIENTED_EDGE('',*,*,#1184,.F.);
#1595=ORIENTED_EDGE('',*,*,#1187,.F.);
#1596=ORIENTED_EDGE('',*,*,#1188,.F.);
#1597=ORIENTED_EDGE('',*,*,#1076,.T.);
#1598=ORIENTED_EDGE('',*,*,#1189,.F.);
#1599=ORIENTED_EDGE('',*,*,#1148,.F.);
#1600=ORIENTED_EDGE('',*,*,#1190,.T.);
#1601=ORIENTED_EDGE('',*,*,#1077,.T.);
#1602=ORIENTED_EDGE('',*,*,#1190,.F.);
#1603=ORIENTED_EDGE('',*,*,#1147,.F.);
#1604=ORIENTED_EDGE('',*,*,#1154,.F.);
#1605=ORIENTED_EDGE('',*,*,#1075,.T.);
#1606=ORIENTED_EDGE('',*,*,#1191,.F.);
#1607=ORIENTED_EDGE('',*,*,#1149,.F.);
#1608=ORIENTED_EDGE('',*,*,#1189,.T.);
#1609=ORIENTED_EDGE('',*,*,#1174,.T.);
#1610=ORIENTED_EDGE('',*,*,#1192,.T.);
#1611=ORIENTED_EDGE('',*,*,#1185,.T.);
#1612=ORIENTED_EDGE('',*,*,#1094,.F.);
#1613=ORIENTED_EDGE('',*,*,#1188,.T.);
#1614=ORIENTED_EDGE('',*,*,#1193,.T.);
#1615=ORIENTED_EDGE('',*,*,#1194,.T.);
#1616=ORIENTED_EDGE('',*,*,#1098,.F.);
#1617=ORIENTED_EDGE('',*,*,#1181,.T.);
#1618=ORIENTED_EDGE('',*,*,#1150,.T.);
#1619=ORIENTED_EDGE('',*,*,#1191,.T.);
#1620=ORIENTED_EDGE('',*,*,#1074,.F.);
#1621=ORIENTED_EDGE('',*,*,#1143,.T.);
#1622=ORIENTED_EDGE('',*,*,#1195,.T.);
#1623=ORIENTED_EDGE('',*,*,#1196,.T.);
#1624=ORIENTED_EDGE('',*,*,#1105,.F.);
#1625=ORIENTED_EDGE('',*,*,#1046,.T.);
#1626=ORIENTED_EDGE('',*,*,#1197,.F.);
#1627=ORIENTED_EDGE('',*,*,#1198,.F.);
#1628=ORIENTED_EDGE('',*,*,#1193,.F.);
#1629=ORIENTED_EDGE('',*,*,#1187,.T.);
#1630=ORIENTED_EDGE('',*,*,#1183,.T.);
#1631=ORIENTED_EDGE('',*,*,#1186,.T.);
#1632=ORIENTED_EDGE('',*,*,#1192,.F.);
#1633=ORIENTED_EDGE('',*,*,#1173,.T.);
#1634=ORIENTED_EDGE('',*,*,#1176,.T.);
#1635=ORIENTED_EDGE('',*,*,#1178,.T.);
#1636=ORIENTED_EDGE('',*,*,#1199,.F.);
#1637=ORIENTED_EDGE('',*,*,#1200,.F.);
#1638=ORIENTED_EDGE('',*,*,#1201,.F.);
#1639=ORIENTED_EDGE('',*,*,#1050,.T.);
#1640=ORIENTED_EDGE('',*,*,#1111,.F.);
#1641=ORIENTED_EDGE('',*,*,#1202,.F.);
#1642=ORIENTED_EDGE('',*,*,#1195,.F.);
#1643=ORIENTED_EDGE('',*,*,#1142,.T.);
#1644=ORIENTED_EDGE('',*,*,#1203,.F.);
#1645=ORIENTED_EDGE('',*,*,#1204,.F.);
#1646=ORIENTED_EDGE('',*,*,#1108,.F.);
#1647=ORIENTED_EDGE('',*,*,#1004,.T.);
#1648=ORIENTED_EDGE('',*,*,#1005,.T.);
#1649=ORIENTED_EDGE('',*,*,#1011,.T.);
#1650=ORIENTED_EDGE('',*,*,#1012,.T.);
#1651=ORIENTED_EDGE('',*,*,#1018,.T.);
#1652=ORIENTED_EDGE('',*,*,#1019,.T.);
#1653=ORIENTED_EDGE('',*,*,#1025,.T.);
#1654=ORIENTED_EDGE('',*,*,#1026,.T.);
#1655=ORIENTED_EDGE('',*,*,#1032,.T.);
#1656=ORIENTED_EDGE('',*,*,#1033,.T.);
#1657=ORIENTED_EDGE('',*,*,#1054,.F.);
#1658=ORIENTED_EDGE('',*,*,#1205,.T.);
#1659=ORIENTED_EDGE('',*,*,#1206,.F.);
#1660=ORIENTED_EDGE('',*,*,#1207,.F.);
#1661=ORIENTED_EDGE('',*,*,#1055,.F.);
#1662=ORIENTED_EDGE('',*,*,#1207,.T.);
#1663=ORIENTED_EDGE('',*,*,#1208,.F.);
#1664=ORIENTED_EDGE('',*,*,#1209,.F.);
#1665=ORIENTED_EDGE('',*,*,#1056,.F.);
#1666=ORIENTED_EDGE('',*,*,#1209,.T.);
#1667=ORIENTED_EDGE('',*,*,#1210,.F.);
#1668=ORIENTED_EDGE('',*,*,#1211,.F.);
#1669=ORIENTED_EDGE('',*,*,#1057,.F.);
#1670=ORIENTED_EDGE('',*,*,#1211,.T.);
#1671=ORIENTED_EDGE('',*,*,#1212,.F.);
#1672=ORIENTED_EDGE('',*,*,#1213,.F.);
#1673=ORIENTED_EDGE('',*,*,#1058,.F.);
#1674=ORIENTED_EDGE('',*,*,#1213,.T.);
#1675=ORIENTED_EDGE('',*,*,#1214,.F.);
#1676=ORIENTED_EDGE('',*,*,#1215,.F.);
#1677=ORIENTED_EDGE('',*,*,#1059,.F.);
#1678=ORIENTED_EDGE('',*,*,#1215,.T.);
#1679=ORIENTED_EDGE('',*,*,#1216,.F.);
#1680=ORIENTED_EDGE('',*,*,#1217,.F.);
#1681=ORIENTED_EDGE('',*,*,#1060,.F.);
#1682=ORIENTED_EDGE('',*,*,#1217,.T.);
#1683=ORIENTED_EDGE('',*,*,#1218,.F.);
#1684=ORIENTED_EDGE('',*,*,#1219,.F.);
#1685=ORIENTED_EDGE('',*,*,#1061,.F.);
#1686=ORIENTED_EDGE('',*,*,#1219,.T.);
#1687=ORIENTED_EDGE('',*,*,#1220,.F.);
#1688=ORIENTED_EDGE('',*,*,#1221,.F.);
#1689=ORIENTED_EDGE('',*,*,#1062,.F.);
#1690=ORIENTED_EDGE('',*,*,#1221,.T.);
#1691=ORIENTED_EDGE('',*,*,#1222,.F.);
#1692=ORIENTED_EDGE('',*,*,#1223,.F.);
#1693=ORIENTED_EDGE('',*,*,#1063,.F.);
#1694=ORIENTED_EDGE('',*,*,#1223,.T.);
#1695=ORIENTED_EDGE('',*,*,#1224,.F.);
#1696=ORIENTED_EDGE('',*,*,#1225,.F.);
#1697=ORIENTED_EDGE('',*,*,#1064,.F.);
#1698=ORIENTED_EDGE('',*,*,#1225,.T.);
#1699=ORIENTED_EDGE('',*,*,#1226,.F.);
#1700=ORIENTED_EDGE('',*,*,#1227,.F.);
#1701=ORIENTED_EDGE('',*,*,#1065,.F.);
#1702=ORIENTED_EDGE('',*,*,#1227,.T.);
#1703=ORIENTED_EDGE('',*,*,#1228,.F.);
#1704=ORIENTED_EDGE('',*,*,#1229,.F.);
#1705=ORIENTED_EDGE('',*,*,#1066,.F.);
#1706=ORIENTED_EDGE('',*,*,#1229,.T.);
#1707=ORIENTED_EDGE('',*,*,#1230,.F.);
#1708=ORIENTED_EDGE('',*,*,#1231,.F.);
#1709=ORIENTED_EDGE('',*,*,#1067,.F.);
#1710=ORIENTED_EDGE('',*,*,#1231,.T.);
#1711=ORIENTED_EDGE('',*,*,#1232,.F.);
#1712=ORIENTED_EDGE('',*,*,#1233,.F.);
#1713=ORIENTED_EDGE('',*,*,#1068,.F.);
#1714=ORIENTED_EDGE('',*,*,#1233,.T.);
#1715=ORIENTED_EDGE('',*,*,#1234,.F.);
#1716=ORIENTED_EDGE('',*,*,#1235,.F.);
#1717=ORIENTED_EDGE('',*,*,#1069,.F.);
#1718=ORIENTED_EDGE('',*,*,#1235,.T.);
#1719=ORIENTED_EDGE('',*,*,#1236,.F.);
#1720=ORIENTED_EDGE('',*,*,#1205,.F.);
#1721=ORIENTED_EDGE('',*,*,#1237,.T.);
#1722=ORIENTED_EDGE('',*,*,#1238,.T.);
#1723=ORIENTED_EDGE('',*,*,#1239,.T.);
#1724=ORIENTED_EDGE('',*,*,#1240,.T.);
#1725=ORIENTED_EDGE('',*,*,#1241,.T.);
#1726=ORIENTED_EDGE('',*,*,#1242,.T.);
#1727=ORIENTED_EDGE('',*,*,#1243,.T.);
#1728=ORIENTED_EDGE('',*,*,#1244,.T.);
#1729=ORIENTED_EDGE('',*,*,#1245,.T.);
#1730=ORIENTED_EDGE('',*,*,#1246,.T.);
#1731=ORIENTED_EDGE('',*,*,#1247,.T.);
#1732=ORIENTED_EDGE('',*,*,#1248,.T.);
#1733=ORIENTED_EDGE('',*,*,#1249,.T.);
#1734=ORIENTED_EDGE('',*,*,#1250,.T.);
#1735=ORIENTED_EDGE('',*,*,#1251,.T.);
#1736=ORIENTED_EDGE('',*,*,#1252,.T.);
#1737=ORIENTED_EDGE('',*,*,#1236,.T.);
#1738=ORIENTED_EDGE('',*,*,#1234,.T.);
#1739=ORIENTED_EDGE('',*,*,#1232,.T.);
#1740=ORIENTED_EDGE('',*,*,#1230,.T.);
#1741=ORIENTED_EDGE('',*,*,#1228,.T.);
#1742=ORIENTED_EDGE('',*,*,#1226,.T.);
#1743=ORIENTED_EDGE('',*,*,#1224,.T.);
#1744=ORIENTED_EDGE('',*,*,#1222,.T.);
#1745=ORIENTED_EDGE('',*,*,#1220,.T.);
#1746=ORIENTED_EDGE('',*,*,#1218,.T.);
#1747=ORIENTED_EDGE('',*,*,#1216,.T.);
#1748=ORIENTED_EDGE('',*,*,#1214,.T.);
#1749=ORIENTED_EDGE('',*,*,#1212,.T.);
#1750=ORIENTED_EDGE('',*,*,#1210,.T.);
#1751=ORIENTED_EDGE('',*,*,#1208,.T.);
#1752=ORIENTED_EDGE('',*,*,#1206,.T.);
#1753=ORIENTED_EDGE('',*,*,#1253,.T.);
#1754=ORIENTED_EDGE('',*,*,#1112,.T.);
#1755=ORIENTED_EDGE('',*,*,#1254,.T.);
#1756=ORIENTED_EDGE('',*,*,#1255,.T.);
#1757=ORIENTED_EDGE('',*,*,#1256,.T.);
#1758=ORIENTED_EDGE('',*,*,#1257,.T.);
#1759=ORIENTED_EDGE('',*,*,#1254,.F.);
#1760=ORIENTED_EDGE('',*,*,#1127,.T.);
#1761=ORIENTED_EDGE('',*,*,#1258,.T.);
#1762=ORIENTED_EDGE('',*,*,#1259,.T.);
#1763=ORIENTED_EDGE('',*,*,#1256,.F.);
#1764=ORIENTED_EDGE('',*,*,#1126,.T.);
#1765=ORIENTED_EDGE('',*,*,#1260,.T.);
#1766=ORIENTED_EDGE('',*,*,#1261,.T.);
#1767=ORIENTED_EDGE('',*,*,#1258,.F.);
#1768=ORIENTED_EDGE('',*,*,#1125,.T.);
#1769=ORIENTED_EDGE('',*,*,#1262,.T.);
#1770=ORIENTED_EDGE('',*,*,#1263,.T.);
#1771=ORIENTED_EDGE('',*,*,#1260,.F.);
#1772=ORIENTED_EDGE('',*,*,#1124,.T.);
#1773=ORIENTED_EDGE('',*,*,#1264,.T.);
#1774=ORIENTED_EDGE('',*,*,#1265,.T.);
#1775=ORIENTED_EDGE('',*,*,#1262,.F.);
#1776=ORIENTED_EDGE('',*,*,#1123,.T.);
#1777=ORIENTED_EDGE('',*,*,#1266,.T.);
#1778=ORIENTED_EDGE('',*,*,#1267,.T.);
#1779=ORIENTED_EDGE('',*,*,#1264,.F.);
#1780=ORIENTED_EDGE('',*,*,#1122,.T.);
#1781=ORIENTED_EDGE('',*,*,#1268,.T.);
#1782=ORIENTED_EDGE('',*,*,#1269,.T.);
#1783=ORIENTED_EDGE('',*,*,#1266,.F.);
#1784=ORIENTED_EDGE('',*,*,#1121,.T.);
#1785=ORIENTED_EDGE('',*,*,#1270,.T.);
#1786=ORIENTED_EDGE('',*,*,#1271,.T.);
#1787=ORIENTED_EDGE('',*,*,#1268,.F.);
#1788=ORIENTED_EDGE('',*,*,#1120,.T.);
#1789=ORIENTED_EDGE('',*,*,#1272,.T.);
#1790=ORIENTED_EDGE('',*,*,#1273,.T.);
#1791=ORIENTED_EDGE('',*,*,#1270,.F.);
#1792=ORIENTED_EDGE('',*,*,#1119,.T.);
#1793=ORIENTED_EDGE('',*,*,#1274,.T.);
#1794=ORIENTED_EDGE('',*,*,#1275,.T.);
#1795=ORIENTED_EDGE('',*,*,#1272,.F.);
#1796=ORIENTED_EDGE('',*,*,#1118,.T.);
#1797=ORIENTED_EDGE('',*,*,#1276,.T.);
#1798=ORIENTED_EDGE('',*,*,#1277,.T.);
#1799=ORIENTED_EDGE('',*,*,#1274,.F.);
#1800=ORIENTED_EDGE('',*,*,#1117,.T.);
#1801=ORIENTED_EDGE('',*,*,#1278,.T.);
#1802=ORIENTED_EDGE('',*,*,#1279,.T.);
#1803=ORIENTED_EDGE('',*,*,#1276,.F.);
#1804=ORIENTED_EDGE('',*,*,#1116,.T.);
#1805=ORIENTED_EDGE('',*,*,#1280,.T.);
#1806=ORIENTED_EDGE('',*,*,#1281,.T.);
#1807=ORIENTED_EDGE('',*,*,#1278,.F.);
#1808=ORIENTED_EDGE('',*,*,#1115,.T.);
#1809=ORIENTED_EDGE('',*,*,#1282,.T.);
#1810=ORIENTED_EDGE('',*,*,#1283,.T.);
#1811=ORIENTED_EDGE('',*,*,#1280,.F.);
#1812=ORIENTED_EDGE('',*,*,#1114,.T.);
#1813=ORIENTED_EDGE('',*,*,#1253,.F.);
#1814=ORIENTED_EDGE('',*,*,#1284,.T.);
#1815=ORIENTED_EDGE('',*,*,#1282,.F.);
#1816=ORIENTED_EDGE('',*,*,#1113,.T.);
#1817=ORIENTED_EDGE('',*,*,#1273,.F.);
#1818=ORIENTED_EDGE('',*,*,#1285,.F.);
#1819=ORIENTED_EDGE('',*,*,#1244,.F.);
#1820=ORIENTED_EDGE('',*,*,#1286,.F.);
#1821=ORIENTED_EDGE('',*,*,#1275,.F.);
#1822=ORIENTED_EDGE('',*,*,#1287,.T.);
#1823=ORIENTED_EDGE('',*,*,#1245,.F.);
#1824=ORIENTED_EDGE('',*,*,#1285,.T.);
#1825=ORIENTED_EDGE('',*,*,#1277,.F.);
#1826=ORIENTED_EDGE('',*,*,#1288,.F.);
#1827=ORIENTED_EDGE('',*,*,#1246,.F.);
#1828=ORIENTED_EDGE('',*,*,#1287,.F.);
#1829=ORIENTED_EDGE('',*,*,#1279,.F.);
#1830=ORIENTED_EDGE('',*,*,#1289,.T.);
#1831=ORIENTED_EDGE('',*,*,#1247,.F.);
#1832=ORIENTED_EDGE('',*,*,#1288,.T.);
#1833=ORIENTED_EDGE('',*,*,#1281,.F.);
#1834=ORIENTED_EDGE('',*,*,#1290,.F.);
#1835=ORIENTED_EDGE('',*,*,#1248,.F.);
#1836=ORIENTED_EDGE('',*,*,#1289,.F.);
#1837=ORIENTED_EDGE('',*,*,#1283,.F.);
#1838=ORIENTED_EDGE('',*,*,#1291,.T.);
#1839=ORIENTED_EDGE('',*,*,#1249,.F.);
#1840=ORIENTED_EDGE('',*,*,#1290,.T.);
#1841=ORIENTED_EDGE('',*,*,#1284,.F.);
#1842=ORIENTED_EDGE('',*,*,#1292,.F.);
#1843=ORIENTED_EDGE('',*,*,#1250,.F.);
#1844=ORIENTED_EDGE('',*,*,#1291,.F.);
#1845=ORIENTED_EDGE('',*,*,#1255,.F.);
#1846=ORIENTED_EDGE('',*,*,#1293,.T.);
#1847=ORIENTED_EDGE('',*,*,#1251,.F.);
#1848=ORIENTED_EDGE('',*,*,#1292,.T.);
#1849=ORIENTED_EDGE('',*,*,#1106,.F.);
#1850=ORIENTED_EDGE('',*,*,#1196,.F.);
#1851=ORIENTED_EDGE('',*,*,#1202,.T.);
#1852=ORIENTED_EDGE('',*,*,#1110,.F.);
#1853=ORIENTED_EDGE('',*,*,#1051,.T.);
#1854=ORIENTED_EDGE('',*,*,#1201,.T.);
#1855=ORIENTED_EDGE('',*,*,#1294,.T.);
#1856=ORIENTED_EDGE('',*,*,#1088,.F.);
#1857=ORIENTED_EDGE('',*,*,#1089,.F.);
#1858=ORIENTED_EDGE('',*,*,#1294,.F.);
#1859=ORIENTED_EDGE('',*,*,#1200,.T.);
#1860=ORIENTED_EDGE('',*,*,#1295,.F.);
#1861=ORIENTED_EDGE('',*,*,#1177,.T.);
#1862=ORIENTED_EDGE('',*,*,#1090,.F.);
#1863=ORIENTED_EDGE('',*,*,#1295,.T.);
#1864=ORIENTED_EDGE('',*,*,#1199,.T.);
#1865=ORIENTED_EDGE('',*,*,#1099,.F.);
#1866=ORIENTED_EDGE('',*,*,#1194,.F.);
#1867=ORIENTED_EDGE('',*,*,#1198,.T.);
#1868=ORIENTED_EDGE('',*,*,#1296,.F.);
#1869=ORIENTED_EDGE('',*,*,#1049,.T.);
#1870=ORIENTED_EDGE('',*,*,#1100,.F.);
#1871=ORIENTED_EDGE('',*,*,#1296,.T.);
#1872=ORIENTED_EDGE('',*,*,#1197,.T.);
#1873=ORIENTED_EDGE('',*,*,#1102,.F.);
#1874=ORIENTED_EDGE('',*,*,#1109,.F.);
#1875=ORIENTED_EDGE('',*,*,#1204,.T.);
#1876=ORIENTED_EDGE('',*,*,#1297,.F.);
#1877=ORIENTED_EDGE('',*,*,#1141,.T.);
#1878=ORIENTED_EDGE('',*,*,#1103,.F.);
#1879=ORIENTED_EDGE('',*,*,#1297,.T.);
#1880=ORIENTED_EDGE('',*,*,#1203,.T.);
#1881=ORIENTED_EDGE('',*,*,#1267,.F.);
#1882=ORIENTED_EDGE('',*,*,#1298,.T.);
#1883=ORIENTED_EDGE('',*,*,#1241,.F.);
#1884=ORIENTED_EDGE('',*,*,#1299,.T.);
#1885=ORIENTED_EDGE('',*,*,#1265,.F.);
#1886=ORIENTED_EDGE('',*,*,#1299,.F.);
#1887=ORIENTED_EDGE('',*,*,#1240,.F.);
#1888=ORIENTED_EDGE('',*,*,#1300,.F.);
#1889=ORIENTED_EDGE('',*,*,#1263,.F.);
#1890=ORIENTED_EDGE('',*,*,#1300,.T.);
#1891=ORIENTED_EDGE('',*,*,#1239,.F.);
#1892=ORIENTED_EDGE('',*,*,#1301,.T.);
#1893=ORIENTED_EDGE('',*,*,#1261,.F.);
#1894=ORIENTED_EDGE('',*,*,#1301,.F.);
#1895=ORIENTED_EDGE('',*,*,#1238,.F.);
#1896=ORIENTED_EDGE('',*,*,#1302,.F.);
#1897=ORIENTED_EDGE('',*,*,#1271,.F.);
#1898=ORIENTED_EDGE('',*,*,#1286,.T.);
#1899=ORIENTED_EDGE('',*,*,#1243,.F.);
#1900=ORIENTED_EDGE('',*,*,#1303,.T.);
#1901=ORIENTED_EDGE('',*,*,#1269,.F.);
#1902=ORIENTED_EDGE('',*,*,#1303,.F.);
#1903=ORIENTED_EDGE('',*,*,#1242,.F.);
#1904=ORIENTED_EDGE('',*,*,#1298,.F.);
#1905=ORIENTED_EDGE('',*,*,#1259,.F.);
#1906=ORIENTED_EDGE('',*,*,#1302,.T.);
#1907=ORIENTED_EDGE('',*,*,#1237,.F.);
#1908=ORIENTED_EDGE('',*,*,#1304,.T.);
#1909=ORIENTED_EDGE('',*,*,#1257,.F.);
#1910=ORIENTED_EDGE('',*,*,#1304,.F.);
#1911=ORIENTED_EDGE('',*,*,#1252,.F.);
#1912=ORIENTED_EDGE('',*,*,#1293,.F.);
#1913=CYLINDRICAL_SURFACE('',#2101,3.49999999999999);
#1914=CYLINDRICAL_SURFACE('',#2109,3.5);
#1915=CYLINDRICAL_SURFACE('',#2117,3.50000000000001);
#1916=CYLINDRICAL_SURFACE('',#2125,3.50000000000001);
#1917=CYLINDRICAL_SURFACE('',#2133,3.5);
#1918=CYLINDRICAL_SURFACE('',#2141,2.1);
#1919=CYLINDRICAL_SURFACE('',#2147,2.1);
#1920=CYLINDRICAL_SURFACE('',#2153,7.50000000000002);
#1921=CYLINDRICAL_SURFACE('',#2156,7.50000000000001);
#1922=CYLINDRICAL_SURFACE('',#2190,126.223374405995);
#1923=CYLINDRICAL_SURFACE('',#2192,126.223374405995);
#1924=CYLINDRICAL_SURFACE('',#2222,2.);
#1925=CYLINDRICAL_SURFACE('',#2223,2.);
#1926=CYLINDRICAL_SURFACE('',#2224,2.);
#1927=CYLINDRICAL_SURFACE('',#2225,2.);
#1928=CYLINDRICAL_SURFACE('',#2226,2.);
#1929=CYLINDRICAL_SURFACE('',#2227,2.1);
#1930=CYLINDRICAL_SURFACE('',#2231,2.1);
#1931=CYLINDRICAL_SURFACE('',#2235,2.1);
#1932=CYLINDRICAL_SURFACE('',#2239,2.1);
#1933=CYLINDRICAL_SURFACE('',#2244,6.5);
#1934=CYLINDRICAL_SURFACE('',#2248,6.49999999999999);
#1935=CYLINDRICAL_SURFACE('',#2250,6.49999999999999);
#1936=CYLINDRICAL_SURFACE('',#2254,6.5);
#1937=CYLINDRICAL_SURFACE('',#2269,8.75);
#1938=CYLINDRICAL_SURFACE('',#2271,124.473374405995);
#1939=CYLINDRICAL_SURFACE('',#2273,8.74999999999999);
#1940=CYLINDRICAL_SURFACE('',#2276,3.75);
#1941=CYLINDRICAL_SURFACE('',#2279,3.75);
#1942=CYLINDRICAL_SURFACE('',#2282,8.75);
#1943=CYLINDRICAL_SURFACE('',#2284,124.473374405995);
#1944=CYLINDRICAL_SURFACE('',#2286,8.75);
#1945=CYLINDRICAL_SURFACE('',#2289,3.75);
#1946=CYLINDRICAL_SURFACE('',#2292,3.75);
#1947=CYLINDRICAL_SURFACE('',#2309,1.);
#1948=CYLINDRICAL_SURFACE('',#2314,1.);
#1949=CYLINDRICAL_SURFACE('',#2325,1.);
#1950=CYLINDRICAL_SURFACE('',#2330,1.);
#1951=CYLINDRICAL_SURFACE('',#2335,1.);
#1952=CYLINDRICAL_SURFACE('',#2346,1.);
#1953=CYLINDRICAL_SURFACE('',#2348,5.);
#1954=CYLINDRICAL_SURFACE('',#2350,10.);
#1955=CYLINDRICAL_SURFACE('',#2351,123.223374405995);
#1956=CYLINDRICAL_SURFACE('',#2352,10.);
#1957=CYLINDRICAL_SURFACE('',#2354,5.);
#1958=CYLINDRICAL_SURFACE('',#2355,7.);
#1959=CYLINDRICAL_SURFACE('',#2356,126.223374405995);
#1960=CYLINDRICAL_SURFACE('',#2357,7.);
#1961=CYLINDRICAL_SURFACE('',#2359,7.);
#1962=CYLINDRICAL_SURFACE('',#2360,126.223374405995);
#1963=CYLINDRICAL_SURFACE('',#2361,7.);
#1964=CYLINDRICAL_SURFACE('',#2363,10.);
#1965=CYLINDRICAL_SURFACE('',#2364,123.223374405995);
#1966=CYLINDRICAL_SURFACE('',#2365,10.);
#1967=CYLINDRICAL_SURFACE('',#2367,5.);
#1968=CYLINDRICAL_SURFACE('',#2369,5.);
#1969=ADVANCED_FACE('',(#95),#1913,.T.);
#1970=ADVANCED_FACE('',(#96,#25),#49,.T.);
#1971=ADVANCED_FACE('',(#97),#1914,.T.);
#1972=ADVANCED_FACE('',(#98,#26),#50,.T.);
#1973=ADVANCED_FACE('',(#99),#1915,.T.);
#1974=ADVANCED_FACE('',(#100,#27),#51,.T.);
#1975=ADVANCED_FACE('',(#101),#1916,.T.);
#1976=ADVANCED_FACE('',(#102,#28),#52,.T.);
#1977=ADVANCED_FACE('',(#103),#1917,.T.);
#1978=ADVANCED_FACE('',(#104,#29),#53,.T.);
#1979=ADVANCED_FACE('',(#105),#1918,.F.);
#1980=ADVANCED_FACE('',(#106),#54,.T.);
#1981=ADVANCED_FACE('',(#107),#1919,.F.);
#1982=ADVANCED_FACE('',(#108),#55,.T.);
#1983=ADVANCED_FACE('',(#109),#1920,.T.);
#1984=ADVANCED_FACE('',(#110),#1921,.T.);
#1985=ADVANCED_FACE('',(#111,#30,#31,#32,#33,#34,#35,#36,#37),#56,.T.);
#1986=ADVANCED_FACE('',(#112),#1922,.T.);
#1987=ADVANCED_FACE('',(#113),#1923,.T.);
#1988=ADVANCED_FACE('',(#114,#38,#39,#40,#41,#42),#57,.F.);
#1989=ADVANCED_FACE('',(#115),#58,.T.);
#1990=ADVANCED_FACE('',(#116),#59,.T.);
#1991=ADVANCED_FACE('',(#117),#60,.F.);
#1992=ADVANCED_FACE('',(#118),#61,.T.);
#1993=ADVANCED_FACE('',(#119),#62,.F.);
#1994=ADVANCED_FACE('',(#120),#1924,.F.);
#1995=ADVANCED_FACE('',(#121),#1925,.F.);
#1996=ADVANCED_FACE('',(#122),#1926,.F.);
#1997=ADVANCED_FACE('',(#123),#1927,.F.);
#1998=ADVANCED_FACE('',(#124),#1928,.F.);
#1999=ADVANCED_FACE('',(#125),#1929,.F.);
#2000=ADVANCED_FACE('',(#126),#63,.T.);
#2001=ADVANCED_FACE('',(#127),#1930,.F.);
#2002=ADVANCED_FACE('',(#128),#64,.T.);
#2003=ADVANCED_FACE('',(#129),#1931,.F.);
#2004=ADVANCED_FACE('',(#130),#65,.T.);
#2005=ADVANCED_FACE('',(#131),#1932,.F.);
#2006=ADVANCED_FACE('',(#132),#66,.T.);
#2007=ADVANCED_FACE('',(#133),#67,.T.);
#2008=ADVANCED_FACE('',(#134),#1933,.T.);
#2009=ADVANCED_FACE('',(#135),#68,.T.);
#2010=ADVANCED_FACE('',(#136),#69,.T.);
#2011=ADVANCED_FACE('',(#137),#1934,.T.);
#2012=ADVANCED_FACE('',(#138),#70,.T.);
#2013=ADVANCED_FACE('',(#139),#1935,.T.);
#2014=ADVANCED_FACE('',(#140),#71,.T.);
#2015=ADVANCED_FACE('',(#141),#72,.T.);
#2016=ADVANCED_FACE('',(#142),#1936,.T.);
#2017=ADVANCED_FACE('',(#143),#73,.T.);
#2018=ADVANCED_FACE('',(#144),#74,.T.);
#2019=ADVANCED_FACE('',(#145),#75,.F.);
#2020=ADVANCED_FACE('',(#146),#76,.F.);
#2021=ADVANCED_FACE('',(#147),#77,.F.);
#2022=ADVANCED_FACE('',(#148),#78,.F.);
#2023=ADVANCED_FACE('',(#149,#43,#44,#45,#46,#47),#79,.T.);
#2024=ADVANCED_FACE('',(#150),#80,.T.);
#2025=ADVANCED_FACE('',(#151),#1937,.F.);
#2026=ADVANCED_FACE('',(#152),#1938,.T.);
#2027=ADVANCED_FACE('',(#153),#1939,.F.);
#2028=ADVANCED_FACE('',(#154),#81,.T.);
#2029=ADVANCED_FACE('',(#155),#1940,.F.);
#2030=ADVANCED_FACE('',(#156),#82,.T.);
#2031=ADVANCED_FACE('',(#157),#1941,.F.);
#2032=ADVANCED_FACE('',(#158),#83,.T.);
#2033=ADVANCED_FACE('',(#159),#1942,.F.);
#2034=ADVANCED_FACE('',(#160),#1943,.T.);
#2035=ADVANCED_FACE('',(#161),#1944,.F.);
#2036=ADVANCED_FACE('',(#162),#84,.T.);
#2037=ADVANCED_FACE('',(#163),#1945,.F.);
#2038=ADVANCED_FACE('',(#164),#85,.T.);
#2039=ADVANCED_FACE('',(#165),#1946,.F.);
#2040=ADVANCED_FACE('',(#166,#48),#86,.T.);
#2041=ADVANCED_FACE('',(#167),#15,.T.);
#2042=ADVANCED_FACE('',(#168),#1947,.T.);
#2043=ADVANCED_FACE('',(#169),#16,.T.);
#2044=ADVANCED_FACE('',(#170),#1948,.T.);
#2045=ADVANCED_FACE('',(#171),#17,.T.);
#2046=ADVANCED_FACE('',(#172),#18,.T.);
#2047=ADVANCED_FACE('',(#173),#19,.T.);
#2048=ADVANCED_FACE('',(#174),#1949,.T.);
#2049=ADVANCED_FACE('',(#175),#20,.T.);
#2050=ADVANCED_FACE('',(#176),#1950,.T.);
#2051=ADVANCED_FACE('',(#177),#21,.T.);
#2052=ADVANCED_FACE('',(#178),#1951,.T.);
#2053=ADVANCED_FACE('',(#179),#22,.T.);
#2054=ADVANCED_FACE('',(#180),#23,.T.);
#2055=ADVANCED_FACE('',(#181),#24,.T.);
#2056=ADVANCED_FACE('',(#182),#1952,.T.);
#2057=ADVANCED_FACE('',(#183),#87,.T.);
#2058=ADVANCED_FACE('',(#184),#1953,.T.);
#2059=ADVANCED_FACE('',(#185),#88,.T.);
#2060=ADVANCED_FACE('',(#186),#1954,.T.);
#2061=ADVANCED_FACE('',(#187),#1955,.F.);
#2062=ADVANCED_FACE('',(#188),#1956,.T.);
#2063=ADVANCED_FACE('',(#189),#89,.T.);
#2064=ADVANCED_FACE('',(#190),#1957,.T.);
#2065=ADVANCED_FACE('',(#191),#1958,.F.);
#2066=ADVANCED_FACE('',(#192),#1959,.T.);
#2067=ADVANCED_FACE('',(#193),#1960,.F.);
#2068=ADVANCED_FACE('',(#194),#90,.F.);
#2069=ADVANCED_FACE('',(#195),#1961,.F.);
#2070=ADVANCED_FACE('',(#196),#1962,.T.);
#2071=ADVANCED_FACE('',(#197),#1963,.F.);
#2072=ADVANCED_FACE('',(#198),#91,.F.);
#2073=ADVANCED_FACE('',(#199),#1964,.T.);
#2074=ADVANCED_FACE('',(#200),#1965,.F.);
#2075=ADVANCED_FACE('',(#201),#1966,.T.);
#2076=ADVANCED_FACE('',(#202),#92,.T.);
#2077=ADVANCED_FACE('',(#203),#1967,.T.);
#2078=ADVANCED_FACE('',(#204),#93,.T.);
#2079=ADVANCED_FACE('',(#205),#1968,.T.);
#2080=ADVANCED_FACE('',(#206),#94,.T.);
#2081=CLOSED_SHELL('',(#1969,#1970,#1971,#1972,#1973,#1974,#1975,#1976,
#1977,#1978,#1979,#1980,#1981,#1982,#1983,#1984,#1985,#1986,#1987,#1988,
#1989,#1990,#1991,#1992,#1993,#1994,#1995,#1996,#1997,#1998,#1999,#2000,
#2001,#2002,#2003,#2004,#2005,#2006,#2007,#2008,#2009,#2010,#2011,#2012,
#2013,#2014,#2015,#2016,#2017,#2018,#2019,#2020,#2021,#2022,#2023,#2024,
#2025,#2026,#2027,#2028,#2029,#2030,#2031,#2032,#2033,#2034,#2035,#2036,
#2037,#2038,#2039,#2040,#2041,#2042,#2043,#2044,#2045,#2046,#2047,#2048,
#2049,#2050,#2051,#2052,#2053,#2054,#2055,#2056,#2057,#2058,#2059,#2060,
#2061,#2062,#2063,#2064,#2065,#2066,#2067,#2068,#2069,#2070,#2071,#2072,
#2073,#2074,#2075,#2076,#2077,#2078,#2079,#2080));
#2082=DERIVED_UNIT_ELEMENT(#2084,1.);
#2083=DERIVED_UNIT_ELEMENT(#3689,3.);
#2084=(
MASS_UNIT()
NAMED_UNIT(*)
SI_UNIT($,.GRAM.)
);
#2085=DERIVED_UNIT((#2082,#2083));
#2086=MEASURE_REPRESENTATION_ITEM('density measure',
POSITIVE_RATIO_MEASURE(1.06),#2085);
#2087=PROPERTY_DEFINITION_REPRESENTATION(#2092,#2089);
#2088=PROPERTY_DEFINITION_REPRESENTATION(#2093,#2090);
#2089=REPRESENTATION('material name',(#2091),#3686);
#2090=REPRESENTATION('density',(#2086),#3686);
#2091=DESCRIPTIVE_REPRESENTATION_ITEM('ABS Plastic','ABS Plastic');
#2092=PROPERTY_DEFINITION('material property','material name',#3696);
#2093=PROPERTY_DEFINITION('material property','density of part',#3696);
#2094=DATE_TIME_ROLE('creation_date');
#2095=APPLIED_DATE_AND_TIME_ASSIGNMENT(#2096,#2094,(#3696));
#2096=DATE_AND_TIME(#2097,#2098);
#2097=CALENDAR_DATE(2026,25,6);
#2098=LOCAL_TIME(1,0,37.,#2099);
#2099=COORDINATED_UNIVERSAL_TIME_OFFSET(0,0,.BEHIND.);
#2100=AXIS2_PLACEMENT_3D('placement',#3059,#2371,#2372);
#2101=AXIS2_PLACEMENT_3D('',#3060,#2373,#2374);
#2102=AXIS2_PLACEMENT_3D('',#3063,#2375,#2376);
#2103=AXIS2_PLACEMENT_3D('',#3064,#2377,#2378);
#2104=AXIS2_PLACEMENT_3D('',#3068,#2380,#2381);
#2105=AXIS2_PLACEMENT_3D('',#3069,#2382,#2383);
#2106=AXIS2_PLACEMENT_3D('',#3070,#2384,#2385);
#2107=AXIS2_PLACEMENT_3D('',#3073,#2386,#2387);
#2108=AXIS2_PLACEMENT_3D('',#3074,#2388,#2389);
#2109=AXIS2_PLACEMENT_3D('',#3075,#2390,#2391);
#2110=AXIS2_PLACEMENT_3D('',#3078,#2392,#2393);
#2111=AXIS2_PLACEMENT_3D('',#3079,#2394,#2395);
#2112=AXIS2_PLACEMENT_3D('',#3083,#2397,#2398);
#2113=AXIS2_PLACEMENT_3D('',#3084,#2399,#2400);
#2114=AXIS2_PLACEMENT_3D('',#3085,#2401,#2402);
#2115=AXIS2_PLACEMENT_3D('',#3088,#2403,#2404);
#2116=AXIS2_PLACEMENT_3D('',#3089,#2405,#2406);
#2117=AXIS2_PLACEMENT_3D('',#3090,#2407,#2408);
#2118=AXIS2_PLACEMENT_3D('',#3093,#2409,#2410);
#2119=AXIS2_PLACEMENT_3D('',#3094,#2411,#2412);
#2120=AXIS2_PLACEMENT_3D('',#3098,#2414,#2415);
#2121=AXIS2_PLACEMENT_3D('',#3099,#2416,#2417);
#2122=AXIS2_PLACEMENT_3D('',#3100,#2418,#2419);
#2123=AXIS2_PLACEMENT_3D('',#3103,#2420,#2421);
#2124=AXIS2_PLACEMENT_3D('',#3104,#2422,#2423);
#2125=AXIS2_PLACEMENT_3D('',#3105,#2424,#2425);
#2126=AXIS2_PLACEMENT_3D('',#3108,#2426,#2427);
#2127=AXIS2_PLACEMENT_3D('',#3109,#2428,#2429);
#2128=AXIS2_PLACEMENT_3D('',#3113,#2431,#2432);
#2129=AXIS2_PLACEMENT_3D('',#3114,#2433,#2434);
#2130=AXIS2_PLACEMENT_3D('',#3115,#2435,#2436);
#2131=AXIS2_PLACEMENT_3D('',#3118,#2437,#2438);
#2132=AXIS2_PLACEMENT_3D('',#3119,#2439,#2440);
#2133=AXIS2_PLACEMENT_3D('',#3120,#2441,#2442);
#2134=AXIS2_PLACEMENT_3D('',#3123,#2443,#2444);
#2135=AXIS2_PLACEMENT_3D('',#3124,#2445,#2446);
#2136=AXIS2_PLACEMENT_3D('',#3128,#2448,#2449);
#2137=AXIS2_PLACEMENT_3D('',#3129,#2450,#2451);
#2138=AXIS2_PLACEMENT_3D('',#3130,#2452,#2453);
#2139=AXIS2_PLACEMENT_3D('',#3133,#2454,#2455);
#2140=AXIS2_PLACEMENT_3D('',#3134,#2456,#2457);
#2141=AXIS2_PLACEMENT_3D('',#3135,#2458,#2459);
#2142=AXIS2_PLACEMENT_3D('',#3138,#2460,#2461);
#2143=AXIS2_PLACEMENT_3D('',#3139,#2462,#2463);
#2144=AXIS2_PLACEMENT_3D('',#3143,#2465,#2466);
#2145=AXIS2_PLACEMENT_3D('',#3144,#2467,#2468);
#2146=AXIS2_PLACEMENT_3D('',#3145,#2469,#2470);
#2147=AXIS2_PLACEMENT_3D('',#3146,#2471,#2472);
#2148=AXIS2_PLACEMENT_3D('',#3149,#2473,#2474);
#2149=AXIS2_PLACEMENT_3D('',#3150,#2475,#2476);
#2150=AXIS2_PLACEMENT_3D('',#3154,#2478,#2479);
#2151=AXIS2_PLACEMENT_3D('',#3155,#2480,#2481);
#2152=AXIS2_PLACEMENT_3D('',#3156,#2482,#2483);
#2153=AXIS2_PLACEMENT_3D('',#3157,#2484,#2485);
#2154=AXIS2_PLACEMENT_3D('',#3160,#2486,#2487);
#2155=AXIS2_PLACEMENT_3D('',#3164,#2489,#2490);
#2156=AXIS2_PLACEMENT_3D('',#3166,#2492,#2493);
#2157=AXIS2_PLACEMENT_3D('',#3169,#2494,#2495);
#2158=AXIS2_PLACEMENT_3D('',#3173,#2497,#2498);
#2159=AXIS2_PLACEMENT_3D('',#3175,#2500,#2501);
#2160=AXIS2_PLACEMENT_3D('',#3180,#2503,#2504);
#2161=AXIS2_PLACEMENT_3D('',#3182,#2505,#2506);
#2162=AXIS2_PLACEMENT_3D('',#3184,#2507,#2508);
#2163=AXIS2_PLACEMENT_3D('',#3188,#2510,#2511);
#2164=AXIS2_PLACEMENT_3D('',#3192,#2513,#2514);
#2165=AXIS2_PLACEMENT_3D('',#3196,#2516,#2517);
#2166=AXIS2_PLACEMENT_3D('',#3198,#2518,#2519);
#2167=AXIS2_PLACEMENT_3D('',#3200,#2520,#2521);
#2168=AXIS2_PLACEMENT_3D('',#3204,#2523,#2524);
#2169=AXIS2_PLACEMENT_3D('',#3207,#2526,#2527);
#2170=AXIS2_PLACEMENT_3D('',#3214,#2530,#2531);
#2171=AXIS2_PLACEMENT_3D('',#3222,#2535,#2536);
#2172=AXIS2_PLACEMENT_3D('',#3230,#2540,#2541);
#2173=AXIS2_PLACEMENT_3D('',#3231,#2542,#2543);
#2174=AXIS2_PLACEMENT_3D('',#3234,#2544,#2545);
#2175=AXIS2_PLACEMENT_3D('',#3235,#2546,#2547);
#2176=AXIS2_PLACEMENT_3D('',#3238,#2548,#2549);
#2177=AXIS2_PLACEMENT_3D('',#3239,#2550,#2551);
#2178=AXIS2_PLACEMENT_3D('',#3242,#2552,#2553);
#2179=AXIS2_PLACEMENT_3D('',#3243,#2554,#2555);
#2180=AXIS2_PLACEMENT_3D('',#3245,#2556,#2557);
#2181=AXIS2_PLACEMENT_3D('',#3247,#2558,#2559);
#2182=AXIS2_PLACEMENT_3D('',#3253,#2562,#2563);
#2183=AXIS2_PLACEMENT_3D('',#3261,#2567,#2568);
#2184=AXIS2_PLACEMENT_3D('',#3267,#2571,#2572);
#2185=AXIS2_PLACEMENT_3D('',#3268,#2573,#2574);
#2186=AXIS2_PLACEMENT_3D('',#3270,#2575,#2576);
#2187=AXIS2_PLACEMENT_3D('',#3272,#2577,#2578);
#2188=AXIS2_PLACEMENT_3D('',#3280,#2582,#2583);
#2189=AXIS2_PLACEMENT_3D('',#3281,#2584,#2585);
#2190=AXIS2_PLACEMENT_3D('',#3282,#2586,#2587);
#2191=AXIS2_PLACEMENT_3D('',#3284,#2588,#2589);
#2192=AXIS2_PLACEMENT_3D('',#3286,#2591,#2592);
#2193=AXIS2_PLACEMENT_3D('',#3289,#2594,#2595);
#2194=AXIS2_PLACEMENT_3D('',#3290,#2596,#2597);
#2195=AXIS2_PLACEMENT_3D('',#3293,#2598,#2599);
#2196=AXIS2_PLACEMENT_3D('',#3297,#2601,#2602);
#2197=AXIS2_PLACEMENT_3D('',#3299,#2603,#2604);
#2198=AXIS2_PLACEMENT_3D('',#3301,#2605,#2606);
#2199=AXIS2_PLACEMENT_3D('',#3305,#2608,#2609);
#2200=AXIS2_PLACEMENT_3D('',#3309,#2611,#2612);
#2201=AXIS2_PLACEMENT_3D('',#3313,#2614,#2615);
#2202=AXIS2_PLACEMENT_3D('',#3315,#2616,#2617);
#2203=AXIS2_PLACEMENT_3D('',#3317,#2618,#2619);
#2204=AXIS2_PLACEMENT_3D('',#3321,#2621,#2622);
#2205=AXIS2_PLACEMENT_3D('',#3325,#2624,#2625);
#2206=AXIS2_PLACEMENT_3D('',#3326,#2626,#2627);
#2207=AXIS2_PLACEMENT_3D('',#3329,#2628,#2629);
#2208=AXIS2_PLACEMENT_3D('',#3330,#2630,#2631);
#2209=AXIS2_PLACEMENT_3D('',#3333,#2632,#2633);
#2210=AXIS2_PLACEMENT_3D('',#3334,#2634,#2635);
#2211=AXIS2_PLACEMENT_3D('',#3337,#2636,#2637);
#2212=AXIS2_PLACEMENT_3D('',#3338,#2638,#2639);
#2213=AXIS2_PLACEMENT_3D('',#3341,#2640,#2641);
#2214=AXIS2_PLACEMENT_3D('',#3342,#2642,#2643);
#2215=AXIS2_PLACEMENT_3D('',#3343,#2644,#2645);
#2216=AXIS2_PLACEMENT_3D('',#3349,#2649,#2650);
#2217=AXIS2_PLACEMENT_3D('',#3355,#2654,#2655);
#2218=AXIS2_PLACEMENT_3D('',#3359,#2658,#2659);
#2219=AXIS2_PLACEMENT_3D('',#3365,#2662,#2663);
#2220=AXIS2_PLACEMENT_3D('',#3373,#2667,#2668);
#2221=AXIS2_PLACEMENT_3D('',#3375,#2670,#2671);
#2222=AXIS2_PLACEMENT_3D('',#3377,#2673,#2674);
#2223=AXIS2_PLACEMENT_3D('',#3379,#2676,#2677);
#2224=AXIS2_PLACEMENT_3D('',#3381,#2679,#2680);
#2225=AXIS2_PLACEMENT_3D('',#3383,#2682,#2683);
#2226=AXIS2_PLACEMENT_3D('',#3385,#2685,#2686);
#2227=AXIS2_PLACEMENT_3D('',#3387,#2688,#2689);
#2228=AXIS2_PLACEMENT_3D('',#3391,#2691,#2692);
#2229=AXIS2_PLACEMENT_3D('',#3392,#2693,#2694);
#2230=AXIS2_PLACEMENT_3D('',#3393,#2695,#2696);
#2231=AXIS2_PLACEMENT_3D('',#3394,#2697,#2698);
#2232=AXIS2_PLACEMENT_3D('',#3398,#2700,#2701);
#2233=AXIS2_PLACEMENT_3D('',#3399,#2702,#2703);
#2234=AXIS2_PLACEMENT_3D('',#3400,#2704,#2705);
#2235=AXIS2_PLACEMENT_3D('',#3401,#2706,#2707);
#2236=AXIS2_PLACEMENT_3D('',#3405,#2709,#2710);
#2237=AXIS2_PLACEMENT_3D('',#3406,#2711,#2712);
#2238=AXIS2_PLACEMENT_3D('',#3407,#2713,#2714);
#2239=AXIS2_PLACEMENT_3D('',#3408,#2715,#2716);
#2240=AXIS2_PLACEMENT_3D('',#3412,#2718,#2719);
#2241=AXIS2_PLACEMENT_3D('',#3413,#2720,#2721);
#2242=AXIS2_PLACEMENT_3D('',#3414,#2722,#2723);
#2243=AXIS2_PLACEMENT_3D('',#3415,#2724,#2725);
#2244=AXIS2_PLACEMENT_3D('',#3421,#2729,#2730);
#2245=AXIS2_PLACEMENT_3D('',#3424,#2732,#2733);
#2246=AXIS2_PLACEMENT_3D('',#3425,#2734,#2735);
#2247=AXIS2_PLACEMENT_3D('',#3429,#2738,#2739);
#2248=AXIS2_PLACEMENT_3D('',#3431,#2741,#2742);
#2249=AXIS2_PLACEMENT_3D('',#3433,#2744,#2745);
#2250=AXIS2_PLACEMENT_3D('',#3435,#2747,#2748);
#2251=AXIS2_PLACEMENT_3D('',#3439,#2750,#2751);
#2252=AXIS2_PLACEMENT_3D('',#3441,#2753,#2754);
#2253=AXIS2_PLACEMENT_3D('',#3445,#2757,#2758);
#2254=AXIS2_PLACEMENT_3D('',#3449,#2761,#2762);
#2255=AXIS2_PLACEMENT_3D('',#3452,#2765,#2766);
#2256=AXIS2_PLACEMENT_3D('',#3453,#2767,#2768);
#2257=AXIS2_PLACEMENT_3D('',#3455,#2770,#2771);
#2258=AXIS2_PLACEMENT_3D('',#3457,#2773,#2774);
#2259=AXIS2_PLACEMENT_3D('',#3461,#2777,#2778);
#2260=AXIS2_PLACEMENT_3D('',#3462,#2779,#2780);
#2261=AXIS2_PLACEMENT_3D('',#3466,#2783,#2784);
#2262=AXIS2_PLACEMENT_3D('',#3468,#2785,#2786);
#2263=AXIS2_PLACEMENT_3D('',#3469,#2787,#2788);
#2264=AXIS2_PLACEMENT_3D('',#3473,#2790,#2791);
#2265=AXIS2_PLACEMENT_3D('',#3474,#2792,#2793);
#2266=AXIS2_PLACEMENT_3D('',#3475,#2794,#2795);
#2267=AXIS2_PLACEMENT_3D('',#3478,#2797,#2798);
#2268=AXIS2_PLACEMENT_3D('',#3479,#2799,#2800);
#2269=AXIS2_PLACEMENT_3D('',#3485,#2804,#2805);
#2270=AXIS2_PLACEMENT_3D('',#3487,#2806,#2807);
#2271=AXIS2_PLACEMENT_3D('',#3489,#2809,#2810);
#2272=AXIS2_PLACEMENT_3D('',#3491,#2811,#2812);
#2273=AXIS2_PLACEMENT_3D('',#3493,#2814,#2815);
#2274=AXIS2_PLACEMENT_3D('',#3495,#2816,#2817);
#2275=AXIS2_PLACEMENT_3D('',#3497,#2819,#2820);
#2276=AXIS2_PLACEMENT_3D('',#3501,#2823,#2824);
#2277=AXIS2_PLACEMENT_3D('',#3503,#2825,#2826);
#2278=AXIS2_PLACEMENT_3D('',#3505,#2828,#2829);
#2279=AXIS2_PLACEMENT_3D('',#3509,#2832,#2833);
#2280=AXIS2_PLACEMENT_3D('',#3511,#2834,#2835);
#2281=AXIS2_PLACEMENT_3D('',#3513,#2837,#2838);
#2282=AXIS2_PLACEMENT_3D('',#3517,#2841,#2842);
#2283=AXIS2_PLACEMENT_3D('',#3519,#2843,#2844);
#2284=AXIS2_PLACEMENT_3D('',#3521,#2846,#2847);
#2285=AXIS2_PLACEMENT_3D('',#3523,#2848,#2849);
#2286=AXIS2_PLACEMENT_3D('',#3525,#2851,#2852);
#2287=AXIS2_PLACEMENT_3D('',#3527,#2853,#2854);
#2288=AXIS2_PLACEMENT_3D('',#3529,#2856,#2857);
#2289=AXIS2_PLACEMENT_3D('',#3533,#2860,#2861);
#2290=AXIS2_PLACEMENT_3D('',#3535,#2862,#2863);
#2291=AXIS2_PLACEMENT_3D('',#3537,#2865,#2866);
#2292=AXIS2_PLACEMENT_3D('',#3541,#2869,#2870);
#2293=AXIS2_PLACEMENT_3D('',#3542,#2871,#2872);
#2294=AXIS2_PLACEMENT_3D('',#3543,#2873,#2874);
#2295=AXIS2_PLACEMENT_3D('',#3546,#2875,#2876);
#2296=AXIS2_PLACEMENT_3D('',#3550,#2878,#2879);
#2297=AXIS2_PLACEMENT_3D('',#3552,#2880,#2881);
#2298=AXIS2_PLACEMENT_3D('',#3554,#2882,#2883);
#2299=AXIS2_PLACEMENT_3D('',#3558,#2885,#2886);
#2300=AXIS2_PLACEMENT_3D('',#3562,#2888,#2889);
#2301=AXIS2_PLACEMENT_3D('',#3566,#2891,#2892);
#2302=AXIS2_PLACEMENT_3D('',#3568,#2893,#2894);
#2303=AXIS2_PLACEMENT_3D('',#3570,#2895,#2896);
#2304=AXIS2_PLACEMENT_3D('',#3574,#2898,#2899);
#2305=AXIS2_PLACEMENT_3D('',#3576,#2901,#2902);
#2306=AXIS2_PLACEMENT_3D('',#3578,#2903,#2904);
#2307=AXIS2_PLACEMENT_3D('',#3580,#2905,#2906);
#2308=AXIS2_PLACEMENT_3D('',#3581,#2907,#2908);
#2309=AXIS2_PLACEMENT_3D('',#3582,#2909,#2910);
#2310=AXIS2_PLACEMENT_3D('',#3584,#2911,#2912);
#2311=AXIS2_PLACEMENT_3D('',#3586,#2914,#2915);
#2312=AXIS2_PLACEMENT_3D('',#3588,#2916,#2917);
#2313=AXIS2_PLACEMENT_3D('',#3589,#2918,#2919);
#2314=AXIS2_PLACEMENT_3D('',#3590,#2920,#2921);
#2315=AXIS2_PLACEMENT_3D('',#3592,#2922,#2923);
#2316=AXIS2_PLACEMENT_3D('',#3594,#2925,#2926);
#2317=AXIS2_PLACEMENT_3D('',#3596,#2927,#2928);
#2318=AXIS2_PLACEMENT_3D('',#3597,#2929,#2930);
#2319=AXIS2_PLACEMENT_3D('',#3598,#2931,#2932);
#2320=AXIS2_PLACEMENT_3D('',#3600,#2933,#2934);
#2321=AXIS2_PLACEMENT_3D('',#3601,#2935,#2936);
#2322=AXIS2_PLACEMENT_3D('',#3602,#2937,#2938);
#2323=AXIS2_PLACEMENT_3D('',#3604,#2939,#2940);
#2324=AXIS2_PLACEMENT_3D('',#3605,#2941,#2942);
#2325=AXIS2_PLACEMENT_3D('',#3606,#2943,#2944);
#2326=AXIS2_PLACEMENT_3D('',#3608,#2945,#2946);
#2327=AXIS2_PLACEMENT_3D('',#3610,#2948,#2949);
#2328=AXIS2_PLACEMENT_3D('',#3612,#2950,#2951);
#2329=AXIS2_PLACEMENT_3D('',#3613,#2952,#2953);
#2330=AXIS2_PLACEMENT_3D('',#3614,#2954,#2955);
#2331=AXIS2_PLACEMENT_3D('',#3616,#2956,#2957);
#2332=AXIS2_PLACEMENT_3D('',#3618,#2959,#2960);
#2333=AXIS2_PLACEMENT_3D('',#3620,#2961,#2962);
#2334=AXIS2_PLACEMENT_3D('',#3621,#2963,#2964);
#2335=AXIS2_PLACEMENT_3D('',#3622,#2965,#2966);
#2336=AXIS2_PLACEMENT_3D('',#3624,#2967,#2968);
#2337=AXIS2_PLACEMENT_3D('',#3626,#2970,#2971);
#2338=AXIS2_PLACEMENT_3D('',#3628,#2972,#2973);
#2339=AXIS2_PLACEMENT_3D('',#3629,#2974,#2975);
#2340=AXIS2_PLACEMENT_3D('',#3630,#2976,#2977);
#2341=AXIS2_PLACEMENT_3D('',#3632,#2978,#2979);
#2342=AXIS2_PLACEMENT_3D('',#3633,#2980,#2981);
#2343=AXIS2_PLACEMENT_3D('',#3634,#2982,#2983);
#2344=AXIS2_PLACEMENT_3D('',#3636,#2984,#2985);
#2345=AXIS2_PLACEMENT_3D('',#3637,#2986,#2987);
#2346=AXIS2_PLACEMENT_3D('',#3638,#2988,#2989);
#2347=AXIS2_PLACEMENT_3D('',#3640,#2991,#2992);
#2348=AXIS2_PLACEMENT_3D('',#3643,#2995,#2996);
#2349=AXIS2_PLACEMENT_3D('',#3645,#2998,#2999);
#2350=AXIS2_PLACEMENT_3D('',#3647,#3001,#3002);
#2351=AXIS2_PLACEMENT_3D('',#3649,#3004,#3005);
#2352=AXIS2_PLACEMENT_3D('',#3651,#3007,#3008);
#2353=AXIS2_PLACEMENT_3D('',#3653,#3010,#3011);
#2354=AXIS2_PLACEMENT_3D('',#3655,#3013,#3014);
#2355=AXIS2_PLACEMENT_3D('',#3657,#3016,#3017);
#2356=AXIS2_PLACEMENT_3D('',#3658,#3018,#3019);
#2357=AXIS2_PLACEMENT_3D('',#3660,#3021,#3022);
#2358=AXIS2_PLACEMENT_3D('',#3662,#3024,#3025);
#2359=AXIS2_PLACEMENT_3D('',#3663,#3026,#3027);
#2360=AXIS2_PLACEMENT_3D('',#3665,#3029,#3030);
#2361=AXIS2_PLACEMENT_3D('',#3666,#3031,#3032);
#2362=AXIS2_PLACEMENT_3D('',#3668,#3034,#3035);
#2363=AXIS2_PLACEMENT_3D('',#3669,#3036,#3037);
#2364=AXIS2_PLACEMENT_3D('',#3672,#3040,#3041);
#2365=AXIS2_PLACEMENT_3D('',#3674,#3043,#3044);
#2366=AXIS2_PLACEMENT_3D('',#3676,#3046,#3047);
#2367=AXIS2_PLACEMENT_3D('',#3678,#3049,#3050);
#2368=AXIS2_PLACEMENT_3D('',#3680,#3052,#3053);
#2369=AXIS2_PLACEMENT_3D('',#3681,#3054,#3055);
#2370=AXIS2_PLACEMENT_3D('',#3683,#3057,#3058);
#2371=DIRECTION('axis',(0.,0.,1.));
#2372=DIRECTION('refdir',(1.,0.,0.));
#2373=DIRECTION('center_axis',(0.,1.,0.));
#2374=DIRECTION('ref_axis',(1.,0.,-3.21827578452215E-16));
#2375=DIRECTION('center_axis',(0.,1.,0.));
#2376=DIRECTION('ref_axis',(1.,0.,-3.21827578452215E-16));
#2377=DIRECTION('center_axis',(0.,1.,0.));
#2378=DIRECTION('ref_axis',(1.,0.,-3.21827578452215E-16));
#2379=DIRECTION('',(0.,-1.,0.));
#2380=DIRECTION('center_axis',(0.,-1.,0.));
#2381=DIRECTION('ref_axis',(1.,0.,-3.21827578452215E-16));
#2382=DIRECTION('center_axis',(0.,-1.,0.));
#2383=DIRECTION('ref_axis',(1.,0.,-3.21827578452215E-16));
#2384=DIRECTION('center_axis',(0.,1.,0.));
#2385=DIRECTION('ref_axis',(0.,0.,1.));
#2386=DIRECTION('center_axis',(0.,-1.,0.));
#2387=DIRECTION('ref_axis',(-1.,0.,3.21827578452215E-16));
#2388=DIRECTION('center_axis',(0.,-1.,0.));
#2389=DIRECTION('ref_axis',(-1.,0.,3.21827578452215E-16));
#2390=DIRECTION('center_axis',(0.,1.,0.));
#2391=DIRECTION('ref_axis',(1.,0.,-3.21827578452215E-16));
#2392=DIRECTION('center_axis',(0.,1.,0.));
#2393=DIRECTION('ref_axis',(1.,0.,-3.21827578452215E-16));
#2394=DIRECTION('center_axis',(0.,1.,0.));
#2395=DIRECTION('ref_axis',(1.,0.,-3.21827578452215E-16));
#2396=DIRECTION('',(0.,-1.,0.));
#2397=DIRECTION('center_axis',(0.,-1.,0.));
#2398=DIRECTION('ref_axis',(1.,0.,-3.21827578452215E-16));
#2399=DIRECTION('center_axis',(0.,-1.,0.));
#2400=DIRECTION('ref_axis',(1.,0.,-3.21827578452215E-16));
#2401=DIRECTION('center_axis',(0.,1.,0.));
#2402=DIRECTION('ref_axis',(0.,0.,1.));
#2403=DIRECTION('center_axis',(0.,-1.,0.));
#2404=DIRECTION('ref_axis',(-1.,0.,3.21827578452215E-16));
#2405=DIRECTION('center_axis',(0.,-1.,0.));
#2406=DIRECTION('ref_axis',(-1.,0.,3.21827578452215E-16));
#2407=DIRECTION('center_axis',(0.,1.,0.));
#2408=DIRECTION('ref_axis',(1.,0.,-3.21827578452215E-16));
#2409=DIRECTION('center_axis',(0.,1.,0.));
#2410=DIRECTION('ref_axis',(1.,0.,-3.21827578452215E-16));
#2411=DIRECTION('center_axis',(0.,1.,0.));
#2412=DIRECTION('ref_axis',(1.,0.,-3.21827578452215E-16));
#2413=DIRECTION('',(0.,-1.,0.));
#2414=DIRECTION('center_axis',(0.,-1.,0.));
#2415=DIRECTION('ref_axis',(1.,0.,-3.21827578452215E-16));
#2416=DIRECTION('center_axis',(0.,-1.,0.));
#2417=DIRECTION('ref_axis',(1.,0.,-3.21827578452215E-16));
#2418=DIRECTION('center_axis',(0.,1.,0.));
#2419=DIRECTION('ref_axis',(0.,0.,1.));
#2420=DIRECTION('center_axis',(0.,-1.,0.));
#2421=DIRECTION('ref_axis',(-1.,0.,3.21827578452215E-16));
#2422=DIRECTION('center_axis',(0.,-1.,0.));
#2423=DIRECTION('ref_axis',(-1.,0.,3.21827578452215E-16));
#2424=DIRECTION('center_axis',(0.,1.,0.));
#2425=DIRECTION('ref_axis',(1.,0.,-3.21827578452215E-16));
#2426=DIRECTION('center_axis',(0.,1.,0.));
#2427=DIRECTION('ref_axis',(1.,0.,-3.21827578452215E-16));
#2428=DIRECTION('center_axis',(0.,1.,0.));
#2429=DIRECTION('ref_axis',(1.,0.,-3.21827578452215E-16));
#2430=DIRECTION('',(0.,-1.,0.));
#2431=DIRECTION('center_axis',(0.,-1.,0.));
#2432=DIRECTION('ref_axis',(1.,0.,-3.21827578452215E-16));
#2433=DIRECTION('center_axis',(0.,-1.,0.));
#2434=DIRECTION('ref_axis',(1.,0.,-3.21827578452215E-16));
#2435=DIRECTION('center_axis',(0.,1.,0.));
#2436=DIRECTION('ref_axis',(0.,0.,1.));
#2437=DIRECTION('center_axis',(0.,-1.,0.));
#2438=DIRECTION('ref_axis',(-1.,0.,3.21827578452215E-16));
#2439=DIRECTION('center_axis',(0.,-1.,0.));
#2440=DIRECTION('ref_axis',(-1.,0.,3.21827578452215E-16));
#2441=DIRECTION('center_axis',(0.,1.,0.));
#2442=DIRECTION('ref_axis',(1.,0.,-3.21827578452215E-16));
#2443=DIRECTION('center_axis',(0.,1.,0.));
#2444=DIRECTION('ref_axis',(1.,0.,-3.21827578452215E-16));
#2445=DIRECTION('center_axis',(0.,1.,0.));
#2446=DIRECTION('ref_axis',(1.,0.,-3.21827578452215E-16));
#2447=DIRECTION('',(0.,-1.,0.));
#2448=DIRECTION('center_axis',(0.,-1.,0.));
#2449=DIRECTION('ref_axis',(1.,0.,-3.21827578452215E-16));
#2450=DIRECTION('center_axis',(0.,-1.,0.));
#2451=DIRECTION('ref_axis',(1.,0.,-3.21827578452215E-16));
#2452=DIRECTION('center_axis',(0.,1.,0.));
#2453=DIRECTION('ref_axis',(0.,0.,1.));
#2454=DIRECTION('center_axis',(0.,-1.,0.));
#2455=DIRECTION('ref_axis',(-1.,0.,3.21827578452215E-16));
#2456=DIRECTION('center_axis',(0.,-1.,0.));
#2457=DIRECTION('ref_axis',(-1.,0.,3.21827578452215E-16));
#2458=DIRECTION('center_axis',(0.,-1.,0.));
#2459=DIRECTION('ref_axis',(1.,0.,0.));
#2460=DIRECTION('center_axis',(0.,-1.,0.));
#2461=DIRECTION('ref_axis',(1.,0.,0.));
#2462=DIRECTION('center_axis',(0.,-1.,0.));
#2463=DIRECTION('ref_axis',(1.,0.,0.));
#2464=DIRECTION('',(0.,-1.,0.));
#2465=DIRECTION('center_axis',(0.,-1.,0.));
#2466=DIRECTION('ref_axis',(1.,0.,0.));
#2467=DIRECTION('center_axis',(0.,-1.,0.));
#2468=DIRECTION('ref_axis',(1.,0.,0.));
#2469=DIRECTION('center_axis',(0.,1.,0.));
#2470=DIRECTION('ref_axis',(0.,0.,1.));
#2471=DIRECTION('center_axis',(0.,-1.,0.));
#2472=DIRECTION('ref_axis',(1.,0.,0.));
#2473=DIRECTION('center_axis',(0.,-1.,0.));
#2474=DIRECTION('ref_axis',(1.,0.,0.));
#2475=DIRECTION('center_axis',(0.,-1.,0.));
#2476=DIRECTION('ref_axis',(1.,0.,0.));
#2477=DIRECTION('',(0.,-1.,0.));
#2478=DIRECTION('center_axis',(0.,-1.,0.));
#2479=DIRECTION('ref_axis',(1.,0.,0.));
#2480=DIRECTION('center_axis',(0.,-1.,0.));
#2481=DIRECTION('ref_axis',(1.,0.,0.));
#2482=DIRECTION('center_axis',(0.,1.,0.));
#2483=DIRECTION('ref_axis',(0.,0.,1.));
#2484=DIRECTION('center_axis',(0.,-1.,0.));
#2485=DIRECTION('ref_axis',(-9.25185853854295E-18,0.,-1.));
#2486=DIRECTION('center_axis',(0.,-1.,0.));
#2487=DIRECTION('ref_axis',(0.999558583228224,0.,0.0297092358499177));
#2488=DIRECTION('',(0.,-1.,0.));
#2489=DIRECTION('center_axis',(0.,1.,0.));
#2490=DIRECTION('ref_axis',(0.999558583228224,0.,0.0297092358499177));
#2491=DIRECTION('',(0.,1.,0.));
#2492=DIRECTION('center_axis',(0.,-1.,0.));
#2493=DIRECTION('ref_axis',(2.22044604925031E-15,0.,1.));
#2494=DIRECTION('center_axis',(0.,-1.,0.));
#2495=DIRECTION('ref_axis',(-0.999558583228224,0.,-0.02970923584992));
#2496=DIRECTION('',(0.,-1.,0.));
#2497=DIRECTION('center_axis',(0.,1.,0.));
#2498=DIRECTION('ref_axis',(-0.999558583228224,0.,-0.02970923584992));
#2499=DIRECTION('',(0.,1.,0.));
#2500=DIRECTION('center_axis',(0.,1.,0.));
#2501=DIRECTION('ref_axis',(0.,0.,1.));
#2502=DIRECTION('',(1.,0.,-5.2948740141813E-16));
#2503=DIRECTION('center_axis',(0.,1.,0.));
#2504=DIRECTION('ref_axis',(0.,0.,-1.));
#2505=DIRECTION('center_axis',(0.,-1.,0.));
#2506=DIRECTION('ref_axis',(0.218643803199068,0.,-0.975804738317378));
#2507=DIRECTION('center_axis',(0.,1.,0.));
#2508=DIRECTION('ref_axis',(0.218643803199069,0.,-0.975804738317378));
#2509=DIRECTION('',(1.,0.,-5.24439430566346E-16));
#2510=DIRECTION('center_axis',(0.,1.,0.));
#2511=DIRECTION('ref_axis',(-4.4408920985007E-16,0.,-1.));
#2512=DIRECTION('',(-4.35381578284375E-16,0.,-1.));
#2513=DIRECTION('center_axis',(0.,1.,0.));
#2514=DIRECTION('ref_axis',(-1.,0.,0.));
#2515=DIRECTION('',(-1.,0.,2.62219715283173E-16));
#2516=DIRECTION('center_axis',(0.,1.,0.));
#2517=DIRECTION('ref_axis',(0.,0.,1.));
#2518=DIRECTION('center_axis',(0.,-1.,0.));
#2519=DIRECTION('ref_axis',(-0.218643803199068,0.,0.975804738317378));
#2520=DIRECTION('center_axis',(0.,1.,0.));
#2521=DIRECTION('ref_axis',(-0.218643803199068,0.,0.975804738317378));
#2522=DIRECTION('',(-1.,0.,-3.17692440850878E-16));
#2523=DIRECTION('center_axis',(0.,1.,0.));
#2524=DIRECTION('ref_axis',(0.,0.,1.));
#2525=DIRECTION('',(0.,0.,1.));
#2526=DIRECTION('center_axis',(0.,1.,0.));
#2527=DIRECTION('ref_axis',(1.,0.,0.));
#2528=DIRECTION('',(-1.,0.,2.96059473233375E-16));
#2529=DIRECTION('',(3.21827578452215E-16,0.,1.));
#2530=DIRECTION('center_axis',(0.,-1.,0.));
#2531=DIRECTION('ref_axis',(1.,0.,-3.21827578452215E-16));
#2532=DIRECTION('',(1.,0.,8.55995661854907E-15));
#2533=DIRECTION('',(0.,0.,-1.));
#2534=DIRECTION('',(-1.,0.,3.21827578452215E-16));
#2535=DIRECTION('center_axis',(0.,-1.,0.));
#2536=DIRECTION('ref_axis',(1.,0.,-3.21827578452215E-16));
#2537=DIRECTION('',(3.21827578452215E-16,0.,1.));
#2538=DIRECTION('',(1.,0.,1.97372982155583E-16));
#2539=DIRECTION('',(-4.89408412357899E-16,0.,-1.));
#2540=DIRECTION('center_axis',(0.,-1.,0.));
#2541=DIRECTION('ref_axis',(1.,0.,0.));
#2542=DIRECTION('center_axis',(0.,-1.,0.));
#2543=DIRECTION('ref_axis',(1.,0.,0.));
#2544=DIRECTION('center_axis',(0.,-1.,0.));
#2545=DIRECTION('ref_axis',(1.,0.,0.));
#2546=DIRECTION('center_axis',(0.,-1.,0.));
#2547=DIRECTION('ref_axis',(1.,0.,0.));
#2548=DIRECTION('center_axis',(0.,-1.,0.));
#2549=DIRECTION('ref_axis',(1.,0.,0.));
#2550=DIRECTION('center_axis',(0.,-1.,0.));
#2551=DIRECTION('ref_axis',(1.,0.,0.));
#2552=DIRECTION('center_axis',(0.,-1.,0.));
#2553=DIRECTION('ref_axis',(1.,0.,0.));
#2554=DIRECTION('center_axis',(0.,-1.,0.));
#2555=DIRECTION('ref_axis',(1.,0.,0.));
#2556=DIRECTION('center_axis',(0.,1.,0.));
#2557=DIRECTION('ref_axis',(1.,0.,0.));
#2558=DIRECTION('center_axis',(0.,-1.,0.));
#2559=DIRECTION('ref_axis',(-0.109989230569683,0.,-0.993932778993977));
#2560=DIRECTION('',(1.,0.,2.22044604925031E-16));
#2561=DIRECTION('',(-3.21827578452215E-16,0.,-1.));
#2562=DIRECTION('center_axis',(0.,-1.,0.));
#2563=DIRECTION('ref_axis',(1.,0.,-3.21827578452215E-16));
#2564=DIRECTION('',(-1.,0.,3.21827578452215E-16));
#2565=DIRECTION('',(3.1720657846433E-16,0.,1.));
#2566=DIRECTION('',(1.,0.,-3.21827578452215E-16));
#2567=DIRECTION('center_axis',(0.,-1.,0.));
#2568=DIRECTION('ref_axis',(1.,0.,-3.21827578452215E-16));
#2569=DIRECTION('',(-3.21827578452215E-16,0.,-1.));
#2570=DIRECTION('',(-1.,0.,2.22044604925031E-16));
#2571=DIRECTION('center_axis',(0.,-1.,0.));
#2572=DIRECTION('ref_axis',(-0.109989230569683,0.,0.993932778993977));
#2573=DIRECTION('center_axis',(0.,1.,0.));
#2574=DIRECTION('ref_axis',(1.,0.,0.));
#2575=DIRECTION('center_axis',(0.,1.,0.));
#2576=DIRECTION('ref_axis',(1.,0.,0.));
#2577=DIRECTION('center_axis',(0.,-1.,0.));
#2578=DIRECTION('ref_axis',(0.109989230569683,0.,0.993932778993977));
#2579=DIRECTION('',(-1.,0.,2.96059473233375E-16));
#2580=DIRECTION('',(4.05617995405057E-16,0.,1.));
#2581=DIRECTION('',(1.,0.,1.97372982155583E-16));
#2582=DIRECTION('center_axis',(0.,-1.,0.));
#2583=DIRECTION('ref_axis',(0.109989230569683,0.,-0.993932778993977));
#2584=DIRECTION('center_axis',(0.,1.,0.));
#2585=DIRECTION('ref_axis',(1.,0.,0.));
#2586=DIRECTION('center_axis',(0.,1.,0.));
#2587=DIRECTION('ref_axis',(1.,0.,0.));
#2588=DIRECTION('center_axis',(0.,1.,0.));
#2589=DIRECTION('ref_axis',(-0.218643803199068,0.,0.975804738317378));
#2590=DIRECTION('',(0.,1.,0.));
#2591=DIRECTION('center_axis',(0.,1.,0.));
#2592=DIRECTION('ref_axis',(1.,0.,0.));
#2593=DIRECTION('',(0.,-1.,0.));
#2594=DIRECTION('center_axis',(0.,1.,0.));
#2595=DIRECTION('ref_axis',(0.218643803199068,0.,-0.975804738317378));
#2596=DIRECTION('center_axis',(0.,1.,0.));
#2597=DIRECTION('ref_axis',(0.,0.,1.));
#2598=DIRECTION('center_axis',(0.,1.,0.));
#2599=DIRECTION('ref_axis',(-0.707106781186547,0.,-0.707106781186548));
#2600=DIRECTION('',(-1.,0.,-1.97372982155583E-16));
#2601=DIRECTION('center_axis',(0.,1.,0.));
#2602=DIRECTION('ref_axis',(0.109989230569683,0.,-0.993932778993977));
#2603=DIRECTION('center_axis',(0.,-1.,0.));
#2604=DIRECTION('ref_axis',(-1.44157457784554E-16,0.,1.));
#2605=DIRECTION('center_axis',(0.,1.,0.));
#2606=DIRECTION('ref_axis',(-0.109989230569683,0.,-0.993932778993977));
#2607=DIRECTION('',(-1.,0.,-2.22044604925031E-16));
#2608=DIRECTION('center_axis',(0.,1.,0.));
#2609=DIRECTION('ref_axis',(0.707106781186547,0.,-0.707106781186548));
#2610=DIRECTION('',(-3.1720657846433E-16,0.,-1.));
#2611=DIRECTION('center_axis',(0.,1.,0.));
#2612=DIRECTION('ref_axis',(0.707106781186547,0.,0.707106781186548));
#2613=DIRECTION('',(1.,0.,-2.22044604925031E-16));
#2614=DIRECTION('center_axis',(0.,1.,0.));
#2615=DIRECTION('ref_axis',(-0.109989230569683,0.,0.993932778993977));
#2616=DIRECTION('center_axis',(0.,-1.,0.));
#2617=DIRECTION('ref_axis',(-1.44157457784554E-16,0.,-1.));
#2618=DIRECTION('center_axis',(0.,1.,0.));
#2619=DIRECTION('ref_axis',(0.109989230569683,0.,0.993932778993977));
#2620=DIRECTION('',(1.,0.,-2.96059473233375E-16));
#2621=DIRECTION('center_axis',(0.,1.,0.));
#2622=DIRECTION('ref_axis',(-0.707106781186547,0.,0.707106781186548));
#2623=DIRECTION('',(0.,0.,1.));
#2624=DIRECTION('center_axis',(0.,1.,0.));
#2625=DIRECTION('ref_axis',(-1.,0.,0.));
#2626=DIRECTION('center_axis',(0.,1.,0.));
#2627=DIRECTION('ref_axis',(-1.,0.,0.));
#2628=DIRECTION('center_axis',(0.,1.,0.));
#2629=DIRECTION('ref_axis',(-1.,0.,0.));
#2630=DIRECTION('center_axis',(0.,1.,0.));
#2631=DIRECTION('ref_axis',(-1.,0.,0.));
#2632=DIRECTION('center_axis',(0.,1.,0.));
#2633=DIRECTION('ref_axis',(-1.,0.,0.));
#2634=DIRECTION('center_axis',(0.,1.,0.));
#2635=DIRECTION('ref_axis',(-1.,0.,0.));
#2636=DIRECTION('center_axis',(0.,1.,0.));
#2637=DIRECTION('ref_axis',(-1.,0.,0.));
#2638=DIRECTION('center_axis',(0.,1.,0.));
#2639=DIRECTION('ref_axis',(-1.,0.,0.));
#2640=DIRECTION('center_axis',(0.,1.,0.));
#2641=DIRECTION('ref_axis',(-1.,0.,0.));
#2642=DIRECTION('center_axis',(0.,1.,0.));
#2643=DIRECTION('ref_axis',(-1.,0.,0.));
#2644=DIRECTION('center_axis',(-1.,0.,4.89408412357899E-16));
#2645=DIRECTION('ref_axis',(4.89408412357899E-16,0.,1.));
#2646=DIRECTION('',(0.,1.,0.));
#2647=DIRECTION('',(-4.89408412357899E-16,0.,-1.));
#2648=DIRECTION('',(0.,-1.,0.));
#2649=DIRECTION('center_axis',(1.,0.,-4.05617995405057E-16));
#2650=DIRECTION('ref_axis',(-4.05617995405057E-16,0.,-1.));
#2651=DIRECTION('',(0.,1.,0.));
#2652=DIRECTION('',(4.05617995405057E-16,0.,1.));
#2653=DIRECTION('',(0.,-1.,0.));
#2654=DIRECTION('center_axis',(2.96059473233375E-16,0.,1.));
#2655=DIRECTION('ref_axis',(1.,0.,-2.96059473233375E-16));
#2656=DIRECTION('',(-1.,0.,3.21827578452215E-16));
#2657=DIRECTION('',(0.,1.,0.));
#2658=DIRECTION('center_axis',(0.,1.,0.));
#2659=DIRECTION('ref_axis',(0.,0.,1.));
#2660=DIRECTION('',(1.,0.,5.25352263816793E-16));
#2661=DIRECTION('',(3.21827578452215E-16,0.,1.));
#2662=DIRECTION('center_axis',(0.,-1.,0.));
#2663=DIRECTION('ref_axis',(1.,0.,-3.21827578452215E-16));
#2664=DIRECTION('',(-1.,0.,3.21827578452215E-16));
#2665=DIRECTION('',(-3.21827578452215E-16,0.,-1.));
#2666=DIRECTION('',(1.,0.,8.55995661854907E-15));
#2667=DIRECTION('center_axis',(0.,-1.,0.));
#2668=DIRECTION('ref_axis',(1.,0.,-3.21827578452215E-16));
#2669=DIRECTION('',(3.21827578452215E-16,0.,1.));
#2670=DIRECTION('center_axis',(1.97372982155583E-16,0.,-1.));
#2671=DIRECTION('ref_axis',(-1.,0.,-1.97372982155583E-16));
#2672=DIRECTION('',(0.,-1.,0.));
#2673=DIRECTION('center_axis',(0.,1.,0.));
#2674=DIRECTION('ref_axis',(1.,0.,0.));
#2675=DIRECTION('',(0.,1.,0.));
#2676=DIRECTION('center_axis',(0.,1.,0.));
#2677=DIRECTION('ref_axis',(1.,0.,0.));
#2678=DIRECTION('',(0.,1.,0.));
#2679=DIRECTION('center_axis',(0.,1.,0.));
#2680=DIRECTION('ref_axis',(1.,0.,0.));
#2681=DIRECTION('',(0.,1.,0.));
#2682=DIRECTION('center_axis',(0.,1.,0.));
#2683=DIRECTION('ref_axis',(1.,0.,0.));
#2684=DIRECTION('',(0.,1.,0.));
#2685=DIRECTION('center_axis',(0.,1.,0.));
#2686=DIRECTION('ref_axis',(1.,0.,0.));
#2687=DIRECTION('',(0.,1.,0.));
#2688=DIRECTION('center_axis',(0.,-1.,0.));
#2689=DIRECTION('ref_axis',(1.,0.,0.));
#2690=DIRECTION('',(0.,-1.,0.));
#2691=DIRECTION('center_axis',(0.,-1.,0.));
#2692=DIRECTION('ref_axis',(1.,0.,0.));
#2693=DIRECTION('center_axis',(0.,-1.,0.));
#2694=DIRECTION('ref_axis',(1.,0.,0.));
#2695=DIRECTION('center_axis',(0.,1.,0.));
#2696=DIRECTION('ref_axis',(0.,0.,1.));
#2697=DIRECTION('center_axis',(0.,-1.,0.));
#2698=DIRECTION('ref_axis',(1.,0.,0.));
#2699=DIRECTION('',(0.,-1.,0.));
#2700=DIRECTION('center_axis',(0.,-1.,0.));
#2701=DIRECTION('ref_axis',(1.,0.,0.));
#2702=DIRECTION('center_axis',(0.,-1.,0.));
#2703=DIRECTION('ref_axis',(1.,0.,0.));
#2704=DIRECTION('center_axis',(0.,1.,0.));
#2705=DIRECTION('ref_axis',(0.,0.,1.));
#2706=DIRECTION('center_axis',(0.,-1.,0.));
#2707=DIRECTION('ref_axis',(1.,0.,0.));
#2708=DIRECTION('',(0.,-1.,0.));
#2709=DIRECTION('center_axis',(0.,-1.,0.));
#2710=DIRECTION('ref_axis',(1.,0.,0.));
#2711=DIRECTION('center_axis',(0.,-1.,0.));
#2712=DIRECTION('ref_axis',(1.,0.,0.));
#2713=DIRECTION('center_axis',(0.,1.,0.));
#2714=DIRECTION('ref_axis',(0.,0.,1.));
#2715=DIRECTION('center_axis',(0.,-1.,0.));
#2716=DIRECTION('ref_axis',(1.,0.,0.));
#2717=DIRECTION('',(0.,-1.,0.));
#2718=DIRECTION('center_axis',(0.,-1.,0.));
#2719=DIRECTION('ref_axis',(1.,0.,0.));
#2720=DIRECTION('center_axis',(0.,-1.,0.));
#2721=DIRECTION('ref_axis',(1.,0.,0.));
#2722=DIRECTION('center_axis',(0.,1.,0.));
#2723=DIRECTION('ref_axis',(0.,0.,1.));
#2724=DIRECTION('center_axis',(3.21827578452215E-16,0.,1.));
#2725=DIRECTION('ref_axis',(1.,0.,-3.21827578452215E-16));
#2726=DIRECTION('',(0.,1.,0.));
#2727=DIRECTION('',(-1.,0.,3.21827578452215E-16));
#2728=DIRECTION('',(0.,-1.,0.));
#2729=DIRECTION('center_axis',(0.,1.,0.));
#2730=DIRECTION('ref_axis',(1.,0.,-3.21827578452215E-16));
#2731=DIRECTION('',(0.,1.,0.));
#2732=DIRECTION('center_axis',(0.,-1.,0.));
#2733=DIRECTION('ref_axis',(1.,0.,-3.21827578452215E-16));
#2734=DIRECTION('center_axis',(-1.,0.,3.21827578452215E-16));
#2735=DIRECTION('ref_axis',(3.21827578452215E-16,0.,1.));
#2736=DIRECTION('',(0.,1.,0.));
#2737=DIRECTION('',(-3.21827578452215E-16,0.,-1.));
#2738=DIRECTION('center_axis',(1.,0.,-3.21827578452215E-16));
#2739=DIRECTION('ref_axis',(-3.21827578452215E-16,0.,-1.));
#2740=DIRECTION('',(0.,1.,0.));
#2741=DIRECTION('center_axis',(0.,1.,0.));
#2742=DIRECTION('ref_axis',(1.,0.,-3.21827578452215E-16));
#2743=DIRECTION('',(0.,1.,0.));
#2744=DIRECTION('center_axis',(8.55995661854907E-15,0.,-1.));
#2745=DIRECTION('ref_axis',(-1.,0.,-8.55995661854907E-15));
#2746=DIRECTION('',(0.,-1.,0.));
#2747=DIRECTION('center_axis',(0.,1.,0.));
#2748=DIRECTION('ref_axis',(1.,0.,-3.21827578452215E-16));
#2749=DIRECTION('',(0.,1.,0.));
#2750=DIRECTION('center_axis',(0.,-1.,0.));
#2751=DIRECTION('ref_axis',(1.,0.,-3.21827578452215E-16));
#2752=DIRECTION('',(0.,1.,0.));
#2753=DIRECTION('center_axis',(-3.21827578452215E-16,0.,-1.));
#2754=DIRECTION('ref_axis',(-1.,0.,3.21827578452215E-16));
#2755=DIRECTION('',(0.,1.,0.));
#2756=DIRECTION('',(1.,0.,-3.21827578452215E-16));
#2757=DIRECTION('center_axis',(-1.,0.,3.21827578452215E-16));
#2758=DIRECTION('ref_axis',(3.21827578452215E-16,0.,1.));
#2759=DIRECTION('',(-3.21827578452215E-16,0.,-1.));
#2760=DIRECTION('',(0.,-1.,0.));
#2761=DIRECTION('center_axis',(0.,1.,0.));
#2762=DIRECTION('ref_axis',(1.,0.,-3.21827578452215E-16));
#2763=DIRECTION('',(0.,1.,0.));
#2764=DIRECTION('',(0.,1.,0.));
#2765=DIRECTION('center_axis',(1.,0.,-3.21827578452215E-16));
#2766=DIRECTION('ref_axis',(-3.21827578452215E-16,0.,-1.));
#2767=DIRECTION('center_axis',(3.21827578452215E-16,0.,1.));
#2768=DIRECTION('ref_axis',(1.,0.,-3.21827578452215E-16));
#2769=DIRECTION('',(0.,1.,0.));
#2770=DIRECTION('center_axis',(1.,0.,-3.1720657846433E-16));
#2771=DIRECTION('ref_axis',(-3.1720657846433E-16,0.,-1.));
#2772=DIRECTION('',(3.21827578452215E-16,0.,1.));
#2773=DIRECTION('center_axis',(2.22044604925031E-16,0.,1.));
#2774=DIRECTION('ref_axis',(1.,0.,-2.22044604925031E-16));
#2775=DIRECTION('',(-1.,0.,3.21827578452215E-16));
#2776=DIRECTION('',(0.,1.,0.));
#2777=DIRECTION('center_axis',(-1.,0.,0.));
#2778=DIRECTION('ref_axis',(0.,0.,1.));
#2779=DIRECTION('center_axis',(1.97372982155583E-16,0.,-1.));
#2780=DIRECTION('ref_axis',(-1.,0.,-1.97372982155583E-16));
#2781=DIRECTION('',(1.,0.,5.25352263816793E-16));
#2782=DIRECTION('',(0.,1.,0.));
#2783=DIRECTION('center_axis',(0.,1.,0.));
#2784=DIRECTION('ref_axis',(0.,0.,1.));
#2785=DIRECTION('center_axis',(0.,1.,0.));
#2786=DIRECTION('ref_axis',(-0.218643803199068,0.,0.975804738317378));
#2787=DIRECTION('center_axis',(0.,-1.,0.));
#2788=DIRECTION('ref_axis',(-0.218643803199069,0.,0.975804738317378));
#2789=DIRECTION('',(1.,0.,-3.21827578452215E-16));
#2790=DIRECTION('center_axis',(0.,-1.,0.));
#2791=DIRECTION('ref_axis',(1.58141189233376E-15,0.,-1.));
#2792=DIRECTION('center_axis',(0.,1.,0.));
#2793=DIRECTION('ref_axis',(0.218643803199068,0.,-0.975804738317378));
#2794=DIRECTION('center_axis',(0.,-1.,0.));
#2795=DIRECTION('ref_axis',(0.218643803199069,0.,-0.975804738317378));
#2796=DIRECTION('',(-1.,0.,3.21827578452215E-16));
#2797=DIRECTION('center_axis',(0.,-1.,0.));
#2798=DIRECTION('ref_axis',(3.21827578452215E-16,0.,1.));
#2799=DIRECTION('center_axis',(-5.2948740141813E-16,0.,-1.));
#2800=DIRECTION('ref_axis',(-1.,0.,5.2948740141813E-16));
#2801=DIRECTION('',(0.,1.,0.));
#2802=DIRECTION('',(-1.,0.,5.2948740141813E-16));
#2803=DIRECTION('',(0.,1.,0.));
#2804=DIRECTION('center_axis',(0.,1.,0.));
#2805=DIRECTION('ref_axis',(0.,0.,-1.));
#2806=DIRECTION('center_axis',(0.,-1.,0.));
#2807=DIRECTION('ref_axis',(0.,0.,-1.));
#2808=DIRECTION('',(0.,1.,0.));
#2809=DIRECTION('center_axis',(0.,1.,0.));
#2810=DIRECTION('ref_axis',(0.218643803199068,0.,-0.975804738317378));
#2811=DIRECTION('center_axis',(0.,1.,0.));
#2812=DIRECTION('ref_axis',(0.218643803199068,0.,-0.975804738317378));
#2813=DIRECTION('',(0.,1.,0.));
#2814=DIRECTION('center_axis',(0.,1.,0.));
#2815=DIRECTION('ref_axis',(0.218643803199069,0.,-0.975804738317378));
#2816=DIRECTION('center_axis',(0.,-1.,0.));
#2817=DIRECTION('ref_axis',(0.218643803199069,0.,-0.975804738317378));
#2818=DIRECTION('',(0.,1.,0.));
#2819=DIRECTION('center_axis',(-5.24439430566346E-16,0.,-1.));
#2820=DIRECTION('ref_axis',(-1.,0.,5.24439430566346E-16));
#2821=DIRECTION('',(-1.,0.,5.24439430566346E-16));
#2822=DIRECTION('',(0.,1.,0.));
#2823=DIRECTION('center_axis',(0.,1.,0.));
#2824=DIRECTION('ref_axis',(-4.4408920985007E-16,0.,-1.));
#2825=DIRECTION('center_axis',(0.,-1.,0.));
#2826=DIRECTION('ref_axis',(-4.4408920985007E-16,0.,-1.));
#2827=DIRECTION('',(0.,1.,0.));
#2828=DIRECTION('center_axis',(-1.,0.,4.35381578284375E-16));
#2829=DIRECTION('ref_axis',(4.35381578284375E-16,0.,1.));
#2830=DIRECTION('',(4.35381578284375E-16,0.,1.));
#2831=DIRECTION('',(0.,1.,0.));
#2832=DIRECTION('center_axis',(0.,1.,0.));
#2833=DIRECTION('ref_axis',(-1.,0.,0.));
#2834=DIRECTION('center_axis',(0.,-1.,0.));
#2835=DIRECTION('ref_axis',(-1.,0.,0.));
#2836=DIRECTION('',(0.,1.,0.));
#2837=DIRECTION('center_axis',(2.62219715283173E-16,0.,1.));
#2838=DIRECTION('ref_axis',(1.,0.,-2.62219715283173E-16));
#2839=DIRECTION('',(1.,0.,-2.62219715283173E-16));
#2840=DIRECTION('',(0.,1.,0.));
#2841=DIRECTION('center_axis',(0.,1.,0.));
#2842=DIRECTION('ref_axis',(0.,0.,1.));
#2843=DIRECTION('center_axis',(0.,-1.,0.));
#2844=DIRECTION('ref_axis',(0.,0.,1.));
#2845=DIRECTION('',(0.,1.,0.));
#2846=DIRECTION('center_axis',(0.,1.,0.));
#2847=DIRECTION('ref_axis',(-0.218643803199068,0.,0.975804738317378));
#2848=DIRECTION('center_axis',(0.,1.,0.));
#2849=DIRECTION('ref_axis',(-0.218643803199068,0.,0.975804738317378));
#2850=DIRECTION('',(0.,1.,0.));
#2851=DIRECTION('center_axis',(0.,1.,0.));
#2852=DIRECTION('ref_axis',(-0.218643803199068,0.,0.975804738317378));
#2853=DIRECTION('center_axis',(0.,-1.,0.));
#2854=DIRECTION('ref_axis',(-0.218643803199068,0.,0.975804738317378));
#2855=DIRECTION('',(0.,1.,0.));
#2856=DIRECTION('center_axis',(-3.17692440850878E-16,0.,1.));
#2857=DIRECTION('ref_axis',(1.,0.,3.17692440850878E-16));
#2858=DIRECTION('',(1.,0.,3.17692440850878E-16));
#2859=DIRECTION('',(0.,1.,0.));
#2860=DIRECTION('center_axis',(0.,1.,0.));
#2861=DIRECTION('ref_axis',(0.,0.,1.));
#2862=DIRECTION('center_axis',(0.,-1.,0.));
#2863=DIRECTION('ref_axis',(0.,0.,1.));
#2864=DIRECTION('',(0.,1.,0.));
#2865=DIRECTION('center_axis',(1.,0.,0.));
#2866=DIRECTION('ref_axis',(0.,0.,-1.));
#2867=DIRECTION('',(0.,0.,-1.));
#2868=DIRECTION('',(0.,1.,0.));
#2869=DIRECTION('center_axis',(0.,1.,0.));
#2870=DIRECTION('ref_axis',(1.,0.,0.));
#2871=DIRECTION('center_axis',(0.,-1.,0.));
#2872=DIRECTION('ref_axis',(1.,0.,0.));
#2873=DIRECTION('center_axis',(0.,1.,0.));
#2874=DIRECTION('ref_axis',(0.,0.,1.));
#2875=DIRECTION('center_axis',(0.,1.,0.));
#2876=DIRECTION('ref_axis',(-1.,0.,0.));
#2877=DIRECTION('',(1.,0.,-3.17692440850878E-16));
#2878=DIRECTION('center_axis',(0.,1.,0.));
#2879=DIRECTION('ref_axis',(0.,0.,1.));
#2880=DIRECTION('center_axis',(0.,-1.,0.));
#2881=DIRECTION('ref_axis',(-0.218643803199068,0.,0.975804738317378));
#2882=DIRECTION('center_axis',(0.,1.,0.));
#2883=DIRECTION('ref_axis',(-0.218643803199068,0.,0.975804738317378));
#2884=DIRECTION('',(1.,0.,-2.62219715283173E-16));
#2885=DIRECTION('center_axis',(0.,1.,0.));
#2886=DIRECTION('ref_axis',(4.44089209850063E-16,0.,1.));
#2887=DIRECTION('',(-3.1720657846433E-16,0.,-1.));
#2888=DIRECTION('center_axis',(0.,1.,0.));
#2889=DIRECTION('ref_axis',(1.,0.,0.));
#2890=DIRECTION('',(-1.,0.,-2.62219715283173E-16));
#2891=DIRECTION('center_axis',(0.,1.,0.));
#2892=DIRECTION('ref_axis',(4.44089209850062E-16,0.,-1.));
#2893=DIRECTION('center_axis',(0.,-1.,0.));
#2894=DIRECTION('ref_axis',(0.218643803199068,0.,-0.975804738317378));
#2895=DIRECTION('center_axis',(0.,1.,0.));
#2896=DIRECTION('ref_axis',(0.218643803199068,0.,-0.975804738317378));
#2897=DIRECTION('',(-1.,0.,-2.11794960567252E-16));
#2898=DIRECTION('center_axis',(0.,1.,0.));
#2899=DIRECTION('ref_axis',(0.,0.,-1.));
#2900=DIRECTION('',(0.,0.,1.));
#2901=DIRECTION('center_axis',(0.,1.,0.));
#2902=DIRECTION('ref_axis',(0.,0.,1.));
#2903=DIRECTION('center_axis',(-1.,0.,0.));
#2904=DIRECTION('ref_axis',(0.,0.,-1.));
#2905=DIRECTION('center_axis',(0.,0.,-1.));
#2906=DIRECTION('ref_axis',(0.,-1.,0.));
#2907=DIRECTION('center_axis',(0.,-1.,0.));
#2908=DIRECTION('ref_axis',(-0.707106781186547,0.,-0.707106781186548));
#2909=DIRECTION('center_axis',(0.,0.,1.));
#2910=DIRECTION('ref_axis',(-0.707106781186553,-0.707106781186543,0.));
#2911=DIRECTION('center_axis',(-8.88178419700113E-15,0.,-1.));
#2912=DIRECTION('ref_axis',(0.,-1.,0.));
#2913=DIRECTION('',(0.,0.,-1.));
#2914=DIRECTION('center_axis',(0.,1.,0.));
#2915=DIRECTION('ref_axis',(0.,0.,1.));
#2916=DIRECTION('center_axis',(-1.,0.,0.));
#2917=DIRECTION('ref_axis',(0.,-1.,0.));
#2918=DIRECTION('center_axis',(0.,-1.,0.));
#2919=DIRECTION('ref_axis',(-0.707106781186547,0.,0.707106781186548));
#2920=DIRECTION('center_axis',(1.,0.,-2.96059473233375E-16));
#2921=DIRECTION('ref_axis',(0.,-0.707106781186555,0.70710678118654));
#2922=DIRECTION('center_axis',(-1.,0.,0.));
#2923=DIRECTION('ref_axis',(0.,-1.,0.));
#2924=DIRECTION('',(-1.,0.,2.96059473233375E-16));
#2925=DIRECTION('center_axis',(0.,1.,0.));
#2926=DIRECTION('ref_axis',(0.,0.,1.));
#2927=DIRECTION('center_axis',(-0.975804738317377,0.,0.218643803199076));
#2928=DIRECTION('ref_axis',(0.,-1.,0.));
#2929=DIRECTION('center_axis',(0.,-1.,0.));
#2930=DIRECTION('ref_axis',(0.109989230569683,0.,0.993932778993977));
#2931=DIRECTION('center_axis',(0.,-1.,0.));
#2932=DIRECTION('ref_axis',(0.,0.,-1.));
#2933=DIRECTION('center_axis',(-0.975804738317379,0.,-0.218643803199063));
#2934=DIRECTION('ref_axis',(0.,-1.,0.));
#2935=DIRECTION('center_axis',(0.,1.,0.));
#2936=DIRECTION('ref_axis',(-1.44157457784554E-16,0.,-1.));
#2937=DIRECTION('center_axis',(0.,1.,0.));
#2938=DIRECTION('ref_axis',(0.,0.,1.));
#2939=DIRECTION('center_axis',(-1.,0.,4.44089209850052E-15));
#2940=DIRECTION('ref_axis',(0.,-1.,0.));
#2941=DIRECTION('center_axis',(0.,-1.,0.));
#2942=DIRECTION('ref_axis',(-0.109989230569683,0.,0.993932778993977));
#2943=DIRECTION('center_axis',(1.,0.,-2.22044604925031E-16));
#2944=DIRECTION('ref_axis',(0.,-0.707106781186543,0.707106781186553));
#2945=DIRECTION('center_axis',(-1.,0.,-1.11022302462515E-15));
#2946=DIRECTION('ref_axis',(0.,-1.,0.));
#2947=DIRECTION('',(-1.,0.,2.22044604925031E-16));
#2948=DIRECTION('center_axis',(0.,1.,0.));
#2949=DIRECTION('ref_axis',(0.,0.,1.));
#2950=DIRECTION('center_axis',(0.,0.,1.));
#2951=DIRECTION('ref_axis',(0.,-1.,0.));
#2952=DIRECTION('center_axis',(0.,-1.,0.));
#2953=DIRECTION('ref_axis',(0.707106781186547,0.,0.707106781186548));
#2954=DIRECTION('center_axis',(-3.1720657846433E-16,0.,-1.));
#2955=DIRECTION('ref_axis',(0.707106781186546,-0.707106781186549,0.));
#2956=DIRECTION('center_axis',(0.,0.,1.));
#2957=DIRECTION('ref_axis',(0.,-1.,0.));
#2958=DIRECTION('',(3.1720657846433E-16,0.,1.));
#2959=DIRECTION('center_axis',(0.,1.,0.));
#2960=DIRECTION('ref_axis',(0.,0.,1.));
#2961=DIRECTION('center_axis',(1.,0.,0.));
#2962=DIRECTION('ref_axis',(0.,-1.,0.));
#2963=DIRECTION('center_axis',(0.,-1.,0.));
#2964=DIRECTION('ref_axis',(0.707106781186547,0.,-0.707106781186548));
#2965=DIRECTION('center_axis',(-1.,0.,-2.22044604925031E-16));
#2966=DIRECTION('ref_axis',(0.,-0.707106781186549,-0.707106781186546));
#2967=DIRECTION('center_axis',(1.,0.,0.));
#2968=DIRECTION('ref_axis',(0.,-1.,0.));
#2969=DIRECTION('',(1.,0.,2.22044604925031E-16));
#2970=DIRECTION('center_axis',(0.,1.,0.));
#2971=DIRECTION('ref_axis',(0.,0.,1.));
#2972=DIRECTION('center_axis',(0.975804738317378,0.,-0.218643803199068));
#2973=DIRECTION('ref_axis',(0.,-1.,0.));
#2974=DIRECTION('center_axis',(0.,-1.,0.));
#2975=DIRECTION('ref_axis',(-0.109989230569683,0.,-0.993932778993977));
#2976=DIRECTION('center_axis',(0.,-1.,0.));
#2977=DIRECTION('ref_axis',(-1.13484042277347E-16,0.,1.));
#2978=DIRECTION('center_axis',(0.975804738317379,0.,0.218643803199063));
#2979=DIRECTION('ref_axis',(0.,-1.,0.));
#2980=DIRECTION('center_axis',(0.,1.,0.));
#2981=DIRECTION('ref_axis',(-1.44157457784554E-16,0.,1.));
#2982=DIRECTION('center_axis',(0.,1.,0.));
#2983=DIRECTION('ref_axis',(0.,0.,1.));
#2984=DIRECTION('center_axis',(1.,0.,0.));
#2985=DIRECTION('ref_axis',(0.,-1.,0.));
#2986=DIRECTION('center_axis',(0.,-1.,0.));
#2987=DIRECTION('ref_axis',(0.109989230569683,0.,-0.993932778993977));
#2988=DIRECTION('center_axis',(-1.,0.,-1.97372982155583E-16));
#2989=DIRECTION('ref_axis',(0.,-0.707106781186549,-0.707106781186546));
#2990=DIRECTION('',(1.,0.,1.97372982155583E-16));
#2991=DIRECTION('center_axis',(1.,0.,-3.1720657846433E-16));
#2992=DIRECTION('ref_axis',(-3.1720657846433E-16,0.,-1.));
#2993=DIRECTION('',(0.,-1.,0.));
#2994=DIRECTION('',(0.,1.,0.));
#2995=DIRECTION('center_axis',(0.,1.,0.));
#2996=DIRECTION('ref_axis',(0.707106781186548,0.,-0.707106781186547));
#2997=DIRECTION('',(0.,1.,0.));
#2998=DIRECTION('center_axis',(2.22044604925031E-16,0.,-1.));
#2999=DIRECTION('ref_axis',(-1.,0.,-2.22044604925031E-16));
#3000=DIRECTION('',(0.,-1.,0.));
#3001=DIRECTION('center_axis',(0.,1.,0.));
#3002=DIRECTION('ref_axis',(-0.109989230569683,0.,-0.993932778993977));
#3003=DIRECTION('',(0.,1.,0.));
#3004=DIRECTION('center_axis',(0.,1.,0.));
#3005=DIRECTION('ref_axis',(1.,0.,0.));
#3006=DIRECTION('',(0.,-1.,0.));
#3007=DIRECTION('center_axis',(0.,1.,0.));
#3008=DIRECTION('ref_axis',(0.109989230569683,0.,-0.993932778993977));
#3009=DIRECTION('',(0.,1.,0.));
#3010=DIRECTION('center_axis',(1.97372982155583E-16,0.,-1.));
#3011=DIRECTION('ref_axis',(-1.,0.,-1.97372982155583E-16));
#3012=DIRECTION('',(0.,-1.,0.));
#3013=DIRECTION('center_axis',(0.,1.,0.));
#3014=DIRECTION('ref_axis',(-0.707106781186547,0.,-0.707106781186547));
#3015=DIRECTION('',(0.,1.,0.));
#3016=DIRECTION('center_axis',(0.,1.,0.));
#3017=DIRECTION('ref_axis',(0.109989230569683,0.,-0.993932778993977));
#3018=DIRECTION('center_axis',(0.,1.,0.));
#3019=DIRECTION('ref_axis',(1.,0.,0.));
#3020=DIRECTION('',(0.,1.,0.));
#3021=DIRECTION('center_axis',(0.,1.,0.));
#3022=DIRECTION('ref_axis',(-0.109989230569683,0.,-0.993932778993977));
#3023=DIRECTION('',(0.,-1.,0.));
#3024=DIRECTION('center_axis',(2.22044604925031E-16,0.,-1.));
#3025=DIRECTION('ref_axis',(-1.,0.,-2.22044604925031E-16));
#3026=DIRECTION('center_axis',(0.,1.,0.));
#3027=DIRECTION('ref_axis',(-0.109989230569683,0.,0.993932778993977));
#3028=DIRECTION('',(0.,-1.,0.));
#3029=DIRECTION('center_axis',(0.,1.,0.));
#3030=DIRECTION('ref_axis',(1.,0.,0.));
#3031=DIRECTION('center_axis',(0.,1.,0.));
#3032=DIRECTION('ref_axis',(0.109989230569683,0.,0.993932778993977));
#3033=DIRECTION('',(0.,-1.,0.));
#3034=DIRECTION('center_axis',(2.96059473233375E-16,0.,1.));
#3035=DIRECTION('ref_axis',(1.,0.,-2.96059473233375E-16));
#3036=DIRECTION('center_axis',(0.,1.,0.));
#3037=DIRECTION('ref_axis',(-0.109989230569683,0.,0.993932778993977));
#3038=DIRECTION('',(0.,1.,0.));
#3039=DIRECTION('',(0.,-1.,0.));
#3040=DIRECTION('center_axis',(0.,1.,0.));
#3041=DIRECTION('ref_axis',(1.,0.,0.));
#3042=DIRECTION('',(0.,1.,0.));
#3043=DIRECTION('center_axis',(0.,1.,0.));
#3044=DIRECTION('ref_axis',(0.109989230569683,0.,0.993932778993977));
#3045=DIRECTION('',(0.,-1.,0.));
#3046=DIRECTION('center_axis',(2.96059473233375E-16,0.,1.));
#3047=DIRECTION('ref_axis',(1.,0.,-2.96059473233375E-16));
#3048=DIRECTION('',(0.,1.,0.));
#3049=DIRECTION('center_axis',(0.,1.,0.));
#3050=DIRECTION('ref_axis',(0.707106781186548,0.,0.707106781186547));
#3051=DIRECTION('',(0.,-1.,0.));
#3052=DIRECTION('center_axis',(2.22044604925031E-16,0.,1.));
#3053=DIRECTION('ref_axis',(1.,0.,-2.22044604925031E-16));
#3054=DIRECTION('center_axis',(0.,1.,0.));
#3055=DIRECTION('ref_axis',(-0.707106781186547,0.,0.707106781186547));
#3056=DIRECTION('',(0.,-1.,0.));
#3057=DIRECTION('center_axis',(-1.,0.,0.));
#3058=DIRECTION('ref_axis',(0.,0.,1.));
#3059=CARTESIAN_POINT('',(0.,0.,0.));
#3060=CARTESIAN_POINT('Origin',(-38.0160717683597,2.5,1.29718751651353E-5));
#3061=CARTESIAN_POINT('',(-34.5160717683597,3.5,1.29718751640089E-5));
#3062=CARTESIAN_POINT('',(-41.5160717683597,3.5,1.29718751666903E-5));
#3063=CARTESIAN_POINT('Origin',(-38.0160717683597,3.5,1.29718751651353E-5));
#3064=CARTESIAN_POINT('Origin',(-38.0160717683597,3.5,1.29718751651353E-5));
#3065=CARTESIAN_POINT('',(-41.5160717683597,2.5,1.29718751666903E-5));
#3066=CARTESIAN_POINT('',(-41.5160717683597,2.5,1.29718751666903E-5));
#3067=CARTESIAN_POINT('',(-34.5160717683597,2.5,1.29718751640089E-5));
#3068=CARTESIAN_POINT('Origin',(-38.0160717683597,2.5,1.29718751651353E-5));
#3069=CARTESIAN_POINT('Origin',(-38.0160717683597,2.5,1.29718751651353E-5));
#3070=CARTESIAN_POINT('Origin',(-38.0160717683597,3.5,1.29718751651353E-5));
#3071=CARTESIAN_POINT('',(-36.0160717683597,3.5,1.29718751642467E-5));
#3072=CARTESIAN_POINT('',(-40.0160717683597,3.5,1.29718751266612E-5));
#3073=CARTESIAN_POINT('Origin',(-38.0160717683597,3.5,1.29718751651353E-5));
#3074=CARTESIAN_POINT('Origin',(-38.0160717683597,3.5,1.29718751651353E-5));
#3075=CARTESIAN_POINT('Origin',(-38.0160717683597,2.5,25.0150581378912));
#3076=CARTESIAN_POINT('',(-34.5160717683597,3.5,25.0150581378912));
#3077=CARTESIAN_POINT('',(-41.5160717683597,3.5,25.0150581378912));
#3078=CARTESIAN_POINT('Origin',(-38.0160717683597,3.5,25.0150581378912));
#3079=CARTESIAN_POINT('Origin',(-38.0160717683597,3.5,25.0150581378912));
#3080=CARTESIAN_POINT('',(-41.5160717683597,2.5,25.0150581378912));
#3081=CARTESIAN_POINT('',(-41.5160717683597,2.5,25.0150581378912));
#3082=CARTESIAN_POINT('',(-34.5160717683597,2.5,25.0150581378912));
#3083=CARTESIAN_POINT('Origin',(-38.0160717683597,2.5,25.0150581378912));
#3084=CARTESIAN_POINT('Origin',(-38.0160717683597,2.5,25.0150581378912));
#3085=CARTESIAN_POINT('Origin',(-38.0160717683597,3.5,25.0150581378912));
#3086=CARTESIAN_POINT('',(-36.0160717683597,3.5,25.0150581378912));
#3087=CARTESIAN_POINT('',(-40.0160717683597,3.5,25.0150581378912));
#3088=CARTESIAN_POINT('Origin',(-38.0160717683597,3.5,25.0150581378912));
#3089=CARTESIAN_POINT('Origin',(-38.0160717683597,3.5,25.0150581378912));
#3090=CARTESIAN_POINT('Origin',(-28.0607495027396,2.5,-24.9857963542969));
#3091=CARTESIAN_POINT('',(-24.5607495027396,3.5,-24.9857963542969));
#3092=CARTESIAN_POINT('',(-31.5607495027396,3.5,-24.9857963542969));
#3093=CARTESIAN_POINT('Origin',(-28.0607495027396,3.5,-24.9857963542969));
#3094=CARTESIAN_POINT('Origin',(-28.0607495027396,3.5,-24.9857963542969));
#3095=CARTESIAN_POINT('',(-31.5607495027396,2.5,-24.9857963542969));
#3096=CARTESIAN_POINT('',(-31.5607495027396,2.5,-24.9857963542969));
#3097=CARTESIAN_POINT('',(-24.5607495027396,2.5,-24.9857963542969));
#3098=CARTESIAN_POINT('Origin',(-28.0607495027396,2.5,-24.9857963542969));
#3099=CARTESIAN_POINT('Origin',(-28.0607495027396,2.5,-24.9857963542969));
#3100=CARTESIAN_POINT('Origin',(-28.0607495027396,3.5,-24.9857963542969));
#3101=CARTESIAN_POINT('',(-26.0607495027396,3.5,-24.9857963542969));
#3102=CARTESIAN_POINT('',(-30.0607495027396,3.5,-24.9857963542969));
#3103=CARTESIAN_POINT('Origin',(-28.0607495027396,3.5,-24.9857963542969));
#3104=CARTESIAN_POINT('Origin',(-28.0607495027396,3.5,-24.9857963542969));
#3105=CARTESIAN_POINT('Origin',(-28.0685620027397,2.5,25.0000129718752));
#3106=CARTESIAN_POINT('',(-24.5685620027397,3.5,25.0000129718752));
#3107=CARTESIAN_POINT('',(-31.5685620027397,3.5,25.0000129718752));
#3108=CARTESIAN_POINT('Origin',(-28.0685620027397,3.5,25.0000129718752));
#3109=CARTESIAN_POINT('Origin',(-28.0685620027397,3.5,25.0000129718752));
#3110=CARTESIAN_POINT('',(-31.5685620027397,2.5,25.0000129718752));
#3111=CARTESIAN_POINT('',(-31.5685620027397,2.5,25.0000129718752));
#3112=CARTESIAN_POINT('',(-24.5685620027397,2.5,25.0000129718752));
#3113=CARTESIAN_POINT('Origin',(-28.0685620027397,2.5,25.0000129718752));
#3114=CARTESIAN_POINT('Origin',(-28.0685620027397,2.5,25.0000129718752));
#3115=CARTESIAN_POINT('Origin',(-28.0685620027397,3.5,25.0000129718752));
#3116=CARTESIAN_POINT('',(-26.0685620027397,3.5,25.0000129718752));
#3117=CARTESIAN_POINT('',(-30.0685620027397,3.5,25.0000129718752));
#3118=CARTESIAN_POINT('Origin',(-28.0685620027397,3.5,25.0000129718752));
#3119=CARTESIAN_POINT('Origin',(-28.0685620027397,3.5,25.0000129718752));
#3120=CARTESIAN_POINT('Origin',(-38.0160717683597,2.5,-24.9999870281249));
#3121=CARTESIAN_POINT('',(-34.5160717683597,3.5,-24.9999870281249));
#3122=CARTESIAN_POINT('',(-41.5160717683597,3.5,-24.9999870281249));
#3123=CARTESIAN_POINT('Origin',(-38.0160717683597,3.5,-24.9999870281249));
#3124=CARTESIAN_POINT('Origin',(-38.0160717683597,3.5,-24.9999870281249));
#3125=CARTESIAN_POINT('',(-41.5160717683597,2.5,-24.9999870281249));
#3126=CARTESIAN_POINT('',(-41.5160717683597,2.5,-24.9999870281249));
#3127=CARTESIAN_POINT('',(-34.5160717683597,2.5,-24.9999870281249));
#3128=CARTESIAN_POINT('Origin',(-38.0160717683597,2.5,-24.9999870281249));
#3129=CARTESIAN_POINT('Origin',(-38.0160717683597,2.5,-24.9999870281249));
#3130=CARTESIAN_POINT('Origin',(-38.0160717683597,3.5,-24.9999870281249));
#3131=CARTESIAN_POINT('',(-36.0160717683597,3.5,-24.9999870281249));
#3132=CARTESIAN_POINT('',(-40.0160717683597,3.5,-24.9999870281249));
#3133=CARTESIAN_POINT('Origin',(-38.0160717683597,3.5,-24.9999870281249));
#3134=CARTESIAN_POINT('Origin',(-38.0160717683597,3.5,-24.9999870281249));
#3135=CARTESIAN_POINT('Origin',(-67.9999999999997,6.,-47.276625594005));
#3136=CARTESIAN_POINT('',(-65.8999999999997,6.,-47.276625594005));
#3137=CARTESIAN_POINT('',(-70.0999999999997,6.,-47.276625594005));
#3138=CARTESIAN_POINT('Origin',(-67.9999999999997,6.,-47.276625594005));
#3139=CARTESIAN_POINT('Origin',(-67.9999999999997,6.,-47.276625594005));
#3140=CARTESIAN_POINT('',(-70.0999999999997,1.5,-47.276625594005));
#3141=CARTESIAN_POINT('',(-70.0999999999997,6.,-47.276625594005));
#3142=CARTESIAN_POINT('',(-65.8999999999997,1.5,-47.276625594005));
#3143=CARTESIAN_POINT('Origin',(-67.9999999999997,1.5,-47.276625594005));
#3144=CARTESIAN_POINT('Origin',(-67.9999999999997,1.5,-47.276625594005));
#3145=CARTESIAN_POINT('Origin',(-67.9999999999997,1.5,-47.276625594005));
#3146=CARTESIAN_POINT('Origin',(-67.9999999999997,6.,47.2766255940053));
#3147=CARTESIAN_POINT('',(-65.8999999999997,6.,47.2766255940053));
#3148=CARTESIAN_POINT('',(-70.0999999999997,6.,47.2766255940053));
#3149=CARTESIAN_POINT('Origin',(-67.9999999999997,6.,47.2766255940053));
#3150=CARTESIAN_POINT('Origin',(-67.9999999999997,6.,47.2766255940053));
#3151=CARTESIAN_POINT('',(-70.0999999999997,1.5,47.2766255940053));
#3152=CARTESIAN_POINT('',(-70.0999999999997,6.,47.2766255940053));
#3153=CARTESIAN_POINT('',(-65.8999999999997,1.5,47.2766255940053));
#3154=CARTESIAN_POINT('Origin',(-67.9999999999997,1.5,47.2766255940053));
#3155=CARTESIAN_POINT('Origin',(-67.9999999999997,1.5,47.2766255940053));
#3156=CARTESIAN_POINT('Origin',(-67.9999999999997,1.5,47.2766255940053));
#3157=CARTESIAN_POINT('Origin',(-67.9999999999997,6.,49.7766255940053));
#3158=CARTESIAN_POINT('',(-75.4966893742114,2.5,49.9994448628797));
#3159=CARTESIAN_POINT('',(-60.503310625788,2.5,49.9994448628797));
#3160=CARTESIAN_POINT('Origin',(-67.9999999999997,2.5,49.7766255940053));
#3161=CARTESIAN_POINT('',(-75.4966893742114,6.,49.9994448628797));
#3162=CARTESIAN_POINT('',(-75.4966893742114,6.,49.9994448628794));
#3163=CARTESIAN_POINT('',(-60.503310625788,6.,49.9994448628797));
#3164=CARTESIAN_POINT('Origin',(-67.9999999999997,6.,49.7766255940053));
#3165=CARTESIAN_POINT('',(-60.503310625788,6.,49.9994448628794));
#3166=CARTESIAN_POINT('Origin',(-67.9999999999997,6.,-49.776625594005));
#3167=CARTESIAN_POINT('',(-60.503310625788,2.5,-49.9994448628794));
#3168=CARTESIAN_POINT('',(-75.4966893742114,2.5,-49.9994448628794));
#3169=CARTESIAN_POINT('Origin',(-67.9999999999997,2.5,-49.776625594005));
#3170=CARTESIAN_POINT('',(-60.503310625788,6.,-49.9994448628794));
#3171=CARTESIAN_POINT('',(-60.503310625788,6.,-49.9994448628794));
#3172=CARTESIAN_POINT('',(-75.4966893742114,6.,-49.9994448628794));
#3173=CARTESIAN_POINT('Origin',(-67.9999999999997,6.,-49.776625594005));
#3174=CARTESIAN_POINT('',(-75.4966893742114,6.,-49.9994448628794));
#3175=CARTESIAN_POINT('Origin',(-67.9999999999997,6.,-46.1380352284422));
#3176=CARTESIAN_POINT('',(-181.,6.,54.75));
#3177=CARTESIAN_POINT('',(-97.1284652551402,6.,54.75));
#3178=CARTESIAN_POINT('',(-95.06423262757,6.,54.75));
#3179=CARTESIAN_POINT('',(-95.2153319771483,6.,54.538291460277));
#3180=CARTESIAN_POINT('Origin',(-97.1284652551402,6.,46.));
#3181=CARTESIAN_POINT('',(-40.7846680228517,6.,54.538291460277));
#3182=CARTESIAN_POINT('Origin',(-68.,6.,176.));
#3183=CARTESIAN_POINT('',(-38.8715347448599,6.,54.75));
#3184=CARTESIAN_POINT('Origin',(-38.8715347448599,6.,46.));
#3185=CARTESIAN_POINT('',(-4.99999999999998,6.,54.7499999999999));
#3186=CARTESIAN_POINT('',(-49.,6.,54.75));
#3187=CARTESIAN_POINT('',(-1.24999999999998,6.,51.));
#3188=CARTESIAN_POINT('Origin',(-4.99999999999998,6.,51.));
#3189=CARTESIAN_POINT('',(-1.25000000000002,6.,-51.));
#3190=CARTESIAN_POINT('',(-1.25000000000001,6.,-25.5));
#3191=CARTESIAN_POINT('',(-5.00000000000002,6.,-54.75));
#3192=CARTESIAN_POINT('Origin',(-5.00000000000002,6.,-51.));
#3193=CARTESIAN_POINT('',(-38.8715347448599,6.,-54.75));
#3194=CARTESIAN_POINT('',(-65.93576737243,6.,-54.75));
#3195=CARTESIAN_POINT('',(-40.7846680228517,6.,-54.538291460277));
#3196=CARTESIAN_POINT('Origin',(-38.8715347448599,6.,-46.));
#3197=CARTESIAN_POINT('',(-95.2153319771483,6.,-54.538291460277));
#3198=CARTESIAN_POINT('Origin',(-68.,6.,-176.));
#3199=CARTESIAN_POINT('',(-97.1284652551402,6.,-54.75));
#3200=CARTESIAN_POINT('Origin',(-97.1284652551402,6.,-46.));
#3201=CARTESIAN_POINT('',(-181.,6.,-54.75));
#3202=CARTESIAN_POINT('',(-137.,6.,-54.75));
#3203=CARTESIAN_POINT('',(-184.75,6.,-51.));
#3204=CARTESIAN_POINT('Origin',(-181.,6.,-51.));
#3205=CARTESIAN_POINT('',(-184.75,6.,51.));
#3206=CARTESIAN_POINT('',(-184.75,6.,25.5));
#3207=CARTESIAN_POINT('Origin',(-181.,6.,51.));
#3208=CARTESIAN_POINT('',(-105.,6.,53.));
#3209=CARTESIAN_POINT('',(-174.5,6.,53.));
#3210=CARTESIAN_POINT('',(-139.5,6.,53.));
#3211=CARTESIAN_POINT('',(-174.5,6.,51.));
#3212=CARTESIAN_POINT('',(-174.5,6.,26.5));
#3213=CARTESIAN_POINT('',(-181.,6.,44.5));
#3214=CARTESIAN_POINT('Origin',(-181.,6.,51.));
#3215=CARTESIAN_POINT('',(-183.,6.,44.5));
#3216=CARTESIAN_POINT('',(-137.,6.,44.5000000000004));
#3217=CARTESIAN_POINT('',(-183.,6.,-44.5));
#3218=CARTESIAN_POINT('',(-183.,6.,-28.));
#3219=CARTESIAN_POINT('',(-181.,6.,-44.5));
#3220=CARTESIAN_POINT('',(-138.,6.,-44.5));
#3221=CARTESIAN_POINT('',(-174.5,6.,-51.));
#3222=CARTESIAN_POINT('Origin',(-181.,6.,-51.));
#3223=CARTESIAN_POINT('',(-174.5,6.,-53.));
#3224=CARTESIAN_POINT('',(-174.5,6.,-25.5));
#3225=CARTESIAN_POINT('',(-105.,6.,-53.));
#3226=CARTESIAN_POINT('',(-94.5,6.,-53.));
#3227=CARTESIAN_POINT('',(-105.,6.,-26.5));
#3228=CARTESIAN_POINT('',(-3.65000000000008,6.,50.25));
#3229=CARTESIAN_POINT('',(-7.85000000000008,6.,50.25));
#3230=CARTESIAN_POINT('Origin',(-5.75000000000008,6.,50.25));
#3231=CARTESIAN_POINT('Origin',(-5.75000000000008,6.,50.25));
#3232=CARTESIAN_POINT('',(-3.65000000000006,6.,-50.25));
#3233=CARTESIAN_POINT('',(-7.85000000000006,6.,-50.25));
#3234=CARTESIAN_POINT('Origin',(-5.75000000000006,6.,-50.25));
#3235=CARTESIAN_POINT('Origin',(-5.75000000000006,6.,-50.25));
#3236=CARTESIAN_POINT('',(-178.15,6.,50.25));
#3237=CARTESIAN_POINT('',(-182.35,6.,50.25));
#3238=CARTESIAN_POINT('Origin',(-180.25,6.,50.25));
#3239=CARTESIAN_POINT('Origin',(-180.25,6.,50.25));
#3240=CARTESIAN_POINT('',(-178.15,6.,-50.25));
#3241=CARTESIAN_POINT('',(-182.35,6.,-50.25));
#3242=CARTESIAN_POINT('Origin',(-180.25,6.,-50.25));
#3243=CARTESIAN_POINT('Origin',(-180.25,6.,-50.25));
#3244=CARTESIAN_POINT('',(-40.4020413672534,6.,-52.8306331682216));
#3245=CARTESIAN_POINT('Origin',(-68.,6.,-176.));
#3246=CARTESIAN_POINT('',(-38.8715347448599,6.,-53.));
#3247=CARTESIAN_POINT('Origin',(-38.8715347448599,6.,-46.));
#3248=CARTESIAN_POINT('',(-11.5000000000001,6.,-53.0000000000001));
#3249=CARTESIAN_POINT('',(-46.5,6.,-53.));
#3250=CARTESIAN_POINT('',(-11.5000000000001,6.,-51.));
#3251=CARTESIAN_POINT('',(-11.5000000000001,6.,-26.5000000000001));
#3252=CARTESIAN_POINT('',(-5.00000000000009,6.,-44.5000000000001));
#3253=CARTESIAN_POINT('Origin',(-5.00000000000009,6.,-51.));
#3254=CARTESIAN_POINT('',(-3.0000000000001,6.,-44.5000000000001));
#3255=CARTESIAN_POINT('',(-49.0000000000001,6.,-44.5));
#3256=CARTESIAN_POINT('',(-3.00000000000003,6.,44.5));
#3257=CARTESIAN_POINT('',(-3.,6.,28.));
#3258=CARTESIAN_POINT('',(-5.00000000000003,6.,44.5));
#3259=CARTESIAN_POINT('',(-48.,6.,44.5));
#3260=CARTESIAN_POINT('',(-11.5000000000001,6.,51.));
#3261=CARTESIAN_POINT('Origin',(-5.00000000000003,6.,51.));
#3262=CARTESIAN_POINT('',(-11.5000000000001,6.,53.));
#3263=CARTESIAN_POINT('',(-11.5000000000001,6.,25.5));
#3264=CARTESIAN_POINT('',(-38.8715347448599,6.,53.));
#3265=CARTESIAN_POINT('',(-66.5,6.,53.));
#3266=CARTESIAN_POINT('',(-40.4020413672534,6.,52.8306331682216));
#3267=CARTESIAN_POINT('Origin',(-38.8715347448599,6.,46.));
#3268=CARTESIAN_POINT('Origin',(-68.,6.,176.));
#3269=CARTESIAN_POINT('',(-95.5979586327467,6.,52.8306331682217));
#3270=CARTESIAN_POINT('Origin',(-68.,6.,176.));
#3271=CARTESIAN_POINT('',(-97.1284652551402,6.,53.));
#3272=CARTESIAN_POINT('Origin',(-97.1284652551402,6.,46.));
#3273=CARTESIAN_POINT('',(-103.,6.,53.));
#3274=CARTESIAN_POINT('',(-139.5,6.,53.));
#3275=CARTESIAN_POINT('',(-103.,6.,-53.));
#3276=CARTESIAN_POINT('',(-103.,6.,26.5));
#3277=CARTESIAN_POINT('',(-97.1284652551402,6.,-53.));
#3278=CARTESIAN_POINT('',(-94.5,6.,-53.));
#3279=CARTESIAN_POINT('',(-95.5979586327467,6.,-52.8306331682217));
#3280=CARTESIAN_POINT('Origin',(-97.1284652551402,6.,-46.));
#3281=CARTESIAN_POINT('Origin',(-68.,6.,-176.));
#3282=CARTESIAN_POINT('Origin',(-68.,0.,176.));
#3283=CARTESIAN_POINT('',(-95.5979586327467,2.5,52.8306331682217));
#3284=CARTESIAN_POINT('Origin',(-68.,2.5,176.));
#3285=CARTESIAN_POINT('',(-95.5979586327467,0.,52.8306331682217));
#3286=CARTESIAN_POINT('Origin',(-68.,0.,-176.));
#3287=CARTESIAN_POINT('',(-95.5979586327467,2.5,-52.8306331682217));
#3288=CARTESIAN_POINT('',(-95.5979586327467,0.,-52.8306331682217));
#3289=CARTESIAN_POINT('Origin',(-68.,2.5,-176.));
#3290=CARTESIAN_POINT('Origin',(-93.,0.,0.));
#3291=CARTESIAN_POINT('',(-181.,0.,-55.));
#3292=CARTESIAN_POINT('',(-185.,0.,-51.));
#3293=CARTESIAN_POINT('Origin',(-181.,0.,-51.));
#3294=CARTESIAN_POINT('',(-97.1284652551402,0.,-55.));
#3295=CARTESIAN_POINT('',(-94.5,0.,-55.));
#3296=CARTESIAN_POINT('',(-95.1606710263485,0.,-54.7822426448564));
#3297=CARTESIAN_POINT('Origin',(-97.1284652551402,0.,-46.));
#3298=CARTESIAN_POINT('',(-40.8393289736515,0.,-54.7822426448564));
#3299=CARTESIAN_POINT('Origin',(-68.,0.,-176.));
#3300=CARTESIAN_POINT('',(-38.8715347448599,0.,-55.));
#3301=CARTESIAN_POINT('Origin',(-38.8715347448599,0.,-46.));
#3302=CARTESIAN_POINT('',(-5.00000000000002,0.,-55.));
#3303=CARTESIAN_POINT('',(-46.5,0.,-55.));
#3304=CARTESIAN_POINT('',(-1.00000000000001,0.,-51.));
#3305=CARTESIAN_POINT('Origin',(-5.00000000000002,0.,-51.));
#3306=CARTESIAN_POINT('',(-0.999999999999984,0.,51.));
#3307=CARTESIAN_POINT('',(-0.999999999999988,0.,28.));
#3308=CARTESIAN_POINT('',(-4.99999999999998,0.,55.));
#3309=CARTESIAN_POINT('Origin',(-4.99999999999998,0.,51.));
#3310=CARTESIAN_POINT('',(-38.8715347448599,0.,55.));
#3311=CARTESIAN_POINT('',(-66.5,0.,55.));
#3312=CARTESIAN_POINT('',(-40.8393289736515,0.,54.7822426448564));
#3313=CARTESIAN_POINT('Origin',(-38.8715347448599,0.,46.));
#3314=CARTESIAN_POINT('',(-95.1606710263486,0.,54.7822426448564));
#3315=CARTESIAN_POINT('Origin',(-68.,0.,176.));
#3316=CARTESIAN_POINT('',(-97.1284652551402,0.,55.));
#3317=CARTESIAN_POINT('Origin',(-97.1284652551402,0.,46.));
#3318=CARTESIAN_POINT('',(-181.,0.,55.));
#3319=CARTESIAN_POINT('',(-139.5,0.,55.));
#3320=CARTESIAN_POINT('',(-185.,0.,51.));
#3321=CARTESIAN_POINT('Origin',(-181.,0.,51.));
#3322=CARTESIAN_POINT('',(-185.,0.,-28.));
#3323=CARTESIAN_POINT('',(-26.0607495027396,0.,-24.9857963542969));
#3324=CARTESIAN_POINT('',(-30.0607495027396,0.,-24.9857963542969));
#3325=CARTESIAN_POINT('Origin',(-28.0607495027396,0.,-24.9857963542969));
#3326=CARTESIAN_POINT('Origin',(-28.0607495027396,0.,-24.9857963542969));
#3327=CARTESIAN_POINT('',(-26.0685620027397,0.,25.0000129718752));
#3328=CARTESIAN_POINT('',(-30.0685620027397,0.,25.0000129718752));
#3329=CARTESIAN_POINT('Origin',(-28.0685620027397,0.,25.0000129718752));
#3330=CARTESIAN_POINT('Origin',(-28.0685620027397,0.,25.0000129718752));
#3331=CARTESIAN_POINT('',(-36.0160717683597,0.,-24.9999870281249));
#3332=CARTESIAN_POINT('',(-40.0160717683597,0.,-24.9999870281249));
#3333=CARTESIAN_POINT('Origin',(-38.0160717683597,0.,-24.9999870281249));
#3334=CARTESIAN_POINT('Origin',(-38.0160717683597,0.,-24.9999870281249));
#3335=CARTESIAN_POINT('',(-36.0160717683597,0.,25.0150581378912));
#3336=CARTESIAN_POINT('',(-40.0160717683597,0.,25.0150581378912));
#3337=CARTESIAN_POINT('Origin',(-38.0160717683597,0.,25.0150581378912));
#3338=CARTESIAN_POINT('Origin',(-38.0160717683597,0.,25.0150581378912));
#3339=CARTESIAN_POINT('',(-36.0160717683597,0.,1.29718751261714E-5));
#3340=CARTESIAN_POINT('',(-40.0160717683597,0.,1.29718751266612E-5));
#3341=CARTESIAN_POINT('Origin',(-38.0160717683597,0.,1.29718751264163E-5));
#3342=CARTESIAN_POINT('Origin',(-38.0160717683597,0.,1.29718751264163E-5));
#3343=CARTESIAN_POINT('Origin',(-105.,2.5,-53.));
#3344=CARTESIAN_POINT('',(-105.,2.5,-53.));
#3345=CARTESIAN_POINT('',(-105.,1.25,-53.));
#3346=CARTESIAN_POINT('',(-105.,2.5,53.));
#3347=CARTESIAN_POINT('',(-105.,2.5,-26.5));
#3348=CARTESIAN_POINT('',(-105.,1.25,53.));
#3349=CARTESIAN_POINT('Origin',(-103.,2.5,53.));
#3350=CARTESIAN_POINT('',(-103.,2.5,53.));
#3351=CARTESIAN_POINT('',(-103.,1.25,53.));
#3352=CARTESIAN_POINT('',(-103.,2.5,-53.));
#3353=CARTESIAN_POINT('',(-103.,2.5,26.5));
#3354=CARTESIAN_POINT('',(-103.,1.25,-53.));
#3355=CARTESIAN_POINT('Origin',(-186.,0.,53.));
#3356=CARTESIAN_POINT('',(-174.5,2.5,53.));
#3357=CARTESIAN_POINT('',(-181.,2.5,53.));
#3358=CARTESIAN_POINT('',(-174.5,1.25,53.));
#3359=CARTESIAN_POINT('Origin',(-93.,2.5,0.));
#3360=CARTESIAN_POINT('',(-174.5,2.5,-53.));
#3361=CARTESIAN_POINT('',(-97.1284652551402,2.5,-53.));
#3362=CARTESIAN_POINT('',(-174.5,2.5,-51.));
#3363=CARTESIAN_POINT('',(-174.5,2.5,-25.5));
#3364=CARTESIAN_POINT('',(-181.,2.5,-44.5));
#3365=CARTESIAN_POINT('Origin',(-181.,2.5,-51.));
#3366=CARTESIAN_POINT('',(-183.,2.5,-44.5));
#3367=CARTESIAN_POINT('',(-138.,2.5,-44.5));
#3368=CARTESIAN_POINT('',(-183.,2.5,44.5));
#3369=CARTESIAN_POINT('',(-183.,2.5,-51.));
#3370=CARTESIAN_POINT('',(-181.,2.5,44.5));
#3371=CARTESIAN_POINT('',(-137.,2.5,44.5000000000004));
#3372=CARTESIAN_POINT('',(-174.5,2.5,51.));
#3373=CARTESIAN_POINT('Origin',(-181.,2.5,51.));
#3374=CARTESIAN_POINT('',(-174.5,2.5,26.5));
#3375=CARTESIAN_POINT('Origin',(-96.,0.,-53.));
#3376=CARTESIAN_POINT('',(-174.5,1.25,-53.));
#3377=CARTESIAN_POINT('Origin',(-38.0160717683597,0.,1.29718751264163E-5));
#3378=CARTESIAN_POINT('',(-40.0160717683597,0.,1.29718751266612E-5));
#3379=CARTESIAN_POINT('Origin',(-38.0160717683597,0.,25.0150581378912));
#3380=CARTESIAN_POINT('',(-40.0160717683597,0.,25.0150581378912));
#3381=CARTESIAN_POINT('Origin',(-38.0160717683597,0.,-24.9999870281249));
#3382=CARTESIAN_POINT('',(-40.0160717683597,0.,-24.9999870281249));
#3383=CARTESIAN_POINT('Origin',(-28.0685620027397,0.,25.0000129718752));
#3384=CARTESIAN_POINT('',(-30.0685620027397,0.,25.0000129718752));
#3385=CARTESIAN_POINT('Origin',(-28.0607495027396,0.,-24.9857963542969));
#3386=CARTESIAN_POINT('',(-30.0607495027396,0.,-24.9857963542969));
#3387=CARTESIAN_POINT('Origin',(-5.75000000000008,6.,50.25));
#3388=CARTESIAN_POINT('',(-7.85000000000008,1.5,50.25));
#3389=CARTESIAN_POINT('',(-7.85000000000008,6.,50.25));
#3390=CARTESIAN_POINT('',(-3.65000000000008,1.5,50.25));
#3391=CARTESIAN_POINT('Origin',(-5.75000000000008,1.5,50.25));
#3392=CARTESIAN_POINT('Origin',(-5.75000000000008,1.5,50.25));
#3393=CARTESIAN_POINT('Origin',(-5.75000000000008,1.5,50.25));
#3394=CARTESIAN_POINT('Origin',(-5.75000000000006,6.,-50.25));
#3395=CARTESIAN_POINT('',(-7.85000000000006,1.5,-50.25));
#3396=CARTESIAN_POINT('',(-7.85000000000006,6.,-50.25));
#3397=CARTESIAN_POINT('',(-3.65000000000006,1.5,-50.25));
#3398=CARTESIAN_POINT('Origin',(-5.75000000000006,1.5,-50.25));
#3399=CARTESIAN_POINT('Origin',(-5.75000000000006,1.5,-50.25));
#3400=CARTESIAN_POINT('Origin',(-5.75000000000006,1.5,-50.25));
#3401=CARTESIAN_POINT('Origin',(-180.25,6.,50.25));
#3402=CARTESIAN_POINT('',(-182.35,1.5,50.25));
#3403=CARTESIAN_POINT('',(-182.35,6.,50.25));
#3404=CARTESIAN_POINT('',(-178.15,1.5,50.25));
#3405=CARTESIAN_POINT('Origin',(-180.25,1.5,50.25));
#3406=CARTESIAN_POINT('Origin',(-180.25,1.5,50.25));
#3407=CARTESIAN_POINT('Origin',(-180.25,1.5,50.25));
#3408=CARTESIAN_POINT('Origin',(-180.25,6.,-50.25));
#3409=CARTESIAN_POINT('',(-182.35,1.5,-50.25));
#3410=CARTESIAN_POINT('',(-182.35,6.,-50.25));
#3411=CARTESIAN_POINT('',(-178.15,1.5,-50.25));
#3412=CARTESIAN_POINT('Origin',(-180.25,1.5,-50.25));
#3413=CARTESIAN_POINT('Origin',(-180.25,1.5,-50.25));
#3414=CARTESIAN_POINT('Origin',(-180.25,1.5,-50.25));
#3415=CARTESIAN_POINT('Origin',(-5.00000000000009,2.5,-44.5000000000001));
#3416=CARTESIAN_POINT('',(-5.00000000000009,2.5,-44.5000000000001));
#3417=CARTESIAN_POINT('',(-5.00000000000009,2.5,-44.5000000000001));
#3418=CARTESIAN_POINT('',(-3.0000000000001,2.5,-44.5000000000001));
#3419=CARTESIAN_POINT('',(-49.0000000000001,2.5,-44.5));
#3420=CARTESIAN_POINT('',(-3.00000000000002,1.25,-44.5000000000001));
#3421=CARTESIAN_POINT('Origin',(-5.00000000000009,2.5,-51.));
#3422=CARTESIAN_POINT('',(-11.5000000000001,2.5,-51.));
#3423=CARTESIAN_POINT('',(-11.5000000000001,2.5,-51.));
#3424=CARTESIAN_POINT('Origin',(-5.00000000000009,2.5,-51.));
#3425=CARTESIAN_POINT('Origin',(-11.5000000000001,2.5,-53.0000000000001));
#3426=CARTESIAN_POINT('',(-11.5000000000001,2.5,-53.0000000000001));
#3427=CARTESIAN_POINT('',(-11.5000000000001,1.25,-53.));
#3428=CARTESIAN_POINT('',(-11.5000000000001,2.5,-26.5000000000001));
#3429=CARTESIAN_POINT('Origin',(-174.5,2.5,53.));
#3430=CARTESIAN_POINT('',(-174.5,2.5,51.));
#3431=CARTESIAN_POINT('Origin',(-181.,2.5,51.));
#3432=CARTESIAN_POINT('',(-181.,2.5,44.5));
#3433=CARTESIAN_POINT('Origin',(-181.,2.5,44.5));
#3434=CARTESIAN_POINT('',(-183.,1.25,44.5));
#3435=CARTESIAN_POINT('Origin',(-5.00000000000003,2.5,51.));
#3436=CARTESIAN_POINT('',(-5.00000000000003,2.5,44.5));
#3437=CARTESIAN_POINT('',(-5.00000000000003,2.5,44.5));
#3438=CARTESIAN_POINT('',(-11.5000000000001,2.5,51.));
#3439=CARTESIAN_POINT('Origin',(-5.00000000000003,2.5,51.));
#3440=CARTESIAN_POINT('',(-11.5000000000001,2.5,51.));
#3441=CARTESIAN_POINT('Origin',(-3.00000000000003,2.5,44.5));
#3442=CARTESIAN_POINT('',(-3.00000000000003,2.5,44.5));
#3443=CARTESIAN_POINT('',(-2.99999999999999,1.25,44.5));
#3444=CARTESIAN_POINT('',(-48.,2.5,44.5));
#3445=CARTESIAN_POINT('Origin',(-11.5000000000001,2.5,51.));
#3446=CARTESIAN_POINT('',(-11.5000000000001,2.5,53.));
#3447=CARTESIAN_POINT('',(-11.5000000000001,2.5,25.5));
#3448=CARTESIAN_POINT('',(-11.5000000000001,1.25,53.));
#3449=CARTESIAN_POINT('Origin',(-181.,2.5,-51.));
#3450=CARTESIAN_POINT('',(-181.,2.5,-44.5));
#3451=CARTESIAN_POINT('',(-174.5,2.5,-51.));
#3452=CARTESIAN_POINT('Origin',(-174.5,2.5,-51.));
#3453=CARTESIAN_POINT('Origin',(-183.,2.5,-44.5));
#3454=CARTESIAN_POINT('',(-183.,1.25,-44.5));
#3455=CARTESIAN_POINT('Origin',(-2.99999999999998,0.,56.));
#3456=CARTESIAN_POINT('',(-3.,2.5,51.));
#3457=CARTESIAN_POINT('Origin',(-40.,0.,53.));
#3458=CARTESIAN_POINT('',(-38.8715347448599,2.5,53.));
#3459=CARTESIAN_POINT('',(-38.8715347448599,2.5,53.));
#3460=CARTESIAN_POINT('',(-38.8715347448599,0.,53.));
#3461=CARTESIAN_POINT('Origin',(-183.,0.,-56.));
#3462=CARTESIAN_POINT('Origin',(-96.,0.,-53.));
#3463=CARTESIAN_POINT('',(-97.1284652551402,2.5,-53.));
#3464=CARTESIAN_POINT('',(-97.1284652551402,2.5,-53.));
#3465=CARTESIAN_POINT('',(-97.1284652551402,0.,-53.));
#3466=CARTESIAN_POINT('Origin',(-93.,2.5,0.));
#3467=CARTESIAN_POINT('',(-40.4020413672534,2.5,52.8306331682216));
#3468=CARTESIAN_POINT('Origin',(-68.,2.5,176.));
#3469=CARTESIAN_POINT('Origin',(-38.8715347448599,2.5,46.));
#3470=CARTESIAN_POINT('',(-38.8715347448599,2.5,-53.));
#3471=CARTESIAN_POINT('',(-5.00000000000002,2.5,-53.));
#3472=CARTESIAN_POINT('',(-40.4020413672534,2.5,-52.8306331682216));
#3473=CARTESIAN_POINT('Origin',(-38.8715347448599,2.5,-45.9999999999999));
#3474=CARTESIAN_POINT('Origin',(-68.,2.5,-176.));
#3475=CARTESIAN_POINT('Origin',(-97.1284652551402,2.5,-46.));
#3476=CARTESIAN_POINT('',(-97.1284652551402,2.5,53.));
#3477=CARTESIAN_POINT('',(-181.,2.5,53.));
#3478=CARTESIAN_POINT('Origin',(-97.1284652551402,2.5,46.));
#3479=CARTESIAN_POINT('Origin',(-97.1284652551402,6.,54.75));
#3480=CARTESIAN_POINT('',(-181.,7.,54.75));
#3481=CARTESIAN_POINT('',(-181.,6.,54.75));
#3482=CARTESIAN_POINT('',(-97.1284652551402,7.,54.75));
#3483=CARTESIAN_POINT('',(-97.1284652551402,7.,54.75));
#3484=CARTESIAN_POINT('',(-97.1284652551402,6.,54.75));
#3485=CARTESIAN_POINT('Origin',(-97.1284652551402,6.,46.));
#3486=CARTESIAN_POINT('',(-95.2153319771483,7.,54.538291460277));
#3487=CARTESIAN_POINT('Origin',(-97.1284652551402,7.,46.));
#3488=CARTESIAN_POINT('',(-95.2153319771483,6.,54.538291460277));
#3489=CARTESIAN_POINT('Origin',(-68.,6.,176.));
#3490=CARTESIAN_POINT('',(-40.7846680228517,7.,54.538291460277));
#3491=CARTESIAN_POINT('Origin',(-68.,7.,176.));
#3492=CARTESIAN_POINT('',(-40.7846680228517,6.,54.538291460277));
#3493=CARTESIAN_POINT('Origin',(-38.8715347448599,6.,46.));
#3494=CARTESIAN_POINT('',(-38.8715347448599,7.,54.75));
#3495=CARTESIAN_POINT('Origin',(-38.8715347448599,7.,46.));
#3496=CARTESIAN_POINT('',(-38.8715347448599,6.,54.75));
#3497=CARTESIAN_POINT('Origin',(-4.99999999999998,6.,54.7499999999999));
#3498=CARTESIAN_POINT('',(-5.,7.,54.7499999999999));
#3499=CARTESIAN_POINT('',(-4.99999999999998,7.,54.7499999999999));
#3500=CARTESIAN_POINT('',(-4.99999999999998,6.,54.7499999999999));
#3501=CARTESIAN_POINT('Origin',(-4.99999999999998,6.,51.));
#3502=CARTESIAN_POINT('',(-1.24999999999996,7.,51.));
#3503=CARTESIAN_POINT('Origin',(-4.99999999999998,7.,51.));
#3504=CARTESIAN_POINT('',(-1.24999999999998,6.,51.));
#3505=CARTESIAN_POINT('Origin',(-1.25000000000002,6.,-51.));
#3506=CARTESIAN_POINT('',(-1.25000000000004,7.,-51.));
#3507=CARTESIAN_POINT('',(-1.25000000000002,7.,-51.));
#3508=CARTESIAN_POINT('',(-1.25000000000002,6.,-51.));
#3509=CARTESIAN_POINT('Origin',(-5.00000000000002,6.,-51.));
#3510=CARTESIAN_POINT('',(-5.,7.,-54.75));
#3511=CARTESIAN_POINT('Origin',(-5.00000000000002,7.,-51.));
#3512=CARTESIAN_POINT('',(-5.00000000000002,6.,-54.75));
#3513=CARTESIAN_POINT('Origin',(-38.8715347448599,6.,-54.75));
#3514=CARTESIAN_POINT('',(-38.8715347448599,7.,-54.75));
#3515=CARTESIAN_POINT('',(-38.8715347448599,7.,-54.75));
#3516=CARTESIAN_POINT('',(-38.8715347448599,6.,-54.75));
#3517=CARTESIAN_POINT('Origin',(-38.8715347448599,6.,-46.));
#3518=CARTESIAN_POINT('',(-40.7846680228517,7.,-54.5382914602771));
#3519=CARTESIAN_POINT('Origin',(-38.8715347448599,7.,-46.));
#3520=CARTESIAN_POINT('',(-40.7846680228517,6.,-54.538291460277));
#3521=CARTESIAN_POINT('Origin',(-68.,6.,-176.));
#3522=CARTESIAN_POINT('',(-95.2153319771483,7.,-54.5382914602771));
#3523=CARTESIAN_POINT('Origin',(-68.,7.,-176.));
#3524=CARTESIAN_POINT('',(-95.2153319771483,6.,-54.538291460277));
#3525=CARTESIAN_POINT('Origin',(-97.1284652551402,6.,-46.));
#3526=CARTESIAN_POINT('',(-97.1284652551402,7.,-54.75));
#3527=CARTESIAN_POINT('Origin',(-97.1284652551402,7.,-46.));
#3528=CARTESIAN_POINT('',(-97.1284652551402,6.,-54.75));
#3529=CARTESIAN_POINT('Origin',(-181.,6.,-54.75));
#3530=CARTESIAN_POINT('',(-181.,7.,-54.75));
#3531=CARTESIAN_POINT('',(-181.,7.,-54.75));
#3532=CARTESIAN_POINT('',(-181.,6.,-54.75));
#3533=CARTESIAN_POINT('Origin',(-181.,6.,-51.));
#3534=CARTESIAN_POINT('',(-184.75,7.,-51.));
#3535=CARTESIAN_POINT('Origin',(-181.,7.,-51.));
#3536=CARTESIAN_POINT('',(-184.75,6.,-51.));
#3537=CARTESIAN_POINT('Origin',(-184.75,6.,51.));
#3538=CARTESIAN_POINT('',(-184.75,7.,51.));
#3539=CARTESIAN_POINT('',(-184.75,7.,51.));
#3540=CARTESIAN_POINT('',(-184.75,6.,51.));
#3541=CARTESIAN_POINT('Origin',(-181.,6.,51.));
#3542=CARTESIAN_POINT('Origin',(-181.,7.,51.));
#3543=CARTESIAN_POINT('Origin',(-93.,7.,0.));
#3544=CARTESIAN_POINT('',(-186.,7.,51.));
#3545=CARTESIAN_POINT('',(-181.,7.,56.));
#3546=CARTESIAN_POINT('Origin',(-181.,7.,51.));
#3547=CARTESIAN_POINT('',(-97.1284652551402,7.,56.));
#3548=CARTESIAN_POINT('',(-181.,7.,56.));
#3549=CARTESIAN_POINT('',(-94.9420272231495,7.,55.7580473831738));
#3550=CARTESIAN_POINT('Origin',(-97.1284652551402,7.,46.));
#3551=CARTESIAN_POINT('',(-41.0579727768506,7.,55.7580473831738));
#3552=CARTESIAN_POINT('Origin',(-68.,7.,176.));
#3553=CARTESIAN_POINT('',(-38.8715347448599,7.,56.));
#3554=CARTESIAN_POINT('Origin',(-38.8715347448599,7.,46.));
#3555=CARTESIAN_POINT('',(-5.,7.,56.));
#3556=CARTESIAN_POINT('',(-38.8715347448599,7.,56.));
#3557=CARTESIAN_POINT('',(0.,7.,51.));
#3558=CARTESIAN_POINT('Origin',(-4.99999999999998,7.,51.));
#3559=CARTESIAN_POINT('',(0.,7.,-51.));
#3560=CARTESIAN_POINT('',(1.61775355016809E-14,7.,51.));
#3561=CARTESIAN_POINT('',(-5.,7.,-56.));
#3562=CARTESIAN_POINT('Origin',(-5.00000000000002,7.,-51.));
#3563=CARTESIAN_POINT('',(-38.8715347448599,7.,-56.));
#3564=CARTESIAN_POINT('',(-5.00000000000002,7.,-56.));
#3565=CARTESIAN_POINT('',(-41.0579727768506,7.,-55.7580473831738));
#3566=CARTESIAN_POINT('Origin',(-38.8715347448599,7.,-46.));
#3567=CARTESIAN_POINT('',(-94.9420272231495,7.,-55.7580473831738));
#3568=CARTESIAN_POINT('Origin',(-68.,7.,-176.));
#3569=CARTESIAN_POINT('',(-97.1284652551402,7.,-56.));
#3570=CARTESIAN_POINT('Origin',(-97.1284652551402,7.,-46.));
#3571=CARTESIAN_POINT('',(-181.,7.,-56.));
#3572=CARTESIAN_POINT('',(-97.1284652551402,7.,-56.));
#3573=CARTESIAN_POINT('',(-186.,7.,-51.));
#3574=CARTESIAN_POINT('Origin',(-181.,7.,-51.));
#3575=CARTESIAN_POINT('',(-186.,7.,-51.));
#3576=CARTESIAN_POINT('Origin',(-181.,1.,-51.));
#3577=CARTESIAN_POINT('',(-181.,1.,-56.));
#3578=CARTESIAN_POINT('Origin',(-181.,1.,-55.));
#3579=CARTESIAN_POINT('',(-186.,1.,-51.));
#3580=CARTESIAN_POINT('Origin',(-185.,1.,-51.));
#3581=CARTESIAN_POINT('Origin',(-181.,1.,-51.));
#3582=CARTESIAN_POINT('Origin',(-185.,1.,-28.));
#3583=CARTESIAN_POINT('',(-186.,1.,51.));
#3584=CARTESIAN_POINT('Origin',(-185.,1.,51.));
#3585=CARTESIAN_POINT('',(-186.,1.,-28.));
#3586=CARTESIAN_POINT('Origin',(-181.,1.,51.));
#3587=CARTESIAN_POINT('',(-181.,1.,56.));
#3588=CARTESIAN_POINT('Origin',(-181.,1.,55.));
#3589=CARTESIAN_POINT('Origin',(-181.,1.,51.));
#3590=CARTESIAN_POINT('Origin',(-139.5,1.,55.));
#3591=CARTESIAN_POINT('',(-97.1284652551402,1.,56.));
#3592=CARTESIAN_POINT('Origin',(-97.1284652551402,1.,55.));
#3593=CARTESIAN_POINT('',(-139.5,1.,56.));
#3594=CARTESIAN_POINT('Origin',(-97.1284652551402,1.,46.));
#3595=CARTESIAN_POINT('',(-94.9420272231495,1.,55.7580473831738));
#3596=CARTESIAN_POINT('Origin',(-95.1606710263486,1.,54.7822426448564));
#3597=CARTESIAN_POINT('Origin',(-97.1284652551402,1.,46.));
#3598=CARTESIAN_POINT('Origin',(-68.,1.,176.));
#3599=CARTESIAN_POINT('',(-41.0579727768506,1.,55.7580473831738));
#3600=CARTESIAN_POINT('Origin',(-40.8393289736515,1.,54.7822426448564));
#3601=CARTESIAN_POINT('Origin',(-68.,1.,176.));
#3602=CARTESIAN_POINT('Origin',(-38.8715347448599,1.,46.));
#3603=CARTESIAN_POINT('',(-38.8715347448599,1.,56.));
#3604=CARTESIAN_POINT('Origin',(-38.8715347448599,1.,55.));
#3605=CARTESIAN_POINT('Origin',(-38.8715347448599,1.,46.));
#3606=CARTESIAN_POINT('Origin',(-66.5,1.,55.));
#3607=CARTESIAN_POINT('',(-4.99999999999998,1.,56.));
#3608=CARTESIAN_POINT('Origin',(-4.99999999999998,1.,55.));
#3609=CARTESIAN_POINT('',(-66.5,1.,56.));
#3610=CARTESIAN_POINT('Origin',(-4.99999999999998,1.,51.));
#3611=CARTESIAN_POINT('',(1.66533453693773E-14,1.,51.));
#3612=CARTESIAN_POINT('Origin',(-0.999999999999984,1.,51.));
#3613=CARTESIAN_POINT('Origin',(-4.99999999999998,1.,51.));
#3614=CARTESIAN_POINT('Origin',(-0.999999999999988,1.,28.));
#3615=CARTESIAN_POINT('',(-1.66533453693773E-14,1.,-51.));
#3616=CARTESIAN_POINT('Origin',(-1.00000000000001,1.,-51.));
#3617=CARTESIAN_POINT('',(8.88178419700125E-15,1.,28.));
#3618=CARTESIAN_POINT('Origin',(-5.00000000000002,1.,-51.));
#3619=CARTESIAN_POINT('',(-5.00000000000002,1.,-56.));
#3620=CARTESIAN_POINT('Origin',(-5.00000000000002,1.,-55.));
#3621=CARTESIAN_POINT('Origin',(-5.00000000000002,1.,-51.));
#3622=CARTESIAN_POINT('Origin',(-46.5,1.,-55.));
#3623=CARTESIAN_POINT('',(-38.8715347448599,1.,-56.));
#3624=CARTESIAN_POINT('Origin',(-38.8715347448599,1.,-55.));
#3625=CARTESIAN_POINT('',(-46.5,1.,-56.));
#3626=CARTESIAN_POINT('Origin',(-38.8715347448599,1.,-46.));
#3627=CARTESIAN_POINT('',(-41.0579727768506,1.,-55.7580473831738));
#3628=CARTESIAN_POINT('Origin',(-40.8393289736515,1.,-54.7822426448564));
#3629=CARTESIAN_POINT('Origin',(-38.8715347448599,1.,-46.));
#3630=CARTESIAN_POINT('Origin',(-68.,1.,-176.));
#3631=CARTESIAN_POINT('',(-94.9420272231495,1.,-55.7580473831738));
#3632=CARTESIAN_POINT('Origin',(-95.1606710263485,1.,-54.7822426448564));
#3633=CARTESIAN_POINT('Origin',(-68.,1.,-176.));
#3634=CARTESIAN_POINT('Origin',(-97.1284652551402,1.,-46.));
#3635=CARTESIAN_POINT('',(-97.1284652551402,1.,-56.));
#3636=CARTESIAN_POINT('Origin',(-97.1284652551402,1.,-55.));
#3637=CARTESIAN_POINT('Origin',(-97.1284652551402,1.,-46.));
#3638=CARTESIAN_POINT('Origin',(-94.5,1.,-55.));
#3639=CARTESIAN_POINT('',(-94.5,1.,-56.));
#3640=CARTESIAN_POINT('Origin',(1.77635683940025E-14,0.,56.));
#3641=CARTESIAN_POINT('',(-1.66533453693773E-14,0.,-51.));
#3642=CARTESIAN_POINT('',(1.66533453693773E-14,0.,51.));
#3643=CARTESIAN_POINT('Origin',(-5.00000000000002,0.,-51.));
#3644=CARTESIAN_POINT('',(-5.00000000000002,0.,-56.));
#3645=CARTESIAN_POINT('Origin',(1.77635683940025E-14,0.,-56.));
#3646=CARTESIAN_POINT('',(-38.8715347448599,0.,-56.));
#3647=CARTESIAN_POINT('Origin',(-38.8715347448599,0.,-46.));
#3648=CARTESIAN_POINT('',(-41.0579727768506,0.,-55.7580473831738));
#3649=CARTESIAN_POINT('Origin',(-68.,0.,-176.));
#3650=CARTESIAN_POINT('',(-94.9420272231495,0.,-55.7580473831738));
#3651=CARTESIAN_POINT('Origin',(-97.1284652551402,0.,-46.));
#3652=CARTESIAN_POINT('',(-97.1284652551402,0.,-56.));
#3653=CARTESIAN_POINT('Origin',(-96.,0.,-56.));
#3654=CARTESIAN_POINT('',(-181.,0.,-56.));
#3655=CARTESIAN_POINT('Origin',(-181.,0.,-51.));
#3656=CARTESIAN_POINT('',(-186.,0.,-51.));
#3657=CARTESIAN_POINT('Origin',(-97.1284652551402,0.,-46.));
#3658=CARTESIAN_POINT('Origin',(-68.,0.,-176.));
#3659=CARTESIAN_POINT('',(-40.4020413672534,0.,-52.8306331682216));
#3660=CARTESIAN_POINT('Origin',(-38.8715347448599,0.,-46.));
#3661=CARTESIAN_POINT('',(-38.8715347448599,0.,-53.));
#3662=CARTESIAN_POINT('Origin',(1.70974345792274E-14,0.,-53.));
#3663=CARTESIAN_POINT('Origin',(-38.8715347448599,0.,46.));
#3664=CARTESIAN_POINT('',(-40.4020413672534,0.,52.8306331682216));
#3665=CARTESIAN_POINT('Origin',(-68.,0.,176.));
#3666=CARTESIAN_POINT('Origin',(-97.1284652551402,0.,46.));
#3667=CARTESIAN_POINT('',(-97.1284652551402,0.,53.));
#3668=CARTESIAN_POINT('Origin',(-186.,0.,53.));
#3669=CARTESIAN_POINT('Origin',(-38.8715347448599,0.,46.));
#3670=CARTESIAN_POINT('',(-38.8715347448599,0.,56.));
#3671=CARTESIAN_POINT('',(-41.0579727768506,0.,55.7580473831738));
#3672=CARTESIAN_POINT('Origin',(-68.,0.,176.));
#3673=CARTESIAN_POINT('',(-94.9420272231495,0.,55.7580473831738));
#3674=CARTESIAN_POINT('Origin',(-97.1284652551402,0.,46.));
#3675=CARTESIAN_POINT('',(-97.1284652551402,0.,56.));
#3676=CARTESIAN_POINT('Origin',(-186.,0.,56.));
#3677=CARTESIAN_POINT('',(-181.,0.,56.));
#3678=CARTESIAN_POINT('Origin',(-4.99999999999998,0.,51.));
#3679=CARTESIAN_POINT('',(-4.99999999999998,0.,56.));
#3680=CARTESIAN_POINT('Origin',(-40.,0.,56.));
#3681=CARTESIAN_POINT('Origin',(-181.,0.,51.));
#3682=CARTESIAN_POINT('',(-186.,0.,51.));
#3683=CARTESIAN_POINT('Origin',(-186.,0.,-56.));
#3684=UNCERTAINTY_MEASURE_WITH_UNIT(LENGTH_MEASURE(0.01),#3688,
'DISTANCE_ACCURACY_VALUE',
'Maximum model space distance between geometric entities at asserted c
onnectivities');
#3685=UNCERTAINTY_MEASURE_WITH_UNIT(LENGTH_MEASURE(0.01),#3688,
'DISTANCE_ACCURACY_VALUE',
'Maximum model space distance between geometric entities at asserted c
onnectivities');
#3686=(
GEOMETRIC_REPRESENTATION_CONTEXT(3)
GLOBAL_UNCERTAINTY_ASSIGNED_CONTEXT((#3684))
GLOBAL_UNIT_ASSIGNED_CONTEXT((#3688,#3690,#3691))
REPRESENTATION_CONTEXT('','3D')
);
#3687=(
GEOMETRIC_REPRESENTATION_CONTEXT(3)
GLOBAL_UNCERTAINTY_ASSIGNED_CONTEXT((#3685))
GLOBAL_UNIT_ASSIGNED_CONTEXT((#3688,#3690,#3691))
REPRESENTATION_CONTEXT('','3D')
);
#3688=(
LENGTH_UNIT()
NAMED_UNIT(*)
SI_UNIT(.MILLI.,.METRE.)
);
#3689=(
LENGTH_UNIT()
NAMED_UNIT(*)
SI_UNIT(.CENTI.,.METRE.)
);
#3690=(
NAMED_UNIT(*)
PLANE_ANGLE_UNIT()
SI_UNIT($,.RADIAN.)
);
#3691=(
NAMED_UNIT(*)
SI_UNIT($,.STERADIAN.)
SOLID_ANGLE_UNIT()
);
#3692=SHAPE_DEFINITION_REPRESENTATION(#3693,#3694);
#3693=PRODUCT_DEFINITION_SHAPE('',$,#3696);
#3694=SHAPE_REPRESENTATION('',(#2100),#3686);
#3695=PRODUCT_DEFINITION_CONTEXT('part definition',#3700,'design');
#3696=PRODUCT_DEFINITION('H\X2\1ED9\X0\p Master','N\X2\1EAF\X0\p Maste
r',#3697,#3695);
#3697=PRODUCT_DEFINITION_FORMATION('',$,#3702);
#3698=PRODUCT_RELATED_PRODUCT_CATEGORY('N\X2\1EAF\X0\p Master',
'N\X2\1EAF\X0\p Master',(#3702));
#3699=APPLICATION_PROTOCOL_DEFINITION('international standard',
'automotive_design',2009,#3700);
#3700=APPLICATION_CONTEXT(
'Core Data for Automotive Mechanical Design Process');
#3701=PRODUCT_CONTEXT('part definition',#3700,'mechanical');
#3702=PRODUCT('H\X2\1ED9\X0\p Master','N\X2\1EAF\X0\p Master',$,(#3701));
#3703=PRESENTATION_STYLE_ASSIGNMENT((#3704));
#3704=SURFACE_STYLE_USAGE(.BOTH.,#3707);
#3705=SURFACE_STYLE_RENDERING_WITH_PROPERTIES($,#3711,(#3706));
#3706=SURFACE_STYLE_TRANSPARENT(0.);
#3707=SURFACE_SIDE_STYLE('',(#3708,#3705));
#3708=SURFACE_STYLE_FILL_AREA(#3709);
#3709=FILL_AREA_STYLE('',(#3710));
#3710=FILL_AREA_STYLE_COLOUR('',#3711);
#3711=COLOUR_RGB('',0.0941176470588235,0.145098039215686,0.972549019607843);
ENDSEC;
END-ISO-10303-21;
