ISO-10303-21;
HEADER;
/* Generated by software containing ST-Developer
 * from STEP Tools, Inc. (www.steptools.com) 
 */

FILE_DESCRIPTION(
/* description */ (''),
/* implementation_level */ '2;1');

FILE_NAME(
/* name */ 
'D:\\6. THI\\12. H\X2\1ED9\X0\p EVN\\12. H\X2\1ED9\X0\p EVN\\Slave\\Sl
ave_G\X2\1EED\X0\i Kh\X\E1ch_26.07.15\\3D Step\\H\X2\1ED9\X0\p Slave_S
LA_M\X\E0u Xanh C\X\F4 Ban_SL01.stp',
/* time_stamp */ '2026-07-15T10:53:35+07:00',
/* author */ ('PC'),
/* organization */ (''),
/* preprocessor_version */ 'ST-DEVELOPER v18',
/* originating_system */ 'Autodesk Inventor 2020',
/* authorisation */ '');

FILE_SCHEMA (('AUTOMOTIVE_DESIGN { 1 0 10303 214 3 1 1 }'));
ENDSEC;

DATA;
#10=MECHANICAL_DESIGN_GEOMETRIC_PRESENTATION_REPRESENTATION('',(#14,#15),
#9960);
#11=SHAPE_REPRESENTATION_RELATIONSHIP('SRR','None',#9967,#12);
#12=ADVANCED_BREP_SHAPE_REPRESENTATION('',(#13),#9959);
#13=MANIFOLD_SOLID_BREP('Solid1',#5721);
#14=STYLED_ITEM('',(#9977),#5506);
#15=STYLED_ITEM('',(#9976),#13);
#16=TOROIDAL_SURFACE('',#5960,8.5,2.);
#17=TOROIDAL_SURFACE('',#6242,2.,1.);
#18=TOROIDAL_SURFACE('',#6246,8.5,1.);
#19=TOROIDAL_SURFACE('',#6249,2.,1.);
#20=TOROIDAL_SURFACE('',#6254,2.,1.);
#21=TOROIDAL_SURFACE('',#6257,8.5,1.);
#22=TOROIDAL_SURFACE('',#6260,2.,1.);
#23=TOROIDAL_SURFACE('',#6265,2.,1.);
#24=TOROIDAL_SURFACE('',#6268,8.5,1.);
#25=TOROIDAL_SURFACE('',#6271,2.,1.);
#26=TOROIDAL_SURFACE('',#6276,2.,1.);
#27=TOROIDAL_SURFACE('',#6279,8.5,1.);
#28=TOROIDAL_SURFACE('',#6282,2.,1.);
#29=TOROIDAL_SURFACE('',#6287,4.00000000000001,1.);
#30=TOROIDAL_SURFACE('',#6292,4.,1.);
#31=TOROIDAL_SURFACE('',#6297,2.,1.);
#32=TOROIDAL_SURFACE('',#6300,8.5,1.);
#33=TOROIDAL_SURFACE('',#6303,2.,1.);
#34=TOROIDAL_SURFACE('',#6308,2.,1.);
#35=TOROIDAL_SURFACE('',#6311,8.5,1.);
#36=TOROIDAL_SURFACE('',#6314,2.,1.);
#37=TOROIDAL_SURFACE('',#6319,2.,1.);
#38=TOROIDAL_SURFACE('',#6322,8.5,1.);
#39=TOROIDAL_SURFACE('',#6325,2.,1.);
#40=TOROIDAL_SURFACE('',#6330,2.,1.);
#41=TOROIDAL_SURFACE('',#6333,8.5,1.);
#42=TOROIDAL_SURFACE('',#6336,2.,1.);
#43=TOROIDAL_SURFACE('',#6341,3.99999999999999,1.);
#44=TOROIDAL_SURFACE('',#6346,3.99999999999997,1.);
#45=CONICAL_SURFACE('',#5944,2.625,0.785398163397449);
#46=CONICAL_SURFACE('',#5950,2.625,0.785398163397448);
#47=CONICAL_SURFACE('',#6197,2.625,0.785398163397448);
#48=CONICAL_SURFACE('',#6202,2.625,0.785398163397448);
#49=CONICAL_SURFACE('',#6207,2.625,0.785398163397448);
#50=CONICAL_SURFACE('',#6212,2.625,0.785398163397448);
#51=FACE_BOUND('',#544,.T.);
#52=FACE_BOUND('',#547,.T.);
#53=FACE_BOUND('',#548,.T.);
#54=FACE_BOUND('',#549,.T.);
#55=FACE_BOUND('',#550,.T.);
#56=FACE_BOUND('',#551,.T.);
#57=FACE_BOUND('',#552,.T.);
#58=FACE_BOUND('',#553,.T.);
#59=FACE_BOUND('',#554,.T.);
#60=FACE_BOUND('',#556,.T.);
#61=FACE_BOUND('',#557,.T.);
#62=FACE_BOUND('',#566,.T.);
#63=FACE_BOUND('',#567,.T.);
#64=FACE_BOUND('',#568,.T.);
#65=FACE_BOUND('',#569,.T.);
#66=FACE_BOUND('',#570,.T.);
#67=FACE_BOUND('',#571,.T.);
#68=FACE_BOUND('',#572,.T.);
#69=FACE_BOUND('',#581,.T.);
#70=FACE_BOUND('',#582,.T.);
#71=FACE_BOUND('',#583,.T.);
#72=FACE_BOUND('',#584,.T.);
#73=FACE_BOUND('',#585,.T.);
#74=FACE_BOUND('',#597,.T.);
#75=FACE_BOUND('',#599,.T.);
#76=FACE_BOUND('',#614,.T.);
#77=FACE_BOUND('',#615,.T.);
#78=FACE_BOUND('',#620,.T.);
#79=FACE_BOUND('',#636,.T.);
#80=FACE_BOUND('',#640,.T.);
#81=FACE_BOUND('',#697,.T.);
#82=FACE_BOUND('',#727,.T.);
#83=FACE_BOUND('',#731,.T.);
#84=FACE_BOUND('',#741,.T.);
#85=FACE_BOUND('',#745,.T.);
#86=FACE_BOUND('',#749,.T.);
#87=FACE_BOUND('',#753,.T.);
#88=FACE_BOUND('',#845,.T.);
#89=FACE_BOUND('',#846,.T.);
#90=FACE_BOUND('',#849,.T.);
#91=FACE_BOUND('',#852,.T.);
#92=FACE_BOUND('',#870,.T.);
#93=FACE_BOUND('',#872,.T.);
#94=FACE_BOUND('',#873,.T.);
#95=PLANE('',#5744);
#96=PLANE('',#5748);
#97=PLANE('',#5753);
#98=PLANE('',#5756);
#99=PLANE('',#5760);
#100=PLANE('',#5764);
#101=PLANE('',#5765);
#102=PLANE('',#5769);
#103=PLANE('',#5773);
#104=PLANE('',#5780);
#105=PLANE('',#5781);
#106=PLANE('',#5829);
#107=PLANE('',#5836);
#108=PLANE('',#5837);
#109=PLANE('',#5838);
#110=PLANE('',#5845);
#111=PLANE('',#5846);
#112=PLANE('',#5847);
#113=PLANE('',#5900);
#114=PLANE('',#5905);
#115=PLANE('',#5906);
#116=PLANE('',#5907);
#117=PLANE('',#5912);
#118=PLANE('',#5928);
#119=PLANE('',#5964);
#120=PLANE('',#5965);
#121=PLANE('',#5967);
#122=PLANE('',#5968);
#123=PLANE('',#5969);
#124=PLANE('',#5970);
#125=PLANE('',#5972);
#126=PLANE('',#5974);
#127=PLANE('',#5976);
#128=PLANE('',#5977);
#129=PLANE('',#5979);
#130=PLANE('',#5980);
#131=PLANE('',#5983);
#132=PLANE('',#5985);
#133=PLANE('',#5986);
#134=PLANE('',#5990);
#135=PLANE('',#5992);
#136=PLANE('',#5994);
#137=PLANE('',#5997);
#138=PLANE('',#6000);
#139=PLANE('',#6004);
#140=PLANE('',#6008);
#141=PLANE('',#6009);
#142=PLANE('',#6016);
#143=PLANE('',#6019);
#144=PLANE('',#6022);
#145=PLANE('',#6025);
#146=PLANE('',#6028);
#147=PLANE('',#6029);
#148=PLANE('',#6033);
#149=PLANE('',#6040);
#150=PLANE('',#6047);
#151=PLANE('',#6050);
#152=PLANE('',#6053);
#153=PLANE('',#6060);
#154=PLANE('',#6067);
#155=PLANE('',#6074);
#156=PLANE('',#6081);
#157=PLANE('',#6084);
#158=PLANE('',#6087);
#159=PLANE('',#6094);
#160=PLANE('',#6101);
#161=PLANE('',#6102);
#162=PLANE('',#6103);
#163=PLANE('',#6106);
#164=PLANE('',#6107);
#165=PLANE('',#6109);
#166=PLANE('',#6112);
#167=PLANE('',#6117);
#168=PLANE('',#6120);
#169=PLANE('',#6121);
#170=PLANE('',#6122);
#171=PLANE('',#6123);
#172=PLANE('',#6124);
#173=PLANE('',#6125);
#174=PLANE('',#6126);
#175=PLANE('',#6129);
#176=PLANE('',#6131);
#177=PLANE('',#6135);
#178=PLANE('',#6138);
#179=PLANE('',#6139);
#180=PLANE('',#6140);
#181=PLANE('',#6142);
#182=PLANE('',#6149);
#183=PLANE('',#6155);
#184=PLANE('',#6162);
#185=PLANE('',#6164);
#186=PLANE('',#6166);
#187=PLANE('',#6168);
#188=PLANE('',#6175);
#189=PLANE('',#6181);
#190=PLANE('',#6187);
#191=PLANE('',#6193);
#192=PLANE('',#6221);
#193=PLANE('',#6222);
#194=PLANE('',#6224);
#195=PLANE('',#6225);
#196=PLANE('',#6226);
#197=PLANE('',#6227);
#198=PLANE('',#6228);
#199=PLANE('',#6229);
#200=PLANE('',#6230);
#201=PLANE('',#6231);
#202=PLANE('',#6237);
#203=PLANE('',#6238);
#204=PLANE('',#6239);
#205=PLANE('',#6241);
#206=PLANE('',#6354);
#207=PLANE('',#6361);
#208=PLANE('',#6368);
#209=PLANE('',#6375);
#210=PLANE('',#6378);
#211=PLANE('',#6381);
#212=PLANE('',#6384);
#213=PLANE('',#6400);
#214=PLANE('',#6404);
#215=PLANE('',#6408);
#216=PLANE('',#6412);
#217=PLANE('',#6415);
#218=PLANE('',#6416);
#219=PLANE('',#6421);
#220=FACE_OUTER_BOUND('',#527,.T.);
#221=FACE_OUTER_BOUND('',#528,.T.);
#222=FACE_OUTER_BOUND('',#529,.T.);
#223=FACE_OUTER_BOUND('',#530,.T.);
#224=FACE_OUTER_BOUND('',#531,.T.);
#225=FACE_OUTER_BOUND('',#532,.T.);
#226=FACE_OUTER_BOUND('',#533,.T.);
#227=FACE_OUTER_BOUND('',#534,.T.);
#228=FACE_OUTER_BOUND('',#535,.T.);
#229=FACE_OUTER_BOUND('',#536,.T.);
#230=FACE_OUTER_BOUND('',#537,.T.);
#231=FACE_OUTER_BOUND('',#538,.T.);
#232=FACE_OUTER_BOUND('',#539,.T.);
#233=FACE_OUTER_BOUND('',#540,.T.);
#234=FACE_OUTER_BOUND('',#541,.T.);
#235=FACE_OUTER_BOUND('',#542,.T.);
#236=FACE_OUTER_BOUND('',#543,.T.);
#237=FACE_OUTER_BOUND('',#545,.T.);
#238=FACE_OUTER_BOUND('',#546,.T.);
#239=FACE_OUTER_BOUND('',#555,.T.);
#240=FACE_OUTER_BOUND('',#558,.T.);
#241=FACE_OUTER_BOUND('',#559,.T.);
#242=FACE_OUTER_BOUND('',#560,.T.);
#243=FACE_OUTER_BOUND('',#561,.T.);
#244=FACE_OUTER_BOUND('',#562,.T.);
#245=FACE_OUTER_BOUND('',#563,.T.);
#246=FACE_OUTER_BOUND('',#564,.T.);
#247=FACE_OUTER_BOUND('',#565,.T.);
#248=FACE_OUTER_BOUND('',#573,.T.);
#249=FACE_OUTER_BOUND('',#574,.T.);
#250=FACE_OUTER_BOUND('',#575,.T.);
#251=FACE_OUTER_BOUND('',#576,.T.);
#252=FACE_OUTER_BOUND('',#577,.T.);
#253=FACE_OUTER_BOUND('',#578,.T.);
#254=FACE_OUTER_BOUND('',#579,.T.);
#255=FACE_OUTER_BOUND('',#580,.T.);
#256=FACE_OUTER_BOUND('',#586,.T.);
#257=FACE_OUTER_BOUND('',#587,.T.);
#258=FACE_OUTER_BOUND('',#588,.T.);
#259=FACE_OUTER_BOUND('',#589,.T.);
#260=FACE_OUTER_BOUND('',#590,.T.);
#261=FACE_OUTER_BOUND('',#591,.T.);
#262=FACE_OUTER_BOUND('',#592,.T.);
#263=FACE_OUTER_BOUND('',#593,.T.);
#264=FACE_OUTER_BOUND('',#594,.T.);
#265=FACE_OUTER_BOUND('',#595,.T.);
#266=FACE_OUTER_BOUND('',#596,.T.);
#267=FACE_OUTER_BOUND('',#598,.T.);
#268=FACE_OUTER_BOUND('',#600,.T.);
#269=FACE_OUTER_BOUND('',#601,.T.);
#270=FACE_OUTER_BOUND('',#602,.T.);
#271=FACE_OUTER_BOUND('',#603,.T.);
#272=FACE_OUTER_BOUND('',#604,.T.);
#273=FACE_OUTER_BOUND('',#605,.T.);
#274=FACE_OUTER_BOUND('',#606,.T.);
#275=FACE_OUTER_BOUND('',#607,.T.);
#276=FACE_OUTER_BOUND('',#608,.T.);
#277=FACE_OUTER_BOUND('',#609,.T.);
#278=FACE_OUTER_BOUND('',#610,.T.);
#279=FACE_OUTER_BOUND('',#611,.T.);
#280=FACE_OUTER_BOUND('',#612,.T.);
#281=FACE_OUTER_BOUND('',#613,.T.);
#282=FACE_OUTER_BOUND('',#616,.T.);
#283=FACE_OUTER_BOUND('',#617,.T.);
#284=FACE_OUTER_BOUND('',#618,.T.);
#285=FACE_OUTER_BOUND('',#619,.T.);
#286=FACE_OUTER_BOUND('',#621,.T.);
#287=FACE_OUTER_BOUND('',#622,.T.);
#288=FACE_OUTER_BOUND('',#623,.T.);
#289=FACE_OUTER_BOUND('',#624,.T.);
#290=FACE_OUTER_BOUND('',#625,.T.);
#291=FACE_OUTER_BOUND('',#626,.T.);
#292=FACE_OUTER_BOUND('',#627,.T.);
#293=FACE_OUTER_BOUND('',#628,.T.);
#294=FACE_OUTER_BOUND('',#629,.T.);
#295=FACE_OUTER_BOUND('',#630,.T.);
#296=FACE_OUTER_BOUND('',#631,.T.);
#297=FACE_OUTER_BOUND('',#632,.T.);
#298=FACE_OUTER_BOUND('',#633,.T.);
#299=FACE_OUTER_BOUND('',#634,.T.);
#300=FACE_OUTER_BOUND('',#635,.T.);
#301=FACE_OUTER_BOUND('',#637,.T.);
#302=FACE_OUTER_BOUND('',#638,.T.);
#303=FACE_OUTER_BOUND('',#639,.T.);
#304=FACE_OUTER_BOUND('',#641,.T.);
#305=FACE_OUTER_BOUND('',#642,.T.);
#306=FACE_OUTER_BOUND('',#643,.T.);
#307=FACE_OUTER_BOUND('',#644,.T.);
#308=FACE_OUTER_BOUND('',#645,.T.);
#309=FACE_OUTER_BOUND('',#646,.T.);
#310=FACE_OUTER_BOUND('',#647,.T.);
#311=FACE_OUTER_BOUND('',#648,.T.);
#312=FACE_OUTER_BOUND('',#649,.T.);
#313=FACE_OUTER_BOUND('',#650,.T.);
#314=FACE_OUTER_BOUND('',#651,.T.);
#315=FACE_OUTER_BOUND('',#652,.T.);
#316=FACE_OUTER_BOUND('',#653,.T.);
#317=FACE_OUTER_BOUND('',#654,.T.);
#318=FACE_OUTER_BOUND('',#655,.T.);
#319=FACE_OUTER_BOUND('',#656,.T.);
#320=FACE_OUTER_BOUND('',#657,.T.);
#321=FACE_OUTER_BOUND('',#658,.T.);
#322=FACE_OUTER_BOUND('',#659,.T.);
#323=FACE_OUTER_BOUND('',#660,.T.);
#324=FACE_OUTER_BOUND('',#661,.T.);
#325=FACE_OUTER_BOUND('',#662,.T.);
#326=FACE_OUTER_BOUND('',#663,.T.);
#327=FACE_OUTER_BOUND('',#664,.T.);
#328=FACE_OUTER_BOUND('',#665,.T.);
#329=FACE_OUTER_BOUND('',#666,.T.);
#330=FACE_OUTER_BOUND('',#667,.T.);
#331=FACE_OUTER_BOUND('',#668,.T.);
#332=FACE_OUTER_BOUND('',#669,.T.);
#333=FACE_OUTER_BOUND('',#670,.T.);
#334=FACE_OUTER_BOUND('',#671,.T.);
#335=FACE_OUTER_BOUND('',#672,.T.);
#336=FACE_OUTER_BOUND('',#673,.T.);
#337=FACE_OUTER_BOUND('',#674,.T.);
#338=FACE_OUTER_BOUND('',#675,.T.);
#339=FACE_OUTER_BOUND('',#676,.T.);
#340=FACE_OUTER_BOUND('',#677,.T.);
#341=FACE_OUTER_BOUND('',#678,.T.);
#342=FACE_OUTER_BOUND('',#679,.T.);
#343=FACE_OUTER_BOUND('',#680,.T.);
#344=FACE_OUTER_BOUND('',#681,.T.);
#345=FACE_OUTER_BOUND('',#682,.T.);
#346=FACE_OUTER_BOUND('',#683,.T.);
#347=FACE_OUTER_BOUND('',#684,.T.);
#348=FACE_OUTER_BOUND('',#685,.T.);
#349=FACE_OUTER_BOUND('',#686,.T.);
#350=FACE_OUTER_BOUND('',#687,.T.);
#351=FACE_OUTER_BOUND('',#688,.T.);
#352=FACE_OUTER_BOUND('',#689,.T.);
#353=FACE_OUTER_BOUND('',#690,.T.);
#354=FACE_OUTER_BOUND('',#691,.T.);
#355=FACE_OUTER_BOUND('',#692,.T.);
#356=FACE_OUTER_BOUND('',#693,.T.);
#357=FACE_OUTER_BOUND('',#694,.T.);
#358=FACE_OUTER_BOUND('',#695,.T.);
#359=FACE_OUTER_BOUND('',#696,.T.);
#360=FACE_OUTER_BOUND('',#698,.T.);
#361=FACE_OUTER_BOUND('',#699,.T.);
#362=FACE_OUTER_BOUND('',#700,.T.);
#363=FACE_OUTER_BOUND('',#701,.T.);
#364=FACE_OUTER_BOUND('',#702,.T.);
#365=FACE_OUTER_BOUND('',#703,.T.);
#366=FACE_OUTER_BOUND('',#704,.T.);
#367=FACE_OUTER_BOUND('',#705,.T.);
#368=FACE_OUTER_BOUND('',#706,.T.);
#369=FACE_OUTER_BOUND('',#707,.T.);
#370=FACE_OUTER_BOUND('',#708,.T.);
#371=FACE_OUTER_BOUND('',#709,.T.);
#372=FACE_OUTER_BOUND('',#710,.T.);
#373=FACE_OUTER_BOUND('',#711,.T.);
#374=FACE_OUTER_BOUND('',#712,.T.);
#375=FACE_OUTER_BOUND('',#713,.T.);
#376=FACE_OUTER_BOUND('',#714,.T.);
#377=FACE_OUTER_BOUND('',#715,.T.);
#378=FACE_OUTER_BOUND('',#716,.T.);
#379=FACE_OUTER_BOUND('',#717,.T.);
#380=FACE_OUTER_BOUND('',#718,.T.);
#381=FACE_OUTER_BOUND('',#719,.T.);
#382=FACE_OUTER_BOUND('',#720,.T.);
#383=FACE_OUTER_BOUND('',#721,.T.);
#384=FACE_OUTER_BOUND('',#722,.T.);
#385=FACE_OUTER_BOUND('',#723,.T.);
#386=FACE_OUTER_BOUND('',#724,.T.);
#387=FACE_OUTER_BOUND('',#725,.T.);
#388=FACE_OUTER_BOUND('',#726,.T.);
#389=FACE_OUTER_BOUND('',#728,.T.);
#390=FACE_OUTER_BOUND('',#729,.T.);
#391=FACE_OUTER_BOUND('',#730,.T.);
#392=FACE_OUTER_BOUND('',#732,.T.);
#393=FACE_OUTER_BOUND('',#733,.T.);
#394=FACE_OUTER_BOUND('',#734,.T.);
#395=FACE_OUTER_BOUND('',#735,.T.);
#396=FACE_OUTER_BOUND('',#736,.T.);
#397=FACE_OUTER_BOUND('',#737,.T.);
#398=FACE_OUTER_BOUND('',#738,.T.);
#399=FACE_OUTER_BOUND('',#739,.T.);
#400=FACE_OUTER_BOUND('',#740,.T.);
#401=FACE_OUTER_BOUND('',#742,.T.);
#402=FACE_OUTER_BOUND('',#743,.T.);
#403=FACE_OUTER_BOUND('',#744,.T.);
#404=FACE_OUTER_BOUND('',#746,.T.);
#405=FACE_OUTER_BOUND('',#747,.T.);
#406=FACE_OUTER_BOUND('',#748,.T.);
#407=FACE_OUTER_BOUND('',#750,.T.);
#408=FACE_OUTER_BOUND('',#751,.T.);
#409=FACE_OUTER_BOUND('',#752,.T.);
#410=FACE_OUTER_BOUND('',#754,.T.);
#411=FACE_OUTER_BOUND('',#755,.T.);
#412=FACE_OUTER_BOUND('',#756,.T.);
#413=FACE_OUTER_BOUND('',#757,.T.);
#414=FACE_OUTER_BOUND('',#758,.T.);
#415=FACE_OUTER_BOUND('',#759,.T.);
#416=FACE_OUTER_BOUND('',#760,.T.);
#417=FACE_OUTER_BOUND('',#761,.T.);
#418=FACE_OUTER_BOUND('',#762,.T.);
#419=FACE_OUTER_BOUND('',#763,.T.);
#420=FACE_OUTER_BOUND('',#764,.T.);
#421=FACE_OUTER_BOUND('',#765,.T.);
#422=FACE_OUTER_BOUND('',#766,.T.);
#423=FACE_OUTER_BOUND('',#767,.T.);
#424=FACE_OUTER_BOUND('',#768,.T.);
#425=FACE_OUTER_BOUND('',#769,.T.);
#426=FACE_OUTER_BOUND('',#770,.T.);
#427=FACE_OUTER_BOUND('',#771,.T.);
#428=FACE_OUTER_BOUND('',#772,.T.);
#429=FACE_OUTER_BOUND('',#773,.T.);
#430=FACE_OUTER_BOUND('',#774,.T.);
#431=FACE_OUTER_BOUND('',#775,.T.);
#432=FACE_OUTER_BOUND('',#776,.T.);
#433=FACE_OUTER_BOUND('',#777,.T.);
#434=FACE_OUTER_BOUND('',#778,.T.);
#435=FACE_OUTER_BOUND('',#779,.T.);
#436=FACE_OUTER_BOUND('',#780,.T.);
#437=FACE_OUTER_BOUND('',#781,.T.);
#438=FACE_OUTER_BOUND('',#782,.T.);
#439=FACE_OUTER_BOUND('',#783,.T.);
#440=FACE_OUTER_BOUND('',#784,.T.);
#441=FACE_OUTER_BOUND('',#785,.T.);
#442=FACE_OUTER_BOUND('',#786,.T.);
#443=FACE_OUTER_BOUND('',#787,.T.);
#444=FACE_OUTER_BOUND('',#788,.T.);
#445=FACE_OUTER_BOUND('',#789,.T.);
#446=FACE_OUTER_BOUND('',#790,.T.);
#447=FACE_OUTER_BOUND('',#791,.T.);
#448=FACE_OUTER_BOUND('',#792,.T.);
#449=FACE_OUTER_BOUND('',#793,.T.);
#450=FACE_OUTER_BOUND('',#794,.T.);
#451=FACE_OUTER_BOUND('',#795,.T.);
#452=FACE_OUTER_BOUND('',#796,.T.);
#453=FACE_OUTER_BOUND('',#797,.T.);
#454=FACE_OUTER_BOUND('',#798,.T.);
#455=FACE_OUTER_BOUND('',#799,.T.);
#456=FACE_OUTER_BOUND('',#800,.T.);
#457=FACE_OUTER_BOUND('',#801,.T.);
#458=FACE_OUTER_BOUND('',#802,.T.);
#459=FACE_OUTER_BOUND('',#803,.T.);
#460=FACE_OUTER_BOUND('',#804,.T.);
#461=FACE_OUTER_BOUND('',#805,.T.);
#462=FACE_OUTER_BOUND('',#806,.T.);
#463=FACE_OUTER_BOUND('',#807,.T.);
#464=FACE_OUTER_BOUND('',#808,.T.);
#465=FACE_OUTER_BOUND('',#809,.T.);
#466=FACE_OUTER_BOUND('',#810,.T.);
#467=FACE_OUTER_BOUND('',#811,.T.);
#468=FACE_OUTER_BOUND('',#812,.T.);
#469=FACE_OUTER_BOUND('',#813,.T.);
#470=FACE_OUTER_BOUND('',#814,.T.);
#471=FACE_OUTER_BOUND('',#815,.T.);
#472=FACE_OUTER_BOUND('',#816,.T.);
#473=FACE_OUTER_BOUND('',#817,.T.);
#474=FACE_OUTER_BOUND('',#818,.T.);
#475=FACE_OUTER_BOUND('',#819,.T.);
#476=FACE_OUTER_BOUND('',#820,.T.);
#477=FACE_OUTER_BOUND('',#821,.T.);
#478=FACE_OUTER_BOUND('',#822,.T.);
#479=FACE_OUTER_BOUND('',#823,.T.);
#480=FACE_OUTER_BOUND('',#824,.T.);
#481=FACE_OUTER_BOUND('',#825,.T.);
#482=FACE_OUTER_BOUND('',#826,.T.);
#483=FACE_OUTER_BOUND('',#827,.T.);
#484=FACE_OUTER_BOUND('',#828,.T.);
#485=FACE_OUTER_BOUND('',#829,.T.);
#486=FACE_OUTER_BOUND('',#830,.T.);
#487=FACE_OUTER_BOUND('',#831,.T.);
#488=FACE_OUTER_BOUND('',#832,.T.);
#489=FACE_OUTER_BOUND('',#833,.T.);
#490=FACE_OUTER_BOUND('',#834,.T.);
#491=FACE_OUTER_BOUND('',#835,.T.);
#492=FACE_OUTER_BOUND('',#836,.T.);
#493=FACE_OUTER_BOUND('',#837,.T.);
#494=FACE_OUTER_BOUND('',#838,.T.);
#495=FACE_OUTER_BOUND('',#839,.T.);
#496=FACE_OUTER_BOUND('',#840,.T.);
#497=FACE_OUTER_BOUND('',#841,.T.);
#498=FACE_OUTER_BOUND('',#842,.T.);
#499=FACE_OUTER_BOUND('',#843,.T.);
#500=FACE_OUTER_BOUND('',#844,.T.);
#501=FACE_OUTER_BOUND('',#847,.T.);
#502=FACE_OUTER_BOUND('',#848,.T.);
#503=FACE_OUTER_BOUND('',#850,.T.);
#504=FACE_OUTER_BOUND('',#851,.T.);
#505=FACE_OUTER_BOUND('',#853,.T.);
#506=FACE_OUTER_BOUND('',#854,.T.);
#507=FACE_OUTER_BOUND('',#855,.T.);
#508=FACE_OUTER_BOUND('',#856,.T.);
#509=FACE_OUTER_BOUND('',#857,.T.);
#510=FACE_OUTER_BOUND('',#858,.T.);
#511=FACE_OUTER_BOUND('',#859,.T.);
#512=FACE_OUTER_BOUND('',#860,.T.);
#513=FACE_OUTER_BOUND('',#861,.T.);
#514=FACE_OUTER_BOUND('',#862,.T.);
#515=FACE_OUTER_BOUND('',#863,.T.);
#516=FACE_OUTER_BOUND('',#864,.T.);
#517=FACE_OUTER_BOUND('',#865,.T.);
#518=FACE_OUTER_BOUND('',#866,.T.);
#519=FACE_OUTER_BOUND('',#867,.T.);
#520=FACE_OUTER_BOUND('',#868,.T.);
#521=FACE_OUTER_BOUND('',#869,.T.);
#522=FACE_OUTER_BOUND('',#871,.T.);
#523=FACE_OUTER_BOUND('',#874,.T.);
#524=FACE_OUTER_BOUND('',#875,.T.);
#525=FACE_OUTER_BOUND('',#876,.T.);
#526=FACE_OUTER_BOUND('',#877,.T.);
#527=EDGE_LOOP('',(#3583,#3584,#3585,#3586));
#528=EDGE_LOOP('',(#3587,#3588,#3589,#3590,#3591,#3592,#3593,#3594,#3595,
#3596,#3597,#3598,#3599,#3600));
#529=EDGE_LOOP('',(#3601,#3602,#3603,#3604));
#530=EDGE_LOOP('',(#3605,#3606,#3607,#3608));
#531=EDGE_LOOP('',(#3609,#3610,#3611,#3612));
#532=EDGE_LOOP('',(#3613,#3614,#3615,#3616));
#533=EDGE_LOOP('',(#3617,#3618,#3619,#3620));
#534=EDGE_LOOP('',(#3621,#3622,#3623,#3624,#3625,#3626,#3627,#3628,#3629,
#3630,#3631,#3632,#3633,#3634));
#535=EDGE_LOOP('',(#3635,#3636,#3637,#3638));
#536=EDGE_LOOP('',(#3639,#3640,#3641,#3642));
#537=EDGE_LOOP('',(#3643,#3644,#3645,#3646));
#538=EDGE_LOOP('',(#3647,#3648,#3649,#3650));
#539=EDGE_LOOP('',(#3651,#3652,#3653,#3654));
#540=EDGE_LOOP('',(#3655,#3656,#3657,#3658));
#541=EDGE_LOOP('',(#3659,#3660,#3661,#3662));
#542=EDGE_LOOP('',(#3663,#3664,#3665,#3666));
#543=EDGE_LOOP('',(#3667,#3668,#3669,#3670,#3671,#3672,#3673,#3674,#3675,
#3676,#3677,#3678,#3679,#3680,#3681,#3682,#3683,#3684,#3685,#3686,#3687,
#3688,#3689,#3690,#3691,#3692));
#544=EDGE_LOOP('',(#3693));
#545=EDGE_LOOP('',(#3694,#3695,#3696,#3697));
#546=EDGE_LOOP('',(#3698,#3699,#3700,#3701,#3702,#3703,#3704,#3705,#3706,
#3707,#3708,#3709,#3710,#3711,#3712,#3713,#3714,#3715,#3716,#3717,#3718,
#3719,#3720,#3721,#3722,#3723,#3724,#3725,#3726,#3727,#3728,#3729,#3730,
#3731,#3732,#3733,#3734,#3735,#3736,#3737));
#547=EDGE_LOOP('',(#3738,#3739,#3740,#3741,#3742,#3743,#3744,#3745,#3746,
#3747,#3748,#3749,#3750,#3751));
#548=EDGE_LOOP('',(#3752,#3753));
#549=EDGE_LOOP('',(#3754,#3755));
#550=EDGE_LOOP('',(#3756,#3757));
#551=EDGE_LOOP('',(#3758,#3759));
#552=EDGE_LOOP('',(#3760,#3761,#3762,#3763,#3764,#3765,#3766,#3767));
#553=EDGE_LOOP('',(#3768,#3769));
#554=EDGE_LOOP('',(#3770,#3771));
#555=EDGE_LOOP('',(#3772,#3773,#3774,#3775,#3776,#3777,#3778,#3779));
#556=EDGE_LOOP('',(#3780,#3781));
#557=EDGE_LOOP('',(#3782,#3783));
#558=EDGE_LOOP('',(#3784,#3785,#3786,#3787));
#559=EDGE_LOOP('',(#3788,#3789,#3790,#3791,#3792,#3793,#3794,#3795));
#560=EDGE_LOOP('',(#3796,#3797,#3798,#3799));
#561=EDGE_LOOP('',(#3800,#3801,#3802,#3803));
#562=EDGE_LOOP('',(#3804,#3805,#3806,#3807));
#563=EDGE_LOOP('',(#3808,#3809,#3810,#3811));
#564=EDGE_LOOP('',(#3812,#3813,#3814,#3815,#3816,#3817));
#565=EDGE_LOOP('',(#3818,#3819,#3820,#3821,#3822,#3823,#3824,#3825,#3826,
#3827,#3828,#3829,#3830,#3831,#3832,#3833,#3834,#3835,#3836,#3837,#3838,
#3839,#3840,#3841,#3842,#3843,#3844,#3845,#3846,#3847,#3848,#3849,#3850,
#3851,#3852,#3853,#3854,#3855,#3856,#3857));
#566=EDGE_LOOP('',(#3858,#3859,#3860,#3861,#3862,#3863,#3864,#3865,#3866,
#3867,#3868,#3869,#3870,#3871,#3872,#3873,#3874,#3875,#3876,#3877,#3878,
#3879,#3880,#3881,#3882,#3883,#3884,#3885,#3886,#3887,#3888,#3889,#3890,
#3891,#3892,#3893,#3894,#3895,#3896,#3897));
#567=EDGE_LOOP('',(#3898,#3899));
#568=EDGE_LOOP('',(#3900,#3901));
#569=EDGE_LOOP('',(#3902));
#570=EDGE_LOOP('',(#3903));
#571=EDGE_LOOP('',(#3904));
#572=EDGE_LOOP('',(#3905));
#573=EDGE_LOOP('',(#3906,#3907,#3908,#3909,#3910,#3911,#3912,#3913,#3914,
#3915,#3916,#3917,#3918,#3919,#3920,#3921));
#574=EDGE_LOOP('',(#3922,#3923,#3924,#3925,#3926,#3927));
#575=EDGE_LOOP('',(#3928,#3929,#3930,#3931));
#576=EDGE_LOOP('',(#3932,#3933,#3934,#3935));
#577=EDGE_LOOP('',(#3936,#3937,#3938,#3939));
#578=EDGE_LOOP('',(#3940,#3941,#3942,#3943,#3944));
#579=EDGE_LOOP('',(#3945,#3946,#3947,#3948,#3949,#3950,#3951,#3952,#3953,
#3954,#3955,#3956,#3957,#3958,#3959,#3960,#3961,#3962,#3963,#3964,#3965,
#3966,#3967,#3968,#3969,#3970,#3971,#3972,#3973,#3974,#3975,#3976,#3977,
#3978,#3979,#3980,#3981,#3982,#3983,#3984,#3985,#3986));
#580=EDGE_LOOP('',(#3987,#3988,#3989,#3990,#3991,#3992,#3993,#3994,#3995,
#3996,#3997,#3998,#3999,#4000,#4001,#4002,#4003,#4004,#4005,#4006));
#581=EDGE_LOOP('',(#4007,#4008));
#582=EDGE_LOOP('',(#4009,#4010));
#583=EDGE_LOOP('',(#4011,#4012));
#584=EDGE_LOOP('',(#4013,#4014));
#585=EDGE_LOOP('',(#4015,#4016));
#586=EDGE_LOOP('',(#4017,#4018,#4019,#4020));
#587=EDGE_LOOP('',(#4021,#4022,#4023,#4024,#4025,#4026));
#588=EDGE_LOOP('',(#4027,#4028,#4029,#4030,#4031,#4032));
#589=EDGE_LOOP('',(#4033,#4034,#4035,#4036,#4037,#4038));
#590=EDGE_LOOP('',(#4039,#4040,#4041,#4042,#4043,#4044));
#591=EDGE_LOOP('',(#4045,#4046,#4047,#4048,#4049,#4050));
#592=EDGE_LOOP('',(#4051,#4052,#4053,#4054,#4055,#4056));
#593=EDGE_LOOP('',(#4057,#4058,#4059,#4060,#4061));
#594=EDGE_LOOP('',(#4062,#4063,#4064,#4065));
#595=EDGE_LOOP('',(#4066,#4067,#4068,#4069));
#596=EDGE_LOOP('',(#4070,#4071,#4072,#4073));
#597=EDGE_LOOP('',(#4074));
#598=EDGE_LOOP('',(#4075));
#599=EDGE_LOOP('',(#4076));
#600=EDGE_LOOP('',(#4077,#4078,#4079,#4080));
#601=EDGE_LOOP('',(#4081,#4082,#4083,#4084));
#602=EDGE_LOOP('',(#4085,#4086,#4087,#4088));
#603=EDGE_LOOP('',(#4089,#4090,#4091,#4092));
#604=EDGE_LOOP('',(#4093,#4094,#4095,#4096));
#605=EDGE_LOOP('',(#4097,#4098,#4099,#4100));
#606=EDGE_LOOP('',(#4101,#4102,#4103,#4104));
#607=EDGE_LOOP('',(#4105,#4106,#4107,#4108));
#608=EDGE_LOOP('',(#4109,#4110,#4111,#4112));
#609=EDGE_LOOP('',(#4113,#4114,#4115,#4116));
#610=EDGE_LOOP('',(#4117,#4118,#4119,#4120));
#611=EDGE_LOOP('',(#4121,#4122,#4123,#4124));
#612=EDGE_LOOP('',(#4125,#4126,#4127,#4128));
#613=EDGE_LOOP('',(#4129,#4130,#4131,#4132));
#614=EDGE_LOOP('',(#4133));
#615=EDGE_LOOP('',(#4134));
#616=EDGE_LOOP('',(#4135,#4136,#4137,#4138));
#617=EDGE_LOOP('',(#4139,#4140,#4141,#4142));
#618=EDGE_LOOP('',(#4143,#4144,#4145,#4146));
#619=EDGE_LOOP('',(#4147,#4148,#4149,#4150));
#620=EDGE_LOOP('',(#4151,#4152,#4153,#4154));
#621=EDGE_LOOP('',(#4155,#4156,#4157,#4158));
#622=EDGE_LOOP('',(#4159,#4160,#4161,#4162));
#623=EDGE_LOOP('',(#4163,#4164,#4165,#4166));
#624=EDGE_LOOP('',(#4167,#4168,#4169,#4170));
#625=EDGE_LOOP('',(#4171,#4172,#4173,#4174));
#626=EDGE_LOOP('',(#4175,#4176,#4177,#4178));
#627=EDGE_LOOP('',(#4179,#4180,#4181,#4182));
#628=EDGE_LOOP('',(#4183,#4184,#4185,#4186));
#629=EDGE_LOOP('',(#4187,#4188,#4189,#4190));
#630=EDGE_LOOP('',(#4191,#4192,#4193,#4194));
#631=EDGE_LOOP('',(#4195,#4196,#4197,#4198));
#632=EDGE_LOOP('',(#4199,#4200,#4201,#4202));
#633=EDGE_LOOP('',(#4203,#4204,#4205,#4206));
#634=EDGE_LOOP('',(#4207,#4208,#4209,#4210));
#635=EDGE_LOOP('',(#4211,#4212,#4213,#4214,#4215,#4216));
#636=EDGE_LOOP('',(#4217));
#637=EDGE_LOOP('',(#4218,#4219,#4220,#4221));
#638=EDGE_LOOP('',(#4222,#4223,#4224,#4225));
#639=EDGE_LOOP('',(#4226,#4227,#4228,#4229,#4230,#4231));
#640=EDGE_LOOP('',(#4232));
#641=EDGE_LOOP('',(#4233,#4234,#4235,#4236));
#642=EDGE_LOOP('',(#4237,#4238,#4239,#4240));
#643=EDGE_LOOP('',(#4241,#4242,#4243,#4244));
#644=EDGE_LOOP('',(#4245,#4246,#4247,#4248));
#645=EDGE_LOOP('',(#4249,#4250,#4251,#4252));
#646=EDGE_LOOP('',(#4253,#4254,#4255,#4256));
#647=EDGE_LOOP('',(#4257,#4258,#4259,#4260));
#648=EDGE_LOOP('',(#4261,#4262,#4263,#4264));
#649=EDGE_LOOP('',(#4265,#4266,#4267,#4268,#4269,#4270,#4271,#4272));
#650=EDGE_LOOP('',(#4273,#4274,#4275,#4276,#4277,#4278));
#651=EDGE_LOOP('',(#4279,#4280));
#652=EDGE_LOOP('',(#4281,#4282,#4283,#4284));
#653=EDGE_LOOP('',(#4285,#4286,#4287,#4288));
#654=EDGE_LOOP('',(#4289,#4290,#4291,#4292));
#655=EDGE_LOOP('',(#4293,#4294,#4295,#4296));
#656=EDGE_LOOP('',(#4297,#4298,#4299,#4300));
#657=EDGE_LOOP('',(#4301,#4302,#4303,#4304));
#658=EDGE_LOOP('',(#4305,#4306,#4307,#4308));
#659=EDGE_LOOP('',(#4309,#4310,#4311,#4312));
#660=EDGE_LOOP('',(#4313,#4314,#4315,#4316));
#661=EDGE_LOOP('',(#4317,#4318,#4319,#4320));
#662=EDGE_LOOP('',(#4321,#4322,#4323,#4324));
#663=EDGE_LOOP('',(#4325,#4326,#4327,#4328));
#664=EDGE_LOOP('',(#4329,#4330,#4331,#4332));
#665=EDGE_LOOP('',(#4333,#4334,#4335,#4336));
#666=EDGE_LOOP('',(#4337,#4338,#4339,#4340));
#667=EDGE_LOOP('',(#4341,#4342,#4343,#4344));
#668=EDGE_LOOP('',(#4345,#4346,#4347,#4348));
#669=EDGE_LOOP('',(#4349,#4350,#4351,#4352));
#670=EDGE_LOOP('',(#4353,#4354,#4355,#4356));
#671=EDGE_LOOP('',(#4357,#4358,#4359,#4360));
#672=EDGE_LOOP('',(#4361,#4362,#4363,#4364));
#673=EDGE_LOOP('',(#4365,#4366,#4367,#4368));
#674=EDGE_LOOP('',(#4369,#4370,#4371,#4372));
#675=EDGE_LOOP('',(#4373,#4374,#4375,#4376));
#676=EDGE_LOOP('',(#4377,#4378,#4379,#4380));
#677=EDGE_LOOP('',(#4381,#4382,#4383,#4384));
#678=EDGE_LOOP('',(#4385,#4386,#4387,#4388));
#679=EDGE_LOOP('',(#4389,#4390,#4391,#4392));
#680=EDGE_LOOP('',(#4393,#4394,#4395,#4396));
#681=EDGE_LOOP('',(#4397,#4398,#4399,#4400));
#682=EDGE_LOOP('',(#4401,#4402,#4403,#4404));
#683=EDGE_LOOP('',(#4405,#4406,#4407,#4408));
#684=EDGE_LOOP('',(#4409,#4410,#4411,#4412));
#685=EDGE_LOOP('',(#4413,#4414,#4415,#4416));
#686=EDGE_LOOP('',(#4417,#4418,#4419,#4420));
#687=EDGE_LOOP('',(#4421,#4422,#4423,#4424));
#688=EDGE_LOOP('',(#4425,#4426,#4427,#4428));
#689=EDGE_LOOP('',(#4429,#4430,#4431,#4432));
#690=EDGE_LOOP('',(#4433,#4434,#4435,#4436));
#691=EDGE_LOOP('',(#4437,#4438,#4439,#4440));
#692=EDGE_LOOP('',(#4441,#4442,#4443,#4444));
#693=EDGE_LOOP('',(#4445,#4446,#4447,#4448));
#694=EDGE_LOOP('',(#4449,#4450,#4451,#4452));
#695=EDGE_LOOP('',(#4453,#4454,#4455,#4456));
#696=EDGE_LOOP('',(#4457,#4458,#4459,#4460));
#697=EDGE_LOOP('',(#4461,#4462,#4463,#4464));
#698=EDGE_LOOP('',(#4465,#4466,#4467,#4468));
#699=EDGE_LOOP('',(#4469,#4470,#4471,#4472));
#700=EDGE_LOOP('',(#4473,#4474,#4475,#4476));
#701=EDGE_LOOP('',(#4477,#4478,#4479,#4480));
#702=EDGE_LOOP('',(#4481,#4482,#4483,#4484));
#703=EDGE_LOOP('',(#4485,#4486,#4487,#4488));
#704=EDGE_LOOP('',(#4489,#4490,#4491,#4492));
#705=EDGE_LOOP('',(#4493,#4494,#4495,#4496));
#706=EDGE_LOOP('',(#4497,#4498,#4499,#4500,#4501,#4502,#4503));
#707=EDGE_LOOP('',(#4504,#4505,#4506,#4507,#4508,#4509,#4510));
#708=EDGE_LOOP('',(#4511,#4512,#4513,#4514,#4515,#4516,#4517));
#709=EDGE_LOOP('',(#4518,#4519,#4520,#4521));
#710=EDGE_LOOP('',(#4522,#4523,#4524,#4525,#4526,#4527,#4528,#4529));
#711=EDGE_LOOP('',(#4530,#4531,#4532,#4533,#4534,#4535,#4536,#4537));
#712=EDGE_LOOP('',(#4538,#4539,#4540,#4541));
#713=EDGE_LOOP('',(#4542,#4543,#4544,#4545));
#714=EDGE_LOOP('',(#4546,#4547,#4548,#4549,#4550,#4551));
#715=EDGE_LOOP('',(#4552,#4553,#4554,#4555));
#716=EDGE_LOOP('',(#4556,#4557,#4558,#4559));
#717=EDGE_LOOP('',(#4560,#4561,#4562,#4563));
#718=EDGE_LOOP('',(#4564,#4565,#4566,#4567));
#719=EDGE_LOOP('',(#4568,#4569,#4570,#4571));
#720=EDGE_LOOP('',(#4572,#4573,#4574,#4575,#4576,#4577));
#721=EDGE_LOOP('',(#4578,#4579,#4580,#4581,#4582,#4583,#4584));
#722=EDGE_LOOP('',(#4585));
#723=EDGE_LOOP('',(#4586));
#724=EDGE_LOOP('',(#4587,#4588,#4589,#4590));
#725=EDGE_LOOP('',(#4591,#4592,#4593,#4594,#4595,#4596));
#726=EDGE_LOOP('',(#4597,#4598));
#727=EDGE_LOOP('',(#4599));
#728=EDGE_LOOP('',(#4600,#4601,#4602,#4603));
#729=EDGE_LOOP('',(#4604,#4605,#4606,#4607,#4608,#4609));
#730=EDGE_LOOP('',(#4610,#4611));
#731=EDGE_LOOP('',(#4612));
#732=EDGE_LOOP('',(#4613,#4614,#4615,#4616,#4617));
#733=EDGE_LOOP('',(#4618,#4619,#4620,#4621,#4622));
#734=EDGE_LOOP('',(#4623));
#735=EDGE_LOOP('',(#4624));
#736=EDGE_LOOP('',(#4625));
#737=EDGE_LOOP('',(#4626));
#738=EDGE_LOOP('',(#4627,#4628,#4629,#4630));
#739=EDGE_LOOP('',(#4631,#4632,#4633,#4634,#4635,#4636));
#740=EDGE_LOOP('',(#4637,#4638));
#741=EDGE_LOOP('',(#4639));
#742=EDGE_LOOP('',(#4640,#4641,#4642,#4643));
#743=EDGE_LOOP('',(#4644,#4645,#4646,#4647,#4648,#4649));
#744=EDGE_LOOP('',(#4650,#4651));
#745=EDGE_LOOP('',(#4652));
#746=EDGE_LOOP('',(#4653,#4654,#4655,#4656));
#747=EDGE_LOOP('',(#4657,#4658,#4659,#4660,#4661,#4662));
#748=EDGE_LOOP('',(#4663,#4664));
#749=EDGE_LOOP('',(#4665));
#750=EDGE_LOOP('',(#4666,#4667,#4668,#4669));
#751=EDGE_LOOP('',(#4670,#4671,#4672,#4673,#4674,#4675));
#752=EDGE_LOOP('',(#4676,#4677));
#753=EDGE_LOOP('',(#4678));
#754=EDGE_LOOP('',(#4679,#4680,#4681,#4682,#4683));
#755=EDGE_LOOP('',(#4684,#4685,#4686,#4687,#4688));
#756=EDGE_LOOP('',(#4689,#4690,#4691,#4692));
#757=EDGE_LOOP('',(#4693,#4694,#4695,#4696,#4697));
#758=EDGE_LOOP('',(#4698,#4699,#4700,#4701));
#759=EDGE_LOOP('',(#4702,#4703,#4704,#4705,#4706));
#760=EDGE_LOOP('',(#4707,#4708,#4709,#4710));
#761=EDGE_LOOP('',(#4711,#4712,#4713,#4714,#4715));
#762=EDGE_LOOP('',(#4716,#4717,#4718,#4719));
#763=EDGE_LOOP('',(#4720,#4721,#4722,#4723,#4724,#4725));
#764=EDGE_LOOP('',(#4726,#4727,#4728,#4729,#4730,#4731));
#765=EDGE_LOOP('',(#4732,#4733,#4734,#4735,#4736,#4737));
#766=EDGE_LOOP('',(#4738,#4739,#4740,#4741,#4742,#4743));
#767=EDGE_LOOP('',(#4744,#4745,#4746,#4747));
#768=EDGE_LOOP('',(#4748,#4749,#4750,#4751));
#769=EDGE_LOOP('',(#4752,#4753,#4754,#4755));
#770=EDGE_LOOP('',(#4756,#4757,#4758,#4759));
#771=EDGE_LOOP('',(#4760,#4761,#4762,#4763));
#772=EDGE_LOOP('',(#4764,#4765,#4766,#4767));
#773=EDGE_LOOP('',(#4768,#4769,#4770,#4771));
#774=EDGE_LOOP('',(#4772,#4773,#4774,#4775));
#775=EDGE_LOOP('',(#4776,#4777,#4778,#4779,#4780,#4781,#4782,#4783));
#776=EDGE_LOOP('',(#4784,#4785,#4786,#4787));
#777=EDGE_LOOP('',(#4788,#4789,#4790,#4791,#4792,#4793,#4794,#4795,#4796,
#4797,#4798,#4799,#4800,#4801,#4802,#4803));
#778=EDGE_LOOP('',(#4804,#4805,#4806,#4807));
#779=EDGE_LOOP('',(#4808,#4809,#4810,#4811));
#780=EDGE_LOOP('',(#4812,#4813,#4814,#4815));
#781=EDGE_LOOP('',(#4816,#4817,#4818,#4819));
#782=EDGE_LOOP('',(#4820,#4821,#4822,#4823));
#783=EDGE_LOOP('',(#4824,#4825,#4826,#4827));
#784=EDGE_LOOP('',(#4828,#4829,#4830,#4831));
#785=EDGE_LOOP('',(#4832,#4833,#4834,#4835));
#786=EDGE_LOOP('',(#4836,#4837,#4838,#4839));
#787=EDGE_LOOP('',(#4840,#4841,#4842,#4843));
#788=EDGE_LOOP('',(#4844,#4845,#4846,#4847));
#789=EDGE_LOOP('',(#4848,#4849,#4850,#4851));
#790=EDGE_LOOP('',(#4852,#4853,#4854,#4855));
#791=EDGE_LOOP('',(#4856,#4857,#4858,#4859));
#792=EDGE_LOOP('',(#4860,#4861,#4862,#4863));
#793=EDGE_LOOP('',(#4864,#4865,#4866,#4867));
#794=EDGE_LOOP('',(#4868,#4869,#4870,#4871));
#795=EDGE_LOOP('',(#4872,#4873,#4874,#4875));
#796=EDGE_LOOP('',(#4876,#4877,#4878,#4879));
#797=EDGE_LOOP('',(#4880,#4881,#4882,#4883));
#798=EDGE_LOOP('',(#4884,#4885,#4886,#4887));
#799=EDGE_LOOP('',(#4888,#4889,#4890,#4891));
#800=EDGE_LOOP('',(#4892,#4893,#4894,#4895));
#801=EDGE_LOOP('',(#4896,#4897,#4898,#4899));
#802=EDGE_LOOP('',(#4900,#4901,#4902,#4903));
#803=EDGE_LOOP('',(#4904,#4905,#4906,#4907));
#804=EDGE_LOOP('',(#4908,#4909,#4910,#4911));
#805=EDGE_LOOP('',(#4912,#4913,#4914,#4915));
#806=EDGE_LOOP('',(#4916,#4917,#4918,#4919));
#807=EDGE_LOOP('',(#4920,#4921,#4922,#4923));
#808=EDGE_LOOP('',(#4924,#4925,#4926,#4927));
#809=EDGE_LOOP('',(#4928,#4929,#4930,#4931));
#810=EDGE_LOOP('',(#4932,#4933,#4934,#4935));
#811=EDGE_LOOP('',(#4936,#4937,#4938,#4939));
#812=EDGE_LOOP('',(#4940,#4941,#4942,#4943));
#813=EDGE_LOOP('',(#4944,#4945,#4946,#4947));
#814=EDGE_LOOP('',(#4948,#4949,#4950,#4951));
#815=EDGE_LOOP('',(#4952,#4953,#4954,#4955));
#816=EDGE_LOOP('',(#4956,#4957,#4958,#4959));
#817=EDGE_LOOP('',(#4960,#4961,#4962,#4963));
#818=EDGE_LOOP('',(#4964,#4965,#4966,#4967));
#819=EDGE_LOOP('',(#4968,#4969,#4970,#4971));
#820=EDGE_LOOP('',(#4972,#4973,#4974,#4975));
#821=EDGE_LOOP('',(#4976,#4977,#4978,#4979));
#822=EDGE_LOOP('',(#4980,#4981,#4982,#4983));
#823=EDGE_LOOP('',(#4984,#4985,#4986,#4987));
#824=EDGE_LOOP('',(#4988,#4989,#4990,#4991));
#825=EDGE_LOOP('',(#4992,#4993,#4994,#4995));
#826=EDGE_LOOP('',(#4996,#4997,#4998,#4999));
#827=EDGE_LOOP('',(#5000,#5001,#5002,#5003));
#828=EDGE_LOOP('',(#5004,#5005,#5006,#5007));
#829=EDGE_LOOP('',(#5008,#5009,#5010,#5011));
#830=EDGE_LOOP('',(#5012,#5013,#5014,#5015));
#831=EDGE_LOOP('',(#5016,#5017,#5018,#5019));
#832=EDGE_LOOP('',(#5020,#5021,#5022,#5023));
#833=EDGE_LOOP('',(#5024,#5025,#5026,#5027));
#834=EDGE_LOOP('',(#5028,#5029,#5030,#5031));
#835=EDGE_LOOP('',(#5032,#5033,#5034,#5035));
#836=EDGE_LOOP('',(#5036,#5037,#5038,#5039));
#837=EDGE_LOOP('',(#5040,#5041,#5042,#5043));
#838=EDGE_LOOP('',(#5044,#5045,#5046,#5047));
#839=EDGE_LOOP('',(#5048,#5049,#5050,#5051));
#840=EDGE_LOOP('',(#5052,#5053,#5054,#5055));
#841=EDGE_LOOP('',(#5056,#5057,#5058,#5059));
#842=EDGE_LOOP('',(#5060,#5061,#5062,#5063));
#843=EDGE_LOOP('',(#5064,#5065,#5066,#5067));
#844=EDGE_LOOP('',(#5068,#5069,#5070,#5071));
#845=EDGE_LOOP('',(#5072,#5073,#5074,#5075));
#846=EDGE_LOOP('',(#5076,#5077));
#847=EDGE_LOOP('',(#5078,#5079,#5080,#5081));
#848=EDGE_LOOP('',(#5082,#5083,#5084,#5085));
#849=EDGE_LOOP('',(#5086,#5087,#5088,#5089));
#850=EDGE_LOOP('',(#5090,#5091,#5092,#5093));
#851=EDGE_LOOP('',(#5094,#5095,#5096,#5097,#5098,#5099,#5100,#5101,#5102,
#5103,#5104,#5105,#5106,#5107,#5108,#5109,#5110,#5111,#5112,#5113,#5114,
#5115,#5116,#5117,#5118,#5119,#5120,#5121,#5122,#5123,#5124,#5125,#5126,
#5127,#5128,#5129,#5130,#5131,#5132,#5133));
#852=EDGE_LOOP('',(#5134,#5135,#5136,#5137,#5138,#5139,#5140,#5141,#5142,
#5143,#5144,#5145,#5146,#5147,#5148,#5149,#5150,#5151,#5152,#5153,#5154,
#5155,#5156,#5157,#5158,#5159,#5160,#5161,#5162,#5163,#5164,#5165,#5166,
#5167,#5168,#5169,#5170,#5171,#5172,#5173));
#853=EDGE_LOOP('',(#5174,#5175,#5176,#5177));
#854=EDGE_LOOP('',(#5178,#5179,#5180,#5181));
#855=EDGE_LOOP('',(#5182,#5183,#5184,#5185));
#856=EDGE_LOOP('',(#5186,#5187,#5188,#5189));
#857=EDGE_LOOP('',(#5190,#5191,#5192,#5193));
#858=EDGE_LOOP('',(#5194,#5195,#5196,#5197));
#859=EDGE_LOOP('',(#5198,#5199,#5200,#5201));
#860=EDGE_LOOP('',(#5202,#5203,#5204,#5205));
#861=EDGE_LOOP('',(#5206,#5207,#5208,#5209));
#862=EDGE_LOOP('',(#5210,#5211,#5212,#5213));
#863=EDGE_LOOP('',(#5214,#5215,#5216,#5217));
#864=EDGE_LOOP('',(#5218,#5219,#5220,#5221));
#865=EDGE_LOOP('',(#5222,#5223,#5224,#5225));
#866=EDGE_LOOP('',(#5226,#5227,#5228,#5229));
#867=EDGE_LOOP('',(#5230,#5231,#5232,#5233));
#868=EDGE_LOOP('',(#5234,#5235,#5236,#5237));
#869=EDGE_LOOP('',(#5238,#5239,#5240,#5241));
#870=EDGE_LOOP('',(#5242,#5243,#5244,#5245));
#871=EDGE_LOOP('',(#5246,#5247,#5248,#5249));
#872=EDGE_LOOP('',(#5250,#5251));
#873=EDGE_LOOP('',(#5252,#5253));
#874=EDGE_LOOP('',(#5254,#5255,#5256,#5257));
#875=EDGE_LOOP('',(#5258,#5259,#5260,#5261));
#876=EDGE_LOOP('',(#5262,#5263,#5264,#5265));
#877=EDGE_LOOP('',(#5266));
#878=LINE('',#8260,#1346);
#879=LINE('',#8263,#1347);
#880=LINE('',#8266,#1348);
#881=LINE('',#8270,#1349);
#882=LINE('',#8274,#1350);
#883=LINE('',#8278,#1351);
#884=LINE('',#8280,#1352);
#885=LINE('',#8282,#1353);
#886=LINE('',#8284,#1354);
#887=LINE('',#8286,#1355);
#888=LINE('',#8288,#1356);
#889=LINE('',#8289,#1357);
#890=LINE('',#8292,#1358);
#891=LINE('',#8293,#1359);
#892=LINE('',#8297,#1360);
#893=LINE('',#8300,#1361);
#894=LINE('',#8303,#1362);
#895=LINE('',#8306,#1363);
#896=LINE('',#8307,#1364);
#897=LINE('',#8311,#1365);
#898=LINE('',#8314,#1366);
#899=LINE('',#8316,#1367);
#900=LINE('',#8318,#1368);
#901=LINE('',#8320,#1369);
#902=LINE('',#8322,#1370);
#903=LINE('',#8324,#1371);
#904=LINE('',#8325,#1372);
#905=LINE('',#8326,#1373);
#906=LINE('',#8332,#1374);
#907=LINE('',#8335,#1375);
#908=LINE('',#8338,#1376);
#909=LINE('',#8340,#1377);
#910=LINE('',#8341,#1378);
#911=LINE('',#8346,#1379);
#912=LINE('',#8350,#1380);
#913=LINE('',#8352,#1381);
#914=LINE('',#8353,#1382);
#915=LINE('',#8360,#1383);
#916=LINE('',#8363,#1384);
#917=LINE('',#8366,#1385);
#918=LINE('',#8368,#1386);
#919=LINE('',#8369,#1387);
#920=LINE('',#8375,#1388);
#921=LINE('',#8378,#1389);
#922=LINE('',#8381,#1390);
#923=LINE('',#8383,#1391);
#924=LINE('',#8385,#1392);
#925=LINE('',#8389,#1393);
#926=LINE('',#8391,#1394);
#927=LINE('',#8392,#1395);
#928=LINE('',#8394,#1396);
#929=LINE('',#8398,#1397);
#930=LINE('',#8400,#1398);
#931=LINE('',#8402,#1399);
#932=LINE('',#8405,#1400);
#933=LINE('',#8409,#1401);
#934=LINE('',#8411,#1402);
#935=LINE('',#8413,#1403);
#936=LINE('',#8419,#1404);
#937=LINE('',#8420,#1405);
#938=LINE('',#8424,#1406);
#939=LINE('',#8428,#1407);
#940=LINE('',#8432,#1408);
#941=LINE('',#8440,#1409);
#942=LINE('',#8448,#1410);
#943=LINE('',#8456,#1411);
#944=LINE('',#8464,#1412);
#945=LINE('',#8468,#1413);
#946=LINE('',#8472,#1414);
#947=LINE('',#8480,#1415);
#948=LINE('',#8488,#1416);
#949=LINE('',#8496,#1417);
#950=LINE('',#8505,#1418);
#951=LINE('',#8508,#1419);
#952=LINE('',#8510,#1420);
#953=LINE('',#8512,#1421);
#954=LINE('',#8516,#1422);
#955=LINE('',#8518,#1423);
#956=LINE('',#8519,#1424);
#957=LINE('',#8540,#1425);
#958=LINE('',#8544,#1426);
#959=LINE('',#8548,#1427);
#960=LINE('',#8551,#1428);
#961=LINE('',#8562,#1429);
#962=LINE('',#8566,#1430);
#963=LINE('',#8577,#1431);
#964=LINE('',#8580,#1432);
#965=LINE('',#8582,#1433);
#966=LINE('',#8584,#1434);
#967=LINE('',#8586,#1435);
#968=LINE('',#8587,#1436);
#969=LINE('',#8591,#1437);
#970=LINE('',#8593,#1438);
#971=LINE('',#8595,#1439);
#972=LINE('',#8596,#1440);
#973=LINE('',#8604,#1441);
#974=LINE('',#8608,#1442);
#975=LINE('',#8610,#1443);
#976=LINE('',#8611,#1444);
#977=LINE('',#8614,#1445);
#978=LINE('',#8616,#1446);
#979=LINE('',#8617,#1447);
#980=LINE('',#8623,#1448);
#981=LINE('',#8631,#1449);
#982=LINE('',#8639,#1450);
#983=LINE('',#8643,#1451);
#984=LINE('',#8647,#1452);
#985=LINE('',#8655,#1453);
#986=LINE('',#8663,#1454);
#987=LINE('',#8671,#1455);
#988=LINE('',#8679,#1456);
#989=LINE('',#8683,#1457);
#990=LINE('',#8687,#1458);
#991=LINE('',#8695,#1459);
#992=LINE('',#8700,#1460);
#993=LINE('',#8706,#1461);
#994=LINE('',#8710,#1462);
#995=LINE('',#8714,#1463);
#996=LINE('',#8718,#1464);
#997=LINE('',#8720,#1465);
#998=LINE('',#8724,#1466);
#999=LINE('',#8726,#1467);
#1000=LINE('',#8728,#1468);
#1001=LINE('',#8732,#1469);
#1002=LINE('',#8734,#1470);
#1003=LINE('',#8738,#1471);
#1004=LINE('',#8742,#1472);
#1005=LINE('',#8746,#1473);
#1006=LINE('',#8753,#1474);
#1007=LINE('',#8755,#1475);
#1008=LINE('',#8759,#1476);
#1009=LINE('',#8761,#1477);
#1010=LINE('',#8763,#1478);
#1011=LINE('',#8767,#1479);
#1012=LINE('',#8769,#1480);
#1013=LINE('',#8789,#1481);
#1014=LINE('',#8791,#1482);
#1015=LINE('',#8795,#1483);
#1016=LINE('',#8799,#1484);
#1017=LINE('',#8801,#1485);
#1018=LINE('',#8803,#1486);
#1019=LINE('',#8807,#1487);
#1020=LINE('',#8811,#1488);
#1021=LINE('',#8812,#1489);
#1022=LINE('',#8815,#1490);
#1023=LINE('',#8816,#1491);
#1024=LINE('',#8819,#1492);
#1025=LINE('',#8820,#1493);
#1026=LINE('',#8823,#1494);
#1027=LINE('',#8824,#1495);
#1028=LINE('',#8828,#1496);
#1029=LINE('',#8831,#1497);
#1030=LINE('',#8835,#1498);
#1031=LINE('',#8839,#1499);
#1032=LINE('',#8842,#1500);
#1033=LINE('',#8844,#1501);
#1034=LINE('',#8848,#1502);
#1035=LINE('',#8851,#1503);
#1036=LINE('',#8857,#1504);
#1037=LINE('',#8861,#1505);
#1038=LINE('',#8865,#1506);
#1039=LINE('',#8869,#1507);
#1040=LINE('',#8871,#1508);
#1041=LINE('',#8875,#1509);
#1042=LINE('',#8877,#1510);
#1043=LINE('',#8879,#1511);
#1044=LINE('',#8883,#1512);
#1045=LINE('',#8885,#1513);
#1046=LINE('',#8889,#1514);
#1047=LINE('',#8893,#1515);
#1048=LINE('',#8897,#1516);
#1049=LINE('',#8901,#1517);
#1050=LINE('',#8903,#1518);
#1051=LINE('',#8907,#1519);
#1052=LINE('',#8909,#1520);
#1053=LINE('',#8911,#1521);
#1054=LINE('',#8915,#1522);
#1055=LINE('',#8917,#1523);
#1056=LINE('',#8920,#1524);
#1057=LINE('',#8923,#1525);
#1058=LINE('',#8945,#1526);
#1059=LINE('',#8952,#1527);
#1060=LINE('',#8957,#1528);
#1061=LINE('',#8964,#1529);
#1062=LINE('',#8969,#1530);
#1063=LINE('',#8971,#1531);
#1064=LINE('',#8973,#1532);
#1065=LINE('',#8975,#1533);
#1066=LINE('',#8977,#1534);
#1067=LINE('',#8985,#1535);
#1068=LINE('',#8986,#1536);
#1069=LINE('',#8993,#1537);
#1070=LINE('',#8995,#1538);
#1071=LINE('',#8997,#1539);
#1072=LINE('',#8998,#1540);
#1073=LINE('',#9001,#1541);
#1074=LINE('',#9003,#1542);
#1075=LINE('',#9004,#1543);
#1076=LINE('',#9008,#1544);
#1077=LINE('',#9010,#1545);
#1078=LINE('',#9012,#1546);
#1079=LINE('',#9013,#1547);
#1080=LINE('',#9016,#1548);
#1081=LINE('',#9018,#1549);
#1082=LINE('',#9019,#1550);
#1083=LINE('',#9021,#1551);
#1084=LINE('',#9022,#1552);
#1085=LINE('',#9024,#1553);
#1086=LINE('',#9026,#1554);
#1087=LINE('',#9028,#1555);
#1088=LINE('',#9030,#1556);
#1089=LINE('',#9032,#1557);
#1090=LINE('',#9034,#1558);
#1091=LINE('',#9036,#1559);
#1092=LINE('',#9038,#1560);
#1093=LINE('',#9040,#1561);
#1094=LINE('',#9046,#1562);
#1095=LINE('',#9048,#1563);
#1096=LINE('',#9050,#1564);
#1097=LINE('',#9052,#1565);
#1098=LINE('',#9057,#1566);
#1099=LINE('',#9060,#1567);
#1100=LINE('',#9062,#1568);
#1101=LINE('',#9064,#1569);
#1102=LINE('',#9066,#1570);
#1103=LINE('',#9068,#1571);
#1104=LINE('',#9070,#1572);
#1105=LINE('',#9076,#1573);
#1106=LINE('',#9077,#1574);
#1107=LINE('',#9080,#1575);
#1108=LINE('',#9081,#1576);
#1109=LINE('',#9085,#1577);
#1110=LINE('',#9087,#1578);
#1111=LINE('',#9093,#1579);
#1112=LINE('',#9096,#1580);
#1113=LINE('',#9099,#1581);
#1114=LINE('',#9101,#1582);
#1115=LINE('',#9102,#1583);
#1116=LINE('',#9108,#1584);
#1117=LINE('',#9111,#1585);
#1118=LINE('',#9114,#1586);
#1119=LINE('',#9116,#1587);
#1120=LINE('',#9117,#1588);
#1121=LINE('',#9120,#1589);
#1122=LINE('',#9126,#1590);
#1123=LINE('',#9130,#1591);
#1124=LINE('',#9133,#1592);
#1125=LINE('',#9136,#1593);
#1126=LINE('',#9139,#1594);
#1127=LINE('',#9140,#1595);
#1128=LINE('',#9143,#1596);
#1129=LINE('',#9147,#1597);
#1130=LINE('',#9148,#1598);
#1131=LINE('',#9151,#1599);
#1132=LINE('',#9155,#1600);
#1133=LINE('',#9156,#1601);
#1134=LINE('',#9159,#1602);
#1135=LINE('',#9162,#1603);
#1136=LINE('',#9169,#1604);
#1137=LINE('',#9173,#1605);
#1138=LINE('',#9176,#1606);
#1139=LINE('',#9179,#1607);
#1140=LINE('',#9183,#1608);
#1141=LINE('',#9187,#1609);
#1142=LINE('',#9188,#1610);
#1143=LINE('',#9191,#1611);
#1144=LINE('',#9195,#1612);
#1145=LINE('',#9199,#1613);
#1146=LINE('',#9203,#1614);
#1147=LINE('',#9204,#1615);
#1148=LINE('',#9207,#1616);
#1149=LINE('',#9211,#1617);
#1150=LINE('',#9212,#1618);
#1151=LINE('',#9215,#1619);
#1152=LINE('',#9219,#1620);
#1153=LINE('',#9220,#1621);
#1154=LINE('',#9223,#1622);
#1155=LINE('',#9227,#1623);
#1156=LINE('',#9231,#1624);
#1157=LINE('',#9235,#1625);
#1158=LINE('',#9236,#1626);
#1159=LINE('',#9239,#1627);
#1160=LINE('',#9243,#1628);
#1161=LINE('',#9247,#1629);
#1162=LINE('',#9251,#1630);
#1163=LINE('',#9252,#1631);
#1164=LINE('',#9255,#1632);
#1165=LINE('',#9259,#1633);
#1166=LINE('',#9263,#1634);
#1167=LINE('',#9267,#1635);
#1168=LINE('',#9268,#1636);
#1169=LINE('',#9271,#1637);
#1170=LINE('',#9275,#1638);
#1171=LINE('',#9279,#1639);
#1172=LINE('',#9283,#1640);
#1173=LINE('',#9284,#1641);
#1174=LINE('',#9287,#1642);
#1175=LINE('',#9291,#1643);
#1176=LINE('',#9292,#1644);
#1177=LINE('',#9295,#1645);
#1178=LINE('',#9299,#1646);
#1179=LINE('',#9300,#1647);
#1180=LINE('',#9303,#1648);
#1181=LINE('',#9307,#1649);
#1182=LINE('',#9311,#1650);
#1183=LINE('',#9315,#1651);
#1184=LINE('',#9316,#1652);
#1185=LINE('',#9319,#1653);
#1186=LINE('',#9323,#1654);
#1187=LINE('',#9327,#1655);
#1188=LINE('',#9330,#1656);
#1189=LINE('',#9332,#1657);
#1190=LINE('',#9335,#1658);
#1191=LINE('',#9336,#1659);
#1192=LINE('',#9339,#1660);
#1193=LINE('',#9342,#1661);
#1194=LINE('',#9344,#1662);
#1195=LINE('',#9345,#1663);
#1196=LINE('',#9346,#1664);
#1197=LINE('',#9348,#1665);
#1198=LINE('',#9354,#1666);
#1199=LINE('',#9355,#1667);
#1200=LINE('',#9358,#1668);
#1201=LINE('',#9359,#1669);
#1202=LINE('',#9363,#1670);
#1203=LINE('',#9368,#1671);
#1204=LINE('',#9369,#1672);
#1205=LINE('',#9372,#1673);
#1206=LINE('',#9373,#1674);
#1207=LINE('',#9377,#1675);
#1208=LINE('',#9380,#1676);
#1209=LINE('',#9382,#1677);
#1210=LINE('',#9384,#1678);
#1211=LINE('',#9385,#1679);
#1212=LINE('',#9388,#1680);
#1213=LINE('',#9390,#1681);
#1214=LINE('',#9392,#1682);
#1215=LINE('',#9393,#1683);
#1216=LINE('',#9395,#1684);
#1217=LINE('',#9397,#1685);
#1218=LINE('',#9398,#1686);
#1219=LINE('',#9401,#1687);
#1220=LINE('',#9403,#1688);
#1221=LINE('',#9404,#1689);
#1222=LINE('',#9407,#1690);
#1223=LINE('',#9408,#1691);
#1224=LINE('',#9411,#1692);
#1225=LINE('',#9412,#1693);
#1226=LINE('',#9414,#1694);
#1227=LINE('',#9419,#1695);
#1228=LINE('',#9420,#1696);
#1229=LINE('',#9423,#1697);
#1230=LINE('',#9425,#1698);
#1231=LINE('',#9426,#1699);
#1232=LINE('',#9428,#1700);
#1233=LINE('',#9433,#1701);
#1234=LINE('',#9436,#1702);
#1235=LINE('',#9437,#1703);
#1236=LINE('',#9441,#1704);
#1237=LINE('',#9443,#1705);
#1238=LINE('',#9453,#1706);
#1239=LINE('',#9459,#1707);
#1240=LINE('',#9464,#1708);
#1241=LINE('',#9470,#1709);
#1242=LINE('',#9477,#1710);
#1243=LINE('',#9483,#1711);
#1244=LINE('',#9499,#1712);
#1245=LINE('',#9505,#1713);
#1246=LINE('',#9510,#1714);
#1247=LINE('',#9516,#1715);
#1248=LINE('',#9521,#1716);
#1249=LINE('',#9527,#1717);
#1250=LINE('',#9532,#1718);
#1251=LINE('',#9538,#1719);
#1252=LINE('',#9545,#1720);
#1253=LINE('',#9550,#1721);
#1254=LINE('',#9555,#1722);
#1255=LINE('',#9560,#1723);
#1256=LINE('',#9565,#1724);
#1257=LINE('',#9570,#1725);
#1258=LINE('',#9575,#1726);
#1259=LINE('',#9580,#1727);
#1260=LINE('',#9585,#1728);
#1261=LINE('',#9587,#1729);
#1262=LINE('',#9589,#1730);
#1263=LINE('',#9591,#1731);
#1264=LINE('',#9593,#1732);
#1265=LINE('',#9596,#1733);
#1266=LINE('',#9597,#1734);
#1267=LINE('',#9599,#1735);
#1268=LINE('',#9601,#1736);
#1269=LINE('',#9603,#1737);
#1270=LINE('',#9605,#1738);
#1271=LINE('',#9609,#1739);
#1272=LINE('',#9610,#1740);
#1273=LINE('',#9611,#1741);
#1274=LINE('',#9613,#1742);
#1275=LINE('',#9615,#1743);
#1276=LINE('',#9616,#1744);
#1277=LINE('',#9622,#1745);
#1278=LINE('',#9623,#1746);
#1279=LINE('',#9627,#1747);
#1280=LINE('',#9629,#1748);
#1281=LINE('',#9648,#1749);
#1282=LINE('',#9664,#1750);
#1283=LINE('',#9680,#1751);
#1284=LINE('',#9696,#1752);
#1285=LINE('',#9704,#1753);
#1286=LINE('',#9712,#1754);
#1287=LINE('',#9728,#1755);
#1288=LINE('',#9744,#1756);
#1289=LINE('',#9760,#1757);
#1290=LINE('',#9776,#1758);
#1291=LINE('',#9784,#1759);
#1292=LINE('',#9790,#1760);
#1293=LINE('',#9793,#1761);
#1294=LINE('',#9796,#1762);
#1295=LINE('',#9799,#1763);
#1296=LINE('',#9803,#1764);
#1297=LINE('',#9804,#1765);
#1298=LINE('',#9807,#1766);
#1299=LINE('',#9811,#1767);
#1300=LINE('',#9815,#1768);
#1301=LINE('',#9819,#1769);
#1302=LINE('',#9820,#1770);
#1303=LINE('',#9823,#1771);
#1304=LINE('',#9827,#1772);
#1305=LINE('',#9831,#1773);
#1306=LINE('',#9835,#1774);
#1307=LINE('',#9836,#1775);
#1308=LINE('',#9839,#1776);
#1309=LINE('',#9843,#1777);
#1310=LINE('',#9847,#1778);
#1311=LINE('',#9851,#1779);
#1312=LINE('',#9852,#1780);
#1313=LINE('',#9855,#1781);
#1314=LINE('',#9859,#1782);
#1315=LINE('',#9860,#1783);
#1316=LINE('',#9863,#1784);
#1317=LINE('',#9867,#1785);
#1318=LINE('',#9868,#1786);
#1319=LINE('',#9871,#1787);
#1320=LINE('',#9879,#1788);
#1321=LINE('',#9887,#1789);
#1322=LINE('',#9895,#1790);
#1323=LINE('',#9903,#1791);
#1324=LINE('',#9907,#1792);
#1325=LINE('',#9911,#1793);
#1326=LINE('',#9914,#1794);
#1327=LINE('',#9916,#1795);
#1328=LINE('',#9918,#1796);
#1329=LINE('',#9919,#1797);
#1330=LINE('',#9921,#1798);
#1331=LINE('',#9923,#1799);
#1332=LINE('',#9925,#1800);
#1333=LINE('',#9927,#1801);
#1334=LINE('',#9929,#1802);
#1335=LINE('',#9931,#1803);
#1336=LINE('',#9933,#1804);
#1337=LINE('',#9935,#1805);
#1338=LINE('',#9937,#1806);
#1339=LINE('',#9939,#1807);
#1340=LINE('',#9941,#1808);
#1341=LINE('',#9943,#1809);
#1342=LINE('',#9946,#1810);
#1343=LINE('',#9948,#1811);
#1344=LINE('',#9949,#1812);
#1345=LINE('',#9955,#1813);
#1346=VECTOR('',#6428,10.);
#1347=VECTOR('',#6431,10.);
#1348=VECTOR('',#6434,10.);
#1349=VECTOR('',#6437,10.);
#1350=VECTOR('',#6440,10.);
#1351=VECTOR('',#6443,10.);
#1352=VECTOR('',#6444,10.);
#1353=VECTOR('',#6445,10.);
#1354=VECTOR('',#6446,10.);
#1355=VECTOR('',#6447,10.);
#1356=VECTOR('',#6448,10.);
#1357=VECTOR('',#6449,10.);
#1358=VECTOR('',#6452,10.);
#1359=VECTOR('',#6453,10.);
#1360=VECTOR('',#6458,10.);
#1361=VECTOR('',#6461,10.);
#1362=VECTOR('',#6464,10.);
#1363=VECTOR('',#6467,10.);
#1364=VECTOR('',#6468,10.);
#1365=VECTOR('',#6473,10.);
#1366=VECTOR('',#6476,10.);
#1367=VECTOR('',#6477,10.);
#1368=VECTOR('',#6478,10.);
#1369=VECTOR('',#6479,10.);
#1370=VECTOR('',#6480,10.);
#1371=VECTOR('',#6481,10.);
#1372=VECTOR('',#6482,10.);
#1373=VECTOR('',#6483,10.);
#1374=VECTOR('',#6488,10.);
#1375=VECTOR('',#6491,10.);
#1376=VECTOR('',#6494,10.);
#1377=VECTOR('',#6495,10.);
#1378=VECTOR('',#6496,10.);
#1379=VECTOR('',#6501,10.);
#1380=VECTOR('',#6506,10.);
#1381=VECTOR('',#6507,10.);
#1382=VECTOR('',#6508,10.);
#1383=VECTOR('',#6515,10.);
#1384=VECTOR('',#6518,10.);
#1385=VECTOR('',#6521,10.);
#1386=VECTOR('',#6522,10.);
#1387=VECTOR('',#6523,10.);
#1388=VECTOR('',#6528,10.);
#1389=VECTOR('',#6531,10.);
#1390=VECTOR('',#6534,10.);
#1391=VECTOR('',#6535,10.);
#1392=VECTOR('',#6536,10.);
#1393=VECTOR('',#6539,10.);
#1394=VECTOR('',#6540,10.);
#1395=VECTOR('',#6541,10.);
#1396=VECTOR('',#6542,10.);
#1397=VECTOR('',#6545,10.);
#1398=VECTOR('',#6546,10.);
#1399=VECTOR('',#6547,10.);
#1400=VECTOR('',#6550,10.);
#1401=VECTOR('',#6553,10.);
#1402=VECTOR('',#6554,10.);
#1403=VECTOR('',#6555,10.);
#1404=VECTOR('',#6562,10.);
#1405=VECTOR('',#6563,10.);
#1406=VECTOR('',#6566,10.);
#1407=VECTOR('',#6569,10.);
#1408=VECTOR('',#6572,10.);
#1409=VECTOR('',#6579,10.);
#1410=VECTOR('',#6586,10.);
#1411=VECTOR('',#6593,10.);
#1412=VECTOR('',#6600,10.);
#1413=VECTOR('',#6603,10.);
#1414=VECTOR('',#6606,10.);
#1415=VECTOR('',#6613,10.);
#1416=VECTOR('',#6620,10.);
#1417=VECTOR('',#6627,10.);
#1418=VECTOR('',#6636,10.);
#1419=VECTOR('',#6639,10.);
#1420=VECTOR('',#6640,10.);
#1421=VECTOR('',#6641,10.);
#1422=VECTOR('',#6644,10.);
#1423=VECTOR('',#6645,10.);
#1424=VECTOR('',#6646,10.);
#1425=VECTOR('',#6665,10.);
#1426=VECTOR('',#6668,10.);
#1427=VECTOR('',#6671,10.);
#1428=VECTOR('',#6674,10.);
#1429=VECTOR('',#6685,10.);
#1430=VECTOR('',#6688,10.);
#1431=VECTOR('',#6701,10.);
#1432=VECTOR('',#6704,10.);
#1433=VECTOR('',#6705,10.);
#1434=VECTOR('',#6706,10.);
#1435=VECTOR('',#6707,10.);
#1436=VECTOR('',#6708,10.);
#1437=VECTOR('',#6711,10.);
#1438=VECTOR('',#6712,10.);
#1439=VECTOR('',#6713,10.);
#1440=VECTOR('',#6714,10.);
#1441=VECTOR('',#6725,10.);
#1442=VECTOR('',#6730,10.);
#1443=VECTOR('',#6731,10.);
#1444=VECTOR('',#6732,10.);
#1445=VECTOR('',#6735,10.);
#1446=VECTOR('',#6736,10.);
#1447=VECTOR('',#6737,10.);
#1448=VECTOR('',#6742,10.);
#1449=VECTOR('',#6749,10.);
#1450=VECTOR('',#6756,10.);
#1451=VECTOR('',#6759,10.);
#1452=VECTOR('',#6762,10.);
#1453=VECTOR('',#6769,10.);
#1454=VECTOR('',#6776,10.);
#1455=VECTOR('',#6783,10.);
#1456=VECTOR('',#6790,10.);
#1457=VECTOR('',#6793,10.);
#1458=VECTOR('',#6796,10.);
#1459=VECTOR('',#6803,10.);
#1460=VECTOR('',#6808,10.);
#1461=VECTOR('',#6813,10.);
#1462=VECTOR('',#6816,10.);
#1463=VECTOR('',#6819,10.);
#1464=VECTOR('',#6822,10.);
#1465=VECTOR('',#6823,10.);
#1466=VECTOR('',#6826,10.);
#1467=VECTOR('',#6827,10.);
#1468=VECTOR('',#6828,10.);
#1469=VECTOR('',#6831,10.);
#1470=VECTOR('',#6832,10.);
#1471=VECTOR('',#6835,10.);
#1472=VECTOR('',#6838,10.);
#1473=VECTOR('',#6841,10.);
#1474=VECTOR('',#6848,10.);
#1475=VECTOR('',#6849,10.);
#1476=VECTOR('',#6852,10.);
#1477=VECTOR('',#6853,10.);
#1478=VECTOR('',#6854,10.);
#1479=VECTOR('',#6857,10.);
#1480=VECTOR('',#6858,10.);
#1481=VECTOR('',#6879,10.);
#1482=VECTOR('',#6880,10.);
#1483=VECTOR('',#6883,10.);
#1484=VECTOR('',#6886,10.);
#1485=VECTOR('',#6887,10.);
#1486=VECTOR('',#6888,10.);
#1487=VECTOR('',#6891,10.);
#1488=VECTOR('',#6894,10.);
#1489=VECTOR('',#6895,10.);
#1490=VECTOR('',#6898,10.);
#1491=VECTOR('',#6899,10.);
#1492=VECTOR('',#6902,10.);
#1493=VECTOR('',#6903,10.);
#1494=VECTOR('',#6906,10.);
#1495=VECTOR('',#6907,10.);
#1496=VECTOR('',#6912,10.);
#1497=VECTOR('',#6915,10.);
#1498=VECTOR('',#6920,10.);
#1499=VECTOR('',#6923,10.);
#1500=VECTOR('',#6926,10.);
#1501=VECTOR('',#6927,10.);
#1502=VECTOR('',#6930,10.);
#1503=VECTOR('',#6933,10.);
#1504=VECTOR('',#6938,10.);
#1505=VECTOR('',#6941,10.);
#1506=VECTOR('',#6944,10.);
#1507=VECTOR('',#6947,10.);
#1508=VECTOR('',#6948,10.);
#1509=VECTOR('',#6951,10.);
#1510=VECTOR('',#6952,10.);
#1511=VECTOR('',#6953,10.);
#1512=VECTOR('',#6956,10.);
#1513=VECTOR('',#6957,10.);
#1514=VECTOR('',#6960,10.);
#1515=VECTOR('',#6963,10.);
#1516=VECTOR('',#6966,10.);
#1517=VECTOR('',#6971,10.);
#1518=VECTOR('',#6972,10.);
#1519=VECTOR('',#6975,10.);
#1520=VECTOR('',#6976,10.);
#1521=VECTOR('',#6977,10.);
#1522=VECTOR('',#6980,10.);
#1523=VECTOR('',#6981,10.);
#1524=VECTOR('',#6984,10.);
#1525=VECTOR('',#6987,10.);
#1526=VECTOR('',#7010,10.);
#1527=VECTOR('',#7017,2.625);
#1528=VECTOR('',#7024,2.);
#1529=VECTOR('',#7031,2.625);
#1530=VECTOR('',#7038,2.);
#1531=VECTOR('',#7041,3.25);
#1532=VECTOR('',#7044,3.25);
#1533=VECTOR('',#7047,10.);
#1534=VECTOR('',#7050,10.);
#1535=VECTOR('',#7061,10.);
#1536=VECTOR('',#7062,10.);
#1537=VECTOR('',#7069,10.);
#1538=VECTOR('',#7070,10.);
#1539=VECTOR('',#7071,10.);
#1540=VECTOR('',#7072,10.);
#1541=VECTOR('',#7075,10.);
#1542=VECTOR('',#7076,10.);
#1543=VECTOR('',#7077,10.);
#1544=VECTOR('',#7080,10.);
#1545=VECTOR('',#7081,10.);
#1546=VECTOR('',#7082,10.);
#1547=VECTOR('',#7083,10.);
#1548=VECTOR('',#7086,10.);
#1549=VECTOR('',#7087,10.);
#1550=VECTOR('',#7088,10.);
#1551=VECTOR('',#7091,10.);
#1552=VECTOR('',#7092,10.);
#1553=VECTOR('',#7095,10.);
#1554=VECTOR('',#7098,10.);
#1555=VECTOR('',#7101,10.);
#1556=VECTOR('',#7104,10.);
#1557=VECTOR('',#7107,10.);
#1558=VECTOR('',#7110,10.);
#1559=VECTOR('',#7113,10.);
#1560=VECTOR('',#7116,10.);
#1561=VECTOR('',#7119,10.);
#1562=VECTOR('',#7126,10.);
#1563=VECTOR('',#7129,10.);
#1564=VECTOR('',#7132,10.);
#1565=VECTOR('',#7135,10.);
#1566=VECTOR('',#7138,10.);
#1567=VECTOR('',#7141,10.);
#1568=VECTOR('',#7144,10.);
#1569=VECTOR('',#7147,10.);
#1570=VECTOR('',#7150,10.);
#1571=VECTOR('',#7153,10.);
#1572=VECTOR('',#7156,10.);
#1573=VECTOR('',#7163,10.);
#1574=VECTOR('',#7164,10.);
#1575=VECTOR('',#7167,10.);
#1576=VECTOR('',#7168,10.);
#1577=VECTOR('',#7173,10.);
#1578=VECTOR('',#7176,10.);
#1579=VECTOR('',#7181,10.);
#1580=VECTOR('',#7184,10.);
#1581=VECTOR('',#7187,10.);
#1582=VECTOR('',#7188,10.);
#1583=VECTOR('',#7189,10.);
#1584=VECTOR('',#7194,10.);
#1585=VECTOR('',#7197,10.);
#1586=VECTOR('',#7200,10.);
#1587=VECTOR('',#7201,10.);
#1588=VECTOR('',#7202,10.);
#1589=VECTOR('',#7207,10.);
#1590=VECTOR('',#7214,3.);
#1591=VECTOR('',#7221,10.);
#1592=VECTOR('',#7224,10.);
#1593=VECTOR('',#7227,10.);
#1594=VECTOR('',#7230,10.);
#1595=VECTOR('',#7231,10.);
#1596=VECTOR('',#7234,10.);
#1597=VECTOR('',#7239,10.);
#1598=VECTOR('',#7240,10.);
#1599=VECTOR('',#7243,10.);
#1600=VECTOR('',#7248,10.);
#1601=VECTOR('',#7249,10.);
#1602=VECTOR('',#7252,10.);
#1603=VECTOR('',#7257,10.);
#1604=VECTOR('',#7266,4.);
#1605=VECTOR('',#7271,10.);
#1606=VECTOR('',#7274,10.);
#1607=VECTOR('',#7277,10.);
#1608=VECTOR('',#7282,10.);
#1609=VECTOR('',#7287,10.);
#1610=VECTOR('',#7288,10.);
#1611=VECTOR('',#7291,10.);
#1612=VECTOR('',#7296,10.);
#1613=VECTOR('',#7301,10.);
#1614=VECTOR('',#7306,10.);
#1615=VECTOR('',#7307,10.);
#1616=VECTOR('',#7310,10.);
#1617=VECTOR('',#7315,10.);
#1618=VECTOR('',#7316,10.);
#1619=VECTOR('',#7319,10.);
#1620=VECTOR('',#7324,10.);
#1621=VECTOR('',#7325,10.);
#1622=VECTOR('',#7328,10.);
#1623=VECTOR('',#7333,10.);
#1624=VECTOR('',#7338,10.);
#1625=VECTOR('',#7343,10.);
#1626=VECTOR('',#7344,10.);
#1627=VECTOR('',#7347,10.);
#1628=VECTOR('',#7352,10.);
#1629=VECTOR('',#7357,10.);
#1630=VECTOR('',#7362,10.);
#1631=VECTOR('',#7363,10.);
#1632=VECTOR('',#7366,10.);
#1633=VECTOR('',#7371,10.);
#1634=VECTOR('',#7376,10.);
#1635=VECTOR('',#7381,10.);
#1636=VECTOR('',#7382,10.);
#1637=VECTOR('',#7385,10.);
#1638=VECTOR('',#7390,10.);
#1639=VECTOR('',#7395,10.);
#1640=VECTOR('',#7400,10.);
#1641=VECTOR('',#7401,10.);
#1642=VECTOR('',#7404,10.);
#1643=VECTOR('',#7409,10.);
#1644=VECTOR('',#7410,10.);
#1645=VECTOR('',#7413,10.);
#1646=VECTOR('',#7418,10.);
#1647=VECTOR('',#7419,10.);
#1648=VECTOR('',#7422,10.);
#1649=VECTOR('',#7427,10.);
#1650=VECTOR('',#7432,10.);
#1651=VECTOR('',#7437,10.);
#1652=VECTOR('',#7438,10.);
#1653=VECTOR('',#7441,10.);
#1654=VECTOR('',#7446,10.);
#1655=VECTOR('',#7451,10.);
#1656=VECTOR('',#7456,10.);
#1657=VECTOR('',#7459,10.);
#1658=VECTOR('',#7462,10.);
#1659=VECTOR('',#7463,10.);
#1660=VECTOR('',#7466,10.);
#1661=VECTOR('',#7471,10.);
#1662=VECTOR('',#7474,10.);
#1663=VECTOR('',#7475,10.);
#1664=VECTOR('',#7476,10.);
#1665=VECTOR('',#7479,10.);
#1666=VECTOR('',#7486,10.);
#1667=VECTOR('',#7487,10.);
#1668=VECTOR('',#7490,10.);
#1669=VECTOR('',#7491,10.);
#1670=VECTOR('',#7496,10.);
#1671=VECTOR('',#7501,10.);
#1672=VECTOR('',#7502,10.);
#1673=VECTOR('',#7505,10.);
#1674=VECTOR('',#7506,10.);
#1675=VECTOR('',#7511,10.);
#1676=VECTOR('',#7514,10.);
#1677=VECTOR('',#7515,10.);
#1678=VECTOR('',#7516,10.);
#1679=VECTOR('',#7517,10.);
#1680=VECTOR('',#7520,10.);
#1681=VECTOR('',#7521,10.);
#1682=VECTOR('',#7522,10.);
#1683=VECTOR('',#7523,10.);
#1684=VECTOR('',#7526,10.);
#1685=VECTOR('',#7527,10.);
#1686=VECTOR('',#7528,10.);
#1687=VECTOR('',#7531,10.);
#1688=VECTOR('',#7532,10.);
#1689=VECTOR('',#7533,10.);
#1690=VECTOR('',#7536,10.);
#1691=VECTOR('',#7537,10.);
#1692=VECTOR('',#7540,10.);
#1693=VECTOR('',#7541,10.);
#1694=VECTOR('',#7544,10.);
#1695=VECTOR('',#7549,10.);
#1696=VECTOR('',#7550,10.);
#1697=VECTOR('',#7553,10.);
#1698=VECTOR('',#7556,10.);
#1699=VECTOR('',#7557,10.);
#1700=VECTOR('',#7560,10.);
#1701=VECTOR('',#7567,10.);
#1702=VECTOR('',#7570,10.);
#1703=VECTOR('',#7571,10.);
#1704=VECTOR('',#7578,10.);
#1705=VECTOR('',#7581,10.);
#1706=VECTOR('',#7594,2.1);
#1707=VECTOR('',#7601,4.);
#1708=VECTOR('',#7608,2.1);
#1709=VECTOR('',#7615,4.);
#1710=VECTOR('',#7624,6.);
#1711=VECTOR('',#7631,6.);
#1712=VECTOR('',#7652,2.1);
#1713=VECTOR('',#7659,4.);
#1714=VECTOR('',#7666,2.1);
#1715=VECTOR('',#7673,4.);
#1716=VECTOR('',#7680,2.1);
#1717=VECTOR('',#7687,4.);
#1718=VECTOR('',#7694,2.1);
#1719=VECTOR('',#7701,4.);
#1720=VECTOR('',#7710,3.5);
#1721=VECTOR('',#7715,2.625);
#1722=VECTOR('',#7722,2.);
#1723=VECTOR('',#7727,2.625);
#1724=VECTOR('',#7734,2.);
#1725=VECTOR('',#7739,2.625);
#1726=VECTOR('',#7746,2.);
#1727=VECTOR('',#7751,2.625);
#1728=VECTOR('',#7758,2.);
#1729=VECTOR('',#7761,3.25);
#1730=VECTOR('',#7764,3.25);
#1731=VECTOR('',#7767,3.25);
#1732=VECTOR('',#7770,3.25);
#1733=VECTOR('',#7775,10.);
#1734=VECTOR('',#7776,10.);
#1735=VECTOR('',#7779,10.);
#1736=VECTOR('',#7782,10.);
#1737=VECTOR('',#7785,10.);
#1738=VECTOR('',#7788,10.);
#1739=VECTOR('',#7795,10.);
#1740=VECTOR('',#7796,10.);
#1741=VECTOR('',#7797,10.);
#1742=VECTOR('',#7800,10.);
#1743=VECTOR('',#7803,10.);
#1744=VECTOR('',#7804,10.);
#1745=VECTOR('',#7815,10.);
#1746=VECTOR('',#7816,10.);
#1747=VECTOR('',#7823,10.);
#1748=VECTOR('',#7826,10.);
#1749=VECTOR('',#7853,10.);
#1750=VECTOR('',#7876,10.);
#1751=VECTOR('',#7899,10.);
#1752=VECTOR('',#7922,10.);
#1753=VECTOR('',#7933,10.);
#1754=VECTOR('',#7944,10.);
#1755=VECTOR('',#7967,10.);
#1756=VECTOR('',#7990,10.);
#1757=VECTOR('',#8013,10.);
#1758=VECTOR('',#8036,10.);
#1759=VECTOR('',#8047,10.);
#1760=VECTOR('',#8056,10.);
#1761=VECTOR('',#8059,10.);
#1762=VECTOR('',#8062,10.);
#1763=VECTOR('',#8065,10.);
#1764=VECTOR('',#8070,10.);
#1765=VECTOR('',#8071,10.);
#1766=VECTOR('',#8074,10.);
#1767=VECTOR('',#8079,10.);
#1768=VECTOR('',#8084,10.);
#1769=VECTOR('',#8089,10.);
#1770=VECTOR('',#8090,10.);
#1771=VECTOR('',#8093,10.);
#1772=VECTOR('',#8098,10.);
#1773=VECTOR('',#8103,10.);
#1774=VECTOR('',#8108,10.);
#1775=VECTOR('',#8109,10.);
#1776=VECTOR('',#8112,10.);
#1777=VECTOR('',#8117,10.);
#1778=VECTOR('',#8122,10.);
#1779=VECTOR('',#8127,10.);
#1780=VECTOR('',#8128,10.);
#1781=VECTOR('',#8131,10.);
#1782=VECTOR('',#8136,10.);
#1783=VECTOR('',#8137,10.);
#1784=VECTOR('',#8140,10.);
#1785=VECTOR('',#8145,10.);
#1786=VECTOR('',#8146,10.);
#1787=VECTOR('',#8149,10.);
#1788=VECTOR('',#8158,10.);
#1789=VECTOR('',#8165,10.);
#1790=VECTOR('',#8172,10.);
#1791=VECTOR('',#8179,10.);
#1792=VECTOR('',#8182,10.);
#1793=VECTOR('',#8185,10.);
#1794=VECTOR('',#8190,10.);
#1795=VECTOR('',#8193,10.);
#1796=VECTOR('',#8196,10.);
#1797=VECTOR('',#8197,10.);
#1798=VECTOR('',#8200,10.);
#1799=VECTOR('',#8203,10.);
#1800=VECTOR('',#8206,10.);
#1801=VECTOR('',#8209,10.);
#1802=VECTOR('',#8212,10.);
#1803=VECTOR('',#8215,10.);
#1804=VECTOR('',#8218,10.);
#1805=VECTOR('',#8221,10.);
#1806=VECTOR('',#8224,10.);
#1807=VECTOR('',#8227,10.);
#1808=VECTOR('',#8230,10.);
#1809=VECTOR('',#8233,10.);
#1810=VECTOR('',#8238,10.);
#1811=VECTOR('',#8241,10.);
#1812=VECTOR('',#8242,10.);
#1813=VECTOR('',#8251,2.1);
#1814=CIRCLE('',#5742,1.);
#1815=CIRCLE('',#5743,1.);
#1816=CIRCLE('',#5745,1.);
#1817=CIRCLE('',#5746,1.);
#1818=CIRCLE('',#5747,1.);
#1819=CIRCLE('',#5750,1.);
#1820=CIRCLE('',#5752,1.);
#1821=CIRCLE('',#5755,1.);
#1822=CIRCLE('',#5758,1.5);
#1823=CIRCLE('',#5759,1.5);
#1824=CIRCLE('',#5762,1.5);
#1825=CIRCLE('',#5763,1.5);
#1826=CIRCLE('',#5767,3.);
#1827=CIRCLE('',#5768,3.);
#1828=CIRCLE('',#5771,3.);
#1829=CIRCLE('',#5772,3.);
#1830=CIRCLE('',#5774,5.5);
#1831=CIRCLE('',#5775,3.);
#1832=CIRCLE('',#5776,1.5);
#1833=CIRCLE('',#5777,1.5);
#1834=CIRCLE('',#5778,3.);
#1835=CIRCLE('',#5779,2.1);
#1836=CIRCLE('',#5782,3.99999999999997);
#1837=CIRCLE('',#5783,3.99999999999999);
#1838=CIRCLE('',#5784,2.);
#1839=CIRCLE('',#5785,8.5);
#1840=CIRCLE('',#5786,2.);
#1841=CIRCLE('',#5787,2.);
#1842=CIRCLE('',#5788,8.5);
#1843=CIRCLE('',#5789,2.);
#1844=CIRCLE('',#5790,2.);
#1845=CIRCLE('',#5791,8.5);
#1846=CIRCLE('',#5792,2.);
#1847=CIRCLE('',#5793,2.);
#1848=CIRCLE('',#5794,8.5);
#1849=CIRCLE('',#5795,2.);
#1850=CIRCLE('',#5796,4.);
#1851=CIRCLE('',#5797,4.);
#1852=CIRCLE('',#5798,2.);
#1853=CIRCLE('',#5799,8.5);
#1854=CIRCLE('',#5800,2.);
#1855=CIRCLE('',#5801,2.);
#1856=CIRCLE('',#5802,8.5);
#1857=CIRCLE('',#5803,2.);
#1858=CIRCLE('',#5804,2.);
#1859=CIRCLE('',#5805,8.5);
#1860=CIRCLE('',#5806,2.);
#1861=CIRCLE('',#5807,2.);
#1862=CIRCLE('',#5808,8.5);
#1863=CIRCLE('',#5809,2.);
#1864=CIRCLE('',#5810,3.);
#1865=CIRCLE('',#5811,3.);
#1866=CIRCLE('',#5812,5.5);
#1867=CIRCLE('',#5813,3.25);
#1868=CIRCLE('',#5814,3.25);
#1869=CIRCLE('',#5815,3.25);
#1870=CIRCLE('',#5816,3.25);
#1871=CIRCLE('',#5817,3.25);
#1872=CIRCLE('',#5818,3.25);
#1873=CIRCLE('',#5819,3.25);
#1874=CIRCLE('',#5820,3.25);
#1875=CIRCLE('',#5821,3.00000000000001);
#1876=CIRCLE('',#5822,2.99999999999998);
#1877=CIRCLE('',#5823,2.99999999999998);
#1878=CIRCLE('',#5824,3.);
#1879=CIRCLE('',#5825,3.25);
#1880=CIRCLE('',#5826,3.25);
#1881=CIRCLE('',#5827,3.25);
#1882=CIRCLE('',#5828,3.25);
#1883=CIRCLE('',#5830,1.5);
#1884=CIRCLE('',#5831,1.5);
#1885=CIRCLE('',#5832,4.);
#1886=CIRCLE('',#5833,4.);
#1887=CIRCLE('',#5834,4.);
#1888=CIRCLE('',#5835,4.);
#1889=CIRCLE('',#5840,2.28113658204737);
#1890=CIRCLE('',#5841,2.28113658204737);
#1891=CIRCLE('',#5843,2.28591545551946);
#1892=CIRCLE('',#5844,2.28591545551946);
#1893=CIRCLE('',#5848,1.5);
#1894=CIRCLE('',#5849,1.5);
#1895=CIRCLE('',#5850,9.);
#1896=CIRCLE('',#5851,1.5);
#1897=CIRCLE('',#5852,1.5);
#1898=CIRCLE('',#5853,9.);
#1899=CIRCLE('',#5854,1.5);
#1900=CIRCLE('',#5855,3.5);
#1901=CIRCLE('',#5856,3.5);
#1902=CIRCLE('',#5857,1.5);
#1903=CIRCLE('',#5858,9.);
#1904=CIRCLE('',#5859,1.5);
#1905=CIRCLE('',#5860,1.5);
#1906=CIRCLE('',#5861,9.);
#1907=CIRCLE('',#5862,1.5);
#1908=CIRCLE('',#5863,1.5);
#1909=CIRCLE('',#5864,9.00000000000001);
#1910=CIRCLE('',#5865,1.5);
#1911=CIRCLE('',#5866,1.5);
#1912=CIRCLE('',#5867,9.);
#1913=CIRCLE('',#5868,1.5);
#1914=CIRCLE('',#5869,3.49999999999999);
#1915=CIRCLE('',#5870,3.49999999999997);
#1916=CIRCLE('',#5871,1.5);
#1917=CIRCLE('',#5872,9.);
#1918=CIRCLE('',#5873,1.5);
#1919=CIRCLE('',#5874,1.5);
#1920=CIRCLE('',#5875,9.00000000000001);
#1921=CIRCLE('',#5876,7.5);
#1922=CIRCLE('',#5877,10.5);
#1923=CIRCLE('',#5878,10.5);
#1924=CIRCLE('',#5879,10.5);
#1925=CIRCLE('',#5880,10.5);
#1926=CIRCLE('',#5881,7.);
#1927=CIRCLE('',#5882,7.);
#1928=CIRCLE('',#5883,10.5);
#1929=CIRCLE('',#5884,10.5);
#1930=CIRCLE('',#5885,10.5);
#1931=CIRCLE('',#5886,10.5);
#1932=CIRCLE('',#5887,7.5);
#1933=CIRCLE('',#5888,7.5);
#1934=CIRCLE('',#5889,6.5);
#1935=CIRCLE('',#5890,6.5);
#1936=CIRCLE('',#5891,7.5);
#1937=CIRCLE('',#5892,2.);
#1938=CIRCLE('',#5893,2.);
#1939=CIRCLE('',#5894,2.);
#1940=CIRCLE('',#5895,2.);
#1941=CIRCLE('',#5896,2.);
#1942=CIRCLE('',#5897,2.);
#1943=CIRCLE('',#5898,2.);
#1944=CIRCLE('',#5899,2.);
#1945=CIRCLE('',#5901,2.);
#1946=CIRCLE('',#5902,2.);
#1947=CIRCLE('',#5903,2.);
#1948=CIRCLE('',#5904,2.);
#1949=CIRCLE('',#5909,7.5);
#1950=CIRCLE('',#5911,7.5);
#1951=CIRCLE('',#5913,2.);
#1952=CIRCLE('',#5914,2.);
#1953=CIRCLE('',#5915,2.);
#1954=CIRCLE('',#5916,2.);
#1955=CIRCLE('',#5917,7.5);
#1956=CIRCLE('',#5918,10.5);
#1957=CIRCLE('',#5919,10.5);
#1958=CIRCLE('',#5920,10.5);
#1959=CIRCLE('',#5921,10.5);
#1960=CIRCLE('',#5922,7.);
#1961=CIRCLE('',#5923,7.);
#1962=CIRCLE('',#5924,10.5);
#1963=CIRCLE('',#5925,10.5);
#1964=CIRCLE('',#5926,10.5);
#1965=CIRCLE('',#5927,10.5);
#1966=CIRCLE('',#5929,6.5);
#1967=CIRCLE('',#5930,6.5);
#1968=CIRCLE('',#5931,7.5);
#1969=CIRCLE('',#5932,4.);
#1970=CIRCLE('',#5933,4.);
#1971=CIRCLE('',#5934,4.);
#1972=CIRCLE('',#5935,4.);
#1973=CIRCLE('',#5936,4.);
#1974=CIRCLE('',#5937,4.);
#1975=CIRCLE('',#5938,4.);
#1976=CIRCLE('',#5939,4.);
#1977=CIRCLE('',#5940,4.);
#1978=CIRCLE('',#5941,4.);
#1979=CIRCLE('',#5942,4.);
#1980=CIRCLE('',#5945,2.);
#1981=CIRCLE('',#5946,2.);
#1982=CIRCLE('',#5947,3.25);
#1983=CIRCLE('',#5948,3.25);
#1984=CIRCLE('',#5951,2.);
#1985=CIRCLE('',#5952,2.);
#1986=CIRCLE('',#5953,3.25);
#1987=CIRCLE('',#5954,3.25);
#1988=CIRCLE('',#5961,6.5);
#1989=CIRCLE('',#5962,2.);
#1990=CIRCLE('',#5963,8.5);
#1991=CIRCLE('',#5966,3.5);
#1992=CIRCLE('',#5981,6.);
#1993=CIRCLE('',#5982,6.);
#1994=CIRCLE('',#5987,6.5);
#1995=CIRCLE('',#5988,6.5);
#1996=CIRCLE('',#5996,6.5);
#1997=CIRCLE('',#5999,6.5);
#1998=CIRCLE('',#6002,3.);
#1999=CIRCLE('',#6003,3.);
#2000=CIRCLE('',#6006,3.);
#2001=CIRCLE('',#6007,3.);
#2002=CIRCLE('',#6010,6.);
#2003=CIRCLE('',#6011,3.);
#2004=CIRCLE('',#6013,3.);
#2005=CIRCLE('',#6015,6.);
#2006=CIRCLE('',#6018,3.00000000000001);
#2007=CIRCLE('',#6021,3.);
#2008=CIRCLE('',#6024,2.99999999999998);
#2009=CIRCLE('',#6027,2.99999999999998);
#2010=CIRCLE('',#6031,4.);
#2011=CIRCLE('',#6032,4.);
#2012=CIRCLE('',#6035,1.5);
#2013=CIRCLE('',#6037,9.00000000000001);
#2014=CIRCLE('',#6039,1.5);
#2015=CIRCLE('',#6042,1.5);
#2016=CIRCLE('',#6044,9.);
#2017=CIRCLE('',#6046,1.5);
#2018=CIRCLE('',#6049,3.49999999999997);
#2019=CIRCLE('',#6052,3.49999999999999);
#2020=CIRCLE('',#6055,1.5);
#2021=CIRCLE('',#6057,9.);
#2022=CIRCLE('',#6059,1.5);
#2023=CIRCLE('',#6062,1.5);
#2024=CIRCLE('',#6064,9.00000000000001);
#2025=CIRCLE('',#6066,1.5);
#2026=CIRCLE('',#6069,1.5);
#2027=CIRCLE('',#6071,9.);
#2028=CIRCLE('',#6073,1.5);
#2029=CIRCLE('',#6076,1.5);
#2030=CIRCLE('',#6078,9.);
#2031=CIRCLE('',#6080,1.5);
#2032=CIRCLE('',#6083,3.5);
#2033=CIRCLE('',#6086,3.5);
#2034=CIRCLE('',#6089,1.5);
#2035=CIRCLE('',#6091,9.);
#2036=CIRCLE('',#6093,1.5);
#2037=CIRCLE('',#6096,1.5);
#2038=CIRCLE('',#6098,9.);
#2039=CIRCLE('',#6100,1.5);
#2040=CIRCLE('',#6105,4.);
#2041=CIRCLE('',#6111,2.);
#2042=CIRCLE('',#6114,2.);
#2043=CIRCLE('',#6116,2.);
#2044=CIRCLE('',#6119,2.);
#2045=CIRCLE('',#6128,2.);
#2046=CIRCLE('',#6130,2.);
#2047=CIRCLE('',#6134,2.);
#2048=CIRCLE('',#6137,2.);
#2049=CIRCLE('',#6141,2.1);
#2050=CIRCLE('',#6143,2.1);
#2051=CIRCLE('',#6145,2.1);
#2052=CIRCLE('',#6147,4.);
#2053=CIRCLE('',#6148,4.);
#2054=CIRCLE('',#6151,2.1);
#2055=CIRCLE('',#6153,4.);
#2056=CIRCLE('',#6154,4.);
#2057=CIRCLE('',#6157,6.);
#2058=CIRCLE('',#6158,6.);
#2059=CIRCLE('',#6160,6.);
#2060=CIRCLE('',#6161,6.);
#2061=CIRCLE('',#6163,2.1);
#2062=CIRCLE('',#6165,2.1);
#2063=CIRCLE('',#6167,2.1);
#2064=CIRCLE('',#6169,2.1);
#2065=CIRCLE('',#6171,2.1);
#2066=CIRCLE('',#6173,4.);
#2067=CIRCLE('',#6174,4.);
#2068=CIRCLE('',#6177,2.1);
#2069=CIRCLE('',#6179,4.);
#2070=CIRCLE('',#6180,4.);
#2071=CIRCLE('',#6183,2.1);
#2072=CIRCLE('',#6185,4.);
#2073=CIRCLE('',#6186,4.);
#2074=CIRCLE('',#6189,2.1);
#2075=CIRCLE('',#6191,4.);
#2076=CIRCLE('',#6192,4.);
#2077=CIRCLE('',#6195,3.5);
#2078=CIRCLE('',#6196,3.5);
#2079=CIRCLE('',#6198,2.);
#2080=CIRCLE('',#6199,3.25);
#2081=CIRCLE('',#6200,3.25);
#2082=CIRCLE('',#6203,2.);
#2083=CIRCLE('',#6204,3.25);
#2084=CIRCLE('',#6205,3.25);
#2085=CIRCLE('',#6208,2.);
#2086=CIRCLE('',#6209,3.25);
#2087=CIRCLE('',#6210,3.25);
#2088=CIRCLE('',#6213,2.);
#2089=CIRCLE('',#6214,3.25);
#2090=CIRCLE('',#6215,3.25);
#2091=CIRCLE('',#6243,0.999999999999996);
#2092=CIRCLE('',#6244,1.);
#2093=CIRCLE('',#6245,3.);
#2094=CIRCLE('',#6247,1.);
#2095=CIRCLE('',#6248,7.5);
#2096=CIRCLE('',#6250,1.);
#2097=CIRCLE('',#6251,3.);
#2098=CIRCLE('',#6253,1.);
#2099=CIRCLE('',#6255,1.);
#2100=CIRCLE('',#6256,3.);
#2101=CIRCLE('',#6258,1.);
#2102=CIRCLE('',#6259,7.5);
#2103=CIRCLE('',#6261,1.);
#2104=CIRCLE('',#6262,3.);
#2105=CIRCLE('',#6264,1.);
#2106=CIRCLE('',#6266,1.);
#2107=CIRCLE('',#6267,3.);
#2108=CIRCLE('',#6269,1.);
#2109=CIRCLE('',#6270,7.5);
#2110=CIRCLE('',#6272,1.);
#2111=CIRCLE('',#6273,3.);
#2112=CIRCLE('',#6275,1.);
#2113=CIRCLE('',#6277,1.);
#2114=CIRCLE('',#6278,3.);
#2115=CIRCLE('',#6280,1.);
#2116=CIRCLE('',#6281,7.5);
#2117=CIRCLE('',#6283,1.);
#2118=CIRCLE('',#6284,3.);
#2119=CIRCLE('',#6286,1.);
#2120=CIRCLE('',#6288,1.);
#2121=CIRCLE('',#6289,5.);
#2122=CIRCLE('',#6291,1.);
#2123=CIRCLE('',#6293,1.);
#2124=CIRCLE('',#6294,5.);
#2125=CIRCLE('',#6296,1.);
#2126=CIRCLE('',#6298,1.);
#2127=CIRCLE('',#6299,3.);
#2128=CIRCLE('',#6301,1.);
#2129=CIRCLE('',#6302,7.5);
#2130=CIRCLE('',#6304,1.);
#2131=CIRCLE('',#6305,3.);
#2132=CIRCLE('',#6307,1.);
#2133=CIRCLE('',#6309,1.);
#2134=CIRCLE('',#6310,3.);
#2135=CIRCLE('',#6312,1.);
#2136=CIRCLE('',#6313,7.5);
#2137=CIRCLE('',#6315,1.);
#2138=CIRCLE('',#6316,3.);
#2139=CIRCLE('',#6318,1.);
#2140=CIRCLE('',#6320,1.);
#2141=CIRCLE('',#6321,3.);
#2142=CIRCLE('',#6323,1.);
#2143=CIRCLE('',#6324,7.5);
#2144=CIRCLE('',#6326,1.);
#2145=CIRCLE('',#6327,3.);
#2146=CIRCLE('',#6329,1.);
#2147=CIRCLE('',#6331,1.);
#2148=CIRCLE('',#6332,3.);
#2149=CIRCLE('',#6334,1.);
#2150=CIRCLE('',#6335,7.5);
#2151=CIRCLE('',#6337,1.);
#2152=CIRCLE('',#6338,3.);
#2153=CIRCLE('',#6340,1.);
#2154=CIRCLE('',#6342,1.);
#2155=CIRCLE('',#6343,4.99999999999999);
#2156=CIRCLE('',#6345,1.);
#2157=CIRCLE('',#6347,1.);
#2158=CIRCLE('',#6348,4.99999999999997);
#2159=CIRCLE('',#6351,7.5);
#2160=CIRCLE('',#6353,3.);
#2161=CIRCLE('',#6356,3.);
#2162=CIRCLE('',#6358,7.5);
#2163=CIRCLE('',#6360,3.);
#2164=CIRCLE('',#6363,3.);
#2165=CIRCLE('',#6365,7.5);
#2166=CIRCLE('',#6367,3.);
#2167=CIRCLE('',#6370,3.);
#2168=CIRCLE('',#6372,7.5);
#2169=CIRCLE('',#6374,3.);
#2170=CIRCLE('',#6377,4.99999999999999);
#2171=CIRCLE('',#6380,4.99999999999997);
#2172=CIRCLE('',#6383,3.);
#2173=CIRCLE('',#6385,7.5);
#2174=CIRCLE('',#6386,3.);
#2175=CIRCLE('',#6387,3.);
#2176=CIRCLE('',#6388,7.5);
#2177=CIRCLE('',#6389,3.);
#2178=CIRCLE('',#6390,3.);
#2179=CIRCLE('',#6391,7.5);
#2180=CIRCLE('',#6392,3.);
#2181=CIRCLE('',#6393,3.);
#2182=CIRCLE('',#6394,7.5);
#2183=CIRCLE('',#6395,3.);
#2184=CIRCLE('',#6396,5.);
#2185=CIRCLE('',#6397,5.);
#2186=CIRCLE('',#6398,3.);
#2187=CIRCLE('',#6420,2.1);
#2188=VERTEX_POINT('',#8256);
#2189=VERTEX_POINT('',#8257);
#2190=VERTEX_POINT('',#8259);
#2191=VERTEX_POINT('',#8261);
#2192=VERTEX_POINT('',#8265);
#2193=VERTEX_POINT('',#8267);
#2194=VERTEX_POINT('',#8269);
#2195=VERTEX_POINT('',#8271);
#2196=VERTEX_POINT('',#8273);
#2197=VERTEX_POINT('',#8275);
#2198=VERTEX_POINT('',#8277);
#2199=VERTEX_POINT('',#8279);
#2200=VERTEX_POINT('',#8281);
#2201=VERTEX_POINT('',#8283);
#2202=VERTEX_POINT('',#8285);
#2203=VERTEX_POINT('',#8287);
#2204=VERTEX_POINT('',#8291);
#2205=VERTEX_POINT('',#8295);
#2206=VERTEX_POINT('',#8299);
#2207=VERTEX_POINT('',#8301);
#2208=VERTEX_POINT('',#8305);
#2209=VERTEX_POINT('',#8309);
#2210=VERTEX_POINT('',#8313);
#2211=VERTEX_POINT('',#8315);
#2212=VERTEX_POINT('',#8317);
#2213=VERTEX_POINT('',#8319);
#2214=VERTEX_POINT('',#8321);
#2215=VERTEX_POINT('',#8323);
#2216=VERTEX_POINT('',#8328);
#2217=VERTEX_POINT('',#8329);
#2218=VERTEX_POINT('',#8331);
#2219=VERTEX_POINT('',#8333);
#2220=VERTEX_POINT('',#8337);
#2221=VERTEX_POINT('',#8339);
#2222=VERTEX_POINT('',#8343);
#2223=VERTEX_POINT('',#8345);
#2224=VERTEX_POINT('',#8349);
#2225=VERTEX_POINT('',#8351);
#2226=VERTEX_POINT('',#8356);
#2227=VERTEX_POINT('',#8357);
#2228=VERTEX_POINT('',#8359);
#2229=VERTEX_POINT('',#8361);
#2230=VERTEX_POINT('',#8365);
#2231=VERTEX_POINT('',#8367);
#2232=VERTEX_POINT('',#8371);
#2233=VERTEX_POINT('',#8372);
#2234=VERTEX_POINT('',#8374);
#2235=VERTEX_POINT('',#8376);
#2236=VERTEX_POINT('',#8380);
#2237=VERTEX_POINT('',#8382);
#2238=VERTEX_POINT('',#8384);
#2239=VERTEX_POINT('',#8386);
#2240=VERTEX_POINT('',#8388);
#2241=VERTEX_POINT('',#8390);
#2242=VERTEX_POINT('',#8393);
#2243=VERTEX_POINT('',#8395);
#2244=VERTEX_POINT('',#8397);
#2245=VERTEX_POINT('',#8399);
#2246=VERTEX_POINT('',#8401);
#2247=VERTEX_POINT('',#8403);
#2248=VERTEX_POINT('',#8406);
#2249=VERTEX_POINT('',#8408);
#2250=VERTEX_POINT('',#8410);
#2251=VERTEX_POINT('',#8412);
#2252=VERTEX_POINT('',#8415);
#2253=VERTEX_POINT('',#8418);
#2254=VERTEX_POINT('',#8422);
#2255=VERTEX_POINT('',#8423);
#2256=VERTEX_POINT('',#8425);
#2257=VERTEX_POINT('',#8427);
#2258=VERTEX_POINT('',#8429);
#2259=VERTEX_POINT('',#8431);
#2260=VERTEX_POINT('',#8433);
#2261=VERTEX_POINT('',#8435);
#2262=VERTEX_POINT('',#8437);
#2263=VERTEX_POINT('',#8439);
#2264=VERTEX_POINT('',#8441);
#2265=VERTEX_POINT('',#8443);
#2266=VERTEX_POINT('',#8445);
#2267=VERTEX_POINT('',#8447);
#2268=VERTEX_POINT('',#8449);
#2269=VERTEX_POINT('',#8451);
#2270=VERTEX_POINT('',#8453);
#2271=VERTEX_POINT('',#8455);
#2272=VERTEX_POINT('',#8457);
#2273=VERTEX_POINT('',#8459);
#2274=VERTEX_POINT('',#8461);
#2275=VERTEX_POINT('',#8463);
#2276=VERTEX_POINT('',#8465);
#2277=VERTEX_POINT('',#8467);
#2278=VERTEX_POINT('',#8469);
#2279=VERTEX_POINT('',#8471);
#2280=VERTEX_POINT('',#8473);
#2281=VERTEX_POINT('',#8475);
#2282=VERTEX_POINT('',#8477);
#2283=VERTEX_POINT('',#8479);
#2284=VERTEX_POINT('',#8481);
#2285=VERTEX_POINT('',#8483);
#2286=VERTEX_POINT('',#8485);
#2287=VERTEX_POINT('',#8487);
#2288=VERTEX_POINT('',#8489);
#2289=VERTEX_POINT('',#8491);
#2290=VERTEX_POINT('',#8493);
#2291=VERTEX_POINT('',#8495);
#2292=VERTEX_POINT('',#8497);
#2293=VERTEX_POINT('',#8499);
#2294=VERTEX_POINT('',#8502);
#2295=VERTEX_POINT('',#8504);
#2296=VERTEX_POINT('',#8507);
#2297=VERTEX_POINT('',#8509);
#2298=VERTEX_POINT('',#8511);
#2299=VERTEX_POINT('',#8513);
#2300=VERTEX_POINT('',#8515);
#2301=VERTEX_POINT('',#8517);
#2302=VERTEX_POINT('',#8520);
#2303=VERTEX_POINT('',#8521);
#2304=VERTEX_POINT('',#8524);
#2305=VERTEX_POINT('',#8525);
#2306=VERTEX_POINT('',#8528);
#2307=VERTEX_POINT('',#8529);
#2308=VERTEX_POINT('',#8532);
#2309=VERTEX_POINT('',#8533);
#2310=VERTEX_POINT('',#8536);
#2311=VERTEX_POINT('',#8537);
#2312=VERTEX_POINT('',#8539);
#2313=VERTEX_POINT('',#8541);
#2314=VERTEX_POINT('',#8543);
#2315=VERTEX_POINT('',#8545);
#2316=VERTEX_POINT('',#8547);
#2317=VERTEX_POINT('',#8549);
#2318=VERTEX_POINT('',#8552);
#2319=VERTEX_POINT('',#8553);
#2320=VERTEX_POINT('',#8556);
#2321=VERTEX_POINT('',#8557);
#2322=VERTEX_POINT('',#8561);
#2323=VERTEX_POINT('',#8563);
#2324=VERTEX_POINT('',#8565);
#2325=VERTEX_POINT('',#8568);
#2326=VERTEX_POINT('',#8569);
#2327=VERTEX_POINT('',#8572);
#2328=VERTEX_POINT('',#8573);
#2329=VERTEX_POINT('',#8579);
#2330=VERTEX_POINT('',#8581);
#2331=VERTEX_POINT('',#8583);
#2332=VERTEX_POINT('',#8585);
#2333=VERTEX_POINT('',#8589);
#2334=VERTEX_POINT('',#8590);
#2335=VERTEX_POINT('',#8592);
#2336=VERTEX_POINT('',#8594);
#2337=VERTEX_POINT('',#8601);
#2338=VERTEX_POINT('',#8603);
#2339=VERTEX_POINT('',#8607);
#2340=VERTEX_POINT('',#8609);
#2341=VERTEX_POINT('',#8613);
#2342=VERTEX_POINT('',#8615);
#2343=VERTEX_POINT('',#8619);
#2344=VERTEX_POINT('',#8620);
#2345=VERTEX_POINT('',#8622);
#2346=VERTEX_POINT('',#8624);
#2347=VERTEX_POINT('',#8626);
#2348=VERTEX_POINT('',#8628);
#2349=VERTEX_POINT('',#8630);
#2350=VERTEX_POINT('',#8632);
#2351=VERTEX_POINT('',#8634);
#2352=VERTEX_POINT('',#8636);
#2353=VERTEX_POINT('',#8638);
#2354=VERTEX_POINT('',#8640);
#2355=VERTEX_POINT('',#8642);
#2356=VERTEX_POINT('',#8644);
#2357=VERTEX_POINT('',#8646);
#2358=VERTEX_POINT('',#8648);
#2359=VERTEX_POINT('',#8650);
#2360=VERTEX_POINT('',#8652);
#2361=VERTEX_POINT('',#8654);
#2362=VERTEX_POINT('',#8656);
#2363=VERTEX_POINT('',#8658);
#2364=VERTEX_POINT('',#8660);
#2365=VERTEX_POINT('',#8662);
#2366=VERTEX_POINT('',#8664);
#2367=VERTEX_POINT('',#8666);
#2368=VERTEX_POINT('',#8668);
#2369=VERTEX_POINT('',#8670);
#2370=VERTEX_POINT('',#8672);
#2371=VERTEX_POINT('',#8674);
#2372=VERTEX_POINT('',#8676);
#2373=VERTEX_POINT('',#8678);
#2374=VERTEX_POINT('',#8680);
#2375=VERTEX_POINT('',#8682);
#2376=VERTEX_POINT('',#8684);
#2377=VERTEX_POINT('',#8686);
#2378=VERTEX_POINT('',#8688);
#2379=VERTEX_POINT('',#8690);
#2380=VERTEX_POINT('',#8692);
#2381=VERTEX_POINT('',#8694);
#2382=VERTEX_POINT('',#8696);
#2383=VERTEX_POINT('',#8699);
#2384=VERTEX_POINT('',#8701);
#2385=VERTEX_POINT('',#8703);
#2386=VERTEX_POINT('',#8705);
#2387=VERTEX_POINT('',#8707);
#2388=VERTEX_POINT('',#8709);
#2389=VERTEX_POINT('',#8711);
#2390=VERTEX_POINT('',#8713);
#2391=VERTEX_POINT('',#8715);
#2392=VERTEX_POINT('',#8717);
#2393=VERTEX_POINT('',#8719);
#2394=VERTEX_POINT('',#8721);
#2395=VERTEX_POINT('',#8723);
#2396=VERTEX_POINT('',#8725);
#2397=VERTEX_POINT('',#8727);
#2398=VERTEX_POINT('',#8729);
#2399=VERTEX_POINT('',#8731);
#2400=VERTEX_POINT('',#8733);
#2401=VERTEX_POINT('',#8735);
#2402=VERTEX_POINT('',#8737);
#2403=VERTEX_POINT('',#8739);
#2404=VERTEX_POINT('',#8741);
#2405=VERTEX_POINT('',#8743);
#2406=VERTEX_POINT('',#8745);
#2407=VERTEX_POINT('',#8747);
#2408=VERTEX_POINT('',#8750);
#2409=VERTEX_POINT('',#8752);
#2410=VERTEX_POINT('',#8754);
#2411=VERTEX_POINT('',#8756);
#2412=VERTEX_POINT('',#8758);
#2413=VERTEX_POINT('',#8760);
#2414=VERTEX_POINT('',#8762);
#2415=VERTEX_POINT('',#8764);
#2416=VERTEX_POINT('',#8766);
#2417=VERTEX_POINT('',#8768);
#2418=VERTEX_POINT('',#8771);
#2419=VERTEX_POINT('',#8772);
#2420=VERTEX_POINT('',#8775);
#2421=VERTEX_POINT('',#8776);
#2422=VERTEX_POINT('',#8779);
#2423=VERTEX_POINT('',#8781);
#2424=VERTEX_POINT('',#8783);
#2425=VERTEX_POINT('',#8785);
#2426=VERTEX_POINT('',#8788);
#2427=VERTEX_POINT('',#8790);
#2428=VERTEX_POINT('',#8792);
#2429=VERTEX_POINT('',#8794);
#2430=VERTEX_POINT('',#8796);
#2431=VERTEX_POINT('',#8798);
#2432=VERTEX_POINT('',#8800);
#2433=VERTEX_POINT('',#8802);
#2434=VERTEX_POINT('',#8804);
#2435=VERTEX_POINT('',#8806);
#2436=VERTEX_POINT('',#8808);
#2437=VERTEX_POINT('',#8810);
#2438=VERTEX_POINT('',#8814);
#2439=VERTEX_POINT('',#8818);
#2440=VERTEX_POINT('',#8822);
#2441=VERTEX_POINT('',#8826);
#2442=VERTEX_POINT('',#8830);
#2443=VERTEX_POINT('',#8834);
#2444=VERTEX_POINT('',#8836);
#2445=VERTEX_POINT('',#8838);
#2446=VERTEX_POINT('',#8840);
#2447=VERTEX_POINT('',#8843);
#2448=VERTEX_POINT('',#8845);
#2449=VERTEX_POINT('',#8847);
#2450=VERTEX_POINT('',#8849);
#2451=VERTEX_POINT('',#8852);
#2452=VERTEX_POINT('',#8854);
#2453=VERTEX_POINT('',#8856);
#2454=VERTEX_POINT('',#8858);
#2455=VERTEX_POINT('',#8860);
#2456=VERTEX_POINT('',#8862);
#2457=VERTEX_POINT('',#8864);
#2458=VERTEX_POINT('',#8866);
#2459=VERTEX_POINT('',#8868);
#2460=VERTEX_POINT('',#8870);
#2461=VERTEX_POINT('',#8872);
#2462=VERTEX_POINT('',#8874);
#2463=VERTEX_POINT('',#8876);
#2464=VERTEX_POINT('',#8878);
#2465=VERTEX_POINT('',#8880);
#2466=VERTEX_POINT('',#8882);
#2467=VERTEX_POINT('',#8884);
#2468=VERTEX_POINT('',#8886);
#2469=VERTEX_POINT('',#8888);
#2470=VERTEX_POINT('',#8890);
#2471=VERTEX_POINT('',#8892);
#2472=VERTEX_POINT('',#8894);
#2473=VERTEX_POINT('',#8896);
#2474=VERTEX_POINT('',#8900);
#2475=VERTEX_POINT('',#8902);
#2476=VERTEX_POINT('',#8904);
#2477=VERTEX_POINT('',#8906);
#2478=VERTEX_POINT('',#8908);
#2479=VERTEX_POINT('',#8910);
#2480=VERTEX_POINT('',#8912);
#2481=VERTEX_POINT('',#8914);
#2482=VERTEX_POINT('',#8916);
#2483=VERTEX_POINT('',#8919);
#2484=VERTEX_POINT('',#8921);
#2485=VERTEX_POINT('',#8924);
#2486=VERTEX_POINT('',#8925);
#2487=VERTEX_POINT('',#8928);
#2488=VERTEX_POINT('',#8929);
#2489=VERTEX_POINT('',#8932);
#2490=VERTEX_POINT('',#8933);
#2491=VERTEX_POINT('',#8936);
#2492=VERTEX_POINT('',#8937);
#2493=VERTEX_POINT('',#8940);
#2494=VERTEX_POINT('',#8941);
#2495=VERTEX_POINT('',#8947);
#2496=VERTEX_POINT('',#8948);
#2497=VERTEX_POINT('',#8951);
#2498=VERTEX_POINT('',#8953);
#2499=VERTEX_POINT('',#8959);
#2500=VERTEX_POINT('',#8960);
#2501=VERTEX_POINT('',#8963);
#2502=VERTEX_POINT('',#8965);
#2503=VERTEX_POINT('',#8979);
#2504=VERTEX_POINT('',#8981);
#2505=VERTEX_POINT('',#8988);
#2506=VERTEX_POINT('',#8991);
#2507=VERTEX_POINT('',#8992);
#2508=VERTEX_POINT('',#8994);
#2509=VERTEX_POINT('',#8996);
#2510=VERTEX_POINT('',#9000);
#2511=VERTEX_POINT('',#9002);
#2512=VERTEX_POINT('',#9006);
#2513=VERTEX_POINT('',#9007);
#2514=VERTEX_POINT('',#9009);
#2515=VERTEX_POINT('',#9011);
#2516=VERTEX_POINT('',#9015);
#2517=VERTEX_POINT('',#9017);
#2518=VERTEX_POINT('',#9041);
#2519=VERTEX_POINT('',#9043);
#2520=VERTEX_POINT('',#9053);
#2521=VERTEX_POINT('',#9054);
#2522=VERTEX_POINT('',#9056);
#2523=VERTEX_POINT('',#9058);
#2524=VERTEX_POINT('',#9073);
#2525=VERTEX_POINT('',#9074);
#2526=VERTEX_POINT('',#9079);
#2527=VERTEX_POINT('',#9083);
#2528=VERTEX_POINT('',#9089);
#2529=VERTEX_POINT('',#9090);
#2530=VERTEX_POINT('',#9092);
#2531=VERTEX_POINT('',#9094);
#2532=VERTEX_POINT('',#9098);
#2533=VERTEX_POINT('',#9100);
#2534=VERTEX_POINT('',#9104);
#2535=VERTEX_POINT('',#9105);
#2536=VERTEX_POINT('',#9107);
#2537=VERTEX_POINT('',#9109);
#2538=VERTEX_POINT('',#9113);
#2539=VERTEX_POINT('',#9115);
#2540=VERTEX_POINT('',#9121);
#2541=VERTEX_POINT('',#9124);
#2542=VERTEX_POINT('',#9132);
#2543=VERTEX_POINT('',#9134);
#2544=VERTEX_POINT('',#9138);
#2545=VERTEX_POINT('',#9142);
#2546=VERTEX_POINT('',#9146);
#2547=VERTEX_POINT('',#9150);
#2548=VERTEX_POINT('',#9154);
#2549=VERTEX_POINT('',#9158);
#2550=VERTEX_POINT('',#9165);
#2551=VERTEX_POINT('',#9166);
#2552=VERTEX_POINT('',#9172);
#2553=VERTEX_POINT('',#9174);
#2554=VERTEX_POINT('',#9178);
#2555=VERTEX_POINT('',#9182);
#2556=VERTEX_POINT('',#9186);
#2557=VERTEX_POINT('',#9190);
#2558=VERTEX_POINT('',#9194);
#2559=VERTEX_POINT('',#9198);
#2560=VERTEX_POINT('',#9202);
#2561=VERTEX_POINT('',#9206);
#2562=VERTEX_POINT('',#9210);
#2563=VERTEX_POINT('',#9214);
#2564=VERTEX_POINT('',#9218);
#2565=VERTEX_POINT('',#9222);
#2566=VERTEX_POINT('',#9226);
#2567=VERTEX_POINT('',#9230);
#2568=VERTEX_POINT('',#9234);
#2569=VERTEX_POINT('',#9238);
#2570=VERTEX_POINT('',#9242);
#2571=VERTEX_POINT('',#9246);
#2572=VERTEX_POINT('',#9250);
#2573=VERTEX_POINT('',#9254);
#2574=VERTEX_POINT('',#9258);
#2575=VERTEX_POINT('',#9262);
#2576=VERTEX_POINT('',#9266);
#2577=VERTEX_POINT('',#9270);
#2578=VERTEX_POINT('',#9274);
#2579=VERTEX_POINT('',#9278);
#2580=VERTEX_POINT('',#9282);
#2581=VERTEX_POINT('',#9286);
#2582=VERTEX_POINT('',#9290);
#2583=VERTEX_POINT('',#9294);
#2584=VERTEX_POINT('',#9298);
#2585=VERTEX_POINT('',#9302);
#2586=VERTEX_POINT('',#9306);
#2587=VERTEX_POINT('',#9310);
#2588=VERTEX_POINT('',#9314);
#2589=VERTEX_POINT('',#9318);
#2590=VERTEX_POINT('',#9322);
#2591=VERTEX_POINT('',#9326);
#2592=VERTEX_POINT('',#9334);
#2593=VERTEX_POINT('',#9338);
#2594=VERTEX_POINT('',#9351);
#2595=VERTEX_POINT('',#9352);
#2596=VERTEX_POINT('',#9357);
#2597=VERTEX_POINT('',#9361);
#2598=VERTEX_POINT('',#9365);
#2599=VERTEX_POINT('',#9366);
#2600=VERTEX_POINT('',#9371);
#2601=VERTEX_POINT('',#9375);
#2602=VERTEX_POINT('',#9379);
#2603=VERTEX_POINT('',#9381);
#2604=VERTEX_POINT('',#9383);
#2605=VERTEX_POINT('',#9387);
#2606=VERTEX_POINT('',#9389);
#2607=VERTEX_POINT('',#9391);
#2608=VERTEX_POINT('',#9396);
#2609=VERTEX_POINT('',#9400);
#2610=VERTEX_POINT('',#9402);
#2611=VERTEX_POINT('',#9406);
#2612=VERTEX_POINT('',#9410);
#2613=VERTEX_POINT('',#9416);
#2614=VERTEX_POINT('',#9417);
#2615=VERTEX_POINT('',#9422);
#2616=VERTEX_POINT('',#9431);
#2617=VERTEX_POINT('',#9435);
#2618=VERTEX_POINT('',#9445);
#2619=VERTEX_POINT('',#9448);
#2620=VERTEX_POINT('',#9451);
#2621=VERTEX_POINT('',#9455);
#2622=VERTEX_POINT('',#9456);
#2623=VERTEX_POINT('',#9462);
#2624=VERTEX_POINT('',#9466);
#2625=VERTEX_POINT('',#9467);
#2626=VERTEX_POINT('',#9473);
#2627=VERTEX_POINT('',#9474);
#2628=VERTEX_POINT('',#9479);
#2629=VERTEX_POINT('',#9480);
#2630=VERTEX_POINT('',#9485);
#2631=VERTEX_POINT('',#9488);
#2632=VERTEX_POINT('',#9491);
#2633=VERTEX_POINT('',#9494);
#2634=VERTEX_POINT('',#9497);
#2635=VERTEX_POINT('',#9501);
#2636=VERTEX_POINT('',#9502);
#2637=VERTEX_POINT('',#9508);
#2638=VERTEX_POINT('',#9512);
#2639=VERTEX_POINT('',#9513);
#2640=VERTEX_POINT('',#9519);
#2641=VERTEX_POINT('',#9523);
#2642=VERTEX_POINT('',#9524);
#2643=VERTEX_POINT('',#9530);
#2644=VERTEX_POINT('',#9534);
#2645=VERTEX_POINT('',#9535);
#2646=VERTEX_POINT('',#9541);
#2647=VERTEX_POINT('',#9542);
#2648=VERTEX_POINT('',#9547);
#2649=VERTEX_POINT('',#9549);
#2650=VERTEX_POINT('',#9551);
#2651=VERTEX_POINT('',#9557);
#2652=VERTEX_POINT('',#9559);
#2653=VERTEX_POINT('',#9561);
#2654=VERTEX_POINT('',#9567);
#2655=VERTEX_POINT('',#9569);
#2656=VERTEX_POINT('',#9571);
#2657=VERTEX_POINT('',#9577);
#2658=VERTEX_POINT('',#9579);
#2659=VERTEX_POINT('',#9581);
#2660=VERTEX_POINT('',#9632);
#2661=VERTEX_POINT('',#9634);
#2662=VERTEX_POINT('',#9638);
#2663=VERTEX_POINT('',#9642);
#2664=VERTEX_POINT('',#9646);
#2665=VERTEX_POINT('',#9650);
#2666=VERTEX_POINT('',#9654);
#2667=VERTEX_POINT('',#9658);
#2668=VERTEX_POINT('',#9662);
#2669=VERTEX_POINT('',#9666);
#2670=VERTEX_POINT('',#9670);
#2671=VERTEX_POINT('',#9674);
#2672=VERTEX_POINT('',#9678);
#2673=VERTEX_POINT('',#9682);
#2674=VERTEX_POINT('',#9686);
#2675=VERTEX_POINT('',#9690);
#2676=VERTEX_POINT('',#9694);
#2677=VERTEX_POINT('',#9698);
#2678=VERTEX_POINT('',#9702);
#2679=VERTEX_POINT('',#9706);
#2680=VERTEX_POINT('',#9710);
#2681=VERTEX_POINT('',#9714);
#2682=VERTEX_POINT('',#9718);
#2683=VERTEX_POINT('',#9722);
#2684=VERTEX_POINT('',#9726);
#2685=VERTEX_POINT('',#9730);
#2686=VERTEX_POINT('',#9734);
#2687=VERTEX_POINT('',#9738);
#2688=VERTEX_POINT('',#9742);
#2689=VERTEX_POINT('',#9746);
#2690=VERTEX_POINT('',#9750);
#2691=VERTEX_POINT('',#9754);
#2692=VERTEX_POINT('',#9758);
#2693=VERTEX_POINT('',#9762);
#2694=VERTEX_POINT('',#9766);
#2695=VERTEX_POINT('',#9770);
#2696=VERTEX_POINT('',#9774);
#2697=VERTEX_POINT('',#9778);
#2698=VERTEX_POINT('',#9782);
#2699=VERTEX_POINT('',#9786);
#2700=VERTEX_POINT('',#9792);
#2701=VERTEX_POINT('',#9794);
#2702=VERTEX_POINT('',#9798);
#2703=VERTEX_POINT('',#9802);
#2704=VERTEX_POINT('',#9806);
#2705=VERTEX_POINT('',#9810);
#2706=VERTEX_POINT('',#9814);
#2707=VERTEX_POINT('',#9818);
#2708=VERTEX_POINT('',#9822);
#2709=VERTEX_POINT('',#9826);
#2710=VERTEX_POINT('',#9830);
#2711=VERTEX_POINT('',#9834);
#2712=VERTEX_POINT('',#9838);
#2713=VERTEX_POINT('',#9842);
#2714=VERTEX_POINT('',#9846);
#2715=VERTEX_POINT('',#9850);
#2716=VERTEX_POINT('',#9854);
#2717=VERTEX_POINT('',#9858);
#2718=VERTEX_POINT('',#9862);
#2719=VERTEX_POINT('',#9866);
#2720=VERTEX_POINT('',#9870);
#2721=VERTEX_POINT('',#9874);
#2722=VERTEX_POINT('',#9876);
#2723=VERTEX_POINT('',#9878);
#2724=VERTEX_POINT('',#9880);
#2725=VERTEX_POINT('',#9882);
#2726=VERTEX_POINT('',#9884);
#2727=VERTEX_POINT('',#9886);
#2728=VERTEX_POINT('',#9888);
#2729=VERTEX_POINT('',#9890);
#2730=VERTEX_POINT('',#9892);
#2731=VERTEX_POINT('',#9894);
#2732=VERTEX_POINT('',#9896);
#2733=VERTEX_POINT('',#9898);
#2734=VERTEX_POINT('',#9900);
#2735=VERTEX_POINT('',#9902);
#2736=VERTEX_POINT('',#9904);
#2737=VERTEX_POINT('',#9906);
#2738=VERTEX_POINT('',#9908);
#2739=VERTEX_POINT('',#9910);
#2740=VERTEX_POINT('',#9953);
#2741=EDGE_CURVE('',#2188,#2189,#1814,.T.);
#2742=EDGE_CURVE('',#2189,#2190,#878,.T.);
#2743=EDGE_CURVE('',#2190,#2191,#1815,.T.);
#2744=EDGE_CURVE('',#2191,#2188,#879,.T.);
#2745=EDGE_CURVE('',#2190,#2192,#880,.T.);
#2746=EDGE_CURVE('',#2193,#2192,#1816,.T.);
#2747=EDGE_CURVE('',#2193,#2194,#881,.T.);
#2748=EDGE_CURVE('',#2195,#2194,#1817,.T.);
#2749=EDGE_CURVE('',#2195,#2196,#882,.T.);
#2750=EDGE_CURVE('',#2197,#2196,#1818,.T.);
#2751=EDGE_CURVE('',#2198,#2197,#883,.T.);
#2752=EDGE_CURVE('',#2198,#2199,#884,.T.);
#2753=EDGE_CURVE('',#2199,#2200,#885,.T.);
#2754=EDGE_CURVE('',#2200,#2201,#886,.T.);
#2755=EDGE_CURVE('',#2201,#2202,#887,.T.);
#2756=EDGE_CURVE('',#2202,#2203,#888,.T.);
#2757=EDGE_CURVE('',#2203,#2191,#889,.T.);
#2758=EDGE_CURVE('',#2204,#2189,#890,.T.);
#2759=EDGE_CURVE('',#2192,#2204,#891,.T.);
#2760=EDGE_CURVE('',#2204,#2205,#1819,.T.);
#2761=EDGE_CURVE('',#2205,#2193,#892,.T.);
#2762=EDGE_CURVE('',#2196,#2206,#893,.T.);
#2763=EDGE_CURVE('',#2206,#2207,#1820,.T.);
#2764=EDGE_CURVE('',#2207,#2197,#894,.T.);
#2765=EDGE_CURVE('',#2208,#2195,#895,.T.);
#2766=EDGE_CURVE('',#2206,#2208,#896,.T.);
#2767=EDGE_CURVE('',#2209,#2208,#1821,.T.);
#2768=EDGE_CURVE('',#2194,#2209,#897,.T.);
#2769=EDGE_CURVE('',#2210,#2188,#898,.T.);
#2770=EDGE_CURVE('',#2210,#2211,#899,.T.);
#2771=EDGE_CURVE('',#2211,#2212,#900,.T.);
#2772=EDGE_CURVE('',#2213,#2212,#901,.T.);
#2773=EDGE_CURVE('',#2213,#2214,#902,.T.);
#2774=EDGE_CURVE('',#2214,#2215,#903,.T.);
#2775=EDGE_CURVE('',#2207,#2215,#904,.T.);
#2776=EDGE_CURVE('',#2205,#2209,#905,.T.);
#2777=EDGE_CURVE('',#2216,#2217,#1822,.T.);
#2778=EDGE_CURVE('',#2216,#2218,#906,.T.);
#2779=EDGE_CURVE('',#2218,#2219,#1823,.T.);
#2780=EDGE_CURVE('',#2219,#2217,#907,.T.);
#2781=EDGE_CURVE('',#2220,#2216,#908,.T.);
#2782=EDGE_CURVE('',#2221,#2220,#909,.T.);
#2783=EDGE_CURVE('',#2218,#2221,#910,.T.);
#2784=EDGE_CURVE('',#2222,#2220,#1824,.T.);
#2785=EDGE_CURVE('',#2222,#2223,#911,.T.);
#2786=EDGE_CURVE('',#2223,#2221,#1825,.T.);
#2787=EDGE_CURVE('',#2224,#2222,#912,.T.);
#2788=EDGE_CURVE('',#2224,#2225,#913,.T.);
#2789=EDGE_CURVE('',#2223,#2225,#914,.T.);
#2790=EDGE_CURVE('',#2226,#2227,#1826,.T.);
#2791=EDGE_CURVE('',#2226,#2228,#915,.T.);
#2792=EDGE_CURVE('',#2228,#2229,#1827,.T.);
#2793=EDGE_CURVE('',#2229,#2227,#916,.T.);
#2794=EDGE_CURVE('',#2226,#2230,#917,.T.);
#2795=EDGE_CURVE('',#2231,#2230,#918,.T.);
#2796=EDGE_CURVE('',#2228,#2231,#919,.T.);
#2797=EDGE_CURVE('',#2232,#2233,#1828,.T.);
#2798=EDGE_CURVE('',#2232,#2234,#920,.T.);
#2799=EDGE_CURVE('',#2234,#2235,#1829,.T.);
#2800=EDGE_CURVE('',#2235,#2233,#921,.T.);
#2801=EDGE_CURVE('',#2236,#2227,#922,.T.);
#2802=EDGE_CURVE('',#2237,#2236,#923,.T.);
#2803=EDGE_CURVE('',#2238,#2237,#924,.T.);
#2804=EDGE_CURVE('',#2239,#2238,#1830,.T.);
#2805=EDGE_CURVE('',#2240,#2239,#925,.T.);
#2806=EDGE_CURVE('',#2241,#2240,#926,.T.);
#2807=EDGE_CURVE('',#2232,#2241,#927,.T.);
#2808=EDGE_CURVE('',#2242,#2233,#928,.T.);
#2809=EDGE_CURVE('',#2243,#2242,#1831,.T.);
#2810=EDGE_CURVE('',#2244,#2243,#929,.T.);
#2811=EDGE_CURVE('',#2244,#2245,#930,.T.);
#2812=EDGE_CURVE('',#2245,#2246,#931,.T.);
#2813=EDGE_CURVE('',#2246,#2247,#1832,.T.);
#2814=EDGE_CURVE('',#2247,#2219,#932,.T.);
#2815=EDGE_CURVE('',#2225,#2248,#1833,.T.);
#2816=EDGE_CURVE('',#2248,#2249,#933,.T.);
#2817=EDGE_CURVE('',#2249,#2250,#934,.T.);
#2818=EDGE_CURVE('',#2251,#2250,#935,.T.);
#2819=EDGE_CURVE('',#2230,#2251,#1834,.T.);
#2820=EDGE_CURVE('',#2252,#2252,#1835,.T.);
#2821=EDGE_CURVE('',#2253,#2235,#936,.T.);
#2822=EDGE_CURVE('',#2242,#2253,#937,.T.);
#2823=EDGE_CURVE('',#2254,#2255,#938,.T.);
#2824=EDGE_CURVE('',#2256,#2254,#1836,.T.);
#2825=EDGE_CURVE('',#2257,#2256,#939,.T.);
#2826=EDGE_CURVE('',#2258,#2257,#1837,.T.);
#2827=EDGE_CURVE('',#2259,#2258,#940,.T.);
#2828=EDGE_CURVE('',#2260,#2259,#1838,.T.);
#2829=EDGE_CURVE('',#2261,#2260,#1839,.T.);
#2830=EDGE_CURVE('',#2262,#2261,#1840,.T.);
#2831=EDGE_CURVE('',#2263,#2262,#941,.T.);
#2832=EDGE_CURVE('',#2264,#2263,#1841,.T.);
#2833=EDGE_CURVE('',#2265,#2264,#1842,.T.);
#2834=EDGE_CURVE('',#2266,#2265,#1843,.T.);
#2835=EDGE_CURVE('',#2267,#2266,#942,.T.);
#2836=EDGE_CURVE('',#2268,#2267,#1844,.T.);
#2837=EDGE_CURVE('',#2269,#2268,#1845,.T.);
#2838=EDGE_CURVE('',#2270,#2269,#1846,.T.);
#2839=EDGE_CURVE('',#2271,#2270,#943,.T.);
#2840=EDGE_CURVE('',#2272,#2271,#1847,.T.);
#2841=EDGE_CURVE('',#2273,#2272,#1848,.T.);
#2842=EDGE_CURVE('',#2274,#2273,#1849,.T.);
#2843=EDGE_CURVE('',#2275,#2274,#944,.T.);
#2844=EDGE_CURVE('',#2276,#2275,#1850,.T.);
#2845=EDGE_CURVE('',#2277,#2276,#945,.T.);
#2846=EDGE_CURVE('',#2278,#2277,#1851,.T.);
#2847=EDGE_CURVE('',#2279,#2278,#946,.T.);
#2848=EDGE_CURVE('',#2280,#2279,#1852,.T.);
#2849=EDGE_CURVE('',#2281,#2280,#1853,.T.);
#2850=EDGE_CURVE('',#2282,#2281,#1854,.T.);
#2851=EDGE_CURVE('',#2283,#2282,#947,.T.);
#2852=EDGE_CURVE('',#2284,#2283,#1855,.T.);
#2853=EDGE_CURVE('',#2285,#2284,#1856,.T.);
#2854=EDGE_CURVE('',#2286,#2285,#1857,.T.);
#2855=EDGE_CURVE('',#2287,#2286,#948,.T.);
#2856=EDGE_CURVE('',#2288,#2287,#1858,.T.);
#2857=EDGE_CURVE('',#2289,#2288,#1859,.T.);
#2858=EDGE_CURVE('',#2290,#2289,#1860,.T.);
#2859=EDGE_CURVE('',#2291,#2290,#949,.T.);
#2860=EDGE_CURVE('',#2292,#2291,#1861,.T.);
#2861=EDGE_CURVE('',#2293,#2292,#1862,.T.);
#2862=EDGE_CURVE('',#2255,#2293,#1863,.T.);
#2863=EDGE_CURVE('',#2294,#2231,#1864,.T.);
#2864=EDGE_CURVE('',#2294,#2295,#950,.T.);
#2865=EDGE_CURVE('',#2253,#2295,#1865,.T.);
#2866=EDGE_CURVE('',#2234,#2296,#951,.T.);
#2867=EDGE_CURVE('',#2296,#2297,#952,.T.);
#2868=EDGE_CURVE('',#2297,#2298,#953,.T.);
#2869=EDGE_CURVE('',#2298,#2299,#1866,.T.);
#2870=EDGE_CURVE('',#2299,#2300,#954,.T.);
#2871=EDGE_CURVE('',#2300,#2301,#955,.T.);
#2872=EDGE_CURVE('',#2301,#2229,#956,.T.);
#2873=EDGE_CURVE('',#2302,#2303,#1867,.T.);
#2874=EDGE_CURVE('',#2303,#2302,#1868,.T.);
#2875=EDGE_CURVE('',#2304,#2305,#1869,.T.);
#2876=EDGE_CURVE('',#2305,#2304,#1870,.T.);
#2877=EDGE_CURVE('',#2306,#2307,#1871,.T.);
#2878=EDGE_CURVE('',#2307,#2306,#1872,.T.);
#2879=EDGE_CURVE('',#2308,#2309,#1873,.T.);
#2880=EDGE_CURVE('',#2309,#2308,#1874,.T.);
#2881=EDGE_CURVE('',#2310,#2311,#1875,.T.);
#2882=EDGE_CURVE('',#2311,#2312,#957,.T.);
#2883=EDGE_CURVE('',#2312,#2313,#1876,.T.);
#2884=EDGE_CURVE('',#2313,#2314,#958,.T.);
#2885=EDGE_CURVE('',#2314,#2315,#1877,.T.);
#2886=EDGE_CURVE('',#2315,#2316,#959,.T.);
#2887=EDGE_CURVE('',#2316,#2317,#1878,.T.);
#2888=EDGE_CURVE('',#2317,#2310,#960,.T.);
#2889=EDGE_CURVE('',#2318,#2319,#1879,.T.);
#2890=EDGE_CURVE('',#2319,#2318,#1880,.T.);
#2891=EDGE_CURVE('',#2320,#2321,#1881,.T.);
#2892=EDGE_CURVE('',#2321,#2320,#1882,.T.);
#2893=EDGE_CURVE('',#2217,#2322,#961,.T.);
#2894=EDGE_CURVE('',#2322,#2323,#1883,.T.);
#2895=EDGE_CURVE('',#2323,#2324,#962,.T.);
#2896=EDGE_CURVE('',#2324,#2224,#1884,.T.);
#2897=EDGE_CURVE('',#2325,#2326,#1885,.T.);
#2898=EDGE_CURVE('',#2326,#2325,#1886,.T.);
#2899=EDGE_CURVE('',#2327,#2328,#1887,.T.);
#2900=EDGE_CURVE('',#2328,#2327,#1888,.T.);
#2901=EDGE_CURVE('',#2322,#2247,#963,.T.);
#2902=EDGE_CURVE('',#2215,#2329,#964,.T.);
#2903=EDGE_CURVE('',#2329,#2330,#965,.T.);
#2904=EDGE_CURVE('',#2330,#2331,#966,.T.);
#2905=EDGE_CURVE('',#2331,#2332,#967,.T.);
#2906=EDGE_CURVE('',#2332,#2198,#968,.T.);
#2907=EDGE_CURVE('',#2333,#2334,#969,.T.);
#2908=EDGE_CURVE('',#2333,#2335,#970,.T.);
#2909=EDGE_CURVE('',#2336,#2335,#971,.T.);
#2910=EDGE_CURVE('',#2334,#2336,#972,.T.);
#2911=EDGE_CURVE('',#2213,#2333,#1889,.T.);
#2912=EDGE_CURVE('',#2335,#2212,#1890,.T.);
#2913=EDGE_CURVE('',#2337,#2200,#1891,.T.);
#2914=EDGE_CURVE('',#2337,#2338,#973,.T.);
#2915=EDGE_CURVE('',#2201,#2338,#1892,.T.);
#2916=EDGE_CURVE('',#2339,#2337,#974,.T.);
#2917=EDGE_CURVE('',#2340,#2339,#975,.T.);
#2918=EDGE_CURVE('',#2338,#2340,#976,.T.);
#2919=EDGE_CURVE('',#2341,#2340,#977,.T.);
#2920=EDGE_CURVE('',#2342,#2341,#978,.T.);
#2921=EDGE_CURVE('',#2202,#2342,#979,.T.);
#2922=EDGE_CURVE('',#2343,#2344,#1893,.T.);
#2923=EDGE_CURVE('',#2344,#2345,#980,.T.);
#2924=EDGE_CURVE('',#2345,#2346,#1894,.T.);
#2925=EDGE_CURVE('',#2346,#2347,#1895,.T.);
#2926=EDGE_CURVE('',#2347,#2348,#1896,.T.);
#2927=EDGE_CURVE('',#2348,#2349,#981,.T.);
#2928=EDGE_CURVE('',#2349,#2350,#1897,.T.);
#2929=EDGE_CURVE('',#2350,#2351,#1898,.T.);
#2930=EDGE_CURVE('',#2351,#2352,#1899,.T.);
#2931=EDGE_CURVE('',#2352,#2353,#982,.T.);
#2932=EDGE_CURVE('',#2353,#2354,#1900,.T.);
#2933=EDGE_CURVE('',#2354,#2355,#983,.T.);
#2934=EDGE_CURVE('',#2355,#2356,#1901,.T.);
#2935=EDGE_CURVE('',#2356,#2357,#984,.T.);
#2936=EDGE_CURVE('',#2357,#2358,#1902,.T.);
#2937=EDGE_CURVE('',#2358,#2359,#1903,.T.);
#2938=EDGE_CURVE('',#2359,#2360,#1904,.T.);
#2939=EDGE_CURVE('',#2360,#2361,#985,.T.);
#2940=EDGE_CURVE('',#2361,#2362,#1905,.T.);
#2941=EDGE_CURVE('',#2362,#2363,#1906,.T.);
#2942=EDGE_CURVE('',#2363,#2364,#1907,.T.);
#2943=EDGE_CURVE('',#2364,#2365,#986,.T.);
#2944=EDGE_CURVE('',#2365,#2366,#1908,.T.);
#2945=EDGE_CURVE('',#2366,#2367,#1909,.T.);
#2946=EDGE_CURVE('',#2367,#2368,#1910,.T.);
#2947=EDGE_CURVE('',#2368,#2369,#987,.T.);
#2948=EDGE_CURVE('',#2369,#2370,#1911,.T.);
#2949=EDGE_CURVE('',#2370,#2371,#1912,.T.);
#2950=EDGE_CURVE('',#2371,#2372,#1913,.T.);
#2951=EDGE_CURVE('',#2372,#2373,#988,.T.);
#2952=EDGE_CURVE('',#2373,#2374,#1914,.T.);
#2953=EDGE_CURVE('',#2374,#2375,#989,.T.);
#2954=EDGE_CURVE('',#2375,#2376,#1915,.T.);
#2955=EDGE_CURVE('',#2376,#2377,#990,.T.);
#2956=EDGE_CURVE('',#2377,#2378,#1916,.T.);
#2957=EDGE_CURVE('',#2378,#2379,#1917,.T.);
#2958=EDGE_CURVE('',#2379,#2380,#1918,.T.);
#2959=EDGE_CURVE('',#2380,#2381,#991,.T.);
#2960=EDGE_CURVE('',#2381,#2382,#1919,.T.);
#2961=EDGE_CURVE('',#2382,#2343,#1920,.T.);
#2962=EDGE_CURVE('',#2336,#2383,#992,.T.);
#2963=EDGE_CURVE('',#2383,#2384,#1921,.T.);
#2964=EDGE_CURVE('',#2384,#2385,#1922,.T.);
#2965=EDGE_CURVE('',#2385,#2386,#993,.T.);
#2966=EDGE_CURVE('',#2386,#2387,#1923,.T.);
#2967=EDGE_CURVE('',#2387,#2388,#994,.T.);
#2968=EDGE_CURVE('',#2388,#2389,#1924,.T.);
#2969=EDGE_CURVE('',#2389,#2390,#995,.T.);
#2970=EDGE_CURVE('',#2390,#2391,#1925,.T.);
#2971=EDGE_CURVE('',#2391,#2392,#996,.T.);
#2972=EDGE_CURVE('',#2392,#2393,#997,.T.);
#2973=EDGE_CURVE('',#2393,#2394,#1926,.T.);
#2974=EDGE_CURVE('',#2394,#2395,#998,.T.);
#2975=EDGE_CURVE('',#2395,#2396,#999,.T.);
#2976=EDGE_CURVE('',#2396,#2397,#1000,.T.);
#2977=EDGE_CURVE('',#2397,#2398,#1927,.T.);
#2978=EDGE_CURVE('',#2398,#2399,#1001,.T.);
#2979=EDGE_CURVE('',#2399,#2400,#1002,.T.);
#2980=EDGE_CURVE('',#2400,#2401,#1928,.T.);
#2981=EDGE_CURVE('',#2401,#2402,#1003,.T.);
#2982=EDGE_CURVE('',#2402,#2403,#1929,.T.);
#2983=EDGE_CURVE('',#2403,#2404,#1004,.T.);
#2984=EDGE_CURVE('',#2404,#2405,#1930,.T.);
#2985=EDGE_CURVE('',#2405,#2406,#1005,.T.);
#2986=EDGE_CURVE('',#2406,#2407,#1931,.T.);
#2987=EDGE_CURVE('',#2407,#2341,#1932,.T.);
#2988=EDGE_CURVE('',#2339,#2408,#1933,.T.);
#2989=EDGE_CURVE('',#2408,#2409,#1006,.T.);
#2990=EDGE_CURVE('',#2409,#2410,#1007,.T.);
#2991=EDGE_CURVE('',#2410,#2411,#1934,.T.);
#2992=EDGE_CURVE('',#2411,#2412,#1008,.T.);
#2993=EDGE_CURVE('',#2412,#2413,#1009,.T.);
#2994=EDGE_CURVE('',#2413,#2414,#1010,.T.);
#2995=EDGE_CURVE('',#2414,#2415,#1935,.T.);
#2996=EDGE_CURVE('',#2415,#2416,#1011,.T.);
#2997=EDGE_CURVE('',#2416,#2417,#1012,.T.);
#2998=EDGE_CURVE('',#2417,#2334,#1936,.T.);
#2999=EDGE_CURVE('',#2418,#2419,#1937,.T.);
#3000=EDGE_CURVE('',#2419,#2418,#1938,.T.);
#3001=EDGE_CURVE('',#2420,#2421,#1939,.T.);
#3002=EDGE_CURVE('',#2421,#2420,#1940,.T.);
#3003=EDGE_CURVE('',#2422,#2422,#1941,.T.);
#3004=EDGE_CURVE('',#2423,#2423,#1942,.T.);
#3005=EDGE_CURVE('',#2424,#2424,#1943,.T.);
#3006=EDGE_CURVE('',#2425,#2425,#1944,.T.);
#3007=EDGE_CURVE('',#2203,#2426,#1013,.T.);
#3008=EDGE_CURVE('',#2426,#2427,#1014,.T.);
#3009=EDGE_CURVE('',#2428,#2427,#1945,.T.);
#3010=EDGE_CURVE('',#2429,#2428,#1015,.T.);
#3011=EDGE_CURVE('',#2430,#2429,#1946,.T.);
#3012=EDGE_CURVE('',#2431,#2430,#1016,.T.);
#3013=EDGE_CURVE('',#2431,#2432,#1017,.T.);
#3014=EDGE_CURVE('',#2432,#2433,#1018,.T.);
#3015=EDGE_CURVE('',#2434,#2433,#1947,.T.);
#3016=EDGE_CURVE('',#2434,#2435,#1019,.T.);
#3017=EDGE_CURVE('',#2436,#2435,#1948,.T.);
#3018=EDGE_CURVE('',#2437,#2436,#1020,.T.);
#3019=EDGE_CURVE('',#2437,#2210,#1021,.T.);
#3020=EDGE_CURVE('',#2438,#2211,#1022,.T.);
#3021=EDGE_CURVE('',#2383,#2438,#1023,.T.);
#3022=EDGE_CURVE('',#2439,#2333,#1024,.T.);
#3023=EDGE_CURVE('',#2214,#2439,#1025,.T.);
#3024=EDGE_CURVE('',#2440,#2199,#1026,.T.);
#3025=EDGE_CURVE('',#2337,#2440,#1027,.T.);
#3026=EDGE_CURVE('',#2441,#2438,#1949,.T.);
#3027=EDGE_CURVE('',#2384,#2441,#1028,.T.);
#3028=EDGE_CURVE('',#2417,#2442,#1029,.T.);
#3029=EDGE_CURVE('',#2439,#2442,#1950,.T.);
#3030=EDGE_CURVE('',#2437,#2443,#1030,.T.);
#3031=EDGE_CURVE('',#2443,#2444,#1951,.T.);
#3032=EDGE_CURVE('',#2444,#2445,#1031,.T.);
#3033=EDGE_CURVE('',#2445,#2446,#1952,.T.);
#3034=EDGE_CURVE('',#2446,#2432,#1032,.T.);
#3035=EDGE_CURVE('',#2431,#2447,#1033,.T.);
#3036=EDGE_CURVE('',#2447,#2448,#1953,.T.);
#3037=EDGE_CURVE('',#2448,#2449,#1034,.T.);
#3038=EDGE_CURVE('',#2449,#2450,#1954,.T.);
#3039=EDGE_CURVE('',#2450,#2426,#1035,.T.);
#3040=EDGE_CURVE('',#2342,#2451,#1955,.T.);
#3041=EDGE_CURVE('',#2452,#2451,#1956,.T.);
#3042=EDGE_CURVE('',#2453,#2452,#1036,.T.);
#3043=EDGE_CURVE('',#2454,#2453,#1957,.T.);
#3044=EDGE_CURVE('',#2455,#2454,#1037,.T.);
#3045=EDGE_CURVE('',#2456,#2455,#1958,.T.);
#3046=EDGE_CURVE('',#2457,#2456,#1038,.T.);
#3047=EDGE_CURVE('',#2458,#2457,#1959,.T.);
#3048=EDGE_CURVE('',#2459,#2458,#1039,.T.);
#3049=EDGE_CURVE('',#2460,#2459,#1040,.T.);
#3050=EDGE_CURVE('',#2461,#2460,#1960,.T.);
#3051=EDGE_CURVE('',#2462,#2461,#1041,.T.);
#3052=EDGE_CURVE('',#2463,#2462,#1042,.T.);
#3053=EDGE_CURVE('',#2464,#2463,#1043,.T.);
#3054=EDGE_CURVE('',#2465,#2464,#1961,.T.);
#3055=EDGE_CURVE('',#2466,#2465,#1044,.T.);
#3056=EDGE_CURVE('',#2467,#2466,#1045,.T.);
#3057=EDGE_CURVE('',#2468,#2467,#1962,.T.);
#3058=EDGE_CURVE('',#2469,#2468,#1046,.T.);
#3059=EDGE_CURVE('',#2470,#2469,#1963,.T.);
#3060=EDGE_CURVE('',#2471,#2470,#1047,.T.);
#3061=EDGE_CURVE('',#2472,#2471,#1964,.T.);
#3062=EDGE_CURVE('',#2473,#2472,#1048,.T.);
#3063=EDGE_CURVE('',#2441,#2473,#1965,.T.);
#3064=EDGE_CURVE('',#2474,#2442,#1049,.T.);
#3065=EDGE_CURVE('',#2475,#2474,#1050,.T.);
#3066=EDGE_CURVE('',#2476,#2475,#1966,.T.);
#3067=EDGE_CURVE('',#2477,#2476,#1051,.T.);
#3068=EDGE_CURVE('',#2478,#2477,#1052,.T.);
#3069=EDGE_CURVE('',#2479,#2478,#1053,.T.);
#3070=EDGE_CURVE('',#2480,#2479,#1967,.T.);
#3071=EDGE_CURVE('',#2481,#2480,#1054,.T.);
#3072=EDGE_CURVE('',#2482,#2481,#1055,.T.);
#3073=EDGE_CURVE('',#2482,#2440,#1968,.T.);
#3074=EDGE_CURVE('',#2483,#2332,#1056,.T.);
#3075=EDGE_CURVE('',#2484,#2483,#1969,.T.);
#3076=EDGE_CURVE('',#2329,#2484,#1057,.T.);
#3077=EDGE_CURVE('',#2485,#2486,#1970,.T.);
#3078=EDGE_CURVE('',#2486,#2485,#1971,.T.);
#3079=EDGE_CURVE('',#2487,#2488,#1972,.T.);
#3080=EDGE_CURVE('',#2488,#2487,#1973,.T.);
#3081=EDGE_CURVE('',#2489,#2490,#1974,.T.);
#3082=EDGE_CURVE('',#2490,#2489,#1975,.T.);
#3083=EDGE_CURVE('',#2491,#2492,#1976,.T.);
#3084=EDGE_CURVE('',#2492,#2491,#1977,.T.);
#3085=EDGE_CURVE('',#2493,#2494,#1978,.T.);
#3086=EDGE_CURVE('',#2494,#2493,#1979,.T.);
#3087=EDGE_CURVE('',#2451,#2407,#1058,.T.);
#3088=EDGE_CURVE('',#2495,#2496,#1980,.T.);
#3089=EDGE_CURVE('',#2496,#2495,#1981,.T.);
#3090=EDGE_CURVE('',#2495,#2497,#1059,.T.);
#3091=EDGE_CURVE('',#2498,#2497,#1982,.T.);
#3092=EDGE_CURVE('',#2497,#2498,#1983,.T.);
#3093=EDGE_CURVE('',#2421,#2496,#1060,.T.);
#3094=EDGE_CURVE('',#2499,#2500,#1984,.T.);
#3095=EDGE_CURVE('',#2500,#2499,#1985,.T.);
#3096=EDGE_CURVE('',#2499,#2501,#1061,.T.);
#3097=EDGE_CURVE('',#2502,#2501,#1986,.T.);
#3098=EDGE_CURVE('',#2501,#2502,#1987,.T.);
#3099=EDGE_CURVE('',#2419,#2500,#1062,.T.);
#3100=EDGE_CURVE('',#2321,#2502,#1063,.T.);
#3101=EDGE_CURVE('',#2319,#2498,#1064,.T.);
#3102=EDGE_CURVE('',#2408,#2482,#1065,.T.);
#3103=EDGE_CURVE('',#2406,#2452,#1066,.T.);
#3104=EDGE_CURVE('',#2503,#2503,#1988,.T.);
#3105=EDGE_CURVE('',#2503,#2504,#1989,.T.);
#3106=EDGE_CURVE('',#2504,#2504,#1990,.T.);
#3107=EDGE_CURVE('',#2477,#2413,#1067,.T.);
#3108=EDGE_CURVE('',#2412,#2478,#1068,.T.);
#3109=EDGE_CURVE('',#2505,#2505,#1991,.T.);
#3110=EDGE_CURVE('',#2506,#2507,#1069,.T.);
#3111=EDGE_CURVE('',#2507,#2508,#1070,.T.);
#3112=EDGE_CURVE('',#2508,#2509,#1071,.T.);
#3113=EDGE_CURVE('',#2506,#2509,#1072,.T.);
#3114=EDGE_CURVE('',#2507,#2510,#1073,.T.);
#3115=EDGE_CURVE('',#2511,#2510,#1074,.T.);
#3116=EDGE_CURVE('',#2511,#2508,#1075,.T.);
#3117=EDGE_CURVE('',#2512,#2513,#1076,.T.);
#3118=EDGE_CURVE('',#2514,#2513,#1077,.T.);
#3119=EDGE_CURVE('',#2514,#2515,#1078,.T.);
#3120=EDGE_CURVE('',#2512,#2515,#1079,.T.);
#3121=EDGE_CURVE('',#2513,#2516,#1080,.T.);
#3122=EDGE_CURVE('',#2517,#2516,#1081,.T.);
#3123=EDGE_CURVE('',#2517,#2514,#1082,.T.);
#3124=EDGE_CURVE('',#2387,#2471,#1083,.T.);
#3125=EDGE_CURVE('',#2386,#2472,#1084,.T.);
#3126=EDGE_CURVE('',#2388,#2470,#1085,.T.);
#3127=EDGE_CURVE('',#2389,#2469,#1086,.T.);
#3128=EDGE_CURVE('',#2390,#2468,#1087,.T.);
#3129=EDGE_CURVE('',#2391,#2467,#1088,.T.);
#3130=EDGE_CURVE('',#2392,#2466,#1089,.T.);
#3131=EDGE_CURVE('',#2393,#2465,#1090,.T.);
#3132=EDGE_CURVE('',#2394,#2464,#1091,.T.);
#3133=EDGE_CURVE('',#2395,#2463,#1092,.T.);
#3134=EDGE_CURVE('',#2396,#2462,#1093,.T.);
#3135=EDGE_CURVE('',#2518,#2518,#1992,.T.);
#3136=EDGE_CURVE('',#2519,#2519,#1993,.T.);
#3137=EDGE_CURVE('',#2397,#2461,#1094,.T.);
#3138=EDGE_CURVE('',#2398,#2460,#1095,.T.);
#3139=EDGE_CURVE('',#2399,#2459,#1096,.T.);
#3140=EDGE_CURVE('',#2400,#2458,#1097,.T.);
#3141=EDGE_CURVE('',#2520,#2521,#1994,.T.);
#3142=EDGE_CURVE('',#2521,#2522,#1098,.T.);
#3143=EDGE_CURVE('',#2522,#2523,#1995,.T.);
#3144=EDGE_CURVE('',#2523,#2520,#1099,.T.);
#3145=EDGE_CURVE('',#2401,#2457,#1100,.T.);
#3146=EDGE_CURVE('',#2402,#2456,#1101,.T.);
#3147=EDGE_CURVE('',#2403,#2455,#1102,.T.);
#3148=EDGE_CURVE('',#2404,#2454,#1103,.T.);
#3149=EDGE_CURVE('',#2405,#2453,#1104,.T.);
#3150=EDGE_CURVE('',#2524,#2525,#1996,.T.);
#3151=EDGE_CURVE('',#2523,#2524,#1105,.T.);
#3152=EDGE_CURVE('',#2522,#2525,#1106,.T.);
#3153=EDGE_CURVE('',#2525,#2526,#1107,.T.);
#3154=EDGE_CURVE('',#2521,#2526,#1108,.T.);
#3155=EDGE_CURVE('',#2526,#2527,#1997,.T.);
#3156=EDGE_CURVE('',#2520,#2527,#1109,.T.);
#3157=EDGE_CURVE('',#2527,#2524,#1110,.T.);
#3158=EDGE_CURVE('',#2528,#2529,#1998,.T.);
#3159=EDGE_CURVE('',#2529,#2530,#1111,.T.);
#3160=EDGE_CURVE('',#2530,#2531,#1999,.T.);
#3161=EDGE_CURVE('',#2531,#2528,#1112,.T.);
#3162=EDGE_CURVE('',#2532,#2529,#1113,.T.);
#3163=EDGE_CURVE('',#2533,#2532,#1114,.T.);
#3164=EDGE_CURVE('',#2530,#2533,#1115,.T.);
#3165=EDGE_CURVE('',#2534,#2535,#2000,.T.);
#3166=EDGE_CURVE('',#2535,#2536,#1116,.T.);
#3167=EDGE_CURVE('',#2536,#2537,#2001,.T.);
#3168=EDGE_CURVE('',#2537,#2534,#1117,.T.);
#3169=EDGE_CURVE('',#2538,#2535,#1118,.T.);
#3170=EDGE_CURVE('',#2539,#2538,#1119,.T.);
#3171=EDGE_CURVE('',#2536,#2539,#1120,.T.);
#3172=EDGE_CURVE('',#2539,#2532,#2002,.T.);
#3173=EDGE_CURVE('',#2537,#2528,#1121,.T.);
#3174=EDGE_CURVE('',#2540,#2540,#2003,.T.);
#3175=EDGE_CURVE('',#2541,#2541,#2004,.T.);
#3176=EDGE_CURVE('',#2541,#2540,#1122,.T.);
#3177=EDGE_CURVE('',#2533,#2538,#2005,.T.);
#3178=EDGE_CURVE('',#2531,#2534,#1123,.T.);
#3179=EDGE_CURVE('',#2310,#2542,#1124,.T.);
#3180=EDGE_CURVE('',#2542,#2543,#2006,.T.);
#3181=EDGE_CURVE('',#2311,#2543,#1125,.T.);
#3182=EDGE_CURVE('',#2317,#2544,#1126,.T.);
#3183=EDGE_CURVE('',#2544,#2542,#1127,.T.);
#3184=EDGE_CURVE('',#2316,#2545,#1128,.T.);
#3185=EDGE_CURVE('',#2545,#2544,#2007,.T.);
#3186=EDGE_CURVE('',#2315,#2546,#1129,.T.);
#3187=EDGE_CURVE('',#2546,#2545,#1130,.T.);
#3188=EDGE_CURVE('',#2314,#2547,#1131,.T.);
#3189=EDGE_CURVE('',#2547,#2546,#2008,.T.);
#3190=EDGE_CURVE('',#2313,#2548,#1132,.T.);
#3191=EDGE_CURVE('',#2548,#2547,#1133,.T.);
#3192=EDGE_CURVE('',#2312,#2549,#1134,.T.);
#3193=EDGE_CURVE('',#2549,#2548,#2009,.T.);
#3194=EDGE_CURVE('',#2543,#2549,#1135,.T.);
#3195=EDGE_CURVE('',#2550,#2551,#2010,.T.);
#3196=EDGE_CURVE('',#2551,#2550,#2011,.T.);
#3197=EDGE_CURVE('',#2551,#2486,#1136,.T.);
#3198=EDGE_CURVE('',#2343,#2552,#1137,.T.);
#3199=EDGE_CURVE('',#2552,#2553,#2012,.T.);
#3200=EDGE_CURVE('',#2344,#2553,#1138,.T.);
#3201=EDGE_CURVE('',#2382,#2554,#1139,.T.);
#3202=EDGE_CURVE('',#2554,#2552,#2013,.T.);
#3203=EDGE_CURVE('',#2381,#2555,#1140,.T.);
#3204=EDGE_CURVE('',#2555,#2554,#2014,.T.);
#3205=EDGE_CURVE('',#2380,#2556,#1141,.T.);
#3206=EDGE_CURVE('',#2556,#2555,#1142,.T.);
#3207=EDGE_CURVE('',#2379,#2557,#1143,.T.);
#3208=EDGE_CURVE('',#2557,#2556,#2015,.T.);
#3209=EDGE_CURVE('',#2378,#2558,#1144,.T.);
#3210=EDGE_CURVE('',#2558,#2557,#2016,.T.);
#3211=EDGE_CURVE('',#2377,#2559,#1145,.T.);
#3212=EDGE_CURVE('',#2559,#2558,#2017,.T.);
#3213=EDGE_CURVE('',#2376,#2560,#1146,.T.);
#3214=EDGE_CURVE('',#2560,#2559,#1147,.T.);
#3215=EDGE_CURVE('',#2375,#2561,#1148,.T.);
#3216=EDGE_CURVE('',#2561,#2560,#2018,.T.);
#3217=EDGE_CURVE('',#2374,#2562,#1149,.T.);
#3218=EDGE_CURVE('',#2562,#2561,#1150,.T.);
#3219=EDGE_CURVE('',#2373,#2563,#1151,.T.);
#3220=EDGE_CURVE('',#2563,#2562,#2019,.T.);
#3221=EDGE_CURVE('',#2372,#2564,#1152,.T.);
#3222=EDGE_CURVE('',#2564,#2563,#1153,.T.);
#3223=EDGE_CURVE('',#2371,#2565,#1154,.T.);
#3224=EDGE_CURVE('',#2565,#2564,#2020,.T.);
#3225=EDGE_CURVE('',#2370,#2566,#1155,.T.);
#3226=EDGE_CURVE('',#2566,#2565,#2021,.T.);
#3227=EDGE_CURVE('',#2369,#2567,#1156,.T.);
#3228=EDGE_CURVE('',#2567,#2566,#2022,.T.);
#3229=EDGE_CURVE('',#2368,#2568,#1157,.T.);
#3230=EDGE_CURVE('',#2568,#2567,#1158,.T.);
#3231=EDGE_CURVE('',#2367,#2569,#1159,.T.);
#3232=EDGE_CURVE('',#2569,#2568,#2023,.T.);
#3233=EDGE_CURVE('',#2366,#2570,#1160,.T.);
#3234=EDGE_CURVE('',#2570,#2569,#2024,.T.);
#3235=EDGE_CURVE('',#2365,#2571,#1161,.T.);
#3236=EDGE_CURVE('',#2571,#2570,#2025,.T.);
#3237=EDGE_CURVE('',#2364,#2572,#1162,.T.);
#3238=EDGE_CURVE('',#2572,#2571,#1163,.T.);
#3239=EDGE_CURVE('',#2363,#2573,#1164,.T.);
#3240=EDGE_CURVE('',#2573,#2572,#2026,.T.);
#3241=EDGE_CURVE('',#2362,#2574,#1165,.T.);
#3242=EDGE_CURVE('',#2574,#2573,#2027,.T.);
#3243=EDGE_CURVE('',#2361,#2575,#1166,.T.);
#3244=EDGE_CURVE('',#2575,#2574,#2028,.T.);
#3245=EDGE_CURVE('',#2360,#2576,#1167,.T.);
#3246=EDGE_CURVE('',#2576,#2575,#1168,.T.);
#3247=EDGE_CURVE('',#2359,#2577,#1169,.T.);
#3248=EDGE_CURVE('',#2577,#2576,#2029,.T.);
#3249=EDGE_CURVE('',#2358,#2578,#1170,.T.);
#3250=EDGE_CURVE('',#2578,#2577,#2030,.T.);
#3251=EDGE_CURVE('',#2357,#2579,#1171,.T.);
#3252=EDGE_CURVE('',#2579,#2578,#2031,.T.);
#3253=EDGE_CURVE('',#2356,#2580,#1172,.T.);
#3254=EDGE_CURVE('',#2580,#2579,#1173,.T.);
#3255=EDGE_CURVE('',#2355,#2581,#1174,.T.);
#3256=EDGE_CURVE('',#2581,#2580,#2032,.T.);
#3257=EDGE_CURVE('',#2354,#2582,#1175,.T.);
#3258=EDGE_CURVE('',#2582,#2581,#1176,.T.);
#3259=EDGE_CURVE('',#2353,#2583,#1177,.T.);
#3260=EDGE_CURVE('',#2583,#2582,#2033,.T.);
#3261=EDGE_CURVE('',#2352,#2584,#1178,.T.);
#3262=EDGE_CURVE('',#2584,#2583,#1179,.T.);
#3263=EDGE_CURVE('',#2351,#2585,#1180,.T.);
#3264=EDGE_CURVE('',#2585,#2584,#2034,.T.);
#3265=EDGE_CURVE('',#2350,#2586,#1181,.T.);
#3266=EDGE_CURVE('',#2586,#2585,#2035,.T.);
#3267=EDGE_CURVE('',#2349,#2587,#1182,.T.);
#3268=EDGE_CURVE('',#2587,#2586,#2036,.T.);
#3269=EDGE_CURVE('',#2348,#2588,#1183,.T.);
#3270=EDGE_CURVE('',#2588,#2587,#1184,.T.);
#3271=EDGE_CURVE('',#2347,#2589,#1185,.T.);
#3272=EDGE_CURVE('',#2589,#2588,#2037,.T.);
#3273=EDGE_CURVE('',#2346,#2590,#1186,.T.);
#3274=EDGE_CURVE('',#2590,#2589,#2038,.T.);
#3275=EDGE_CURVE('',#2345,#2591,#1187,.T.);
#3276=EDGE_CURVE('',#2591,#2590,#2039,.T.);
#3277=EDGE_CURVE('',#2553,#2591,#1188,.T.);
#3278=EDGE_CURVE('',#2474,#2416,#1189,.T.);
#3279=EDGE_CURVE('',#2484,#2592,#1190,.T.);
#3280=EDGE_CURVE('',#2330,#2592,#1191,.T.);
#3281=EDGE_CURVE('',#2483,#2593,#1192,.T.);
#3282=EDGE_CURVE('',#2592,#2593,#2040,.T.);
#3283=EDGE_CURVE('',#2593,#2331,#1193,.T.);
#3284=EDGE_CURVE('',#2409,#2481,#1194,.T.);
#3285=EDGE_CURVE('',#2516,#2506,#1195,.T.);
#3286=EDGE_CURVE('',#2509,#2517,#1196,.T.);
#3287=EDGE_CURVE('',#2385,#2473,#1197,.T.);
#3288=EDGE_CURVE('',#2594,#2595,#2041,.T.);
#3289=EDGE_CURVE('',#2595,#2428,#1198,.T.);
#3290=EDGE_CURVE('',#2427,#2594,#1199,.T.);
#3291=EDGE_CURVE('',#2596,#2595,#1200,.T.);
#3292=EDGE_CURVE('',#2429,#2596,#1201,.T.);
#3293=EDGE_CURVE('',#2596,#2597,#2042,.T.);
#3294=EDGE_CURVE('',#2597,#2430,#1202,.T.);
#3295=EDGE_CURVE('',#2598,#2599,#2043,.T.);
#3296=EDGE_CURVE('',#2599,#2434,#1203,.T.);
#3297=EDGE_CURVE('',#2433,#2598,#1204,.T.);
#3298=EDGE_CURVE('',#2599,#2600,#1205,.T.);
#3299=EDGE_CURVE('',#2435,#2600,#1206,.T.);
#3300=EDGE_CURVE('',#2600,#2601,#2044,.T.);
#3301=EDGE_CURVE('',#2601,#2436,#1207,.T.);
#3302=EDGE_CURVE('',#2602,#2597,#1208,.T.);
#3303=EDGE_CURVE('',#2603,#2602,#1209,.T.);
#3304=EDGE_CURVE('',#2603,#2604,#1210,.T.);
#3305=EDGE_CURVE('',#2447,#2604,#1211,.T.);
#3306=EDGE_CURVE('',#2605,#2446,#1212,.T.);
#3307=EDGE_CURVE('',#2605,#2606,#1213,.T.);
#3308=EDGE_CURVE('',#2607,#2606,#1214,.T.);
#3309=EDGE_CURVE('',#2598,#2607,#1215,.T.);
#3310=EDGE_CURVE('',#2245,#2601,#1216,.T.);
#3311=EDGE_CURVE('',#2244,#2608,#1217,.T.);
#3312=EDGE_CURVE('',#2443,#2608,#1218,.T.);
#3313=EDGE_CURVE('',#2609,#2510,#1219,.T.);
#3314=EDGE_CURVE('',#2610,#2609,#1220,.T.);
#3315=EDGE_CURVE('',#2610,#2511,#1221,.T.);
#3316=EDGE_CURVE('',#2611,#2512,#1222,.T.);
#3317=EDGE_CURVE('',#2609,#2611,#1223,.T.);
#3318=EDGE_CURVE('',#2612,#2610,#1224,.T.);
#3319=EDGE_CURVE('',#2612,#2515,#1225,.T.);
#3320=EDGE_CURVE('',#2611,#2612,#1226,.T.);
#3321=EDGE_CURVE('',#2613,#2614,#2045,.T.);
#3322=EDGE_CURVE('',#2613,#2450,#1227,.T.);
#3323=EDGE_CURVE('',#2614,#2449,#1228,.T.);
#3324=EDGE_CURVE('',#2614,#2615,#1229,.T.);
#3325=EDGE_CURVE('',#2615,#2604,#2046,.T.);
#3326=EDGE_CURVE('',#2250,#2603,#1230,.T.);
#3327=EDGE_CURVE('',#2613,#2250,#1231,.T.);
#3328=EDGE_CURVE('',#2615,#2448,#1232,.T.);
#3329=EDGE_CURVE('',#2616,#2608,#2047,.T.);
#3330=EDGE_CURVE('',#2616,#2444,#1233,.T.);
#3331=EDGE_CURVE('',#2617,#2616,#1234,.T.);
#3332=EDGE_CURVE('',#2617,#2445,#1235,.T.);
#3333=EDGE_CURVE('',#2605,#2617,#2048,.T.);
#3334=EDGE_CURVE('',#2606,#2244,#1236,.T.);
#3335=EDGE_CURVE('',#2594,#2249,#1237,.T.);
#3336=EDGE_CURVE('',#2618,#2618,#2049,.T.);
#3337=EDGE_CURVE('',#2619,#2619,#2050,.T.);
#3338=EDGE_CURVE('',#2620,#2620,#2051,.T.);
#3339=EDGE_CURVE('',#2620,#2619,#1238,.T.);
#3340=EDGE_CURVE('',#2621,#2622,#2052,.T.);
#3341=EDGE_CURVE('',#2622,#2621,#2053,.T.);
#3342=EDGE_CURVE('',#2622,#2326,#1239,.T.);
#3343=EDGE_CURVE('',#2623,#2623,#2054,.T.);
#3344=EDGE_CURVE('',#2623,#2618,#1240,.T.);
#3345=EDGE_CURVE('',#2624,#2625,#2055,.T.);
#3346=EDGE_CURVE('',#2625,#2624,#2056,.T.);
#3347=EDGE_CURVE('',#2625,#2328,#1241,.T.);
#3348=EDGE_CURVE('',#2626,#2627,#2057,.T.);
#3349=EDGE_CURVE('',#2627,#2626,#2058,.T.);
#3350=EDGE_CURVE('',#2627,#2518,#1242,.T.);
#3351=EDGE_CURVE('',#2628,#2629,#2059,.T.);
#3352=EDGE_CURVE('',#2629,#2628,#2060,.T.);
#3353=EDGE_CURVE('',#2629,#2519,#1243,.T.);
#3354=EDGE_CURVE('',#2630,#2630,#2061,.T.);
#3355=EDGE_CURVE('',#2631,#2631,#2062,.T.);
#3356=EDGE_CURVE('',#2632,#2632,#2063,.T.);
#3357=EDGE_CURVE('',#2633,#2633,#2064,.T.);
#3358=EDGE_CURVE('',#2634,#2634,#2065,.T.);
#3359=EDGE_CURVE('',#2634,#2633,#1244,.T.);
#3360=EDGE_CURVE('',#2635,#2636,#2066,.T.);
#3361=EDGE_CURVE('',#2636,#2635,#2067,.T.);
#3362=EDGE_CURVE('',#2636,#2490,#1245,.T.);
#3363=EDGE_CURVE('',#2637,#2637,#2068,.T.);
#3364=EDGE_CURVE('',#2637,#2632,#1246,.T.);
#3365=EDGE_CURVE('',#2638,#2639,#2069,.T.);
#3366=EDGE_CURVE('',#2639,#2638,#2070,.T.);
#3367=EDGE_CURVE('',#2639,#2492,#1247,.T.);
#3368=EDGE_CURVE('',#2640,#2640,#2071,.T.);
#3369=EDGE_CURVE('',#2640,#2631,#1248,.T.);
#3370=EDGE_CURVE('',#2641,#2642,#2072,.T.);
#3371=EDGE_CURVE('',#2642,#2641,#2073,.T.);
#3372=EDGE_CURVE('',#2642,#2488,#1249,.T.);
#3373=EDGE_CURVE('',#2643,#2643,#2074,.T.);
#3374=EDGE_CURVE('',#2643,#2630,#1250,.T.);
#3375=EDGE_CURVE('',#2644,#2645,#2075,.T.);
#3376=EDGE_CURVE('',#2645,#2644,#2076,.T.);
#3377=EDGE_CURVE('',#2645,#2494,#1251,.T.);
#3378=EDGE_CURVE('',#2646,#2647,#2077,.T.);
#3379=EDGE_CURVE('',#2647,#2646,#2078,.T.);
#3380=EDGE_CURVE('',#2647,#2505,#1252,.T.);
#3381=EDGE_CURVE('',#2648,#2648,#2079,.T.);
#3382=EDGE_CURVE('',#2648,#2649,#1253,.T.);
#3383=EDGE_CURVE('',#2650,#2649,#2080,.T.);
#3384=EDGE_CURVE('',#2649,#2650,#2081,.T.);
#3385=EDGE_CURVE('',#2648,#2424,#1254,.T.);
#3386=EDGE_CURVE('',#2651,#2651,#2082,.T.);
#3387=EDGE_CURVE('',#2651,#2652,#1255,.T.);
#3388=EDGE_CURVE('',#2653,#2652,#2083,.T.);
#3389=EDGE_CURVE('',#2652,#2653,#2084,.T.);
#3390=EDGE_CURVE('',#2651,#2423,#1256,.T.);
#3391=EDGE_CURVE('',#2654,#2654,#2085,.T.);
#3392=EDGE_CURVE('',#2654,#2655,#1257,.T.);
#3393=EDGE_CURVE('',#2656,#2655,#2086,.T.);
#3394=EDGE_CURVE('',#2655,#2656,#2087,.T.);
#3395=EDGE_CURVE('',#2654,#2422,#1258,.T.);
#3396=EDGE_CURVE('',#2657,#2657,#2088,.T.);
#3397=EDGE_CURVE('',#2657,#2658,#1259,.T.);
#3398=EDGE_CURVE('',#2659,#2658,#2089,.T.);
#3399=EDGE_CURVE('',#2658,#2659,#2090,.T.);
#3400=EDGE_CURVE('',#2657,#2425,#1260,.T.);
#3401=EDGE_CURVE('',#2309,#2656,#1261,.T.);
#3402=EDGE_CURVE('',#2307,#2659,#1262,.T.);
#3403=EDGE_CURVE('',#2305,#2653,#1263,.T.);
#3404=EDGE_CURVE('',#2303,#2650,#1264,.T.);
#3405=EDGE_CURVE('',#2299,#2238,#1265,.T.);
#3406=EDGE_CURVE('',#2300,#2237,#1266,.T.);
#3407=EDGE_CURVE('',#2298,#2239,#1267,.T.);
#3408=EDGE_CURVE('',#2297,#2240,#1268,.T.);
#3409=EDGE_CURVE('',#2241,#2296,#1269,.T.);
#3410=EDGE_CURVE('',#2301,#2236,#1270,.T.);
#3411=EDGE_CURVE('',#2603,#2606,#1271,.T.);
#3412=EDGE_CURVE('',#2295,#2243,#1272,.T.);
#3413=EDGE_CURVE('',#2251,#2294,#1273,.T.);
#3414=EDGE_CURVE('',#2602,#2607,#1274,.T.);
#3415=EDGE_CURVE('',#2324,#2248,#1275,.T.);
#3416=EDGE_CURVE('',#2323,#2246,#1276,.T.);
#3417=EDGE_CURVE('',#2411,#2479,#1277,.T.);
#3418=EDGE_CURVE('',#2410,#2480,#1278,.T.);
#3419=EDGE_CURVE('',#2415,#2475,#1279,.T.);
#3420=EDGE_CURVE('',#2414,#2476,#1280,.T.);
#3421=EDGE_CURVE('',#2660,#2255,#2091,.T.);
#3422=EDGE_CURVE('',#2293,#2661,#2092,.T.);
#3423=EDGE_CURVE('',#2661,#2660,#2093,.T.);
#3424=EDGE_CURVE('',#2292,#2662,#2094,.T.);
#3425=EDGE_CURVE('',#2662,#2661,#2095,.T.);
#3426=EDGE_CURVE('',#2291,#2663,#2096,.T.);
#3427=EDGE_CURVE('',#2663,#2662,#2097,.T.);
#3428=EDGE_CURVE('',#2290,#2664,#2098,.T.);
#3429=EDGE_CURVE('',#2664,#2663,#1281,.T.);
#3430=EDGE_CURVE('',#2289,#2665,#2099,.T.);
#3431=EDGE_CURVE('',#2665,#2664,#2100,.T.);
#3432=EDGE_CURVE('',#2288,#2666,#2101,.T.);
#3433=EDGE_CURVE('',#2666,#2665,#2102,.T.);
#3434=EDGE_CURVE('',#2287,#2667,#2103,.T.);
#3435=EDGE_CURVE('',#2667,#2666,#2104,.T.);
#3436=EDGE_CURVE('',#2286,#2668,#2105,.T.);
#3437=EDGE_CURVE('',#2668,#2667,#1282,.T.);
#3438=EDGE_CURVE('',#2285,#2669,#2106,.T.);
#3439=EDGE_CURVE('',#2669,#2668,#2107,.T.);
#3440=EDGE_CURVE('',#2284,#2670,#2108,.T.);
#3441=EDGE_CURVE('',#2670,#2669,#2109,.T.);
#3442=EDGE_CURVE('',#2283,#2671,#2110,.T.);
#3443=EDGE_CURVE('',#2671,#2670,#2111,.T.);
#3444=EDGE_CURVE('',#2282,#2672,#2112,.T.);
#3445=EDGE_CURVE('',#2672,#2671,#1283,.T.);
#3446=EDGE_CURVE('',#2281,#2673,#2113,.T.);
#3447=EDGE_CURVE('',#2673,#2672,#2114,.T.);
#3448=EDGE_CURVE('',#2280,#2674,#2115,.T.);
#3449=EDGE_CURVE('',#2674,#2673,#2116,.T.);
#3450=EDGE_CURVE('',#2279,#2675,#2117,.T.);
#3451=EDGE_CURVE('',#2675,#2674,#2118,.T.);
#3452=EDGE_CURVE('',#2278,#2676,#2119,.T.);
#3453=EDGE_CURVE('',#2676,#2675,#1284,.T.);
#3454=EDGE_CURVE('',#2277,#2677,#2120,.T.);
#3455=EDGE_CURVE('',#2677,#2676,#2121,.T.);
#3456=EDGE_CURVE('',#2276,#2678,#2122,.T.);
#3457=EDGE_CURVE('',#2678,#2677,#1285,.T.);
#3458=EDGE_CURVE('',#2275,#2679,#2123,.T.);
#3459=EDGE_CURVE('',#2679,#2678,#2124,.T.);
#3460=EDGE_CURVE('',#2274,#2680,#2125,.T.);
#3461=EDGE_CURVE('',#2680,#2679,#1286,.T.);
#3462=EDGE_CURVE('',#2273,#2681,#2126,.T.);
#3463=EDGE_CURVE('',#2681,#2680,#2127,.T.);
#3464=EDGE_CURVE('',#2272,#2682,#2128,.T.);
#3465=EDGE_CURVE('',#2682,#2681,#2129,.T.);
#3466=EDGE_CURVE('',#2271,#2683,#2130,.T.);
#3467=EDGE_CURVE('',#2683,#2682,#2131,.T.);
#3468=EDGE_CURVE('',#2270,#2684,#2132,.T.);
#3469=EDGE_CURVE('',#2684,#2683,#1287,.T.);
#3470=EDGE_CURVE('',#2269,#2685,#2133,.T.);
#3471=EDGE_CURVE('',#2685,#2684,#2134,.T.);
#3472=EDGE_CURVE('',#2268,#2686,#2135,.T.);
#3473=EDGE_CURVE('',#2686,#2685,#2136,.T.);
#3474=EDGE_CURVE('',#2267,#2687,#2137,.T.);
#3475=EDGE_CURVE('',#2687,#2686,#2138,.T.);
#3476=EDGE_CURVE('',#2266,#2688,#2139,.T.);
#3477=EDGE_CURVE('',#2688,#2687,#1288,.T.);
#3478=EDGE_CURVE('',#2265,#2689,#2140,.T.);
#3479=EDGE_CURVE('',#2689,#2688,#2141,.T.);
#3480=EDGE_CURVE('',#2264,#2690,#2142,.T.);
#3481=EDGE_CURVE('',#2690,#2689,#2143,.T.);
#3482=EDGE_CURVE('',#2263,#2691,#2144,.T.);
#3483=EDGE_CURVE('',#2691,#2690,#2145,.T.);
#3484=EDGE_CURVE('',#2262,#2692,#2146,.T.);
#3485=EDGE_CURVE('',#2692,#2691,#1289,.T.);
#3486=EDGE_CURVE('',#2261,#2693,#2147,.T.);
#3487=EDGE_CURVE('',#2693,#2692,#2148,.T.);
#3488=EDGE_CURVE('',#2260,#2694,#2149,.T.);
#3489=EDGE_CURVE('',#2694,#2693,#2150,.T.);
#3490=EDGE_CURVE('',#2259,#2695,#2151,.T.);
#3491=EDGE_CURVE('',#2695,#2694,#2152,.T.);
#3492=EDGE_CURVE('',#2258,#2696,#2153,.T.);
#3493=EDGE_CURVE('',#2696,#2695,#1290,.T.);
#3494=EDGE_CURVE('',#2257,#2697,#2154,.T.);
#3495=EDGE_CURVE('',#2697,#2696,#2155,.T.);
#3496=EDGE_CURVE('',#2256,#2698,#2156,.T.);
#3497=EDGE_CURVE('',#2698,#2697,#1291,.T.);
#3498=EDGE_CURVE('',#2254,#2699,#2157,.T.);
#3499=EDGE_CURVE('',#2699,#2698,#2158,.T.);
#3500=EDGE_CURVE('',#2660,#2699,#1292,.T.);
#3501=EDGE_CURVE('',#2700,#2682,#1293,.T.);
#3502=EDGE_CURVE('',#2701,#2700,#2159,.T.);
#3503=EDGE_CURVE('',#2681,#2701,#1294,.T.);
#3504=EDGE_CURVE('',#2683,#2702,#1295,.T.);
#3505=EDGE_CURVE('',#2702,#2700,#2160,.T.);
#3506=EDGE_CURVE('',#2703,#2684,#1296,.T.);
#3507=EDGE_CURVE('',#2702,#2703,#1297,.T.);
#3508=EDGE_CURVE('',#2685,#2704,#1298,.T.);
#3509=EDGE_CURVE('',#2704,#2703,#2161,.T.);
#3510=EDGE_CURVE('',#2705,#2686,#1299,.T.);
#3511=EDGE_CURVE('',#2704,#2705,#2162,.T.);
#3512=EDGE_CURVE('',#2687,#2706,#1300,.T.);
#3513=EDGE_CURVE('',#2706,#2705,#2163,.T.);
#3514=EDGE_CURVE('',#2707,#2688,#1301,.T.);
#3515=EDGE_CURVE('',#2706,#2707,#1302,.T.);
#3516=EDGE_CURVE('',#2689,#2708,#1303,.T.);
#3517=EDGE_CURVE('',#2708,#2707,#2164,.T.);
#3518=EDGE_CURVE('',#2709,#2690,#1304,.T.);
#3519=EDGE_CURVE('',#2708,#2709,#2165,.T.);
#3520=EDGE_CURVE('',#2691,#2710,#1305,.T.);
#3521=EDGE_CURVE('',#2710,#2709,#2166,.T.);
#3522=EDGE_CURVE('',#2711,#2692,#1306,.T.);
#3523=EDGE_CURVE('',#2710,#2711,#1307,.T.);
#3524=EDGE_CURVE('',#2693,#2712,#1308,.T.);
#3525=EDGE_CURVE('',#2712,#2711,#2167,.T.);
#3526=EDGE_CURVE('',#2713,#2694,#1309,.T.);
#3527=EDGE_CURVE('',#2712,#2713,#2168,.T.);
#3528=EDGE_CURVE('',#2695,#2714,#1310,.T.);
#3529=EDGE_CURVE('',#2714,#2713,#2169,.T.);
#3530=EDGE_CURVE('',#2696,#2715,#1311,.T.);
#3531=EDGE_CURVE('',#2714,#2715,#1312,.T.);
#3532=EDGE_CURVE('',#2697,#2716,#1313,.T.);
#3533=EDGE_CURVE('',#2715,#2716,#2170,.T.);
#3534=EDGE_CURVE('',#2698,#2717,#1314,.T.);
#3535=EDGE_CURVE('',#2716,#2717,#1315,.T.);
#3536=EDGE_CURVE('',#2699,#2718,#1316,.T.);
#3537=EDGE_CURVE('',#2717,#2718,#2171,.T.);
#3538=EDGE_CURVE('',#2719,#2660,#1317,.T.);
#3539=EDGE_CURVE('',#2718,#2719,#1318,.T.);
#3540=EDGE_CURVE('',#2661,#2720,#1319,.T.);
#3541=EDGE_CURVE('',#2720,#2719,#2172,.T.);
#3542=EDGE_CURVE('',#2720,#2721,#2173,.T.);
#3543=EDGE_CURVE('',#2722,#2721,#2174,.T.);
#3544=EDGE_CURVE('',#2722,#2723,#1320,.T.);
#3545=EDGE_CURVE('',#2724,#2723,#2175,.T.);
#3546=EDGE_CURVE('',#2724,#2725,#2176,.T.);
#3547=EDGE_CURVE('',#2726,#2725,#2177,.T.);
#3548=EDGE_CURVE('',#2726,#2727,#1321,.T.);
#3549=EDGE_CURVE('',#2728,#2727,#2178,.T.);
#3550=EDGE_CURVE('',#2728,#2729,#2179,.T.);
#3551=EDGE_CURVE('',#2730,#2729,#2180,.T.);
#3552=EDGE_CURVE('',#2730,#2731,#1322,.T.);
#3553=EDGE_CURVE('',#2732,#2731,#2181,.T.);
#3554=EDGE_CURVE('',#2732,#2733,#2182,.T.);
#3555=EDGE_CURVE('',#2734,#2733,#2183,.T.);
#3556=EDGE_CURVE('',#2734,#2735,#1323,.T.);
#3557=EDGE_CURVE('',#2735,#2736,#2184,.T.);
#3558=EDGE_CURVE('',#2736,#2737,#1324,.T.);
#3559=EDGE_CURVE('',#2737,#2738,#2185,.T.);
#3560=EDGE_CURVE('',#2738,#2739,#1325,.T.);
#3561=EDGE_CURVE('',#2701,#2739,#2186,.T.);
#3562=EDGE_CURVE('',#2739,#2680,#1326,.T.);
#3563=EDGE_CURVE('',#2679,#2738,#1327,.T.);
#3564=EDGE_CURVE('',#2675,#2734,#1328,.T.);
#3565=EDGE_CURVE('',#2733,#2674,#1329,.T.);
#3566=EDGE_CURVE('',#2673,#2732,#1330,.T.);
#3567=EDGE_CURVE('',#2731,#2672,#1331,.T.);
#3568=EDGE_CURVE('',#2671,#2730,#1332,.T.);
#3569=EDGE_CURVE('',#2729,#2670,#1333,.T.);
#3570=EDGE_CURVE('',#2669,#2728,#1334,.T.);
#3571=EDGE_CURVE('',#2727,#2668,#1335,.T.);
#3572=EDGE_CURVE('',#2667,#2726,#1336,.T.);
#3573=EDGE_CURVE('',#2725,#2666,#1337,.T.);
#3574=EDGE_CURVE('',#2665,#2724,#1338,.T.);
#3575=EDGE_CURVE('',#2723,#2664,#1339,.T.);
#3576=EDGE_CURVE('',#2663,#2722,#1340,.T.);
#3577=EDGE_CURVE('',#2721,#2662,#1341,.T.);
#3578=EDGE_CURVE('',#2676,#2735,#1342,.T.);
#3579=EDGE_CURVE('',#2678,#2737,#1343,.T.);
#3580=EDGE_CURVE('',#2677,#2736,#1344,.T.);
#3581=EDGE_CURVE('',#2740,#2740,#2187,.T.);
#3582=EDGE_CURVE('',#2740,#2252,#1345,.T.);
#3583=ORIENTED_EDGE('',*,*,#2741,.T.);
#3584=ORIENTED_EDGE('',*,*,#2742,.T.);
#3585=ORIENTED_EDGE('',*,*,#2743,.T.);
#3586=ORIENTED_EDGE('',*,*,#2744,.T.);
#3587=ORIENTED_EDGE('',*,*,#2743,.F.);
#3588=ORIENTED_EDGE('',*,*,#2745,.T.);
#3589=ORIENTED_EDGE('',*,*,#2746,.F.);
#3590=ORIENTED_EDGE('',*,*,#2747,.T.);
#3591=ORIENTED_EDGE('',*,*,#2748,.F.);
#3592=ORIENTED_EDGE('',*,*,#2749,.T.);
#3593=ORIENTED_EDGE('',*,*,#2750,.F.);
#3594=ORIENTED_EDGE('',*,*,#2751,.F.);
#3595=ORIENTED_EDGE('',*,*,#2752,.T.);
#3596=ORIENTED_EDGE('',*,*,#2753,.T.);
#3597=ORIENTED_EDGE('',*,*,#2754,.T.);
#3598=ORIENTED_EDGE('',*,*,#2755,.T.);
#3599=ORIENTED_EDGE('',*,*,#2756,.T.);
#3600=ORIENTED_EDGE('',*,*,#2757,.T.);
#3601=ORIENTED_EDGE('',*,*,#2742,.F.);
#3602=ORIENTED_EDGE('',*,*,#2758,.F.);
#3603=ORIENTED_EDGE('',*,*,#2759,.F.);
#3604=ORIENTED_EDGE('',*,*,#2745,.F.);
#3605=ORIENTED_EDGE('',*,*,#2746,.T.);
#3606=ORIENTED_EDGE('',*,*,#2759,.T.);
#3607=ORIENTED_EDGE('',*,*,#2760,.T.);
#3608=ORIENTED_EDGE('',*,*,#2761,.T.);
#3609=ORIENTED_EDGE('',*,*,#2750,.T.);
#3610=ORIENTED_EDGE('',*,*,#2762,.T.);
#3611=ORIENTED_EDGE('',*,*,#2763,.T.);
#3612=ORIENTED_EDGE('',*,*,#2764,.T.);
#3613=ORIENTED_EDGE('',*,*,#2762,.F.);
#3614=ORIENTED_EDGE('',*,*,#2749,.F.);
#3615=ORIENTED_EDGE('',*,*,#2765,.F.);
#3616=ORIENTED_EDGE('',*,*,#2766,.F.);
#3617=ORIENTED_EDGE('',*,*,#2767,.T.);
#3618=ORIENTED_EDGE('',*,*,#2765,.T.);
#3619=ORIENTED_EDGE('',*,*,#2748,.T.);
#3620=ORIENTED_EDGE('',*,*,#2768,.T.);
#3621=ORIENTED_EDGE('',*,*,#2741,.F.);
#3622=ORIENTED_EDGE('',*,*,#2769,.F.);
#3623=ORIENTED_EDGE('',*,*,#2770,.T.);
#3624=ORIENTED_EDGE('',*,*,#2771,.T.);
#3625=ORIENTED_EDGE('',*,*,#2772,.F.);
#3626=ORIENTED_EDGE('',*,*,#2773,.T.);
#3627=ORIENTED_EDGE('',*,*,#2774,.T.);
#3628=ORIENTED_EDGE('',*,*,#2775,.F.);
#3629=ORIENTED_EDGE('',*,*,#2763,.F.);
#3630=ORIENTED_EDGE('',*,*,#2766,.T.);
#3631=ORIENTED_EDGE('',*,*,#2767,.F.);
#3632=ORIENTED_EDGE('',*,*,#2776,.F.);
#3633=ORIENTED_EDGE('',*,*,#2760,.F.);
#3634=ORIENTED_EDGE('',*,*,#2758,.T.);
#3635=ORIENTED_EDGE('',*,*,#2777,.F.);
#3636=ORIENTED_EDGE('',*,*,#2778,.T.);
#3637=ORIENTED_EDGE('',*,*,#2779,.T.);
#3638=ORIENTED_EDGE('',*,*,#2780,.T.);
#3639=ORIENTED_EDGE('',*,*,#2778,.F.);
#3640=ORIENTED_EDGE('',*,*,#2781,.F.);
#3641=ORIENTED_EDGE('',*,*,#2782,.F.);
#3642=ORIENTED_EDGE('',*,*,#2783,.F.);
#3643=ORIENTED_EDGE('',*,*,#2784,.F.);
#3644=ORIENTED_EDGE('',*,*,#2785,.T.);
#3645=ORIENTED_EDGE('',*,*,#2786,.T.);
#3646=ORIENTED_EDGE('',*,*,#2782,.T.);
#3647=ORIENTED_EDGE('',*,*,#2785,.F.);
#3648=ORIENTED_EDGE('',*,*,#2787,.F.);
#3649=ORIENTED_EDGE('',*,*,#2788,.T.);
#3650=ORIENTED_EDGE('',*,*,#2789,.F.);
#3651=ORIENTED_EDGE('',*,*,#2761,.F.);
#3652=ORIENTED_EDGE('',*,*,#2776,.T.);
#3653=ORIENTED_EDGE('',*,*,#2768,.F.);
#3654=ORIENTED_EDGE('',*,*,#2747,.F.);
#3655=ORIENTED_EDGE('',*,*,#2790,.F.);
#3656=ORIENTED_EDGE('',*,*,#2791,.T.);
#3657=ORIENTED_EDGE('',*,*,#2792,.T.);
#3658=ORIENTED_EDGE('',*,*,#2793,.T.);
#3659=ORIENTED_EDGE('',*,*,#2791,.F.);
#3660=ORIENTED_EDGE('',*,*,#2794,.T.);
#3661=ORIENTED_EDGE('',*,*,#2795,.F.);
#3662=ORIENTED_EDGE('',*,*,#2796,.F.);
#3663=ORIENTED_EDGE('',*,*,#2797,.F.);
#3664=ORIENTED_EDGE('',*,*,#2798,.T.);
#3665=ORIENTED_EDGE('',*,*,#2799,.T.);
#3666=ORIENTED_EDGE('',*,*,#2800,.T.);
#3667=ORIENTED_EDGE('',*,*,#2790,.T.);
#3668=ORIENTED_EDGE('',*,*,#2801,.F.);
#3669=ORIENTED_EDGE('',*,*,#2802,.F.);
#3670=ORIENTED_EDGE('',*,*,#2803,.F.);
#3671=ORIENTED_EDGE('',*,*,#2804,.F.);
#3672=ORIENTED_EDGE('',*,*,#2805,.F.);
#3673=ORIENTED_EDGE('',*,*,#2806,.F.);
#3674=ORIENTED_EDGE('',*,*,#2807,.F.);
#3675=ORIENTED_EDGE('',*,*,#2797,.T.);
#3676=ORIENTED_EDGE('',*,*,#2808,.F.);
#3677=ORIENTED_EDGE('',*,*,#2809,.F.);
#3678=ORIENTED_EDGE('',*,*,#2810,.F.);
#3679=ORIENTED_EDGE('',*,*,#2811,.T.);
#3680=ORIENTED_EDGE('',*,*,#2812,.T.);
#3681=ORIENTED_EDGE('',*,*,#2813,.T.);
#3682=ORIENTED_EDGE('',*,*,#2814,.T.);
#3683=ORIENTED_EDGE('',*,*,#2779,.F.);
#3684=ORIENTED_EDGE('',*,*,#2783,.T.);
#3685=ORIENTED_EDGE('',*,*,#2786,.F.);
#3686=ORIENTED_EDGE('',*,*,#2789,.T.);
#3687=ORIENTED_EDGE('',*,*,#2815,.T.);
#3688=ORIENTED_EDGE('',*,*,#2816,.T.);
#3689=ORIENTED_EDGE('',*,*,#2817,.T.);
#3690=ORIENTED_EDGE('',*,*,#2818,.F.);
#3691=ORIENTED_EDGE('',*,*,#2819,.F.);
#3692=ORIENTED_EDGE('',*,*,#2794,.F.);
#3693=ORIENTED_EDGE('',*,*,#2820,.T.);
#3694=ORIENTED_EDGE('',*,*,#2800,.F.);
#3695=ORIENTED_EDGE('',*,*,#2821,.F.);
#3696=ORIENTED_EDGE('',*,*,#2822,.F.);
#3697=ORIENTED_EDGE('',*,*,#2808,.T.);
#3698=ORIENTED_EDGE('',*,*,#2823,.F.);
#3699=ORIENTED_EDGE('',*,*,#2824,.F.);
#3700=ORIENTED_EDGE('',*,*,#2825,.F.);
#3701=ORIENTED_EDGE('',*,*,#2826,.F.);
#3702=ORIENTED_EDGE('',*,*,#2827,.F.);
#3703=ORIENTED_EDGE('',*,*,#2828,.F.);
#3704=ORIENTED_EDGE('',*,*,#2829,.F.);
#3705=ORIENTED_EDGE('',*,*,#2830,.F.);
#3706=ORIENTED_EDGE('',*,*,#2831,.F.);
#3707=ORIENTED_EDGE('',*,*,#2832,.F.);
#3708=ORIENTED_EDGE('',*,*,#2833,.F.);
#3709=ORIENTED_EDGE('',*,*,#2834,.F.);
#3710=ORIENTED_EDGE('',*,*,#2835,.F.);
#3711=ORIENTED_EDGE('',*,*,#2836,.F.);
#3712=ORIENTED_EDGE('',*,*,#2837,.F.);
#3713=ORIENTED_EDGE('',*,*,#2838,.F.);
#3714=ORIENTED_EDGE('',*,*,#2839,.F.);
#3715=ORIENTED_EDGE('',*,*,#2840,.F.);
#3716=ORIENTED_EDGE('',*,*,#2841,.F.);
#3717=ORIENTED_EDGE('',*,*,#2842,.F.);
#3718=ORIENTED_EDGE('',*,*,#2843,.F.);
#3719=ORIENTED_EDGE('',*,*,#2844,.F.);
#3720=ORIENTED_EDGE('',*,*,#2845,.F.);
#3721=ORIENTED_EDGE('',*,*,#2846,.F.);
#3722=ORIENTED_EDGE('',*,*,#2847,.F.);
#3723=ORIENTED_EDGE('',*,*,#2848,.F.);
#3724=ORIENTED_EDGE('',*,*,#2849,.F.);
#3725=ORIENTED_EDGE('',*,*,#2850,.F.);
#3726=ORIENTED_EDGE('',*,*,#2851,.F.);
#3727=ORIENTED_EDGE('',*,*,#2852,.F.);
#3728=ORIENTED_EDGE('',*,*,#2853,.F.);
#3729=ORIENTED_EDGE('',*,*,#2854,.F.);
#3730=ORIENTED_EDGE('',*,*,#2855,.F.);
#3731=ORIENTED_EDGE('',*,*,#2856,.F.);
#3732=ORIENTED_EDGE('',*,*,#2857,.F.);
#3733=ORIENTED_EDGE('',*,*,#2858,.F.);
#3734=ORIENTED_EDGE('',*,*,#2859,.F.);
#3735=ORIENTED_EDGE('',*,*,#2860,.F.);
#3736=ORIENTED_EDGE('',*,*,#2861,.F.);
#3737=ORIENTED_EDGE('',*,*,#2862,.F.);
#3738=ORIENTED_EDGE('',*,*,#2796,.T.);
#3739=ORIENTED_EDGE('',*,*,#2863,.F.);
#3740=ORIENTED_EDGE('',*,*,#2864,.T.);
#3741=ORIENTED_EDGE('',*,*,#2865,.F.);
#3742=ORIENTED_EDGE('',*,*,#2821,.T.);
#3743=ORIENTED_EDGE('',*,*,#2799,.F.);
#3744=ORIENTED_EDGE('',*,*,#2866,.T.);
#3745=ORIENTED_EDGE('',*,*,#2867,.T.);
#3746=ORIENTED_EDGE('',*,*,#2868,.T.);
#3747=ORIENTED_EDGE('',*,*,#2869,.T.);
#3748=ORIENTED_EDGE('',*,*,#2870,.T.);
#3749=ORIENTED_EDGE('',*,*,#2871,.T.);
#3750=ORIENTED_EDGE('',*,*,#2872,.T.);
#3751=ORIENTED_EDGE('',*,*,#2792,.F.);
#3752=ORIENTED_EDGE('',*,*,#2873,.T.);
#3753=ORIENTED_EDGE('',*,*,#2874,.T.);
#3754=ORIENTED_EDGE('',*,*,#2875,.T.);
#3755=ORIENTED_EDGE('',*,*,#2876,.T.);
#3756=ORIENTED_EDGE('',*,*,#2877,.T.);
#3757=ORIENTED_EDGE('',*,*,#2878,.T.);
#3758=ORIENTED_EDGE('',*,*,#2879,.T.);
#3759=ORIENTED_EDGE('',*,*,#2880,.T.);
#3760=ORIENTED_EDGE('',*,*,#2881,.T.);
#3761=ORIENTED_EDGE('',*,*,#2882,.T.);
#3762=ORIENTED_EDGE('',*,*,#2883,.T.);
#3763=ORIENTED_EDGE('',*,*,#2884,.T.);
#3764=ORIENTED_EDGE('',*,*,#2885,.T.);
#3765=ORIENTED_EDGE('',*,*,#2886,.T.);
#3766=ORIENTED_EDGE('',*,*,#2887,.T.);
#3767=ORIENTED_EDGE('',*,*,#2888,.T.);
#3768=ORIENTED_EDGE('',*,*,#2889,.T.);
#3769=ORIENTED_EDGE('',*,*,#2890,.T.);
#3770=ORIENTED_EDGE('',*,*,#2891,.T.);
#3771=ORIENTED_EDGE('',*,*,#2892,.T.);
#3772=ORIENTED_EDGE('',*,*,#2777,.T.);
#3773=ORIENTED_EDGE('',*,*,#2893,.T.);
#3774=ORIENTED_EDGE('',*,*,#2894,.T.);
#3775=ORIENTED_EDGE('',*,*,#2895,.T.);
#3776=ORIENTED_EDGE('',*,*,#2896,.T.);
#3777=ORIENTED_EDGE('',*,*,#2787,.T.);
#3778=ORIENTED_EDGE('',*,*,#2784,.T.);
#3779=ORIENTED_EDGE('',*,*,#2781,.T.);
#3780=ORIENTED_EDGE('',*,*,#2897,.T.);
#3781=ORIENTED_EDGE('',*,*,#2898,.T.);
#3782=ORIENTED_EDGE('',*,*,#2899,.T.);
#3783=ORIENTED_EDGE('',*,*,#2900,.T.);
#3784=ORIENTED_EDGE('',*,*,#2780,.F.);
#3785=ORIENTED_EDGE('',*,*,#2814,.F.);
#3786=ORIENTED_EDGE('',*,*,#2901,.F.);
#3787=ORIENTED_EDGE('',*,*,#2893,.F.);
#3788=ORIENTED_EDGE('',*,*,#2764,.F.);
#3789=ORIENTED_EDGE('',*,*,#2775,.T.);
#3790=ORIENTED_EDGE('',*,*,#2902,.T.);
#3791=ORIENTED_EDGE('',*,*,#2903,.T.);
#3792=ORIENTED_EDGE('',*,*,#2904,.T.);
#3793=ORIENTED_EDGE('',*,*,#2905,.T.);
#3794=ORIENTED_EDGE('',*,*,#2906,.T.);
#3795=ORIENTED_EDGE('',*,*,#2751,.T.);
#3796=ORIENTED_EDGE('',*,*,#2907,.F.);
#3797=ORIENTED_EDGE('',*,*,#2908,.T.);
#3798=ORIENTED_EDGE('',*,*,#2909,.F.);
#3799=ORIENTED_EDGE('',*,*,#2910,.F.);
#3800=ORIENTED_EDGE('',*,*,#2911,.F.);
#3801=ORIENTED_EDGE('',*,*,#2772,.T.);
#3802=ORIENTED_EDGE('',*,*,#2912,.F.);
#3803=ORIENTED_EDGE('',*,*,#2908,.F.);
#3804=ORIENTED_EDGE('',*,*,#2913,.F.);
#3805=ORIENTED_EDGE('',*,*,#2914,.T.);
#3806=ORIENTED_EDGE('',*,*,#2915,.F.);
#3807=ORIENTED_EDGE('',*,*,#2754,.F.);
#3808=ORIENTED_EDGE('',*,*,#2916,.F.);
#3809=ORIENTED_EDGE('',*,*,#2917,.F.);
#3810=ORIENTED_EDGE('',*,*,#2918,.F.);
#3811=ORIENTED_EDGE('',*,*,#2914,.F.);
#3812=ORIENTED_EDGE('',*,*,#2915,.T.);
#3813=ORIENTED_EDGE('',*,*,#2918,.T.);
#3814=ORIENTED_EDGE('',*,*,#2919,.F.);
#3815=ORIENTED_EDGE('',*,*,#2920,.F.);
#3816=ORIENTED_EDGE('',*,*,#2921,.F.);
#3817=ORIENTED_EDGE('',*,*,#2755,.F.);
#3818=ORIENTED_EDGE('',*,*,#2922,.T.);
#3819=ORIENTED_EDGE('',*,*,#2923,.T.);
#3820=ORIENTED_EDGE('',*,*,#2924,.T.);
#3821=ORIENTED_EDGE('',*,*,#2925,.T.);
#3822=ORIENTED_EDGE('',*,*,#2926,.T.);
#3823=ORIENTED_EDGE('',*,*,#2927,.T.);
#3824=ORIENTED_EDGE('',*,*,#2928,.T.);
#3825=ORIENTED_EDGE('',*,*,#2929,.T.);
#3826=ORIENTED_EDGE('',*,*,#2930,.T.);
#3827=ORIENTED_EDGE('',*,*,#2931,.T.);
#3828=ORIENTED_EDGE('',*,*,#2932,.T.);
#3829=ORIENTED_EDGE('',*,*,#2933,.T.);
#3830=ORIENTED_EDGE('',*,*,#2934,.T.);
#3831=ORIENTED_EDGE('',*,*,#2935,.T.);
#3832=ORIENTED_EDGE('',*,*,#2936,.T.);
#3833=ORIENTED_EDGE('',*,*,#2937,.T.);
#3834=ORIENTED_EDGE('',*,*,#2938,.T.);
#3835=ORIENTED_EDGE('',*,*,#2939,.T.);
#3836=ORIENTED_EDGE('',*,*,#2940,.T.);
#3837=ORIENTED_EDGE('',*,*,#2941,.T.);
#3838=ORIENTED_EDGE('',*,*,#2942,.T.);
#3839=ORIENTED_EDGE('',*,*,#2943,.T.);
#3840=ORIENTED_EDGE('',*,*,#2944,.T.);
#3841=ORIENTED_EDGE('',*,*,#2945,.T.);
#3842=ORIENTED_EDGE('',*,*,#2946,.T.);
#3843=ORIENTED_EDGE('',*,*,#2947,.T.);
#3844=ORIENTED_EDGE('',*,*,#2948,.T.);
#3845=ORIENTED_EDGE('',*,*,#2949,.T.);
#3846=ORIENTED_EDGE('',*,*,#2950,.T.);
#3847=ORIENTED_EDGE('',*,*,#2951,.T.);
#3848=ORIENTED_EDGE('',*,*,#2952,.T.);
#3849=ORIENTED_EDGE('',*,*,#2953,.T.);
#3850=ORIENTED_EDGE('',*,*,#2954,.T.);
#3851=ORIENTED_EDGE('',*,*,#2955,.T.);
#3852=ORIENTED_EDGE('',*,*,#2956,.T.);
#3853=ORIENTED_EDGE('',*,*,#2957,.T.);
#3854=ORIENTED_EDGE('',*,*,#2958,.T.);
#3855=ORIENTED_EDGE('',*,*,#2959,.T.);
#3856=ORIENTED_EDGE('',*,*,#2960,.T.);
#3857=ORIENTED_EDGE('',*,*,#2961,.T.);
#3858=ORIENTED_EDGE('',*,*,#2910,.T.);
#3859=ORIENTED_EDGE('',*,*,#2962,.T.);
#3860=ORIENTED_EDGE('',*,*,#2963,.T.);
#3861=ORIENTED_EDGE('',*,*,#2964,.T.);
#3862=ORIENTED_EDGE('',*,*,#2965,.T.);
#3863=ORIENTED_EDGE('',*,*,#2966,.T.);
#3864=ORIENTED_EDGE('',*,*,#2967,.T.);
#3865=ORIENTED_EDGE('',*,*,#2968,.T.);
#3866=ORIENTED_EDGE('',*,*,#2969,.T.);
#3867=ORIENTED_EDGE('',*,*,#2970,.T.);
#3868=ORIENTED_EDGE('',*,*,#2971,.T.);
#3869=ORIENTED_EDGE('',*,*,#2972,.T.);
#3870=ORIENTED_EDGE('',*,*,#2973,.T.);
#3871=ORIENTED_EDGE('',*,*,#2974,.T.);
#3872=ORIENTED_EDGE('',*,*,#2975,.T.);
#3873=ORIENTED_EDGE('',*,*,#2976,.T.);
#3874=ORIENTED_EDGE('',*,*,#2977,.T.);
#3875=ORIENTED_EDGE('',*,*,#2978,.T.);
#3876=ORIENTED_EDGE('',*,*,#2979,.T.);
#3877=ORIENTED_EDGE('',*,*,#2980,.T.);
#3878=ORIENTED_EDGE('',*,*,#2981,.T.);
#3879=ORIENTED_EDGE('',*,*,#2982,.T.);
#3880=ORIENTED_EDGE('',*,*,#2983,.T.);
#3881=ORIENTED_EDGE('',*,*,#2984,.T.);
#3882=ORIENTED_EDGE('',*,*,#2985,.T.);
#3883=ORIENTED_EDGE('',*,*,#2986,.T.);
#3884=ORIENTED_EDGE('',*,*,#2987,.T.);
#3885=ORIENTED_EDGE('',*,*,#2919,.T.);
#3886=ORIENTED_EDGE('',*,*,#2917,.T.);
#3887=ORIENTED_EDGE('',*,*,#2988,.T.);
#3888=ORIENTED_EDGE('',*,*,#2989,.T.);
#3889=ORIENTED_EDGE('',*,*,#2990,.T.);
#3890=ORIENTED_EDGE('',*,*,#2991,.T.);
#3891=ORIENTED_EDGE('',*,*,#2992,.T.);
#3892=ORIENTED_EDGE('',*,*,#2993,.T.);
#3893=ORIENTED_EDGE('',*,*,#2994,.T.);
#3894=ORIENTED_EDGE('',*,*,#2995,.T.);
#3895=ORIENTED_EDGE('',*,*,#2996,.T.);
#3896=ORIENTED_EDGE('',*,*,#2997,.T.);
#3897=ORIENTED_EDGE('',*,*,#2998,.T.);
#3898=ORIENTED_EDGE('',*,*,#2999,.T.);
#3899=ORIENTED_EDGE('',*,*,#3000,.T.);
#3900=ORIENTED_EDGE('',*,*,#3001,.T.);
#3901=ORIENTED_EDGE('',*,*,#3002,.T.);
#3902=ORIENTED_EDGE('',*,*,#3003,.T.);
#3903=ORIENTED_EDGE('',*,*,#3004,.T.);
#3904=ORIENTED_EDGE('',*,*,#3005,.T.);
#3905=ORIENTED_EDGE('',*,*,#3006,.T.);
#3906=ORIENTED_EDGE('',*,*,#2744,.F.);
#3907=ORIENTED_EDGE('',*,*,#2757,.F.);
#3908=ORIENTED_EDGE('',*,*,#3007,.T.);
#3909=ORIENTED_EDGE('',*,*,#3008,.T.);
#3910=ORIENTED_EDGE('',*,*,#3009,.F.);
#3911=ORIENTED_EDGE('',*,*,#3010,.F.);
#3912=ORIENTED_EDGE('',*,*,#3011,.F.);
#3913=ORIENTED_EDGE('',*,*,#3012,.F.);
#3914=ORIENTED_EDGE('',*,*,#3013,.T.);
#3915=ORIENTED_EDGE('',*,*,#3014,.T.);
#3916=ORIENTED_EDGE('',*,*,#3015,.F.);
#3917=ORIENTED_EDGE('',*,*,#3016,.T.);
#3918=ORIENTED_EDGE('',*,*,#3017,.F.);
#3919=ORIENTED_EDGE('',*,*,#3018,.F.);
#3920=ORIENTED_EDGE('',*,*,#3019,.T.);
#3921=ORIENTED_EDGE('',*,*,#2769,.T.);
#3922=ORIENTED_EDGE('',*,*,#2912,.T.);
#3923=ORIENTED_EDGE('',*,*,#2771,.F.);
#3924=ORIENTED_EDGE('',*,*,#3020,.F.);
#3925=ORIENTED_EDGE('',*,*,#3021,.F.);
#3926=ORIENTED_EDGE('',*,*,#2962,.F.);
#3927=ORIENTED_EDGE('',*,*,#2909,.T.);
#3928=ORIENTED_EDGE('',*,*,#2911,.T.);
#3929=ORIENTED_EDGE('',*,*,#3022,.F.);
#3930=ORIENTED_EDGE('',*,*,#3023,.F.);
#3931=ORIENTED_EDGE('',*,*,#2773,.F.);
#3932=ORIENTED_EDGE('',*,*,#2913,.T.);
#3933=ORIENTED_EDGE('',*,*,#2753,.F.);
#3934=ORIENTED_EDGE('',*,*,#3024,.F.);
#3935=ORIENTED_EDGE('',*,*,#3025,.F.);
#3936=ORIENTED_EDGE('',*,*,#3021,.T.);
#3937=ORIENTED_EDGE('',*,*,#3026,.F.);
#3938=ORIENTED_EDGE('',*,*,#3027,.F.);
#3939=ORIENTED_EDGE('',*,*,#2963,.F.);
#3940=ORIENTED_EDGE('',*,*,#3022,.T.);
#3941=ORIENTED_EDGE('',*,*,#2907,.T.);
#3942=ORIENTED_EDGE('',*,*,#2998,.F.);
#3943=ORIENTED_EDGE('',*,*,#3028,.T.);
#3944=ORIENTED_EDGE('',*,*,#3029,.F.);
#3945=ORIENTED_EDGE('',*,*,#3020,.T.);
#3946=ORIENTED_EDGE('',*,*,#2770,.F.);
#3947=ORIENTED_EDGE('',*,*,#3019,.F.);
#3948=ORIENTED_EDGE('',*,*,#3030,.T.);
#3949=ORIENTED_EDGE('',*,*,#3031,.T.);
#3950=ORIENTED_EDGE('',*,*,#3032,.T.);
#3951=ORIENTED_EDGE('',*,*,#3033,.T.);
#3952=ORIENTED_EDGE('',*,*,#3034,.T.);
#3953=ORIENTED_EDGE('',*,*,#3013,.F.);
#3954=ORIENTED_EDGE('',*,*,#3035,.T.);
#3955=ORIENTED_EDGE('',*,*,#3036,.T.);
#3956=ORIENTED_EDGE('',*,*,#3037,.T.);
#3957=ORIENTED_EDGE('',*,*,#3038,.T.);
#3958=ORIENTED_EDGE('',*,*,#3039,.T.);
#3959=ORIENTED_EDGE('',*,*,#3007,.F.);
#3960=ORIENTED_EDGE('',*,*,#2756,.F.);
#3961=ORIENTED_EDGE('',*,*,#2921,.T.);
#3962=ORIENTED_EDGE('',*,*,#3040,.T.);
#3963=ORIENTED_EDGE('',*,*,#3041,.F.);
#3964=ORIENTED_EDGE('',*,*,#3042,.F.);
#3965=ORIENTED_EDGE('',*,*,#3043,.F.);
#3966=ORIENTED_EDGE('',*,*,#3044,.F.);
#3967=ORIENTED_EDGE('',*,*,#3045,.F.);
#3968=ORIENTED_EDGE('',*,*,#3046,.F.);
#3969=ORIENTED_EDGE('',*,*,#3047,.F.);
#3970=ORIENTED_EDGE('',*,*,#3048,.F.);
#3971=ORIENTED_EDGE('',*,*,#3049,.F.);
#3972=ORIENTED_EDGE('',*,*,#3050,.F.);
#3973=ORIENTED_EDGE('',*,*,#3051,.F.);
#3974=ORIENTED_EDGE('',*,*,#3052,.F.);
#3975=ORIENTED_EDGE('',*,*,#3053,.F.);
#3976=ORIENTED_EDGE('',*,*,#3054,.F.);
#3977=ORIENTED_EDGE('',*,*,#3055,.F.);
#3978=ORIENTED_EDGE('',*,*,#3056,.F.);
#3979=ORIENTED_EDGE('',*,*,#3057,.F.);
#3980=ORIENTED_EDGE('',*,*,#3058,.F.);
#3981=ORIENTED_EDGE('',*,*,#3059,.F.);
#3982=ORIENTED_EDGE('',*,*,#3060,.F.);
#3983=ORIENTED_EDGE('',*,*,#3061,.F.);
#3984=ORIENTED_EDGE('',*,*,#3062,.F.);
#3985=ORIENTED_EDGE('',*,*,#3063,.F.);
#3986=ORIENTED_EDGE('',*,*,#3026,.T.);
#3987=ORIENTED_EDGE('',*,*,#3023,.T.);
#3988=ORIENTED_EDGE('',*,*,#3029,.T.);
#3989=ORIENTED_EDGE('',*,*,#3064,.F.);
#3990=ORIENTED_EDGE('',*,*,#3065,.F.);
#3991=ORIENTED_EDGE('',*,*,#3066,.F.);
#3992=ORIENTED_EDGE('',*,*,#3067,.F.);
#3993=ORIENTED_EDGE('',*,*,#3068,.F.);
#3994=ORIENTED_EDGE('',*,*,#3069,.F.);
#3995=ORIENTED_EDGE('',*,*,#3070,.F.);
#3996=ORIENTED_EDGE('',*,*,#3071,.F.);
#3997=ORIENTED_EDGE('',*,*,#3072,.F.);
#3998=ORIENTED_EDGE('',*,*,#3073,.T.);
#3999=ORIENTED_EDGE('',*,*,#3024,.T.);
#4000=ORIENTED_EDGE('',*,*,#2752,.F.);
#4001=ORIENTED_EDGE('',*,*,#2906,.F.);
#4002=ORIENTED_EDGE('',*,*,#3074,.F.);
#4003=ORIENTED_EDGE('',*,*,#3075,.F.);
#4004=ORIENTED_EDGE('',*,*,#3076,.F.);
#4005=ORIENTED_EDGE('',*,*,#2902,.F.);
#4006=ORIENTED_EDGE('',*,*,#2774,.F.);
#4007=ORIENTED_EDGE('',*,*,#3077,.T.);
#4008=ORIENTED_EDGE('',*,*,#3078,.T.);
#4009=ORIENTED_EDGE('',*,*,#3079,.F.);
#4010=ORIENTED_EDGE('',*,*,#3080,.F.);
#4011=ORIENTED_EDGE('',*,*,#3081,.F.);
#4012=ORIENTED_EDGE('',*,*,#3082,.F.);
#4013=ORIENTED_EDGE('',*,*,#3083,.F.);
#4014=ORIENTED_EDGE('',*,*,#3084,.F.);
#4015=ORIENTED_EDGE('',*,*,#3085,.F.);
#4016=ORIENTED_EDGE('',*,*,#3086,.F.);
#4017=ORIENTED_EDGE('',*,*,#2920,.T.);
#4018=ORIENTED_EDGE('',*,*,#2987,.F.);
#4019=ORIENTED_EDGE('',*,*,#3087,.F.);
#4020=ORIENTED_EDGE('',*,*,#3040,.F.);
#4021=ORIENTED_EDGE('',*,*,#3088,.T.);
#4022=ORIENTED_EDGE('',*,*,#3089,.T.);
#4023=ORIENTED_EDGE('',*,*,#3090,.T.);
#4024=ORIENTED_EDGE('',*,*,#3091,.F.);
#4025=ORIENTED_EDGE('',*,*,#3092,.F.);
#4026=ORIENTED_EDGE('',*,*,#3090,.F.);
#4027=ORIENTED_EDGE('',*,*,#3001,.F.);
#4028=ORIENTED_EDGE('',*,*,#3002,.F.);
#4029=ORIENTED_EDGE('',*,*,#3093,.T.);
#4030=ORIENTED_EDGE('',*,*,#3088,.F.);
#4031=ORIENTED_EDGE('',*,*,#3089,.F.);
#4032=ORIENTED_EDGE('',*,*,#3093,.F.);
#4033=ORIENTED_EDGE('',*,*,#3094,.T.);
#4034=ORIENTED_EDGE('',*,*,#3095,.T.);
#4035=ORIENTED_EDGE('',*,*,#3096,.T.);
#4036=ORIENTED_EDGE('',*,*,#3097,.F.);
#4037=ORIENTED_EDGE('',*,*,#3098,.F.);
#4038=ORIENTED_EDGE('',*,*,#3096,.F.);
#4039=ORIENTED_EDGE('',*,*,#2999,.F.);
#4040=ORIENTED_EDGE('',*,*,#3000,.F.);
#4041=ORIENTED_EDGE('',*,*,#3099,.T.);
#4042=ORIENTED_EDGE('',*,*,#3094,.F.);
#4043=ORIENTED_EDGE('',*,*,#3095,.F.);
#4044=ORIENTED_EDGE('',*,*,#3099,.F.);
#4045=ORIENTED_EDGE('',*,*,#2891,.F.);
#4046=ORIENTED_EDGE('',*,*,#2892,.F.);
#4047=ORIENTED_EDGE('',*,*,#3100,.T.);
#4048=ORIENTED_EDGE('',*,*,#3097,.T.);
#4049=ORIENTED_EDGE('',*,*,#3098,.T.);
#4050=ORIENTED_EDGE('',*,*,#3100,.F.);
#4051=ORIENTED_EDGE('',*,*,#2889,.F.);
#4052=ORIENTED_EDGE('',*,*,#2890,.F.);
#4053=ORIENTED_EDGE('',*,*,#3101,.T.);
#4054=ORIENTED_EDGE('',*,*,#3091,.T.);
#4055=ORIENTED_EDGE('',*,*,#3092,.T.);
#4056=ORIENTED_EDGE('',*,*,#3101,.F.);
#4057=ORIENTED_EDGE('',*,*,#2916,.T.);
#4058=ORIENTED_EDGE('',*,*,#3025,.T.);
#4059=ORIENTED_EDGE('',*,*,#3073,.F.);
#4060=ORIENTED_EDGE('',*,*,#3102,.F.);
#4061=ORIENTED_EDGE('',*,*,#2988,.F.);
#4062=ORIENTED_EDGE('',*,*,#3087,.T.);
#4063=ORIENTED_EDGE('',*,*,#2986,.F.);
#4064=ORIENTED_EDGE('',*,*,#3103,.T.);
#4065=ORIENTED_EDGE('',*,*,#3041,.T.);
#4066=ORIENTED_EDGE('',*,*,#3104,.F.);
#4067=ORIENTED_EDGE('',*,*,#3105,.T.);
#4068=ORIENTED_EDGE('',*,*,#3106,.T.);
#4069=ORIENTED_EDGE('',*,*,#3105,.F.);
#4070=ORIENTED_EDGE('',*,*,#3068,.T.);
#4071=ORIENTED_EDGE('',*,*,#3107,.T.);
#4072=ORIENTED_EDGE('',*,*,#2993,.F.);
#4073=ORIENTED_EDGE('',*,*,#3108,.T.);
#4074=ORIENTED_EDGE('',*,*,#3106,.F.);
#4075=ORIENTED_EDGE('',*,*,#3104,.T.);
#4076=ORIENTED_EDGE('',*,*,#3109,.T.);
#4077=ORIENTED_EDGE('',*,*,#3110,.T.);
#4078=ORIENTED_EDGE('',*,*,#3111,.T.);
#4079=ORIENTED_EDGE('',*,*,#3112,.T.);
#4080=ORIENTED_EDGE('',*,*,#3113,.F.);
#4081=ORIENTED_EDGE('',*,*,#3114,.T.);
#4082=ORIENTED_EDGE('',*,*,#3115,.F.);
#4083=ORIENTED_EDGE('',*,*,#3116,.T.);
#4084=ORIENTED_EDGE('',*,*,#3111,.F.);
#4085=ORIENTED_EDGE('',*,*,#3117,.T.);
#4086=ORIENTED_EDGE('',*,*,#3118,.F.);
#4087=ORIENTED_EDGE('',*,*,#3119,.T.);
#4088=ORIENTED_EDGE('',*,*,#3120,.F.);
#4089=ORIENTED_EDGE('',*,*,#3121,.T.);
#4090=ORIENTED_EDGE('',*,*,#3122,.F.);
#4091=ORIENTED_EDGE('',*,*,#3123,.T.);
#4092=ORIENTED_EDGE('',*,*,#3118,.T.);
#4093=ORIENTED_EDGE('',*,*,#3061,.T.);
#4094=ORIENTED_EDGE('',*,*,#3124,.F.);
#4095=ORIENTED_EDGE('',*,*,#2966,.F.);
#4096=ORIENTED_EDGE('',*,*,#3125,.T.);
#4097=ORIENTED_EDGE('',*,*,#3060,.T.);
#4098=ORIENTED_EDGE('',*,*,#3126,.F.);
#4099=ORIENTED_EDGE('',*,*,#2967,.F.);
#4100=ORIENTED_EDGE('',*,*,#3124,.T.);
#4101=ORIENTED_EDGE('',*,*,#3059,.T.);
#4102=ORIENTED_EDGE('',*,*,#3127,.F.);
#4103=ORIENTED_EDGE('',*,*,#2968,.F.);
#4104=ORIENTED_EDGE('',*,*,#3126,.T.);
#4105=ORIENTED_EDGE('',*,*,#3058,.T.);
#4106=ORIENTED_EDGE('',*,*,#3128,.F.);
#4107=ORIENTED_EDGE('',*,*,#2969,.F.);
#4108=ORIENTED_EDGE('',*,*,#3127,.T.);
#4109=ORIENTED_EDGE('',*,*,#3057,.T.);
#4110=ORIENTED_EDGE('',*,*,#3129,.F.);
#4111=ORIENTED_EDGE('',*,*,#2970,.F.);
#4112=ORIENTED_EDGE('',*,*,#3128,.T.);
#4113=ORIENTED_EDGE('',*,*,#3056,.T.);
#4114=ORIENTED_EDGE('',*,*,#3130,.F.);
#4115=ORIENTED_EDGE('',*,*,#2971,.F.);
#4116=ORIENTED_EDGE('',*,*,#3129,.T.);
#4117=ORIENTED_EDGE('',*,*,#3055,.T.);
#4118=ORIENTED_EDGE('',*,*,#3131,.F.);
#4119=ORIENTED_EDGE('',*,*,#2972,.F.);
#4120=ORIENTED_EDGE('',*,*,#3130,.T.);
#4121=ORIENTED_EDGE('',*,*,#3054,.T.);
#4122=ORIENTED_EDGE('',*,*,#3132,.F.);
#4123=ORIENTED_EDGE('',*,*,#2973,.F.);
#4124=ORIENTED_EDGE('',*,*,#3131,.T.);
#4125=ORIENTED_EDGE('',*,*,#3053,.T.);
#4126=ORIENTED_EDGE('',*,*,#3133,.F.);
#4127=ORIENTED_EDGE('',*,*,#2974,.F.);
#4128=ORIENTED_EDGE('',*,*,#3132,.T.);
#4129=ORIENTED_EDGE('',*,*,#3052,.T.);
#4130=ORIENTED_EDGE('',*,*,#3134,.F.);
#4131=ORIENTED_EDGE('',*,*,#2975,.F.);
#4132=ORIENTED_EDGE('',*,*,#3133,.T.);
#4133=ORIENTED_EDGE('',*,*,#3135,.T.);
#4134=ORIENTED_EDGE('',*,*,#3136,.T.);
#4135=ORIENTED_EDGE('',*,*,#3051,.T.);
#4136=ORIENTED_EDGE('',*,*,#3137,.F.);
#4137=ORIENTED_EDGE('',*,*,#2976,.F.);
#4138=ORIENTED_EDGE('',*,*,#3134,.T.);
#4139=ORIENTED_EDGE('',*,*,#3050,.T.);
#4140=ORIENTED_EDGE('',*,*,#3138,.F.);
#4141=ORIENTED_EDGE('',*,*,#2977,.F.);
#4142=ORIENTED_EDGE('',*,*,#3137,.T.);
#4143=ORIENTED_EDGE('',*,*,#3049,.T.);
#4144=ORIENTED_EDGE('',*,*,#3139,.F.);
#4145=ORIENTED_EDGE('',*,*,#2978,.F.);
#4146=ORIENTED_EDGE('',*,*,#3138,.T.);
#4147=ORIENTED_EDGE('',*,*,#3048,.T.);
#4148=ORIENTED_EDGE('',*,*,#3140,.F.);
#4149=ORIENTED_EDGE('',*,*,#2979,.F.);
#4150=ORIENTED_EDGE('',*,*,#3139,.T.);
#4151=ORIENTED_EDGE('',*,*,#3141,.T.);
#4152=ORIENTED_EDGE('',*,*,#3142,.T.);
#4153=ORIENTED_EDGE('',*,*,#3143,.T.);
#4154=ORIENTED_EDGE('',*,*,#3144,.T.);
#4155=ORIENTED_EDGE('',*,*,#3047,.T.);
#4156=ORIENTED_EDGE('',*,*,#3145,.F.);
#4157=ORIENTED_EDGE('',*,*,#2980,.F.);
#4158=ORIENTED_EDGE('',*,*,#3140,.T.);
#4159=ORIENTED_EDGE('',*,*,#3046,.T.);
#4160=ORIENTED_EDGE('',*,*,#3146,.F.);
#4161=ORIENTED_EDGE('',*,*,#2981,.F.);
#4162=ORIENTED_EDGE('',*,*,#3145,.T.);
#4163=ORIENTED_EDGE('',*,*,#3045,.T.);
#4164=ORIENTED_EDGE('',*,*,#3147,.F.);
#4165=ORIENTED_EDGE('',*,*,#2982,.F.);
#4166=ORIENTED_EDGE('',*,*,#3146,.T.);
#4167=ORIENTED_EDGE('',*,*,#3044,.T.);
#4168=ORIENTED_EDGE('',*,*,#3148,.F.);
#4169=ORIENTED_EDGE('',*,*,#2983,.F.);
#4170=ORIENTED_EDGE('',*,*,#3147,.T.);
#4171=ORIENTED_EDGE('',*,*,#3043,.T.);
#4172=ORIENTED_EDGE('',*,*,#3149,.F.);
#4173=ORIENTED_EDGE('',*,*,#2984,.F.);
#4174=ORIENTED_EDGE('',*,*,#3148,.T.);
#4175=ORIENTED_EDGE('',*,*,#3042,.T.);
#4176=ORIENTED_EDGE('',*,*,#3103,.F.);
#4177=ORIENTED_EDGE('',*,*,#2985,.F.);
#4178=ORIENTED_EDGE('',*,*,#3149,.T.);
#4179=ORIENTED_EDGE('',*,*,#3150,.F.);
#4180=ORIENTED_EDGE('',*,*,#3151,.F.);
#4181=ORIENTED_EDGE('',*,*,#3143,.F.);
#4182=ORIENTED_EDGE('',*,*,#3152,.T.);
#4183=ORIENTED_EDGE('',*,*,#3153,.F.);
#4184=ORIENTED_EDGE('',*,*,#3152,.F.);
#4185=ORIENTED_EDGE('',*,*,#3142,.F.);
#4186=ORIENTED_EDGE('',*,*,#3154,.T.);
#4187=ORIENTED_EDGE('',*,*,#3155,.F.);
#4188=ORIENTED_EDGE('',*,*,#3154,.F.);
#4189=ORIENTED_EDGE('',*,*,#3141,.F.);
#4190=ORIENTED_EDGE('',*,*,#3156,.T.);
#4191=ORIENTED_EDGE('',*,*,#3157,.F.);
#4192=ORIENTED_EDGE('',*,*,#3156,.F.);
#4193=ORIENTED_EDGE('',*,*,#3144,.F.);
#4194=ORIENTED_EDGE('',*,*,#3151,.T.);
#4195=ORIENTED_EDGE('',*,*,#3158,.T.);
#4196=ORIENTED_EDGE('',*,*,#3159,.T.);
#4197=ORIENTED_EDGE('',*,*,#3160,.T.);
#4198=ORIENTED_EDGE('',*,*,#3161,.T.);
#4199=ORIENTED_EDGE('',*,*,#3159,.F.);
#4200=ORIENTED_EDGE('',*,*,#3162,.F.);
#4201=ORIENTED_EDGE('',*,*,#3163,.F.);
#4202=ORIENTED_EDGE('',*,*,#3164,.F.);
#4203=ORIENTED_EDGE('',*,*,#3165,.T.);
#4204=ORIENTED_EDGE('',*,*,#3166,.T.);
#4205=ORIENTED_EDGE('',*,*,#3167,.T.);
#4206=ORIENTED_EDGE('',*,*,#3168,.T.);
#4207=ORIENTED_EDGE('',*,*,#3166,.F.);
#4208=ORIENTED_EDGE('',*,*,#3169,.F.);
#4209=ORIENTED_EDGE('',*,*,#3170,.F.);
#4210=ORIENTED_EDGE('',*,*,#3171,.F.);
#4211=ORIENTED_EDGE('',*,*,#3172,.T.);
#4212=ORIENTED_EDGE('',*,*,#3162,.T.);
#4213=ORIENTED_EDGE('',*,*,#3158,.F.);
#4214=ORIENTED_EDGE('',*,*,#3173,.F.);
#4215=ORIENTED_EDGE('',*,*,#3167,.F.);
#4216=ORIENTED_EDGE('',*,*,#3171,.T.);
#4217=ORIENTED_EDGE('',*,*,#3174,.T.);
#4218=ORIENTED_EDGE('',*,*,#3175,.F.);
#4219=ORIENTED_EDGE('',*,*,#3176,.T.);
#4220=ORIENTED_EDGE('',*,*,#3174,.F.);
#4221=ORIENTED_EDGE('',*,*,#3176,.F.);
#4222=ORIENTED_EDGE('',*,*,#3170,.T.);
#4223=ORIENTED_EDGE('',*,*,#3177,.F.);
#4224=ORIENTED_EDGE('',*,*,#3163,.T.);
#4225=ORIENTED_EDGE('',*,*,#3172,.F.);
#4226=ORIENTED_EDGE('',*,*,#3177,.T.);
#4227=ORIENTED_EDGE('',*,*,#3169,.T.);
#4228=ORIENTED_EDGE('',*,*,#3165,.F.);
#4229=ORIENTED_EDGE('',*,*,#3178,.F.);
#4230=ORIENTED_EDGE('',*,*,#3160,.F.);
#4231=ORIENTED_EDGE('',*,*,#3164,.T.);
#4232=ORIENTED_EDGE('',*,*,#3175,.T.);
#4233=ORIENTED_EDGE('',*,*,#2881,.F.);
#4234=ORIENTED_EDGE('',*,*,#3179,.T.);
#4235=ORIENTED_EDGE('',*,*,#3180,.T.);
#4236=ORIENTED_EDGE('',*,*,#3181,.F.);
#4237=ORIENTED_EDGE('',*,*,#2888,.F.);
#4238=ORIENTED_EDGE('',*,*,#3182,.T.);
#4239=ORIENTED_EDGE('',*,*,#3183,.T.);
#4240=ORIENTED_EDGE('',*,*,#3179,.F.);
#4241=ORIENTED_EDGE('',*,*,#2887,.F.);
#4242=ORIENTED_EDGE('',*,*,#3184,.T.);
#4243=ORIENTED_EDGE('',*,*,#3185,.T.);
#4244=ORIENTED_EDGE('',*,*,#3182,.F.);
#4245=ORIENTED_EDGE('',*,*,#2886,.F.);
#4246=ORIENTED_EDGE('',*,*,#3186,.T.);
#4247=ORIENTED_EDGE('',*,*,#3187,.T.);
#4248=ORIENTED_EDGE('',*,*,#3184,.F.);
#4249=ORIENTED_EDGE('',*,*,#2885,.F.);
#4250=ORIENTED_EDGE('',*,*,#3188,.T.);
#4251=ORIENTED_EDGE('',*,*,#3189,.T.);
#4252=ORIENTED_EDGE('',*,*,#3186,.F.);
#4253=ORIENTED_EDGE('',*,*,#2884,.F.);
#4254=ORIENTED_EDGE('',*,*,#3190,.T.);
#4255=ORIENTED_EDGE('',*,*,#3191,.T.);
#4256=ORIENTED_EDGE('',*,*,#3188,.F.);
#4257=ORIENTED_EDGE('',*,*,#2883,.F.);
#4258=ORIENTED_EDGE('',*,*,#3192,.T.);
#4259=ORIENTED_EDGE('',*,*,#3193,.T.);
#4260=ORIENTED_EDGE('',*,*,#3190,.F.);
#4261=ORIENTED_EDGE('',*,*,#2882,.F.);
#4262=ORIENTED_EDGE('',*,*,#3181,.T.);
#4263=ORIENTED_EDGE('',*,*,#3194,.T.);
#4264=ORIENTED_EDGE('',*,*,#3192,.F.);
#4265=ORIENTED_EDGE('',*,*,#3194,.F.);
#4266=ORIENTED_EDGE('',*,*,#3180,.F.);
#4267=ORIENTED_EDGE('',*,*,#3183,.F.);
#4268=ORIENTED_EDGE('',*,*,#3185,.F.);
#4269=ORIENTED_EDGE('',*,*,#3187,.F.);
#4270=ORIENTED_EDGE('',*,*,#3189,.F.);
#4271=ORIENTED_EDGE('',*,*,#3191,.F.);
#4272=ORIENTED_EDGE('',*,*,#3193,.F.);
#4273=ORIENTED_EDGE('',*,*,#3195,.F.);
#4274=ORIENTED_EDGE('',*,*,#3196,.F.);
#4275=ORIENTED_EDGE('',*,*,#3197,.T.);
#4276=ORIENTED_EDGE('',*,*,#3077,.F.);
#4277=ORIENTED_EDGE('',*,*,#3078,.F.);
#4278=ORIENTED_EDGE('',*,*,#3197,.F.);
#4279=ORIENTED_EDGE('',*,*,#3195,.T.);
#4280=ORIENTED_EDGE('',*,*,#3196,.T.);
#4281=ORIENTED_EDGE('',*,*,#2922,.F.);
#4282=ORIENTED_EDGE('',*,*,#3198,.T.);
#4283=ORIENTED_EDGE('',*,*,#3199,.T.);
#4284=ORIENTED_EDGE('',*,*,#3200,.F.);
#4285=ORIENTED_EDGE('',*,*,#2961,.F.);
#4286=ORIENTED_EDGE('',*,*,#3201,.T.);
#4287=ORIENTED_EDGE('',*,*,#3202,.T.);
#4288=ORIENTED_EDGE('',*,*,#3198,.F.);
#4289=ORIENTED_EDGE('',*,*,#2960,.F.);
#4290=ORIENTED_EDGE('',*,*,#3203,.T.);
#4291=ORIENTED_EDGE('',*,*,#3204,.T.);
#4292=ORIENTED_EDGE('',*,*,#3201,.F.);
#4293=ORIENTED_EDGE('',*,*,#2959,.F.);
#4294=ORIENTED_EDGE('',*,*,#3205,.T.);
#4295=ORIENTED_EDGE('',*,*,#3206,.T.);
#4296=ORIENTED_EDGE('',*,*,#3203,.F.);
#4297=ORIENTED_EDGE('',*,*,#2958,.F.);
#4298=ORIENTED_EDGE('',*,*,#3207,.T.);
#4299=ORIENTED_EDGE('',*,*,#3208,.T.);
#4300=ORIENTED_EDGE('',*,*,#3205,.F.);
#4301=ORIENTED_EDGE('',*,*,#2957,.F.);
#4302=ORIENTED_EDGE('',*,*,#3209,.T.);
#4303=ORIENTED_EDGE('',*,*,#3210,.T.);
#4304=ORIENTED_EDGE('',*,*,#3207,.F.);
#4305=ORIENTED_EDGE('',*,*,#2956,.F.);
#4306=ORIENTED_EDGE('',*,*,#3211,.T.);
#4307=ORIENTED_EDGE('',*,*,#3212,.T.);
#4308=ORIENTED_EDGE('',*,*,#3209,.F.);
#4309=ORIENTED_EDGE('',*,*,#2955,.F.);
#4310=ORIENTED_EDGE('',*,*,#3213,.T.);
#4311=ORIENTED_EDGE('',*,*,#3214,.T.);
#4312=ORIENTED_EDGE('',*,*,#3211,.F.);
#4313=ORIENTED_EDGE('',*,*,#2954,.F.);
#4314=ORIENTED_EDGE('',*,*,#3215,.T.);
#4315=ORIENTED_EDGE('',*,*,#3216,.T.);
#4316=ORIENTED_EDGE('',*,*,#3213,.F.);
#4317=ORIENTED_EDGE('',*,*,#2953,.F.);
#4318=ORIENTED_EDGE('',*,*,#3217,.T.);
#4319=ORIENTED_EDGE('',*,*,#3218,.T.);
#4320=ORIENTED_EDGE('',*,*,#3215,.F.);
#4321=ORIENTED_EDGE('',*,*,#2952,.F.);
#4322=ORIENTED_EDGE('',*,*,#3219,.T.);
#4323=ORIENTED_EDGE('',*,*,#3220,.T.);
#4324=ORIENTED_EDGE('',*,*,#3217,.F.);
#4325=ORIENTED_EDGE('',*,*,#2951,.F.);
#4326=ORIENTED_EDGE('',*,*,#3221,.T.);
#4327=ORIENTED_EDGE('',*,*,#3222,.T.);
#4328=ORIENTED_EDGE('',*,*,#3219,.F.);
#4329=ORIENTED_EDGE('',*,*,#2950,.F.);
#4330=ORIENTED_EDGE('',*,*,#3223,.T.);
#4331=ORIENTED_EDGE('',*,*,#3224,.T.);
#4332=ORIENTED_EDGE('',*,*,#3221,.F.);
#4333=ORIENTED_EDGE('',*,*,#2949,.F.);
#4334=ORIENTED_EDGE('',*,*,#3225,.T.);
#4335=ORIENTED_EDGE('',*,*,#3226,.T.);
#4336=ORIENTED_EDGE('',*,*,#3223,.F.);
#4337=ORIENTED_EDGE('',*,*,#2948,.F.);
#4338=ORIENTED_EDGE('',*,*,#3227,.T.);
#4339=ORIENTED_EDGE('',*,*,#3228,.T.);
#4340=ORIENTED_EDGE('',*,*,#3225,.F.);
#4341=ORIENTED_EDGE('',*,*,#2947,.F.);
#4342=ORIENTED_EDGE('',*,*,#3229,.T.);
#4343=ORIENTED_EDGE('',*,*,#3230,.T.);
#4344=ORIENTED_EDGE('',*,*,#3227,.F.);
#4345=ORIENTED_EDGE('',*,*,#2946,.F.);
#4346=ORIENTED_EDGE('',*,*,#3231,.T.);
#4347=ORIENTED_EDGE('',*,*,#3232,.T.);
#4348=ORIENTED_EDGE('',*,*,#3229,.F.);
#4349=ORIENTED_EDGE('',*,*,#2945,.F.);
#4350=ORIENTED_EDGE('',*,*,#3233,.T.);
#4351=ORIENTED_EDGE('',*,*,#3234,.T.);
#4352=ORIENTED_EDGE('',*,*,#3231,.F.);
#4353=ORIENTED_EDGE('',*,*,#2944,.F.);
#4354=ORIENTED_EDGE('',*,*,#3235,.T.);
#4355=ORIENTED_EDGE('',*,*,#3236,.T.);
#4356=ORIENTED_EDGE('',*,*,#3233,.F.);
#4357=ORIENTED_EDGE('',*,*,#2943,.F.);
#4358=ORIENTED_EDGE('',*,*,#3237,.T.);
#4359=ORIENTED_EDGE('',*,*,#3238,.T.);
#4360=ORIENTED_EDGE('',*,*,#3235,.F.);
#4361=ORIENTED_EDGE('',*,*,#2942,.F.);
#4362=ORIENTED_EDGE('',*,*,#3239,.T.);
#4363=ORIENTED_EDGE('',*,*,#3240,.T.);
#4364=ORIENTED_EDGE('',*,*,#3237,.F.);
#4365=ORIENTED_EDGE('',*,*,#2941,.F.);
#4366=ORIENTED_EDGE('',*,*,#3241,.T.);
#4367=ORIENTED_EDGE('',*,*,#3242,.T.);
#4368=ORIENTED_EDGE('',*,*,#3239,.F.);
#4369=ORIENTED_EDGE('',*,*,#2940,.F.);
#4370=ORIENTED_EDGE('',*,*,#3243,.T.);
#4371=ORIENTED_EDGE('',*,*,#3244,.T.);
#4372=ORIENTED_EDGE('',*,*,#3241,.F.);
#4373=ORIENTED_EDGE('',*,*,#2939,.F.);
#4374=ORIENTED_EDGE('',*,*,#3245,.T.);
#4375=ORIENTED_EDGE('',*,*,#3246,.T.);
#4376=ORIENTED_EDGE('',*,*,#3243,.F.);
#4377=ORIENTED_EDGE('',*,*,#2938,.F.);
#4378=ORIENTED_EDGE('',*,*,#3247,.T.);
#4379=ORIENTED_EDGE('',*,*,#3248,.T.);
#4380=ORIENTED_EDGE('',*,*,#3245,.F.);
#4381=ORIENTED_EDGE('',*,*,#2937,.F.);
#4382=ORIENTED_EDGE('',*,*,#3249,.T.);
#4383=ORIENTED_EDGE('',*,*,#3250,.T.);
#4384=ORIENTED_EDGE('',*,*,#3247,.F.);
#4385=ORIENTED_EDGE('',*,*,#2936,.F.);
#4386=ORIENTED_EDGE('',*,*,#3251,.T.);
#4387=ORIENTED_EDGE('',*,*,#3252,.T.);
#4388=ORIENTED_EDGE('',*,*,#3249,.F.);
#4389=ORIENTED_EDGE('',*,*,#2935,.F.);
#4390=ORIENTED_EDGE('',*,*,#3253,.T.);
#4391=ORIENTED_EDGE('',*,*,#3254,.T.);
#4392=ORIENTED_EDGE('',*,*,#3251,.F.);
#4393=ORIENTED_EDGE('',*,*,#2934,.F.);
#4394=ORIENTED_EDGE('',*,*,#3255,.T.);
#4395=ORIENTED_EDGE('',*,*,#3256,.T.);
#4396=ORIENTED_EDGE('',*,*,#3253,.F.);
#4397=ORIENTED_EDGE('',*,*,#2933,.F.);
#4398=ORIENTED_EDGE('',*,*,#3257,.T.);
#4399=ORIENTED_EDGE('',*,*,#3258,.T.);
#4400=ORIENTED_EDGE('',*,*,#3255,.F.);
#4401=ORIENTED_EDGE('',*,*,#2932,.F.);
#4402=ORIENTED_EDGE('',*,*,#3259,.T.);
#4403=ORIENTED_EDGE('',*,*,#3260,.T.);
#4404=ORIENTED_EDGE('',*,*,#3257,.F.);
#4405=ORIENTED_EDGE('',*,*,#2931,.F.);
#4406=ORIENTED_EDGE('',*,*,#3261,.T.);
#4407=ORIENTED_EDGE('',*,*,#3262,.T.);
#4408=ORIENTED_EDGE('',*,*,#3259,.F.);
#4409=ORIENTED_EDGE('',*,*,#2930,.F.);
#4410=ORIENTED_EDGE('',*,*,#3263,.T.);
#4411=ORIENTED_EDGE('',*,*,#3264,.T.);
#4412=ORIENTED_EDGE('',*,*,#3261,.F.);
#4413=ORIENTED_EDGE('',*,*,#2929,.F.);
#4414=ORIENTED_EDGE('',*,*,#3265,.T.);
#4415=ORIENTED_EDGE('',*,*,#3266,.T.);
#4416=ORIENTED_EDGE('',*,*,#3263,.F.);
#4417=ORIENTED_EDGE('',*,*,#2928,.F.);
#4418=ORIENTED_EDGE('',*,*,#3267,.T.);
#4419=ORIENTED_EDGE('',*,*,#3268,.T.);
#4420=ORIENTED_EDGE('',*,*,#3265,.F.);
#4421=ORIENTED_EDGE('',*,*,#2927,.F.);
#4422=ORIENTED_EDGE('',*,*,#3269,.T.);
#4423=ORIENTED_EDGE('',*,*,#3270,.T.);
#4424=ORIENTED_EDGE('',*,*,#3267,.F.);
#4425=ORIENTED_EDGE('',*,*,#2926,.F.);
#4426=ORIENTED_EDGE('',*,*,#3271,.T.);
#4427=ORIENTED_EDGE('',*,*,#3272,.T.);
#4428=ORIENTED_EDGE('',*,*,#3269,.F.);
#4429=ORIENTED_EDGE('',*,*,#2925,.F.);
#4430=ORIENTED_EDGE('',*,*,#3273,.T.);
#4431=ORIENTED_EDGE('',*,*,#3274,.T.);
#4432=ORIENTED_EDGE('',*,*,#3271,.F.);
#4433=ORIENTED_EDGE('',*,*,#2924,.F.);
#4434=ORIENTED_EDGE('',*,*,#3275,.T.);
#4435=ORIENTED_EDGE('',*,*,#3276,.T.);
#4436=ORIENTED_EDGE('',*,*,#3273,.F.);
#4437=ORIENTED_EDGE('',*,*,#2923,.F.);
#4438=ORIENTED_EDGE('',*,*,#3200,.T.);
#4439=ORIENTED_EDGE('',*,*,#3277,.T.);
#4440=ORIENTED_EDGE('',*,*,#3275,.F.);
#4441=ORIENTED_EDGE('',*,*,#3064,.T.);
#4442=ORIENTED_EDGE('',*,*,#3028,.F.);
#4443=ORIENTED_EDGE('',*,*,#2997,.F.);
#4444=ORIENTED_EDGE('',*,*,#3278,.F.);
#4445=ORIENTED_EDGE('',*,*,#3076,.T.);
#4446=ORIENTED_EDGE('',*,*,#3279,.T.);
#4447=ORIENTED_EDGE('',*,*,#3280,.F.);
#4448=ORIENTED_EDGE('',*,*,#2903,.F.);
#4449=ORIENTED_EDGE('',*,*,#3075,.T.);
#4450=ORIENTED_EDGE('',*,*,#3281,.T.);
#4451=ORIENTED_EDGE('',*,*,#3282,.F.);
#4452=ORIENTED_EDGE('',*,*,#3279,.F.);
#4453=ORIENTED_EDGE('',*,*,#3074,.T.);
#4454=ORIENTED_EDGE('',*,*,#2905,.F.);
#4455=ORIENTED_EDGE('',*,*,#3283,.F.);
#4456=ORIENTED_EDGE('',*,*,#3281,.F.);
#4457=ORIENTED_EDGE('',*,*,#3072,.T.);
#4458=ORIENTED_EDGE('',*,*,#3284,.F.);
#4459=ORIENTED_EDGE('',*,*,#2989,.F.);
#4460=ORIENTED_EDGE('',*,*,#3102,.T.);
#4461=ORIENTED_EDGE('',*,*,#3122,.T.);
#4462=ORIENTED_EDGE('',*,*,#3285,.T.);
#4463=ORIENTED_EDGE('',*,*,#3113,.T.);
#4464=ORIENTED_EDGE('',*,*,#3286,.T.);
#4465=ORIENTED_EDGE('',*,*,#3027,.T.);
#4466=ORIENTED_EDGE('',*,*,#3063,.T.);
#4467=ORIENTED_EDGE('',*,*,#3287,.F.);
#4468=ORIENTED_EDGE('',*,*,#2964,.F.);
#4469=ORIENTED_EDGE('',*,*,#3062,.T.);
#4470=ORIENTED_EDGE('',*,*,#3125,.F.);
#4471=ORIENTED_EDGE('',*,*,#2965,.F.);
#4472=ORIENTED_EDGE('',*,*,#3287,.T.);
#4473=ORIENTED_EDGE('',*,*,#3288,.T.);
#4474=ORIENTED_EDGE('',*,*,#3289,.T.);
#4475=ORIENTED_EDGE('',*,*,#3009,.T.);
#4476=ORIENTED_EDGE('',*,*,#3290,.T.);
#4477=ORIENTED_EDGE('',*,*,#3289,.F.);
#4478=ORIENTED_EDGE('',*,*,#3291,.F.);
#4479=ORIENTED_EDGE('',*,*,#3292,.F.);
#4480=ORIENTED_EDGE('',*,*,#3010,.T.);
#4481=ORIENTED_EDGE('',*,*,#3011,.T.);
#4482=ORIENTED_EDGE('',*,*,#3292,.T.);
#4483=ORIENTED_EDGE('',*,*,#3293,.T.);
#4484=ORIENTED_EDGE('',*,*,#3294,.T.);
#4485=ORIENTED_EDGE('',*,*,#3295,.T.);
#4486=ORIENTED_EDGE('',*,*,#3296,.T.);
#4487=ORIENTED_EDGE('',*,*,#3015,.T.);
#4488=ORIENTED_EDGE('',*,*,#3297,.T.);
#4489=ORIENTED_EDGE('',*,*,#3296,.F.);
#4490=ORIENTED_EDGE('',*,*,#3298,.T.);
#4491=ORIENTED_EDGE('',*,*,#3299,.F.);
#4492=ORIENTED_EDGE('',*,*,#3016,.F.);
#4493=ORIENTED_EDGE('',*,*,#3017,.T.);
#4494=ORIENTED_EDGE('',*,*,#3299,.T.);
#4495=ORIENTED_EDGE('',*,*,#3300,.T.);
#4496=ORIENTED_EDGE('',*,*,#3301,.T.);
#4497=ORIENTED_EDGE('',*,*,#3294,.F.);
#4498=ORIENTED_EDGE('',*,*,#3302,.F.);
#4499=ORIENTED_EDGE('',*,*,#3303,.F.);
#4500=ORIENTED_EDGE('',*,*,#3304,.T.);
#4501=ORIENTED_EDGE('',*,*,#3305,.F.);
#4502=ORIENTED_EDGE('',*,*,#3035,.F.);
#4503=ORIENTED_EDGE('',*,*,#3012,.T.);
#4504=ORIENTED_EDGE('',*,*,#3297,.F.);
#4505=ORIENTED_EDGE('',*,*,#3014,.F.);
#4506=ORIENTED_EDGE('',*,*,#3034,.F.);
#4507=ORIENTED_EDGE('',*,*,#3306,.F.);
#4508=ORIENTED_EDGE('',*,*,#3307,.T.);
#4509=ORIENTED_EDGE('',*,*,#3308,.F.);
#4510=ORIENTED_EDGE('',*,*,#3309,.F.);
#4511=ORIENTED_EDGE('',*,*,#3301,.F.);
#4512=ORIENTED_EDGE('',*,*,#3310,.F.);
#4513=ORIENTED_EDGE('',*,*,#2811,.F.);
#4514=ORIENTED_EDGE('',*,*,#3311,.T.);
#4515=ORIENTED_EDGE('',*,*,#3312,.F.);
#4516=ORIENTED_EDGE('',*,*,#3030,.F.);
#4517=ORIENTED_EDGE('',*,*,#3018,.T.);
#4518=ORIENTED_EDGE('',*,*,#3115,.T.);
#4519=ORIENTED_EDGE('',*,*,#3313,.F.);
#4520=ORIENTED_EDGE('',*,*,#3314,.F.);
#4521=ORIENTED_EDGE('',*,*,#3315,.T.);
#4522=ORIENTED_EDGE('',*,*,#3316,.F.);
#4523=ORIENTED_EDGE('',*,*,#3317,.F.);
#4524=ORIENTED_EDGE('',*,*,#3313,.T.);
#4525=ORIENTED_EDGE('',*,*,#3114,.F.);
#4526=ORIENTED_EDGE('',*,*,#3110,.F.);
#4527=ORIENTED_EDGE('',*,*,#3285,.F.);
#4528=ORIENTED_EDGE('',*,*,#3121,.F.);
#4529=ORIENTED_EDGE('',*,*,#3117,.F.);
#4530=ORIENTED_EDGE('',*,*,#3315,.F.);
#4531=ORIENTED_EDGE('',*,*,#3318,.F.);
#4532=ORIENTED_EDGE('',*,*,#3319,.T.);
#4533=ORIENTED_EDGE('',*,*,#3119,.F.);
#4534=ORIENTED_EDGE('',*,*,#3123,.F.);
#4535=ORIENTED_EDGE('',*,*,#3286,.F.);
#4536=ORIENTED_EDGE('',*,*,#3112,.F.);
#4537=ORIENTED_EDGE('',*,*,#3116,.F.);
#4538=ORIENTED_EDGE('',*,*,#3120,.T.);
#4539=ORIENTED_EDGE('',*,*,#3319,.F.);
#4540=ORIENTED_EDGE('',*,*,#3320,.F.);
#4541=ORIENTED_EDGE('',*,*,#3316,.T.);
#4542=ORIENTED_EDGE('',*,*,#3321,.F.);
#4543=ORIENTED_EDGE('',*,*,#3322,.T.);
#4544=ORIENTED_EDGE('',*,*,#3038,.F.);
#4545=ORIENTED_EDGE('',*,*,#3323,.F.);
#4546=ORIENTED_EDGE('',*,*,#3321,.T.);
#4547=ORIENTED_EDGE('',*,*,#3324,.T.);
#4548=ORIENTED_EDGE('',*,*,#3325,.T.);
#4549=ORIENTED_EDGE('',*,*,#3304,.F.);
#4550=ORIENTED_EDGE('',*,*,#3326,.F.);
#4551=ORIENTED_EDGE('',*,*,#3327,.F.);
#4552=ORIENTED_EDGE('',*,*,#3323,.T.);
#4553=ORIENTED_EDGE('',*,*,#3037,.F.);
#4554=ORIENTED_EDGE('',*,*,#3328,.F.);
#4555=ORIENTED_EDGE('',*,*,#3324,.F.);
#4556=ORIENTED_EDGE('',*,*,#3325,.F.);
#4557=ORIENTED_EDGE('',*,*,#3328,.T.);
#4558=ORIENTED_EDGE('',*,*,#3036,.F.);
#4559=ORIENTED_EDGE('',*,*,#3305,.T.);
#4560=ORIENTED_EDGE('',*,*,#3329,.F.);
#4561=ORIENTED_EDGE('',*,*,#3330,.T.);
#4562=ORIENTED_EDGE('',*,*,#3031,.F.);
#4563=ORIENTED_EDGE('',*,*,#3312,.T.);
#4564=ORIENTED_EDGE('',*,*,#3330,.F.);
#4565=ORIENTED_EDGE('',*,*,#3331,.F.);
#4566=ORIENTED_EDGE('',*,*,#3332,.T.);
#4567=ORIENTED_EDGE('',*,*,#3032,.F.);
#4568=ORIENTED_EDGE('',*,*,#3333,.F.);
#4569=ORIENTED_EDGE('',*,*,#3306,.T.);
#4570=ORIENTED_EDGE('',*,*,#3033,.F.);
#4571=ORIENTED_EDGE('',*,*,#3332,.F.);
#4572=ORIENTED_EDGE('',*,*,#3329,.T.);
#4573=ORIENTED_EDGE('',*,*,#3311,.F.);
#4574=ORIENTED_EDGE('',*,*,#3334,.F.);
#4575=ORIENTED_EDGE('',*,*,#3307,.F.);
#4576=ORIENTED_EDGE('',*,*,#3333,.T.);
#4577=ORIENTED_EDGE('',*,*,#3331,.T.);
#4578=ORIENTED_EDGE('',*,*,#3290,.F.);
#4579=ORIENTED_EDGE('',*,*,#3008,.F.);
#4580=ORIENTED_EDGE('',*,*,#3039,.F.);
#4581=ORIENTED_EDGE('',*,*,#3322,.F.);
#4582=ORIENTED_EDGE('',*,*,#3327,.T.);
#4583=ORIENTED_EDGE('',*,*,#2817,.F.);
#4584=ORIENTED_EDGE('',*,*,#3335,.F.);
#4585=ORIENTED_EDGE('',*,*,#3336,.F.);
#4586=ORIENTED_EDGE('',*,*,#3337,.F.);
#4587=ORIENTED_EDGE('',*,*,#3338,.F.);
#4588=ORIENTED_EDGE('',*,*,#3339,.T.);
#4589=ORIENTED_EDGE('',*,*,#3337,.T.);
#4590=ORIENTED_EDGE('',*,*,#3339,.F.);
#4591=ORIENTED_EDGE('',*,*,#3340,.F.);
#4592=ORIENTED_EDGE('',*,*,#3341,.F.);
#4593=ORIENTED_EDGE('',*,*,#3342,.T.);
#4594=ORIENTED_EDGE('',*,*,#2897,.F.);
#4595=ORIENTED_EDGE('',*,*,#2898,.F.);
#4596=ORIENTED_EDGE('',*,*,#3342,.F.);
#4597=ORIENTED_EDGE('',*,*,#3340,.T.);
#4598=ORIENTED_EDGE('',*,*,#3341,.T.);
#4599=ORIENTED_EDGE('',*,*,#3338,.T.);
#4600=ORIENTED_EDGE('',*,*,#3343,.F.);
#4601=ORIENTED_EDGE('',*,*,#3344,.T.);
#4602=ORIENTED_EDGE('',*,*,#3336,.T.);
#4603=ORIENTED_EDGE('',*,*,#3344,.F.);
#4604=ORIENTED_EDGE('',*,*,#3345,.F.);
#4605=ORIENTED_EDGE('',*,*,#3346,.F.);
#4606=ORIENTED_EDGE('',*,*,#3347,.T.);
#4607=ORIENTED_EDGE('',*,*,#2899,.F.);
#4608=ORIENTED_EDGE('',*,*,#2900,.F.);
#4609=ORIENTED_EDGE('',*,*,#3347,.F.);
#4610=ORIENTED_EDGE('',*,*,#3345,.T.);
#4611=ORIENTED_EDGE('',*,*,#3346,.T.);
#4612=ORIENTED_EDGE('',*,*,#3343,.T.);
#4613=ORIENTED_EDGE('',*,*,#3348,.F.);
#4614=ORIENTED_EDGE('',*,*,#3349,.F.);
#4615=ORIENTED_EDGE('',*,*,#3350,.T.);
#4616=ORIENTED_EDGE('',*,*,#3135,.F.);
#4617=ORIENTED_EDGE('',*,*,#3350,.F.);
#4618=ORIENTED_EDGE('',*,*,#3351,.F.);
#4619=ORIENTED_EDGE('',*,*,#3352,.F.);
#4620=ORIENTED_EDGE('',*,*,#3353,.T.);
#4621=ORIENTED_EDGE('',*,*,#3136,.F.);
#4622=ORIENTED_EDGE('',*,*,#3353,.F.);
#4623=ORIENTED_EDGE('',*,*,#3354,.F.);
#4624=ORIENTED_EDGE('',*,*,#3355,.F.);
#4625=ORIENTED_EDGE('',*,*,#3356,.F.);
#4626=ORIENTED_EDGE('',*,*,#3357,.F.);
#4627=ORIENTED_EDGE('',*,*,#3358,.F.);
#4628=ORIENTED_EDGE('',*,*,#3359,.T.);
#4629=ORIENTED_EDGE('',*,*,#3357,.T.);
#4630=ORIENTED_EDGE('',*,*,#3359,.F.);
#4631=ORIENTED_EDGE('',*,*,#3360,.F.);
#4632=ORIENTED_EDGE('',*,*,#3361,.F.);
#4633=ORIENTED_EDGE('',*,*,#3362,.T.);
#4634=ORIENTED_EDGE('',*,*,#3082,.T.);
#4635=ORIENTED_EDGE('',*,*,#3081,.T.);
#4636=ORIENTED_EDGE('',*,*,#3362,.F.);
#4637=ORIENTED_EDGE('',*,*,#3360,.T.);
#4638=ORIENTED_EDGE('',*,*,#3361,.T.);
#4639=ORIENTED_EDGE('',*,*,#3358,.T.);
#4640=ORIENTED_EDGE('',*,*,#3363,.F.);
#4641=ORIENTED_EDGE('',*,*,#3364,.T.);
#4642=ORIENTED_EDGE('',*,*,#3356,.T.);
#4643=ORIENTED_EDGE('',*,*,#3364,.F.);
#4644=ORIENTED_EDGE('',*,*,#3365,.F.);
#4645=ORIENTED_EDGE('',*,*,#3366,.F.);
#4646=ORIENTED_EDGE('',*,*,#3367,.T.);
#4647=ORIENTED_EDGE('',*,*,#3084,.T.);
#4648=ORIENTED_EDGE('',*,*,#3083,.T.);
#4649=ORIENTED_EDGE('',*,*,#3367,.F.);
#4650=ORIENTED_EDGE('',*,*,#3365,.T.);
#4651=ORIENTED_EDGE('',*,*,#3366,.T.);
#4652=ORIENTED_EDGE('',*,*,#3363,.T.);
#4653=ORIENTED_EDGE('',*,*,#3368,.F.);
#4654=ORIENTED_EDGE('',*,*,#3369,.T.);
#4655=ORIENTED_EDGE('',*,*,#3355,.T.);
#4656=ORIENTED_EDGE('',*,*,#3369,.F.);
#4657=ORIENTED_EDGE('',*,*,#3370,.F.);
#4658=ORIENTED_EDGE('',*,*,#3371,.F.);
#4659=ORIENTED_EDGE('',*,*,#3372,.T.);
#4660=ORIENTED_EDGE('',*,*,#3080,.T.);
#4661=ORIENTED_EDGE('',*,*,#3079,.T.);
#4662=ORIENTED_EDGE('',*,*,#3372,.F.);
#4663=ORIENTED_EDGE('',*,*,#3370,.T.);
#4664=ORIENTED_EDGE('',*,*,#3371,.T.);
#4665=ORIENTED_EDGE('',*,*,#3368,.T.);
#4666=ORIENTED_EDGE('',*,*,#3373,.F.);
#4667=ORIENTED_EDGE('',*,*,#3374,.T.);
#4668=ORIENTED_EDGE('',*,*,#3354,.T.);
#4669=ORIENTED_EDGE('',*,*,#3374,.F.);
#4670=ORIENTED_EDGE('',*,*,#3375,.F.);
#4671=ORIENTED_EDGE('',*,*,#3376,.F.);
#4672=ORIENTED_EDGE('',*,*,#3377,.T.);
#4673=ORIENTED_EDGE('',*,*,#3086,.T.);
#4674=ORIENTED_EDGE('',*,*,#3085,.T.);
#4675=ORIENTED_EDGE('',*,*,#3377,.F.);
#4676=ORIENTED_EDGE('',*,*,#3375,.T.);
#4677=ORIENTED_EDGE('',*,*,#3376,.T.);
#4678=ORIENTED_EDGE('',*,*,#3373,.T.);
#4679=ORIENTED_EDGE('',*,*,#3378,.F.);
#4680=ORIENTED_EDGE('',*,*,#3379,.F.);
#4681=ORIENTED_EDGE('',*,*,#3380,.T.);
#4682=ORIENTED_EDGE('',*,*,#3109,.F.);
#4683=ORIENTED_EDGE('',*,*,#3380,.F.);
#4684=ORIENTED_EDGE('',*,*,#3381,.T.);
#4685=ORIENTED_EDGE('',*,*,#3382,.T.);
#4686=ORIENTED_EDGE('',*,*,#3383,.F.);
#4687=ORIENTED_EDGE('',*,*,#3384,.F.);
#4688=ORIENTED_EDGE('',*,*,#3382,.F.);
#4689=ORIENTED_EDGE('',*,*,#3381,.F.);
#4690=ORIENTED_EDGE('',*,*,#3385,.T.);
#4691=ORIENTED_EDGE('',*,*,#3005,.F.);
#4692=ORIENTED_EDGE('',*,*,#3385,.F.);
#4693=ORIENTED_EDGE('',*,*,#3386,.T.);
#4694=ORIENTED_EDGE('',*,*,#3387,.T.);
#4695=ORIENTED_EDGE('',*,*,#3388,.F.);
#4696=ORIENTED_EDGE('',*,*,#3389,.F.);
#4697=ORIENTED_EDGE('',*,*,#3387,.F.);
#4698=ORIENTED_EDGE('',*,*,#3386,.F.);
#4699=ORIENTED_EDGE('',*,*,#3390,.T.);
#4700=ORIENTED_EDGE('',*,*,#3004,.F.);
#4701=ORIENTED_EDGE('',*,*,#3390,.F.);
#4702=ORIENTED_EDGE('',*,*,#3391,.T.);
#4703=ORIENTED_EDGE('',*,*,#3392,.T.);
#4704=ORIENTED_EDGE('',*,*,#3393,.F.);
#4705=ORIENTED_EDGE('',*,*,#3394,.F.);
#4706=ORIENTED_EDGE('',*,*,#3392,.F.);
#4707=ORIENTED_EDGE('',*,*,#3391,.F.);
#4708=ORIENTED_EDGE('',*,*,#3395,.T.);
#4709=ORIENTED_EDGE('',*,*,#3003,.F.);
#4710=ORIENTED_EDGE('',*,*,#3395,.F.);
#4711=ORIENTED_EDGE('',*,*,#3396,.T.);
#4712=ORIENTED_EDGE('',*,*,#3397,.T.);
#4713=ORIENTED_EDGE('',*,*,#3398,.F.);
#4714=ORIENTED_EDGE('',*,*,#3399,.F.);
#4715=ORIENTED_EDGE('',*,*,#3397,.F.);
#4716=ORIENTED_EDGE('',*,*,#3396,.F.);
#4717=ORIENTED_EDGE('',*,*,#3400,.T.);
#4718=ORIENTED_EDGE('',*,*,#3006,.F.);
#4719=ORIENTED_EDGE('',*,*,#3400,.F.);
#4720=ORIENTED_EDGE('',*,*,#2879,.F.);
#4721=ORIENTED_EDGE('',*,*,#2880,.F.);
#4722=ORIENTED_EDGE('',*,*,#3401,.T.);
#4723=ORIENTED_EDGE('',*,*,#3393,.T.);
#4724=ORIENTED_EDGE('',*,*,#3394,.T.);
#4725=ORIENTED_EDGE('',*,*,#3401,.F.);
#4726=ORIENTED_EDGE('',*,*,#2877,.F.);
#4727=ORIENTED_EDGE('',*,*,#2878,.F.);
#4728=ORIENTED_EDGE('',*,*,#3402,.T.);
#4729=ORIENTED_EDGE('',*,*,#3398,.T.);
#4730=ORIENTED_EDGE('',*,*,#3399,.T.);
#4731=ORIENTED_EDGE('',*,*,#3402,.F.);
#4732=ORIENTED_EDGE('',*,*,#2875,.F.);
#4733=ORIENTED_EDGE('',*,*,#2876,.F.);
#4734=ORIENTED_EDGE('',*,*,#3403,.T.);
#4735=ORIENTED_EDGE('',*,*,#3388,.T.);
#4736=ORIENTED_EDGE('',*,*,#3389,.T.);
#4737=ORIENTED_EDGE('',*,*,#3403,.F.);
#4738=ORIENTED_EDGE('',*,*,#2873,.F.);
#4739=ORIENTED_EDGE('',*,*,#2874,.F.);
#4740=ORIENTED_EDGE('',*,*,#3404,.T.);
#4741=ORIENTED_EDGE('',*,*,#3383,.T.);
#4742=ORIENTED_EDGE('',*,*,#3384,.T.);
#4743=ORIENTED_EDGE('',*,*,#3404,.F.);
#4744=ORIENTED_EDGE('',*,*,#2904,.F.);
#4745=ORIENTED_EDGE('',*,*,#3280,.T.);
#4746=ORIENTED_EDGE('',*,*,#3282,.T.);
#4747=ORIENTED_EDGE('',*,*,#3283,.T.);
#4748=ORIENTED_EDGE('',*,*,#2870,.F.);
#4749=ORIENTED_EDGE('',*,*,#3405,.T.);
#4750=ORIENTED_EDGE('',*,*,#2803,.T.);
#4751=ORIENTED_EDGE('',*,*,#3406,.F.);
#4752=ORIENTED_EDGE('',*,*,#2869,.F.);
#4753=ORIENTED_EDGE('',*,*,#3407,.T.);
#4754=ORIENTED_EDGE('',*,*,#2804,.T.);
#4755=ORIENTED_EDGE('',*,*,#3405,.F.);
#4756=ORIENTED_EDGE('',*,*,#2868,.F.);
#4757=ORIENTED_EDGE('',*,*,#3408,.T.);
#4758=ORIENTED_EDGE('',*,*,#2805,.T.);
#4759=ORIENTED_EDGE('',*,*,#3407,.F.);
#4760=ORIENTED_EDGE('',*,*,#2867,.F.);
#4761=ORIENTED_EDGE('',*,*,#3409,.F.);
#4762=ORIENTED_EDGE('',*,*,#2806,.T.);
#4763=ORIENTED_EDGE('',*,*,#3408,.F.);
#4764=ORIENTED_EDGE('',*,*,#2871,.F.);
#4765=ORIENTED_EDGE('',*,*,#3406,.T.);
#4766=ORIENTED_EDGE('',*,*,#2802,.T.);
#4767=ORIENTED_EDGE('',*,*,#3410,.F.);
#4768=ORIENTED_EDGE('',*,*,#2798,.F.);
#4769=ORIENTED_EDGE('',*,*,#2807,.T.);
#4770=ORIENTED_EDGE('',*,*,#3409,.T.);
#4771=ORIENTED_EDGE('',*,*,#2866,.F.);
#4772=ORIENTED_EDGE('',*,*,#2793,.F.);
#4773=ORIENTED_EDGE('',*,*,#2872,.F.);
#4774=ORIENTED_EDGE('',*,*,#3410,.T.);
#4775=ORIENTED_EDGE('',*,*,#2801,.T.);
#4776=ORIENTED_EDGE('',*,*,#3326,.T.);
#4777=ORIENTED_EDGE('',*,*,#3411,.T.);
#4778=ORIENTED_EDGE('',*,*,#3334,.T.);
#4779=ORIENTED_EDGE('',*,*,#2810,.T.);
#4780=ORIENTED_EDGE('',*,*,#3412,.F.);
#4781=ORIENTED_EDGE('',*,*,#2864,.F.);
#4782=ORIENTED_EDGE('',*,*,#3413,.F.);
#4783=ORIENTED_EDGE('',*,*,#2818,.T.);
#4784=ORIENTED_EDGE('',*,*,#3308,.T.);
#4785=ORIENTED_EDGE('',*,*,#3411,.F.);
#4786=ORIENTED_EDGE('',*,*,#3303,.T.);
#4787=ORIENTED_EDGE('',*,*,#3414,.T.);
#4788=ORIENTED_EDGE('',*,*,#3309,.T.);
#4789=ORIENTED_EDGE('',*,*,#3414,.F.);
#4790=ORIENTED_EDGE('',*,*,#3302,.T.);
#4791=ORIENTED_EDGE('',*,*,#3293,.F.);
#4792=ORIENTED_EDGE('',*,*,#3291,.T.);
#4793=ORIENTED_EDGE('',*,*,#3288,.F.);
#4794=ORIENTED_EDGE('',*,*,#3335,.T.);
#4795=ORIENTED_EDGE('',*,*,#2816,.F.);
#4796=ORIENTED_EDGE('',*,*,#3415,.F.);
#4797=ORIENTED_EDGE('',*,*,#2895,.F.);
#4798=ORIENTED_EDGE('',*,*,#3416,.T.);
#4799=ORIENTED_EDGE('',*,*,#2812,.F.);
#4800=ORIENTED_EDGE('',*,*,#3310,.T.);
#4801=ORIENTED_EDGE('',*,*,#3300,.F.);
#4802=ORIENTED_EDGE('',*,*,#3298,.F.);
#4803=ORIENTED_EDGE('',*,*,#3295,.F.);
#4804=ORIENTED_EDGE('',*,*,#2901,.T.);
#4805=ORIENTED_EDGE('',*,*,#2813,.F.);
#4806=ORIENTED_EDGE('',*,*,#3416,.F.);
#4807=ORIENTED_EDGE('',*,*,#2894,.F.);
#4808=ORIENTED_EDGE('',*,*,#3415,.T.);
#4809=ORIENTED_EDGE('',*,*,#2815,.F.);
#4810=ORIENTED_EDGE('',*,*,#2788,.F.);
#4811=ORIENTED_EDGE('',*,*,#2896,.F.);
#4812=ORIENTED_EDGE('',*,*,#2809,.T.);
#4813=ORIENTED_EDGE('',*,*,#2822,.T.);
#4814=ORIENTED_EDGE('',*,*,#2865,.T.);
#4815=ORIENTED_EDGE('',*,*,#3412,.T.);
#4816=ORIENTED_EDGE('',*,*,#2819,.T.);
#4817=ORIENTED_EDGE('',*,*,#3413,.T.);
#4818=ORIENTED_EDGE('',*,*,#2863,.T.);
#4819=ORIENTED_EDGE('',*,*,#2795,.T.);
#4820=ORIENTED_EDGE('',*,*,#3070,.T.);
#4821=ORIENTED_EDGE('',*,*,#3417,.F.);
#4822=ORIENTED_EDGE('',*,*,#2991,.F.);
#4823=ORIENTED_EDGE('',*,*,#3418,.T.);
#4824=ORIENTED_EDGE('',*,*,#3069,.T.);
#4825=ORIENTED_EDGE('',*,*,#3108,.F.);
#4826=ORIENTED_EDGE('',*,*,#2992,.F.);
#4827=ORIENTED_EDGE('',*,*,#3417,.T.);
#4828=ORIENTED_EDGE('',*,*,#3071,.T.);
#4829=ORIENTED_EDGE('',*,*,#3418,.F.);
#4830=ORIENTED_EDGE('',*,*,#2990,.F.);
#4831=ORIENTED_EDGE('',*,*,#3284,.T.);
#4832=ORIENTED_EDGE('',*,*,#3065,.T.);
#4833=ORIENTED_EDGE('',*,*,#3278,.T.);
#4834=ORIENTED_EDGE('',*,*,#2996,.F.);
#4835=ORIENTED_EDGE('',*,*,#3419,.T.);
#4836=ORIENTED_EDGE('',*,*,#3066,.T.);
#4837=ORIENTED_EDGE('',*,*,#3419,.F.);
#4838=ORIENTED_EDGE('',*,*,#2995,.F.);
#4839=ORIENTED_EDGE('',*,*,#3420,.T.);
#4840=ORIENTED_EDGE('',*,*,#3067,.T.);
#4841=ORIENTED_EDGE('',*,*,#3420,.F.);
#4842=ORIENTED_EDGE('',*,*,#2994,.F.);
#4843=ORIENTED_EDGE('',*,*,#3107,.F.);
#4844=ORIENTED_EDGE('',*,*,#3421,.T.);
#4845=ORIENTED_EDGE('',*,*,#2862,.T.);
#4846=ORIENTED_EDGE('',*,*,#3422,.T.);
#4847=ORIENTED_EDGE('',*,*,#3423,.T.);
#4848=ORIENTED_EDGE('',*,*,#3424,.T.);
#4849=ORIENTED_EDGE('',*,*,#3425,.T.);
#4850=ORIENTED_EDGE('',*,*,#3422,.F.);
#4851=ORIENTED_EDGE('',*,*,#2861,.T.);
#4852=ORIENTED_EDGE('',*,*,#3426,.T.);
#4853=ORIENTED_EDGE('',*,*,#3427,.T.);
#4854=ORIENTED_EDGE('',*,*,#3424,.F.);
#4855=ORIENTED_EDGE('',*,*,#2860,.T.);
#4856=ORIENTED_EDGE('',*,*,#3428,.T.);
#4857=ORIENTED_EDGE('',*,*,#3429,.T.);
#4858=ORIENTED_EDGE('',*,*,#3426,.F.);
#4859=ORIENTED_EDGE('',*,*,#2859,.T.);
#4860=ORIENTED_EDGE('',*,*,#3430,.T.);
#4861=ORIENTED_EDGE('',*,*,#3431,.T.);
#4862=ORIENTED_EDGE('',*,*,#3428,.F.);
#4863=ORIENTED_EDGE('',*,*,#2858,.T.);
#4864=ORIENTED_EDGE('',*,*,#3432,.T.);
#4865=ORIENTED_EDGE('',*,*,#3433,.T.);
#4866=ORIENTED_EDGE('',*,*,#3430,.F.);
#4867=ORIENTED_EDGE('',*,*,#2857,.T.);
#4868=ORIENTED_EDGE('',*,*,#3434,.T.);
#4869=ORIENTED_EDGE('',*,*,#3435,.T.);
#4870=ORIENTED_EDGE('',*,*,#3432,.F.);
#4871=ORIENTED_EDGE('',*,*,#2856,.T.);
#4872=ORIENTED_EDGE('',*,*,#3436,.T.);
#4873=ORIENTED_EDGE('',*,*,#3437,.T.);
#4874=ORIENTED_EDGE('',*,*,#3434,.F.);
#4875=ORIENTED_EDGE('',*,*,#2855,.T.);
#4876=ORIENTED_EDGE('',*,*,#3438,.T.);
#4877=ORIENTED_EDGE('',*,*,#3439,.T.);
#4878=ORIENTED_EDGE('',*,*,#3436,.F.);
#4879=ORIENTED_EDGE('',*,*,#2854,.T.);
#4880=ORIENTED_EDGE('',*,*,#3440,.T.);
#4881=ORIENTED_EDGE('',*,*,#3441,.T.);
#4882=ORIENTED_EDGE('',*,*,#3438,.F.);
#4883=ORIENTED_EDGE('',*,*,#2853,.T.);
#4884=ORIENTED_EDGE('',*,*,#3442,.T.);
#4885=ORIENTED_EDGE('',*,*,#3443,.T.);
#4886=ORIENTED_EDGE('',*,*,#3440,.F.);
#4887=ORIENTED_EDGE('',*,*,#2852,.T.);
#4888=ORIENTED_EDGE('',*,*,#3444,.T.);
#4889=ORIENTED_EDGE('',*,*,#3445,.T.);
#4890=ORIENTED_EDGE('',*,*,#3442,.F.);
#4891=ORIENTED_EDGE('',*,*,#2851,.T.);
#4892=ORIENTED_EDGE('',*,*,#3446,.T.);
#4893=ORIENTED_EDGE('',*,*,#3447,.T.);
#4894=ORIENTED_EDGE('',*,*,#3444,.F.);
#4895=ORIENTED_EDGE('',*,*,#2850,.T.);
#4896=ORIENTED_EDGE('',*,*,#3448,.T.);
#4897=ORIENTED_EDGE('',*,*,#3449,.T.);
#4898=ORIENTED_EDGE('',*,*,#3446,.F.);
#4899=ORIENTED_EDGE('',*,*,#2849,.T.);
#4900=ORIENTED_EDGE('',*,*,#3450,.T.);
#4901=ORIENTED_EDGE('',*,*,#3451,.T.);
#4902=ORIENTED_EDGE('',*,*,#3448,.F.);
#4903=ORIENTED_EDGE('',*,*,#2848,.T.);
#4904=ORIENTED_EDGE('',*,*,#3452,.T.);
#4905=ORIENTED_EDGE('',*,*,#3453,.T.);
#4906=ORIENTED_EDGE('',*,*,#3450,.F.);
#4907=ORIENTED_EDGE('',*,*,#2847,.T.);
#4908=ORIENTED_EDGE('',*,*,#3454,.T.);
#4909=ORIENTED_EDGE('',*,*,#3455,.T.);
#4910=ORIENTED_EDGE('',*,*,#3452,.F.);
#4911=ORIENTED_EDGE('',*,*,#2846,.T.);
#4912=ORIENTED_EDGE('',*,*,#3456,.T.);
#4913=ORIENTED_EDGE('',*,*,#3457,.T.);
#4914=ORIENTED_EDGE('',*,*,#3454,.F.);
#4915=ORIENTED_EDGE('',*,*,#2845,.T.);
#4916=ORIENTED_EDGE('',*,*,#3458,.T.);
#4917=ORIENTED_EDGE('',*,*,#3459,.T.);
#4918=ORIENTED_EDGE('',*,*,#3456,.F.);
#4919=ORIENTED_EDGE('',*,*,#2844,.T.);
#4920=ORIENTED_EDGE('',*,*,#3460,.T.);
#4921=ORIENTED_EDGE('',*,*,#3461,.T.);
#4922=ORIENTED_EDGE('',*,*,#3458,.F.);
#4923=ORIENTED_EDGE('',*,*,#2843,.T.);
#4924=ORIENTED_EDGE('',*,*,#3462,.T.);
#4925=ORIENTED_EDGE('',*,*,#3463,.T.);
#4926=ORIENTED_EDGE('',*,*,#3460,.F.);
#4927=ORIENTED_EDGE('',*,*,#2842,.T.);
#4928=ORIENTED_EDGE('',*,*,#3464,.T.);
#4929=ORIENTED_EDGE('',*,*,#3465,.T.);
#4930=ORIENTED_EDGE('',*,*,#3462,.F.);
#4931=ORIENTED_EDGE('',*,*,#2841,.T.);
#4932=ORIENTED_EDGE('',*,*,#3466,.T.);
#4933=ORIENTED_EDGE('',*,*,#3467,.T.);
#4934=ORIENTED_EDGE('',*,*,#3464,.F.);
#4935=ORIENTED_EDGE('',*,*,#2840,.T.);
#4936=ORIENTED_EDGE('',*,*,#3468,.T.);
#4937=ORIENTED_EDGE('',*,*,#3469,.T.);
#4938=ORIENTED_EDGE('',*,*,#3466,.F.);
#4939=ORIENTED_EDGE('',*,*,#2839,.T.);
#4940=ORIENTED_EDGE('',*,*,#3470,.T.);
#4941=ORIENTED_EDGE('',*,*,#3471,.T.);
#4942=ORIENTED_EDGE('',*,*,#3468,.F.);
#4943=ORIENTED_EDGE('',*,*,#2838,.T.);
#4944=ORIENTED_EDGE('',*,*,#3472,.T.);
#4945=ORIENTED_EDGE('',*,*,#3473,.T.);
#4946=ORIENTED_EDGE('',*,*,#3470,.F.);
#4947=ORIENTED_EDGE('',*,*,#2837,.T.);
#4948=ORIENTED_EDGE('',*,*,#3474,.T.);
#4949=ORIENTED_EDGE('',*,*,#3475,.T.);
#4950=ORIENTED_EDGE('',*,*,#3472,.F.);
#4951=ORIENTED_EDGE('',*,*,#2836,.T.);
#4952=ORIENTED_EDGE('',*,*,#3476,.T.);
#4953=ORIENTED_EDGE('',*,*,#3477,.T.);
#4954=ORIENTED_EDGE('',*,*,#3474,.F.);
#4955=ORIENTED_EDGE('',*,*,#2835,.T.);
#4956=ORIENTED_EDGE('',*,*,#3478,.T.);
#4957=ORIENTED_EDGE('',*,*,#3479,.T.);
#4958=ORIENTED_EDGE('',*,*,#3476,.F.);
#4959=ORIENTED_EDGE('',*,*,#2834,.T.);
#4960=ORIENTED_EDGE('',*,*,#3480,.T.);
#4961=ORIENTED_EDGE('',*,*,#3481,.T.);
#4962=ORIENTED_EDGE('',*,*,#3478,.F.);
#4963=ORIENTED_EDGE('',*,*,#2833,.T.);
#4964=ORIENTED_EDGE('',*,*,#3482,.T.);
#4965=ORIENTED_EDGE('',*,*,#3483,.T.);
#4966=ORIENTED_EDGE('',*,*,#3480,.F.);
#4967=ORIENTED_EDGE('',*,*,#2832,.T.);
#4968=ORIENTED_EDGE('',*,*,#3484,.T.);
#4969=ORIENTED_EDGE('',*,*,#3485,.T.);
#4970=ORIENTED_EDGE('',*,*,#3482,.F.);
#4971=ORIENTED_EDGE('',*,*,#2831,.T.);
#4972=ORIENTED_EDGE('',*,*,#3486,.T.);
#4973=ORIENTED_EDGE('',*,*,#3487,.T.);
#4974=ORIENTED_EDGE('',*,*,#3484,.F.);
#4975=ORIENTED_EDGE('',*,*,#2830,.T.);
#4976=ORIENTED_EDGE('',*,*,#3488,.T.);
#4977=ORIENTED_EDGE('',*,*,#3489,.T.);
#4978=ORIENTED_EDGE('',*,*,#3486,.F.);
#4979=ORIENTED_EDGE('',*,*,#2829,.T.);
#4980=ORIENTED_EDGE('',*,*,#3490,.T.);
#4981=ORIENTED_EDGE('',*,*,#3491,.T.);
#4982=ORIENTED_EDGE('',*,*,#3488,.F.);
#4983=ORIENTED_EDGE('',*,*,#2828,.T.);
#4984=ORIENTED_EDGE('',*,*,#3492,.T.);
#4985=ORIENTED_EDGE('',*,*,#3493,.T.);
#4986=ORIENTED_EDGE('',*,*,#3490,.F.);
#4987=ORIENTED_EDGE('',*,*,#2827,.T.);
#4988=ORIENTED_EDGE('',*,*,#3494,.T.);
#4989=ORIENTED_EDGE('',*,*,#3495,.T.);
#4990=ORIENTED_EDGE('',*,*,#3492,.F.);
#4991=ORIENTED_EDGE('',*,*,#2826,.T.);
#4992=ORIENTED_EDGE('',*,*,#3496,.T.);
#4993=ORIENTED_EDGE('',*,*,#3497,.T.);
#4994=ORIENTED_EDGE('',*,*,#3494,.F.);
#4995=ORIENTED_EDGE('',*,*,#2825,.T.);
#4996=ORIENTED_EDGE('',*,*,#3498,.T.);
#4997=ORIENTED_EDGE('',*,*,#3499,.T.);
#4998=ORIENTED_EDGE('',*,*,#3496,.F.);
#4999=ORIENTED_EDGE('',*,*,#2824,.T.);
#5000=ORIENTED_EDGE('',*,*,#3421,.F.);
#5001=ORIENTED_EDGE('',*,*,#3500,.T.);
#5002=ORIENTED_EDGE('',*,*,#3498,.F.);
#5003=ORIENTED_EDGE('',*,*,#2823,.T.);
#5004=ORIENTED_EDGE('',*,*,#3465,.F.);
#5005=ORIENTED_EDGE('',*,*,#3501,.F.);
#5006=ORIENTED_EDGE('',*,*,#3502,.F.);
#5007=ORIENTED_EDGE('',*,*,#3503,.F.);
#5008=ORIENTED_EDGE('',*,*,#3467,.F.);
#5009=ORIENTED_EDGE('',*,*,#3504,.T.);
#5010=ORIENTED_EDGE('',*,*,#3505,.T.);
#5011=ORIENTED_EDGE('',*,*,#3501,.T.);
#5012=ORIENTED_EDGE('',*,*,#3469,.F.);
#5013=ORIENTED_EDGE('',*,*,#3506,.F.);
#5014=ORIENTED_EDGE('',*,*,#3507,.F.);
#5015=ORIENTED_EDGE('',*,*,#3504,.F.);
#5016=ORIENTED_EDGE('',*,*,#3471,.F.);
#5017=ORIENTED_EDGE('',*,*,#3508,.T.);
#5018=ORIENTED_EDGE('',*,*,#3509,.T.);
#5019=ORIENTED_EDGE('',*,*,#3506,.T.);
#5020=ORIENTED_EDGE('',*,*,#3473,.F.);
#5021=ORIENTED_EDGE('',*,*,#3510,.F.);
#5022=ORIENTED_EDGE('',*,*,#3511,.F.);
#5023=ORIENTED_EDGE('',*,*,#3508,.F.);
#5024=ORIENTED_EDGE('',*,*,#3475,.F.);
#5025=ORIENTED_EDGE('',*,*,#3512,.T.);
#5026=ORIENTED_EDGE('',*,*,#3513,.T.);
#5027=ORIENTED_EDGE('',*,*,#3510,.T.);
#5028=ORIENTED_EDGE('',*,*,#3477,.F.);
#5029=ORIENTED_EDGE('',*,*,#3514,.F.);
#5030=ORIENTED_EDGE('',*,*,#3515,.F.);
#5031=ORIENTED_EDGE('',*,*,#3512,.F.);
#5032=ORIENTED_EDGE('',*,*,#3479,.F.);
#5033=ORIENTED_EDGE('',*,*,#3516,.T.);
#5034=ORIENTED_EDGE('',*,*,#3517,.T.);
#5035=ORIENTED_EDGE('',*,*,#3514,.T.);
#5036=ORIENTED_EDGE('',*,*,#3481,.F.);
#5037=ORIENTED_EDGE('',*,*,#3518,.F.);
#5038=ORIENTED_EDGE('',*,*,#3519,.F.);
#5039=ORIENTED_EDGE('',*,*,#3516,.F.);
#5040=ORIENTED_EDGE('',*,*,#3483,.F.);
#5041=ORIENTED_EDGE('',*,*,#3520,.T.);
#5042=ORIENTED_EDGE('',*,*,#3521,.T.);
#5043=ORIENTED_EDGE('',*,*,#3518,.T.);
#5044=ORIENTED_EDGE('',*,*,#3485,.F.);
#5045=ORIENTED_EDGE('',*,*,#3522,.F.);
#5046=ORIENTED_EDGE('',*,*,#3523,.F.);
#5047=ORIENTED_EDGE('',*,*,#3520,.F.);
#5048=ORIENTED_EDGE('',*,*,#3487,.F.);
#5049=ORIENTED_EDGE('',*,*,#3524,.T.);
#5050=ORIENTED_EDGE('',*,*,#3525,.T.);
#5051=ORIENTED_EDGE('',*,*,#3522,.T.);
#5052=ORIENTED_EDGE('',*,*,#3489,.F.);
#5053=ORIENTED_EDGE('',*,*,#3526,.F.);
#5054=ORIENTED_EDGE('',*,*,#3527,.F.);
#5055=ORIENTED_EDGE('',*,*,#3524,.F.);
#5056=ORIENTED_EDGE('',*,*,#3491,.F.);
#5057=ORIENTED_EDGE('',*,*,#3528,.T.);
#5058=ORIENTED_EDGE('',*,*,#3529,.T.);
#5059=ORIENTED_EDGE('',*,*,#3526,.T.);
#5060=ORIENTED_EDGE('',*,*,#3493,.F.);
#5061=ORIENTED_EDGE('',*,*,#3530,.T.);
#5062=ORIENTED_EDGE('',*,*,#3531,.F.);
#5063=ORIENTED_EDGE('',*,*,#3528,.F.);
#5064=ORIENTED_EDGE('',*,*,#3495,.F.);
#5065=ORIENTED_EDGE('',*,*,#3532,.T.);
#5066=ORIENTED_EDGE('',*,*,#3533,.F.);
#5067=ORIENTED_EDGE('',*,*,#3530,.F.);
#5068=ORIENTED_EDGE('',*,*,#3497,.F.);
#5069=ORIENTED_EDGE('',*,*,#3534,.T.);
#5070=ORIENTED_EDGE('',*,*,#3535,.F.);
#5071=ORIENTED_EDGE('',*,*,#3532,.F.);
#5072=ORIENTED_EDGE('',*,*,#3178,.T.);
#5073=ORIENTED_EDGE('',*,*,#3168,.F.);
#5074=ORIENTED_EDGE('',*,*,#3173,.T.);
#5075=ORIENTED_EDGE('',*,*,#3161,.F.);
#5076=ORIENTED_EDGE('',*,*,#3378,.T.);
#5077=ORIENTED_EDGE('',*,*,#3379,.T.);
#5078=ORIENTED_EDGE('',*,*,#3499,.F.);
#5079=ORIENTED_EDGE('',*,*,#3536,.T.);
#5080=ORIENTED_EDGE('',*,*,#3537,.F.);
#5081=ORIENTED_EDGE('',*,*,#3534,.F.);
#5082=ORIENTED_EDGE('',*,*,#3500,.F.);
#5083=ORIENTED_EDGE('',*,*,#3538,.F.);
#5084=ORIENTED_EDGE('',*,*,#3539,.F.);
#5085=ORIENTED_EDGE('',*,*,#3536,.F.);
#5086=ORIENTED_EDGE('',*,*,#3317,.T.);
#5087=ORIENTED_EDGE('',*,*,#3320,.T.);
#5088=ORIENTED_EDGE('',*,*,#3318,.T.);
#5089=ORIENTED_EDGE('',*,*,#3314,.T.);
#5090=ORIENTED_EDGE('',*,*,#3423,.F.);
#5091=ORIENTED_EDGE('',*,*,#3540,.T.);
#5092=ORIENTED_EDGE('',*,*,#3541,.T.);
#5093=ORIENTED_EDGE('',*,*,#3538,.T.);
#5094=ORIENTED_EDGE('',*,*,#3505,.F.);
#5095=ORIENTED_EDGE('',*,*,#3507,.T.);
#5096=ORIENTED_EDGE('',*,*,#3509,.F.);
#5097=ORIENTED_EDGE('',*,*,#3511,.T.);
#5098=ORIENTED_EDGE('',*,*,#3513,.F.);
#5099=ORIENTED_EDGE('',*,*,#3515,.T.);
#5100=ORIENTED_EDGE('',*,*,#3517,.F.);
#5101=ORIENTED_EDGE('',*,*,#3519,.T.);
#5102=ORIENTED_EDGE('',*,*,#3521,.F.);
#5103=ORIENTED_EDGE('',*,*,#3523,.T.);
#5104=ORIENTED_EDGE('',*,*,#3525,.F.);
#5105=ORIENTED_EDGE('',*,*,#3527,.T.);
#5106=ORIENTED_EDGE('',*,*,#3529,.F.);
#5107=ORIENTED_EDGE('',*,*,#3531,.T.);
#5108=ORIENTED_EDGE('',*,*,#3533,.T.);
#5109=ORIENTED_EDGE('',*,*,#3535,.T.);
#5110=ORIENTED_EDGE('',*,*,#3537,.T.);
#5111=ORIENTED_EDGE('',*,*,#3539,.T.);
#5112=ORIENTED_EDGE('',*,*,#3541,.F.);
#5113=ORIENTED_EDGE('',*,*,#3542,.T.);
#5114=ORIENTED_EDGE('',*,*,#3543,.F.);
#5115=ORIENTED_EDGE('',*,*,#3544,.T.);
#5116=ORIENTED_EDGE('',*,*,#3545,.F.);
#5117=ORIENTED_EDGE('',*,*,#3546,.T.);
#5118=ORIENTED_EDGE('',*,*,#3547,.F.);
#5119=ORIENTED_EDGE('',*,*,#3548,.T.);
#5120=ORIENTED_EDGE('',*,*,#3549,.F.);
#5121=ORIENTED_EDGE('',*,*,#3550,.T.);
#5122=ORIENTED_EDGE('',*,*,#3551,.F.);
#5123=ORIENTED_EDGE('',*,*,#3552,.T.);
#5124=ORIENTED_EDGE('',*,*,#3553,.F.);
#5125=ORIENTED_EDGE('',*,*,#3554,.T.);
#5126=ORIENTED_EDGE('',*,*,#3555,.F.);
#5127=ORIENTED_EDGE('',*,*,#3556,.T.);
#5128=ORIENTED_EDGE('',*,*,#3557,.T.);
#5129=ORIENTED_EDGE('',*,*,#3558,.T.);
#5130=ORIENTED_EDGE('',*,*,#3559,.T.);
#5131=ORIENTED_EDGE('',*,*,#3560,.T.);
#5132=ORIENTED_EDGE('',*,*,#3561,.F.);
#5133=ORIENTED_EDGE('',*,*,#3502,.T.);
#5134=ORIENTED_EDGE('',*,*,#3277,.F.);
#5135=ORIENTED_EDGE('',*,*,#3199,.F.);
#5136=ORIENTED_EDGE('',*,*,#3202,.F.);
#5137=ORIENTED_EDGE('',*,*,#3204,.F.);
#5138=ORIENTED_EDGE('',*,*,#3206,.F.);
#5139=ORIENTED_EDGE('',*,*,#3208,.F.);
#5140=ORIENTED_EDGE('',*,*,#3210,.F.);
#5141=ORIENTED_EDGE('',*,*,#3212,.F.);
#5142=ORIENTED_EDGE('',*,*,#3214,.F.);
#5143=ORIENTED_EDGE('',*,*,#3216,.F.);
#5144=ORIENTED_EDGE('',*,*,#3218,.F.);
#5145=ORIENTED_EDGE('',*,*,#3220,.F.);
#5146=ORIENTED_EDGE('',*,*,#3222,.F.);
#5147=ORIENTED_EDGE('',*,*,#3224,.F.);
#5148=ORIENTED_EDGE('',*,*,#3226,.F.);
#5149=ORIENTED_EDGE('',*,*,#3228,.F.);
#5150=ORIENTED_EDGE('',*,*,#3230,.F.);
#5151=ORIENTED_EDGE('',*,*,#3232,.F.);
#5152=ORIENTED_EDGE('',*,*,#3234,.F.);
#5153=ORIENTED_EDGE('',*,*,#3236,.F.);
#5154=ORIENTED_EDGE('',*,*,#3238,.F.);
#5155=ORIENTED_EDGE('',*,*,#3240,.F.);
#5156=ORIENTED_EDGE('',*,*,#3242,.F.);
#5157=ORIENTED_EDGE('',*,*,#3244,.F.);
#5158=ORIENTED_EDGE('',*,*,#3246,.F.);
#5159=ORIENTED_EDGE('',*,*,#3248,.F.);
#5160=ORIENTED_EDGE('',*,*,#3250,.F.);
#5161=ORIENTED_EDGE('',*,*,#3252,.F.);
#5162=ORIENTED_EDGE('',*,*,#3254,.F.);
#5163=ORIENTED_EDGE('',*,*,#3256,.F.);
#5164=ORIENTED_EDGE('',*,*,#3258,.F.);
#5165=ORIENTED_EDGE('',*,*,#3260,.F.);
#5166=ORIENTED_EDGE('',*,*,#3262,.F.);
#5167=ORIENTED_EDGE('',*,*,#3264,.F.);
#5168=ORIENTED_EDGE('',*,*,#3266,.F.);
#5169=ORIENTED_EDGE('',*,*,#3268,.F.);
#5170=ORIENTED_EDGE('',*,*,#3270,.F.);
#5171=ORIENTED_EDGE('',*,*,#3272,.F.);
#5172=ORIENTED_EDGE('',*,*,#3274,.F.);
#5173=ORIENTED_EDGE('',*,*,#3276,.F.);
#5174=ORIENTED_EDGE('',*,*,#3463,.F.);
#5175=ORIENTED_EDGE('',*,*,#3503,.T.);
#5176=ORIENTED_EDGE('',*,*,#3561,.T.);
#5177=ORIENTED_EDGE('',*,*,#3562,.T.);
#5178=ORIENTED_EDGE('',*,*,#3461,.F.);
#5179=ORIENTED_EDGE('',*,*,#3562,.F.);
#5180=ORIENTED_EDGE('',*,*,#3560,.F.);
#5181=ORIENTED_EDGE('',*,*,#3563,.F.);
#5182=ORIENTED_EDGE('',*,*,#3451,.F.);
#5183=ORIENTED_EDGE('',*,*,#3564,.T.);
#5184=ORIENTED_EDGE('',*,*,#3555,.T.);
#5185=ORIENTED_EDGE('',*,*,#3565,.T.);
#5186=ORIENTED_EDGE('',*,*,#3449,.F.);
#5187=ORIENTED_EDGE('',*,*,#3565,.F.);
#5188=ORIENTED_EDGE('',*,*,#3554,.F.);
#5189=ORIENTED_EDGE('',*,*,#3566,.F.);
#5190=ORIENTED_EDGE('',*,*,#3447,.F.);
#5191=ORIENTED_EDGE('',*,*,#3566,.T.);
#5192=ORIENTED_EDGE('',*,*,#3553,.T.);
#5193=ORIENTED_EDGE('',*,*,#3567,.T.);
#5194=ORIENTED_EDGE('',*,*,#3445,.F.);
#5195=ORIENTED_EDGE('',*,*,#3567,.F.);
#5196=ORIENTED_EDGE('',*,*,#3552,.F.);
#5197=ORIENTED_EDGE('',*,*,#3568,.F.);
#5198=ORIENTED_EDGE('',*,*,#3443,.F.);
#5199=ORIENTED_EDGE('',*,*,#3568,.T.);
#5200=ORIENTED_EDGE('',*,*,#3551,.T.);
#5201=ORIENTED_EDGE('',*,*,#3569,.T.);
#5202=ORIENTED_EDGE('',*,*,#3441,.F.);
#5203=ORIENTED_EDGE('',*,*,#3569,.F.);
#5204=ORIENTED_EDGE('',*,*,#3550,.F.);
#5205=ORIENTED_EDGE('',*,*,#3570,.F.);
#5206=ORIENTED_EDGE('',*,*,#3439,.F.);
#5207=ORIENTED_EDGE('',*,*,#3570,.T.);
#5208=ORIENTED_EDGE('',*,*,#3549,.T.);
#5209=ORIENTED_EDGE('',*,*,#3571,.T.);
#5210=ORIENTED_EDGE('',*,*,#3437,.F.);
#5211=ORIENTED_EDGE('',*,*,#3571,.F.);
#5212=ORIENTED_EDGE('',*,*,#3548,.F.);
#5213=ORIENTED_EDGE('',*,*,#3572,.F.);
#5214=ORIENTED_EDGE('',*,*,#3435,.F.);
#5215=ORIENTED_EDGE('',*,*,#3572,.T.);
#5216=ORIENTED_EDGE('',*,*,#3547,.T.);
#5217=ORIENTED_EDGE('',*,*,#3573,.T.);
#5218=ORIENTED_EDGE('',*,*,#3433,.F.);
#5219=ORIENTED_EDGE('',*,*,#3573,.F.);
#5220=ORIENTED_EDGE('',*,*,#3546,.F.);
#5221=ORIENTED_EDGE('',*,*,#3574,.F.);
#5222=ORIENTED_EDGE('',*,*,#3431,.F.);
#5223=ORIENTED_EDGE('',*,*,#3574,.T.);
#5224=ORIENTED_EDGE('',*,*,#3545,.T.);
#5225=ORIENTED_EDGE('',*,*,#3575,.T.);
#5226=ORIENTED_EDGE('',*,*,#3429,.F.);
#5227=ORIENTED_EDGE('',*,*,#3575,.F.);
#5228=ORIENTED_EDGE('',*,*,#3544,.F.);
#5229=ORIENTED_EDGE('',*,*,#3576,.F.);
#5230=ORIENTED_EDGE('',*,*,#3427,.F.);
#5231=ORIENTED_EDGE('',*,*,#3576,.T.);
#5232=ORIENTED_EDGE('',*,*,#3543,.T.);
#5233=ORIENTED_EDGE('',*,*,#3577,.T.);
#5234=ORIENTED_EDGE('',*,*,#3425,.F.);
#5235=ORIENTED_EDGE('',*,*,#3577,.F.);
#5236=ORIENTED_EDGE('',*,*,#3542,.F.);
#5237=ORIENTED_EDGE('',*,*,#3540,.F.);
#5238=ORIENTED_EDGE('',*,*,#3453,.F.);
#5239=ORIENTED_EDGE('',*,*,#3578,.T.);
#5240=ORIENTED_EDGE('',*,*,#3556,.F.);
#5241=ORIENTED_EDGE('',*,*,#3564,.F.);
#5242=ORIENTED_EDGE('',*,*,#3155,.T.);
#5243=ORIENTED_EDGE('',*,*,#3157,.T.);
#5244=ORIENTED_EDGE('',*,*,#3150,.T.);
#5245=ORIENTED_EDGE('',*,*,#3153,.T.);
#5246=ORIENTED_EDGE('',*,*,#3457,.F.);
#5247=ORIENTED_EDGE('',*,*,#3579,.T.);
#5248=ORIENTED_EDGE('',*,*,#3558,.F.);
#5249=ORIENTED_EDGE('',*,*,#3580,.F.);
#5250=ORIENTED_EDGE('',*,*,#3348,.T.);
#5251=ORIENTED_EDGE('',*,*,#3349,.T.);
#5252=ORIENTED_EDGE('',*,*,#3351,.T.);
#5253=ORIENTED_EDGE('',*,*,#3352,.T.);
#5254=ORIENTED_EDGE('',*,*,#3455,.F.);
#5255=ORIENTED_EDGE('',*,*,#3580,.T.);
#5256=ORIENTED_EDGE('',*,*,#3557,.F.);
#5257=ORIENTED_EDGE('',*,*,#3578,.F.);
#5258=ORIENTED_EDGE('',*,*,#3459,.F.);
#5259=ORIENTED_EDGE('',*,*,#3563,.T.);
#5260=ORIENTED_EDGE('',*,*,#3559,.F.);
#5261=ORIENTED_EDGE('',*,*,#3579,.F.);
#5262=ORIENTED_EDGE('',*,*,#3581,.T.);
#5263=ORIENTED_EDGE('',*,*,#3582,.T.);
#5264=ORIENTED_EDGE('',*,*,#2820,.F.);
#5265=ORIENTED_EDGE('',*,*,#3582,.F.);
#5266=ORIENTED_EDGE('',*,*,#3581,.F.);
#5267=CYLINDRICAL_SURFACE('',#5741,1.);
#5268=CYLINDRICAL_SURFACE('',#5749,1.);
#5269=CYLINDRICAL_SURFACE('',#5751,1.);
#5270=CYLINDRICAL_SURFACE('',#5754,1.);
#5271=CYLINDRICAL_SURFACE('',#5757,1.5);
#5272=CYLINDRICAL_SURFACE('',#5761,1.5);
#5273=CYLINDRICAL_SURFACE('',#5766,3.);
#5274=CYLINDRICAL_SURFACE('',#5770,3.);
#5275=CYLINDRICAL_SURFACE('',#5839,2.28113658204737);
#5276=CYLINDRICAL_SURFACE('',#5842,2.28591545551946);
#5277=CYLINDRICAL_SURFACE('',#5908,7.5);
#5278=CYLINDRICAL_SURFACE('',#5910,7.5);
#5279=CYLINDRICAL_SURFACE('',#5943,7.5);
#5280=CYLINDRICAL_SURFACE('',#5949,2.);
#5281=CYLINDRICAL_SURFACE('',#5955,2.);
#5282=CYLINDRICAL_SURFACE('',#5956,3.25);
#5283=CYLINDRICAL_SURFACE('',#5957,3.25);
#5284=CYLINDRICAL_SURFACE('',#5958,7.5);
#5285=CYLINDRICAL_SURFACE('',#5959,10.5);
#5286=CYLINDRICAL_SURFACE('',#5971,10.5);
#5287=CYLINDRICAL_SURFACE('',#5973,10.5);
#5288=CYLINDRICAL_SURFACE('',#5975,10.5);
#5289=CYLINDRICAL_SURFACE('',#5978,7.);
#5290=CYLINDRICAL_SURFACE('',#5984,7.);
#5291=CYLINDRICAL_SURFACE('',#5989,10.5);
#5292=CYLINDRICAL_SURFACE('',#5991,10.5);
#5293=CYLINDRICAL_SURFACE('',#5993,10.5);
#5294=CYLINDRICAL_SURFACE('',#5995,6.5);
#5295=CYLINDRICAL_SURFACE('',#5998,6.5);
#5296=CYLINDRICAL_SURFACE('',#6001,3.);
#5297=CYLINDRICAL_SURFACE('',#6005,3.);
#5298=CYLINDRICAL_SURFACE('',#6012,3.);
#5299=CYLINDRICAL_SURFACE('',#6014,6.);
#5300=CYLINDRICAL_SURFACE('',#6017,3.00000000000001);
#5301=CYLINDRICAL_SURFACE('',#6020,3.);
#5302=CYLINDRICAL_SURFACE('',#6023,2.99999999999998);
#5303=CYLINDRICAL_SURFACE('',#6026,2.99999999999998);
#5304=CYLINDRICAL_SURFACE('',#6030,4.);
#5305=CYLINDRICAL_SURFACE('',#6034,1.5);
#5306=CYLINDRICAL_SURFACE('',#6036,9.00000000000001);
#5307=CYLINDRICAL_SURFACE('',#6038,1.5);
#5308=CYLINDRICAL_SURFACE('',#6041,1.5);
#5309=CYLINDRICAL_SURFACE('',#6043,9.);
#5310=CYLINDRICAL_SURFACE('',#6045,1.5);
#5311=CYLINDRICAL_SURFACE('',#6048,3.49999999999997);
#5312=CYLINDRICAL_SURFACE('',#6051,3.49999999999999);
#5313=CYLINDRICAL_SURFACE('',#6054,1.5);
#5314=CYLINDRICAL_SURFACE('',#6056,9.);
#5315=CYLINDRICAL_SURFACE('',#6058,1.5);
#5316=CYLINDRICAL_SURFACE('',#6061,1.5);
#5317=CYLINDRICAL_SURFACE('',#6063,9.00000000000001);
#5318=CYLINDRICAL_SURFACE('',#6065,1.5);
#5319=CYLINDRICAL_SURFACE('',#6068,1.5);
#5320=CYLINDRICAL_SURFACE('',#6070,9.);
#5321=CYLINDRICAL_SURFACE('',#6072,1.5);
#5322=CYLINDRICAL_SURFACE('',#6075,1.5);
#5323=CYLINDRICAL_SURFACE('',#6077,9.);
#5324=CYLINDRICAL_SURFACE('',#6079,1.5);
#5325=CYLINDRICAL_SURFACE('',#6082,3.5);
#5326=CYLINDRICAL_SURFACE('',#6085,3.5);
#5327=CYLINDRICAL_SURFACE('',#6088,1.5);
#5328=CYLINDRICAL_SURFACE('',#6090,9.);
#5329=CYLINDRICAL_SURFACE('',#6092,1.5);
#5330=CYLINDRICAL_SURFACE('',#6095,1.5);
#5331=CYLINDRICAL_SURFACE('',#6097,9.);
#5332=CYLINDRICAL_SURFACE('',#6099,1.5);
#5333=CYLINDRICAL_SURFACE('',#6104,4.);
#5334=CYLINDRICAL_SURFACE('',#6108,10.5);
#5335=CYLINDRICAL_SURFACE('',#6110,2.);
#5336=CYLINDRICAL_SURFACE('',#6113,2.);
#5337=CYLINDRICAL_SURFACE('',#6115,2.);
#5338=CYLINDRICAL_SURFACE('',#6118,2.);
#5339=CYLINDRICAL_SURFACE('',#6127,2.);
#5340=CYLINDRICAL_SURFACE('',#6132,2.);
#5341=CYLINDRICAL_SURFACE('',#6133,2.);
#5342=CYLINDRICAL_SURFACE('',#6136,2.);
#5343=CYLINDRICAL_SURFACE('',#6144,2.1);
#5344=CYLINDRICAL_SURFACE('',#6146,4.);
#5345=CYLINDRICAL_SURFACE('',#6150,2.1);
#5346=CYLINDRICAL_SURFACE('',#6152,4.);
#5347=CYLINDRICAL_SURFACE('',#6156,6.);
#5348=CYLINDRICAL_SURFACE('',#6159,6.);
#5349=CYLINDRICAL_SURFACE('',#6170,2.1);
#5350=CYLINDRICAL_SURFACE('',#6172,4.);
#5351=CYLINDRICAL_SURFACE('',#6176,2.1);
#5352=CYLINDRICAL_SURFACE('',#6178,4.);
#5353=CYLINDRICAL_SURFACE('',#6182,2.1);
#5354=CYLINDRICAL_SURFACE('',#6184,4.);
#5355=CYLINDRICAL_SURFACE('',#6188,2.1);
#5356=CYLINDRICAL_SURFACE('',#6190,4.);
#5357=CYLINDRICAL_SURFACE('',#6194,3.5);
#5358=CYLINDRICAL_SURFACE('',#6201,2.);
#5359=CYLINDRICAL_SURFACE('',#6206,2.);
#5360=CYLINDRICAL_SURFACE('',#6211,2.);
#5361=CYLINDRICAL_SURFACE('',#6216,2.);
#5362=CYLINDRICAL_SURFACE('',#6217,3.25);
#5363=CYLINDRICAL_SURFACE('',#6218,3.25);
#5364=CYLINDRICAL_SURFACE('',#6219,3.25);
#5365=CYLINDRICAL_SURFACE('',#6220,3.25);
#5366=CYLINDRICAL_SURFACE('',#6223,5.5);
#5367=CYLINDRICAL_SURFACE('',#6232,1.5);
#5368=CYLINDRICAL_SURFACE('',#6233,1.5);
#5369=CYLINDRICAL_SURFACE('',#6234,3.);
#5370=CYLINDRICAL_SURFACE('',#6235,3.);
#5371=CYLINDRICAL_SURFACE('',#6236,6.5);
#5372=CYLINDRICAL_SURFACE('',#6240,6.5);
#5373=CYLINDRICAL_SURFACE('',#6252,1.);
#5374=CYLINDRICAL_SURFACE('',#6263,1.);
#5375=CYLINDRICAL_SURFACE('',#6274,1.);
#5376=CYLINDRICAL_SURFACE('',#6285,1.);
#5377=CYLINDRICAL_SURFACE('',#6290,1.);
#5378=CYLINDRICAL_SURFACE('',#6295,1.);
#5379=CYLINDRICAL_SURFACE('',#6306,1.);
#5380=CYLINDRICAL_SURFACE('',#6317,1.);
#5381=CYLINDRICAL_SURFACE('',#6328,1.);
#5382=CYLINDRICAL_SURFACE('',#6339,1.);
#5383=CYLINDRICAL_SURFACE('',#6344,1.);
#5384=CYLINDRICAL_SURFACE('',#6349,1.);
#5385=CYLINDRICAL_SURFACE('',#6350,7.5);
#5386=CYLINDRICAL_SURFACE('',#6352,3.);
#5387=CYLINDRICAL_SURFACE('',#6355,3.);
#5388=CYLINDRICAL_SURFACE('',#6357,7.5);
#5389=CYLINDRICAL_SURFACE('',#6359,3.);
#5390=CYLINDRICAL_SURFACE('',#6362,3.);
#5391=CYLINDRICAL_SURFACE('',#6364,7.5);
#5392=CYLINDRICAL_SURFACE('',#6366,3.);
#5393=CYLINDRICAL_SURFACE('',#6369,3.);
#5394=CYLINDRICAL_SURFACE('',#6371,7.5);
#5395=CYLINDRICAL_SURFACE('',#6373,3.);
#5396=CYLINDRICAL_SURFACE('',#6376,4.99999999999999);
#5397=CYLINDRICAL_SURFACE('',#6379,4.99999999999997);
#5398=CYLINDRICAL_SURFACE('',#6382,3.);
#5399=CYLINDRICAL_SURFACE('',#6399,3.);
#5400=CYLINDRICAL_SURFACE('',#6401,3.);
#5401=CYLINDRICAL_SURFACE('',#6402,7.5);
#5402=CYLINDRICAL_SURFACE('',#6403,3.);
#5403=CYLINDRICAL_SURFACE('',#6405,3.);
#5404=CYLINDRICAL_SURFACE('',#6406,7.5);
#5405=CYLINDRICAL_SURFACE('',#6407,3.);
#5406=CYLINDRICAL_SURFACE('',#6409,3.);
#5407=CYLINDRICAL_SURFACE('',#6410,7.5);
#5408=CYLINDRICAL_SURFACE('',#6411,3.);
#5409=CYLINDRICAL_SURFACE('',#6413,3.);
#5410=CYLINDRICAL_SURFACE('',#6414,7.5);
#5411=CYLINDRICAL_SURFACE('',#6417,5.);
#5412=CYLINDRICAL_SURFACE('',#6418,5.);
#5413=CYLINDRICAL_SURFACE('',#6419,2.1);
#5414=ADVANCED_FACE('',(#220),#5267,.T.);
#5415=ADVANCED_FACE('',(#221),#95,.T.);
#5416=ADVANCED_FACE('',(#222),#96,.F.);
#5417=ADVANCED_FACE('',(#223),#5268,.T.);
#5418=ADVANCED_FACE('',(#224),#5269,.T.);
#5419=ADVANCED_FACE('',(#225),#97,.F.);
#5420=ADVANCED_FACE('',(#226),#5270,.T.);
#5421=ADVANCED_FACE('',(#227),#98,.T.);
#5422=ADVANCED_FACE('',(#228),#5271,.F.);
#5423=ADVANCED_FACE('',(#229),#99,.T.);
#5424=ADVANCED_FACE('',(#230),#5272,.F.);
#5425=ADVANCED_FACE('',(#231),#100,.T.);
#5426=ADVANCED_FACE('',(#232),#101,.T.);
#5427=ADVANCED_FACE('',(#233),#5273,.F.);
#5428=ADVANCED_FACE('',(#234),#102,.F.);
#5429=ADVANCED_FACE('',(#235),#5274,.F.);
#5430=ADVANCED_FACE('',(#236,#51),#103,.T.);
#5431=ADVANCED_FACE('',(#237),#104,.F.);
#5432=ADVANCED_FACE('',(#238,#52,#53,#54,#55,#56,#57,#58,#59),#105,.F.);
#5433=ADVANCED_FACE('',(#239,#60,#61),#106,.F.);
#5434=ADVANCED_FACE('',(#240),#107,.T.);
#5435=ADVANCED_FACE('',(#241),#108,.T.);
#5436=ADVANCED_FACE('',(#242),#109,.F.);
#5437=ADVANCED_FACE('',(#243),#5275,.F.);
#5438=ADVANCED_FACE('',(#244),#5276,.F.);
#5439=ADVANCED_FACE('',(#245),#110,.F.);
#5440=ADVANCED_FACE('',(#246),#111,.T.);
#5441=ADVANCED_FACE('',(#247,#62,#63,#64,#65,#66,#67,#68),#112,.T.);
#5442=ADVANCED_FACE('',(#248),#113,.T.);
#5443=ADVANCED_FACE('',(#249),#114,.T.);
#5444=ADVANCED_FACE('',(#250),#115,.T.);
#5445=ADVANCED_FACE('',(#251),#116,.T.);
#5446=ADVANCED_FACE('',(#252),#5277,.T.);
#5447=ADVANCED_FACE('',(#253),#5278,.T.);
#5448=ADVANCED_FACE('',(#254),#117,.T.);
#5449=ADVANCED_FACE('',(#255,#69,#70,#71,#72,#73),#118,.T.);
#5450=ADVANCED_FACE('',(#256),#5279,.T.);
#5451=ADVANCED_FACE('',(#257),#45,.F.);
#5452=ADVANCED_FACE('',(#258),#5280,.F.);
#5453=ADVANCED_FACE('',(#259),#46,.F.);
#5454=ADVANCED_FACE('',(#260),#5281,.F.);
#5455=ADVANCED_FACE('',(#261),#5282,.F.);
#5456=ADVANCED_FACE('',(#262),#5283,.F.);
#5457=ADVANCED_FACE('',(#263),#5284,.T.);
#5458=ADVANCED_FACE('',(#264),#5285,.T.);
#5459=ADVANCED_FACE('',(#265),#16,.F.);
#5460=ADVANCED_FACE('',(#266,#74),#119,.F.);
#5461=ADVANCED_FACE('',(#267,#75),#120,.T.);
#5462=ADVANCED_FACE('',(#268),#121,.F.);
#5463=ADVANCED_FACE('',(#269),#122,.F.);
#5464=ADVANCED_FACE('',(#270),#123,.F.);
#5465=ADVANCED_FACE('',(#271),#124,.F.);
#5466=ADVANCED_FACE('',(#272),#5286,.T.);
#5467=ADVANCED_FACE('',(#273),#125,.T.);
#5468=ADVANCED_FACE('',(#274),#5287,.T.);
#5469=ADVANCED_FACE('',(#275),#126,.T.);
#5470=ADVANCED_FACE('',(#276),#5288,.T.);
#5471=ADVANCED_FACE('',(#277),#127,.T.);
#5472=ADVANCED_FACE('',(#278),#128,.T.);
#5473=ADVANCED_FACE('',(#279),#5289,.T.);
#5474=ADVANCED_FACE('',(#280),#129,.T.);
#5475=ADVANCED_FACE('',(#281,#76,#77),#130,.T.);
#5476=ADVANCED_FACE('',(#282),#131,.T.);
#5477=ADVANCED_FACE('',(#283),#5290,.T.);
#5478=ADVANCED_FACE('',(#284),#132,.T.);
#5479=ADVANCED_FACE('',(#285,#78),#133,.T.);
#5480=ADVANCED_FACE('',(#286),#5291,.T.);
#5481=ADVANCED_FACE('',(#287),#134,.T.);
#5482=ADVANCED_FACE('',(#288),#5292,.T.);
#5483=ADVANCED_FACE('',(#289),#135,.T.);
#5484=ADVANCED_FACE('',(#290),#5293,.T.);
#5485=ADVANCED_FACE('',(#291),#136,.T.);
#5486=ADVANCED_FACE('',(#292),#5294,.F.);
#5487=ADVANCED_FACE('',(#293),#137,.F.);
#5488=ADVANCED_FACE('',(#294),#5295,.F.);
#5489=ADVANCED_FACE('',(#295),#138,.F.);
#5490=ADVANCED_FACE('',(#296),#5296,.F.);
#5491=ADVANCED_FACE('',(#297),#139,.T.);
#5492=ADVANCED_FACE('',(#298),#5297,.F.);
#5493=ADVANCED_FACE('',(#299),#140,.T.);
#5494=ADVANCED_FACE('',(#300,#79),#141,.F.);
#5495=ADVANCED_FACE('',(#301),#5298,.F.);
#5496=ADVANCED_FACE('',(#302),#5299,.T.);
#5497=ADVANCED_FACE('',(#303,#80),#142,.T.);
#5498=ADVANCED_FACE('',(#304),#5300,.F.);
#5499=ADVANCED_FACE('',(#305),#143,.F.);
#5500=ADVANCED_FACE('',(#306),#5301,.F.);
#5501=ADVANCED_FACE('',(#307),#144,.F.);
#5502=ADVANCED_FACE('',(#308),#5302,.F.);
#5503=ADVANCED_FACE('',(#309),#145,.F.);
#5504=ADVANCED_FACE('',(#310),#5303,.F.);
#5505=ADVANCED_FACE('',(#311),#146,.F.);
#5506=ADVANCED_FACE('',(#312),#147,.T.);
#5507=ADVANCED_FACE('',(#313),#5304,.T.);
#5508=ADVANCED_FACE('',(#314),#148,.T.);
#5509=ADVANCED_FACE('',(#315),#5305,.T.);
#5510=ADVANCED_FACE('',(#316),#5306,.F.);
#5511=ADVANCED_FACE('',(#317),#5307,.T.);
#5512=ADVANCED_FACE('',(#318),#149,.F.);
#5513=ADVANCED_FACE('',(#319),#5308,.T.);
#5514=ADVANCED_FACE('',(#320),#5309,.F.);
#5515=ADVANCED_FACE('',(#321),#5310,.T.);
#5516=ADVANCED_FACE('',(#322),#150,.F.);
#5517=ADVANCED_FACE('',(#323),#5311,.T.);
#5518=ADVANCED_FACE('',(#324),#151,.F.);
#5519=ADVANCED_FACE('',(#325),#5312,.T.);
#5520=ADVANCED_FACE('',(#326),#152,.F.);
#5521=ADVANCED_FACE('',(#327),#5313,.T.);
#5522=ADVANCED_FACE('',(#328),#5314,.F.);
#5523=ADVANCED_FACE('',(#329),#5315,.T.);
#5524=ADVANCED_FACE('',(#330),#153,.F.);
#5525=ADVANCED_FACE('',(#331),#5316,.T.);
#5526=ADVANCED_FACE('',(#332),#5317,.F.);
#5527=ADVANCED_FACE('',(#333),#5318,.T.);
#5528=ADVANCED_FACE('',(#334),#154,.F.);
#5529=ADVANCED_FACE('',(#335),#5319,.T.);
#5530=ADVANCED_FACE('',(#336),#5320,.F.);
#5531=ADVANCED_FACE('',(#337),#5321,.T.);
#5532=ADVANCED_FACE('',(#338),#155,.F.);
#5533=ADVANCED_FACE('',(#339),#5322,.T.);
#5534=ADVANCED_FACE('',(#340),#5323,.F.);
#5535=ADVANCED_FACE('',(#341),#5324,.T.);
#5536=ADVANCED_FACE('',(#342),#156,.F.);
#5537=ADVANCED_FACE('',(#343),#5325,.T.);
#5538=ADVANCED_FACE('',(#344),#157,.F.);
#5539=ADVANCED_FACE('',(#345),#5326,.T.);
#5540=ADVANCED_FACE('',(#346),#158,.F.);
#5541=ADVANCED_FACE('',(#347),#5327,.T.);
#5542=ADVANCED_FACE('',(#348),#5328,.F.);
#5543=ADVANCED_FACE('',(#349),#5329,.T.);
#5544=ADVANCED_FACE('',(#350),#159,.F.);
#5545=ADVANCED_FACE('',(#351),#5330,.T.);
#5546=ADVANCED_FACE('',(#352),#5331,.F.);
#5547=ADVANCED_FACE('',(#353),#5332,.T.);
#5548=ADVANCED_FACE('',(#354),#160,.F.);
#5549=ADVANCED_FACE('',(#355),#161,.T.);
#5550=ADVANCED_FACE('',(#356),#162,.T.);
#5551=ADVANCED_FACE('',(#357),#5333,.T.);
#5552=ADVANCED_FACE('',(#358),#163,.T.);
#5553=ADVANCED_FACE('',(#359,#81),#164,.T.);
#5554=ADVANCED_FACE('',(#360),#5334,.T.);
#5555=ADVANCED_FACE('',(#361),#165,.T.);
#5556=ADVANCED_FACE('',(#362),#5335,.F.);
#5557=ADVANCED_FACE('',(#363),#166,.T.);
#5558=ADVANCED_FACE('',(#364),#5336,.F.);
#5559=ADVANCED_FACE('',(#365),#5337,.F.);
#5560=ADVANCED_FACE('',(#366),#167,.T.);
#5561=ADVANCED_FACE('',(#367),#5338,.F.);
#5562=ADVANCED_FACE('',(#368),#168,.F.);
#5563=ADVANCED_FACE('',(#369),#169,.F.);
#5564=ADVANCED_FACE('',(#370),#170,.F.);
#5565=ADVANCED_FACE('',(#371),#171,.F.);
#5566=ADVANCED_FACE('',(#372),#172,.F.);
#5567=ADVANCED_FACE('',(#373),#173,.F.);
#5568=ADVANCED_FACE('',(#374),#174,.F.);
#5569=ADVANCED_FACE('',(#375),#5339,.F.);
#5570=ADVANCED_FACE('',(#376),#175,.T.);
#5571=ADVANCED_FACE('',(#377),#176,.T.);
#5572=ADVANCED_FACE('',(#378),#5340,.F.);
#5573=ADVANCED_FACE('',(#379),#5341,.F.);
#5574=ADVANCED_FACE('',(#380),#177,.T.);
#5575=ADVANCED_FACE('',(#381),#5342,.F.);
#5576=ADVANCED_FACE('',(#382),#178,.T.);
#5577=ADVANCED_FACE('',(#383),#179,.F.);
#5578=ADVANCED_FACE('',(#384),#180,.T.);
#5579=ADVANCED_FACE('',(#385),#181,.T.);
#5580=ADVANCED_FACE('',(#386),#5343,.F.);
#5581=ADVANCED_FACE('',(#387),#5344,.T.);
#5582=ADVANCED_FACE('',(#388,#82),#182,.T.);
#5583=ADVANCED_FACE('',(#389),#5345,.F.);
#5584=ADVANCED_FACE('',(#390),#5346,.T.);
#5585=ADVANCED_FACE('',(#391,#83),#183,.T.);
#5586=ADVANCED_FACE('',(#392),#5347,.F.);
#5587=ADVANCED_FACE('',(#393),#5348,.F.);
#5588=ADVANCED_FACE('',(#394),#184,.T.);
#5589=ADVANCED_FACE('',(#395),#185,.T.);
#5590=ADVANCED_FACE('',(#396),#186,.T.);
#5591=ADVANCED_FACE('',(#397),#187,.T.);
#5592=ADVANCED_FACE('',(#398),#5349,.F.);
#5593=ADVANCED_FACE('',(#399),#5350,.T.);
#5594=ADVANCED_FACE('',(#400,#84),#188,.T.);
#5595=ADVANCED_FACE('',(#401),#5351,.F.);
#5596=ADVANCED_FACE('',(#402),#5352,.T.);
#5597=ADVANCED_FACE('',(#403,#85),#189,.T.);
#5598=ADVANCED_FACE('',(#404),#5353,.F.);
#5599=ADVANCED_FACE('',(#405),#5354,.T.);
#5600=ADVANCED_FACE('',(#406,#86),#190,.T.);
#5601=ADVANCED_FACE('',(#407),#5355,.F.);
#5602=ADVANCED_FACE('',(#408),#5356,.T.);
#5603=ADVANCED_FACE('',(#409,#87),#191,.T.);
#5604=ADVANCED_FACE('',(#410),#5357,.F.);
#5605=ADVANCED_FACE('',(#411),#47,.F.);
#5606=ADVANCED_FACE('',(#412),#5358,.F.);
#5607=ADVANCED_FACE('',(#413),#48,.F.);
#5608=ADVANCED_FACE('',(#414),#5359,.F.);
#5609=ADVANCED_FACE('',(#415),#49,.F.);
#5610=ADVANCED_FACE('',(#416),#5360,.F.);
#5611=ADVANCED_FACE('',(#417),#50,.F.);
#5612=ADVANCED_FACE('',(#418),#5361,.F.);
#5613=ADVANCED_FACE('',(#419),#5362,.F.);
#5614=ADVANCED_FACE('',(#420),#5363,.F.);
#5615=ADVANCED_FACE('',(#421),#5364,.F.);
#5616=ADVANCED_FACE('',(#422),#5365,.F.);
#5617=ADVANCED_FACE('',(#423),#192,.T.);
#5618=ADVANCED_FACE('',(#424),#193,.F.);
#5619=ADVANCED_FACE('',(#425),#5366,.F.);
#5620=ADVANCED_FACE('',(#426),#194,.F.);
#5621=ADVANCED_FACE('',(#427),#195,.F.);
#5622=ADVANCED_FACE('',(#428),#196,.F.);
#5623=ADVANCED_FACE('',(#429),#197,.F.);
#5624=ADVANCED_FACE('',(#430),#198,.F.);
#5625=ADVANCED_FACE('',(#431),#199,.F.);
#5626=ADVANCED_FACE('',(#432),#200,.T.);
#5627=ADVANCED_FACE('',(#433),#201,.T.);
#5628=ADVANCED_FACE('',(#434),#5367,.F.);
#5629=ADVANCED_FACE('',(#435),#5368,.F.);
#5630=ADVANCED_FACE('',(#436),#5369,.F.);
#5631=ADVANCED_FACE('',(#437),#5370,.F.);
#5632=ADVANCED_FACE('',(#438),#5371,.T.);
#5633=ADVANCED_FACE('',(#439),#202,.T.);
#5634=ADVANCED_FACE('',(#440),#203,.T.);
#5635=ADVANCED_FACE('',(#441),#204,.T.);
#5636=ADVANCED_FACE('',(#442),#5372,.T.);
#5637=ADVANCED_FACE('',(#443),#205,.T.);
#5638=ADVANCED_FACE('',(#444),#17,.T.);
#5639=ADVANCED_FACE('',(#445),#18,.T.);
#5640=ADVANCED_FACE('',(#446),#19,.T.);
#5641=ADVANCED_FACE('',(#447),#5373,.T.);
#5642=ADVANCED_FACE('',(#448),#20,.T.);
#5643=ADVANCED_FACE('',(#449),#21,.T.);
#5644=ADVANCED_FACE('',(#450),#22,.T.);
#5645=ADVANCED_FACE('',(#451),#5374,.T.);
#5646=ADVANCED_FACE('',(#452),#23,.T.);
#5647=ADVANCED_FACE('',(#453),#24,.T.);
#5648=ADVANCED_FACE('',(#454),#25,.T.);
#5649=ADVANCED_FACE('',(#455),#5375,.T.);
#5650=ADVANCED_FACE('',(#456),#26,.T.);
#5651=ADVANCED_FACE('',(#457),#27,.T.);
#5652=ADVANCED_FACE('',(#458),#28,.T.);
#5653=ADVANCED_FACE('',(#459),#5376,.T.);
#5654=ADVANCED_FACE('',(#460),#29,.T.);
#5655=ADVANCED_FACE('',(#461),#5377,.T.);
#5656=ADVANCED_FACE('',(#462),#30,.T.);
#5657=ADVANCED_FACE('',(#463),#5378,.T.);
#5658=ADVANCED_FACE('',(#464),#31,.T.);
#5659=ADVANCED_FACE('',(#465),#32,.T.);
#5660=ADVANCED_FACE('',(#466),#33,.T.);
#5661=ADVANCED_FACE('',(#467),#5379,.T.);
#5662=ADVANCED_FACE('',(#468),#34,.T.);
#5663=ADVANCED_FACE('',(#469),#35,.T.);
#5664=ADVANCED_FACE('',(#470),#36,.T.);
#5665=ADVANCED_FACE('',(#471),#5380,.T.);
#5666=ADVANCED_FACE('',(#472),#37,.T.);
#5667=ADVANCED_FACE('',(#473),#38,.T.);
#5668=ADVANCED_FACE('',(#474),#39,.T.);
#5669=ADVANCED_FACE('',(#475),#5381,.T.);
#5670=ADVANCED_FACE('',(#476),#40,.T.);
#5671=ADVANCED_FACE('',(#477),#41,.T.);
#5672=ADVANCED_FACE('',(#478),#42,.T.);
#5673=ADVANCED_FACE('',(#479),#5382,.T.);
#5674=ADVANCED_FACE('',(#480),#43,.T.);
#5675=ADVANCED_FACE('',(#481),#5383,.T.);
#5676=ADVANCED_FACE('',(#482),#44,.T.);
#5677=ADVANCED_FACE('',(#483),#5384,.T.);
#5678=ADVANCED_FACE('',(#484),#5385,.F.);
#5679=ADVANCED_FACE('',(#485),#5386,.T.);
#5680=ADVANCED_FACE('',(#486),#206,.T.);
#5681=ADVANCED_FACE('',(#487),#5387,.T.);
#5682=ADVANCED_FACE('',(#488),#5388,.F.);
#5683=ADVANCED_FACE('',(#489),#5389,.T.);
#5684=ADVANCED_FACE('',(#490),#207,.T.);
#5685=ADVANCED_FACE('',(#491),#5390,.T.);
#5686=ADVANCED_FACE('',(#492),#5391,.F.);
#5687=ADVANCED_FACE('',(#493),#5392,.T.);
#5688=ADVANCED_FACE('',(#494),#208,.T.);
#5689=ADVANCED_FACE('',(#495),#5393,.T.);
#5690=ADVANCED_FACE('',(#496),#5394,.F.);
#5691=ADVANCED_FACE('',(#497),#5395,.T.);
#5692=ADVANCED_FACE('',(#498),#209,.T.);
#5693=ADVANCED_FACE('',(#499),#5396,.T.);
#5694=ADVANCED_FACE('',(#500,#88,#89),#210,.T.);
#5695=ADVANCED_FACE('',(#501),#5397,.T.);
#5696=ADVANCED_FACE('',(#502,#90),#211,.T.);
#5697=ADVANCED_FACE('',(#503),#5398,.T.);
#5698=ADVANCED_FACE('',(#504,#91),#212,.T.);
#5699=ADVANCED_FACE('',(#505),#5399,.T.);
#5700=ADVANCED_FACE('',(#506),#213,.T.);
#5701=ADVANCED_FACE('',(#507),#5400,.T.);
#5702=ADVANCED_FACE('',(#508),#5401,.F.);
#5703=ADVANCED_FACE('',(#509),#5402,.T.);
#5704=ADVANCED_FACE('',(#510),#214,.T.);
#5705=ADVANCED_FACE('',(#511),#5403,.T.);
#5706=ADVANCED_FACE('',(#512),#5404,.F.);
#5707=ADVANCED_FACE('',(#513),#5405,.T.);
#5708=ADVANCED_FACE('',(#514),#215,.T.);
#5709=ADVANCED_FACE('',(#515),#5406,.T.);
#5710=ADVANCED_FACE('',(#516),#5407,.F.);
#5711=ADVANCED_FACE('',(#517),#5408,.T.);
#5712=ADVANCED_FACE('',(#518),#216,.T.);
#5713=ADVANCED_FACE('',(#519),#5409,.T.);
#5714=ADVANCED_FACE('',(#520),#5410,.F.);
#5715=ADVANCED_FACE('',(#521,#92),#217,.T.);
#5716=ADVANCED_FACE('',(#522,#93,#94),#218,.T.);
#5717=ADVANCED_FACE('',(#523),#5411,.T.);
#5718=ADVANCED_FACE('',(#524),#5412,.T.);
#5719=ADVANCED_FACE('',(#525),#5413,.F.);
#5720=ADVANCED_FACE('',(#526),#219,.F.);
#5721=CLOSED_SHELL('',(#5414,#5415,#5416,#5417,#5418,#5419,#5420,#5421,
#5422,#5423,#5424,#5425,#5426,#5427,#5428,#5429,#5430,#5431,#5432,#5433,
#5434,#5435,#5436,#5437,#5438,#5439,#5440,#5441,#5442,#5443,#5444,#5445,
#5446,#5447,#5448,#5449,#5450,#5451,#5452,#5453,#5454,#5455,#5456,#5457,
#5458,#5459,#5460,#5461,#5462,#5463,#5464,#5465,#5466,#5467,#5468,#5469,
#5470,#5471,#5472,#5473,#5474,#5475,#5476,#5477,#5478,#5479,#5480,#5481,
#5482,#5483,#5484,#5485,#5486,#5487,#5488,#5489,#5490,#5491,#5492,#5493,
#5494,#5495,#5496,#5497,#5498,#5499,#5500,#5501,#5502,#5503,#5504,#5505,
#5506,#5507,#5508,#5509,#5510,#5511,#5512,#5513,#5514,#5515,#5516,#5517,
#5518,#5519,#5520,#5521,#5522,#5523,#5524,#5525,#5526,#5527,#5528,#5529,
#5530,#5531,#5532,#5533,#5534,#5535,#5536,#5537,#5538,#5539,#5540,#5541,
#5542,#5543,#5544,#5545,#5546,#5547,#5548,#5549,#5550,#5551,#5552,#5553,
#5554,#5555,#5556,#5557,#5558,#5559,#5560,#5561,#5562,#5563,#5564,#5565,
#5566,#5567,#5568,#5569,#5570,#5571,#5572,#5573,#5574,#5575,#5576,#5577,
#5578,#5579,#5580,#5581,#5582,#5583,#5584,#5585,#5586,#5587,#5588,#5589,
#5590,#5591,#5592,#5593,#5594,#5595,#5596,#5597,#5598,#5599,#5600,#5601,
#5602,#5603,#5604,#5605,#5606,#5607,#5608,#5609,#5610,#5611,#5612,#5613,
#5614,#5615,#5616,#5617,#5618,#5619,#5620,#5621,#5622,#5623,#5624,#5625,
#5626,#5627,#5628,#5629,#5630,#5631,#5632,#5633,#5634,#5635,#5636,#5637,
#5638,#5639,#5640,#5641,#5642,#5643,#5644,#5645,#5646,#5647,#5648,#5649,
#5650,#5651,#5652,#5653,#5654,#5655,#5656,#5657,#5658,#5659,#5660,#5661,
#5662,#5663,#5664,#5665,#5666,#5667,#5668,#5669,#5670,#5671,#5672,#5673,
#5674,#5675,#5676,#5677,#5678,#5679,#5680,#5681,#5682,#5683,#5684,#5685,
#5686,#5687,#5688,#5689,#5690,#5691,#5692,#5693,#5694,#5695,#5696,#5697,
#5698,#5699,#5700,#5701,#5702,#5703,#5704,#5705,#5706,#5707,#5708,#5709,
#5710,#5711,#5712,#5713,#5714,#5715,#5716,#5717,#5718,#5719,#5720));
#5722=DERIVED_UNIT_ELEMENT(#5724,1.);
#5723=DERIVED_UNIT_ELEMENT(#9962,3.);
#5724=(
MASS_UNIT()
NAMED_UNIT(*)
SI_UNIT($,.GRAM.)
);
#5725=DERIVED_UNIT((#5722,#5723));
#5726=MEASURE_REPRESENTATION_ITEM('density measure',
POSITIVE_RATIO_MEASURE(1.06),#5725);
#5727=PROPERTY_DEFINITION_REPRESENTATION(#5732,#5729);
#5728=PROPERTY_DEFINITION_REPRESENTATION(#5733,#5730);
#5729=REPRESENTATION('material name',(#5731),#9959);
#5730=REPRESENTATION('density',(#5726),#9959);
#5731=DESCRIPTIVE_REPRESENTATION_ITEM('ABS Plastic','ABS Plastic');
#5732=PROPERTY_DEFINITION('material property','material name',#9969);
#5733=PROPERTY_DEFINITION('material property','density of part',#9969);
#5734=DATE_TIME_ROLE('creation_date');
#5735=APPLIED_DATE_AND_TIME_ASSIGNMENT(#5736,#5734,(#9969));
#5736=DATE_AND_TIME(#5737,#5738);
#5737=CALENDAR_DATE(2026,25,6);
#5738=LOCAL_TIME(2,50,34.,#5739);
#5739=COORDINATED_UNIVERSAL_TIME_OFFSET(0,0,.BEHIND.);
#5740=AXIS2_PLACEMENT_3D('placement',#8254,#6422,#6423);
#5741=AXIS2_PLACEMENT_3D('',#8255,#6424,#6425);
#5742=AXIS2_PLACEMENT_3D('',#8258,#6426,#6427);
#5743=AXIS2_PLACEMENT_3D('',#8262,#6429,#6430);
#5744=AXIS2_PLACEMENT_3D('',#8264,#6432,#6433);
#5745=AXIS2_PLACEMENT_3D('',#8268,#6435,#6436);
#5746=AXIS2_PLACEMENT_3D('',#8272,#6438,#6439);
#5747=AXIS2_PLACEMENT_3D('',#8276,#6441,#6442);
#5748=AXIS2_PLACEMENT_3D('',#8290,#6450,#6451);
#5749=AXIS2_PLACEMENT_3D('',#8294,#6454,#6455);
#5750=AXIS2_PLACEMENT_3D('',#8296,#6456,#6457);
#5751=AXIS2_PLACEMENT_3D('',#8298,#6459,#6460);
#5752=AXIS2_PLACEMENT_3D('',#8302,#6462,#6463);
#5753=AXIS2_PLACEMENT_3D('',#8304,#6465,#6466);
#5754=AXIS2_PLACEMENT_3D('',#8308,#6469,#6470);
#5755=AXIS2_PLACEMENT_3D('',#8310,#6471,#6472);
#5756=AXIS2_PLACEMENT_3D('',#8312,#6474,#6475);
#5757=AXIS2_PLACEMENT_3D('',#8327,#6484,#6485);
#5758=AXIS2_PLACEMENT_3D('',#8330,#6486,#6487);
#5759=AXIS2_PLACEMENT_3D('',#8334,#6489,#6490);
#5760=AXIS2_PLACEMENT_3D('',#8336,#6492,#6493);
#5761=AXIS2_PLACEMENT_3D('',#8342,#6497,#6498);
#5762=AXIS2_PLACEMENT_3D('',#8344,#6499,#6500);
#5763=AXIS2_PLACEMENT_3D('',#8347,#6502,#6503);
#5764=AXIS2_PLACEMENT_3D('',#8348,#6504,#6505);
#5765=AXIS2_PLACEMENT_3D('',#8354,#6509,#6510);
#5766=AXIS2_PLACEMENT_3D('',#8355,#6511,#6512);
#5767=AXIS2_PLACEMENT_3D('',#8358,#6513,#6514);
#5768=AXIS2_PLACEMENT_3D('',#8362,#6516,#6517);
#5769=AXIS2_PLACEMENT_3D('',#8364,#6519,#6520);
#5770=AXIS2_PLACEMENT_3D('',#8370,#6524,#6525);
#5771=AXIS2_PLACEMENT_3D('',#8373,#6526,#6527);
#5772=AXIS2_PLACEMENT_3D('',#8377,#6529,#6530);
#5773=AXIS2_PLACEMENT_3D('',#8379,#6532,#6533);
#5774=AXIS2_PLACEMENT_3D('',#8387,#6537,#6538);
#5775=AXIS2_PLACEMENT_3D('',#8396,#6543,#6544);
#5776=AXIS2_PLACEMENT_3D('',#8404,#6548,#6549);
#5777=AXIS2_PLACEMENT_3D('',#8407,#6551,#6552);
#5778=AXIS2_PLACEMENT_3D('',#8414,#6556,#6557);
#5779=AXIS2_PLACEMENT_3D('',#8416,#6558,#6559);
#5780=AXIS2_PLACEMENT_3D('',#8417,#6560,#6561);
#5781=AXIS2_PLACEMENT_3D('',#8421,#6564,#6565);
#5782=AXIS2_PLACEMENT_3D('',#8426,#6567,#6568);
#5783=AXIS2_PLACEMENT_3D('',#8430,#6570,#6571);
#5784=AXIS2_PLACEMENT_3D('',#8434,#6573,#6574);
#5785=AXIS2_PLACEMENT_3D('',#8436,#6575,#6576);
#5786=AXIS2_PLACEMENT_3D('',#8438,#6577,#6578);
#5787=AXIS2_PLACEMENT_3D('',#8442,#6580,#6581);
#5788=AXIS2_PLACEMENT_3D('',#8444,#6582,#6583);
#5789=AXIS2_PLACEMENT_3D('',#8446,#6584,#6585);
#5790=AXIS2_PLACEMENT_3D('',#8450,#6587,#6588);
#5791=AXIS2_PLACEMENT_3D('',#8452,#6589,#6590);
#5792=AXIS2_PLACEMENT_3D('',#8454,#6591,#6592);
#5793=AXIS2_PLACEMENT_3D('',#8458,#6594,#6595);
#5794=AXIS2_PLACEMENT_3D('',#8460,#6596,#6597);
#5795=AXIS2_PLACEMENT_3D('',#8462,#6598,#6599);
#5796=AXIS2_PLACEMENT_3D('',#8466,#6601,#6602);
#5797=AXIS2_PLACEMENT_3D('',#8470,#6604,#6605);
#5798=AXIS2_PLACEMENT_3D('',#8474,#6607,#6608);
#5799=AXIS2_PLACEMENT_3D('',#8476,#6609,#6610);
#5800=AXIS2_PLACEMENT_3D('',#8478,#6611,#6612);
#5801=AXIS2_PLACEMENT_3D('',#8482,#6614,#6615);
#5802=AXIS2_PLACEMENT_3D('',#8484,#6616,#6617);
#5803=AXIS2_PLACEMENT_3D('',#8486,#6618,#6619);
#5804=AXIS2_PLACEMENT_3D('',#8490,#6621,#6622);
#5805=AXIS2_PLACEMENT_3D('',#8492,#6623,#6624);
#5806=AXIS2_PLACEMENT_3D('',#8494,#6625,#6626);
#5807=AXIS2_PLACEMENT_3D('',#8498,#6628,#6629);
#5808=AXIS2_PLACEMENT_3D('',#8500,#6630,#6631);
#5809=AXIS2_PLACEMENT_3D('',#8501,#6632,#6633);
#5810=AXIS2_PLACEMENT_3D('',#8503,#6634,#6635);
#5811=AXIS2_PLACEMENT_3D('',#8506,#6637,#6638);
#5812=AXIS2_PLACEMENT_3D('',#8514,#6642,#6643);
#5813=AXIS2_PLACEMENT_3D('',#8522,#6647,#6648);
#5814=AXIS2_PLACEMENT_3D('',#8523,#6649,#6650);
#5815=AXIS2_PLACEMENT_3D('',#8526,#6651,#6652);
#5816=AXIS2_PLACEMENT_3D('',#8527,#6653,#6654);
#5817=AXIS2_PLACEMENT_3D('',#8530,#6655,#6656);
#5818=AXIS2_PLACEMENT_3D('',#8531,#6657,#6658);
#5819=AXIS2_PLACEMENT_3D('',#8534,#6659,#6660);
#5820=AXIS2_PLACEMENT_3D('',#8535,#6661,#6662);
#5821=AXIS2_PLACEMENT_3D('',#8538,#6663,#6664);
#5822=AXIS2_PLACEMENT_3D('',#8542,#6666,#6667);
#5823=AXIS2_PLACEMENT_3D('',#8546,#6669,#6670);
#5824=AXIS2_PLACEMENT_3D('',#8550,#6672,#6673);
#5825=AXIS2_PLACEMENT_3D('',#8554,#6675,#6676);
#5826=AXIS2_PLACEMENT_3D('',#8555,#6677,#6678);
#5827=AXIS2_PLACEMENT_3D('',#8558,#6679,#6680);
#5828=AXIS2_PLACEMENT_3D('',#8559,#6681,#6682);
#5829=AXIS2_PLACEMENT_3D('',#8560,#6683,#6684);
#5830=AXIS2_PLACEMENT_3D('',#8564,#6686,#6687);
#5831=AXIS2_PLACEMENT_3D('',#8567,#6689,#6690);
#5832=AXIS2_PLACEMENT_3D('',#8570,#6691,#6692);
#5833=AXIS2_PLACEMENT_3D('',#8571,#6693,#6694);
#5834=AXIS2_PLACEMENT_3D('',#8574,#6695,#6696);
#5835=AXIS2_PLACEMENT_3D('',#8575,#6697,#6698);
#5836=AXIS2_PLACEMENT_3D('',#8576,#6699,#6700);
#5837=AXIS2_PLACEMENT_3D('',#8578,#6702,#6703);
#5838=AXIS2_PLACEMENT_3D('',#8588,#6709,#6710);
#5839=AXIS2_PLACEMENT_3D('',#8597,#6715,#6716);
#5840=AXIS2_PLACEMENT_3D('',#8598,#6717,#6718);
#5841=AXIS2_PLACEMENT_3D('',#8599,#6719,#6720);
#5842=AXIS2_PLACEMENT_3D('',#8600,#6721,#6722);
#5843=AXIS2_PLACEMENT_3D('',#8602,#6723,#6724);
#5844=AXIS2_PLACEMENT_3D('',#8605,#6726,#6727);
#5845=AXIS2_PLACEMENT_3D('',#8606,#6728,#6729);
#5846=AXIS2_PLACEMENT_3D('',#8612,#6733,#6734);
#5847=AXIS2_PLACEMENT_3D('',#8618,#6738,#6739);
#5848=AXIS2_PLACEMENT_3D('',#8621,#6740,#6741);
#5849=AXIS2_PLACEMENT_3D('',#8625,#6743,#6744);
#5850=AXIS2_PLACEMENT_3D('',#8627,#6745,#6746);
#5851=AXIS2_PLACEMENT_3D('',#8629,#6747,#6748);
#5852=AXIS2_PLACEMENT_3D('',#8633,#6750,#6751);
#5853=AXIS2_PLACEMENT_3D('',#8635,#6752,#6753);
#5854=AXIS2_PLACEMENT_3D('',#8637,#6754,#6755);
#5855=AXIS2_PLACEMENT_3D('',#8641,#6757,#6758);
#5856=AXIS2_PLACEMENT_3D('',#8645,#6760,#6761);
#5857=AXIS2_PLACEMENT_3D('',#8649,#6763,#6764);
#5858=AXIS2_PLACEMENT_3D('',#8651,#6765,#6766);
#5859=AXIS2_PLACEMENT_3D('',#8653,#6767,#6768);
#5860=AXIS2_PLACEMENT_3D('',#8657,#6770,#6771);
#5861=AXIS2_PLACEMENT_3D('',#8659,#6772,#6773);
#5862=AXIS2_PLACEMENT_3D('',#8661,#6774,#6775);
#5863=AXIS2_PLACEMENT_3D('',#8665,#6777,#6778);
#5864=AXIS2_PLACEMENT_3D('',#8667,#6779,#6780);
#5865=AXIS2_PLACEMENT_3D('',#8669,#6781,#6782);
#5866=AXIS2_PLACEMENT_3D('',#8673,#6784,#6785);
#5867=AXIS2_PLACEMENT_3D('',#8675,#6786,#6787);
#5868=AXIS2_PLACEMENT_3D('',#8677,#6788,#6789);
#5869=AXIS2_PLACEMENT_3D('',#8681,#6791,#6792);
#5870=AXIS2_PLACEMENT_3D('',#8685,#6794,#6795);
#5871=AXIS2_PLACEMENT_3D('',#8689,#6797,#6798);
#5872=AXIS2_PLACEMENT_3D('',#8691,#6799,#6800);
#5873=AXIS2_PLACEMENT_3D('',#8693,#6801,#6802);
#5874=AXIS2_PLACEMENT_3D('',#8697,#6804,#6805);
#5875=AXIS2_PLACEMENT_3D('',#8698,#6806,#6807);
#5876=AXIS2_PLACEMENT_3D('',#8702,#6809,#6810);
#5877=AXIS2_PLACEMENT_3D('',#8704,#6811,#6812);
#5878=AXIS2_PLACEMENT_3D('',#8708,#6814,#6815);
#5879=AXIS2_PLACEMENT_3D('',#8712,#6817,#6818);
#5880=AXIS2_PLACEMENT_3D('',#8716,#6820,#6821);
#5881=AXIS2_PLACEMENT_3D('',#8722,#6824,#6825);
#5882=AXIS2_PLACEMENT_3D('',#8730,#6829,#6830);
#5883=AXIS2_PLACEMENT_3D('',#8736,#6833,#6834);
#5884=AXIS2_PLACEMENT_3D('',#8740,#6836,#6837);
#5885=AXIS2_PLACEMENT_3D('',#8744,#6839,#6840);
#5886=AXIS2_PLACEMENT_3D('',#8748,#6842,#6843);
#5887=AXIS2_PLACEMENT_3D('',#8749,#6844,#6845);
#5888=AXIS2_PLACEMENT_3D('',#8751,#6846,#6847);
#5889=AXIS2_PLACEMENT_3D('',#8757,#6850,#6851);
#5890=AXIS2_PLACEMENT_3D('',#8765,#6855,#6856);
#5891=AXIS2_PLACEMENT_3D('',#8770,#6859,#6860);
#5892=AXIS2_PLACEMENT_3D('',#8773,#6861,#6862);
#5893=AXIS2_PLACEMENT_3D('',#8774,#6863,#6864);
#5894=AXIS2_PLACEMENT_3D('',#8777,#6865,#6866);
#5895=AXIS2_PLACEMENT_3D('',#8778,#6867,#6868);
#5896=AXIS2_PLACEMENT_3D('',#8780,#6869,#6870);
#5897=AXIS2_PLACEMENT_3D('',#8782,#6871,#6872);
#5898=AXIS2_PLACEMENT_3D('',#8784,#6873,#6874);
#5899=AXIS2_PLACEMENT_3D('',#8786,#6875,#6876);
#5900=AXIS2_PLACEMENT_3D('',#8787,#6877,#6878);
#5901=AXIS2_PLACEMENT_3D('',#8793,#6881,#6882);
#5902=AXIS2_PLACEMENT_3D('',#8797,#6884,#6885);
#5903=AXIS2_PLACEMENT_3D('',#8805,#6889,#6890);
#5904=AXIS2_PLACEMENT_3D('',#8809,#6892,#6893);
#5905=AXIS2_PLACEMENT_3D('',#8813,#6896,#6897);
#5906=AXIS2_PLACEMENT_3D('',#8817,#6900,#6901);
#5907=AXIS2_PLACEMENT_3D('',#8821,#6904,#6905);
#5908=AXIS2_PLACEMENT_3D('',#8825,#6908,#6909);
#5909=AXIS2_PLACEMENT_3D('',#8827,#6910,#6911);
#5910=AXIS2_PLACEMENT_3D('',#8829,#6913,#6914);
#5911=AXIS2_PLACEMENT_3D('',#8832,#6916,#6917);
#5912=AXIS2_PLACEMENT_3D('',#8833,#6918,#6919);
#5913=AXIS2_PLACEMENT_3D('',#8837,#6921,#6922);
#5914=AXIS2_PLACEMENT_3D('',#8841,#6924,#6925);
#5915=AXIS2_PLACEMENT_3D('',#8846,#6928,#6929);
#5916=AXIS2_PLACEMENT_3D('',#8850,#6931,#6932);
#5917=AXIS2_PLACEMENT_3D('',#8853,#6934,#6935);
#5918=AXIS2_PLACEMENT_3D('',#8855,#6936,#6937);
#5919=AXIS2_PLACEMENT_3D('',#8859,#6939,#6940);
#5920=AXIS2_PLACEMENT_3D('',#8863,#6942,#6943);
#5921=AXIS2_PLACEMENT_3D('',#8867,#6945,#6946);
#5922=AXIS2_PLACEMENT_3D('',#8873,#6949,#6950);
#5923=AXIS2_PLACEMENT_3D('',#8881,#6954,#6955);
#5924=AXIS2_PLACEMENT_3D('',#8887,#6958,#6959);
#5925=AXIS2_PLACEMENT_3D('',#8891,#6961,#6962);
#5926=AXIS2_PLACEMENT_3D('',#8895,#6964,#6965);
#5927=AXIS2_PLACEMENT_3D('',#8898,#6967,#6968);
#5928=AXIS2_PLACEMENT_3D('',#8899,#6969,#6970);
#5929=AXIS2_PLACEMENT_3D('',#8905,#6973,#6974);
#5930=AXIS2_PLACEMENT_3D('',#8913,#6978,#6979);
#5931=AXIS2_PLACEMENT_3D('',#8918,#6982,#6983);
#5932=AXIS2_PLACEMENT_3D('',#8922,#6985,#6986);
#5933=AXIS2_PLACEMENT_3D('',#8926,#6988,#6989);
#5934=AXIS2_PLACEMENT_3D('',#8927,#6990,#6991);
#5935=AXIS2_PLACEMENT_3D('',#8930,#6992,#6993);
#5936=AXIS2_PLACEMENT_3D('',#8931,#6994,#6995);
#5937=AXIS2_PLACEMENT_3D('',#8934,#6996,#6997);
#5938=AXIS2_PLACEMENT_3D('',#8935,#6998,#6999);
#5939=AXIS2_PLACEMENT_3D('',#8938,#7000,#7001);
#5940=AXIS2_PLACEMENT_3D('',#8939,#7002,#7003);
#5941=AXIS2_PLACEMENT_3D('',#8942,#7004,#7005);
#5942=AXIS2_PLACEMENT_3D('',#8943,#7006,#7007);
#5943=AXIS2_PLACEMENT_3D('',#8944,#7008,#7009);
#5944=AXIS2_PLACEMENT_3D('',#8946,#7011,#7012);
#5945=AXIS2_PLACEMENT_3D('',#8949,#7013,#7014);
#5946=AXIS2_PLACEMENT_3D('',#8950,#7015,#7016);
#5947=AXIS2_PLACEMENT_3D('',#8954,#7018,#7019);
#5948=AXIS2_PLACEMENT_3D('',#8955,#7020,#7021);
#5949=AXIS2_PLACEMENT_3D('',#8956,#7022,#7023);
#5950=AXIS2_PLACEMENT_3D('',#8958,#7025,#7026);
#5951=AXIS2_PLACEMENT_3D('',#8961,#7027,#7028);
#5952=AXIS2_PLACEMENT_3D('',#8962,#7029,#7030);
#5953=AXIS2_PLACEMENT_3D('',#8966,#7032,#7033);
#5954=AXIS2_PLACEMENT_3D('',#8967,#7034,#7035);
#5955=AXIS2_PLACEMENT_3D('',#8968,#7036,#7037);
#5956=AXIS2_PLACEMENT_3D('',#8970,#7039,#7040);
#5957=AXIS2_PLACEMENT_3D('',#8972,#7042,#7043);
#5958=AXIS2_PLACEMENT_3D('',#8974,#7045,#7046);
#5959=AXIS2_PLACEMENT_3D('',#8976,#7048,#7049);
#5960=AXIS2_PLACEMENT_3D('',#8978,#7051,#7052);
#5961=AXIS2_PLACEMENT_3D('',#8980,#7053,#7054);
#5962=AXIS2_PLACEMENT_3D('',#8982,#7055,#7056);
#5963=AXIS2_PLACEMENT_3D('',#8983,#7057,#7058);
#5964=AXIS2_PLACEMENT_3D('',#8984,#7059,#7060);
#5965=AXIS2_PLACEMENT_3D('',#8987,#7063,#7064);
#5966=AXIS2_PLACEMENT_3D('',#8989,#7065,#7066);
#5967=AXIS2_PLACEMENT_3D('',#8990,#7067,#7068);
#5968=AXIS2_PLACEMENT_3D('',#8999,#7073,#7074);
#5969=AXIS2_PLACEMENT_3D('',#9005,#7078,#7079);
#5970=AXIS2_PLACEMENT_3D('',#9014,#7084,#7085);
#5971=AXIS2_PLACEMENT_3D('',#9020,#7089,#7090);
#5972=AXIS2_PLACEMENT_3D('',#9023,#7093,#7094);
#5973=AXIS2_PLACEMENT_3D('',#9025,#7096,#7097);
#5974=AXIS2_PLACEMENT_3D('',#9027,#7099,#7100);
#5975=AXIS2_PLACEMENT_3D('',#9029,#7102,#7103);
#5976=AXIS2_PLACEMENT_3D('',#9031,#7105,#7106);
#5977=AXIS2_PLACEMENT_3D('',#9033,#7108,#7109);
#5978=AXIS2_PLACEMENT_3D('',#9035,#7111,#7112);
#5979=AXIS2_PLACEMENT_3D('',#9037,#7114,#7115);
#5980=AXIS2_PLACEMENT_3D('',#9039,#7117,#7118);
#5981=AXIS2_PLACEMENT_3D('',#9042,#7120,#7121);
#5982=AXIS2_PLACEMENT_3D('',#9044,#7122,#7123);
#5983=AXIS2_PLACEMENT_3D('',#9045,#7124,#7125);
#5984=AXIS2_PLACEMENT_3D('',#9047,#7127,#7128);
#5985=AXIS2_PLACEMENT_3D('',#9049,#7130,#7131);
#5986=AXIS2_PLACEMENT_3D('',#9051,#7133,#7134);
#5987=AXIS2_PLACEMENT_3D('',#9055,#7136,#7137);
#5988=AXIS2_PLACEMENT_3D('',#9059,#7139,#7140);
#5989=AXIS2_PLACEMENT_3D('',#9061,#7142,#7143);
#5990=AXIS2_PLACEMENT_3D('',#9063,#7145,#7146);
#5991=AXIS2_PLACEMENT_3D('',#9065,#7148,#7149);
#5992=AXIS2_PLACEMENT_3D('',#9067,#7151,#7152);
#5993=AXIS2_PLACEMENT_3D('',#9069,#7154,#7155);
#5994=AXIS2_PLACEMENT_3D('',#9071,#7157,#7158);
#5995=AXIS2_PLACEMENT_3D('',#9072,#7159,#7160);
#5996=AXIS2_PLACEMENT_3D('',#9075,#7161,#7162);
#5997=AXIS2_PLACEMENT_3D('',#9078,#7165,#7166);
#5998=AXIS2_PLACEMENT_3D('',#9082,#7169,#7170);
#5999=AXIS2_PLACEMENT_3D('',#9084,#7171,#7172);
#6000=AXIS2_PLACEMENT_3D('',#9086,#7174,#7175);
#6001=AXIS2_PLACEMENT_3D('',#9088,#7177,#7178);
#6002=AXIS2_PLACEMENT_3D('',#9091,#7179,#7180);
#6003=AXIS2_PLACEMENT_3D('',#9095,#7182,#7183);
#6004=AXIS2_PLACEMENT_3D('',#9097,#7185,#7186);
#6005=AXIS2_PLACEMENT_3D('',#9103,#7190,#7191);
#6006=AXIS2_PLACEMENT_3D('',#9106,#7192,#7193);
#6007=AXIS2_PLACEMENT_3D('',#9110,#7195,#7196);
#6008=AXIS2_PLACEMENT_3D('',#9112,#7198,#7199);
#6009=AXIS2_PLACEMENT_3D('',#9118,#7203,#7204);
#6010=AXIS2_PLACEMENT_3D('',#9119,#7205,#7206);
#6011=AXIS2_PLACEMENT_3D('',#9122,#7208,#7209);
#6012=AXIS2_PLACEMENT_3D('',#9123,#7210,#7211);
#6013=AXIS2_PLACEMENT_3D('',#9125,#7212,#7213);
#6014=AXIS2_PLACEMENT_3D('',#9127,#7215,#7216);
#6015=AXIS2_PLACEMENT_3D('',#9128,#7217,#7218);
#6016=AXIS2_PLACEMENT_3D('',#9129,#7219,#7220);
#6017=AXIS2_PLACEMENT_3D('',#9131,#7222,#7223);
#6018=AXIS2_PLACEMENT_3D('',#9135,#7225,#7226);
#6019=AXIS2_PLACEMENT_3D('',#9137,#7228,#7229);
#6020=AXIS2_PLACEMENT_3D('',#9141,#7232,#7233);
#6021=AXIS2_PLACEMENT_3D('',#9144,#7235,#7236);
#6022=AXIS2_PLACEMENT_3D('',#9145,#7237,#7238);
#6023=AXIS2_PLACEMENT_3D('',#9149,#7241,#7242);
#6024=AXIS2_PLACEMENT_3D('',#9152,#7244,#7245);
#6025=AXIS2_PLACEMENT_3D('',#9153,#7246,#7247);
#6026=AXIS2_PLACEMENT_3D('',#9157,#7250,#7251);
#6027=AXIS2_PLACEMENT_3D('',#9160,#7253,#7254);
#6028=AXIS2_PLACEMENT_3D('',#9161,#7255,#7256);
#6029=AXIS2_PLACEMENT_3D('',#9163,#7258,#7259);
#6030=AXIS2_PLACEMENT_3D('',#9164,#7260,#7261);
#6031=AXIS2_PLACEMENT_3D('',#9167,#7262,#7263);
#6032=AXIS2_PLACEMENT_3D('',#9168,#7264,#7265);
#6033=AXIS2_PLACEMENT_3D('',#9170,#7267,#7268);
#6034=AXIS2_PLACEMENT_3D('',#9171,#7269,#7270);
#6035=AXIS2_PLACEMENT_3D('',#9175,#7272,#7273);
#6036=AXIS2_PLACEMENT_3D('',#9177,#7275,#7276);
#6037=AXIS2_PLACEMENT_3D('',#9180,#7278,#7279);
#6038=AXIS2_PLACEMENT_3D('',#9181,#7280,#7281);
#6039=AXIS2_PLACEMENT_3D('',#9184,#7283,#7284);
#6040=AXIS2_PLACEMENT_3D('',#9185,#7285,#7286);
#6041=AXIS2_PLACEMENT_3D('',#9189,#7289,#7290);
#6042=AXIS2_PLACEMENT_3D('',#9192,#7292,#7293);
#6043=AXIS2_PLACEMENT_3D('',#9193,#7294,#7295);
#6044=AXIS2_PLACEMENT_3D('',#9196,#7297,#7298);
#6045=AXIS2_PLACEMENT_3D('',#9197,#7299,#7300);
#6046=AXIS2_PLACEMENT_3D('',#9200,#7302,#7303);
#6047=AXIS2_PLACEMENT_3D('',#9201,#7304,#7305);
#6048=AXIS2_PLACEMENT_3D('',#9205,#7308,#7309);
#6049=AXIS2_PLACEMENT_3D('',#9208,#7311,#7312);
#6050=AXIS2_PLACEMENT_3D('',#9209,#7313,#7314);
#6051=AXIS2_PLACEMENT_3D('',#9213,#7317,#7318);
#6052=AXIS2_PLACEMENT_3D('',#9216,#7320,#7321);
#6053=AXIS2_PLACEMENT_3D('',#9217,#7322,#7323);
#6054=AXIS2_PLACEMENT_3D('',#9221,#7326,#7327);
#6055=AXIS2_PLACEMENT_3D('',#9224,#7329,#7330);
#6056=AXIS2_PLACEMENT_3D('',#9225,#7331,#7332);
#6057=AXIS2_PLACEMENT_3D('',#9228,#7334,#7335);
#6058=AXIS2_PLACEMENT_3D('',#9229,#7336,#7337);
#6059=AXIS2_PLACEMENT_3D('',#9232,#7339,#7340);
#6060=AXIS2_PLACEMENT_3D('',#9233,#7341,#7342);
#6061=AXIS2_PLACEMENT_3D('',#9237,#7345,#7346);
#6062=AXIS2_PLACEMENT_3D('',#9240,#7348,#7349);
#6063=AXIS2_PLACEMENT_3D('',#9241,#7350,#7351);
#6064=AXIS2_PLACEMENT_3D('',#9244,#7353,#7354);
#6065=AXIS2_PLACEMENT_3D('',#9245,#7355,#7356);
#6066=AXIS2_PLACEMENT_3D('',#9248,#7358,#7359);
#6067=AXIS2_PLACEMENT_3D('',#9249,#7360,#7361);
#6068=AXIS2_PLACEMENT_3D('',#9253,#7364,#7365);
#6069=AXIS2_PLACEMENT_3D('',#9256,#7367,#7368);
#6070=AXIS2_PLACEMENT_3D('',#9257,#7369,#7370);
#6071=AXIS2_PLACEMENT_3D('',#9260,#7372,#7373);
#6072=AXIS2_PLACEMENT_3D('',#9261,#7374,#7375);
#6073=AXIS2_PLACEMENT_3D('',#9264,#7377,#7378);
#6074=AXIS2_PLACEMENT_3D('',#9265,#7379,#7380);
#6075=AXIS2_PLACEMENT_3D('',#9269,#7383,#7384);
#6076=AXIS2_PLACEMENT_3D('',#9272,#7386,#7387);
#6077=AXIS2_PLACEMENT_3D('',#9273,#7388,#7389);
#6078=AXIS2_PLACEMENT_3D('',#9276,#7391,#7392);
#6079=AXIS2_PLACEMENT_3D('',#9277,#7393,#7394);
#6080=AXIS2_PLACEMENT_3D('',#9280,#7396,#7397);
#6081=AXIS2_PLACEMENT_3D('',#9281,#7398,#7399);
#6082=AXIS2_PLACEMENT_3D('',#9285,#7402,#7403);
#6083=AXIS2_PLACEMENT_3D('',#9288,#7405,#7406);
#6084=AXIS2_PLACEMENT_3D('',#9289,#7407,#7408);
#6085=AXIS2_PLACEMENT_3D('',#9293,#7411,#7412);
#6086=AXIS2_PLACEMENT_3D('',#9296,#7414,#7415);
#6087=AXIS2_PLACEMENT_3D('',#9297,#7416,#7417);
#6088=AXIS2_PLACEMENT_3D('',#9301,#7420,#7421);
#6089=AXIS2_PLACEMENT_3D('',#9304,#7423,#7424);
#6090=AXIS2_PLACEMENT_3D('',#9305,#7425,#7426);
#6091=AXIS2_PLACEMENT_3D('',#9308,#7428,#7429);
#6092=AXIS2_PLACEMENT_3D('',#9309,#7430,#7431);
#6093=AXIS2_PLACEMENT_3D('',#9312,#7433,#7434);
#6094=AXIS2_PLACEMENT_3D('',#9313,#7435,#7436);
#6095=AXIS2_PLACEMENT_3D('',#9317,#7439,#7440);
#6096=AXIS2_PLACEMENT_3D('',#9320,#7442,#7443);
#6097=AXIS2_PLACEMENT_3D('',#9321,#7444,#7445);
#6098=AXIS2_PLACEMENT_3D('',#9324,#7447,#7448);
#6099=AXIS2_PLACEMENT_3D('',#9325,#7449,#7450);
#6100=AXIS2_PLACEMENT_3D('',#9328,#7452,#7453);
#6101=AXIS2_PLACEMENT_3D('',#9329,#7454,#7455);
#6102=AXIS2_PLACEMENT_3D('',#9331,#7457,#7458);
#6103=AXIS2_PLACEMENT_3D('',#9333,#7460,#7461);
#6104=AXIS2_PLACEMENT_3D('',#9337,#7464,#7465);
#6105=AXIS2_PLACEMENT_3D('',#9340,#7467,#7468);
#6106=AXIS2_PLACEMENT_3D('',#9341,#7469,#7470);
#6107=AXIS2_PLACEMENT_3D('',#9343,#7472,#7473);
#6108=AXIS2_PLACEMENT_3D('',#9347,#7477,#7478);
#6109=AXIS2_PLACEMENT_3D('',#9349,#7480,#7481);
#6110=AXIS2_PLACEMENT_3D('',#9350,#7482,#7483);
#6111=AXIS2_PLACEMENT_3D('',#9353,#7484,#7485);
#6112=AXIS2_PLACEMENT_3D('',#9356,#7488,#7489);
#6113=AXIS2_PLACEMENT_3D('',#9360,#7492,#7493);
#6114=AXIS2_PLACEMENT_3D('',#9362,#7494,#7495);
#6115=AXIS2_PLACEMENT_3D('',#9364,#7497,#7498);
#6116=AXIS2_PLACEMENT_3D('',#9367,#7499,#7500);
#6117=AXIS2_PLACEMENT_3D('',#9370,#7503,#7504);
#6118=AXIS2_PLACEMENT_3D('',#9374,#7507,#7508);
#6119=AXIS2_PLACEMENT_3D('',#9376,#7509,#7510);
#6120=AXIS2_PLACEMENT_3D('',#9378,#7512,#7513);
#6121=AXIS2_PLACEMENT_3D('',#9386,#7518,#7519);
#6122=AXIS2_PLACEMENT_3D('',#9394,#7524,#7525);
#6123=AXIS2_PLACEMENT_3D('',#9399,#7529,#7530);
#6124=AXIS2_PLACEMENT_3D('',#9405,#7534,#7535);
#6125=AXIS2_PLACEMENT_3D('',#9409,#7538,#7539);
#6126=AXIS2_PLACEMENT_3D('',#9413,#7542,#7543);
#6127=AXIS2_PLACEMENT_3D('',#9415,#7545,#7546);
#6128=AXIS2_PLACEMENT_3D('',#9418,#7547,#7548);
#6129=AXIS2_PLACEMENT_3D('',#9421,#7551,#7552);
#6130=AXIS2_PLACEMENT_3D('',#9424,#7554,#7555);
#6131=AXIS2_PLACEMENT_3D('',#9427,#7558,#7559);
#6132=AXIS2_PLACEMENT_3D('',#9429,#7561,#7562);
#6133=AXIS2_PLACEMENT_3D('',#9430,#7563,#7564);
#6134=AXIS2_PLACEMENT_3D('',#9432,#7565,#7566);
#6135=AXIS2_PLACEMENT_3D('',#9434,#7568,#7569);
#6136=AXIS2_PLACEMENT_3D('',#9438,#7572,#7573);
#6137=AXIS2_PLACEMENT_3D('',#9439,#7574,#7575);
#6138=AXIS2_PLACEMENT_3D('',#9440,#7576,#7577);
#6139=AXIS2_PLACEMENT_3D('',#9442,#7579,#7580);
#6140=AXIS2_PLACEMENT_3D('',#9444,#7582,#7583);
#6141=AXIS2_PLACEMENT_3D('',#9446,#7584,#7585);
#6142=AXIS2_PLACEMENT_3D('',#9447,#7586,#7587);
#6143=AXIS2_PLACEMENT_3D('',#9449,#7588,#7589);
#6144=AXIS2_PLACEMENT_3D('',#9450,#7590,#7591);
#6145=AXIS2_PLACEMENT_3D('',#9452,#7592,#7593);
#6146=AXIS2_PLACEMENT_3D('',#9454,#7595,#7596);
#6147=AXIS2_PLACEMENT_3D('',#9457,#7597,#7598);
#6148=AXIS2_PLACEMENT_3D('',#9458,#7599,#7600);
#6149=AXIS2_PLACEMENT_3D('',#9460,#7602,#7603);
#6150=AXIS2_PLACEMENT_3D('',#9461,#7604,#7605);
#6151=AXIS2_PLACEMENT_3D('',#9463,#7606,#7607);
#6152=AXIS2_PLACEMENT_3D('',#9465,#7609,#7610);
#6153=AXIS2_PLACEMENT_3D('',#9468,#7611,#7612);
#6154=AXIS2_PLACEMENT_3D('',#9469,#7613,#7614);
#6155=AXIS2_PLACEMENT_3D('',#9471,#7616,#7617);
#6156=AXIS2_PLACEMENT_3D('',#9472,#7618,#7619);
#6157=AXIS2_PLACEMENT_3D('',#9475,#7620,#7621);
#6158=AXIS2_PLACEMENT_3D('',#9476,#7622,#7623);
#6159=AXIS2_PLACEMENT_3D('',#9478,#7625,#7626);
#6160=AXIS2_PLACEMENT_3D('',#9481,#7627,#7628);
#6161=AXIS2_PLACEMENT_3D('',#9482,#7629,#7630);
#6162=AXIS2_PLACEMENT_3D('',#9484,#7632,#7633);
#6163=AXIS2_PLACEMENT_3D('',#9486,#7634,#7635);
#6164=AXIS2_PLACEMENT_3D('',#9487,#7636,#7637);
#6165=AXIS2_PLACEMENT_3D('',#9489,#7638,#7639);
#6166=AXIS2_PLACEMENT_3D('',#9490,#7640,#7641);
#6167=AXIS2_PLACEMENT_3D('',#9492,#7642,#7643);
#6168=AXIS2_PLACEMENT_3D('',#9493,#7644,#7645);
#6169=AXIS2_PLACEMENT_3D('',#9495,#7646,#7647);
#6170=AXIS2_PLACEMENT_3D('',#9496,#7648,#7649);
#6171=AXIS2_PLACEMENT_3D('',#9498,#7650,#7651);
#6172=AXIS2_PLACEMENT_3D('',#9500,#7653,#7654);
#6173=AXIS2_PLACEMENT_3D('',#9503,#7655,#7656);
#6174=AXIS2_PLACEMENT_3D('',#9504,#7657,#7658);
#6175=AXIS2_PLACEMENT_3D('',#9506,#7660,#7661);
#6176=AXIS2_PLACEMENT_3D('',#9507,#7662,#7663);
#6177=AXIS2_PLACEMENT_3D('',#9509,#7664,#7665);
#6178=AXIS2_PLACEMENT_3D('',#9511,#7667,#7668);
#6179=AXIS2_PLACEMENT_3D('',#9514,#7669,#7670);
#6180=AXIS2_PLACEMENT_3D('',#9515,#7671,#7672);
#6181=AXIS2_PLACEMENT_3D('',#9517,#7674,#7675);
#6182=AXIS2_PLACEMENT_3D('',#9518,#7676,#7677);
#6183=AXIS2_PLACEMENT_3D('',#9520,#7678,#7679);
#6184=AXIS2_PLACEMENT_3D('',#9522,#7681,#7682);
#6185=AXIS2_PLACEMENT_3D('',#9525,#7683,#7684);
#6186=AXIS2_PLACEMENT_3D('',#9526,#7685,#7686);
#6187=AXIS2_PLACEMENT_3D('',#9528,#7688,#7689);
#6188=AXIS2_PLACEMENT_3D('',#9529,#7690,#7691);
#6189=AXIS2_PLACEMENT_3D('',#9531,#7692,#7693);
#6190=AXIS2_PLACEMENT_3D('',#9533,#7695,#7696);
#6191=AXIS2_PLACEMENT_3D('',#9536,#7697,#7698);
#6192=AXIS2_PLACEMENT_3D('',#9537,#7699,#7700);
#6193=AXIS2_PLACEMENT_3D('',#9539,#7702,#7703);
#6194=AXIS2_PLACEMENT_3D('',#9540,#7704,#7705);
#6195=AXIS2_PLACEMENT_3D('',#9543,#7706,#7707);
#6196=AXIS2_PLACEMENT_3D('',#9544,#7708,#7709);
#6197=AXIS2_PLACEMENT_3D('',#9546,#7711,#7712);
#6198=AXIS2_PLACEMENT_3D('',#9548,#7713,#7714);
#6199=AXIS2_PLACEMENT_3D('',#9552,#7716,#7717);
#6200=AXIS2_PLACEMENT_3D('',#9553,#7718,#7719);
#6201=AXIS2_PLACEMENT_3D('',#9554,#7720,#7721);
#6202=AXIS2_PLACEMENT_3D('',#9556,#7723,#7724);
#6203=AXIS2_PLACEMENT_3D('',#9558,#7725,#7726);
#6204=AXIS2_PLACEMENT_3D('',#9562,#7728,#7729);
#6205=AXIS2_PLACEMENT_3D('',#9563,#7730,#7731);
#6206=AXIS2_PLACEMENT_3D('',#9564,#7732,#7733);
#6207=AXIS2_PLACEMENT_3D('',#9566,#7735,#7736);
#6208=AXIS2_PLACEMENT_3D('',#9568,#7737,#7738);
#6209=AXIS2_PLACEMENT_3D('',#9572,#7740,#7741);
#6210=AXIS2_PLACEMENT_3D('',#9573,#7742,#7743);
#6211=AXIS2_PLACEMENT_3D('',#9574,#7744,#7745);
#6212=AXIS2_PLACEMENT_3D('',#9576,#7747,#7748);
#6213=AXIS2_PLACEMENT_3D('',#9578,#7749,#7750);
#6214=AXIS2_PLACEMENT_3D('',#9582,#7752,#7753);
#6215=AXIS2_PLACEMENT_3D('',#9583,#7754,#7755);
#6216=AXIS2_PLACEMENT_3D('',#9584,#7756,#7757);
#6217=AXIS2_PLACEMENT_3D('',#9586,#7759,#7760);
#6218=AXIS2_PLACEMENT_3D('',#9588,#7762,#7763);
#6219=AXIS2_PLACEMENT_3D('',#9590,#7765,#7766);
#6220=AXIS2_PLACEMENT_3D('',#9592,#7768,#7769);
#6221=AXIS2_PLACEMENT_3D('',#9594,#7771,#7772);
#6222=AXIS2_PLACEMENT_3D('',#9595,#7773,#7774);
#6223=AXIS2_PLACEMENT_3D('',#9598,#7777,#7778);
#6224=AXIS2_PLACEMENT_3D('',#9600,#7780,#7781);
#6225=AXIS2_PLACEMENT_3D('',#9602,#7783,#7784);
#6226=AXIS2_PLACEMENT_3D('',#9604,#7786,#7787);
#6227=AXIS2_PLACEMENT_3D('',#9606,#7789,#7790);
#6228=AXIS2_PLACEMENT_3D('',#9607,#7791,#7792);
#6229=AXIS2_PLACEMENT_3D('',#9608,#7793,#7794);
#6230=AXIS2_PLACEMENT_3D('',#9612,#7798,#7799);
#6231=AXIS2_PLACEMENT_3D('',#9614,#7801,#7802);
#6232=AXIS2_PLACEMENT_3D('',#9617,#7805,#7806);
#6233=AXIS2_PLACEMENT_3D('',#9618,#7807,#7808);
#6234=AXIS2_PLACEMENT_3D('',#9619,#7809,#7810);
#6235=AXIS2_PLACEMENT_3D('',#9620,#7811,#7812);
#6236=AXIS2_PLACEMENT_3D('',#9621,#7813,#7814);
#6237=AXIS2_PLACEMENT_3D('',#9624,#7817,#7818);
#6238=AXIS2_PLACEMENT_3D('',#9625,#7819,#7820);
#6239=AXIS2_PLACEMENT_3D('',#9626,#7821,#7822);
#6240=AXIS2_PLACEMENT_3D('',#9628,#7824,#7825);
#6241=AXIS2_PLACEMENT_3D('',#9630,#7827,#7828);
#6242=AXIS2_PLACEMENT_3D('',#9631,#7829,#7830);
#6243=AXIS2_PLACEMENT_3D('',#9633,#7831,#7832);
#6244=AXIS2_PLACEMENT_3D('',#9635,#7833,#7834);
#6245=AXIS2_PLACEMENT_3D('',#9636,#7835,#7836);
#6246=AXIS2_PLACEMENT_3D('',#9637,#7837,#7838);
#6247=AXIS2_PLACEMENT_3D('',#9639,#7839,#7840);
#6248=AXIS2_PLACEMENT_3D('',#9640,#7841,#7842);
#6249=AXIS2_PLACEMENT_3D('',#9641,#7843,#7844);
#6250=AXIS2_PLACEMENT_3D('',#9643,#7845,#7846);
#6251=AXIS2_PLACEMENT_3D('',#9644,#7847,#7848);
#6252=AXIS2_PLACEMENT_3D('',#9645,#7849,#7850);
#6253=AXIS2_PLACEMENT_3D('',#9647,#7851,#7852);
#6254=AXIS2_PLACEMENT_3D('',#9649,#7854,#7855);
#6255=AXIS2_PLACEMENT_3D('',#9651,#7856,#7857);
#6256=AXIS2_PLACEMENT_3D('',#9652,#7858,#7859);
#6257=AXIS2_PLACEMENT_3D('',#9653,#7860,#7861);
#6258=AXIS2_PLACEMENT_3D('',#9655,#7862,#7863);
#6259=AXIS2_PLACEMENT_3D('',#9656,#7864,#7865);
#6260=AXIS2_PLACEMENT_3D('',#9657,#7866,#7867);
#6261=AXIS2_PLACEMENT_3D('',#9659,#7868,#7869);
#6262=AXIS2_PLACEMENT_3D('',#9660,#7870,#7871);
#6263=AXIS2_PLACEMENT_3D('',#9661,#7872,#7873);
#6264=AXIS2_PLACEMENT_3D('',#9663,#7874,#7875);
#6265=AXIS2_PLACEMENT_3D('',#9665,#7877,#7878);
#6266=AXIS2_PLACEMENT_3D('',#9667,#7879,#7880);
#6267=AXIS2_PLACEMENT_3D('',#9668,#7881,#7882);
#6268=AXIS2_PLACEMENT_3D('',#9669,#7883,#7884);
#6269=AXIS2_PLACEMENT_3D('',#9671,#7885,#7886);
#6270=AXIS2_PLACEMENT_3D('',#9672,#7887,#7888);
#6271=AXIS2_PLACEMENT_3D('',#9673,#7889,#7890);
#6272=AXIS2_PLACEMENT_3D('',#9675,#7891,#7892);
#6273=AXIS2_PLACEMENT_3D('',#9676,#7893,#7894);
#6274=AXIS2_PLACEMENT_3D('',#9677,#7895,#7896);
#6275=AXIS2_PLACEMENT_3D('',#9679,#7897,#7898);
#6276=AXIS2_PLACEMENT_3D('',#9681,#7900,#7901);
#6277=AXIS2_PLACEMENT_3D('',#9683,#7902,#7903);
#6278=AXIS2_PLACEMENT_3D('',#9684,#7904,#7905);
#6279=AXIS2_PLACEMENT_3D('',#9685,#7906,#7907);
#6280=AXIS2_PLACEMENT_3D('',#9687,#7908,#7909);
#6281=AXIS2_PLACEMENT_3D('',#9688,#7910,#7911);
#6282=AXIS2_PLACEMENT_3D('',#9689,#7912,#7913);
#6283=AXIS2_PLACEMENT_3D('',#9691,#7914,#7915);
#6284=AXIS2_PLACEMENT_3D('',#9692,#7916,#7917);
#6285=AXIS2_PLACEMENT_3D('',#9693,#7918,#7919);
#6286=AXIS2_PLACEMENT_3D('',#9695,#7920,#7921);
#6287=AXIS2_PLACEMENT_3D('',#9697,#7923,#7924);
#6288=AXIS2_PLACEMENT_3D('',#9699,#7925,#7926);
#6289=AXIS2_PLACEMENT_3D('',#9700,#7927,#7928);
#6290=AXIS2_PLACEMENT_3D('',#9701,#7929,#7930);
#6291=AXIS2_PLACEMENT_3D('',#9703,#7931,#7932);
#6292=AXIS2_PLACEMENT_3D('',#9705,#7934,#7935);
#6293=AXIS2_PLACEMENT_3D('',#9707,#7936,#7937);
#6294=AXIS2_PLACEMENT_3D('',#9708,#7938,#7939);
#6295=AXIS2_PLACEMENT_3D('',#9709,#7940,#7941);
#6296=AXIS2_PLACEMENT_3D('',#9711,#7942,#7943);
#6297=AXIS2_PLACEMENT_3D('',#9713,#7945,#7946);
#6298=AXIS2_PLACEMENT_3D('',#9715,#7947,#7948);
#6299=AXIS2_PLACEMENT_3D('',#9716,#7949,#7950);
#6300=AXIS2_PLACEMENT_3D('',#9717,#7951,#7952);
#6301=AXIS2_PLACEMENT_3D('',#9719,#7953,#7954);
#6302=AXIS2_PLACEMENT_3D('',#9720,#7955,#7956);
#6303=AXIS2_PLACEMENT_3D('',#9721,#7957,#7958);
#6304=AXIS2_PLACEMENT_3D('',#9723,#7959,#7960);
#6305=AXIS2_PLACEMENT_3D('',#9724,#7961,#7962);
#6306=AXIS2_PLACEMENT_3D('',#9725,#7963,#7964);
#6307=AXIS2_PLACEMENT_3D('',#9727,#7965,#7966);
#6308=AXIS2_PLACEMENT_3D('',#9729,#7968,#7969);
#6309=AXIS2_PLACEMENT_3D('',#9731,#7970,#7971);
#6310=AXIS2_PLACEMENT_3D('',#9732,#7972,#7973);
#6311=AXIS2_PLACEMENT_3D('',#9733,#7974,#7975);
#6312=AXIS2_PLACEMENT_3D('',#9735,#7976,#7977);
#6313=AXIS2_PLACEMENT_3D('',#9736,#7978,#7979);
#6314=AXIS2_PLACEMENT_3D('',#9737,#7980,#7981);
#6315=AXIS2_PLACEMENT_3D('',#9739,#7982,#7983);
#6316=AXIS2_PLACEMENT_3D('',#9740,#7984,#7985);
#6317=AXIS2_PLACEMENT_3D('',#9741,#7986,#7987);
#6318=AXIS2_PLACEMENT_3D('',#9743,#7988,#7989);
#6319=AXIS2_PLACEMENT_3D('',#9745,#7991,#7992);
#6320=AXIS2_PLACEMENT_3D('',#9747,#7993,#7994);
#6321=AXIS2_PLACEMENT_3D('',#9748,#7995,#7996);
#6322=AXIS2_PLACEMENT_3D('',#9749,#7997,#7998);
#6323=AXIS2_PLACEMENT_3D('',#9751,#7999,#8000);
#6324=AXIS2_PLACEMENT_3D('',#9752,#8001,#8002);
#6325=AXIS2_PLACEMENT_3D('',#9753,#8003,#8004);
#6326=AXIS2_PLACEMENT_3D('',#9755,#8005,#8006);
#6327=AXIS2_PLACEMENT_3D('',#9756,#8007,#8008);
#6328=AXIS2_PLACEMENT_3D('',#9757,#8009,#8010);
#6329=AXIS2_PLACEMENT_3D('',#9759,#8011,#8012);
#6330=AXIS2_PLACEMENT_3D('',#9761,#8014,#8015);
#6331=AXIS2_PLACEMENT_3D('',#9763,#8016,#8017);
#6332=AXIS2_PLACEMENT_3D('',#9764,#8018,#8019);
#6333=AXIS2_PLACEMENT_3D('',#9765,#8020,#8021);
#6334=AXIS2_PLACEMENT_3D('',#9767,#8022,#8023);
#6335=AXIS2_PLACEMENT_3D('',#9768,#8024,#8025);
#6336=AXIS2_PLACEMENT_3D('',#9769,#8026,#8027);
#6337=AXIS2_PLACEMENT_3D('',#9771,#8028,#8029);
#6338=AXIS2_PLACEMENT_3D('',#9772,#8030,#8031);
#6339=AXIS2_PLACEMENT_3D('',#9773,#8032,#8033);
#6340=AXIS2_PLACEMENT_3D('',#9775,#8034,#8035);
#6341=AXIS2_PLACEMENT_3D('',#9777,#8037,#8038);
#6342=AXIS2_PLACEMENT_3D('',#9779,#8039,#8040);
#6343=AXIS2_PLACEMENT_3D('',#9780,#8041,#8042);
#6344=AXIS2_PLACEMENT_3D('',#9781,#8043,#8044);
#6345=AXIS2_PLACEMENT_3D('',#9783,#8045,#8046);
#6346=AXIS2_PLACEMENT_3D('',#9785,#8048,#8049);
#6347=AXIS2_PLACEMENT_3D('',#9787,#8050,#8051);
#6348=AXIS2_PLACEMENT_3D('',#9788,#8052,#8053);
#6349=AXIS2_PLACEMENT_3D('',#9789,#8054,#8055);
#6350=AXIS2_PLACEMENT_3D('',#9791,#8057,#8058);
#6351=AXIS2_PLACEMENT_3D('',#9795,#8060,#8061);
#6352=AXIS2_PLACEMENT_3D('',#9797,#8063,#8064);
#6353=AXIS2_PLACEMENT_3D('',#9800,#8066,#8067);
#6354=AXIS2_PLACEMENT_3D('',#9801,#8068,#8069);
#6355=AXIS2_PLACEMENT_3D('',#9805,#8072,#8073);
#6356=AXIS2_PLACEMENT_3D('',#9808,#8075,#8076);
#6357=AXIS2_PLACEMENT_3D('',#9809,#8077,#8078);
#6358=AXIS2_PLACEMENT_3D('',#9812,#8080,#8081);
#6359=AXIS2_PLACEMENT_3D('',#9813,#8082,#8083);
#6360=AXIS2_PLACEMENT_3D('',#9816,#8085,#8086);
#6361=AXIS2_PLACEMENT_3D('',#9817,#8087,#8088);
#6362=AXIS2_PLACEMENT_3D('',#9821,#8091,#8092);
#6363=AXIS2_PLACEMENT_3D('',#9824,#8094,#8095);
#6364=AXIS2_PLACEMENT_3D('',#9825,#8096,#8097);
#6365=AXIS2_PLACEMENT_3D('',#9828,#8099,#8100);
#6366=AXIS2_PLACEMENT_3D('',#9829,#8101,#8102);
#6367=AXIS2_PLACEMENT_3D('',#9832,#8104,#8105);
#6368=AXIS2_PLACEMENT_3D('',#9833,#8106,#8107);
#6369=AXIS2_PLACEMENT_3D('',#9837,#8110,#8111);
#6370=AXIS2_PLACEMENT_3D('',#9840,#8113,#8114);
#6371=AXIS2_PLACEMENT_3D('',#9841,#8115,#8116);
#6372=AXIS2_PLACEMENT_3D('',#9844,#8118,#8119);
#6373=AXIS2_PLACEMENT_3D('',#9845,#8120,#8121);
#6374=AXIS2_PLACEMENT_3D('',#9848,#8123,#8124);
#6375=AXIS2_PLACEMENT_3D('',#9849,#8125,#8126);
#6376=AXIS2_PLACEMENT_3D('',#9853,#8129,#8130);
#6377=AXIS2_PLACEMENT_3D('',#9856,#8132,#8133);
#6378=AXIS2_PLACEMENT_3D('',#9857,#8134,#8135);
#6379=AXIS2_PLACEMENT_3D('',#9861,#8138,#8139);
#6380=AXIS2_PLACEMENT_3D('',#9864,#8141,#8142);
#6381=AXIS2_PLACEMENT_3D('',#9865,#8143,#8144);
#6382=AXIS2_PLACEMENT_3D('',#9869,#8147,#8148);
#6383=AXIS2_PLACEMENT_3D('',#9872,#8150,#8151);
#6384=AXIS2_PLACEMENT_3D('',#9873,#8152,#8153);
#6385=AXIS2_PLACEMENT_3D('',#9875,#8154,#8155);
#6386=AXIS2_PLACEMENT_3D('',#9877,#8156,#8157);
#6387=AXIS2_PLACEMENT_3D('',#9881,#8159,#8160);
#6388=AXIS2_PLACEMENT_3D('',#9883,#8161,#8162);
#6389=AXIS2_PLACEMENT_3D('',#9885,#8163,#8164);
#6390=AXIS2_PLACEMENT_3D('',#9889,#8166,#8167);
#6391=AXIS2_PLACEMENT_3D('',#9891,#8168,#8169);
#6392=AXIS2_PLACEMENT_3D('',#9893,#8170,#8171);
#6393=AXIS2_PLACEMENT_3D('',#9897,#8173,#8174);
#6394=AXIS2_PLACEMENT_3D('',#9899,#8175,#8176);
#6395=AXIS2_PLACEMENT_3D('',#9901,#8177,#8178);
#6396=AXIS2_PLACEMENT_3D('',#9905,#8180,#8181);
#6397=AXIS2_PLACEMENT_3D('',#9909,#8183,#8184);
#6398=AXIS2_PLACEMENT_3D('',#9912,#8186,#8187);
#6399=AXIS2_PLACEMENT_3D('',#9913,#8188,#8189);
#6400=AXIS2_PLACEMENT_3D('',#9915,#8191,#8192);
#6401=AXIS2_PLACEMENT_3D('',#9917,#8194,#8195);
#6402=AXIS2_PLACEMENT_3D('',#9920,#8198,#8199);
#6403=AXIS2_PLACEMENT_3D('',#9922,#8201,#8202);
#6404=AXIS2_PLACEMENT_3D('',#9924,#8204,#8205);
#6405=AXIS2_PLACEMENT_3D('',#9926,#8207,#8208);
#6406=AXIS2_PLACEMENT_3D('',#9928,#8210,#8211);
#6407=AXIS2_PLACEMENT_3D('',#9930,#8213,#8214);
#6408=AXIS2_PLACEMENT_3D('',#9932,#8216,#8217);
#6409=AXIS2_PLACEMENT_3D('',#9934,#8219,#8220);
#6410=AXIS2_PLACEMENT_3D('',#9936,#8222,#8223);
#6411=AXIS2_PLACEMENT_3D('',#9938,#8225,#8226);
#6412=AXIS2_PLACEMENT_3D('',#9940,#8228,#8229);
#6413=AXIS2_PLACEMENT_3D('',#9942,#8231,#8232);
#6414=AXIS2_PLACEMENT_3D('',#9944,#8234,#8235);
#6415=AXIS2_PLACEMENT_3D('',#9945,#8236,#8237);
#6416=AXIS2_PLACEMENT_3D('',#9947,#8239,#8240);
#6417=AXIS2_PLACEMENT_3D('',#9950,#8243,#8244);
#6418=AXIS2_PLACEMENT_3D('',#9951,#8245,#8246);
#6419=AXIS2_PLACEMENT_3D('',#9952,#8247,#8248);
#6420=AXIS2_PLACEMENT_3D('',#9954,#8249,#8250);
#6421=AXIS2_PLACEMENT_3D('',#9956,#8252,#8253);
#6422=DIRECTION('axis',(0.,0.,1.));
#6423=DIRECTION('refdir',(1.,0.,0.));
#6424=DIRECTION('center_axis',(0.,0.,-1.));
#6425=DIRECTION('ref_axis',(0.923879532511287,0.38268343236509,0.));
#6426=DIRECTION('center_axis',(0.,0.,1.));
#6427=DIRECTION('ref_axis',(0.923879532511287,0.38268343236509,0.));
#6428=DIRECTION('',(0.,0.,1.));
#6429=DIRECTION('center_axis',(0.,0.,-1.));
#6430=DIRECTION('ref_axis',(0.923879532511287,0.38268343236509,0.));
#6431=DIRECTION('',(0.,0.,-1.));
#6432=DIRECTION('center_axis',(0.,0.,1.));
#6433=DIRECTION('ref_axis',(1.,0.,0.));
#6434=DIRECTION('',(-0.707106781186551,0.707106781186544,0.));
#6435=DIRECTION('center_axis',(0.,0.,-1.));
#6436=DIRECTION('ref_axis',(0.382683432365088,0.923879532511287,0.));
#6437=DIRECTION('',(-1.,0.,0.));
#6438=DIRECTION('center_axis',(0.,0.,-1.));
#6439=DIRECTION('ref_axis',(-0.38268343236509,0.923879532511287,0.));
#6440=DIRECTION('',(-0.707106781186548,-0.707106781186547,0.));
#6441=DIRECTION('center_axis',(0.,0.,-1.));
#6442=DIRECTION('ref_axis',(-0.923879532511287,0.382683432365089,0.));
#6443=DIRECTION('',(0.,1.,0.));
#6444=DIRECTION('',(1.,0.,0.));
#6445=DIRECTION('',(0.,1.,0.));
#6446=DIRECTION('',(1.,0.,-1.11022302462516E-14));
#6447=DIRECTION('',(0.,-1.,0.));
#6448=DIRECTION('',(1.,0.,0.));
#6449=DIRECTION('',(0.,1.,0.));
#6450=DIRECTION('center_axis',(-0.707106781186544,-0.707106781186551,0.));
#6451=DIRECTION('ref_axis',(-0.707106781186551,0.707106781186544,0.));
#6452=DIRECTION('',(0.707106781186551,-0.707106781186544,0.));
#6453=DIRECTION('',(0.,0.,-1.));
#6454=DIRECTION('center_axis',(0.,0.,1.));
#6455=DIRECTION('ref_axis',(0.382683432365088,0.923879532511287,0.));
#6456=DIRECTION('center_axis',(0.,0.,1.));
#6457=DIRECTION('ref_axis',(0.382683432365088,0.923879532511287,0.));
#6458=DIRECTION('',(0.,0.,1.));
#6459=DIRECTION('center_axis',(2.3373116307898E-16,2.3373116307898E-16,
1.));
#6460=DIRECTION('ref_axis',(-0.923879532511287,0.382683432365089,0.));
#6461=DIRECTION('',(-2.3373116307898E-16,-2.3373116307898E-16,-1.));
#6462=DIRECTION('center_axis',(0.,0.,1.));
#6463=DIRECTION('ref_axis',(-0.923879532511287,0.382683432365089,0.));
#6464=DIRECTION('',(2.3373116307898E-16,2.3373116307898E-16,1.));
#6465=DIRECTION('center_axis',(0.707106781186547,-0.707106781186548,0.));
#6466=DIRECTION('ref_axis',(-0.707106781186548,-0.707106781186547,0.));
#6467=DIRECTION('',(0.,0.,1.));
#6468=DIRECTION('',(0.707106781186548,0.707106781186547,0.));
#6469=DIRECTION('center_axis',(0.,0.,-1.));
#6470=DIRECTION('ref_axis',(-0.38268343236509,0.923879532511287,0.));
#6471=DIRECTION('center_axis',(0.,0.,1.));
#6472=DIRECTION('ref_axis',(-0.38268343236509,0.923879532511287,0.));
#6473=DIRECTION('',(0.,0.,-1.));
#6474=DIRECTION('center_axis',(0.,0.,-1.));
#6475=DIRECTION('ref_axis',(-1.,0.,0.));
#6476=DIRECTION('',(0.,1.,0.));
#6477=DIRECTION('',(-1.,0.,0.));
#6478=DIRECTION('',(0.,1.,0.));
#6479=DIRECTION('',(1.,0.,-1.11022302462516E-14));
#6480=DIRECTION('',(0.,-1.,0.));
#6481=DIRECTION('',(-1.,0.,0.));
#6482=DIRECTION('',(0.,-1.,0.));
#6483=DIRECTION('',(-1.,0.,0.));
#6484=DIRECTION('center_axis',(0.,-1.,0.));
#6485=DIRECTION('ref_axis',(-0.707106781186547,0.,-0.707106781186547));
#6486=DIRECTION('center_axis',(0.,-1.,0.));
#6487=DIRECTION('ref_axis',(-0.707106781186547,0.,-0.707106781186547));
#6488=DIRECTION('',(0.,-1.,0.));
#6489=DIRECTION('center_axis',(0.,-1.,0.));
#6490=DIRECTION('ref_axis',(-0.707106781186547,0.,-0.707106781186547));
#6491=DIRECTION('',(0.,1.,0.));
#6492=DIRECTION('center_axis',(1.,0.,4.29763751467803E-16));
#6493=DIRECTION('ref_axis',(-4.29763751467803E-16,0.,1.));
#6494=DIRECTION('',(4.09928501400058E-16,0.,-1.));
#6495=DIRECTION('',(0.,1.,0.));
#6496=DIRECTION('',(-4.29763751467803E-16,0.,1.));
#6497=DIRECTION('center_axis',(0.,-1.,0.));
#6498=DIRECTION('ref_axis',(-0.707106781186548,0.,0.707106781186548));
#6499=DIRECTION('center_axis',(0.,-1.,0.));
#6500=DIRECTION('ref_axis',(-0.707106781186548,0.,0.707106781186548));
#6501=DIRECTION('',(0.,-1.,0.));
#6502=DIRECTION('center_axis',(0.,-1.,0.));
#6503=DIRECTION('ref_axis',(-0.707106781186548,0.,0.707106781186548));
#6504=DIRECTION('center_axis',(2.30695693428604E-16,0.,-1.));
#6505=DIRECTION('ref_axis',(1.,0.,2.30695693428604E-16));
#6506=DIRECTION('',(-1.,0.,-2.30695693428604E-16));
#6507=DIRECTION('',(0.,-1.,0.));
#6508=DIRECTION('',(1.,0.,2.30695693428604E-16));
#6509=DIRECTION('center_axis',(0.,1.,0.));
#6510=DIRECTION('ref_axis',(0.,0.,1.));
#6511=DIRECTION('center_axis',(0.,1.,0.));
#6512=DIRECTION('ref_axis',(-0.707106781186547,0.,0.707106781186547));
#6513=DIRECTION('center_axis',(0.,-1.,0.));
#6514=DIRECTION('ref_axis',(-0.707106781186547,0.,0.707106781186547));
#6515=DIRECTION('',(0.,-1.,0.));
#6516=DIRECTION('center_axis',(0.,-1.,0.));
#6517=DIRECTION('ref_axis',(-0.707106781186547,0.,0.707106781186547));
#6518=DIRECTION('',(0.,1.,0.));
#6519=DIRECTION('center_axis',(-1.07009448156642E-16,0.,1.));
#6520=DIRECTION('ref_axis',(1.,0.,1.07009448156642E-16));
#6521=DIRECTION('',(1.,0.,1.07009448156642E-16));
#6522=DIRECTION('',(0.,1.,0.));
#6523=DIRECTION('',(1.,0.,1.07009448156642E-16));
#6524=DIRECTION('center_axis',(0.,-1.,0.));
#6525=DIRECTION('ref_axis',(-0.707106781186547,0.,-0.707106781186548));
#6526=DIRECTION('center_axis',(0.,-1.,0.));
#6527=DIRECTION('ref_axis',(-0.707106781186547,0.,-0.707106781186548));
#6528=DIRECTION('',(0.,-1.,0.));
#6529=DIRECTION('center_axis',(0.,-1.,0.));
#6530=DIRECTION('ref_axis',(-0.707106781186547,0.,-0.707106781186548));
#6531=DIRECTION('',(0.,1.,0.));
#6532=DIRECTION('center_axis',(0.,-1.,0.));
#6533=DIRECTION('ref_axis',(0.,0.,-1.));
#6534=DIRECTION('',(-3.91843420455938E-16,0.,1.));
#6535=DIRECTION('',(0.707106781186548,0.,0.707106781186547));
#6536=DIRECTION('',(1.,0.,6.19235441896487E-16));
#6537=DIRECTION('center_axis',(0.,1.,0.));
#6538=DIRECTION('ref_axis',(-8.07434927000114E-16,0.,1.));
#6539=DIRECTION('',(-1.,0.,-6.19235441896487E-16));
#6540=DIRECTION('',(-0.707106781186547,0.,0.707106781186547));
#6541=DIRECTION('',(-3.91843420455938E-16,0.,1.));
#6542=DIRECTION('',(-1.,0.,-5.35047240783208E-17));
#6543=DIRECTION('center_axis',(0.,1.,0.));
#6544=DIRECTION('ref_axis',(0.707106781186548,0.,-0.707106781186548));
#6545=DIRECTION('',(1.30614473485313E-16,0.,-1.));
#6546=DIRECTION('',(-1.,0.,0.));
#6547=DIRECTION('',(2.86509167645202E-16,0.,-1.));
#6548=DIRECTION('center_axis',(0.,1.,0.));
#6549=DIRECTION('ref_axis',(0.,0.,1.));
#6550=DIRECTION('',(-1.,0.,-1.15347846714302E-16));
#6551=DIRECTION('center_axis',(0.,1.,0.));
#6552=DIRECTION('ref_axis',(-1.,0.,0.));
#6553=DIRECTION('',(2.86509167645202E-16,0.,-1.));
#6554=DIRECTION('',(1.,0.,0.));
#6555=DIRECTION('',(1.30614473485313E-16,0.,-1.));
#6556=DIRECTION('center_axis',(0.,1.,0.));
#6557=DIRECTION('ref_axis',(0.707106781186547,0.,0.707106781186548));
#6558=DIRECTION('center_axis',(0.,1.,0.));
#6559=DIRECTION('ref_axis',(1.,0.,0.));
#6560=DIRECTION('center_axis',(5.35047240783208E-17,0.,-1.));
#6561=DIRECTION('ref_axis',(-1.,0.,-5.35047240783208E-17));
#6562=DIRECTION('',(-1.,0.,-5.35047240783208E-17));
#6563=DIRECTION('',(0.,-1.,0.));
#6564=DIRECTION('center_axis',(0.,1.,0.));
#6565=DIRECTION('ref_axis',(0.,0.,1.));
#6566=DIRECTION('',(1.,0.,0.));
#6567=DIRECTION('center_axis',(0.,1.,0.));
#6568=DIRECTION('ref_axis',(-0.707106781186547,0.,0.707106781186548));
#6569=DIRECTION('',(-3.94745964311167E-16,0.,1.));
#6570=DIRECTION('center_axis',(0.,1.,0.));
#6571=DIRECTION('ref_axis',(-0.707106781186547,0.,-0.707106781186547));
#6572=DIRECTION('',(-1.,0.,1.48029736616688E-16));
#6573=DIRECTION('center_axis',(0.,1.,0.));
#6574=DIRECTION('ref_axis',(0.34503277967118,0.,-0.938590635448905));
#6575=DIRECTION('center_axis',(0.,-1.,0.));
#6576=DIRECTION('ref_axis',(7.40148683083438E-17,0.,1.));
#6577=DIRECTION('center_axis',(0.,1.,0.));
#6578=DIRECTION('ref_axis',(-0.34503277967118,0.,-0.938590635448905));
#6579=DIRECTION('',(-1.,0.,1.48029736616688E-16));
#6580=DIRECTION('center_axis',(0.,1.,0.));
#6581=DIRECTION('ref_axis',(0.345032779671179,0.,-0.938590635448905));
#6582=DIRECTION('center_axis',(0.,-1.,0.));
#6583=DIRECTION('ref_axis',(0.,0.,1.));
#6584=DIRECTION('center_axis',(0.,1.,0.));
#6585=DIRECTION('ref_axis',(-0.345032779671178,0.,-0.938590635448906));
#6586=DIRECTION('',(-1.,0.,1.48029736616688E-16));
#6587=DIRECTION('center_axis',(0.,1.,0.));
#6588=DIRECTION('ref_axis',(0.345032779671178,0.,-0.938590635448906));
#6589=DIRECTION('center_axis',(0.,-1.,0.));
#6590=DIRECTION('ref_axis',(0.,0.,1.));
#6591=DIRECTION('center_axis',(0.,1.,0.));
#6592=DIRECTION('ref_axis',(-0.345032779671177,0.,-0.938590635448906));
#6593=DIRECTION('',(-1.,0.,1.48029736616688E-16));
#6594=DIRECTION('center_axis',(0.,1.,0.));
#6595=DIRECTION('ref_axis',(0.345032779671177,0.,-0.938590635448906));
#6596=DIRECTION('center_axis',(0.,-1.,0.));
#6597=DIRECTION('ref_axis',(0.,0.,1.));
#6598=DIRECTION('center_axis',(0.,1.,0.));
#6599=DIRECTION('ref_axis',(-0.345032779671177,0.,-0.938590635448906));
#6600=DIRECTION('',(-1.,0.,1.48029736616688E-16));
#6601=DIRECTION('center_axis',(0.,1.,0.));
#6602=DIRECTION('ref_axis',(0.707106781186547,0.,-0.707106781186548));
#6603=DIRECTION('',(0.,0.,-1.));
#6604=DIRECTION('center_axis',(0.,1.,0.));
#6605=DIRECTION('ref_axis',(0.707106781186549,0.,0.707106781186547));
#6606=DIRECTION('',(1.,0.,0.));
#6607=DIRECTION('center_axis',(0.,1.,0.));
#6608=DIRECTION('ref_axis',(-0.345032779671177,0.,0.938590635448906));
#6609=DIRECTION('center_axis',(0.,-1.,0.));
#6610=DIRECTION('ref_axis',(-1.1842378929335E-15,0.,-1.));
#6611=DIRECTION('center_axis',(0.,1.,0.));
#6612=DIRECTION('ref_axis',(0.345032779671177,0.,0.938590635448906));
#6613=DIRECTION('',(1.,0.,0.));
#6614=DIRECTION('center_axis',(0.,1.,0.));
#6615=DIRECTION('ref_axis',(-0.345032779671177,0.,0.938590635448906));
#6616=DIRECTION('center_axis',(0.,-1.,0.));
#6617=DIRECTION('ref_axis',(0.,0.,-1.));
#6618=DIRECTION('center_axis',(0.,1.,0.));
#6619=DIRECTION('ref_axis',(0.345032779671176,0.,0.938590635448906));
#6620=DIRECTION('',(1.,0.,0.));
#6621=DIRECTION('center_axis',(0.,1.,0.));
#6622=DIRECTION('ref_axis',(-0.345032779671177,0.,0.938590635448906));
#6623=DIRECTION('center_axis',(0.,-1.,0.));
#6624=DIRECTION('ref_axis',(0.,0.,-1.));
#6625=DIRECTION('center_axis',(0.,1.,0.));
#6626=DIRECTION('ref_axis',(0.345032779671177,0.,0.938590635448906));
#6627=DIRECTION('',(1.,0.,0.));
#6628=DIRECTION('center_axis',(0.,1.,0.));
#6629=DIRECTION('ref_axis',(-0.345032779671178,0.,0.938590635448906));
#6630=DIRECTION('center_axis',(0.,-1.,0.));
#6631=DIRECTION('ref_axis',(7.40148683083438E-17,0.,-1.));
#6632=DIRECTION('center_axis',(0.,1.,0.));
#6633=DIRECTION('ref_axis',(0.345032779671177,0.,0.938590635448906));
#6634=DIRECTION('center_axis',(0.,-1.,0.));
#6635=DIRECTION('ref_axis',(0.707106781186547,0.,0.707106781186548));
#6636=DIRECTION('',(1.30614473485313E-16,0.,-1.));
#6637=DIRECTION('center_axis',(0.,-1.,0.));
#6638=DIRECTION('ref_axis',(0.707106781186548,0.,-0.707106781186548));
#6639=DIRECTION('',(-3.91843420455938E-16,0.,1.));
#6640=DIRECTION('',(-0.707106781186548,0.,0.707106781186548));
#6641=DIRECTION('',(-1.,0.,-6.19235441896487E-16));
#6642=DIRECTION('center_axis',(0.,1.,0.));
#6643=DIRECTION('ref_axis',(-8.07434927000114E-16,0.,1.));
#6644=DIRECTION('',(1.,0.,6.19235441896487E-16));
#6645=DIRECTION('',(0.707106781186548,0.,0.707106781186547));
#6646=DIRECTION('',(-3.91843420455938E-16,0.,1.));
#6647=DIRECTION('center_axis',(0.,1.,0.));
#6648=DIRECTION('ref_axis',(1.,0.,0.));
#6649=DIRECTION('center_axis',(0.,1.,0.));
#6650=DIRECTION('ref_axis',(1.,0.,0.));
#6651=DIRECTION('center_axis',(0.,1.,0.));
#6652=DIRECTION('ref_axis',(1.,0.,0.));
#6653=DIRECTION('center_axis',(0.,1.,0.));
#6654=DIRECTION('ref_axis',(1.,0.,0.));
#6655=DIRECTION('center_axis',(0.,1.,0.));
#6656=DIRECTION('ref_axis',(1.,0.,0.));
#6657=DIRECTION('center_axis',(0.,1.,0.));
#6658=DIRECTION('ref_axis',(1.,0.,0.));
#6659=DIRECTION('center_axis',(0.,1.,0.));
#6660=DIRECTION('ref_axis',(1.,0.,0.));
#6661=DIRECTION('center_axis',(0.,1.,0.));
#6662=DIRECTION('ref_axis',(1.,0.,0.));
#6663=DIRECTION('center_axis',(0.,1.,0.));
#6664=DIRECTION('ref_axis',(2.96059473233374E-15,0.,-1.));
#6665=DIRECTION('',(-1.,0.,-1.00929365875014E-16));
#6666=DIRECTION('center_axis',(0.,1.,0.));
#6667=DIRECTION('ref_axis',(-1.,0.,5.92118946466754E-15));
#6668=DIRECTION('',(4.80096443081149E-16,0.,1.));
#6669=DIRECTION('center_axis',(0.,1.,0.));
#6670=DIRECTION('ref_axis',(5.92118946466754E-15,0.,1.));
#6671=DIRECTION('',(1.,0.,0.));
#6672=DIRECTION('center_axis',(0.,1.,0.));
#6673=DIRECTION('ref_axis',(1.,0.,0.));
#6674=DIRECTION('',(0.,0.,-1.));
#6675=DIRECTION('center_axis',(0.,1.,0.));
#6676=DIRECTION('ref_axis',(1.,0.,0.));
#6677=DIRECTION('center_axis',(0.,1.,0.));
#6678=DIRECTION('ref_axis',(1.,0.,0.));
#6679=DIRECTION('center_axis',(0.,1.,0.));
#6680=DIRECTION('ref_axis',(1.,0.,0.));
#6681=DIRECTION('center_axis',(0.,1.,0.));
#6682=DIRECTION('ref_axis',(1.,0.,0.));
#6683=DIRECTION('center_axis',(0.,1.,0.));
#6684=DIRECTION('ref_axis',(0.,0.,1.));
#6685=DIRECTION('',(1.,0.,1.15347846714302E-16));
#6686=DIRECTION('center_axis',(0.,-1.,0.));
#6687=DIRECTION('ref_axis',(-1.,0.,0.));
#6688=DIRECTION('',(0.,0.,1.));
#6689=DIRECTION('center_axis',(0.,-1.,0.));
#6690=DIRECTION('ref_axis',(0.,0.,-1.));
#6691=DIRECTION('center_axis',(0.,1.,0.));
#6692=DIRECTION('ref_axis',(1.,0.,0.));
#6693=DIRECTION('center_axis',(0.,1.,0.));
#6694=DIRECTION('ref_axis',(1.,0.,0.));
#6695=DIRECTION('center_axis',(0.,1.,0.));
#6696=DIRECTION('ref_axis',(1.,0.,0.));
#6697=DIRECTION('center_axis',(0.,1.,0.));
#6698=DIRECTION('ref_axis',(1.,0.,0.));
#6699=DIRECTION('center_axis',(-1.15347846714302E-16,0.,1.));
#6700=DIRECTION('ref_axis',(-1.,0.,-1.15347846714302E-16));
#6701=DIRECTION('',(0.,-1.,0.));
#6702=DIRECTION('center_axis',(-1.,0.,2.3373116307898E-16));
#6703=DIRECTION('ref_axis',(-2.3373116307898E-16,0.,-1.));
#6704=DIRECTION('',(2.3373116307898E-16,0.,1.));
#6705=DIRECTION('',(0.,1.,0.));
#6706=DIRECTION('',(2.3373116307898E-16,0.,1.));
#6707=DIRECTION('',(0.,-1.,0.));
#6708=DIRECTION('',(2.3373116307898E-16,0.,1.));
#6709=DIRECTION('center_axis',(-1.11022302462516E-14,0.,-1.));
#6710=DIRECTION('ref_axis',(0.,1.,0.));
#6711=DIRECTION('',(0.,1.,0.));
#6712=DIRECTION('',(1.,0.,-1.11022302462516E-14));
#6713=DIRECTION('',(0.,-1.,0.));
#6714=DIRECTION('',(1.,0.,-1.11022302462516E-14));
#6715=DIRECTION('center_axis',(1.,0.,-1.11022302462516E-14));
#6716=DIRECTION('ref_axis',(1.11022302462516E-14,0.,1.));
#6717=DIRECTION('center_axis',(1.,0.,-4.8669730403828E-16));
#6718=DIRECTION('ref_axis',(1.11022302462516E-14,0.,1.));
#6719=DIRECTION('center_axis',(-1.,0.,2.4283991386122E-16));
#6720=DIRECTION('ref_axis',(1.11022302462516E-14,0.,1.));
#6721=DIRECTION('center_axis',(1.,0.,-1.11022302462516E-14));
#6722=DIRECTION('ref_axis',(1.11022302462516E-14,0.,1.));
#6723=DIRECTION('center_axis',(1.,0.,-1.11940379928806E-14));
#6724=DIRECTION('ref_axis',(1.11022302462516E-14,0.,1.));
#6725=DIRECTION('',(1.,0.,-1.11022302462516E-14));
#6726=DIRECTION('center_axis',(-1.,0.,-1.35990351762283E-14));
#6727=DIRECTION('ref_axis',(1.11022302462516E-14,0.,1.));
#6728=DIRECTION('center_axis',(1.11022302462516E-14,0.,1.));
#6729=DIRECTION('ref_axis',(0.,-1.,0.));
#6730=DIRECTION('',(0.,-1.,0.));
#6731=DIRECTION('',(-1.,0.,1.11022302462516E-14));
#6732=DIRECTION('',(0.,1.,0.));
#6733=DIRECTION('center_axis',(1.,0.,1.35990351762283E-14));
#6734=DIRECTION('ref_axis',(-1.35990351762283E-14,0.,1.));
#6735=DIRECTION('',(1.35990351762283E-14,0.,-1.));
#6736=DIRECTION('',(0.,1.,0.));
#6737=DIRECTION('',(-1.35990351762283E-14,0.,1.));
#6738=DIRECTION('center_axis',(0.,1.,0.));
#6739=DIRECTION('ref_axis',(0.,0.,1.));
#6740=DIRECTION('center_axis',(0.,1.,0.));
#6741=DIRECTION('ref_axis',(0.647689071844545,0.,-0.761904761904762));
#6742=DIRECTION('',(1.,0.,0.));
#6743=DIRECTION('center_axis',(0.,1.,0.));
#6744=DIRECTION('ref_axis',(-2.11978582835095E-12,0.,-1.));
#6745=DIRECTION('center_axis',(0.,-1.,0.));
#6746=DIRECTION('ref_axis',(0.647689071844545,0.,-0.761904761904762));
#6747=DIRECTION('center_axis',(0.,1.,0.));
#6748=DIRECTION('ref_axis',(0.647689071844547,0.,-0.76190476190476));
#6749=DIRECTION('',(1.,0.,0.));
#6750=DIRECTION('center_axis',(0.,1.,0.));
#6751=DIRECTION('ref_axis',(-2.11978582835095E-12,0.,-1.));
#6752=DIRECTION('center_axis',(0.,-1.,0.));
#6753=DIRECTION('ref_axis',(0.647689071844544,0.,-0.761904761904762));
#6754=DIRECTION('center_axis',(0.,1.,0.));
#6755=DIRECTION('ref_axis',(0.647689071844544,0.,-0.761904761904763));
#6756=DIRECTION('',(1.,0.,-1.07011818063458E-15));
#6757=DIRECTION('center_axis',(0.,1.,0.));
#6758=DIRECTION('ref_axis',(0.,0.,-1.));
#6759=DIRECTION('',(-1.97372982155583E-16,0.,-1.));
#6760=DIRECTION('center_axis',(0.,1.,0.));
#6761=DIRECTION('ref_axis',(-1.,0.,-2.53765262771467E-15));
#6762=DIRECTION('',(-1.,0.,2.67529545158644E-16));
#6763=DIRECTION('center_axis',(0.,1.,0.));
#6764=DIRECTION('ref_axis',(2.11978582835095E-12,0.,1.));
#6765=DIRECTION('center_axis',(0.,-1.,0.));
#6766=DIRECTION('ref_axis',(-0.647689071844547,0.,0.76190476190476));
#6767=DIRECTION('center_axis',(0.,1.,0.));
#6768=DIRECTION('ref_axis',(-0.647689071844547,0.,0.76190476190476));
#6769=DIRECTION('',(-1.,0.,0.));
#6770=DIRECTION('center_axis',(0.,1.,0.));
#6771=DIRECTION('ref_axis',(2.11978582835095E-12,0.,1.));
#6772=DIRECTION('center_axis',(0.,-1.,0.));
#6773=DIRECTION('ref_axis',(-0.647689071844547,0.,0.76190476190476));
#6774=DIRECTION('center_axis',(0.,1.,0.));
#6775=DIRECTION('ref_axis',(-0.647689071844547,0.,0.76190476190476));
#6776=DIRECTION('',(-1.,0.,0.));
#6777=DIRECTION('center_axis',(0.,1.,0.));
#6778=DIRECTION('ref_axis',(2.12274642308328E-12,0.,1.));
#6779=DIRECTION('center_axis',(0.,-1.,0.));
#6780=DIRECTION('ref_axis',(-0.647689071844547,0.,0.76190476190476));
#6781=DIRECTION('center_axis',(0.,1.,0.));
#6782=DIRECTION('ref_axis',(-0.647689071844546,0.,0.761904761904761));
#6783=DIRECTION('',(-1.,0.,0.));
#6784=DIRECTION('center_axis',(0.,1.,0.));
#6785=DIRECTION('ref_axis',(2.12274642308332E-12,0.,1.));
#6786=DIRECTION('center_axis',(0.,-1.,0.));
#6787=DIRECTION('ref_axis',(-0.647689071844547,0.,0.76190476190476));
#6788=DIRECTION('center_axis',(0.,1.,0.));
#6789=DIRECTION('ref_axis',(-0.647689071844547,0.,0.76190476190476));
#6790=DIRECTION('',(-1.,0.,3.0210402170413E-16));
#6791=DIRECTION('center_axis',(0.,1.,0.));
#6792=DIRECTION('ref_axis',(0.,0.,1.));
#6793=DIRECTION('',(-5.9211894646675E-16,0.,1.));
#6794=DIRECTION('center_axis',(0.,1.,0.));
#6795=DIRECTION('ref_axis',(1.,0.,-2.53765262771465E-15));
#6796=DIRECTION('',(1.,0.,0.));
#6797=DIRECTION('center_axis',(0.,1.,0.));
#6798=DIRECTION('ref_axis',(-2.11867560532632E-12,0.,-1.));
#6799=DIRECTION('center_axis',(0.,-1.,0.));
#6800=DIRECTION('ref_axis',(0.647689071844545,0.,-0.761904761904762));
#6801=DIRECTION('center_axis',(0.,1.,0.));
#6802=DIRECTION('ref_axis',(0.647689071844547,0.,-0.76190476190476));
#6803=DIRECTION('',(1.,0.,0.));
#6804=DIRECTION('center_axis',(0.,1.,0.));
#6805=DIRECTION('ref_axis',(-2.11830553098478E-12,0.,-1.));
#6806=DIRECTION('center_axis',(0.,-1.,0.));
#6807=DIRECTION('ref_axis',(0.647689071844545,0.,-0.761904761904762));
#6808=DIRECTION('',(-2.4283991386122E-16,0.,-1.));
#6809=DIRECTION('center_axis',(0.,1.,0.));
#6810=DIRECTION('ref_axis',(1.,0.,0.));
#6811=DIRECTION('center_axis',(0.,1.,0.));
#6812=DIRECTION('ref_axis',(-0.64768907184437,0.,0.761904761904911));
#6813=DIRECTION('',(1.,0.,0.));
#6814=DIRECTION('center_axis',(0.,1.,0.));
#6815=DIRECTION('ref_axis',(-0.64768907184437,0.,0.761904761904911));
#6816=DIRECTION('',(1.,0.,0.));
#6817=DIRECTION('center_axis',(0.,1.,0.));
#6818=DIRECTION('ref_axis',(-0.647689071844371,0.,0.76190476190491));
#6819=DIRECTION('',(1.,0.,0.));
#6820=DIRECTION('center_axis',(0.,1.,0.));
#6821=DIRECTION('ref_axis',(-0.647689071844371,0.,0.76190476190491));
#6822=DIRECTION('',(1.,0.,5.55635604289318E-13));
#6823=DIRECTION('',(-7.2741812573969E-12,0.,1.));
#6824=DIRECTION('center_axis',(0.,1.,0.));
#6825=DIRECTION('ref_axis',(-1.,0.,1.26882631385732E-15));
#6826=DIRECTION('',(1.,0.,-7.27418125739703E-12));
#6827=DIRECTION('',(0.,0.,1.));
#6828=DIRECTION('',(-1.,0.,-7.27862214949556E-12));
#6829=DIRECTION('center_axis',(0.,1.,0.));
#6830=DIRECTION('ref_axis',(0.,0.,-1.));
#6831=DIRECTION('',(7.27418125713233E-12,0.,1.));
#6832=DIRECTION('',(-1.,0.,-2.22118638151532E-12));
#6833=DIRECTION('center_axis',(0.,1.,0.));
#6834=DIRECTION('ref_axis',(0.647689071844371,0.,-0.76190476190491));
#6835=DIRECTION('',(-1.,0.,-1.27016044387166E-14));
#6836=DIRECTION('center_axis',(0.,1.,0.));
#6837=DIRECTION('ref_axis',(0.64768907184437,0.,-0.76190476190491));
#6838=DIRECTION('',(-1.,0.,0.));
#6839=DIRECTION('center_axis',(0.,1.,0.));
#6840=DIRECTION('ref_axis',(0.647689071844371,0.,-0.76190476190491));
#6841=DIRECTION('',(-1.,0.,0.));
#6842=DIRECTION('center_axis',(0.,1.,0.));
#6843=DIRECTION('ref_axis',(0.647689071844371,0.,-0.76190476190491));
#6844=DIRECTION('center_axis',(0.,1.,0.));
#6845=DIRECTION('ref_axis',(0.98512478989277,0.,0.171840473517519));
#6846=DIRECTION('center_axis',(0.,1.,0.));
#6847=DIRECTION('ref_axis',(0.98512478989277,0.,0.171840473517519));
#6848=DIRECTION('',(-1.,0.,0.));
#6849=DIRECTION('',(7.10542735760093E-15,0.,-1.));
#6850=DIRECTION('center_axis',(0.,1.,0.));
#6851=DIRECTION('ref_axis',(1.,0.,0.));
#6852=DIRECTION('',(-1.,0.,1.77635683940025E-15));
#6853=DIRECTION('',(7.89491928622334E-16,0.,-1.));
#6854=DIRECTION('',(1.,0.,0.));
#6855=DIRECTION('center_axis',(0.,1.,0.));
#6856=DIRECTION('ref_axis',(1.,0.,0.));
#6857=DIRECTION('',(0.,0.,-1.));
#6858=DIRECTION('',(1.,0.,1.85044256947287E-15));
#6859=DIRECTION('center_axis',(0.,1.,0.));
#6860=DIRECTION('ref_axis',(1.,0.,0.));
#6861=DIRECTION('center_axis',(0.,-1.,0.));
#6862=DIRECTION('ref_axis',(1.,0.,0.));
#6863=DIRECTION('center_axis',(0.,-1.,0.));
#6864=DIRECTION('ref_axis',(1.,0.,0.));
#6865=DIRECTION('center_axis',(0.,-1.,0.));
#6866=DIRECTION('ref_axis',(1.,0.,0.));
#6867=DIRECTION('center_axis',(0.,-1.,0.));
#6868=DIRECTION('ref_axis',(1.,0.,0.));
#6869=DIRECTION('center_axis',(0.,-1.,0.));
#6870=DIRECTION('ref_axis',(-1.,0.,0.));
#6871=DIRECTION('center_axis',(0.,-1.,0.));
#6872=DIRECTION('ref_axis',(-1.,0.,0.));
#6873=DIRECTION('center_axis',(0.,-1.,0.));
#6874=DIRECTION('ref_axis',(-1.,0.,0.));
#6875=DIRECTION('center_axis',(0.,-1.,0.));
#6876=DIRECTION('ref_axis',(-1.,0.,0.));
#6877=DIRECTION('center_axis',(1.,0.,0.));
#6878=DIRECTION('ref_axis',(0.,0.,-1.));
#6879=DIRECTION('',(0.,0.,-1.));
#6880=DIRECTION('',(0.,1.,0.));
#6881=DIRECTION('center_axis',(1.,0.,0.));
#6882=DIRECTION('ref_axis',(0.,0.707106781186547,0.707106781186548));
#6883=DIRECTION('',(0.,0.,1.));
#6884=DIRECTION('center_axis',(1.,0.,0.));
#6885=DIRECTION('ref_axis',(0.,0.707106781186547,-0.707106781186548));
#6886=DIRECTION('',(0.,1.,0.));
#6887=DIRECTION('',(0.,0.,-1.));
#6888=DIRECTION('',(0.,1.,0.));
#6889=DIRECTION('center_axis',(1.,0.,0.));
#6890=DIRECTION('ref_axis',(0.,0.707106781186547,0.707106781186548));
#6891=DIRECTION('',(0.,0.,-1.));
#6892=DIRECTION('center_axis',(1.,0.,0.));
#6893=DIRECTION('ref_axis',(0.,0.707106781186547,-0.707106781186548));
#6894=DIRECTION('',(0.,1.,0.));
#6895=DIRECTION('',(0.,0.,-1.));
#6896=DIRECTION('center_axis',(1.,0.,-2.4283991386122E-16));
#6897=DIRECTION('ref_axis',(2.4283991386122E-16,0.,1.));
#6898=DIRECTION('',(2.4283991386122E-16,0.,1.));
#6899=DIRECTION('',(0.,-1.,0.));
#6900=DIRECTION('center_axis',(-1.,0.,4.8669730403828E-16));
#6901=DIRECTION('ref_axis',(-4.8669730403828E-16,0.,-1.));
#6902=DIRECTION('',(0.,1.,0.));
#6903=DIRECTION('',(-4.8669730403828E-16,0.,-1.));
#6904=DIRECTION('center_axis',(-1.,0.,1.11940379928806E-14));
#6905=DIRECTION('ref_axis',(-1.11940379928806E-14,0.,-1.));
#6906=DIRECTION('',(-1.11940379928806E-14,0.,-1.));
#6907=DIRECTION('',(0.,-1.,0.));
#6908=DIRECTION('center_axis',(0.,-1.,0.));
#6909=DIRECTION('ref_axis',(1.,0.,0.));
#6910=DIRECTION('center_axis',(0.,-1.,0.));
#6911=DIRECTION('ref_axis',(1.,0.,0.));
#6912=DIRECTION('',(0.,-1.,0.));
#6913=DIRECTION('center_axis',(0.,-1.,0.));
#6914=DIRECTION('ref_axis',(1.,0.,0.));
#6915=DIRECTION('',(0.,-1.,0.));
#6916=DIRECTION('center_axis',(0.,-1.,0.));
#6917=DIRECTION('ref_axis',(1.,0.,0.));
#6918=DIRECTION('center_axis',(0.,1.,0.));
#6919=DIRECTION('ref_axis',(0.,0.,1.));
#6920=DIRECTION('',(1.,0.,2.22044604925033E-15));
#6921=DIRECTION('center_axis',(0.,-1.,0.));
#6922=DIRECTION('ref_axis',(-1.,0.,0.));
#6923=DIRECTION('',(0.,0.,1.));
#6924=DIRECTION('center_axis',(0.,-1.,0.));
#6925=DIRECTION('ref_axis',(0.,0.,-1.));
#6926=DIRECTION('',(-1.,0.,0.));
#6927=DIRECTION('',(1.,0.,0.));
#6928=DIRECTION('center_axis',(0.,-1.,0.));
#6929=DIRECTION('ref_axis',(-1.,0.,0.));
#6930=DIRECTION('',(0.,0.,1.));
#6931=DIRECTION('center_axis',(0.,-1.,0.));
#6932=DIRECTION('ref_axis',(0.,0.,-1.));
#6933=DIRECTION('',(-1.,0.,0.));
#6934=DIRECTION('center_axis',(0.,-1.,0.));
#6935=DIRECTION('ref_axis',(1.,0.,0.));
#6936=DIRECTION('center_axis',(0.,1.,0.));
#6937=DIRECTION('ref_axis',(0.647689071844371,0.,-0.76190476190491));
#6938=DIRECTION('',(-1.,0.,0.));
#6939=DIRECTION('center_axis',(0.,1.,0.));
#6940=DIRECTION('ref_axis',(0.647689071844371,0.,-0.76190476190491));
#6941=DIRECTION('',(-1.,0.,0.));
#6942=DIRECTION('center_axis',(0.,1.,0.));
#6943=DIRECTION('ref_axis',(0.64768907184437,0.,-0.76190476190491));
#6944=DIRECTION('',(-1.,0.,-1.27016044387166E-14));
#6945=DIRECTION('center_axis',(0.,1.,0.));
#6946=DIRECTION('ref_axis',(0.647689071844371,0.,-0.76190476190491));
#6947=DIRECTION('',(-1.,0.,-2.22118638151532E-12));
#6948=DIRECTION('',(7.27418125713233E-12,0.,1.));
#6949=DIRECTION('center_axis',(0.,1.,0.));
#6950=DIRECTION('ref_axis',(0.,0.,-1.));
#6951=DIRECTION('',(-1.,0.,-7.27862214949556E-12));
#6952=DIRECTION('',(0.,0.,1.));
#6953=DIRECTION('',(1.,0.,-7.27418125739703E-12));
#6954=DIRECTION('center_axis',(0.,1.,0.));
#6955=DIRECTION('ref_axis',(-1.,0.,1.26882631385732E-15));
#6956=DIRECTION('',(-7.2741812573969E-12,0.,1.));
#6957=DIRECTION('',(1.,0.,5.55635604289318E-13));
#6958=DIRECTION('center_axis',(0.,1.,0.));
#6959=DIRECTION('ref_axis',(-0.647689071844371,0.,0.76190476190491));
#6960=DIRECTION('',(1.,0.,0.));
#6961=DIRECTION('center_axis',(0.,1.,0.));
#6962=DIRECTION('ref_axis',(-0.647689071844371,0.,0.76190476190491));
#6963=DIRECTION('',(1.,0.,0.));
#6964=DIRECTION('center_axis',(0.,1.,0.));
#6965=DIRECTION('ref_axis',(-0.64768907184437,0.,0.761904761904911));
#6966=DIRECTION('',(1.,0.,0.));
#6967=DIRECTION('center_axis',(0.,1.,0.));
#6968=DIRECTION('ref_axis',(-0.64768907184437,0.,0.761904761904911));
#6969=DIRECTION('center_axis',(0.,1.,0.));
#6970=DIRECTION('ref_axis',(0.,0.,1.));
#6971=DIRECTION('',(1.,0.,-1.43019499377349E-13));
#6972=DIRECTION('',(0.,0.,-1.));
#6973=DIRECTION('center_axis',(0.,1.,0.));
#6974=DIRECTION('ref_axis',(1.,0.,0.));
#6975=DIRECTION('',(1.,0.,0.));
#6976=DIRECTION('',(3.94745964311167E-16,0.,-1.));
#6977=DIRECTION('',(-1.,0.,1.77635683940025E-15));
#6978=DIRECTION('center_axis',(0.,1.,0.));
#6979=DIRECTION('ref_axis',(1.,0.,0.));
#6980=DIRECTION('',(7.10542735760093E-15,0.,-1.));
#6981=DIRECTION('',(-1.,0.,-5.59613134562433E-12));
#6982=DIRECTION('center_axis',(0.,-1.,0.));
#6983=DIRECTION('ref_axis',(1.,0.,0.));
#6984=DIRECTION('',(1.,0.,0.));
#6985=DIRECTION('center_axis',(0.,1.,0.));
#6986=DIRECTION('ref_axis',(1.,0.,0.));
#6987=DIRECTION('',(-1.,0.,0.));
#6988=DIRECTION('center_axis',(0.,-1.,0.));
#6989=DIRECTION('ref_axis',(1.,0.,9.22782773714416E-16));
#6990=DIRECTION('center_axis',(0.,-1.,0.));
#6991=DIRECTION('ref_axis',(1.,0.,9.22782773714416E-16));
#6992=DIRECTION('center_axis',(0.,1.,0.));
#6993=DIRECTION('ref_axis',(1.,0.,9.22782773714416E-16));
#6994=DIRECTION('center_axis',(0.,1.,0.));
#6995=DIRECTION('ref_axis',(1.,0.,9.22782773714416E-16));
#6996=DIRECTION('center_axis',(0.,1.,0.));
#6997=DIRECTION('ref_axis',(1.,0.,9.22782773714416E-16));
#6998=DIRECTION('center_axis',(0.,1.,0.));
#6999=DIRECTION('ref_axis',(1.,0.,9.22782773714416E-16));
#7000=DIRECTION('center_axis',(0.,1.,0.));
#7001=DIRECTION('ref_axis',(1.,0.,9.22782773714416E-16));
#7002=DIRECTION('center_axis',(0.,1.,0.));
#7003=DIRECTION('ref_axis',(1.,0.,9.22782773714416E-16));
#7004=DIRECTION('center_axis',(0.,1.,0.));
#7005=DIRECTION('ref_axis',(1.,0.,9.22782773714416E-16));
#7006=DIRECTION('center_axis',(0.,1.,0.));
#7007=DIRECTION('ref_axis',(1.,0.,9.22782773714416E-16));
#7008=DIRECTION('center_axis',(0.,-1.,0.));
#7009=DIRECTION('ref_axis',(1.,0.,0.));
#7010=DIRECTION('',(0.,1.,0.));
#7011=DIRECTION('center_axis',(0.,-1.,0.));
#7012=DIRECTION('ref_axis',(-1.,0.,0.));
#7013=DIRECTION('center_axis',(0.,1.,0.));
#7014=DIRECTION('ref_axis',(-1.,0.,0.));
#7015=DIRECTION('center_axis',(0.,1.,0.));
#7016=DIRECTION('ref_axis',(-1.,0.,0.));
#7017=DIRECTION('',(0.707106781186548,-0.707106781186547,-8.65956056235494E-17));
#7018=DIRECTION('center_axis',(0.,1.,0.));
#7019=DIRECTION('ref_axis',(1.,0.,0.));
#7020=DIRECTION('center_axis',(0.,1.,0.));
#7021=DIRECTION('ref_axis',(1.,0.,0.));
#7022=DIRECTION('center_axis',(0.,-1.,0.));
#7023=DIRECTION('ref_axis',(1.,0.,0.));
#7024=DIRECTION('',(0.,-1.,0.));
#7025=DIRECTION('center_axis',(0.,-1.,0.));
#7026=DIRECTION('ref_axis',(-1.,0.,0.));
#7027=DIRECTION('center_axis',(0.,1.,0.));
#7028=DIRECTION('ref_axis',(-1.,0.,0.));
#7029=DIRECTION('center_axis',(0.,1.,0.));
#7030=DIRECTION('ref_axis',(-1.,0.,0.));
#7031=DIRECTION('',(0.707106781186547,-0.707106781186548,-8.65956056235493E-17));
#7032=DIRECTION('center_axis',(0.,1.,0.));
#7033=DIRECTION('ref_axis',(1.,0.,0.));
#7034=DIRECTION('center_axis',(0.,1.,0.));
#7035=DIRECTION('ref_axis',(1.,0.,0.));
#7036=DIRECTION('center_axis',(0.,-1.,0.));
#7037=DIRECTION('ref_axis',(1.,0.,0.));
#7038=DIRECTION('',(0.,-1.,0.));
#7039=DIRECTION('center_axis',(0.,1.,0.));
#7040=DIRECTION('ref_axis',(1.,0.,0.));
#7041=DIRECTION('',(0.,1.,0.));
#7042=DIRECTION('center_axis',(0.,1.,0.));
#7043=DIRECTION('ref_axis',(1.,0.,0.));
#7044=DIRECTION('',(0.,1.,0.));
#7045=DIRECTION('center_axis',(0.,-1.,0.));
#7046=DIRECTION('ref_axis',(1.,0.,0.));
#7047=DIRECTION('',(0.,-1.,0.));
#7048=DIRECTION('center_axis',(0.,-1.,0.));
#7049=DIRECTION('ref_axis',(0.647689071844371,0.,-0.76190476190491));
#7050=DIRECTION('',(0.,-1.,0.));
#7051=DIRECTION('center_axis',(-1.,0.,-3.94745964311167E-16));
#7052=DIRECTION('ref_axis',(0.,0.,1.));
#7053=DIRECTION('center_axis',(1.,0.,3.94745964311167E-16));
#7054=DIRECTION('ref_axis',(3.94745964311167E-16,0.,-1.));
#7055=DIRECTION('center_axis',(-8.3477344467832E-32,-1.,2.11471052309554E-16));
#7056=DIRECTION('ref_axis',(0.,-2.11471052309554E-16,-1.));
#7057=DIRECTION('center_axis',(1.,0.,3.94745964311167E-16));
#7058=DIRECTION('ref_axis',(-3.94745964311167E-16,0.,1.));
#7059=DIRECTION('center_axis',(-1.,0.,-3.94745964311167E-16));
#7060=DIRECTION('ref_axis',(-3.94745964311167E-16,0.,1.));
#7061=DIRECTION('',(0.,1.,0.));
#7062=DIRECTION('',(0.,-1.,0.));
#7063=DIRECTION('center_axis',(1.,0.,3.94745964311167E-16));
#7064=DIRECTION('ref_axis',(3.94745964311167E-16,0.,-1.));
#7065=DIRECTION('center_axis',(-1.,0.,-3.94745964311167E-16));
#7066=DIRECTION('ref_axis',(-3.94745964311167E-16,0.,1.));
#7067=DIRECTION('center_axis',(1.,0.,0.));
#7068=DIRECTION('ref_axis',(0.,1.,0.));
#7069=DIRECTION('',(0.,0.,1.));
#7070=DIRECTION('',(0.,1.,0.));
#7071=DIRECTION('',(0.,0.,-1.));
#7072=DIRECTION('',(0.,1.,0.));
#7073=DIRECTION('center_axis',(0.,0.,1.));
#7074=DIRECTION('ref_axis',(1.,0.,0.));
#7075=DIRECTION('',(-1.,0.,0.));
#7076=DIRECTION('',(0.,-1.,0.));
#7077=DIRECTION('',(1.,0.,0.));
#7078=DIRECTION('center_axis',(0.,0.,1.));
#7079=DIRECTION('ref_axis',(1.,0.,0.));
#7080=DIRECTION('',(-1.,0.,0.));
#7081=DIRECTION('',(0.,-1.,0.));
#7082=DIRECTION('',(1.,0.,0.));
#7083=DIRECTION('',(0.,1.,0.));
#7084=DIRECTION('center_axis',(-1.,0.,0.));
#7085=DIRECTION('ref_axis',(0.,-1.,0.));
#7086=DIRECTION('',(0.,0.,-1.));
#7087=DIRECTION('',(0.,-1.,0.));
#7088=DIRECTION('',(0.,0.,1.));
#7089=DIRECTION('center_axis',(0.,-1.,0.));
#7090=DIRECTION('ref_axis',(-0.64768907184437,0.,0.761904761904911));
#7091=DIRECTION('',(0.,-1.,0.));
#7092=DIRECTION('',(0.,-1.,0.));
#7093=DIRECTION('center_axis',(0.,0.,1.));
#7094=DIRECTION('ref_axis',(-1.,0.,0.));
#7095=DIRECTION('',(0.,-1.,0.));
#7096=DIRECTION('center_axis',(0.,-1.,0.));
#7097=DIRECTION('ref_axis',(-0.647689071844371,0.,0.76190476190491));
#7098=DIRECTION('',(0.,-1.,0.));
#7099=DIRECTION('center_axis',(0.,0.,1.));
#7100=DIRECTION('ref_axis',(-1.,0.,0.));
#7101=DIRECTION('',(0.,-1.,0.));
#7102=DIRECTION('center_axis',(0.,-1.,0.));
#7103=DIRECTION('ref_axis',(-0.647689071844371,0.,0.76190476190491));
#7104=DIRECTION('',(0.,-1.,0.));
#7105=DIRECTION('center_axis',(-5.55635604289318E-13,0.,1.));
#7106=DIRECTION('ref_axis',(-1.,0.,-5.55635604289318E-13));
#7107=DIRECTION('',(0.,-1.,0.));
#7108=DIRECTION('center_axis',(-1.,0.,-7.2741812573969E-12));
#7109=DIRECTION('ref_axis',(7.2741812573969E-12,0.,-1.));
#7110=DIRECTION('',(0.,-1.,0.));
#7111=DIRECTION('center_axis',(0.,-1.,0.));
#7112=DIRECTION('ref_axis',(-1.,0.,1.26882631385732E-15));
#7113=DIRECTION('',(0.,-1.,0.));
#7114=DIRECTION('center_axis',(7.27418125739703E-12,0.,1.));
#7115=DIRECTION('ref_axis',(-1.,0.,7.27418125739703E-12));
#7116=DIRECTION('',(0.,-1.,0.));
#7117=DIRECTION('center_axis',(-1.,0.,0.));
#7118=DIRECTION('ref_axis',(0.,0.,-1.));
#7119=DIRECTION('',(0.,-1.,0.));
#7120=DIRECTION('center_axis',(1.,0.,0.));
#7121=DIRECTION('ref_axis',(0.,0.,-1.));
#7122=DIRECTION('center_axis',(1.,0.,0.));
#7123=DIRECTION('ref_axis',(0.,0.,-1.));
#7124=DIRECTION('center_axis',(7.27862214949556E-12,0.,-1.));
#7125=DIRECTION('ref_axis',(1.,0.,7.27862214949556E-12));
#7126=DIRECTION('',(0.,-1.,0.));
#7127=DIRECTION('center_axis',(0.,-1.,0.));
#7128=DIRECTION('ref_axis',(0.,0.,-1.));
#7129=DIRECTION('',(0.,-1.,0.));
#7130=DIRECTION('center_axis',(-1.,0.,7.27418125713233E-12));
#7131=DIRECTION('ref_axis',(-7.27418125713233E-12,0.,-1.));
#7132=DIRECTION('',(0.,-1.,0.));
#7133=DIRECTION('center_axis',(2.22118638151532E-12,0.,-1.));
#7134=DIRECTION('ref_axis',(1.,0.,2.22118638151532E-12));
#7135=DIRECTION('',(0.,-1.,0.));
#7136=DIRECTION('center_axis',(-2.22118638151532E-12,0.,1.));
#7137=DIRECTION('ref_axis',(-1.,0.,-2.22133422767001E-12));
#7138=DIRECTION('',(-1.,0.,-2.22118638151532E-12));
#7139=DIRECTION('center_axis',(-2.22118638151532E-12,0.,1.));
#7140=DIRECTION('ref_axis',(-1.,0.,-2.22133422767001E-12));
#7141=DIRECTION('',(1.,0.,2.22118638151532E-12));
#7142=DIRECTION('center_axis',(0.,-1.,0.));
#7143=DIRECTION('ref_axis',(0.647689071844371,0.,-0.76190476190491));
#7144=DIRECTION('',(0.,-1.,0.));
#7145=DIRECTION('center_axis',(1.27016044387166E-14,0.,-1.));
#7146=DIRECTION('ref_axis',(1.,0.,1.27016044387166E-14));
#7147=DIRECTION('',(0.,-1.,0.));
#7148=DIRECTION('center_axis',(0.,-1.,0.));
#7149=DIRECTION('ref_axis',(0.64768907184437,0.,-0.76190476190491));
#7150=DIRECTION('',(0.,-1.,0.));
#7151=DIRECTION('center_axis',(0.,0.,-1.));
#7152=DIRECTION('ref_axis',(1.,0.,0.));
#7153=DIRECTION('',(0.,-1.,0.));
#7154=DIRECTION('center_axis',(0.,-1.,0.));
#7155=DIRECTION('ref_axis',(0.647689071844371,0.,-0.76190476190491));
#7156=DIRECTION('',(0.,-1.,0.));
#7157=DIRECTION('center_axis',(0.,0.,-1.));
#7158=DIRECTION('ref_axis',(1.,0.,0.));
#7159=DIRECTION('center_axis',(-2.22133422767001E-12,0.,1.));
#7160=DIRECTION('ref_axis',(-1.,0.,-2.22133422767001E-12));
#7161=DIRECTION('center_axis',(0.,0.,-1.));
#7162=DIRECTION('ref_axis',(-1.,0.,-2.22133422767001E-12));
#7163=DIRECTION('',(-2.22133422767001E-12,0.,1.));
#7164=DIRECTION('',(-2.22133422767001E-12,0.,1.));
#7165=DIRECTION('center_axis',(0.,1.,0.));
#7166=DIRECTION('ref_axis',(-1.,0.,-2.22118638151532E-12));
#7167=DIRECTION('',(1.,0.,0.));
#7168=DIRECTION('',(-2.22133422767001E-12,0.,1.));
#7169=DIRECTION('center_axis',(-2.22133422767001E-12,0.,1.));
#7170=DIRECTION('ref_axis',(1.,-1.22464679914735E-16,2.22133422767001E-12));
#7171=DIRECTION('center_axis',(0.,0.,-1.));
#7172=DIRECTION('ref_axis',(-1.,0.,-2.22133422767001E-12));
#7173=DIRECTION('',(-2.22133422767001E-12,0.,1.));
#7174=DIRECTION('center_axis',(0.,-1.,0.));
#7175=DIRECTION('ref_axis',(1.,0.,2.22118638151532E-12));
#7176=DIRECTION('',(-1.,0.,0.));
#7177=DIRECTION('center_axis',(0.,-1.,0.));
#7178=DIRECTION('ref_axis',(0.707106781186552,0.,-0.707106781186543));
#7179=DIRECTION('center_axis',(0.,1.,0.));
#7180=DIRECTION('ref_axis',(0.707106781186552,0.,-0.707106781186543));
#7181=DIRECTION('',(0.,-1.,0.));
#7182=DIRECTION('center_axis',(0.,-1.,0.));
#7183=DIRECTION('ref_axis',(0.707106781186552,0.,-0.707106781186543));
#7184=DIRECTION('',(0.,1.,0.));
#7185=DIRECTION('center_axis',(2.53765262771477E-15,0.,1.));
#7186=DIRECTION('ref_axis',(-1.,0.,2.53765262771477E-15));
#7187=DIRECTION('',(1.,0.,-2.53765262771477E-15));
#7188=DIRECTION('',(0.,1.,0.));
#7189=DIRECTION('',(-1.,0.,2.53765262771477E-15));
#7190=DIRECTION('center_axis',(0.,1.,0.));
#7191=DIRECTION('ref_axis',(0.707106781186544,0.,0.707106781186551));
#7192=DIRECTION('center_axis',(0.,-1.,0.));
#7193=DIRECTION('ref_axis',(0.707106781186544,0.,0.707106781186551));
#7194=DIRECTION('',(0.,1.,0.));
#7195=DIRECTION('center_axis',(0.,1.,0.));
#7196=DIRECTION('ref_axis',(0.707106781186544,0.,0.707106781186551));
#7197=DIRECTION('',(0.,-1.,0.));
#7198=DIRECTION('center_axis',(-1.90323947078598E-15,0.,-1.));
#7199=DIRECTION('ref_axis',(1.,0.,-1.90323947078598E-15));
#7200=DIRECTION('',(1.,0.,-1.90323947078598E-15));
#7201=DIRECTION('',(0.,-1.,0.));
#7202=DIRECTION('',(-1.,0.,1.90323947078598E-15));
#7203=DIRECTION('center_axis',(0.,-1.,0.));
#7204=DIRECTION('ref_axis',(0.,0.,-1.));
#7205=DIRECTION('center_axis',(0.,1.,0.));
#7206=DIRECTION('ref_axis',(1.,0.,0.));
#7207=DIRECTION('',(-3.94745964311167E-16,0.,1.));
#7208=DIRECTION('center_axis',(0.,-1.,0.));
#7209=DIRECTION('ref_axis',(-1.,0.,0.));
#7210=DIRECTION('center_axis',(0.,-1.,0.));
#7211=DIRECTION('ref_axis',(-1.,0.,0.));
#7212=DIRECTION('center_axis',(0.,1.,0.));
#7213=DIRECTION('ref_axis',(-1.,0.,0.));
#7214=DIRECTION('',(0.,1.,0.));
#7215=DIRECTION('center_axis',(0.,-1.,0.));
#7216=DIRECTION('ref_axis',(-1.,0.,1.40883900352873E-14));
#7217=DIRECTION('center_axis',(0.,-1.,0.));
#7218=DIRECTION('ref_axis',(1.,0.,0.));
#7219=DIRECTION('center_axis',(0.,-1.,0.));
#7220=DIRECTION('ref_axis',(0.,0.,-1.));
#7221=DIRECTION('',(3.94745964311167E-16,0.,-1.));
#7222=DIRECTION('center_axis',(0.,1.,0.));
#7223=DIRECTION('ref_axis',(2.96059473233374E-15,0.,-1.));
#7224=DIRECTION('',(0.,1.,0.));
#7225=DIRECTION('center_axis',(0.,1.,0.));
#7226=DIRECTION('ref_axis',(2.96059473233374E-15,0.,-1.));
#7227=DIRECTION('',(0.,1.,0.));
#7228=DIRECTION('center_axis',(1.,0.,0.));
#7229=DIRECTION('ref_axis',(0.,0.,-1.));
#7230=DIRECTION('',(0.,1.,0.));
#7231=DIRECTION('',(0.,0.,-1.));
#7232=DIRECTION('center_axis',(0.,1.,0.));
#7233=DIRECTION('ref_axis',(1.,0.,0.));
#7234=DIRECTION('',(0.,1.,0.));
#7235=DIRECTION('center_axis',(0.,1.,0.));
#7236=DIRECTION('ref_axis',(1.,0.,0.));
#7237=DIRECTION('center_axis',(0.,0.,1.));
#7238=DIRECTION('ref_axis',(1.,0.,0.));
#7239=DIRECTION('',(0.,1.,0.));
#7240=DIRECTION('',(1.,0.,0.));
#7241=DIRECTION('center_axis',(0.,1.,0.));
#7242=DIRECTION('ref_axis',(5.92118946466754E-15,0.,1.));
#7243=DIRECTION('',(0.,1.,0.));
#7244=DIRECTION('center_axis',(0.,1.,0.));
#7245=DIRECTION('ref_axis',(5.92118946466754E-15,0.,1.));
#7246=DIRECTION('center_axis',(-1.,0.,4.80096443081149E-16));
#7247=DIRECTION('ref_axis',(4.80096443081149E-16,0.,1.));
#7248=DIRECTION('',(0.,1.,0.));
#7249=DIRECTION('',(4.80096443081149E-16,0.,1.));
#7250=DIRECTION('center_axis',(0.,1.,0.));
#7251=DIRECTION('ref_axis',(-1.,0.,5.92118946466754E-15));
#7252=DIRECTION('',(0.,1.,0.));
#7253=DIRECTION('center_axis',(0.,1.,0.));
#7254=DIRECTION('ref_axis',(-1.,0.,5.92118946466754E-15));
#7255=DIRECTION('center_axis',(1.00929365875014E-16,0.,-1.));
#7256=DIRECTION('ref_axis',(-1.,0.,-1.00929365875014E-16));
#7257=DIRECTION('',(-1.,0.,-1.00929365875014E-16));
#7258=DIRECTION('center_axis',(0.,-1.,0.));
#7259=DIRECTION('ref_axis',(0.,0.,-1.));
#7260=DIRECTION('center_axis',(0.,1.,0.));
#7261=DIRECTION('ref_axis',(1.,0.,9.22782773714416E-16));
#7262=DIRECTION('center_axis',(0.,1.,0.));
#7263=DIRECTION('ref_axis',(1.,0.,9.22782773714416E-16));
#7264=DIRECTION('center_axis',(0.,1.,0.));
#7265=DIRECTION('ref_axis',(1.,0.,9.22782773714416E-16));
#7266=DIRECTION('',(0.,-1.,0.));
#7267=DIRECTION('center_axis',(0.,1.,0.));
#7268=DIRECTION('ref_axis',(0.,0.,1.));
#7269=DIRECTION('center_axis',(0.,-1.,0.));
#7270=DIRECTION('ref_axis',(0.647689071844545,0.,-0.761904761904762));
#7271=DIRECTION('',(0.,-1.,0.));
#7272=DIRECTION('center_axis',(0.,1.,0.));
#7273=DIRECTION('ref_axis',(0.647689071844545,0.,-0.761904761904762));
#7274=DIRECTION('',(0.,-1.,0.));
#7275=DIRECTION('center_axis',(0.,-1.,0.));
#7276=DIRECTION('ref_axis',(0.647689071844545,0.,-0.761904761904762));
#7277=DIRECTION('',(0.,-1.,0.));
#7278=DIRECTION('center_axis',(0.,-1.,0.));
#7279=DIRECTION('ref_axis',(0.647689071844545,0.,-0.761904761904762));
#7280=DIRECTION('center_axis',(0.,-1.,0.));
#7281=DIRECTION('ref_axis',(-2.11830553098478E-12,0.,-1.));
#7282=DIRECTION('',(0.,-1.,0.));
#7283=DIRECTION('center_axis',(0.,1.,0.));
#7284=DIRECTION('ref_axis',(-2.11830553098478E-12,0.,-1.));
#7285=DIRECTION('center_axis',(0.,0.,-1.));
#7286=DIRECTION('ref_axis',(1.,0.,0.));
#7287=DIRECTION('',(0.,-1.,0.));
#7288=DIRECTION('',(1.,0.,0.));
#7289=DIRECTION('center_axis',(0.,-1.,0.));
#7290=DIRECTION('ref_axis',(0.647689071844547,0.,-0.76190476190476));
#7291=DIRECTION('',(0.,-1.,0.));
#7292=DIRECTION('center_axis',(0.,1.,0.));
#7293=DIRECTION('ref_axis',(0.647689071844547,0.,-0.76190476190476));
#7294=DIRECTION('center_axis',(0.,-1.,0.));
#7295=DIRECTION('ref_axis',(0.647689071844545,0.,-0.761904761904762));
#7296=DIRECTION('',(0.,-1.,0.));
#7297=DIRECTION('center_axis',(0.,-1.,0.));
#7298=DIRECTION('ref_axis',(0.647689071844545,0.,-0.761904761904762));
#7299=DIRECTION('center_axis',(0.,-1.,0.));
#7300=DIRECTION('ref_axis',(-2.11867560532632E-12,0.,-1.));
#7301=DIRECTION('',(0.,-1.,0.));
#7302=DIRECTION('center_axis',(0.,1.,0.));
#7303=DIRECTION('ref_axis',(-2.11867560532632E-12,0.,-1.));
#7304=DIRECTION('center_axis',(0.,0.,-1.));
#7305=DIRECTION('ref_axis',(1.,0.,0.));
#7306=DIRECTION('',(0.,-1.,0.));
#7307=DIRECTION('',(1.,0.,0.));
#7308=DIRECTION('center_axis',(0.,-1.,0.));
#7309=DIRECTION('ref_axis',(1.,0.,-2.53765262771465E-15));
#7310=DIRECTION('',(0.,-1.,0.));
#7311=DIRECTION('center_axis',(0.,1.,0.));
#7312=DIRECTION('ref_axis',(1.,0.,-2.53765262771465E-15));
#7313=DIRECTION('center_axis',(1.,0.,5.9211894646675E-16));
#7314=DIRECTION('ref_axis',(-5.9211894646675E-16,0.,1.));
#7315=DIRECTION('',(0.,-1.,0.));
#7316=DIRECTION('',(-5.9211894646675E-16,0.,1.));
#7317=DIRECTION('center_axis',(0.,-1.,0.));
#7318=DIRECTION('ref_axis',(0.,0.,1.));
#7319=DIRECTION('',(0.,-1.,0.));
#7320=DIRECTION('center_axis',(0.,1.,0.));
#7321=DIRECTION('ref_axis',(0.,0.,1.));
#7322=DIRECTION('center_axis',(3.0210402170413E-16,0.,1.));
#7323=DIRECTION('ref_axis',(-1.,0.,3.0210402170413E-16));
#7324=DIRECTION('',(0.,-1.,0.));
#7325=DIRECTION('',(-1.,0.,3.0210402170413E-16));
#7326=DIRECTION('center_axis',(0.,-1.,0.));
#7327=DIRECTION('ref_axis',(-0.647689071844547,0.,0.76190476190476));
#7328=DIRECTION('',(0.,-1.,0.));
#7329=DIRECTION('center_axis',(0.,1.,0.));
#7330=DIRECTION('ref_axis',(-0.647689071844547,0.,0.76190476190476));
#7331=DIRECTION('center_axis',(0.,-1.,0.));
#7332=DIRECTION('ref_axis',(-0.647689071844547,0.,0.76190476190476));
#7333=DIRECTION('',(0.,-1.,0.));
#7334=DIRECTION('center_axis',(0.,-1.,0.));
#7335=DIRECTION('ref_axis',(-0.647689071844547,0.,0.76190476190476));
#7336=DIRECTION('center_axis',(0.,-1.,0.));
#7337=DIRECTION('ref_axis',(2.12274642308332E-12,0.,1.));
#7338=DIRECTION('',(0.,-1.,0.));
#7339=DIRECTION('center_axis',(0.,1.,0.));
#7340=DIRECTION('ref_axis',(2.12274642308332E-12,0.,1.));
#7341=DIRECTION('center_axis',(0.,0.,1.));
#7342=DIRECTION('ref_axis',(-1.,0.,0.));
#7343=DIRECTION('',(0.,-1.,0.));
#7344=DIRECTION('',(-1.,0.,0.));
#7345=DIRECTION('center_axis',(0.,-1.,0.));
#7346=DIRECTION('ref_axis',(-0.647689071844546,0.,0.761904761904761));
#7347=DIRECTION('',(0.,-1.,0.));
#7348=DIRECTION('center_axis',(0.,1.,0.));
#7349=DIRECTION('ref_axis',(-0.647689071844546,0.,0.761904761904761));
#7350=DIRECTION('center_axis',(0.,-1.,0.));
#7351=DIRECTION('ref_axis',(-0.647689071844547,0.,0.76190476190476));
#7352=DIRECTION('',(0.,-1.,0.));
#7353=DIRECTION('center_axis',(0.,-1.,0.));
#7354=DIRECTION('ref_axis',(-0.647689071844547,0.,0.76190476190476));
#7355=DIRECTION('center_axis',(0.,-1.,0.));
#7356=DIRECTION('ref_axis',(2.12274642308328E-12,0.,1.));
#7357=DIRECTION('',(0.,-1.,0.));
#7358=DIRECTION('center_axis',(0.,1.,0.));
#7359=DIRECTION('ref_axis',(2.12274642308328E-12,0.,1.));
#7360=DIRECTION('center_axis',(0.,0.,1.));
#7361=DIRECTION('ref_axis',(-1.,0.,0.));
#7362=DIRECTION('',(0.,-1.,0.));
#7363=DIRECTION('',(-1.,0.,0.));
#7364=DIRECTION('center_axis',(0.,-1.,0.));
#7365=DIRECTION('ref_axis',(-0.647689071844547,0.,0.76190476190476));
#7366=DIRECTION('',(0.,-1.,0.));
#7367=DIRECTION('center_axis',(0.,1.,0.));
#7368=DIRECTION('ref_axis',(-0.647689071844547,0.,0.76190476190476));
#7369=DIRECTION('center_axis',(0.,-1.,0.));
#7370=DIRECTION('ref_axis',(-0.647689071844547,0.,0.76190476190476));
#7371=DIRECTION('',(0.,-1.,0.));
#7372=DIRECTION('center_axis',(0.,-1.,0.));
#7373=DIRECTION('ref_axis',(-0.647689071844547,0.,0.76190476190476));
#7374=DIRECTION('center_axis',(0.,-1.,0.));
#7375=DIRECTION('ref_axis',(2.11978582835095E-12,0.,1.));
#7376=DIRECTION('',(0.,-1.,0.));
#7377=DIRECTION('center_axis',(0.,1.,0.));
#7378=DIRECTION('ref_axis',(2.11978582835095E-12,0.,1.));
#7379=DIRECTION('center_axis',(0.,0.,1.));
#7380=DIRECTION('ref_axis',(-1.,0.,0.));
#7381=DIRECTION('',(0.,-1.,0.));
#7382=DIRECTION('',(-1.,0.,0.));
#7383=DIRECTION('center_axis',(0.,-1.,0.));
#7384=DIRECTION('ref_axis',(-0.647689071844547,0.,0.76190476190476));
#7385=DIRECTION('',(0.,-1.,0.));
#7386=DIRECTION('center_axis',(0.,1.,0.));
#7387=DIRECTION('ref_axis',(-0.647689071844547,0.,0.76190476190476));
#7388=DIRECTION('center_axis',(0.,-1.,0.));
#7389=DIRECTION('ref_axis',(-0.647689071844547,0.,0.76190476190476));
#7390=DIRECTION('',(0.,-1.,0.));
#7391=DIRECTION('center_axis',(0.,-1.,0.));
#7392=DIRECTION('ref_axis',(-0.647689071844547,0.,0.76190476190476));
#7393=DIRECTION('center_axis',(0.,-1.,0.));
#7394=DIRECTION('ref_axis',(2.11978582835095E-12,0.,1.));
#7395=DIRECTION('',(0.,-1.,0.));
#7396=DIRECTION('center_axis',(0.,1.,0.));
#7397=DIRECTION('ref_axis',(2.11978582835095E-12,0.,1.));
#7398=DIRECTION('center_axis',(2.67529545158644E-16,0.,1.));
#7399=DIRECTION('ref_axis',(-1.,0.,2.67529545158644E-16));
#7400=DIRECTION('',(0.,-1.,0.));
#7401=DIRECTION('',(-1.,0.,2.67529545158644E-16));
#7402=DIRECTION('center_axis',(0.,-1.,0.));
#7403=DIRECTION('ref_axis',(-1.,0.,-2.53765262771467E-15));
#7404=DIRECTION('',(0.,-1.,0.));
#7405=DIRECTION('center_axis',(0.,1.,0.));
#7406=DIRECTION('ref_axis',(-1.,0.,-2.53765262771467E-15));
#7407=DIRECTION('center_axis',(-1.,0.,1.97372982155583E-16));
#7408=DIRECTION('ref_axis',(-1.97372982155583E-16,0.,-1.));
#7409=DIRECTION('',(0.,-1.,0.));
#7410=DIRECTION('',(-1.97372982155583E-16,0.,-1.));
#7411=DIRECTION('center_axis',(0.,-1.,0.));
#7412=DIRECTION('ref_axis',(0.,0.,-1.));
#7413=DIRECTION('',(0.,-1.,0.));
#7414=DIRECTION('center_axis',(0.,1.,0.));
#7415=DIRECTION('ref_axis',(0.,0.,-1.));
#7416=DIRECTION('center_axis',(-1.07011818063458E-15,0.,-1.));
#7417=DIRECTION('ref_axis',(1.,0.,-1.07011818063458E-15));
#7418=DIRECTION('',(0.,-1.,0.));
#7419=DIRECTION('',(1.,0.,-1.07011818063458E-15));
#7420=DIRECTION('center_axis',(0.,-1.,0.));
#7421=DIRECTION('ref_axis',(0.647689071844544,0.,-0.761904761904763));
#7422=DIRECTION('',(0.,-1.,0.));
#7423=DIRECTION('center_axis',(0.,1.,0.));
#7424=DIRECTION('ref_axis',(0.647689071844544,0.,-0.761904761904763));
#7425=DIRECTION('center_axis',(0.,-1.,0.));
#7426=DIRECTION('ref_axis',(0.647689071844544,0.,-0.761904761904762));
#7427=DIRECTION('',(0.,-1.,0.));
#7428=DIRECTION('center_axis',(0.,-1.,0.));
#7429=DIRECTION('ref_axis',(0.647689071844544,0.,-0.761904761904762));
#7430=DIRECTION('center_axis',(0.,-1.,0.));
#7431=DIRECTION('ref_axis',(-2.11978582835095E-12,0.,-1.));
#7432=DIRECTION('',(0.,-1.,0.));
#7433=DIRECTION('center_axis',(0.,1.,0.));
#7434=DIRECTION('ref_axis',(-2.11978582835095E-12,0.,-1.));
#7435=DIRECTION('center_axis',(0.,0.,-1.));
#7436=DIRECTION('ref_axis',(1.,0.,0.));
#7437=DIRECTION('',(0.,-1.,0.));
#7438=DIRECTION('',(1.,0.,0.));
#7439=DIRECTION('center_axis',(0.,-1.,0.));
#7440=DIRECTION('ref_axis',(0.647689071844547,0.,-0.76190476190476));
#7441=DIRECTION('',(0.,-1.,0.));
#7442=DIRECTION('center_axis',(0.,1.,0.));
#7443=DIRECTION('ref_axis',(0.647689071844547,0.,-0.76190476190476));
#7444=DIRECTION('center_axis',(0.,-1.,0.));
#7445=DIRECTION('ref_axis',(0.647689071844545,0.,-0.761904761904762));
#7446=DIRECTION('',(0.,-1.,0.));
#7447=DIRECTION('center_axis',(0.,-1.,0.));
#7448=DIRECTION('ref_axis',(0.647689071844545,0.,-0.761904761904762));
#7449=DIRECTION('center_axis',(0.,-1.,0.));
#7450=DIRECTION('ref_axis',(-2.11978582835095E-12,0.,-1.));
#7451=DIRECTION('',(0.,-1.,0.));
#7452=DIRECTION('center_axis',(0.,1.,0.));
#7453=DIRECTION('ref_axis',(-2.11978582835095E-12,0.,-1.));
#7454=DIRECTION('center_axis',(0.,0.,-1.));
#7455=DIRECTION('ref_axis',(1.,0.,0.));
#7456=DIRECTION('',(1.,0.,0.));
#7457=DIRECTION('center_axis',(1.43019499377349E-13,0.,1.));
#7458=DIRECTION('ref_axis',(-1.,0.,1.43019499377349E-13));
#7459=DIRECTION('',(0.,1.,0.));
#7460=DIRECTION('center_axis',(0.,0.,-1.));
#7461=DIRECTION('ref_axis',(1.,0.,0.));
#7462=DIRECTION('',(0.,1.,0.));
#7463=DIRECTION('',(-1.,0.,0.));
#7464=DIRECTION('center_axis',(0.,1.,0.));
#7465=DIRECTION('ref_axis',(-1.,0.,3.21624529935327E-16));
#7466=DIRECTION('',(0.,1.,0.));
#7467=DIRECTION('center_axis',(0.,1.,0.));
#7468=DIRECTION('ref_axis',(1.,0.,0.));
#7469=DIRECTION('center_axis',(0.,0.,1.));
#7470=DIRECTION('ref_axis',(-1.,0.,0.));
#7471=DIRECTION('',(1.,0.,0.));
#7472=DIRECTION('center_axis',(5.59613134562433E-12,0.,-1.));
#7473=DIRECTION('ref_axis',(1.,0.,5.59613134562433E-12));
#7474=DIRECTION('',(0.,-1.,0.));
#7475=DIRECTION('',(1.,0.,5.59613134562433E-12));
#7476=DIRECTION('',(-1.,0.,-5.59613134562433E-12));
#7477=DIRECTION('center_axis',(0.,-1.,0.));
#7478=DIRECTION('ref_axis',(-0.64768907184437,0.,0.761904761904911));
#7479=DIRECTION('',(0.,-1.,0.));
#7480=DIRECTION('center_axis',(0.,0.,1.));
#7481=DIRECTION('ref_axis',(-1.,0.,0.));
#7482=DIRECTION('center_axis',(1.,0.,0.));
#7483=DIRECTION('ref_axis',(0.,0.707106781186547,0.707106781186548));
#7484=DIRECTION('center_axis',(-1.,0.,-2.86509167645202E-16));
#7485=DIRECTION('ref_axis',(0.,0.707106781186547,0.707106781186548));
#7486=DIRECTION('',(1.,0.,0.));
#7487=DIRECTION('',(-1.,0.,0.));
#7488=DIRECTION('center_axis',(0.,-1.,0.));
#7489=DIRECTION('ref_axis',(1.,0.,0.));
#7490=DIRECTION('',(0.,0.,1.));
#7491=DIRECTION('',(-1.,0.,0.));
#7492=DIRECTION('center_axis',(-1.,0.,0.));
#7493=DIRECTION('ref_axis',(0.,0.707106781186547,-0.707106781186548));
#7494=DIRECTION('center_axis',(-1.,0.,-2.86509167645202E-16));
#7495=DIRECTION('ref_axis',(0.,0.707106781186547,-0.707106781186548));
#7496=DIRECTION('',(1.,0.,0.));
#7497=DIRECTION('center_axis',(1.,0.,0.));
#7498=DIRECTION('ref_axis',(0.,0.707106781186547,0.707106781186548));
#7499=DIRECTION('center_axis',(-1.,0.,-2.86509167645202E-16));
#7500=DIRECTION('ref_axis',(0.,0.707106781186547,0.707106781186548));
#7501=DIRECTION('',(1.,0.,0.));
#7502=DIRECTION('',(-1.,0.,0.));
#7503=DIRECTION('center_axis',(0.,-1.,0.));
#7504=DIRECTION('ref_axis',(-1.,0.,0.));
#7505=DIRECTION('',(0.,0.,-1.));
#7506=DIRECTION('',(-1.,0.,0.));
#7507=DIRECTION('center_axis',(-1.,0.,0.));
#7508=DIRECTION('ref_axis',(0.,0.707106781186547,-0.707106781186548));
#7509=DIRECTION('center_axis',(-1.,0.,-2.86509167645202E-16));
#7510=DIRECTION('ref_axis',(0.,0.707106781186547,-0.707106781186548));
#7511=DIRECTION('',(1.,0.,0.));
#7512=DIRECTION('center_axis',(0.,0.,-1.));
#7513=DIRECTION('ref_axis',(-1.,0.,0.));
#7514=DIRECTION('',(0.,1.,0.));
#7515=DIRECTION('',(-1.,0.,0.));
#7516=DIRECTION('',(1.,0.,0.));
#7517=DIRECTION('',(0.,-1.,0.));
#7518=DIRECTION('center_axis',(0.,0.,1.));
#7519=DIRECTION('ref_axis',(1.,0.,0.));
#7520=DIRECTION('',(0.,1.,0.));
#7521=DIRECTION('',(-1.,0.,0.));
#7522=DIRECTION('',(1.,0.,0.));
#7523=DIRECTION('',(0.,-1.,0.));
#7524=DIRECTION('center_axis',(0.,0.,-1.));
#7525=DIRECTION('ref_axis',(-1.,0.,0.));
#7526=DIRECTION('',(0.,1.,0.));
#7527=DIRECTION('',(1.,0.,0.));
#7528=DIRECTION('',(0.,-1.,0.));
#7529=DIRECTION('center_axis',(1.,0.,0.));
#7530=DIRECTION('ref_axis',(0.,-1.,0.));
#7531=DIRECTION('',(0.,0.,-1.));
#7532=DIRECTION('',(0.,-1.,0.));
#7533=DIRECTION('',(0.,0.,-1.));
#7534=DIRECTION('center_axis',(0.,-1.,0.));
#7535=DIRECTION('ref_axis',(-1.,0.,0.));
#7536=DIRECTION('',(0.,0.,-1.));
#7537=DIRECTION('',(-1.,0.,0.));
#7538=DIRECTION('center_axis',(-1.64477485129653E-16,1.,0.));
#7539=DIRECTION('ref_axis',(1.,1.64477485129653E-16,0.));
#7540=DIRECTION('',(1.,1.64477485129653E-16,0.));
#7541=DIRECTION('',(0.,0.,-1.));
#7542=DIRECTION('center_axis',(-1.,0.,0.));
#7543=DIRECTION('ref_axis',(0.,1.,0.));
#7544=DIRECTION('',(0.,1.,0.));
#7545=DIRECTION('center_axis',(0.,-1.,0.));
#7546=DIRECTION('ref_axis',(0.707106781186546,0.,0.707106781186549));
#7547=DIRECTION('center_axis',(0.,1.,0.));
#7548=DIRECTION('ref_axis',(0.707106781186546,0.,0.707106781186549));
#7549=DIRECTION('',(0.,1.,0.));
#7550=DIRECTION('',(0.,1.,0.));
#7551=DIRECTION('center_axis',(0.,1.,0.));
#7552=DIRECTION('ref_axis',(0.,0.,1.));
#7553=DIRECTION('',(0.,0.,-1.));
#7554=DIRECTION('center_axis',(0.,1.,0.));
#7555=DIRECTION('ref_axis',(0.707106781186546,0.,-0.707106781186549));
#7556=DIRECTION('',(1.30614473485313E-16,0.,-1.));
#7557=DIRECTION('',(-1.,0.,0.));
#7558=DIRECTION('center_axis',(-1.,0.,0.));
#7559=DIRECTION('ref_axis',(0.,0.,1.));
#7560=DIRECTION('',(0.,1.,0.));
#7561=DIRECTION('center_axis',(0.,1.,0.));
#7562=DIRECTION('ref_axis',(0.707106781186546,0.,-0.707106781186549));
#7563=DIRECTION('center_axis',(0.,1.,0.));
#7564=DIRECTION('ref_axis',(0.707106781186546,0.,-0.707106781186549));
#7565=DIRECTION('center_axis',(0.,1.,0.));
#7566=DIRECTION('ref_axis',(0.707106781186546,0.,-0.707106781186549));
#7567=DIRECTION('',(0.,1.,0.));
#7568=DIRECTION('center_axis',(-1.,0.,0.));
#7569=DIRECTION('ref_axis',(0.,0.,1.));
#7570=DIRECTION('',(0.,0.,-1.));
#7571=DIRECTION('',(0.,1.,0.));
#7572=DIRECTION('center_axis',(0.,-1.,0.));
#7573=DIRECTION('ref_axis',(0.707106781186546,0.,0.707106781186549));
#7574=DIRECTION('center_axis',(0.,1.,0.));
#7575=DIRECTION('ref_axis',(0.707106781186546,0.,0.707106781186549));
#7576=DIRECTION('center_axis',(0.,1.,0.));
#7577=DIRECTION('ref_axis',(0.,0.,1.));
#7578=DIRECTION('',(1.30614473485313E-16,0.,-1.));
#7579=DIRECTION('center_axis',(0.,0.,1.));
#7580=DIRECTION('ref_axis',(1.,0.,0.));
#7581=DIRECTION('',(0.,-1.,0.));
#7582=DIRECTION('center_axis',(0.,-1.,0.));
#7583=DIRECTION('ref_axis',(0.,0.,-1.));
#7584=DIRECTION('center_axis',(0.,1.,0.));
#7585=DIRECTION('ref_axis',(1.,0.,0.));
#7586=DIRECTION('center_axis',(0.,-1.,0.));
#7587=DIRECTION('ref_axis',(0.,0.,-1.));
#7588=DIRECTION('center_axis',(0.,1.,0.));
#7589=DIRECTION('ref_axis',(1.,0.,0.));
#7590=DIRECTION('center_axis',(0.,-1.,0.));
#7591=DIRECTION('ref_axis',(-1.,0.,0.));
#7592=DIRECTION('center_axis',(0.,1.,0.));
#7593=DIRECTION('ref_axis',(-1.,0.,0.));
#7594=DIRECTION('',(0.,1.,0.));
#7595=DIRECTION('center_axis',(0.,-1.,0.));
#7596=DIRECTION('ref_axis',(1.,0.,0.));
#7597=DIRECTION('center_axis',(0.,-1.,0.));
#7598=DIRECTION('ref_axis',(1.,0.,0.));
#7599=DIRECTION('center_axis',(0.,-1.,0.));
#7600=DIRECTION('ref_axis',(1.,0.,0.));
#7601=DIRECTION('',(0.,1.,0.));
#7602=DIRECTION('center_axis',(0.,-1.,0.));
#7603=DIRECTION('ref_axis',(0.,0.,-1.));
#7604=DIRECTION('center_axis',(0.,-1.,0.));
#7605=DIRECTION('ref_axis',(-1.,0.,0.));
#7606=DIRECTION('center_axis',(0.,1.,0.));
#7607=DIRECTION('ref_axis',(-1.,0.,0.));
#7608=DIRECTION('',(0.,1.,0.));
#7609=DIRECTION('center_axis',(0.,-1.,0.));
#7610=DIRECTION('ref_axis',(1.,0.,0.));
#7611=DIRECTION('center_axis',(0.,-1.,0.));
#7612=DIRECTION('ref_axis',(1.,0.,0.));
#7613=DIRECTION('center_axis',(0.,-1.,0.));
#7614=DIRECTION('ref_axis',(1.,0.,0.));
#7615=DIRECTION('',(0.,1.,0.));
#7616=DIRECTION('center_axis',(0.,-1.,0.));
#7617=DIRECTION('ref_axis',(0.,0.,-1.));
#7618=DIRECTION('center_axis',(-1.,0.,0.));
#7619=DIRECTION('ref_axis',(0.,0.,-1.));
#7620=DIRECTION('center_axis',(-1.,0.,0.));
#7621=DIRECTION('ref_axis',(0.,0.,-1.));
#7622=DIRECTION('center_axis',(-1.,0.,0.));
#7623=DIRECTION('ref_axis',(0.,0.,-1.));
#7624=DIRECTION('',(-1.,0.,0.));
#7625=DIRECTION('center_axis',(-1.,0.,0.));
#7626=DIRECTION('ref_axis',(0.,0.,-1.));
#7627=DIRECTION('center_axis',(-1.,0.,0.));
#7628=DIRECTION('ref_axis',(0.,0.,-1.));
#7629=DIRECTION('center_axis',(-1.,0.,0.));
#7630=DIRECTION('ref_axis',(0.,0.,-1.));
#7631=DIRECTION('',(-1.,0.,0.));
#7632=DIRECTION('center_axis',(0.,1.,0.));
#7633=DIRECTION('ref_axis',(0.,0.,1.));
#7634=DIRECTION('center_axis',(0.,-1.,0.));
#7635=DIRECTION('ref_axis',(1.,0.,9.22782773714416E-16));
#7636=DIRECTION('center_axis',(0.,1.,0.));
#7637=DIRECTION('ref_axis',(0.,0.,1.));
#7638=DIRECTION('center_axis',(0.,-1.,0.));
#7639=DIRECTION('ref_axis',(1.,0.,9.22782773714416E-16));
#7640=DIRECTION('center_axis',(0.,1.,0.));
#7641=DIRECTION('ref_axis',(0.,0.,1.));
#7642=DIRECTION('center_axis',(0.,-1.,0.));
#7643=DIRECTION('ref_axis',(1.,0.,9.22782773714416E-16));
#7644=DIRECTION('center_axis',(0.,1.,0.));
#7645=DIRECTION('ref_axis',(0.,0.,1.));
#7646=DIRECTION('center_axis',(0.,-1.,0.));
#7647=DIRECTION('ref_axis',(1.,0.,9.22782773714416E-16));
#7648=DIRECTION('center_axis',(0.,1.,0.));
#7649=DIRECTION('ref_axis',(-1.,0.,-9.22782773714416E-16));
#7650=DIRECTION('center_axis',(0.,-1.,0.));
#7651=DIRECTION('ref_axis',(-1.,0.,-9.22782773714416E-16));
#7652=DIRECTION('',(0.,-1.,0.));
#7653=DIRECTION('center_axis',(0.,1.,0.));
#7654=DIRECTION('ref_axis',(1.,0.,9.22782773714416E-16));
#7655=DIRECTION('center_axis',(0.,1.,0.));
#7656=DIRECTION('ref_axis',(1.,0.,9.22782773714416E-16));
#7657=DIRECTION('center_axis',(0.,1.,0.));
#7658=DIRECTION('ref_axis',(1.,0.,9.22782773714416E-16));
#7659=DIRECTION('',(0.,-1.,0.));
#7660=DIRECTION('center_axis',(0.,1.,0.));
#7661=DIRECTION('ref_axis',(0.,0.,1.));
#7662=DIRECTION('center_axis',(0.,1.,0.));
#7663=DIRECTION('ref_axis',(-1.,0.,-9.22782773714416E-16));
#7664=DIRECTION('center_axis',(0.,-1.,0.));
#7665=DIRECTION('ref_axis',(-1.,0.,-9.22782773714416E-16));
#7666=DIRECTION('',(0.,-1.,0.));
#7667=DIRECTION('center_axis',(0.,1.,0.));
#7668=DIRECTION('ref_axis',(1.,0.,9.22782773714416E-16));
#7669=DIRECTION('center_axis',(0.,1.,0.));
#7670=DIRECTION('ref_axis',(1.,0.,9.22782773714416E-16));
#7671=DIRECTION('center_axis',(0.,1.,0.));
#7672=DIRECTION('ref_axis',(1.,0.,9.22782773714416E-16));
#7673=DIRECTION('',(0.,-1.,0.));
#7674=DIRECTION('center_axis',(0.,1.,0.));
#7675=DIRECTION('ref_axis',(0.,0.,1.));
#7676=DIRECTION('center_axis',(0.,1.,0.));
#7677=DIRECTION('ref_axis',(-1.,0.,-9.22782773714416E-16));
#7678=DIRECTION('center_axis',(0.,-1.,0.));
#7679=DIRECTION('ref_axis',(-1.,0.,-9.22782773714416E-16));
#7680=DIRECTION('',(0.,-1.,0.));
#7681=DIRECTION('center_axis',(0.,1.,0.));
#7682=DIRECTION('ref_axis',(1.,0.,9.22782773714416E-16));
#7683=DIRECTION('center_axis',(0.,1.,0.));
#7684=DIRECTION('ref_axis',(1.,0.,9.22782773714416E-16));
#7685=DIRECTION('center_axis',(0.,1.,0.));
#7686=DIRECTION('ref_axis',(1.,0.,9.22782773714416E-16));
#7687=DIRECTION('',(0.,-1.,0.));
#7688=DIRECTION('center_axis',(0.,1.,0.));
#7689=DIRECTION('ref_axis',(0.,0.,1.));
#7690=DIRECTION('center_axis',(0.,1.,0.));
#7691=DIRECTION('ref_axis',(-1.,0.,-9.22782773714416E-16));
#7692=DIRECTION('center_axis',(0.,-1.,0.));
#7693=DIRECTION('ref_axis',(-1.,0.,-9.22782773714416E-16));
#7694=DIRECTION('',(0.,-1.,0.));
#7695=DIRECTION('center_axis',(0.,1.,0.));
#7696=DIRECTION('ref_axis',(1.,0.,9.22782773714416E-16));
#7697=DIRECTION('center_axis',(0.,1.,0.));
#7698=DIRECTION('ref_axis',(1.,0.,9.22782773714416E-16));
#7699=DIRECTION('center_axis',(0.,1.,0.));
#7700=DIRECTION('ref_axis',(1.,0.,9.22782773714416E-16));
#7701=DIRECTION('',(0.,-1.,0.));
#7702=DIRECTION('center_axis',(0.,1.,0.));
#7703=DIRECTION('ref_axis',(0.,0.,1.));
#7704=DIRECTION('center_axis',(1.,0.,0.));
#7705=DIRECTION('ref_axis',(0.,0.,1.));
#7706=DIRECTION('center_axis',(1.,0.,3.94745964311167E-16));
#7707=DIRECTION('ref_axis',(0.,0.,1.));
#7708=DIRECTION('center_axis',(1.,0.,3.94745964311167E-16));
#7709=DIRECTION('ref_axis',(0.,0.,1.));
#7710=DIRECTION('',(1.,0.,0.));
#7711=DIRECTION('center_axis',(0.,-1.,0.));
#7712=DIRECTION('ref_axis',(-1.,0.,0.));
#7713=DIRECTION('center_axis',(0.,1.,0.));
#7714=DIRECTION('ref_axis',(-1.,0.,0.));
#7715=DIRECTION('',(0.707106781186547,-0.707106781186547,-8.65956056235493E-17));
#7716=DIRECTION('center_axis',(0.,1.,0.));
#7717=DIRECTION('ref_axis',(1.,0.,0.));
#7718=DIRECTION('center_axis',(0.,1.,0.));
#7719=DIRECTION('ref_axis',(1.,0.,0.));
#7720=DIRECTION('center_axis',(0.,-1.,0.));
#7721=DIRECTION('ref_axis',(-1.,0.,0.));
#7722=DIRECTION('',(0.,1.,0.));
#7723=DIRECTION('center_axis',(0.,-1.,0.));
#7724=DIRECTION('ref_axis',(-1.,0.,0.));
#7725=DIRECTION('center_axis',(0.,1.,0.));
#7726=DIRECTION('ref_axis',(-1.,0.,0.));
#7727=DIRECTION('',(0.707106781186547,-0.707106781186547,-8.65956056235493E-17));
#7728=DIRECTION('center_axis',(0.,1.,0.));
#7729=DIRECTION('ref_axis',(1.,0.,0.));
#7730=DIRECTION('center_axis',(0.,1.,0.));
#7731=DIRECTION('ref_axis',(1.,0.,0.));
#7732=DIRECTION('center_axis',(0.,-1.,0.));
#7733=DIRECTION('ref_axis',(-1.,0.,0.));
#7734=DIRECTION('',(0.,1.,0.));
#7735=DIRECTION('center_axis',(0.,-1.,0.));
#7736=DIRECTION('ref_axis',(-1.,0.,0.));
#7737=DIRECTION('center_axis',(0.,1.,0.));
#7738=DIRECTION('ref_axis',(-1.,0.,0.));
#7739=DIRECTION('',(0.707106781186547,-0.707106781186547,-8.65956056235493E-17));
#7740=DIRECTION('center_axis',(0.,1.,0.));
#7741=DIRECTION('ref_axis',(1.,0.,0.));
#7742=DIRECTION('center_axis',(0.,1.,0.));
#7743=DIRECTION('ref_axis',(1.,0.,0.));
#7744=DIRECTION('center_axis',(0.,-1.,0.));
#7745=DIRECTION('ref_axis',(-1.,0.,0.));
#7746=DIRECTION('',(0.,1.,0.));
#7747=DIRECTION('center_axis',(0.,-1.,0.));
#7748=DIRECTION('ref_axis',(-1.,0.,0.));
#7749=DIRECTION('center_axis',(0.,1.,0.));
#7750=DIRECTION('ref_axis',(-1.,0.,0.));
#7751=DIRECTION('',(0.707106781186547,-0.707106781186547,-8.65956056235493E-17));
#7752=DIRECTION('center_axis',(0.,1.,0.));
#7753=DIRECTION('ref_axis',(1.,0.,0.));
#7754=DIRECTION('center_axis',(0.,1.,0.));
#7755=DIRECTION('ref_axis',(1.,0.,0.));
#7756=DIRECTION('center_axis',(0.,-1.,0.));
#7757=DIRECTION('ref_axis',(-1.,0.,0.));
#7758=DIRECTION('',(0.,1.,0.));
#7759=DIRECTION('center_axis',(0.,1.,0.));
#7760=DIRECTION('ref_axis',(1.,0.,0.));
#7761=DIRECTION('',(0.,1.,0.));
#7762=DIRECTION('center_axis',(0.,1.,0.));
#7763=DIRECTION('ref_axis',(1.,0.,0.));
#7764=DIRECTION('',(0.,1.,0.));
#7765=DIRECTION('center_axis',(0.,1.,0.));
#7766=DIRECTION('ref_axis',(1.,0.,0.));
#7767=DIRECTION('',(0.,1.,0.));
#7768=DIRECTION('center_axis',(0.,1.,0.));
#7769=DIRECTION('ref_axis',(1.,0.,0.));
#7770=DIRECTION('',(0.,1.,0.));
#7771=DIRECTION('center_axis',(0.,1.,0.));
#7772=DIRECTION('ref_axis',(0.,0.,1.));
#7773=DIRECTION('center_axis',(-6.19235441896487E-16,0.,1.));
#7774=DIRECTION('ref_axis',(1.,0.,6.19235441896487E-16));
#7775=DIRECTION('',(0.,1.,0.));
#7776=DIRECTION('',(0.,1.,0.));
#7777=DIRECTION('center_axis',(0.,1.,0.));
#7778=DIRECTION('ref_axis',(-8.07434927000114E-16,0.,1.));
#7779=DIRECTION('',(0.,1.,0.));
#7780=DIRECTION('center_axis',(6.19235441896487E-16,0.,-1.));
#7781=DIRECTION('ref_axis',(-1.,0.,-6.19235441896487E-16));
#7782=DIRECTION('',(0.,1.,0.));
#7783=DIRECTION('center_axis',(-0.707106781186548,0.,-0.707106781186548));
#7784=DIRECTION('ref_axis',(-0.707106781186548,0.,0.707106781186548));
#7785=DIRECTION('',(0.,-1.,0.));
#7786=DIRECTION('center_axis',(-0.707106781186547,0.,0.707106781186548));
#7787=DIRECTION('ref_axis',(0.707106781186548,0.,0.707106781186547));
#7788=DIRECTION('',(0.,1.,0.));
#7789=DIRECTION('center_axis',(-1.,0.,-3.91843420455938E-16));
#7790=DIRECTION('ref_axis',(-3.91843420455938E-16,0.,1.));
#7791=DIRECTION('center_axis',(-1.,0.,-3.91843420455938E-16));
#7792=DIRECTION('ref_axis',(-3.91843420455938E-16,0.,1.));
#7793=DIRECTION('center_axis',(1.,0.,1.30614473485313E-16));
#7794=DIRECTION('ref_axis',(1.30614473485313E-16,0.,-1.));
#7795=DIRECTION('',(1.30614473485313E-16,0.,-1.));
#7796=DIRECTION('',(0.,1.,0.));
#7797=DIRECTION('',(0.,-1.,0.));
#7798=DIRECTION('center_axis',(0.,-1.,0.));
#7799=DIRECTION('ref_axis',(0.,0.,-1.));
#7800=DIRECTION('',(2.86509167645202E-16,0.,-1.));
#7801=DIRECTION('center_axis',(-1.,0.,-2.86509167645202E-16));
#7802=DIRECTION('ref_axis',(2.86509167645202E-16,0.,-1.));
#7803=DIRECTION('',(0.,-1.,0.));
#7804=DIRECTION('',(0.,-1.,0.));
#7805=DIRECTION('center_axis',(0.,-1.,0.));
#7806=DIRECTION('ref_axis',(0.,0.,1.));
#7807=DIRECTION('center_axis',(0.,-1.,0.));
#7808=DIRECTION('ref_axis',(-1.,0.,0.));
#7809=DIRECTION('center_axis',(0.,1.,0.));
#7810=DIRECTION('ref_axis',(0.707106781186548,0.,-0.707106781186548));
#7811=DIRECTION('center_axis',(0.,1.,0.));
#7812=DIRECTION('ref_axis',(0.707106781186547,0.,0.707106781186548));
#7813=DIRECTION('center_axis',(0.,-1.,0.));
#7814=DIRECTION('ref_axis',(1.,0.,0.));
#7815=DIRECTION('',(0.,-1.,0.));
#7816=DIRECTION('',(0.,-1.,0.));
#7817=DIRECTION('center_axis',(-1.77635683940025E-15,0.,-1.));
#7818=DIRECTION('ref_axis',(1.,0.,-1.77635683940025E-15));
#7819=DIRECTION('center_axis',(1.,0.,7.10542735760093E-15));
#7820=DIRECTION('ref_axis',(-7.10542735760093E-15,0.,1.));
#7821=DIRECTION('center_axis',(1.,0.,0.));
#7822=DIRECTION('ref_axis',(0.,0.,1.));
#7823=DIRECTION('',(0.,-1.,0.));
#7824=DIRECTION('center_axis',(0.,-1.,0.));
#7825=DIRECTION('ref_axis',(1.,0.,0.));
#7826=DIRECTION('',(0.,-1.,0.));
#7827=DIRECTION('center_axis',(0.,0.,1.));
#7828=DIRECTION('ref_axis',(-1.,0.,0.));
#7829=DIRECTION('center_axis',(0.,1.,0.));
#7830=DIRECTION('ref_axis',(0.,0.,1.));
#7831=DIRECTION('center_axis',(1.,0.,0.));
#7832=DIRECTION('ref_axis',(0.,0.,1.));
#7833=DIRECTION('center_axis',(-0.761904761904761,0.,0.647689071844546));
#7834=DIRECTION('ref_axis',(0.,-1.,0.));
#7835=DIRECTION('center_axis',(0.,-1.,0.));
#7836=DIRECTION('ref_axis',(0.345032779671177,0.,0.938590635448906));
#7837=DIRECTION('center_axis',(0.,1.,0.));
#7838=DIRECTION('ref_axis',(9.34924652315921E-17,0.,-1.));
#7839=DIRECTION('center_axis',(-0.76190476190476,0.,-0.647689071844547));
#7840=DIRECTION('ref_axis',(0.,-1.,0.));
#7841=DIRECTION('center_axis',(0.,1.,0.));
#7842=DIRECTION('ref_axis',(7.40148683083438E-17,0.,-1.));
#7843=DIRECTION('center_axis',(0.,1.,0.));
#7844=DIRECTION('ref_axis',(0.,0.,1.));
#7845=DIRECTION('center_axis',(-1.,0.,0.));
#7846=DIRECTION('ref_axis',(0.,-1.,0.));
#7847=DIRECTION('center_axis',(0.,-1.,0.));
#7848=DIRECTION('ref_axis',(-0.345032779671178,0.,0.938590635448906));
#7849=DIRECTION('center_axis',(1.,0.,0.));
#7850=DIRECTION('ref_axis',(0.,-0.707106781186549,0.707106781186546));
#7851=DIRECTION('center_axis',(-1.,0.,2.22044604925032E-15));
#7852=DIRECTION('ref_axis',(0.,-1.,0.));
#7853=DIRECTION('',(-1.,0.,0.));
#7854=DIRECTION('center_axis',(0.,1.,0.));
#7855=DIRECTION('ref_axis',(0.,0.,1.));
#7856=DIRECTION('center_axis',(-0.76190476190476,0.,0.647689071844547));
#7857=DIRECTION('ref_axis',(0.,-1.,0.));
#7858=DIRECTION('center_axis',(0.,-1.,0.));
#7859=DIRECTION('ref_axis',(0.345032779671177,0.,0.938590635448906));
#7860=DIRECTION('center_axis',(0.,1.,0.));
#7861=DIRECTION('ref_axis',(0.,0.,-1.));
#7862=DIRECTION('center_axis',(-0.76190476190476,0.,-0.647689071844547));
#7863=DIRECTION('ref_axis',(0.,-1.,0.));
#7864=DIRECTION('center_axis',(0.,1.,0.));
#7865=DIRECTION('ref_axis',(0.,0.,-1.));
#7866=DIRECTION('center_axis',(0.,1.,0.));
#7867=DIRECTION('ref_axis',(0.,0.,1.));
#7868=DIRECTION('center_axis',(-1.,0.,0.));
#7869=DIRECTION('ref_axis',(0.,-1.,0.));
#7870=DIRECTION('center_axis',(0.,-1.,0.));
#7871=DIRECTION('ref_axis',(-0.345032779671177,0.,0.938590635448906));
#7872=DIRECTION('center_axis',(1.,0.,0.));
#7873=DIRECTION('ref_axis',(0.,-0.707106781186549,0.707106781186546));
#7874=DIRECTION('center_axis',(-1.,0.,0.));
#7875=DIRECTION('ref_axis',(0.,-1.,0.));
#7876=DIRECTION('',(-1.,0.,0.));
#7877=DIRECTION('center_axis',(0.,1.,0.));
#7878=DIRECTION('ref_axis',(0.,0.,1.));
#7879=DIRECTION('center_axis',(-0.76190476190476,0.,0.647689071844547));
#7880=DIRECTION('ref_axis',(0.,-1.,0.));
#7881=DIRECTION('center_axis',(0.,-1.,0.));
#7882=DIRECTION('ref_axis',(0.345032779671176,0.,0.938590635448906));
#7883=DIRECTION('center_axis',(0.,1.,0.));
#7884=DIRECTION('ref_axis',(0.,0.,-1.));
#7885=DIRECTION('center_axis',(-0.761904761904762,0.,-0.647689071844544));
#7886=DIRECTION('ref_axis',(0.,-1.,0.));
#7887=DIRECTION('center_axis',(0.,1.,0.));
#7888=DIRECTION('ref_axis',(0.,0.,-1.));
#7889=DIRECTION('center_axis',(0.,1.,0.));
#7890=DIRECTION('ref_axis',(0.,0.,1.));
#7891=DIRECTION('center_axis',(-1.,0.,0.));
#7892=DIRECTION('ref_axis',(0.,-1.,0.));
#7893=DIRECTION('center_axis',(0.,-1.,0.));
#7894=DIRECTION('ref_axis',(-0.345032779671177,0.,0.938590635448906));
#7895=DIRECTION('center_axis',(1.,0.,0.));
#7896=DIRECTION('ref_axis',(0.,-0.707106781186549,0.707106781186546));
#7897=DIRECTION('center_axis',(-1.,0.,0.));
#7898=DIRECTION('ref_axis',(0.,-1.,0.));
#7899=DIRECTION('',(-1.,0.,0.));
#7900=DIRECTION('center_axis',(0.,1.,0.));
#7901=DIRECTION('ref_axis',(0.,0.,1.));
#7902=DIRECTION('center_axis',(-0.76190476190476,0.,0.647689071844547));
#7903=DIRECTION('ref_axis',(0.,-1.,0.));
#7904=DIRECTION('center_axis',(0.,-1.,0.));
#7905=DIRECTION('ref_axis',(0.345032779671177,0.,0.938590635448906));
#7906=DIRECTION('center_axis',(0.,1.,0.));
#7907=DIRECTION('ref_axis',(-7.47939721852737E-16,0.,-1.));
#7908=DIRECTION('center_axis',(-0.761904761904768,0.,-0.647689071844537));
#7909=DIRECTION('ref_axis',(0.,-1.,0.));
#7910=DIRECTION('center_axis',(0.,1.,0.));
#7911=DIRECTION('ref_axis',(-1.1842378929335E-15,0.,-1.));
#7912=DIRECTION('center_axis',(0.,1.,0.));
#7913=DIRECTION('ref_axis',(0.,0.,1.));
#7914=DIRECTION('center_axis',(-1.,0.,0.));
#7915=DIRECTION('ref_axis',(0.,-1.,0.));
#7916=DIRECTION('center_axis',(0.,-1.,0.));
#7917=DIRECTION('ref_axis',(-0.345032779671177,0.,0.938590635448906));
#7918=DIRECTION('center_axis',(1.,0.,0.));
#7919=DIRECTION('ref_axis',(0.,-0.707106781186549,0.707106781186546));
#7920=DIRECTION('center_axis',(-1.,0.,0.));
#7921=DIRECTION('ref_axis',(0.,-1.,0.));
#7922=DIRECTION('',(-1.,0.,0.));
#7923=DIRECTION('center_axis',(0.,1.,0.));
#7924=DIRECTION('ref_axis',(0.,0.,1.));
#7925=DIRECTION('center_axis',(0.,0.,1.));
#7926=DIRECTION('ref_axis',(0.,-1.,0.));
#7927=DIRECTION('center_axis',(0.,-1.,0.));
#7928=DIRECTION('ref_axis',(0.707106781186548,0.,0.707106781186547));
#7929=DIRECTION('center_axis',(0.,0.,-1.));
#7930=DIRECTION('ref_axis',(0.70710678118654,-0.707106781186555,0.));
#7931=DIRECTION('center_axis',(0.,0.,1.));
#7932=DIRECTION('ref_axis',(0.,-1.,0.));
#7933=DIRECTION('',(0.,0.,1.));
#7934=DIRECTION('center_axis',(0.,1.,0.));
#7935=DIRECTION('ref_axis',(0.,0.,1.));
#7936=DIRECTION('center_axis',(1.,0.,0.));
#7937=DIRECTION('ref_axis',(0.,-1.,0.));
#7938=DIRECTION('center_axis',(0.,-1.,0.));
#7939=DIRECTION('ref_axis',(0.707106781186547,0.,-0.707106781186548));
#7940=DIRECTION('center_axis',(-1.,0.,1.48029736616688E-16));
#7941=DIRECTION('ref_axis',(0.,-0.707106781186555,-0.70710678118654));
#7942=DIRECTION('center_axis',(1.,0.,0.));
#7943=DIRECTION('ref_axis',(0.,-1.,0.));
#7944=DIRECTION('',(1.,0.,-1.48029736616688E-16));
#7945=DIRECTION('center_axis',(0.,1.,0.));
#7946=DIRECTION('ref_axis',(0.,0.,1.));
#7947=DIRECTION('center_axis',(0.761904761904757,0.,-0.647689071844551));
#7948=DIRECTION('ref_axis',(0.,-1.,0.));
#7949=DIRECTION('center_axis',(0.,-1.,0.));
#7950=DIRECTION('ref_axis',(-0.345032779671177,0.,-0.938590635448906));
#7951=DIRECTION('center_axis',(0.,1.,0.));
#7952=DIRECTION('ref_axis',(0.,0.,1.));
#7953=DIRECTION('center_axis',(0.76190476190476,0.,0.647689071844547));
#7954=DIRECTION('ref_axis',(0.,-1.,0.));
#7955=DIRECTION('center_axis',(0.,1.,0.));
#7956=DIRECTION('ref_axis',(0.,0.,1.));
#7957=DIRECTION('center_axis',(0.,1.,0.));
#7958=DIRECTION('ref_axis',(0.,0.,1.));
#7959=DIRECTION('center_axis',(1.,0.,0.));
#7960=DIRECTION('ref_axis',(0.,-1.,0.));
#7961=DIRECTION('center_axis',(0.,-1.,0.));
#7962=DIRECTION('ref_axis',(0.345032779671177,0.,-0.938590635448906));
#7963=DIRECTION('center_axis',(-1.,0.,1.48029736616688E-16));
#7964=DIRECTION('ref_axis',(0.,-0.707106781186555,-0.70710678118654));
#7965=DIRECTION('center_axis',(1.,0.,0.));
#7966=DIRECTION('ref_axis',(0.,-1.,0.));
#7967=DIRECTION('',(1.,0.,-1.48029736616688E-16));
#7968=DIRECTION('center_axis',(0.,1.,0.));
#7969=DIRECTION('ref_axis',(0.,0.,1.));
#7970=DIRECTION('center_axis',(0.761904761904757,0.,-0.647689071844551));
#7971=DIRECTION('ref_axis',(0.,-1.,0.));
#7972=DIRECTION('center_axis',(0.,-1.,0.));
#7973=DIRECTION('ref_axis',(-0.345032779671177,0.,-0.938590635448906));
#7974=DIRECTION('center_axis',(0.,1.,0.));
#7975=DIRECTION('ref_axis',(0.,0.,1.));
#7976=DIRECTION('center_axis',(0.76190476190476,0.,0.647689071844547));
#7977=DIRECTION('ref_axis',(0.,-1.,0.));
#7978=DIRECTION('center_axis',(0.,1.,0.));
#7979=DIRECTION('ref_axis',(0.,0.,1.));
#7980=DIRECTION('center_axis',(0.,1.,0.));
#7981=DIRECTION('ref_axis',(0.,0.,1.));
#7982=DIRECTION('center_axis',(1.,0.,0.));
#7983=DIRECTION('ref_axis',(0.,-1.,0.));
#7984=DIRECTION('center_axis',(0.,-1.,0.));
#7985=DIRECTION('ref_axis',(0.345032779671178,0.,-0.938590635448905));
#7986=DIRECTION('center_axis',(-1.,0.,1.48029736616688E-16));
#7987=DIRECTION('ref_axis',(0.,-0.707106781186555,-0.70710678118654));
#7988=DIRECTION('center_axis',(1.,0.,0.));
#7989=DIRECTION('ref_axis',(0.,-1.,0.));
#7990=DIRECTION('',(1.,0.,-1.48029736616688E-16));
#7991=DIRECTION('center_axis',(0.,1.,0.));
#7992=DIRECTION('ref_axis',(0.,0.,1.));
#7993=DIRECTION('center_axis',(0.76190476190476,0.,-0.647689071844547));
#7994=DIRECTION('ref_axis',(0.,-1.,0.));
#7995=DIRECTION('center_axis',(0.,-1.,0.));
#7996=DIRECTION('ref_axis',(-0.345032779671178,0.,-0.938590635448905));
#7997=DIRECTION('center_axis',(0.,1.,0.));
#7998=DIRECTION('ref_axis',(0.,0.,1.));
#7999=DIRECTION('center_axis',(0.76190476190476,0.,0.647689071844547));
#8000=DIRECTION('ref_axis',(0.,-1.,0.));
#8001=DIRECTION('center_axis',(0.,1.,0.));
#8002=DIRECTION('ref_axis',(0.,0.,1.));
#8003=DIRECTION('center_axis',(0.,1.,0.));
#8004=DIRECTION('ref_axis',(0.,0.,1.));
#8005=DIRECTION('center_axis',(1.,0.,0.));
#8006=DIRECTION('ref_axis',(0.,-1.,0.));
#8007=DIRECTION('center_axis',(0.,-1.,0.));
#8008=DIRECTION('ref_axis',(0.345032779671179,0.,-0.938590635448905));
#8009=DIRECTION('center_axis',(-1.,0.,1.48029736616688E-16));
#8010=DIRECTION('ref_axis',(0.,-0.707106781186555,-0.70710678118654));
#8011=DIRECTION('center_axis',(1.,0.,0.));
#8012=DIRECTION('ref_axis',(0.,-1.,0.));
#8013=DIRECTION('',(1.,0.,-1.48029736616688E-16));
#8014=DIRECTION('center_axis',(0.,1.,0.));
#8015=DIRECTION('ref_axis',(0.,0.,1.));
#8016=DIRECTION('center_axis',(0.761904761904759,0.,-0.647689071844548));
#8017=DIRECTION('ref_axis',(0.,-1.,0.));
#8018=DIRECTION('center_axis',(0.,-1.,0.));
#8019=DIRECTION('ref_axis',(-0.34503277967118,0.,-0.938590635448905));
#8020=DIRECTION('center_axis',(0.,1.,0.));
#8021=DIRECTION('ref_axis',(0.,0.,1.));
#8022=DIRECTION('center_axis',(0.761904761904761,0.,0.647689071844547));
#8023=DIRECTION('ref_axis',(0.,-1.,0.));
#8024=DIRECTION('center_axis',(0.,1.,0.));
#8025=DIRECTION('ref_axis',(7.40148683083438E-17,0.,1.));
#8026=DIRECTION('center_axis',(0.,1.,0.));
#8027=DIRECTION('ref_axis',(0.,0.,1.));
#8028=DIRECTION('center_axis',(1.,0.,-2.77555756156293E-16));
#8029=DIRECTION('ref_axis',(0.,-1.,0.));
#8030=DIRECTION('center_axis',(0.,-1.,0.));
#8031=DIRECTION('ref_axis',(0.34503277967118,0.,-0.938590635448905));
#8032=DIRECTION('center_axis',(-1.,0.,1.48029736616688E-16));
#8033=DIRECTION('ref_axis',(0.,-0.707106781186555,-0.70710678118654));
#8034=DIRECTION('center_axis',(1.,0.,0.));
#8035=DIRECTION('ref_axis',(0.,-1.,0.));
#8036=DIRECTION('',(1.,0.,-1.48029736616688E-16));
#8037=DIRECTION('center_axis',(0.,1.,0.));
#8038=DIRECTION('ref_axis',(0.,0.,1.));
#8039=DIRECTION('center_axis',(0.,0.,-1.));
#8040=DIRECTION('ref_axis',(0.,-1.,0.));
#8041=DIRECTION('center_axis',(0.,-1.,0.));
#8042=DIRECTION('ref_axis',(-0.707106781186548,0.,-0.707106781186548));
#8043=DIRECTION('center_axis',(-3.94745964311167E-16,0.,1.));
#8044=DIRECTION('ref_axis',(-0.70710678118654,-0.707106781186555,0.));
#8045=DIRECTION('center_axis',(-8.88178419700144E-15,0.,-1.));
#8046=DIRECTION('ref_axis',(0.,-1.,0.));
#8047=DIRECTION('',(3.94745964311167E-16,0.,-1.));
#8048=DIRECTION('center_axis',(0.,1.,0.));
#8049=DIRECTION('ref_axis',(0.,0.,1.));
#8050=DIRECTION('center_axis',(-1.,0.,0.));
#8051=DIRECTION('ref_axis',(0.,-1.,0.));
#8052=DIRECTION('center_axis',(0.,-1.,0.));
#8053=DIRECTION('ref_axis',(-0.707106781186547,0.,0.707106781186548));
#8054=DIRECTION('center_axis',(1.,0.,0.));
#8055=DIRECTION('ref_axis',(0.,-0.707106781186549,0.707106781186546));
#8056=DIRECTION('',(-1.,0.,0.));
#8057=DIRECTION('center_axis',(0.,-1.,0.));
#8058=DIRECTION('ref_axis',(1.,0.,0.));
#8059=DIRECTION('',(0.,-1.,0.));
#8060=DIRECTION('center_axis',(0.,-1.,0.));
#8061=DIRECTION('ref_axis',(1.,0.,0.));
#8062=DIRECTION('',(0.,1.,0.));
#8063=DIRECTION('center_axis',(0.,-1.,0.));
#8064=DIRECTION('ref_axis',(0.345032779671178,0.,-0.938590635448906));
#8065=DIRECTION('',(0.,1.,0.));
#8066=DIRECTION('center_axis',(0.,-1.,0.));
#8067=DIRECTION('ref_axis',(0.345032779671178,0.,-0.938590635448906));
#8068=DIRECTION('center_axis',(-1.48029736616688E-16,0.,-1.));
#8069=DIRECTION('ref_axis',(-1.,0.,1.48029736616688E-16));
#8070=DIRECTION('',(0.,-1.,0.));
#8071=DIRECTION('',(-1.,0.,1.48029736616688E-16));
#8072=DIRECTION('center_axis',(0.,1.,0.));
#8073=DIRECTION('ref_axis',(-0.345032779671178,0.,-0.938590635448906));
#8074=DIRECTION('',(0.,1.,0.));
#8075=DIRECTION('center_axis',(0.,-1.,0.));
#8076=DIRECTION('ref_axis',(-0.345032779671178,0.,-0.938590635448906));
#8077=DIRECTION('center_axis',(0.,-1.,0.));
#8078=DIRECTION('ref_axis',(1.,0.,0.));
#8079=DIRECTION('',(0.,-1.,0.));
#8080=DIRECTION('center_axis',(0.,-1.,0.));
#8081=DIRECTION('ref_axis',(1.,0.,0.));
#8082=DIRECTION('center_axis',(0.,-1.,0.));
#8083=DIRECTION('ref_axis',(0.345032779671179,0.,-0.938590635448905));
#8084=DIRECTION('',(0.,1.,0.));
#8085=DIRECTION('center_axis',(0.,-1.,0.));
#8086=DIRECTION('ref_axis',(0.345032779671179,0.,-0.938590635448905));
#8087=DIRECTION('center_axis',(-1.48029736616688E-16,0.,-1.));
#8088=DIRECTION('ref_axis',(-1.,0.,1.48029736616688E-16));
#8089=DIRECTION('',(0.,-1.,0.));
#8090=DIRECTION('',(-1.,0.,1.48029736616688E-16));
#8091=DIRECTION('center_axis',(0.,1.,0.));
#8092=DIRECTION('ref_axis',(-0.345032779671179,0.,-0.938590635448905));
#8093=DIRECTION('',(0.,1.,0.));
#8094=DIRECTION('center_axis',(0.,-1.,0.));
#8095=DIRECTION('ref_axis',(-0.345032779671179,0.,-0.938590635448905));
#8096=DIRECTION('center_axis',(0.,-1.,0.));
#8097=DIRECTION('ref_axis',(1.,0.,0.));
#8098=DIRECTION('',(0.,-1.,0.));
#8099=DIRECTION('center_axis',(0.,-1.,0.));
#8100=DIRECTION('ref_axis',(1.,0.,0.));
#8101=DIRECTION('center_axis',(0.,-1.,0.));
#8102=DIRECTION('ref_axis',(0.345032779671178,0.,-0.938590635448905));
#8103=DIRECTION('',(0.,1.,0.));
#8104=DIRECTION('center_axis',(0.,-1.,0.));
#8105=DIRECTION('ref_axis',(0.345032779671178,0.,-0.938590635448905));
#8106=DIRECTION('center_axis',(-1.48029736616688E-16,0.,-1.));
#8107=DIRECTION('ref_axis',(-1.,0.,1.48029736616688E-16));
#8108=DIRECTION('',(0.,-1.,0.));
#8109=DIRECTION('',(-1.,0.,1.48029736616688E-16));
#8110=DIRECTION('center_axis',(0.,1.,0.));
#8111=DIRECTION('ref_axis',(-0.345032779671178,0.,-0.938590635448905));
#8112=DIRECTION('',(0.,1.,0.));
#8113=DIRECTION('center_axis',(0.,-1.,0.));
#8114=DIRECTION('ref_axis',(-0.345032779671178,0.,-0.938590635448905));
#8115=DIRECTION('center_axis',(0.,-1.,0.));
#8116=DIRECTION('ref_axis',(1.,0.,0.));
#8117=DIRECTION('',(0.,-1.,0.));
#8118=DIRECTION('center_axis',(0.,-1.,0.));
#8119=DIRECTION('ref_axis',(1.,0.,0.));
#8120=DIRECTION('center_axis',(0.,-1.,0.));
#8121=DIRECTION('ref_axis',(0.345032779671179,0.,-0.938590635448905));
#8122=DIRECTION('',(0.,1.,0.));
#8123=DIRECTION('center_axis',(0.,-1.,0.));
#8124=DIRECTION('ref_axis',(0.345032779671179,0.,-0.938590635448905));
#8125=DIRECTION('center_axis',(-1.48029736616688E-16,0.,-1.));
#8126=DIRECTION('ref_axis',(-1.,0.,1.48029736616688E-16));
#8127=DIRECTION('',(0.,1.,0.));
#8128=DIRECTION('',(-1.,0.,1.48029736616688E-16));
#8129=DIRECTION('center_axis',(0.,1.,0.));
#8130=DIRECTION('ref_axis',(0.,0.,-1.));
#8131=DIRECTION('',(0.,1.,0.));
#8132=DIRECTION('center_axis',(0.,1.,0.));
#8133=DIRECTION('ref_axis',(0.,0.,-1.));
#8134=DIRECTION('center_axis',(-1.,0.,-3.94745964311167E-16));
#8135=DIRECTION('ref_axis',(-3.94745964311167E-16,0.,1.));
#8136=DIRECTION('',(0.,1.,0.));
#8137=DIRECTION('',(-3.94745964311167E-16,0.,1.));
#8138=DIRECTION('center_axis',(0.,1.,0.));
#8139=DIRECTION('ref_axis',(-1.,0.,0.));
#8140=DIRECTION('',(0.,1.,0.));
#8141=DIRECTION('center_axis',(0.,1.,0.));
#8142=DIRECTION('ref_axis',(-1.,0.,0.));
#8143=DIRECTION('center_axis',(0.,0.,1.));
#8144=DIRECTION('ref_axis',(1.,0.,0.));
#8145=DIRECTION('',(0.,-1.,0.));
#8146=DIRECTION('',(1.,0.,0.));
#8147=DIRECTION('center_axis',(0.,1.,0.));
#8148=DIRECTION('ref_axis',(0.345032779671177,0.,0.938590635448906));
#8149=DIRECTION('',(0.,1.,0.));
#8150=DIRECTION('center_axis',(0.,-1.,0.));
#8151=DIRECTION('ref_axis',(0.345032779671177,0.,0.938590635448906));
#8152=DIRECTION('center_axis',(0.,1.,0.));
#8153=DIRECTION('ref_axis',(0.,0.,1.));
#8154=DIRECTION('center_axis',(0.,-1.,0.));
#8155=DIRECTION('ref_axis',(1.,0.,0.));
#8156=DIRECTION('center_axis',(0.,-1.,0.));
#8157=DIRECTION('ref_axis',(-0.345032779671178,0.,0.938590635448906));
#8158=DIRECTION('',(1.,0.,0.));
#8159=DIRECTION('center_axis',(0.,-1.,0.));
#8160=DIRECTION('ref_axis',(0.345032779671177,0.,0.938590635448906));
#8161=DIRECTION('center_axis',(0.,-1.,0.));
#8162=DIRECTION('ref_axis',(1.,0.,0.));
#8163=DIRECTION('center_axis',(0.,-1.,0.));
#8164=DIRECTION('ref_axis',(-0.345032779671178,0.,0.938590635448906));
#8165=DIRECTION('',(1.,0.,0.));
#8166=DIRECTION('center_axis',(0.,-1.,0.));
#8167=DIRECTION('ref_axis',(0.345032779671178,0.,0.938590635448906));
#8168=DIRECTION('center_axis',(0.,-1.,0.));
#8169=DIRECTION('ref_axis',(1.,0.,0.));
#8170=DIRECTION('center_axis',(0.,-1.,0.));
#8171=DIRECTION('ref_axis',(-0.345032779671178,0.,0.938590635448906));
#8172=DIRECTION('',(1.,0.,0.));
#8173=DIRECTION('center_axis',(0.,-1.,0.));
#8174=DIRECTION('ref_axis',(0.345032779671178,0.,0.938590635448906));
#8175=DIRECTION('center_axis',(0.,-1.,0.));
#8176=DIRECTION('ref_axis',(1.,0.,0.));
#8177=DIRECTION('center_axis',(0.,-1.,0.));
#8178=DIRECTION('ref_axis',(-0.345032779671177,0.,0.938590635448906));
#8179=DIRECTION('',(1.,0.,0.));
#8180=DIRECTION('center_axis',(0.,1.,0.));
#8181=DIRECTION('ref_axis',(0.,0.,1.));
#8182=DIRECTION('',(0.,0.,-1.));
#8183=DIRECTION('center_axis',(0.,1.,0.));
#8184=DIRECTION('ref_axis',(1.,0.,0.));
#8185=DIRECTION('',(-1.,0.,1.48029736616688E-16));
#8186=DIRECTION('center_axis',(0.,-1.,0.));
#8187=DIRECTION('ref_axis',(-0.345032779671178,0.,-0.938590635448906));
#8188=DIRECTION('center_axis',(0.,1.,0.));
#8189=DIRECTION('ref_axis',(-0.345032779671178,0.,-0.938590635448906));
#8190=DIRECTION('',(0.,-1.,0.));
#8191=DIRECTION('center_axis',(-1.48029736616688E-16,0.,-1.));
#8192=DIRECTION('ref_axis',(-1.,0.,1.48029736616688E-16));
#8193=DIRECTION('',(0.,1.,0.));
#8194=DIRECTION('center_axis',(0.,-1.,0.));
#8195=DIRECTION('ref_axis',(-0.345032779671177,0.,0.938590635448906));
#8196=DIRECTION('',(0.,1.,0.));
#8197=DIRECTION('',(0.,-1.,0.));
#8198=DIRECTION('center_axis',(0.,-1.,0.));
#8199=DIRECTION('ref_axis',(1.,0.,0.));
#8200=DIRECTION('',(0.,1.,0.));
#8201=DIRECTION('center_axis',(0.,1.,0.));
#8202=DIRECTION('ref_axis',(0.345032779671178,0.,0.938590635448906));
#8203=DIRECTION('',(0.,-1.,0.));
#8204=DIRECTION('center_axis',(0.,0.,1.));
#8205=DIRECTION('ref_axis',(1.,0.,0.));
#8206=DIRECTION('',(0.,1.,0.));
#8207=DIRECTION('center_axis',(0.,-1.,0.));
#8208=DIRECTION('ref_axis',(-0.345032779671178,0.,0.938590635448906));
#8209=DIRECTION('',(0.,-1.,0.));
#8210=DIRECTION('center_axis',(0.,-1.,0.));
#8211=DIRECTION('ref_axis',(1.,0.,0.));
#8212=DIRECTION('',(0.,1.,0.));
#8213=DIRECTION('center_axis',(0.,1.,0.));
#8214=DIRECTION('ref_axis',(0.345032779671178,0.,0.938590635448906));
#8215=DIRECTION('',(0.,-1.,0.));
#8216=DIRECTION('center_axis',(0.,0.,1.));
#8217=DIRECTION('ref_axis',(1.,0.,0.));
#8218=DIRECTION('',(0.,1.,0.));
#8219=DIRECTION('center_axis',(0.,-1.,0.));
#8220=DIRECTION('ref_axis',(-0.345032779671178,0.,0.938590635448906));
#8221=DIRECTION('',(0.,-1.,0.));
#8222=DIRECTION('center_axis',(0.,-1.,0.));
#8223=DIRECTION('ref_axis',(1.,0.,0.));
#8224=DIRECTION('',(0.,1.,0.));
#8225=DIRECTION('center_axis',(0.,1.,0.));
#8226=DIRECTION('ref_axis',(0.345032779671177,0.,0.938590635448906));
#8227=DIRECTION('',(0.,-1.,0.));
#8228=DIRECTION('center_axis',(0.,0.,1.));
#8229=DIRECTION('ref_axis',(1.,0.,0.));
#8230=DIRECTION('',(0.,1.,0.));
#8231=DIRECTION('center_axis',(0.,-1.,0.));
#8232=DIRECTION('ref_axis',(-0.345032779671178,0.,0.938590635448906));
#8233=DIRECTION('',(0.,-1.,0.));
#8234=DIRECTION('center_axis',(0.,-1.,0.));
#8235=DIRECTION('ref_axis',(1.,0.,0.));
#8236=DIRECTION('center_axis',(0.,0.,1.));
#8237=DIRECTION('ref_axis',(1.,0.,0.));
#8238=DIRECTION('',(0.,1.,0.));
#8239=DIRECTION('center_axis',(1.,0.,0.));
#8240=DIRECTION('ref_axis',(0.,0.,-1.));
#8241=DIRECTION('',(0.,1.,0.));
#8242=DIRECTION('',(0.,1.,0.));
#8243=DIRECTION('center_axis',(0.,1.,0.));
#8244=DIRECTION('ref_axis',(0.,0.,1.));
#8245=DIRECTION('center_axis',(0.,1.,0.));
#8246=DIRECTION('ref_axis',(1.,0.,0.));
#8247=DIRECTION('center_axis',(0.,1.,0.));
#8248=DIRECTION('ref_axis',(-1.,0.,0.));
#8249=DIRECTION('center_axis',(0.,1.,0.));
#8250=DIRECTION('ref_axis',(-1.,0.,0.));
#8251=DIRECTION('',(0.,-1.,0.));
#8252=DIRECTION('center_axis',(0.,1.,0.));
#8253=DIRECTION('ref_axis',(0.,0.,1.));
#8254=CARTESIAN_POINT('',(0.,0.,0.));
#8255=CARTESIAN_POINT('Origin',(63.,27.0857864376269,4.74999999999997));
#8256=CARTESIAN_POINT('',(64.,27.0857864376269,-35.));
#8257=CARTESIAN_POINT('',(63.7071067811865,27.7928932188134,-35.));
#8258=CARTESIAN_POINT('Origin',(63.,27.0857864376269,-35.));
#8259=CARTESIAN_POINT('',(63.7071067811865,27.7928932188134,35.));
#8260=CARTESIAN_POINT('',(63.7071067811865,27.7928932188134,4.74999999999997));
#8261=CARTESIAN_POINT('',(64.,27.0857864376269,35.));
#8262=CARTESIAN_POINT('Origin',(63.,27.0857864376269,35.));
#8263=CARTESIAN_POINT('',(64.,27.0857864376269,4.74999999999997));
#8264=CARTESIAN_POINT('Origin',(-18.5,2.5,35.));
#8265=CARTESIAN_POINT('',(62.7928932188134,28.7071067811865,35.));
#8266=CARTESIAN_POINT('',(49.6249999999998,41.8750000000001,35.));
#8267=CARTESIAN_POINT('',(62.0857864376269,29.,35.));
#8268=CARTESIAN_POINT('Origin',(62.0857864376269,28.,35.));
#8269=CARTESIAN_POINT('',(-16.5857864376269,29.,35.));
#8270=CARTESIAN_POINT('',(62.125,29.,35.));
#8271=CARTESIAN_POINT('',(-17.2928932188134,28.7071067811865,35.));
#8272=CARTESIAN_POINT('Origin',(-16.5857864376269,28.,35.));
#8273=CARTESIAN_POINT('',(-18.2071067811865,27.7928932188135,35.));
#8274=CARTESIAN_POINT('',(-24.,22.,35.));
#8275=CARTESIAN_POINT('',(-18.5,27.0857864376269,35.));
#8276=CARTESIAN_POINT('Origin',(-17.5,27.0857864376269,35.));
#8277=CARTESIAN_POINT('',(-18.5,3.,35.));
#8278=CARTESIAN_POINT('',(-18.5,29.,35.));
#8279=CARTESIAN_POINT('',(-8.86484650930379,3.,35.));
#8280=CARTESIAN_POINT('',(9.12499999999633,3.,35.));
#8281=CARTESIAN_POINT('',(-8.86484650930379,24.,35.0000000000008));
#8282=CARTESIAN_POINT('',(-8.86484650930379,15.75,35.));
#8283=CARTESIAN_POINT('',(-6.86484650930379,24.,35.0000000000008));
#8284=CARTESIAN_POINT('',(-8.86484650930379,24.,35.0000000000008));
#8285=CARTESIAN_POINT('',(-6.86484650930379,3.,35.));
#8286=CARTESIAN_POINT('',(-6.86484650930379,15.75,35.));
#8287=CARTESIAN_POINT('',(64.,3.,35.));
#8288=CARTESIAN_POINT('',(9.12499999999633,3.,35.));
#8289=CARTESIAN_POINT('',(64.,2.5,35.));
#8290=CARTESIAN_POINT('Origin',(64.,27.5,35.));
#8291=CARTESIAN_POINT('',(62.7928932188134,28.7071067811865,-35.));
#8292=CARTESIAN_POINT('',(69.625,21.8750000000001,-35.));
#8293=CARTESIAN_POINT('',(62.7928932188134,28.7071067811865,17.5));
#8294=CARTESIAN_POINT('Origin',(62.0857864376269,28.,17.5));
#8295=CARTESIAN_POINT('',(62.0857864376269,29.,-35.));
#8296=CARTESIAN_POINT('Origin',(62.0857864376269,28.,-35.));
#8297=CARTESIAN_POINT('',(62.0857864376269,29.,17.5));
#8298=CARTESIAN_POINT('Origin',(-17.5,27.0857864376269,41.25));
#8299=CARTESIAN_POINT('',(-18.2071067811865,27.7928932188135,-35.));
#8300=CARTESIAN_POINT('',(-18.2071067811865,27.7928932188135,41.25));
#8301=CARTESIAN_POINT('',(-18.5,27.0857864376269,-35.));
#8302=CARTESIAN_POINT('Origin',(-17.5,27.0857864376269,-35.));
#8303=CARTESIAN_POINT('',(-18.5,27.0857864376269,41.25));
#8304=CARTESIAN_POINT('Origin',(-17.,29.,35.));
#8305=CARTESIAN_POINT('',(-17.2928932188134,28.7071067811865,-35.));
#8306=CARTESIAN_POINT('',(-17.2928932188134,28.7071067811865,17.5));
#8307=CARTESIAN_POINT('',(-3.99999999999996,42.,-35.));
#8308=CARTESIAN_POINT('Origin',(-16.5857864376269,28.,17.5));
#8309=CARTESIAN_POINT('',(-16.5857864376269,29.,-35.));
#8310=CARTESIAN_POINT('Origin',(-16.5857864376269,28.,-35.));
#8311=CARTESIAN_POINT('',(-16.5857864376269,29.,17.5));
#8312=CARTESIAN_POINT('Origin',(61.5,2.5,-35.));
#8313=CARTESIAN_POINT('',(64.,3.,-35.));
#8314=CARTESIAN_POINT('',(64.,2.5,-35.));
#8315=CARTESIAN_POINT('',(-6.8648465093037,3.,-35.));
#8316=CARTESIAN_POINT('',(49.1249999999963,3.,-35.));
#8317=CARTESIAN_POINT('',(-6.86484650930457,24.,-34.9999999999992));
#8318=CARTESIAN_POINT('',(-6.8648465093037,15.75,-35.));
#8319=CARTESIAN_POINT('',(-8.86484650930457,24.,-34.9999999999992));
#8320=CARTESIAN_POINT('',(-8.86484650930457,24.,-34.9999999999992));
#8321=CARTESIAN_POINT('',(-8.8648465093037,3.,-35.));
#8322=CARTESIAN_POINT('',(-8.8648465093037,15.75,-35.));
#8323=CARTESIAN_POINT('',(-18.5,3.,-35.));
#8324=CARTESIAN_POINT('',(49.1249999999963,3.,-35.));
#8325=CARTESIAN_POINT('',(-18.5,29.,-35.));
#8326=CARTESIAN_POINT('',(-9.25,29.,-35.));
#8327=CARTESIAN_POINT('Origin',(-15.,2.5,-31.));
#8328=CARTESIAN_POINT('',(-16.5,26.5,-31.));
#8329=CARTESIAN_POINT('',(-15.,26.5,-32.5));
#8330=CARTESIAN_POINT('Origin',(-15.,26.5,-31.));
#8331=CARTESIAN_POINT('',(-16.5,1.5,-31.));
#8332=CARTESIAN_POINT('',(-16.5,2.5,-31.));
#8333=CARTESIAN_POINT('',(-15.,1.5,-32.5));
#8334=CARTESIAN_POINT('Origin',(-15.,1.5,-31.));
#8335=CARTESIAN_POINT('',(-15.,2.5,-32.5));
#8336=CARTESIAN_POINT('Origin',(-16.5,2.5,-31.));
#8337=CARTESIAN_POINT('',(-16.5,26.5,31.));
#8338=CARTESIAN_POINT('',(-16.5,26.5,-24.375));
#8339=CARTESIAN_POINT('',(-16.5,1.5,31.));
#8340=CARTESIAN_POINT('',(-16.5,2.5,31.));
#8341=CARTESIAN_POINT('',(-16.5,1.5,-31.));
#8342=CARTESIAN_POINT('Origin',(-15.,2.5,31.));
#8343=CARTESIAN_POINT('',(-15.,26.5,32.5));
#8344=CARTESIAN_POINT('Origin',(-15.,26.5,31.));
#8345=CARTESIAN_POINT('',(-15.,1.5,32.5));
#8346=CARTESIAN_POINT('',(-15.,2.5,32.5));
#8347=CARTESIAN_POINT('Origin',(-15.,1.5,31.));
#8348=CARTESIAN_POINT('Origin',(-17.,2.5,32.5));
#8349=CARTESIAN_POINT('',(60.,26.5,32.5));
#8350=CARTESIAN_POINT('',(48.,26.5,32.5));
#8351=CARTESIAN_POINT('',(60.,1.5,32.5));
#8352=CARTESIAN_POINT('',(60.,2.5,32.5));
#8353=CARTESIAN_POINT('',(-17.,1.5,32.5));
#8354=CARTESIAN_POINT('Origin',(8.88178419700125E-15,29.,-8.88178419700125E-15));
#8355=CARTESIAN_POINT('Origin',(-15.,0.,31.));
#8356=CARTESIAN_POINT('',(-15.,1.5,34.));
#8357=CARTESIAN_POINT('',(-18.,1.5,31.));
#8358=CARTESIAN_POINT('Origin',(-15.,1.5,31.));
#8359=CARTESIAN_POINT('',(-15.,0.,34.));
#8360=CARTESIAN_POINT('',(-15.,0.,34.));
#8361=CARTESIAN_POINT('',(-18.,0.,31.));
#8362=CARTESIAN_POINT('Origin',(-15.,0.,31.));
#8363=CARTESIAN_POINT('',(-18.,0.,31.));
#8364=CARTESIAN_POINT('Origin',(-20.,0.,34.));
#8365=CARTESIAN_POINT('',(60.,1.5,34.));
#8366=CARTESIAN_POINT('',(0.749999999999971,1.5,34.));
#8367=CARTESIAN_POINT('',(60.,0.,34.));
#8368=CARTESIAN_POINT('',(60.,0.,34.));
#8369=CARTESIAN_POINT('',(-10.,0.,34.));
#8370=CARTESIAN_POINT('Origin',(-15.,0.,-31.));
#8371=CARTESIAN_POINT('',(-18.,1.5,-31.));
#8372=CARTESIAN_POINT('',(-15.,1.5,-34.));
#8373=CARTESIAN_POINT('Origin',(-15.,1.5,-31.));
#8374=CARTESIAN_POINT('',(-18.,0.,-31.));
#8375=CARTESIAN_POINT('',(-18.,0.,-31.));
#8376=CARTESIAN_POINT('',(-15.,0.,-34.));
#8377=CARTESIAN_POINT('Origin',(-15.,0.,-31.));
#8378=CARTESIAN_POINT('',(-15.,0.,-34.));
#8379=CARTESIAN_POINT('Origin',(21.5,1.5,-6.66133814775094E-15));
#8380=CARTESIAN_POINT('',(-18.,1.5,7.20710678118653));
#8381=CARTESIAN_POINT('',(-18.,1.5,-17.));
#8382=CARTESIAN_POINT('',(-19.7071067811866,1.5,5.49999999999998));
#8383=CARTESIAN_POINT('',(-17.8535533905933,1.5,7.35355339059326));
#8384=CARTESIAN_POINT('',(-21.5,1.5,5.49999999999998));
#8385=CARTESIAN_POINT('',(-19.7071067811866,1.5,5.49999999999998));
#8386=CARTESIAN_POINT('',(-21.5,1.5,-5.50000000000002));
#8387=CARTESIAN_POINT('Origin',(-21.5,1.5,-1.79548938169088E-14));
#8388=CARTESIAN_POINT('',(-19.7071067811866,1.5,-5.50000000000001));
#8389=CARTESIAN_POINT('',(-21.5,1.5,-5.50000000000002));
#8390=CARTESIAN_POINT('',(-18.,1.5,-7.20710678118656));
#8391=CARTESIAN_POINT('',(-19.7071067811866,1.5,-5.50000000000001));
#8392=CARTESIAN_POINT('',(-18.,1.5,-17.));
#8393=CARTESIAN_POINT('',(60.,1.5,-34.));
#8394=CARTESIAN_POINT('',(42.25,1.5,-34.));
#8395=CARTESIAN_POINT('',(63.,1.5,-31.));
#8396=CARTESIAN_POINT('Origin',(60.,1.5,-31.));
#8397=CARTESIAN_POINT('',(63.,1.5,-25.5));
#8398=CARTESIAN_POINT('',(63.,1.5,17.));
#8399=CARTESIAN_POINT('',(61.5,1.5,-25.5));
#8400=CARTESIAN_POINT('',(42.25,1.5,-25.5));
#8401=CARTESIAN_POINT('',(61.5,1.5,-31.));
#8402=CARTESIAN_POINT('',(61.5,1.5,31.));
#8403=CARTESIAN_POINT('',(60.,1.5,-32.5));
#8404=CARTESIAN_POINT('Origin',(60.,1.5,-31.));
#8405=CARTESIAN_POINT('',(60.,1.5,-32.5));
#8406=CARTESIAN_POINT('',(61.5,1.5,31.));
#8407=CARTESIAN_POINT('Origin',(60.,1.5,31.));
#8408=CARTESIAN_POINT('',(61.5,1.5,25.4999999999998));
#8409=CARTESIAN_POINT('',(61.5,1.5,31.));
#8410=CARTESIAN_POINT('',(63.,1.5,25.4999999999998));
#8411=CARTESIAN_POINT('',(41.5,1.5,25.4999999999998));
#8412=CARTESIAN_POINT('',(63.,1.5,31.));
#8413=CARTESIAN_POINT('',(63.,1.5,17.));
#8414=CARTESIAN_POINT('Origin',(60.,1.5,31.));
#8415=CARTESIAN_POINT('',(-19.4,1.5,-1.77635683940025E-14));
#8416=CARTESIAN_POINT('Origin',(-21.5,1.5,-1.77635683940025E-14));
#8417=CARTESIAN_POINT('Origin',(63.,0.,-34.));
#8418=CARTESIAN_POINT('',(60.,0.,-34.));
#8419=CARTESIAN_POINT('',(31.5,0.,-34.));
#8420=CARTESIAN_POINT('',(60.,0.,-34.));
#8421=CARTESIAN_POINT('Origin',(8.88178419700125E-15,0.,-8.88178419700125E-15));
#8422=CARTESIAN_POINT('',(-90.,0.,49.));
#8423=CARTESIAN_POINT('',(-1.80073525436773,0.,49.));
#8424=CARTESIAN_POINT('',(-45.,0.,49.));
#8425=CARTESIAN_POINT('',(-94.,0.,45.));
#8426=CARTESIAN_POINT('Origin',(-90.,0.,45.));
#8427=CARTESIAN_POINT('',(-94.,0.,-45.));
#8428=CARTESIAN_POINT('',(-94.,0.,-22.5));
#8429=CARTESIAN_POINT('',(-90.,0.,-49.));
#8430=CARTESIAN_POINT('Origin',(-90.,0.,-45.));
#8431=CARTESIAN_POINT('',(-1.80073525436775,0.,-49.));
#8432=CARTESIAN_POINT('',(45.,0.,-49.));
#8433=CARTESIAN_POINT('',(-0.505357110678657,0.,-48.5238095238095));
#8434=CARTESIAN_POINT('Origin',(-1.80073525436775,0.,-47.));
#8435=CARTESIAN_POINT('',(10.5053571106786,0.,-48.5238095238095));
#8436=CARTESIAN_POINT('Origin',(4.99999999999999,0.,-55.));
#8437=CARTESIAN_POINT('',(11.8007352543677,0.,-49.));
#8438=CARTESIAN_POINT('Origin',(11.8007352543677,0.,-47.));
#8439=CARTESIAN_POINT('',(13.1992647456322,0.,-49.));
#8440=CARTESIAN_POINT('',(45.,0.,-49.));
#8441=CARTESIAN_POINT('',(14.4946428893213,0.,-48.5238095238095));
#8442=CARTESIAN_POINT('Origin',(13.1992647456322,0.,-47.));
#8443=CARTESIAN_POINT('',(25.5053571106786,0.,-48.5238095238095));
#8444=CARTESIAN_POINT('Origin',(20.,0.,-55.));
#8445=CARTESIAN_POINT('',(26.8007352543677,0.,-49.));
#8446=CARTESIAN_POINT('Origin',(26.8007352543677,0.,-47.));
#8447=CARTESIAN_POINT('',(28.1992647456322,0.,-49.));
#8448=CARTESIAN_POINT('',(45.,0.,-49.));
#8449=CARTESIAN_POINT('',(29.4946428893213,0.,-48.5238095238095));
#8450=CARTESIAN_POINT('Origin',(28.1992647456322,0.,-47.));
#8451=CARTESIAN_POINT('',(40.5053571106786,0.,-48.5238095238095));
#8452=CARTESIAN_POINT('Origin',(35.,0.,-55.));
#8453=CARTESIAN_POINT('',(41.8007352543677,0.,-49.));
#8454=CARTESIAN_POINT('Origin',(41.8007352543677,0.,-47.));
#8455=CARTESIAN_POINT('',(43.1992647456322,0.,-49.));
#8456=CARTESIAN_POINT('',(45.,0.,-49.));
#8457=CARTESIAN_POINT('',(44.4946428893213,0.,-48.5238095238095));
#8458=CARTESIAN_POINT('Origin',(43.1992647456322,0.,-47.));
#8459=CARTESIAN_POINT('',(55.5053571106786,0.,-48.5238095238095));
#8460=CARTESIAN_POINT('Origin',(50.,0.,-55.));
#8461=CARTESIAN_POINT('',(56.8007352543677,0.,-49.));
#8462=CARTESIAN_POINT('Origin',(56.8007352543677,0.,-47.));
#8463=CARTESIAN_POINT('',(90.,0.,-49.));
#8464=CARTESIAN_POINT('',(45.,0.,-49.));
#8465=CARTESIAN_POINT('',(94.,0.,-45.));
#8466=CARTESIAN_POINT('Origin',(90.,0.,-45.));
#8467=CARTESIAN_POINT('',(94.,0.,45.));
#8468=CARTESIAN_POINT('',(94.,0.,22.5));
#8469=CARTESIAN_POINT('',(90.,0.,49.));
#8470=CARTESIAN_POINT('Origin',(90.,0.,45.));
#8471=CARTESIAN_POINT('',(56.8007352543677,0.,49.));
#8472=CARTESIAN_POINT('',(-45.,0.,49.));
#8473=CARTESIAN_POINT('',(55.5053571106786,0.,48.5238095238095));
#8474=CARTESIAN_POINT('Origin',(56.8007352543677,0.,47.));
#8475=CARTESIAN_POINT('',(44.4946428893214,0.,48.5238095238095));
#8476=CARTESIAN_POINT('Origin',(50.,0.,55.));
#8477=CARTESIAN_POINT('',(43.1992647456323,0.,49.));
#8478=CARTESIAN_POINT('Origin',(43.1992647456323,0.,47.));
#8479=CARTESIAN_POINT('',(41.8007352543677,0.,49.));
#8480=CARTESIAN_POINT('',(-45.,0.,49.));
#8481=CARTESIAN_POINT('',(40.5053571106786,0.,48.5238095238095));
#8482=CARTESIAN_POINT('Origin',(41.8007352543677,0.,47.));
#8483=CARTESIAN_POINT('',(29.4946428893214,0.,48.5238095238095));
#8484=CARTESIAN_POINT('Origin',(35.,0.,55.));
#8485=CARTESIAN_POINT('',(28.1992647456323,0.,49.));
#8486=CARTESIAN_POINT('Origin',(28.1992647456323,0.,47.));
#8487=CARTESIAN_POINT('',(26.8007352543677,0.,49.));
#8488=CARTESIAN_POINT('',(-45.,0.,49.));
#8489=CARTESIAN_POINT('',(25.5053571106786,0.,48.5238095238095));
#8490=CARTESIAN_POINT('Origin',(26.8007352543677,0.,47.));
#8491=CARTESIAN_POINT('',(14.4946428893214,0.,48.5238095238095));
#8492=CARTESIAN_POINT('Origin',(20.,0.,55.));
#8493=CARTESIAN_POINT('',(13.1992647456323,0.,49.));
#8494=CARTESIAN_POINT('Origin',(13.1992647456323,0.,47.));
#8495=CARTESIAN_POINT('',(11.8007352543677,0.,49.));
#8496=CARTESIAN_POINT('',(-45.,0.,49.));
#8497=CARTESIAN_POINT('',(10.5053571106786,0.,48.5238095238095));
#8498=CARTESIAN_POINT('Origin',(11.8007352543677,0.,47.));
#8499=CARTESIAN_POINT('',(-0.505357110678642,0.,48.5238095238095));
#8500=CARTESIAN_POINT('Origin',(4.99999999999999,0.,55.));
#8501=CARTESIAN_POINT('Origin',(-1.80073525436773,0.,47.));
#8502=CARTESIAN_POINT('',(63.,0.,31.));
#8503=CARTESIAN_POINT('Origin',(60.,0.,31.));
#8504=CARTESIAN_POINT('',(63.,0.,-31.));
#8505=CARTESIAN_POINT('',(63.,0.,17.));
#8506=CARTESIAN_POINT('Origin',(60.,0.,-31.));
#8507=CARTESIAN_POINT('',(-18.,0.,-7.20710678118656));
#8508=CARTESIAN_POINT('',(-18.,0.,-17.));
#8509=CARTESIAN_POINT('',(-19.7071067811866,0.,-5.50000000000001));
#8510=CARTESIAN_POINT('',(-14.8017766952967,0.,-10.4053300858899));
#8511=CARTESIAN_POINT('',(-21.5,0.,-5.50000000000002));
#8512=CARTESIAN_POINT('',(-8.85355339059328,0.,-5.50000000000001));
#8513=CARTESIAN_POINT('',(-21.5,0.,5.49999999999998));
#8514=CARTESIAN_POINT('Origin',(-21.5,0.,-1.79548938169088E-14));
#8515=CARTESIAN_POINT('',(-19.7071067811866,0.,5.49999999999998));
#8516=CARTESIAN_POINT('',(-9.75000000000001,0.,5.49999999999999));
#8517=CARTESIAN_POINT('',(-18.,0.,7.20710678118653));
#8518=CARTESIAN_POINT('',(-15.6553300858899,0.,9.55177669529663));
#8519=CARTESIAN_POINT('',(-18.,0.,-17.));
#8520=CARTESIAN_POINT('',(-86.,0.,-44.25));
#8521=CARTESIAN_POINT('',(-92.5,0.,-44.25));
#8522=CARTESIAN_POINT('Origin',(-89.25,0.,-44.25));
#8523=CARTESIAN_POINT('Origin',(-89.25,0.,-44.25));
#8524=CARTESIAN_POINT('',(92.5,0.,-44.25));
#8525=CARTESIAN_POINT('',(86.,0.,-44.25));
#8526=CARTESIAN_POINT('Origin',(89.25,0.,-44.25));
#8527=CARTESIAN_POINT('Origin',(89.25,0.,-44.25));
#8528=CARTESIAN_POINT('',(-86.,0.,44.25));
#8529=CARTESIAN_POINT('',(-92.5,0.,44.25));
#8530=CARTESIAN_POINT('Origin',(-89.25,0.,44.25));
#8531=CARTESIAN_POINT('Origin',(-89.25,0.,44.25));
#8532=CARTESIAN_POINT('',(92.5,0.,44.25));
#8533=CARTESIAN_POINT('',(86.,0.,44.25));
#8534=CARTESIAN_POINT('Origin',(89.25,0.,44.25));
#8535=CARTESIAN_POINT('Origin',(89.25,0.,44.25));
#8536=CARTESIAN_POINT('',(-32.5,0.,-37.));
#8537=CARTESIAN_POINT('',(-35.5,0.,-40.));
#8538=CARTESIAN_POINT('Origin',(-35.5,0.,-37.));
#8539=CARTESIAN_POINT('',(-79.5,0.,-40.));
#8540=CARTESIAN_POINT('',(-17.75,0.,-40.));
#8541=CARTESIAN_POINT('',(-82.5,0.,-37.));
#8542=CARTESIAN_POINT('Origin',(-79.5,0.,-37.));
#8543=CARTESIAN_POINT('',(-82.5,0.,37.));
#8544=CARTESIAN_POINT('',(-82.5,0.,-18.5));
#8545=CARTESIAN_POINT('',(-79.5,0.,40.));
#8546=CARTESIAN_POINT('Origin',(-79.5,0.,37.));
#8547=CARTESIAN_POINT('',(-35.5,0.,40.));
#8548=CARTESIAN_POINT('',(-39.75,0.,40.));
#8549=CARTESIAN_POINT('',(-32.5,0.,37.));
#8550=CARTESIAN_POINT('Origin',(-35.5,0.,37.));
#8551=CARTESIAN_POINT('',(-32.5,0.,18.5));
#8552=CARTESIAN_POINT('',(-4.61484650930378,0.,44.5000000000212));
#8553=CARTESIAN_POINT('',(-11.1148465093038,0.,44.5000000000212));
#8554=CARTESIAN_POINT('Origin',(-7.86484650930379,0.,44.5000000000212));
#8555=CARTESIAN_POINT('Origin',(-7.86484650930379,0.,44.5000000000212));
#8556=CARTESIAN_POINT('',(-4.6148465093037,0.,-44.5000000000213));
#8557=CARTESIAN_POINT('',(-11.1148465093037,0.,-44.5000000000213));
#8558=CARTESIAN_POINT('Origin',(-7.86484650930371,0.,-44.5000000000213));
#8559=CARTESIAN_POINT('Origin',(-7.86484650930371,0.,-44.5000000000213));
#8560=CARTESIAN_POINT('Origin',(36.,26.5,-4.44089209850063E-15));
#8561=CARTESIAN_POINT('',(60.,26.5,-32.5));
#8562=CARTESIAN_POINT('',(9.5,26.5,-32.5));
#8563=CARTESIAN_POINT('',(61.5,26.5,-31.));
#8564=CARTESIAN_POINT('Origin',(60.,26.5,-31.));
#8565=CARTESIAN_POINT('',(61.5,26.5,31.));
#8566=CARTESIAN_POINT('',(61.5,26.5,17.5));
#8567=CARTESIAN_POINT('Origin',(60.,26.5,31.));
#8568=CARTESIAN_POINT('',(26.6000000000001,26.5,-19.75));
#8569=CARTESIAN_POINT('',(18.6000000000001,26.5,-19.75));
#8570=CARTESIAN_POINT('Origin',(22.6000000000001,26.5,-19.75));
#8571=CARTESIAN_POINT('Origin',(22.6000000000001,26.5,-19.75));
#8572=CARTESIAN_POINT('',(26.6000000000001,26.5,19.7499999999999));
#8573=CARTESIAN_POINT('',(18.6000000000001,26.5,19.7499999999999));
#8574=CARTESIAN_POINT('Origin',(22.6000000000001,26.5,19.7499999999999));
#8575=CARTESIAN_POINT('Origin',(22.6000000000001,26.5,19.7499999999999));
#8576=CARTESIAN_POINT('Origin',(60.,2.5,-32.5));
#8577=CARTESIAN_POINT('',(60.,2.5,-32.5));
#8578=CARTESIAN_POINT('Origin',(-18.5,29.,47.5));
#8579=CARTESIAN_POINT('',(-18.5,3.,-4.00000000000001));
#8580=CARTESIAN_POINT('',(-18.5,3.,23.7500000000788));
#8581=CARTESIAN_POINT('',(-18.5,7.5,-4.00000000000001));
#8582=CARTESIAN_POINT('',(-18.5,18.25,-4.00000000000001));
#8583=CARTESIAN_POINT('',(-18.5,7.5,3.99999999999998));
#8584=CARTESIAN_POINT('',(-18.5,7.5,22.0885621722339));
#8585=CARTESIAN_POINT('',(-18.5,3.,3.99999999999998));
#8586=CARTESIAN_POINT('',(-18.5,18.25,3.99999999999998));
#8587=CARTESIAN_POINT('',(-18.5,3.,23.7500000000788));
#8588=CARTESIAN_POINT('Origin',(-8.86484650930462,24.,-39.5622731640931));
#8589=CARTESIAN_POINT('',(-8.86484650930462,24.,-39.5622731640939));
#8590=CARTESIAN_POINT('',(-8.8648465093037,29.,-39.5622731640931));
#8591=CARTESIAN_POINT('',(-8.86484650930371,29.,-39.5622731640931));
#8592=CARTESIAN_POINT('',(-6.86484650930462,24.,-39.562273164094));
#8593=CARTESIAN_POINT('',(-8.86484650930462,24.,-39.5622731640939));
#8594=CARTESIAN_POINT('',(-6.86484650930462,29.,-39.5622731640931));
#8595=CARTESIAN_POINT('',(-6.8648465093037,26.5,-39.5622731640932));
#8596=CARTESIAN_POINT('',(-4.43242325465253,29.,-39.5622731640932));
#8597=CARTESIAN_POINT('Origin',(-8.8648465093046,24.,-37.2811365820466));
#8598=CARTESIAN_POINT('Origin',(-8.86484650930373,24.,-37.2811365820466));
#8599=CARTESIAN_POINT('Origin',(-6.86484650930368,24.,-37.2811365820466));
#8600=CARTESIAN_POINT('Origin',(-8.86484650930376,24.,37.2859154555203));
#8601=CARTESIAN_POINT('',(-8.86484650930374,23.7911817718584,39.562273164093));
#8602=CARTESIAN_POINT('Origin',(-8.86484650930376,24.,37.2859154555203));
#8603=CARTESIAN_POINT('',(-6.86484650930374,23.7911817718584,39.562273164093));
#8604=CARTESIAN_POINT('',(-8.86484650930374,23.7911817718584,39.562273164093));
#8605=CARTESIAN_POINT('Origin',(-6.86484650930376,24.,37.2859154555203));
#8606=CARTESIAN_POINT('Origin',(-8.86484650930374,29.,39.562273164093));
#8607=CARTESIAN_POINT('',(-8.86484650930374,29.,39.562273164093));
#8608=CARTESIAN_POINT('',(-8.86484650930374,29.,39.562273164093));
#8609=CARTESIAN_POINT('',(-6.86484650930374,29.,39.562273164093));
#8610=CARTESIAN_POINT('',(-4.43242325465164,29.,39.562273164093));
#8611=CARTESIAN_POINT('',(-6.86484650930385,29.,39.562273164093));
#8612=CARTESIAN_POINT('Origin',(-6.86484650930379,29.,35.));
#8613=CARTESIAN_POINT('',(-6.86484650930385,29.,39.5718309110406));
#8614=CARTESIAN_POINT('',(-6.86484650930385,29.,39.5718309110406));
#8615=CARTESIAN_POINT('',(-6.86484650930385,3.,39.5718309110406));
#8616=CARTESIAN_POINT('',(-6.86484650930385,29.,39.5718309110405));
#8617=CARTESIAN_POINT('',(-6.86484650930355,3.,17.5000000000036));
#8618=CARTESIAN_POINT('Origin',(8.88178419700125E-15,29.,-8.88178419700125E-15));
#8619=CARTESIAN_POINT('',(25.8292016466009,29.,48.1428571428571));
#8620=CARTESIAN_POINT('',(26.8007352543646,29.,48.5));
#8621=CARTESIAN_POINT('Origin',(26.8007352543677,29.,47.));
#8622=CARTESIAN_POINT('',(28.1992647456354,29.,48.5));
#8623=CARTESIAN_POINT('',(13.4003676271823,29.,48.5));
#8624=CARTESIAN_POINT('',(29.1707983533991,29.,48.1428571428571));
#8625=CARTESIAN_POINT('Origin',(28.1992647456323,29.,47.));
#8626=CARTESIAN_POINT('',(40.8292016466009,29.,48.1428571428571));
#8627=CARTESIAN_POINT('Origin',(35.,29.,55.));
#8628=CARTESIAN_POINT('',(41.8007352543646,29.,48.5));
#8629=CARTESIAN_POINT('Origin',(41.8007352543677,29.,47.));
#8630=CARTESIAN_POINT('',(43.1992647456354,29.,48.5));
#8631=CARTESIAN_POINT('',(20.9003676271823,29.,48.5));
#8632=CARTESIAN_POINT('',(44.1707983533991,29.,48.1428571428571));
#8633=CARTESIAN_POINT('Origin',(43.1992647456323,29.,47.));
#8634=CARTESIAN_POINT('',(55.8292016466009,29.,48.1428571428571));
#8635=CARTESIAN_POINT('Origin',(50.,29.,55.));
#8636=CARTESIAN_POINT('',(56.8007352543646,29.,48.5));
#8637=CARTESIAN_POINT('Origin',(56.8007352543677,29.,47.));
#8638=CARTESIAN_POINT('',(90.,29.,48.5));
#8639=CARTESIAN_POINT('',(28.4003676271823,29.,48.5));
#8640=CARTESIAN_POINT('',(93.5,29.,45.));
#8641=CARTESIAN_POINT('Origin',(90.,29.,45.));
#8642=CARTESIAN_POINT('',(93.5,29.,-45.));
#8643=CARTESIAN_POINT('',(93.5,29.,22.5));
#8644=CARTESIAN_POINT('',(90.,29.,-48.5));
#8645=CARTESIAN_POINT('Origin',(90.,29.,-45.));
#8646=CARTESIAN_POINT('',(56.8007352543646,29.,-48.5));
#8647=CARTESIAN_POINT('',(45.,29.,-48.5));
#8648=CARTESIAN_POINT('',(55.8292016466009,29.,-48.1428571428572));
#8649=CARTESIAN_POINT('Origin',(56.8007352543677,29.,-47.));
#8650=CARTESIAN_POINT('',(44.1707983533991,29.,-48.1428571428572));
#8651=CARTESIAN_POINT('Origin',(50.,29.,-55.));
#8652=CARTESIAN_POINT('',(43.1992647456354,29.,-48.5));
#8653=CARTESIAN_POINT('Origin',(43.1992647456322,29.,-47.));
#8654=CARTESIAN_POINT('',(41.8007352543646,29.,-48.5));
#8655=CARTESIAN_POINT('',(21.5996323728177,29.,-48.5));
#8656=CARTESIAN_POINT('',(40.8292016466009,29.,-48.1428571428572));
#8657=CARTESIAN_POINT('Origin',(41.8007352543677,29.,-47.));
#8658=CARTESIAN_POINT('',(29.1707983533991,29.,-48.1428571428572));
#8659=CARTESIAN_POINT('Origin',(35.,29.,-55.));
#8660=CARTESIAN_POINT('',(28.1992647456354,29.,-48.5));
#8661=CARTESIAN_POINT('Origin',(28.1992647456322,29.,-47.));
#8662=CARTESIAN_POINT('',(26.8007352543646,29.,-48.5));
#8663=CARTESIAN_POINT('',(14.0996323728177,29.,-48.5));
#8664=CARTESIAN_POINT('',(25.8292016466009,29.,-48.1428571428572));
#8665=CARTESIAN_POINT('Origin',(26.8007352543677,29.,-47.));
#8666=CARTESIAN_POINT('',(14.1707983533991,29.,-48.1428571428572));
#8667=CARTESIAN_POINT('Origin',(20.,29.,-55.));
#8668=CARTESIAN_POINT('',(13.1992647456354,29.,-48.5));
#8669=CARTESIAN_POINT('Origin',(13.1992647456322,29.,-47.));
#8670=CARTESIAN_POINT('',(11.8007352543646,29.,-48.5));
#8671=CARTESIAN_POINT('',(6.59963237281773,29.,-48.5));
#8672=CARTESIAN_POINT('',(10.8292016466009,29.,-48.1428571428572));
#8673=CARTESIAN_POINT('Origin',(11.8007352543677,29.,-47.));
#8674=CARTESIAN_POINT('',(-0.829201646600934,29.,-48.1428571428572));
#8675=CARTESIAN_POINT('Origin',(4.99999999999999,29.,-55.));
#8676=CARTESIAN_POINT('',(-1.80073525436455,29.,-48.5));
#8677=CARTESIAN_POINT('Origin',(-1.80073525436775,29.,-47.));
#8678=CARTESIAN_POINT('',(-90.,29.,-48.5));
#8679=CARTESIAN_POINT('',(-0.90036762718228,29.,-48.5));
#8680=CARTESIAN_POINT('',(-93.4999999999999,29.,-45.));
#8681=CARTESIAN_POINT('Origin',(-90.,29.,-45.));
#8682=CARTESIAN_POINT('',(-93.5,29.,45.));
#8683=CARTESIAN_POINT('',(-93.4999999999999,29.,-22.5));
#8684=CARTESIAN_POINT('',(-90.,29.,48.5));
#8685=CARTESIAN_POINT('Origin',(-90.,29.,45.));
#8686=CARTESIAN_POINT('',(-1.80073525436455,29.,48.5));
#8687=CARTESIAN_POINT('',(-45.,29.,48.5));
#8688=CARTESIAN_POINT('',(-0.829201646600915,29.,48.1428571428571));
#8689=CARTESIAN_POINT('Origin',(-1.80073525436773,29.,47.));
#8690=CARTESIAN_POINT('',(10.8292016466009,29.,48.1428571428571));
#8691=CARTESIAN_POINT('Origin',(4.99999999999999,29.,55.));
#8692=CARTESIAN_POINT('',(11.8007352543646,29.,48.5));
#8693=CARTESIAN_POINT('Origin',(11.8007352543677,29.,47.));
#8694=CARTESIAN_POINT('',(13.1992647456354,29.,48.5));
#8695=CARTESIAN_POINT('',(5.90036762718228,29.,48.5));
#8696=CARTESIAN_POINT('',(14.1707983533991,29.,48.1428571428571));
#8697=CARTESIAN_POINT('Origin',(13.1992647456323,29.,47.));
#8698=CARTESIAN_POINT('Origin',(20.,29.,55.));
#8699=CARTESIAN_POINT('',(-6.8648465093037,29.,-39.5718309110406));
#8700=CARTESIAN_POINT('',(-6.8648465093037,29.,-35.));
#8701=CARTESIAN_POINT('',(-0.46296069239479,29.,-46.0330573508386));
#8702=CARTESIAN_POINT('Origin',(-7.90036762715314,29.,-47.0000000000213));
#8703=CARTESIAN_POINT('',(11.8007352543646,29.,-47.));
#8704=CARTESIAN_POINT('Origin',(4.99999999999999,29.,-55.));
#8705=CARTESIAN_POINT('',(13.1992647456354,29.,-47.));
#8706=CARTESIAN_POINT('',(11.8007352543646,29.,-47.));
#8707=CARTESIAN_POINT('',(26.8007352543646,29.,-47.));
#8708=CARTESIAN_POINT('Origin',(20.,29.,-55.));
#8709=CARTESIAN_POINT('',(28.1992647456354,29.,-47.));
#8710=CARTESIAN_POINT('',(26.8007352543646,29.,-47.));
#8711=CARTESIAN_POINT('',(41.8007352543646,29.,-47.));
#8712=CARTESIAN_POINT('Origin',(35.,29.,-55.));
#8713=CARTESIAN_POINT('',(43.1992647456354,29.,-47.));
#8714=CARTESIAN_POINT('',(41.8007352543646,29.,-47.));
#8715=CARTESIAN_POINT('',(56.8007352543646,29.,-47.));
#8716=CARTESIAN_POINT('Origin',(50.,29.,-55.));
#8717=CARTESIAN_POINT('',(83.0000000000146,29.,-46.9999999999855));
#8718=CARTESIAN_POINT('',(56.8007352543646,29.,-47.));
#8719=CARTESIAN_POINT('',(83.,29.,-45.));
#8720=CARTESIAN_POINT('',(83.0000000000146,29.,-46.9999999999855));
#8721=CARTESIAN_POINT('',(90.,29.,-38.));
#8722=CARTESIAN_POINT('Origin',(90.,29.,-45.));
#8723=CARTESIAN_POINT('',(91.9999999999854,29.,-38.0000000000146));
#8724=CARTESIAN_POINT('',(90.,29.,-38.));
#8725=CARTESIAN_POINT('',(91.9999999999854,29.,38.0000000000145));
#8726=CARTESIAN_POINT('',(91.9999999999854,29.,-38.0000000000146));
#8727=CARTESIAN_POINT('',(90.,29.,38.));
#8728=CARTESIAN_POINT('',(91.9999999999854,29.,38.0000000000145));
#8729=CARTESIAN_POINT('',(83.,29.,45.));
#8730=CARTESIAN_POINT('Origin',(90.,29.,45.));
#8731=CARTESIAN_POINT('',(83.0000000000145,29.,47.0000000000582));
#8732=CARTESIAN_POINT('',(83.,29.,45.));
#8733=CARTESIAN_POINT('',(56.8007352543646,29.,47.));
#8734=CARTESIAN_POINT('',(83.0000000000145,29.,47.0000000000582));
#8735=CARTESIAN_POINT('',(43.1992647456354,29.,47.));
#8736=CARTESIAN_POINT('Origin',(50.,29.,55.));
#8737=CARTESIAN_POINT('',(41.8007352543646,29.,47.));
#8738=CARTESIAN_POINT('',(43.1992647456354,29.,47.));
#8739=CARTESIAN_POINT('',(28.1992647456354,29.,47.));
#8740=CARTESIAN_POINT('Origin',(35.,29.,55.));
#8741=CARTESIAN_POINT('',(26.8007352543646,29.,47.));
#8742=CARTESIAN_POINT('',(28.1992647456354,29.,47.));
#8743=CARTESIAN_POINT('',(13.1992647456354,29.,47.));
#8744=CARTESIAN_POINT('Origin',(20.,29.,55.));
#8745=CARTESIAN_POINT('',(11.8007352543646,29.,47.));
#8746=CARTESIAN_POINT('',(13.1992647456354,29.,47.));
#8747=CARTESIAN_POINT('',(-0.46296069239494,29.,46.0330573508387));
#8748=CARTESIAN_POINT('Origin',(4.99999999999999,29.,55.));
#8749=CARTESIAN_POINT('Origin',(-7.90036762715332,29.,47.0000000000212));
#8750=CARTESIAN_POINT('',(-15.4003676271533,29.,47.0000000003135));
#8751=CARTESIAN_POINT('Origin',(-7.90036762715332,29.,47.0000000000212));
#8752=CARTESIAN_POINT('',(-83.5,29.,46.9999999999855));
#8753=CARTESIAN_POINT('',(-7.70018381357665,29.,47.0000000003135));
#8754=CARTESIAN_POINT('',(-83.5,29.,45.));
#8755=CARTESIAN_POINT('',(-83.5,29.,47.5));
#8756=CARTESIAN_POINT('',(-90.,29.,38.5));
#8757=CARTESIAN_POINT('Origin',(-90.,29.,45.));
#8758=CARTESIAN_POINT('',(-92.5,29.,38.5));
#8759=CARTESIAN_POINT('',(-90.,29.,38.5));
#8760=CARTESIAN_POINT('',(-92.4999999999999,29.,-38.5));
#8761=CARTESIAN_POINT('',(-92.5,29.,45.));
#8762=CARTESIAN_POINT('',(-90.,29.,-38.5));
#8763=CARTESIAN_POINT('',(-92.5,29.,-38.5));
#8764=CARTESIAN_POINT('',(-83.5,29.,-45.));
#8765=CARTESIAN_POINT('Origin',(-90.,29.,-45.));
#8766=CARTESIAN_POINT('',(-83.5,29.,-46.9999999999899));
#8767=CARTESIAN_POINT('',(-83.5,29.,-45.));
#8768=CARTESIAN_POINT('',(-15.4003676271531,29.,-46.9999999999983));
#8769=CARTESIAN_POINT('',(-12.4999999999991,29.,-46.9999999999983));
#8770=CARTESIAN_POINT('Origin',(-7.90036762715314,29.,-47.0000000000213));
#8771=CARTESIAN_POINT('',(-5.86484650930371,29.,-44.5000000000213));
#8772=CARTESIAN_POINT('',(-9.8648465093037,29.,-44.5000000000213));
#8773=CARTESIAN_POINT('Origin',(-7.86484650930371,29.,-44.5000000000213));
#8774=CARTESIAN_POINT('Origin',(-7.86484650930371,29.,-44.5000000000213));
#8775=CARTESIAN_POINT('',(-5.86484650930379,29.,44.5000000000212));
#8776=CARTESIAN_POINT('',(-9.86484650930379,29.,44.5000000000212));
#8777=CARTESIAN_POINT('Origin',(-7.86484650930379,29.,44.5000000000212));
#8778=CARTESIAN_POINT('Origin',(-7.86484650930379,29.,44.5000000000212));
#8779=CARTESIAN_POINT('',(91.25,29.,44.25));
#8780=CARTESIAN_POINT('Origin',(89.25,29.,44.25));
#8781=CARTESIAN_POINT('',(91.25,29.,-44.25));
#8782=CARTESIAN_POINT('Origin',(89.25,29.,-44.25));
#8783=CARTESIAN_POINT('',(-87.25,29.,-44.25));
#8784=CARTESIAN_POINT('Origin',(-89.25,29.,-44.25));
#8785=CARTESIAN_POINT('',(-87.25,29.,44.25));
#8786=CARTESIAN_POINT('Origin',(-89.25,29.,44.25));
#8787=CARTESIAN_POINT('Origin',(64.,2.5,-25.5));
#8788=CARTESIAN_POINT('',(64.,3.,25.4999999999998));
#8789=CARTESIAN_POINT('',(64.,3.,-12.7499999999961));
#8790=CARTESIAN_POINT('',(64.,19.5,25.4999999999998));
#8791=CARTESIAN_POINT('',(64.,2.5,25.4999999999998));
#8792=CARTESIAN_POINT('',(64.,21.5,23.4999999999998));
#8793=CARTESIAN_POINT('Origin',(64.,19.5,23.4999999999998));
#8794=CARTESIAN_POINT('',(64.,21.5,13.4999999999998));
#8795=CARTESIAN_POINT('',(64.,21.5,11.4999999999998));
#8796=CARTESIAN_POINT('',(64.,19.5,11.4999999999998));
#8797=CARTESIAN_POINT('Origin',(64.,19.5,13.4999999999998));
#8798=CARTESIAN_POINT('',(64.,3.,11.4999999999998));
#8799=CARTESIAN_POINT('',(64.,2.5,11.4999999999998));
#8800=CARTESIAN_POINT('',(64.,3.,-11.5000000000001));
#8801=CARTESIAN_POINT('',(64.,3.,-12.7499999999961));
#8802=CARTESIAN_POINT('',(64.,19.5,-11.5000000000001));
#8803=CARTESIAN_POINT('',(64.,2.5,-11.5000000000001));
#8804=CARTESIAN_POINT('',(64.,21.5,-13.5000000000001));
#8805=CARTESIAN_POINT('Origin',(64.,19.5,-13.5000000000001));
#8806=CARTESIAN_POINT('',(64.,21.5,-23.5));
#8807=CARTESIAN_POINT('',(64.,21.5,-11.5000000000001));
#8808=CARTESIAN_POINT('',(64.,19.5,-25.5));
#8809=CARTESIAN_POINT('Origin',(64.,19.5,-23.5));
#8810=CARTESIAN_POINT('',(64.,3.,-25.5));
#8811=CARTESIAN_POINT('',(64.,2.5,-25.5));
#8812=CARTESIAN_POINT('',(64.,3.,-12.7499999999961));
#8813=CARTESIAN_POINT('Origin',(-6.8648465093037,29.,-39.5718309110406));
#8814=CARTESIAN_POINT('',(-6.8648465093037,3.,-39.5718309110406));
#8815=CARTESIAN_POINT('',(-6.8648465093037,3.,-19.7859154555164));
#8816=CARTESIAN_POINT('',(-6.8648465093037,29.,-39.5718309110406));
#8817=CARTESIAN_POINT('Origin',(-8.8648465093037,29.,-35.));
#8818=CARTESIAN_POINT('',(-8.8648465093037,3.,-39.5622731640931));
#8819=CARTESIAN_POINT('',(-8.86484650930371,29.,-39.5622731640931));
#8820=CARTESIAN_POINT('',(-8.86484650930369,3.,-17.4999999999961));
#8821=CARTESIAN_POINT('Origin',(-8.86484650930374,29.,39.562273164093));
#8822=CARTESIAN_POINT('',(-8.86484650930374,3.,39.562273164093));
#8823=CARTESIAN_POINT('',(-8.86484650930396,3.,19.7811365820507));
#8824=CARTESIAN_POINT('',(-8.86484650930374,29.,39.562273164093));
#8825=CARTESIAN_POINT('Origin',(-7.90036762715314,29.,-47.0000000000213));
#8826=CARTESIAN_POINT('',(-0.46296069239479,3.,-46.0330573508386));
#8827=CARTESIAN_POINT('Origin',(-7.90036762715314,3.,-47.0000000000213));
#8828=CARTESIAN_POINT('',(-0.462960692394792,29.,-46.0330573508386));
#8829=CARTESIAN_POINT('Origin',(-7.90036762715314,29.,-47.0000000000213));
#8830=CARTESIAN_POINT('',(-15.4003676271531,3.,-46.9999999999983));
#8831=CARTESIAN_POINT('',(-15.4003676271531,29.,-46.9999999999983));
#8832=CARTESIAN_POINT('Origin',(-7.90036762715314,3.,-47.0000000000213));
#8833=CARTESIAN_POINT('Origin',(36.7499999999927,3.,7.83817455385361E-12));
#8834=CARTESIAN_POINT('',(68.,3.,-25.5));
#8835=CARTESIAN_POINT('',(64.,3.,-25.5));
#8836=CARTESIAN_POINT('',(70.,3.,-23.5));
#8837=CARTESIAN_POINT('Origin',(68.,3.,-23.5));
#8838=CARTESIAN_POINT('',(70.,3.,-13.5000000000001));
#8839=CARTESIAN_POINT('',(70.,3.,-23.5));
#8840=CARTESIAN_POINT('',(68.,3.,-11.5000000000001));
#8841=CARTESIAN_POINT('Origin',(68.,3.,-13.5000000000001));
#8842=CARTESIAN_POINT('',(68.,3.,-11.5000000000001));
#8843=CARTESIAN_POINT('',(68.,3.,11.4999999999998));
#8844=CARTESIAN_POINT('',(64.,3.,11.4999999999998));
#8845=CARTESIAN_POINT('',(70.,3.,13.4999999999998));
#8846=CARTESIAN_POINT('Origin',(68.,3.,13.4999999999998));
#8847=CARTESIAN_POINT('',(70.,3.,23.4999999999998));
#8848=CARTESIAN_POINT('',(70.,3.,13.4999999999998));
#8849=CARTESIAN_POINT('',(68.,3.,25.4999999999998));
#8850=CARTESIAN_POINT('Origin',(68.,3.,23.4999999999998));
#8851=CARTESIAN_POINT('',(68.,3.,25.4999999999998));
#8852=CARTESIAN_POINT('',(-0.46296069239494,3.,46.0330573508387));
#8853=CARTESIAN_POINT('Origin',(-7.90036762715332,3.,47.0000000000212));
#8854=CARTESIAN_POINT('',(11.8007352543646,3.,47.));
#8855=CARTESIAN_POINT('Origin',(4.99999999999999,3.,55.));
#8856=CARTESIAN_POINT('',(13.1992647456354,3.,47.));
#8857=CARTESIAN_POINT('',(24.2753676271786,3.,47.));
#8858=CARTESIAN_POINT('',(26.8007352543646,3.,47.));
#8859=CARTESIAN_POINT('Origin',(20.,3.,55.));
#8860=CARTESIAN_POINT('',(28.1992647456354,3.,47.));
#8861=CARTESIAN_POINT('',(31.7753676271786,3.,47.));
#8862=CARTESIAN_POINT('',(41.8007352543646,3.,47.));
#8863=CARTESIAN_POINT('Origin',(35.,3.,55.));
#8864=CARTESIAN_POINT('',(43.1992647456354,3.,47.));
#8865=CARTESIAN_POINT('',(39.2753676271783,3.,47.));
#8866=CARTESIAN_POINT('',(56.8007352543646,3.,47.));
#8867=CARTESIAN_POINT('Origin',(50.,3.,55.));
#8868=CARTESIAN_POINT('',(83.0000000000145,3.,47.0000000000582));
#8869=CARTESIAN_POINT('',(46.7753676271264,3.,46.9999999999777));
#8870=CARTESIAN_POINT('',(83.,3.,45.));
#8871=CARTESIAN_POINT('',(82.9999999998436,3.,23.4999999998648));
#8872=CARTESIAN_POINT('',(90.,3.,38.));
#8873=CARTESIAN_POINT('Origin',(90.,3.,45.));
#8874=CARTESIAN_POINT('',(91.9999999999854,3.,38.0000000000145));
#8875=CARTESIAN_POINT('',(63.3749999998581,3.,37.9999999998062));
#8876=CARTESIAN_POINT('',(91.9999999999854,3.,-38.0000000000146));
#8877=CARTESIAN_POINT('',(91.9999999999854,3.,19.0000000000112));
#8878=CARTESIAN_POINT('',(90.,3.,-38.));
#8879=CARTESIAN_POINT('',(64.3749999998508,3.,-37.9999999998136));
#8880=CARTESIAN_POINT('',(83.,3.,-45.));
#8881=CARTESIAN_POINT('Origin',(90.,3.,-45.));
#8882=CARTESIAN_POINT('',(83.0000000000146,3.,-46.9999999999855));
#8883=CARTESIAN_POINT('',(82.9999999998363,3.,-22.4999999998279));
#8884=CARTESIAN_POINT('',(56.8007352543646,3.,-47.));
#8885=CARTESIAN_POINT('',(59.8750000000167,3.,-46.9999999999983));
#8886=CARTESIAN_POINT('',(43.1992647456354,3.,-47.));
#8887=CARTESIAN_POINT('Origin',(50.,3.,-55.));
#8888=CARTESIAN_POINT('',(41.8007352543646,3.,-47.));
#8889=CARTESIAN_POINT('',(39.9746323728141,3.,-47.));
#8890=CARTESIAN_POINT('',(28.1992647456354,3.,-47.));
#8891=CARTESIAN_POINT('Origin',(35.,3.,-55.));
#8892=CARTESIAN_POINT('',(26.8007352543646,3.,-47.));
#8893=CARTESIAN_POINT('',(32.4746323728141,3.,-47.));
#8894=CARTESIAN_POINT('',(13.1992647456354,3.,-47.));
#8895=CARTESIAN_POINT('Origin',(20.,3.,-55.));
#8896=CARTESIAN_POINT('',(11.8007352543646,3.,-47.));
#8897=CARTESIAN_POINT('',(24.9746323728141,3.,-47.));
#8898=CARTESIAN_POINT('Origin',(4.99999999999999,3.,-55.));
#8899=CARTESIAN_POINT('Origin',(36.7499999999927,3.,7.83817455385361E-12));
#8900=CARTESIAN_POINT('',(-83.5,3.,-46.9999999999899));
#8901=CARTESIAN_POINT('',(-40.7500000000025,3.,-46.999999999996));
#8902=CARTESIAN_POINT('',(-83.5,3.,-45.));
#8903=CARTESIAN_POINT('',(-83.5,3.,-23.7499999999212));
#8904=CARTESIAN_POINT('',(-90.,3.,-38.5));
#8905=CARTESIAN_POINT('Origin',(-90.,3.,-45.));
#8906=CARTESIAN_POINT('',(-92.4999999999999,3.,-38.5));
#8907=CARTESIAN_POINT('',(-73.25,3.,-38.5));
#8908=CARTESIAN_POINT('',(-92.5,3.,38.5));
#8909=CARTESIAN_POINT('',(-92.5,3.,-22.4999999999212));
#8910=CARTESIAN_POINT('',(-90.,3.,38.5));
#8911=CARTESIAN_POINT('',(-74.5,3.,38.5));
#8912=CARTESIAN_POINT('',(-83.5,3.,45.));
#8913=CARTESIAN_POINT('Origin',(-90.,3.,45.));
#8914=CARTESIAN_POINT('',(-83.5,3.,46.9999999999855));
#8915=CARTESIAN_POINT('',(-83.4999999999998,3.,22.5000000000787));
#8916=CARTESIAN_POINT('',(-15.4003676271533,3.,47.0000000003135));
#8917=CARTESIAN_POINT('',(-70.0000000001315,3.,47.0000000000616));
#8918=CARTESIAN_POINT('Origin',(-7.90036762715332,3.,47.0000000000212));
#8919=CARTESIAN_POINT('',(-21.5,3.,3.99999999999998));
#8920=CARTESIAN_POINT('',(-36.5,3.,3.99999999999998));
#8921=CARTESIAN_POINT('',(-21.5,3.,-4.00000000000001));
#8922=CARTESIAN_POINT('Origin',(-21.5,3.,-1.77635683940025E-14));
#8923=CARTESIAN_POINT('',(-38.,3.,-4.00000000000001));
#8924=CARTESIAN_POINT('',(-69.5,3.,-3.18360056931473E-14));
#8925=CARTESIAN_POINT('',(-77.5,3.,-3.87284091632037E-14));
#8926=CARTESIAN_POINT('Origin',(-73.5,3.,-3.5527136788005E-14));
#8927=CARTESIAN_POINT('Origin',(-73.5,3.,-3.5527136788005E-14));
#8928=CARTESIAN_POINT('',(-22.5000000000001,3.,-34.4999999999999));
#8929=CARTESIAN_POINT('',(-30.5000000000001,3.,-34.4999999999999));
#8930=CARTESIAN_POINT('Origin',(-26.5000000000001,3.,-34.4999999999999));
#8931=CARTESIAN_POINT('Origin',(-26.5000000000001,3.,-34.4999999999999));
#8932=CARTESIAN_POINT('',(-22.5000000000001,3.,34.5));
#8933=CARTESIAN_POINT('',(-30.5000000000001,3.,34.5));
#8934=CARTESIAN_POINT('Origin',(-26.5000000000001,3.,34.5));
#8935=CARTESIAN_POINT('Origin',(-26.5000000000001,3.,34.5));
#8936=CARTESIAN_POINT('',(-81.5,3.,34.5));
#8937=CARTESIAN_POINT('',(-89.5,3.,34.5));
#8938=CARTESIAN_POINT('Origin',(-85.5,3.,34.5));
#8939=CARTESIAN_POINT('Origin',(-85.5,3.,34.5));
#8940=CARTESIAN_POINT('',(-81.5,3.,-34.4999999999999));
#8941=CARTESIAN_POINT('',(-89.5,3.,-34.4999999999999));
#8942=CARTESIAN_POINT('Origin',(-85.5,3.,-34.4999999999999));
#8943=CARTESIAN_POINT('Origin',(-85.5,3.,-34.4999999999999));
#8944=CARTESIAN_POINT('Origin',(-7.90036762715332,29.,47.0000000000212));
#8945=CARTESIAN_POINT('',(-0.462960692394941,29.,46.0330573508387));
#8946=CARTESIAN_POINT('Origin',(-7.86484650930379,25.125,44.5000000000212));
#8947=CARTESIAN_POINT('',(-5.86484650930379,25.75,44.5000000000212));
#8948=CARTESIAN_POINT('',(-9.86484650930379,25.75,44.5000000000212));
#8949=CARTESIAN_POINT('Origin',(-7.86484650930379,25.75,44.5000000000212));
#8950=CARTESIAN_POINT('Origin',(-7.86484650930379,25.75,44.5000000000212));
#8951=CARTESIAN_POINT('',(-4.61484650930378,24.5,44.5000000000212));
#8952=CARTESIAN_POINT('',(-5.23984650930378,25.125,44.5000000000212));
#8953=CARTESIAN_POINT('',(-11.1148465093038,24.5,44.5000000000212));
#8954=CARTESIAN_POINT('Origin',(-7.86484650930379,24.5,44.5000000000212));
#8955=CARTESIAN_POINT('Origin',(-7.86484650930379,24.5,44.5000000000212));
#8956=CARTESIAN_POINT('Origin',(-7.86484650930379,29.,44.5000000000212));
#8957=CARTESIAN_POINT('',(-9.86484650930379,29.,44.5000000000212));
#8958=CARTESIAN_POINT('Origin',(-7.86484650930371,25.125,-44.5000000000213));
#8959=CARTESIAN_POINT('',(-5.86484650930371,25.75,-44.5000000000213));
#8960=CARTESIAN_POINT('',(-9.8648465093037,25.75,-44.5000000000213));
#8961=CARTESIAN_POINT('Origin',(-7.86484650930371,25.75,-44.5000000000213));
#8962=CARTESIAN_POINT('Origin',(-7.86484650930371,25.75,-44.5000000000213));
#8963=CARTESIAN_POINT('',(-4.6148465093037,24.5,-44.5000000000213));
#8964=CARTESIAN_POINT('',(-5.23984650930371,25.125,-44.5000000000213));
#8965=CARTESIAN_POINT('',(-11.1148465093037,24.5,-44.5000000000213));
#8966=CARTESIAN_POINT('Origin',(-7.86484650930371,24.5,-44.5000000000213));
#8967=CARTESIAN_POINT('Origin',(-7.86484650930371,24.5,-44.5000000000213));
#8968=CARTESIAN_POINT('Origin',(-7.86484650930371,29.,-44.5000000000213));
#8969=CARTESIAN_POINT('',(-9.8648465093037,29.,-44.5000000000213));
#8970=CARTESIAN_POINT('Origin',(-7.86484650930371,0.,-44.5000000000213));
#8971=CARTESIAN_POINT('',(-11.1148465093037,0.,-44.5000000000213));
#8972=CARTESIAN_POINT('Origin',(-7.86484650930379,0.,44.5000000000212));
#8973=CARTESIAN_POINT('',(-11.1148465093038,0.,44.5000000000212));
#8974=CARTESIAN_POINT('Origin',(-7.90036762715332,29.,47.0000000000212));
#8975=CARTESIAN_POINT('',(-15.4003676271533,29.,47.0000000003135));
#8976=CARTESIAN_POINT('Origin',(4.99999999999999,29.,55.));
#8977=CARTESIAN_POINT('',(11.8007352543646,29.,47.));
#8978=CARTESIAN_POINT('Origin',(-90.5,15.591438824744,25.1179821071855));
#8979=CARTESIAN_POINT('',(-90.5,15.591438824744,18.6179821071855));
#8980=CARTESIAN_POINT('Origin',(-90.5,15.591438824744,25.1179821071855));
#8981=CARTESIAN_POINT('',(-92.5,15.591438824744,16.6179821071855));
#8982=CARTESIAN_POINT('Origin',(-90.5,15.591438824744,16.6179821071855));
#8983=CARTESIAN_POINT('Origin',(-92.5,15.591438824744,25.1179821071855));
#8984=CARTESIAN_POINT('Origin',(-92.5,0.,-45.));
#8985=CARTESIAN_POINT('',(-92.5,14.5,-38.5));
#8986=CARTESIAN_POINT('',(-92.5,14.5,38.5));
#8987=CARTESIAN_POINT('Origin',(-90.5,15.591438824744,25.1179821071855));
#8988=CARTESIAN_POINT('',(-90.5,15.591438824744,21.6179821071855));
#8989=CARTESIAN_POINT('Origin',(-90.5,15.591438824744,25.1179821071855));
#8990=CARTESIAN_POINT('Origin',(-43.5000000000145,10.0000000000146,47.5));
#8991=CARTESIAN_POINT('',(-43.5000000000062,13.,47.0000000002099));
#8992=CARTESIAN_POINT('',(-43.5000000000145,13.,48.5000000002099));
#8993=CARTESIAN_POINT('',(-43.5000000000145,13.,47.250000000105));
#8994=CARTESIAN_POINT('',(-43.5000000000145,22.,48.5000000002099));
#8995=CARTESIAN_POINT('',(-43.5000000000145,24.9999999999854,48.5));
#8996=CARTESIAN_POINT('',(-43.5000000000062,22.,47.0000000002099));
#8997=CARTESIAN_POINT('',(-43.5000000000145,22.,47.2500000000504));
#8998=CARTESIAN_POINT('',(-43.5000000000117,19.5000000000073,47.0000000002099));
#8999=CARTESIAN_POINT('Origin',(-53.25,17.5,48.5));
#9000=CARTESIAN_POINT('',(-46.5,13.,48.5));
#9001=CARTESIAN_POINT('',(-48.3750000000031,13.,48.5));
#9002=CARTESIAN_POINT('',(-46.5,22.,48.5));
#9003=CARTESIAN_POINT('',(-46.5,19.75,48.5));
#9004=CARTESIAN_POINT('',(-58.1249999999885,22.,48.5));
#9005=CARTESIAN_POINT('Origin',(-53.25,17.5,48.5));
#9006=CARTESIAN_POINT('',(-60.,13.,48.5));
#9007=CARTESIAN_POINT('',(-62.9999999999854,13.,48.5000000001008));
#9008=CARTESIAN_POINT('',(-48.3750000000031,13.,48.5));
#9009=CARTESIAN_POINT('',(-62.9999999999854,22.,48.5000000001008));
#9010=CARTESIAN_POINT('',(-62.9999999999854,10.0000000000146,48.5));
#9011=CARTESIAN_POINT('',(-60.,22.,48.5));
#9012=CARTESIAN_POINT('',(-58.1249999999885,22.,48.5));
#9013=CARTESIAN_POINT('',(-60.,15.25,48.5));
#9014=CARTESIAN_POINT('Origin',(-62.9999999999854,24.9999999999854,47.5));
#9015=CARTESIAN_POINT('',(-62.999999999977,13.,47.0000000001008));
#9016=CARTESIAN_POINT('',(-62.9999999999854,13.,47.250000000105));
#9017=CARTESIAN_POINT('',(-62.999999999977,22.,47.0000000001008));
#9018=CARTESIAN_POINT('',(-62.9999999999826,26.9999999999927,47.0000000001008));
#9019=CARTESIAN_POINT('',(-62.9999999999854,22.,47.2500000000504));
#9020=CARTESIAN_POINT('Origin',(20.,29.,-55.));
#9021=CARTESIAN_POINT('',(26.8007352543646,29.,-47.));
#9022=CARTESIAN_POINT('',(13.1992647456354,29.,-47.));
#9023=CARTESIAN_POINT('Origin',(28.1992647456354,29.,-47.));
#9024=CARTESIAN_POINT('',(28.1992647456354,29.,-47.));
#9025=CARTESIAN_POINT('Origin',(35.,29.,-55.));
#9026=CARTESIAN_POINT('',(41.8007352543646,29.,-47.));
#9027=CARTESIAN_POINT('Origin',(43.1992647456354,29.,-47.));
#9028=CARTESIAN_POINT('',(43.1992647456354,29.,-47.));
#9029=CARTESIAN_POINT('Origin',(50.,29.,-55.));
#9030=CARTESIAN_POINT('',(56.8007352543646,29.,-47.));
#9031=CARTESIAN_POINT('Origin',(83.0000000000146,29.,-46.9999999999855));
#9032=CARTESIAN_POINT('',(83.0000000000146,29.,-46.9999999999855));
#9033=CARTESIAN_POINT('Origin',(83.,29.,-45.));
#9034=CARTESIAN_POINT('',(83.,29.,-45.));
#9035=CARTESIAN_POINT('Origin',(90.,29.,-45.));
#9036=CARTESIAN_POINT('',(90.,29.,-38.));
#9037=CARTESIAN_POINT('Origin',(91.9999999999854,29.,-38.0000000000146));
#9038=CARTESIAN_POINT('',(91.9999999999854,29.,-38.0000000000146));
#9039=CARTESIAN_POINT('Origin',(91.9999999999854,29.,38.0000000000145));
#9040=CARTESIAN_POINT('',(91.9999999999854,29.,38.0000000000145));
#9041=CARTESIAN_POINT('',(91.9999999999854,14.5,26.));
#9042=CARTESIAN_POINT('Origin',(91.9999999999854,14.5,20.));
#9043=CARTESIAN_POINT('',(91.9999999999854,14.5,-14.));
#9044=CARTESIAN_POINT('Origin',(91.9999999999854,14.5,-20.));
#9045=CARTESIAN_POINT('Origin',(90.,29.,38.));
#9046=CARTESIAN_POINT('',(90.,29.,38.));
#9047=CARTESIAN_POINT('Origin',(90.,29.,45.));
#9048=CARTESIAN_POINT('',(83.,29.,45.));
#9049=CARTESIAN_POINT('Origin',(83.0000000000145,29.,47.0000000000582));
#9050=CARTESIAN_POINT('',(83.0000000000145,29.,47.0000000000582));
#9051=CARTESIAN_POINT('Origin',(56.8007352543646,29.,47.));
#9052=CARTESIAN_POINT('',(56.8007352543646,29.,47.));
#9053=CARTESIAN_POINT('',(76.4641016151204,12.,47.0000000000437));
#9054=CARTESIAN_POINT('',(76.4641016151204,23.,47.0000000000437));
#9055=CARTESIAN_POINT('Origin',(72.9999999999827,17.5,47.000000000036));
#9056=CARTESIAN_POINT('',(69.5358983848449,23.,47.0000000000283));
#9057=CARTESIAN_POINT('',(66.6324184347425,23.,47.0000000000218));
#9058=CARTESIAN_POINT('',(69.5358983848449,12.,47.0000000000283));
#9059=CARTESIAN_POINT('Origin',(72.9999999999827,17.5,47.000000000036));
#9060=CARTESIAN_POINT('',(63.1683168196047,12.,47.0000000000142));
#9061=CARTESIAN_POINT('Origin',(50.,29.,55.));
#9062=CARTESIAN_POINT('',(43.1992647456354,29.,47.));
#9063=CARTESIAN_POINT('Origin',(41.8007352543646,29.,47.));
#9064=CARTESIAN_POINT('',(41.8007352543646,29.,47.));
#9065=CARTESIAN_POINT('Origin',(35.,29.,55.));
#9066=CARTESIAN_POINT('',(28.1992647456354,29.,47.));
#9067=CARTESIAN_POINT('Origin',(26.8007352543646,29.,47.));
#9068=CARTESIAN_POINT('',(26.8007352543646,29.,47.));
#9069=CARTESIAN_POINT('Origin',(20.,29.,55.));
#9070=CARTESIAN_POINT('',(13.1992647456354,29.,47.));
#9071=CARTESIAN_POINT('Origin',(11.8007352543646,29.,47.));
#9072=CARTESIAN_POINT('Origin',(72.9999999999827,17.5,47.000000000036));
#9073=CARTESIAN_POINT('',(69.5358983848383,12.,50.));
#9074=CARTESIAN_POINT('',(69.5358983848383,23.,50.));
#9075=CARTESIAN_POINT('Origin',(72.999999999976,17.5,50.0000000003621));
#9076=CARTESIAN_POINT('',(69.5358983848449,12.,47.0000000000283));
#9077=CARTESIAN_POINT('',(69.5358983848449,23.,47.0000000000283));
#9078=CARTESIAN_POINT('Origin',(76.4641016151204,23.,47.0000000000437));
#9079=CARTESIAN_POINT('',(76.4641016151138,23.,50.));
#9080=CARTESIAN_POINT('',(-6.76794919243978,23.,50.));
#9081=CARTESIAN_POINT('',(76.4641016151204,23.,47.0000000000437));
#9082=CARTESIAN_POINT('Origin',(72.9999999999827,17.5,47.000000000036));
#9083=CARTESIAN_POINT('',(76.4641016151138,12.,50.));
#9084=CARTESIAN_POINT('Origin',(72.999999999976,17.5,50.0000000003621));
#9085=CARTESIAN_POINT('',(76.4641016151204,12.,47.0000000000437));
#9086=CARTESIAN_POINT('Origin',(69.5358983848449,12.,47.0000000000283));
#9087=CARTESIAN_POINT('',(-10.2320508075775,12.,50.));
#9088=CARTESIAN_POINT('Origin',(-98.,8.75,9.00000000000001));
#9089=CARTESIAN_POINT('',(-95.,20.,9.00000000000001));
#9090=CARTESIAN_POINT('',(-98.,20.,6.00000000000001));
#9091=CARTESIAN_POINT('Origin',(-98.,20.,9.00000000000001));
#9092=CARTESIAN_POINT('',(-98.,15.,6.00000000000001));
#9093=CARTESIAN_POINT('',(-98.,8.75,6.00000000000001));
#9094=CARTESIAN_POINT('',(-95.,15.,9.00000000000001));
#9095=CARTESIAN_POINT('Origin',(-98.,15.,9.00000000000001));
#9096=CARTESIAN_POINT('',(-95.,8.75,9.00000000000001));
#9097=CARTESIAN_POINT('Origin',(-95.,17.5,6.));
#9098=CARTESIAN_POINT('',(-98.4999999999998,20.,6.00000000000001));
#9099=CARTESIAN_POINT('',(-95.,20.,6.));
#9100=CARTESIAN_POINT('',(-98.4999999999998,15.,6.00000000000001));
#9101=CARTESIAN_POINT('',(-98.4999999999998,17.5,6.00000000000001));
#9102=CARTESIAN_POINT('',(-95.,15.,6.));
#9103=CARTESIAN_POINT('Origin',(-98.,8.75,-8.99999999999999));
#9104=CARTESIAN_POINT('',(-95.,15.,-8.99999999999999));
#9105=CARTESIAN_POINT('',(-98.,15.,-6.));
#9106=CARTESIAN_POINT('Origin',(-98.,15.,-8.99999999999999));
#9107=CARTESIAN_POINT('',(-98.,20.,-6.));
#9108=CARTESIAN_POINT('',(-98.,8.75,-6.));
#9109=CARTESIAN_POINT('',(-95.,20.,-8.99999999999999));
#9110=CARTESIAN_POINT('Origin',(-98.,20.,-8.99999999999999));
#9111=CARTESIAN_POINT('',(-95.,8.75,-8.99999999999999));
#9112=CARTESIAN_POINT('Origin',(-98.5,17.5,-5.99999999999999));
#9113=CARTESIAN_POINT('',(-98.5,15.,-5.99999999999999));
#9114=CARTESIAN_POINT('',(-98.5,15.,-5.99999999999999));
#9115=CARTESIAN_POINT('',(-98.5,20.,-5.99999999999999));
#9116=CARTESIAN_POINT('',(-98.5,17.5,-5.99999999999999));
#9117=CARTESIAN_POINT('',(-98.5,20.,-5.99999999999999));
#9118=CARTESIAN_POINT('Origin',(-99.75,20.,4.44089209850063E-15));
#9119=CARTESIAN_POINT('Origin',(-98.5,20.,8.88178419700125E-15));
#9120=CARTESIAN_POINT('',(-95.,20.,-22.5));
#9121=CARTESIAN_POINT('',(-95.5,20.,8.88178419700125E-15));
#9122=CARTESIAN_POINT('Origin',(-98.5,20.,8.88178419700125E-15));
#9123=CARTESIAN_POINT('Origin',(-98.5,17.5,8.88178419700125E-15));
#9124=CARTESIAN_POINT('',(-95.5,15.,8.88178419700125E-15));
#9125=CARTESIAN_POINT('Origin',(-98.5,15.,8.88178419700125E-15));
#9126=CARTESIAN_POINT('',(-95.5,17.5,9.24917823674546E-15));
#9127=CARTESIAN_POINT('Origin',(-98.5,17.5,8.88178419700125E-15));
#9128=CARTESIAN_POINT('Origin',(-98.5,15.,8.88178419700125E-15));
#9129=CARTESIAN_POINT('Origin',(-99.75,15.,4.44089209850063E-15));
#9130=CARTESIAN_POINT('',(-95.,15.,-22.5));
#9131=CARTESIAN_POINT('Origin',(-35.5,0.,-37.));
#9132=CARTESIAN_POINT('',(-32.5,0.2,-37.));
#9133=CARTESIAN_POINT('',(-32.5,0.,-37.));
#9134=CARTESIAN_POINT('',(-35.5,0.2,-40.));
#9135=CARTESIAN_POINT('Origin',(-35.5,0.2,-37.));
#9136=CARTESIAN_POINT('',(-35.5,0.,-40.));
#9137=CARTESIAN_POINT('Origin',(-32.5,0.,37.));
#9138=CARTESIAN_POINT('',(-32.5,0.2,37.));
#9139=CARTESIAN_POINT('',(-32.5,0.,37.));
#9140=CARTESIAN_POINT('',(-32.5,0.2,-37.));
#9141=CARTESIAN_POINT('Origin',(-35.5,0.,37.));
#9142=CARTESIAN_POINT('',(-35.5,0.2,40.));
#9143=CARTESIAN_POINT('',(-35.5,0.,40.));
#9144=CARTESIAN_POINT('Origin',(-35.5,0.2,37.));
#9145=CARTESIAN_POINT('Origin',(-79.5,0.,40.));
#9146=CARTESIAN_POINT('',(-79.5,0.2,40.));
#9147=CARTESIAN_POINT('',(-79.5,0.,40.));
#9148=CARTESIAN_POINT('',(-35.5,0.2,40.));
#9149=CARTESIAN_POINT('Origin',(-79.5,0.,37.));
#9150=CARTESIAN_POINT('',(-82.5,0.2,37.));
#9151=CARTESIAN_POINT('',(-82.5,0.,37.));
#9152=CARTESIAN_POINT('Origin',(-79.5,0.2,37.));
#9153=CARTESIAN_POINT('Origin',(-82.5,0.,-37.));
#9154=CARTESIAN_POINT('',(-82.5,0.2,-37.));
#9155=CARTESIAN_POINT('',(-82.5,0.,-37.));
#9156=CARTESIAN_POINT('',(-82.5,0.2,37.));
#9157=CARTESIAN_POINT('Origin',(-79.5,0.,-37.));
#9158=CARTESIAN_POINT('',(-79.5,0.2,-40.));
#9159=CARTESIAN_POINT('',(-79.5,0.,-40.));
#9160=CARTESIAN_POINT('Origin',(-79.5,0.2,-37.));
#9161=CARTESIAN_POINT('Origin',(-35.5,0.,-40.));
#9162=CARTESIAN_POINT('',(-79.5,0.2,-40.));
#9163=CARTESIAN_POINT('Origin',(-57.5,0.2,8.88178419700125E-15));
#9164=CARTESIAN_POINT('Origin',(-73.5,3.,-3.5527136788005E-14));
#9165=CARTESIAN_POINT('',(-69.5,7.5,-3.18360056931473E-14));
#9166=CARTESIAN_POINT('',(-77.5,7.5,-3.87284091632037E-14));
#9167=CARTESIAN_POINT('Origin',(-73.5,7.5,-3.5527136788005E-14));
#9168=CARTESIAN_POINT('Origin',(-73.5,7.5,-3.5527136788005E-14));
#9169=CARTESIAN_POINT('',(-77.5,3.,-3.87284091632037E-14));
#9170=CARTESIAN_POINT('Origin',(-73.5,7.5,-3.5527136788005E-14));
#9171=CARTESIAN_POINT('Origin',(26.8007352543677,29.,47.));
#9172=CARTESIAN_POINT('',(25.8292016466009,28.,48.1428571428571));
#9173=CARTESIAN_POINT('',(25.8292016466009,29.,48.1428571428571));
#9174=CARTESIAN_POINT('',(26.8007352543646,28.,48.5));
#9175=CARTESIAN_POINT('Origin',(26.8007352543677,28.,47.));
#9176=CARTESIAN_POINT('',(26.8007352543646,29.,48.5));
#9177=CARTESIAN_POINT('Origin',(20.,29.,55.));
#9178=CARTESIAN_POINT('',(14.1707983533991,28.,48.1428571428571));
#9179=CARTESIAN_POINT('',(14.1707983533991,29.,48.1428571428571));
#9180=CARTESIAN_POINT('Origin',(20.,28.,55.));
#9181=CARTESIAN_POINT('Origin',(13.1992647456323,29.,47.));
#9182=CARTESIAN_POINT('',(13.1992647456354,28.,48.5));
#9183=CARTESIAN_POINT('',(13.1992647456354,29.,48.5));
#9184=CARTESIAN_POINT('Origin',(13.1992647456323,28.,47.));
#9185=CARTESIAN_POINT('Origin',(11.8007352543646,29.,48.5));
#9186=CARTESIAN_POINT('',(11.8007352543646,28.,48.5));
#9187=CARTESIAN_POINT('',(11.8007352543646,29.,48.5));
#9188=CARTESIAN_POINT('',(13.1992647456354,28.,48.5));
#9189=CARTESIAN_POINT('Origin',(11.8007352543677,29.,47.));
#9190=CARTESIAN_POINT('',(10.8292016466009,28.,48.1428571428571));
#9191=CARTESIAN_POINT('',(10.8292016466009,29.,48.1428571428571));
#9192=CARTESIAN_POINT('Origin',(11.8007352543677,28.,47.));
#9193=CARTESIAN_POINT('Origin',(4.99999999999999,29.,55.));
#9194=CARTESIAN_POINT('',(-0.829201646600914,28.,48.1428571428571));
#9195=CARTESIAN_POINT('',(-0.829201646600915,29.,48.1428571428571));
#9196=CARTESIAN_POINT('Origin',(4.99999999999999,28.,55.));
#9197=CARTESIAN_POINT('Origin',(-1.80073525436773,29.,47.));
#9198=CARTESIAN_POINT('',(-1.80073525436455,28.,48.5));
#9199=CARTESIAN_POINT('',(-1.80073525436455,29.,48.5));
#9200=CARTESIAN_POINT('Origin',(-1.80073525436773,28.,47.));
#9201=CARTESIAN_POINT('Origin',(-90.,29.,48.5));
#9202=CARTESIAN_POINT('',(-90.,28.,48.5));
#9203=CARTESIAN_POINT('',(-90.,29.,48.5));
#9204=CARTESIAN_POINT('',(-1.80073525436455,28.,48.5));
#9205=CARTESIAN_POINT('Origin',(-90.,29.,45.));
#9206=CARTESIAN_POINT('',(-93.5,28.,45.));
#9207=CARTESIAN_POINT('',(-93.5,29.,45.));
#9208=CARTESIAN_POINT('Origin',(-90.,28.,45.));
#9209=CARTESIAN_POINT('Origin',(-93.4999999999999,29.,-45.));
#9210=CARTESIAN_POINT('',(-93.4999999999999,28.,-45.));
#9211=CARTESIAN_POINT('',(-93.4999999999999,29.,-45.));
#9212=CARTESIAN_POINT('',(-93.5,28.,45.));
#9213=CARTESIAN_POINT('Origin',(-90.,29.,-45.));
#9214=CARTESIAN_POINT('',(-90.,28.,-48.5));
#9215=CARTESIAN_POINT('',(-90.,29.,-48.5));
#9216=CARTESIAN_POINT('Origin',(-90.,28.,-45.));
#9217=CARTESIAN_POINT('Origin',(-1.80073525436455,29.,-48.5));
#9218=CARTESIAN_POINT('',(-1.80073525436455,28.,-48.5));
#9219=CARTESIAN_POINT('',(-1.80073525436455,29.,-48.5));
#9220=CARTESIAN_POINT('',(-90.,28.,-48.5));
#9221=CARTESIAN_POINT('Origin',(-1.80073525436775,29.,-47.));
#9222=CARTESIAN_POINT('',(-0.829201646600932,28.,-48.1428571428572));
#9223=CARTESIAN_POINT('',(-0.829201646600934,29.,-48.1428571428572));
#9224=CARTESIAN_POINT('Origin',(-1.80073525436775,28.,-47.));
#9225=CARTESIAN_POINT('Origin',(4.99999999999999,29.,-55.));
#9226=CARTESIAN_POINT('',(10.8292016466009,28.,-48.1428571428572));
#9227=CARTESIAN_POINT('',(10.8292016466009,29.,-48.1428571428572));
#9228=CARTESIAN_POINT('Origin',(4.99999999999999,28.,-55.));
#9229=CARTESIAN_POINT('Origin',(11.8007352543677,29.,-47.));
#9230=CARTESIAN_POINT('',(11.8007352543646,28.,-48.5));
#9231=CARTESIAN_POINT('',(11.8007352543646,29.,-48.5));
#9232=CARTESIAN_POINT('Origin',(11.8007352543677,28.,-47.));
#9233=CARTESIAN_POINT('Origin',(13.1992647456354,29.,-48.5));
#9234=CARTESIAN_POINT('',(13.1992647456354,28.,-48.5));
#9235=CARTESIAN_POINT('',(13.1992647456354,29.,-48.5));
#9236=CARTESIAN_POINT('',(11.8007352543646,28.,-48.5));
#9237=CARTESIAN_POINT('Origin',(13.1992647456322,29.,-47.));
#9238=CARTESIAN_POINT('',(14.1707983533991,28.,-48.1428571428572));
#9239=CARTESIAN_POINT('',(14.1707983533991,29.,-48.1428571428572));
#9240=CARTESIAN_POINT('Origin',(13.1992647456322,28.,-47.));
#9241=CARTESIAN_POINT('Origin',(20.,29.,-55.));
#9242=CARTESIAN_POINT('',(25.8292016466009,28.,-48.1428571428572));
#9243=CARTESIAN_POINT('',(25.8292016466009,29.,-48.1428571428572));
#9244=CARTESIAN_POINT('Origin',(20.,28.,-55.));
#9245=CARTESIAN_POINT('Origin',(26.8007352543677,29.,-47.));
#9246=CARTESIAN_POINT('',(26.8007352543646,28.,-48.5));
#9247=CARTESIAN_POINT('',(26.8007352543646,29.,-48.5));
#9248=CARTESIAN_POINT('Origin',(26.8007352543677,28.,-47.));
#9249=CARTESIAN_POINT('Origin',(28.1992647456354,29.,-48.5));
#9250=CARTESIAN_POINT('',(28.1992647456354,28.,-48.5));
#9251=CARTESIAN_POINT('',(28.1992647456354,29.,-48.5));
#9252=CARTESIAN_POINT('',(26.8007352543646,28.,-48.5));
#9253=CARTESIAN_POINT('Origin',(28.1992647456322,29.,-47.));
#9254=CARTESIAN_POINT('',(29.1707983533991,28.,-48.1428571428572));
#9255=CARTESIAN_POINT('',(29.1707983533991,29.,-48.1428571428572));
#9256=CARTESIAN_POINT('Origin',(28.1992647456322,28.,-47.));
#9257=CARTESIAN_POINT('Origin',(35.,29.,-55.));
#9258=CARTESIAN_POINT('',(40.8292016466009,28.,-48.1428571428572));
#9259=CARTESIAN_POINT('',(40.8292016466009,29.,-48.1428571428572));
#9260=CARTESIAN_POINT('Origin',(35.,28.,-55.));
#9261=CARTESIAN_POINT('Origin',(41.8007352543677,29.,-47.));
#9262=CARTESIAN_POINT('',(41.8007352543646,28.,-48.5));
#9263=CARTESIAN_POINT('',(41.8007352543646,29.,-48.5));
#9264=CARTESIAN_POINT('Origin',(41.8007352543677,28.,-47.));
#9265=CARTESIAN_POINT('Origin',(43.1992647456354,29.,-48.5));
#9266=CARTESIAN_POINT('',(43.1992647456354,28.,-48.5));
#9267=CARTESIAN_POINT('',(43.1992647456354,29.,-48.5));
#9268=CARTESIAN_POINT('',(41.8007352543646,28.,-48.5));
#9269=CARTESIAN_POINT('Origin',(43.1992647456322,29.,-47.));
#9270=CARTESIAN_POINT('',(44.1707983533991,28.,-48.1428571428572));
#9271=CARTESIAN_POINT('',(44.1707983533991,29.,-48.1428571428572));
#9272=CARTESIAN_POINT('Origin',(43.1992647456322,28.,-47.));
#9273=CARTESIAN_POINT('Origin',(50.,29.,-55.));
#9274=CARTESIAN_POINT('',(55.8292016466009,28.,-48.1428571428572));
#9275=CARTESIAN_POINT('',(55.8292016466009,29.,-48.1428571428572));
#9276=CARTESIAN_POINT('Origin',(50.,28.,-55.));
#9277=CARTESIAN_POINT('Origin',(56.8007352543677,29.,-47.));
#9278=CARTESIAN_POINT('',(56.8007352543646,28.,-48.5));
#9279=CARTESIAN_POINT('',(56.8007352543646,29.,-48.5));
#9280=CARTESIAN_POINT('Origin',(56.8007352543677,28.,-47.));
#9281=CARTESIAN_POINT('Origin',(90.,29.,-48.5));
#9282=CARTESIAN_POINT('',(90.,28.,-48.5));
#9283=CARTESIAN_POINT('',(90.,29.,-48.5));
#9284=CARTESIAN_POINT('',(56.8007352543646,28.,-48.5));
#9285=CARTESIAN_POINT('Origin',(90.,29.,-45.));
#9286=CARTESIAN_POINT('',(93.5,28.,-45.));
#9287=CARTESIAN_POINT('',(93.5,29.,-45.));
#9288=CARTESIAN_POINT('Origin',(90.,28.,-45.));
#9289=CARTESIAN_POINT('Origin',(93.5,29.,45.));
#9290=CARTESIAN_POINT('',(93.5,28.,45.));
#9291=CARTESIAN_POINT('',(93.5,29.,45.));
#9292=CARTESIAN_POINT('',(93.5,28.,-45.));
#9293=CARTESIAN_POINT('Origin',(90.,29.,45.));
#9294=CARTESIAN_POINT('',(90.,28.,48.5));
#9295=CARTESIAN_POINT('',(90.,29.,48.5));
#9296=CARTESIAN_POINT('Origin',(90.,28.,45.));
#9297=CARTESIAN_POINT('Origin',(56.8007352543646,29.,48.5));
#9298=CARTESIAN_POINT('',(56.8007352543646,28.,48.5));
#9299=CARTESIAN_POINT('',(56.8007352543646,29.,48.5));
#9300=CARTESIAN_POINT('',(90.,28.,48.5));
#9301=CARTESIAN_POINT('Origin',(56.8007352543677,29.,47.));
#9302=CARTESIAN_POINT('',(55.8292016466009,28.,48.1428571428571));
#9303=CARTESIAN_POINT('',(55.8292016466009,29.,48.1428571428571));
#9304=CARTESIAN_POINT('Origin',(56.8007352543677,28.,47.));
#9305=CARTESIAN_POINT('Origin',(50.,29.,55.));
#9306=CARTESIAN_POINT('',(44.1707983533991,28.,48.1428571428571));
#9307=CARTESIAN_POINT('',(44.1707983533991,29.,48.1428571428571));
#9308=CARTESIAN_POINT('Origin',(50.,28.,55.));
#9309=CARTESIAN_POINT('Origin',(43.1992647456323,29.,47.));
#9310=CARTESIAN_POINT('',(43.1992647456354,28.,48.5));
#9311=CARTESIAN_POINT('',(43.1992647456354,29.,48.5));
#9312=CARTESIAN_POINT('Origin',(43.1992647456323,28.,47.));
#9313=CARTESIAN_POINT('Origin',(41.8007352543646,29.,48.5));
#9314=CARTESIAN_POINT('',(41.8007352543646,28.,48.5));
#9315=CARTESIAN_POINT('',(41.8007352543646,29.,48.5));
#9316=CARTESIAN_POINT('',(43.1992647456354,28.,48.5));
#9317=CARTESIAN_POINT('Origin',(41.8007352543677,29.,47.));
#9318=CARTESIAN_POINT('',(40.8292016466009,28.,48.1428571428571));
#9319=CARTESIAN_POINT('',(40.8292016466009,29.,48.1428571428571));
#9320=CARTESIAN_POINT('Origin',(41.8007352543677,28.,47.));
#9321=CARTESIAN_POINT('Origin',(35.,29.,55.));
#9322=CARTESIAN_POINT('',(29.1707983533991,28.,48.1428571428571));
#9323=CARTESIAN_POINT('',(29.1707983533991,29.,48.1428571428571));
#9324=CARTESIAN_POINT('Origin',(35.,28.,55.));
#9325=CARTESIAN_POINT('Origin',(28.1992647456323,29.,47.));
#9326=CARTESIAN_POINT('',(28.1992647456354,28.,48.5));
#9327=CARTESIAN_POINT('',(28.1992647456354,29.,48.5));
#9328=CARTESIAN_POINT('Origin',(28.1992647456323,28.,47.));
#9329=CARTESIAN_POINT('Origin',(26.8007352543646,29.,48.5));
#9330=CARTESIAN_POINT('',(28.1992647456354,28.,48.5));
#9331=CARTESIAN_POINT('Origin',(-24.9999999999983,29.,-46.9999999999983));
#9332=CARTESIAN_POINT('',(-83.5,29.,-46.9999999999899));
#9333=CARTESIAN_POINT('Origin',(-21.5,7.5,-4.00000000000001));
#9334=CARTESIAN_POINT('',(-21.5,7.5,-4.00000000000001));
#9335=CARTESIAN_POINT('',(-21.5,2.5,-4.00000000000001));
#9336=CARTESIAN_POINT('',(-18.5,7.5,-4.00000000000001));
#9337=CARTESIAN_POINT('Origin',(-21.5,2.5,-1.77635683940025E-14));
#9338=CARTESIAN_POINT('',(-21.5,7.5,3.99999999999998));
#9339=CARTESIAN_POINT('',(-21.5,2.5,3.99999999999998));
#9340=CARTESIAN_POINT('Origin',(-21.5,7.5,-1.77635683940025E-14));
#9341=CARTESIAN_POINT('Origin',(-18.5,7.5,3.99999999999998));
#9342=CARTESIAN_POINT('',(-21.5,7.5,3.99999999999998));
#9343=CARTESIAN_POINT('Origin',(-83.5,29.,46.9999999999861));
#9344=CARTESIAN_POINT('',(-83.5,29.,46.9999999999861));
#9345=CARTESIAN_POINT('',(-62.999999999977,13.,47.0000000001008));
#9346=CARTESIAN_POINT('',(-43.5000000000062,22.,47.0000000002099));
#9347=CARTESIAN_POINT('Origin',(4.99999999999999,29.,-55.));
#9348=CARTESIAN_POINT('',(11.8007352543646,29.,-47.));
#9349=CARTESIAN_POINT('Origin',(13.1992647456354,29.,-47.));
#9350=CARTESIAN_POINT('Origin',(61.5,19.5,23.4999999999998));
#9351=CARTESIAN_POINT('',(61.5,19.5,25.4999999999998));
#9352=CARTESIAN_POINT('',(61.5,21.5,23.4999999999998));
#9353=CARTESIAN_POINT('Origin',(61.5,19.5,23.4999999999998));
#9354=CARTESIAN_POINT('',(61.5,21.5,23.4999999999998));
#9355=CARTESIAN_POINT('',(61.5,19.5,25.4999999999998));
#9356=CARTESIAN_POINT('Origin',(61.5,21.5,11.4999999999998));
#9357=CARTESIAN_POINT('',(61.5,21.5,13.4999999999998));
#9358=CARTESIAN_POINT('',(61.5,21.5,11.4999999999998));
#9359=CARTESIAN_POINT('',(62.25,21.5,13.4999999999998));
#9360=CARTESIAN_POINT('Origin',(62.25,19.5,13.4999999999998));
#9361=CARTESIAN_POINT('',(61.5,19.5,11.4999999999998));
#9362=CARTESIAN_POINT('Origin',(61.5,19.5,13.4999999999998));
#9363=CARTESIAN_POINT('',(62.25,19.5,11.4999999999998));
#9364=CARTESIAN_POINT('Origin',(62.75,19.5,-13.5000000000001));
#9365=CARTESIAN_POINT('',(61.5,19.5,-11.5000000000001));
#9366=CARTESIAN_POINT('',(61.5,21.5,-13.5000000000001));
#9367=CARTESIAN_POINT('Origin',(61.5,19.5,-13.5000000000001));
#9368=CARTESIAN_POINT('',(62.75,21.5,-13.5000000000001));
#9369=CARTESIAN_POINT('',(62.75,19.5,-11.5000000000001));
#9370=CARTESIAN_POINT('Origin',(64.,21.5,-11.5000000000001));
#9371=CARTESIAN_POINT('',(61.5,21.5,-23.5));
#9372=CARTESIAN_POINT('',(61.5,21.5,-11.5000000000001));
#9373=CARTESIAN_POINT('',(63.5,21.5,-23.5));
#9374=CARTESIAN_POINT('Origin',(63.5,19.5,-23.5));
#9375=CARTESIAN_POINT('',(61.5,19.5,-25.5));
#9376=CARTESIAN_POINT('Origin',(61.5,19.5,-23.5));
#9377=CARTESIAN_POINT('',(63.5,19.5,-25.5));
#9378=CARTESIAN_POINT('Origin',(63.,1.5,11.4999999999998));
#9379=CARTESIAN_POINT('',(61.5,1.5,11.4999999999998));
#9380=CARTESIAN_POINT('',(61.5,2.5,11.4999999999998));
#9381=CARTESIAN_POINT('',(63.,1.5,11.4999999999998));
#9382=CARTESIAN_POINT('',(42.25,1.5,11.4999999999998));
#9383=CARTESIAN_POINT('',(68.,1.5,11.4999999999998));
#9384=CARTESIAN_POINT('',(63.,1.5,11.4999999999998));
#9385=CARTESIAN_POINT('',(68.,1.5,11.4999999999998));
#9386=CARTESIAN_POINT('Origin',(61.5,1.5,-11.5000000000001));
#9387=CARTESIAN_POINT('',(68.,1.5,-11.5000000000001));
#9388=CARTESIAN_POINT('',(68.,1.5,-11.5000000000001));
#9389=CARTESIAN_POINT('',(63.,1.5,-11.5000000000001));
#9390=CARTESIAN_POINT('',(61.5,1.5,-11.5000000000001));
#9391=CARTESIAN_POINT('',(61.5,1.5,-11.5000000000001));
#9392=CARTESIAN_POINT('',(41.5,1.5,-11.5000000000001));
#9393=CARTESIAN_POINT('',(61.5,2.,-11.5000000000001));
#9394=CARTESIAN_POINT('Origin',(63.,1.5,-25.5));
#9395=CARTESIAN_POINT('',(61.5,2.5,-25.5));
#9396=CARTESIAN_POINT('',(68.,1.5,-25.5));
#9397=CARTESIAN_POINT('',(63.,1.5,-25.5));
#9398=CARTESIAN_POINT('',(68.,1.5,-25.5));
#9399=CARTESIAN_POINT('Origin',(-46.5,22.,50.));
#9400=CARTESIAN_POINT('',(-46.5,13.,50.));
#9401=CARTESIAN_POINT('',(-46.5,13.,50.));
#9402=CARTESIAN_POINT('',(-46.5,22.,50.));
#9403=CARTESIAN_POINT('',(-46.5,11.,50.));
#9404=CARTESIAN_POINT('',(-46.5,22.,50.));
#9405=CARTESIAN_POINT('Origin',(-46.5,13.,50.));
#9406=CARTESIAN_POINT('',(-60.,13.,50.));
#9407=CARTESIAN_POINT('',(-60.,13.,50.));
#9408=CARTESIAN_POINT('',(-68.25,13.,50.));
#9409=CARTESIAN_POINT('Origin',(-60.,22.,50.));
#9410=CARTESIAN_POINT('',(-60.,22.,50.));
#9411=CARTESIAN_POINT('',(-75.,22.,50.));
#9412=CARTESIAN_POINT('',(-60.,22.,50.));
#9413=CARTESIAN_POINT('Origin',(-60.,13.,50.));
#9414=CARTESIAN_POINT('',(-60.,6.5,50.));
#9415=CARTESIAN_POINT('Origin',(68.,1.5,23.4999999999998));
#9416=CARTESIAN_POINT('',(68.,1.5,25.4999999999998));
#9417=CARTESIAN_POINT('',(70.,1.5,23.4999999999998));
#9418=CARTESIAN_POINT('Origin',(68.,1.5,23.4999999999998));
#9419=CARTESIAN_POINT('',(68.,1.5,25.4999999999998));
#9420=CARTESIAN_POINT('',(70.,2.5,23.4999999999998));
#9421=CARTESIAN_POINT('Origin',(22.25,1.5,-2.22044604925031E-15));
#9422=CARTESIAN_POINT('',(70.,1.5,13.4999999999998));
#9423=CARTESIAN_POINT('',(70.,1.5,5.7499999999999));
#9424=CARTESIAN_POINT('Origin',(68.,1.5,13.4999999999998));
#9425=CARTESIAN_POINT('',(63.,1.5,17.));
#9426=CARTESIAN_POINT('',(61.5,1.5,25.4999999999998));
#9427=CARTESIAN_POINT('Origin',(70.,1.5,11.4999999999998));
#9428=CARTESIAN_POINT('',(70.,1.5,13.4999999999998));
#9429=CARTESIAN_POINT('Origin',(68.,1.5,13.4999999999998));
#9430=CARTESIAN_POINT('Origin',(68.,1.5,-23.5));
#9431=CARTESIAN_POINT('',(70.,1.5,-23.5));
#9432=CARTESIAN_POINT('Origin',(68.,1.5,-23.5));
#9433=CARTESIAN_POINT('',(70.,1.5,-23.5));
#9434=CARTESIAN_POINT('Origin',(70.,1.5,-25.5));
#9435=CARTESIAN_POINT('',(70.,1.5,-13.5000000000001));
#9436=CARTESIAN_POINT('',(70.,1.5,-12.75));
#9437=CARTESIAN_POINT('',(70.,2.5,-13.5000000000001));
#9438=CARTESIAN_POINT('Origin',(68.,1.5,-13.5000000000001));
#9439=CARTESIAN_POINT('Origin',(68.,1.5,-13.5000000000001));
#9440=CARTESIAN_POINT('Origin',(22.25,1.5,-2.22044604925031E-15));
#9441=CARTESIAN_POINT('',(63.,1.5,17.));
#9442=CARTESIAN_POINT('Origin',(61.5,1.5,25.4999999999998));
#9443=CARTESIAN_POINT('',(61.5,2.,25.4999999999998));
#9444=CARTESIAN_POINT('Origin',(22.6000000000001,28.5,19.7499999999999));
#9445=CARTESIAN_POINT('',(24.7000000000001,28.5,19.7499999999999));
#9446=CARTESIAN_POINT('Origin',(22.6000000000001,28.5,19.7499999999999));
#9447=CARTESIAN_POINT('Origin',(22.6000000000001,28.5,-19.75));
#9448=CARTESIAN_POINT('',(24.7000000000001,28.5,-19.75));
#9449=CARTESIAN_POINT('Origin',(22.6000000000001,28.5,-19.75));
#9450=CARTESIAN_POINT('Origin',(22.6000000000001,26.5,-19.75));
#9451=CARTESIAN_POINT('',(24.7000000000001,24.5,-19.75));
#9452=CARTESIAN_POINT('Origin',(22.6000000000001,24.5,-19.75));
#9453=CARTESIAN_POINT('',(24.7000000000001,26.5,-19.75));
#9454=CARTESIAN_POINT('Origin',(22.6000000000001,26.5,-19.75));
#9455=CARTESIAN_POINT('',(26.6000000000001,24.5,-19.75));
#9456=CARTESIAN_POINT('',(18.6000000000001,24.5,-19.75));
#9457=CARTESIAN_POINT('Origin',(22.6000000000001,24.5,-19.75));
#9458=CARTESIAN_POINT('Origin',(22.6000000000001,24.5,-19.75));
#9459=CARTESIAN_POINT('',(18.6000000000001,26.5,-19.75));
#9460=CARTESIAN_POINT('Origin',(22.6000000000001,24.5,-19.75));
#9461=CARTESIAN_POINT('Origin',(22.6000000000001,26.5,19.7499999999999));
#9462=CARTESIAN_POINT('',(24.7000000000001,24.5,19.7499999999999));
#9463=CARTESIAN_POINT('Origin',(22.6000000000001,24.5,19.7499999999999));
#9464=CARTESIAN_POINT('',(24.7000000000001,26.5,19.7499999999999));
#9465=CARTESIAN_POINT('Origin',(22.6000000000001,26.5,19.7499999999999));
#9466=CARTESIAN_POINT('',(26.6000000000001,24.5,19.7499999999999));
#9467=CARTESIAN_POINT('',(18.6000000000001,24.5,19.7499999999999));
#9468=CARTESIAN_POINT('Origin',(22.6000000000001,24.5,19.7499999999999));
#9469=CARTESIAN_POINT('Origin',(22.6000000000001,24.5,19.7499999999999));
#9470=CARTESIAN_POINT('',(18.6000000000001,26.5,19.7499999999999));
#9471=CARTESIAN_POINT('Origin',(22.6000000000001,24.5,19.7499999999999));
#9472=CARTESIAN_POINT('Origin',(95.,14.5,20.));
#9473=CARTESIAN_POINT('',(95.,14.5,14.));
#9474=CARTESIAN_POINT('',(95.,14.5,26.));
#9475=CARTESIAN_POINT('Origin',(95.,14.5,20.));
#9476=CARTESIAN_POINT('Origin',(95.,14.5,20.));
#9477=CARTESIAN_POINT('',(95.,14.5,26.));
#9478=CARTESIAN_POINT('Origin',(95.,14.5,-20.));
#9479=CARTESIAN_POINT('',(95.,14.5,-26.));
#9480=CARTESIAN_POINT('',(95.,14.5,-14.));
#9481=CARTESIAN_POINT('Origin',(95.,14.5,-20.));
#9482=CARTESIAN_POINT('Origin',(95.,14.5,-20.));
#9483=CARTESIAN_POINT('',(95.,14.5,-14.));
#9484=CARTESIAN_POINT('Origin',(-85.5,2.,-34.4999999999999));
#9485=CARTESIAN_POINT('',(-83.4,2.,-34.4999999999999));
#9486=CARTESIAN_POINT('Origin',(-85.5,2.,-34.4999999999999));
#9487=CARTESIAN_POINT('Origin',(-26.5000000000001,2.,-34.4999999999999));
#9488=CARTESIAN_POINT('',(-24.4000000000001,2.,-34.4999999999999));
#9489=CARTESIAN_POINT('Origin',(-26.5000000000001,2.,-34.4999999999999));
#9490=CARTESIAN_POINT('Origin',(-85.5,2.,34.5));
#9491=CARTESIAN_POINT('',(-83.4,2.,34.5));
#9492=CARTESIAN_POINT('Origin',(-85.5,2.,34.5));
#9493=CARTESIAN_POINT('Origin',(-26.5000000000001,2.,34.5));
#9494=CARTESIAN_POINT('',(-24.4000000000001,2.,34.5));
#9495=CARTESIAN_POINT('Origin',(-26.5000000000001,2.,34.5));
#9496=CARTESIAN_POINT('Origin',(-26.5000000000001,2.5,34.5));
#9497=CARTESIAN_POINT('',(-24.4000000000001,7.5,34.5));
#9498=CARTESIAN_POINT('Origin',(-26.5000000000001,7.5,34.5));
#9499=CARTESIAN_POINT('',(-24.4000000000001,2.5,34.5));
#9500=CARTESIAN_POINT('Origin',(-26.5000000000001,2.5,34.5));
#9501=CARTESIAN_POINT('',(-23.5000000000001,7.5,37.1457513110646));
#9502=CARTESIAN_POINT('',(-30.5000000000001,7.5,34.5));
#9503=CARTESIAN_POINT('Origin',(-26.5000000000001,7.5,34.5));
#9504=CARTESIAN_POINT('Origin',(-26.5000000000001,7.5,34.5));
#9505=CARTESIAN_POINT('',(-30.5000000000001,2.5,34.5));
#9506=CARTESIAN_POINT('Origin',(-27.0000000000001,7.5,34.5));
#9507=CARTESIAN_POINT('Origin',(-85.5,2.5,34.5));
#9508=CARTESIAN_POINT('',(-83.4,7.5,34.5));
#9509=CARTESIAN_POINT('Origin',(-85.5,7.5,34.5));
#9510=CARTESIAN_POINT('',(-83.4,2.5,34.5));
#9511=CARTESIAN_POINT('Origin',(-85.5,2.5,34.5));
#9512=CARTESIAN_POINT('',(-81.5,7.5,34.5));
#9513=CARTESIAN_POINT('',(-89.5,7.5,34.5));
#9514=CARTESIAN_POINT('Origin',(-85.5,7.5,34.5));
#9515=CARTESIAN_POINT('Origin',(-85.5,7.5,34.5));
#9516=CARTESIAN_POINT('',(-89.5,2.5,34.5));
#9517=CARTESIAN_POINT('Origin',(-85.5,7.5,34.5));
#9518=CARTESIAN_POINT('Origin',(-26.5000000000001,2.5,-34.4999999999999));
#9519=CARTESIAN_POINT('',(-24.4000000000001,7.5,-34.4999999999999));
#9520=CARTESIAN_POINT('Origin',(-26.5000000000001,7.5,-34.4999999999999));
#9521=CARTESIAN_POINT('',(-24.4000000000001,2.5,-34.4999999999999));
#9522=CARTESIAN_POINT('Origin',(-26.5000000000001,2.5,-34.4999999999999));
#9523=CARTESIAN_POINT('',(-22.5000000000001,7.5,-34.4999999999999));
#9524=CARTESIAN_POINT('',(-30.5000000000001,7.5,-34.4999999999999));
#9525=CARTESIAN_POINT('Origin',(-26.5000000000001,7.5,-34.4999999999999));
#9526=CARTESIAN_POINT('Origin',(-26.5000000000001,7.5,-34.4999999999999));
#9527=CARTESIAN_POINT('',(-30.5000000000001,2.5,-34.4999999999999));
#9528=CARTESIAN_POINT('Origin',(-26.5000000000001,7.5,-34.4999999999999));
#9529=CARTESIAN_POINT('Origin',(-85.5,2.5,-34.4999999999999));
#9530=CARTESIAN_POINT('',(-83.4,7.5,-34.4999999999999));
#9531=CARTESIAN_POINT('Origin',(-85.5,7.5,-34.4999999999999));
#9532=CARTESIAN_POINT('',(-83.4,2.5,-34.4999999999999));
#9533=CARTESIAN_POINT('Origin',(-85.5,2.5,-34.4999999999999));
#9534=CARTESIAN_POINT('',(-81.5,7.5,-34.4999999999999));
#9535=CARTESIAN_POINT('',(-89.5,7.5,-34.4999999999999));
#9536=CARTESIAN_POINT('Origin',(-85.5,7.5,-34.4999999999999));
#9537=CARTESIAN_POINT('Origin',(-85.5,7.5,-34.4999999999999));
#9538=CARTESIAN_POINT('',(-89.5,2.5,-34.4999999999999));
#9539=CARTESIAN_POINT('Origin',(-85.5,7.5,-34.4999999999999));
#9540=CARTESIAN_POINT('Origin',(-95.,15.591438824744,25.1179821071855));
#9541=CARTESIAN_POINT('',(-95.,15.591438824744,28.6179821071855));
#9542=CARTESIAN_POINT('',(-95.,15.591438824744,21.6179821071855));
#9543=CARTESIAN_POINT('Origin',(-95.,15.591438824744,25.1179821071855));
#9544=CARTESIAN_POINT('Origin',(-95.,15.591438824744,25.1179821071855));
#9545=CARTESIAN_POINT('',(-95.,15.591438824744,21.6179821071855));
#9546=CARTESIAN_POINT('Origin',(-89.25,25.125,-44.25));
#9547=CARTESIAN_POINT('',(-87.25,25.75,-44.25));
#9548=CARTESIAN_POINT('Origin',(-89.25,25.75,-44.25));
#9549=CARTESIAN_POINT('',(-86.,24.5,-44.25));
#9550=CARTESIAN_POINT('',(-86.625,25.125,-44.25));
#9551=CARTESIAN_POINT('',(-92.5,24.5,-44.25));
#9552=CARTESIAN_POINT('Origin',(-89.25,24.5,-44.25));
#9553=CARTESIAN_POINT('Origin',(-89.25,24.5,-44.25));
#9554=CARTESIAN_POINT('Origin',(-89.25,29.,-44.25));
#9555=CARTESIAN_POINT('',(-87.25,29.,-44.25));
#9556=CARTESIAN_POINT('Origin',(89.25,25.125,-44.25));
#9557=CARTESIAN_POINT('',(91.25,25.75,-44.25));
#9558=CARTESIAN_POINT('Origin',(89.25,25.75,-44.25));
#9559=CARTESIAN_POINT('',(92.5,24.5,-44.25));
#9560=CARTESIAN_POINT('',(91.875,25.125,-44.25));
#9561=CARTESIAN_POINT('',(86.,24.5,-44.25));
#9562=CARTESIAN_POINT('Origin',(89.25,24.5,-44.25));
#9563=CARTESIAN_POINT('Origin',(89.25,24.5,-44.25));
#9564=CARTESIAN_POINT('Origin',(89.25,29.,-44.25));
#9565=CARTESIAN_POINT('',(91.25,29.,-44.25));
#9566=CARTESIAN_POINT('Origin',(89.25,25.125,44.25));
#9567=CARTESIAN_POINT('',(91.25,25.75,44.25));
#9568=CARTESIAN_POINT('Origin',(89.25,25.75,44.25));
#9569=CARTESIAN_POINT('',(92.5,24.5,44.25));
#9570=CARTESIAN_POINT('',(91.875,25.125,44.25));
#9571=CARTESIAN_POINT('',(86.,24.5,44.25));
#9572=CARTESIAN_POINT('Origin',(89.25,24.5,44.25));
#9573=CARTESIAN_POINT('Origin',(89.25,24.5,44.25));
#9574=CARTESIAN_POINT('Origin',(89.25,29.,44.25));
#9575=CARTESIAN_POINT('',(91.25,29.,44.25));
#9576=CARTESIAN_POINT('Origin',(-89.25,25.125,44.25));
#9577=CARTESIAN_POINT('',(-87.25,25.75,44.25));
#9578=CARTESIAN_POINT('Origin',(-89.25,25.75,44.25));
#9579=CARTESIAN_POINT('',(-86.,24.5,44.25));
#9580=CARTESIAN_POINT('',(-86.625,25.125,44.25));
#9581=CARTESIAN_POINT('',(-92.5,24.5,44.25));
#9582=CARTESIAN_POINT('Origin',(-89.25,24.5,44.25));
#9583=CARTESIAN_POINT('Origin',(-89.25,24.5,44.25));
#9584=CARTESIAN_POINT('Origin',(-89.25,29.,44.25));
#9585=CARTESIAN_POINT('',(-87.25,29.,44.25));
#9586=CARTESIAN_POINT('Origin',(89.25,0.,44.25));
#9587=CARTESIAN_POINT('',(86.,0.,44.25));
#9588=CARTESIAN_POINT('Origin',(-89.25,0.,44.25));
#9589=CARTESIAN_POINT('',(-92.5,0.,44.25));
#9590=CARTESIAN_POINT('Origin',(89.25,0.,-44.25));
#9591=CARTESIAN_POINT('',(86.,0.,-44.25));
#9592=CARTESIAN_POINT('Origin',(-89.25,0.,-44.25));
#9593=CARTESIAN_POINT('',(-92.5,0.,-44.25));
#9594=CARTESIAN_POINT('Origin',(-21.5,7.5,-1.77635683940025E-14));
#9595=CARTESIAN_POINT('Origin',(-21.5,0.,5.49999999999998));
#9596=CARTESIAN_POINT('',(-21.5,0.,5.49999999999998));
#9597=CARTESIAN_POINT('',(-19.7071067811866,0.,5.49999999999998));
#9598=CARTESIAN_POINT('Origin',(-21.5,0.,-1.79548938169088E-14));
#9599=CARTESIAN_POINT('',(-21.5,0.,-5.50000000000002));
#9600=CARTESIAN_POINT('Origin',(-19.7071067811866,0.,-5.50000000000001));
#9601=CARTESIAN_POINT('',(-19.7071067811866,0.,-5.50000000000001));
#9602=CARTESIAN_POINT('Origin',(-18.,0.,-7.20710678118656));
#9603=CARTESIAN_POINT('',(-18.,0.,-7.20710678118656));
#9604=CARTESIAN_POINT('Origin',(-19.7071067811866,0.,5.49999999999998));
#9605=CARTESIAN_POINT('',(-18.,0.,7.20710678118653));
#9606=CARTESIAN_POINT('Origin',(-18.,0.,-34.));
#9607=CARTESIAN_POINT('Origin',(-18.,0.,-34.));
#9608=CARTESIAN_POINT('Origin',(63.,0.,34.));
#9609=CARTESIAN_POINT('',(63.,1.5,17.));
#9610=CARTESIAN_POINT('',(63.,0.,-31.));
#9611=CARTESIAN_POINT('',(63.,0.,31.));
#9612=CARTESIAN_POINT('Origin',(21.5,1.5,-6.66133814775094E-15));
#9613=CARTESIAN_POINT('',(61.5,1.5,31.));
#9614=CARTESIAN_POINT('Origin',(61.5,2.5,31.));
#9615=CARTESIAN_POINT('',(61.5,2.5,31.));
#9616=CARTESIAN_POINT('',(61.5,2.5,-31.));
#9617=CARTESIAN_POINT('Origin',(60.,2.5,-31.));
#9618=CARTESIAN_POINT('Origin',(60.,2.5,31.));
#9619=CARTESIAN_POINT('Origin',(60.,0.,-31.));
#9620=CARTESIAN_POINT('Origin',(60.,0.,31.));
#9621=CARTESIAN_POINT('Origin',(-90.,29.,45.));
#9622=CARTESIAN_POINT('',(-90.,29.,38.5));
#9623=CARTESIAN_POINT('',(-83.5,29.,45.));
#9624=CARTESIAN_POINT('Origin',(-92.5,29.,38.5));
#9625=CARTESIAN_POINT('Origin',(-83.5,29.,45.));
#9626=CARTESIAN_POINT('Origin',(-83.5,29.,-47.5));
#9627=CARTESIAN_POINT('',(-83.5,29.,-45.));
#9628=CARTESIAN_POINT('Origin',(-90.,29.,-45.));
#9629=CARTESIAN_POINT('',(-90.,29.,-38.5));
#9630=CARTESIAN_POINT('Origin',(-90.,29.,-38.5));
#9631=CARTESIAN_POINT('Origin',(-1.80073525436773,1.,47.));
#9632=CARTESIAN_POINT('',(-1.80073525436773,1.,50.));
#9633=CARTESIAN_POINT('Origin',(-1.80073525436773,1.,49.));
#9634=CARTESIAN_POINT('',(0.142331961165904,1.,49.2857142857143));
#9635=CARTESIAN_POINT('Origin',(-0.505357110678642,1.,48.5238095238095));
#9636=CARTESIAN_POINT('Origin',(-1.80073525436773,1.,47.));
#9637=CARTESIAN_POINT('Origin',(4.99999999999999,1.,55.));
#9638=CARTESIAN_POINT('',(9.85766803883408,1.,49.2857142857143));
#9639=CARTESIAN_POINT('Origin',(10.5053571106786,1.,48.5238095238095));
#9640=CARTESIAN_POINT('Origin',(4.99999999999999,1.,55.));
#9641=CARTESIAN_POINT('Origin',(11.8007352543677,1.,47.));
#9642=CARTESIAN_POINT('',(11.8007352543677,1.,50.));
#9643=CARTESIAN_POINT('Origin',(11.8007352543677,1.,49.));
#9644=CARTESIAN_POINT('Origin',(11.8007352543677,1.,47.));
#9645=CARTESIAN_POINT('Origin',(-45.,1.,49.));
#9646=CARTESIAN_POINT('',(13.1992647456323,1.,50.));
#9647=CARTESIAN_POINT('Origin',(13.1992647456323,1.,49.));
#9648=CARTESIAN_POINT('',(-45.,1.,50.));
#9649=CARTESIAN_POINT('Origin',(13.1992647456323,1.,47.));
#9650=CARTESIAN_POINT('',(15.1423319611659,1.,49.2857142857143));
#9651=CARTESIAN_POINT('Origin',(14.4946428893214,1.,48.5238095238095));
#9652=CARTESIAN_POINT('Origin',(13.1992647456323,1.,47.));
#9653=CARTESIAN_POINT('Origin',(20.,1.,55.));
#9654=CARTESIAN_POINT('',(24.8576680388341,1.,49.2857142857143));
#9655=CARTESIAN_POINT('Origin',(25.5053571106786,1.,48.5238095238095));
#9656=CARTESIAN_POINT('Origin',(20.,1.,55.));
#9657=CARTESIAN_POINT('Origin',(26.8007352543677,1.,47.));
#9658=CARTESIAN_POINT('',(26.8007352543677,1.,50.));
#9659=CARTESIAN_POINT('Origin',(26.8007352543677,1.,49.));
#9660=CARTESIAN_POINT('Origin',(26.8007352543677,1.,47.));
#9661=CARTESIAN_POINT('Origin',(-45.,1.,49.));
#9662=CARTESIAN_POINT('',(28.1992647456323,1.,50.));
#9663=CARTESIAN_POINT('Origin',(28.1992647456323,1.,49.));
#9664=CARTESIAN_POINT('',(-45.,1.,50.));
#9665=CARTESIAN_POINT('Origin',(28.1992647456323,1.,47.));
#9666=CARTESIAN_POINT('',(30.1423319611659,1.,49.2857142857143));
#9667=CARTESIAN_POINT('Origin',(29.4946428893214,1.,48.5238095238095));
#9668=CARTESIAN_POINT('Origin',(28.1992647456323,1.,47.));
#9669=CARTESIAN_POINT('Origin',(35.,1.,55.));
#9670=CARTESIAN_POINT('',(39.8576680388341,1.,49.2857142857143));
#9671=CARTESIAN_POINT('Origin',(40.5053571106786,1.,48.5238095238095));
#9672=CARTESIAN_POINT('Origin',(35.,1.,55.));
#9673=CARTESIAN_POINT('Origin',(41.8007352543677,1.,47.));
#9674=CARTESIAN_POINT('',(41.8007352543677,1.,50.));
#9675=CARTESIAN_POINT('Origin',(41.8007352543677,1.,49.));
#9676=CARTESIAN_POINT('Origin',(41.8007352543677,1.,47.));
#9677=CARTESIAN_POINT('Origin',(-45.,1.,49.));
#9678=CARTESIAN_POINT('',(43.1992647456323,1.,50.));
#9679=CARTESIAN_POINT('Origin',(43.1992647456323,1.,49.));
#9680=CARTESIAN_POINT('',(-45.,1.,50.));
#9681=CARTESIAN_POINT('Origin',(43.1992647456323,1.,47.));
#9682=CARTESIAN_POINT('',(45.1423319611659,1.,49.2857142857143));
#9683=CARTESIAN_POINT('Origin',(44.4946428893214,1.,48.5238095238095));
#9684=CARTESIAN_POINT('Origin',(43.1992647456323,1.,47.));
#9685=CARTESIAN_POINT('Origin',(50.,1.,55.));
#9686=CARTESIAN_POINT('',(54.8576680388341,1.,49.2857142857143));
#9687=CARTESIAN_POINT('Origin',(55.5053571106786,1.,48.5238095238095));
#9688=CARTESIAN_POINT('Origin',(50.,1.,55.));
#9689=CARTESIAN_POINT('Origin',(56.8007352543677,1.,47.));
#9690=CARTESIAN_POINT('',(56.8007352543677,1.,50.));
#9691=CARTESIAN_POINT('Origin',(56.8007352543677,1.,49.));
#9692=CARTESIAN_POINT('Origin',(56.8007352543677,1.,47.));
#9693=CARTESIAN_POINT('Origin',(-45.,1.,49.));
#9694=CARTESIAN_POINT('',(90.,1.,50.));
#9695=CARTESIAN_POINT('Origin',(90.,1.,49.));
#9696=CARTESIAN_POINT('',(-45.,1.,50.));
#9697=CARTESIAN_POINT('Origin',(90.,1.,45.));
#9698=CARTESIAN_POINT('',(95.,1.,45.));
#9699=CARTESIAN_POINT('Origin',(94.,1.,45.));
#9700=CARTESIAN_POINT('Origin',(90.,1.,45.));
#9701=CARTESIAN_POINT('Origin',(94.,1.,22.5));
#9702=CARTESIAN_POINT('',(95.,1.,-45.));
#9703=CARTESIAN_POINT('Origin',(94.,1.,-45.));
#9704=CARTESIAN_POINT('',(95.,1.,22.5));
#9705=CARTESIAN_POINT('Origin',(90.,1.,-45.));
#9706=CARTESIAN_POINT('',(90.,1.,-50.));
#9707=CARTESIAN_POINT('Origin',(90.,1.,-49.));
#9708=CARTESIAN_POINT('Origin',(90.,1.,-45.));
#9709=CARTESIAN_POINT('Origin',(45.,1.,-49.));
#9710=CARTESIAN_POINT('',(56.8007352543677,1.,-50.));
#9711=CARTESIAN_POINT('Origin',(56.8007352543677,1.,-49.));
#9712=CARTESIAN_POINT('',(45.,1.,-50.));
#9713=CARTESIAN_POINT('Origin',(56.8007352543677,1.,-47.));
#9714=CARTESIAN_POINT('',(54.8576680388341,1.,-49.2857142857143));
#9715=CARTESIAN_POINT('Origin',(55.5053571106786,1.,-48.5238095238095));
#9716=CARTESIAN_POINT('Origin',(56.8007352543677,1.,-47.));
#9717=CARTESIAN_POINT('Origin',(50.,1.,-55.));
#9718=CARTESIAN_POINT('',(45.1423319611659,1.,-49.2857142857143));
#9719=CARTESIAN_POINT('Origin',(44.4946428893213,1.,-48.5238095238095));
#9720=CARTESIAN_POINT('Origin',(50.,1.,-55.));
#9721=CARTESIAN_POINT('Origin',(43.1992647456322,1.,-47.));
#9722=CARTESIAN_POINT('',(43.1992647456322,1.,-50.));
#9723=CARTESIAN_POINT('Origin',(43.1992647456322,1.,-49.));
#9724=CARTESIAN_POINT('Origin',(43.1992647456322,1.,-47.));
#9725=CARTESIAN_POINT('Origin',(45.,1.,-49.));
#9726=CARTESIAN_POINT('',(41.8007352543677,1.,-50.));
#9727=CARTESIAN_POINT('Origin',(41.8007352543677,1.,-49.));
#9728=CARTESIAN_POINT('',(45.,1.,-50.));
#9729=CARTESIAN_POINT('Origin',(41.8007352543677,1.,-47.));
#9730=CARTESIAN_POINT('',(39.8576680388341,1.,-49.2857142857143));
#9731=CARTESIAN_POINT('Origin',(40.5053571106786,1.,-48.5238095238095));
#9732=CARTESIAN_POINT('Origin',(41.8007352543677,1.,-47.));
#9733=CARTESIAN_POINT('Origin',(35.,1.,-55.));
#9734=CARTESIAN_POINT('',(30.1423319611659,1.,-49.2857142857143));
#9735=CARTESIAN_POINT('Origin',(29.4946428893213,1.,-48.5238095238095));
#9736=CARTESIAN_POINT('Origin',(35.,1.,-55.));
#9737=CARTESIAN_POINT('Origin',(28.1992647456322,1.,-47.));
#9738=CARTESIAN_POINT('',(28.1992647456322,1.,-50.));
#9739=CARTESIAN_POINT('Origin',(28.1992647456322,1.,-49.));
#9740=CARTESIAN_POINT('Origin',(28.1992647456322,1.,-47.));
#9741=CARTESIAN_POINT('Origin',(45.,1.,-49.));
#9742=CARTESIAN_POINT('',(26.8007352543677,1.,-50.));
#9743=CARTESIAN_POINT('Origin',(26.8007352543677,1.,-49.));
#9744=CARTESIAN_POINT('',(45.,1.,-50.));
#9745=CARTESIAN_POINT('Origin',(26.8007352543677,1.,-47.));
#9746=CARTESIAN_POINT('',(24.8576680388341,1.,-49.2857142857143));
#9747=CARTESIAN_POINT('Origin',(25.5053571106786,1.,-48.5238095238095));
#9748=CARTESIAN_POINT('Origin',(26.8007352543677,1.,-47.));
#9749=CARTESIAN_POINT('Origin',(20.,1.,-55.));
#9750=CARTESIAN_POINT('',(15.1423319611659,1.,-49.2857142857143));
#9751=CARTESIAN_POINT('Origin',(14.4946428893213,1.,-48.5238095238095));
#9752=CARTESIAN_POINT('Origin',(20.,1.,-55.));
#9753=CARTESIAN_POINT('Origin',(13.1992647456322,1.,-47.));
#9754=CARTESIAN_POINT('',(13.1992647456322,1.,-50.));
#9755=CARTESIAN_POINT('Origin',(13.1992647456322,1.,-49.));
#9756=CARTESIAN_POINT('Origin',(13.1992647456322,1.,-47.));
#9757=CARTESIAN_POINT('Origin',(45.,1.,-49.));
#9758=CARTESIAN_POINT('',(11.8007352543677,1.,-50.));
#9759=CARTESIAN_POINT('Origin',(11.8007352543677,1.,-49.));
#9760=CARTESIAN_POINT('',(45.,1.,-50.));
#9761=CARTESIAN_POINT('Origin',(11.8007352543677,1.,-47.));
#9762=CARTESIAN_POINT('',(9.8576680388341,1.,-49.2857142857143));
#9763=CARTESIAN_POINT('Origin',(10.5053571106786,1.,-48.5238095238095));
#9764=CARTESIAN_POINT('Origin',(11.8007352543677,1.,-47.));
#9765=CARTESIAN_POINT('Origin',(4.99999999999999,1.,-55.));
#9766=CARTESIAN_POINT('',(0.142331961165889,1.,-49.2857142857143));
#9767=CARTESIAN_POINT('Origin',(-0.505357110678657,1.,-48.5238095238095));
#9768=CARTESIAN_POINT('Origin',(4.99999999999999,1.,-55.));
#9769=CARTESIAN_POINT('Origin',(-1.80073525436775,1.,-47.));
#9770=CARTESIAN_POINT('',(-1.80073525436775,1.,-50.));
#9771=CARTESIAN_POINT('Origin',(-1.80073525436775,1.,-49.));
#9772=CARTESIAN_POINT('Origin',(-1.80073525436775,1.,-47.));
#9773=CARTESIAN_POINT('Origin',(45.,1.,-49.));
#9774=CARTESIAN_POINT('',(-90.,1.,-50.));
#9775=CARTESIAN_POINT('Origin',(-90.,1.,-49.));
#9776=CARTESIAN_POINT('',(45.,1.,-50.));
#9777=CARTESIAN_POINT('Origin',(-90.,1.,-45.));
#9778=CARTESIAN_POINT('',(-95.,1.,-45.));
#9779=CARTESIAN_POINT('Origin',(-94.,1.,-45.));
#9780=CARTESIAN_POINT('Origin',(-90.,1.,-45.));
#9781=CARTESIAN_POINT('Origin',(-94.,1.,-22.5));
#9782=CARTESIAN_POINT('',(-95.,1.,45.));
#9783=CARTESIAN_POINT('Origin',(-94.,1.,45.));
#9784=CARTESIAN_POINT('',(-95.,1.,-22.5));
#9785=CARTESIAN_POINT('Origin',(-90.,1.,45.));
#9786=CARTESIAN_POINT('',(-90.,1.,50.));
#9787=CARTESIAN_POINT('Origin',(-90.,1.,49.));
#9788=CARTESIAN_POINT('Origin',(-90.,1.,45.));
#9789=CARTESIAN_POINT('Origin',(-45.,1.,49.));
#9790=CARTESIAN_POINT('',(-45.,1.,50.));
#9791=CARTESIAN_POINT('Origin',(50.,28.,-55.));
#9792=CARTESIAN_POINT('',(45.1423319611659,28.,-49.2857142857143));
#9793=CARTESIAN_POINT('',(45.1423319611659,28.,-49.2857142857143));
#9794=CARTESIAN_POINT('',(54.8576680388341,28.,-49.2857142857143));
#9795=CARTESIAN_POINT('Origin',(50.,28.,-55.));
#9796=CARTESIAN_POINT('',(54.8576680388341,28.,-49.2857142857143));
#9797=CARTESIAN_POINT('Origin',(43.1992647456322,28.,-47.));
#9798=CARTESIAN_POINT('',(43.1992647456322,28.,-50.));
#9799=CARTESIAN_POINT('',(43.1992647456322,28.,-50.));
#9800=CARTESIAN_POINT('Origin',(43.1992647456322,28.,-47.));
#9801=CARTESIAN_POINT('Origin',(90.,0.,-50.));
#9802=CARTESIAN_POINT('',(41.8007352543677,28.,-50.));
#9803=CARTESIAN_POINT('',(41.8007352543677,28.,-50.));
#9804=CARTESIAN_POINT('',(90.,28.,-50.));
#9805=CARTESIAN_POINT('Origin',(41.8007352543677,28.,-47.));
#9806=CARTESIAN_POINT('',(39.8576680388341,28.,-49.2857142857143));
#9807=CARTESIAN_POINT('',(39.8576680388341,28.,-49.2857142857143));
#9808=CARTESIAN_POINT('Origin',(41.8007352543677,28.,-47.));
#9809=CARTESIAN_POINT('Origin',(35.,28.,-55.));
#9810=CARTESIAN_POINT('',(30.1423319611659,28.,-49.2857142857143));
#9811=CARTESIAN_POINT('',(30.1423319611659,28.,-49.2857142857143));
#9812=CARTESIAN_POINT('Origin',(35.,28.,-55.));
#9813=CARTESIAN_POINT('Origin',(28.1992647456322,28.,-47.));
#9814=CARTESIAN_POINT('',(28.1992647456322,28.,-50.));
#9815=CARTESIAN_POINT('',(28.1992647456322,28.,-50.));
#9816=CARTESIAN_POINT('Origin',(28.1992647456322,28.,-47.));
#9817=CARTESIAN_POINT('Origin',(90.,0.,-50.));
#9818=CARTESIAN_POINT('',(26.8007352543677,28.,-50.));
#9819=CARTESIAN_POINT('',(26.8007352543677,28.,-50.));
#9820=CARTESIAN_POINT('',(90.,28.,-50.));
#9821=CARTESIAN_POINT('Origin',(26.8007352543677,28.,-47.));
#9822=CARTESIAN_POINT('',(24.8576680388341,28.,-49.2857142857143));
#9823=CARTESIAN_POINT('',(24.8576680388341,28.,-49.2857142857143));
#9824=CARTESIAN_POINT('Origin',(26.8007352543677,28.,-47.));
#9825=CARTESIAN_POINT('Origin',(20.,28.,-55.));
#9826=CARTESIAN_POINT('',(15.1423319611659,28.,-49.2857142857143));
#9827=CARTESIAN_POINT('',(15.1423319611659,28.,-49.2857142857143));
#9828=CARTESIAN_POINT('Origin',(20.,28.,-55.));
#9829=CARTESIAN_POINT('Origin',(13.1992647456322,28.,-47.));
#9830=CARTESIAN_POINT('',(13.1992647456322,28.,-50.));
#9831=CARTESIAN_POINT('',(13.1992647456322,28.,-50.));
#9832=CARTESIAN_POINT('Origin',(13.1992647456322,28.,-47.));
#9833=CARTESIAN_POINT('Origin',(90.,0.,-50.));
#9834=CARTESIAN_POINT('',(11.8007352543677,28.,-50.));
#9835=CARTESIAN_POINT('',(11.8007352543677,28.,-50.));
#9836=CARTESIAN_POINT('',(90.,28.,-50.));
#9837=CARTESIAN_POINT('Origin',(11.8007352543677,28.,-47.));
#9838=CARTESIAN_POINT('',(9.85766803883409,28.,-49.2857142857143));
#9839=CARTESIAN_POINT('',(9.8576680388341,28.,-49.2857142857143));
#9840=CARTESIAN_POINT('Origin',(11.8007352543677,28.,-47.));
#9841=CARTESIAN_POINT('Origin',(4.99999999999999,28.,-55.));
#9842=CARTESIAN_POINT('',(0.142331961165891,28.,-49.2857142857143));
#9843=CARTESIAN_POINT('',(0.142331961165889,28.,-49.2857142857143));
#9844=CARTESIAN_POINT('Origin',(4.99999999999999,28.,-55.));
#9845=CARTESIAN_POINT('Origin',(-1.80073525436775,28.,-47.));
#9846=CARTESIAN_POINT('',(-1.80073525436775,28.,-50.));
#9847=CARTESIAN_POINT('',(-1.80073525436775,28.,-50.));
#9848=CARTESIAN_POINT('Origin',(-1.80073525436775,28.,-47.));
#9849=CARTESIAN_POINT('Origin',(90.,0.,-50.));
#9850=CARTESIAN_POINT('',(-90.,28.,-50.));
#9851=CARTESIAN_POINT('',(-90.,0.,-50.));
#9852=CARTESIAN_POINT('',(90.,28.,-50.));
#9853=CARTESIAN_POINT('Origin',(-90.,0.,-45.));
#9854=CARTESIAN_POINT('',(-95.,28.,-45.));
#9855=CARTESIAN_POINT('',(-95.,0.,-45.));
#9856=CARTESIAN_POINT('Origin',(-90.,28.,-45.));
#9857=CARTESIAN_POINT('Origin',(-95.,0.,-45.));
#9858=CARTESIAN_POINT('',(-95.,28.,45.));
#9859=CARTESIAN_POINT('',(-95.,0.,45.));
#9860=CARTESIAN_POINT('',(-95.,28.,-45.));
#9861=CARTESIAN_POINT('Origin',(-90.,0.,45.));
#9862=CARTESIAN_POINT('',(-90.,28.,50.));
#9863=CARTESIAN_POINT('',(-90.,0.,50.));
#9864=CARTESIAN_POINT('Origin',(-90.,28.,45.));
#9865=CARTESIAN_POINT('Origin',(-90.,0.,50.));
#9866=CARTESIAN_POINT('',(-1.80073525436773,28.,50.));
#9867=CARTESIAN_POINT('',(-1.80073525436773,28.,50.));
#9868=CARTESIAN_POINT('',(-90.,28.,50.));
#9869=CARTESIAN_POINT('Origin',(-1.80073525436773,28.,47.));
#9870=CARTESIAN_POINT('',(0.142331961165903,28.,49.2857142857143));
#9871=CARTESIAN_POINT('',(0.142331961165904,28.,49.2857142857143));
#9872=CARTESIAN_POINT('Origin',(-1.80073525436773,28.,47.));
#9873=CARTESIAN_POINT('Origin',(8.88178419700125E-15,28.,-8.88178419700125E-15));
#9874=CARTESIAN_POINT('',(9.85766803883408,28.,49.2857142857143));
#9875=CARTESIAN_POINT('Origin',(4.99999999999999,28.,55.));
#9876=CARTESIAN_POINT('',(11.8007352543677,28.,50.));
#9877=CARTESIAN_POINT('Origin',(11.8007352543677,28.,47.));
#9878=CARTESIAN_POINT('',(13.1992647456323,28.,50.));
#9879=CARTESIAN_POINT('',(-90.,28.,50.));
#9880=CARTESIAN_POINT('',(15.1423319611659,28.,49.2857142857143));
#9881=CARTESIAN_POINT('Origin',(13.1992647456323,28.,47.));
#9882=CARTESIAN_POINT('',(24.8576680388341,28.,49.2857142857143));
#9883=CARTESIAN_POINT('Origin',(20.,28.,55.));
#9884=CARTESIAN_POINT('',(26.8007352543677,28.,50.));
#9885=CARTESIAN_POINT('Origin',(26.8007352543677,28.,47.));
#9886=CARTESIAN_POINT('',(28.1992647456323,28.,50.));
#9887=CARTESIAN_POINT('',(-90.,28.,50.));
#9888=CARTESIAN_POINT('',(30.1423319611659,28.,49.2857142857143));
#9889=CARTESIAN_POINT('Origin',(28.1992647456323,28.,47.));
#9890=CARTESIAN_POINT('',(39.8576680388341,28.,49.2857142857143));
#9891=CARTESIAN_POINT('Origin',(35.,28.,55.));
#9892=CARTESIAN_POINT('',(41.8007352543677,28.,50.));
#9893=CARTESIAN_POINT('Origin',(41.8007352543677,28.,47.));
#9894=CARTESIAN_POINT('',(43.1992647456323,28.,50.));
#9895=CARTESIAN_POINT('',(-90.,28.,50.));
#9896=CARTESIAN_POINT('',(45.1423319611659,28.,49.2857142857143));
#9897=CARTESIAN_POINT('Origin',(43.1992647456323,28.,47.));
#9898=CARTESIAN_POINT('',(54.8576680388341,28.,49.2857142857143));
#9899=CARTESIAN_POINT('Origin',(50.,28.,55.));
#9900=CARTESIAN_POINT('',(56.8007352543677,28.,50.));
#9901=CARTESIAN_POINT('Origin',(56.8007352543677,28.,47.));
#9902=CARTESIAN_POINT('',(90.,28.,50.));
#9903=CARTESIAN_POINT('',(-90.,28.,50.));
#9904=CARTESIAN_POINT('',(95.,28.,45.));
#9905=CARTESIAN_POINT('Origin',(90.,28.,45.));
#9906=CARTESIAN_POINT('',(95.,28.,-45.));
#9907=CARTESIAN_POINT('',(95.,28.,45.));
#9908=CARTESIAN_POINT('',(90.,28.,-50.));
#9909=CARTESIAN_POINT('Origin',(90.,28.,-45.));
#9910=CARTESIAN_POINT('',(56.8007352543677,28.,-50.));
#9911=CARTESIAN_POINT('',(90.,28.,-50.));
#9912=CARTESIAN_POINT('Origin',(56.8007352543677,28.,-47.));
#9913=CARTESIAN_POINT('Origin',(56.8007352543677,28.,-47.));
#9914=CARTESIAN_POINT('',(56.8007352543677,28.,-50.));
#9915=CARTESIAN_POINT('Origin',(90.,0.,-50.));
#9916=CARTESIAN_POINT('',(90.,0.,-50.));
#9917=CARTESIAN_POINT('Origin',(56.8007352543677,28.,47.));
#9918=CARTESIAN_POINT('',(56.8007352543677,28.,50.));
#9919=CARTESIAN_POINT('',(54.8576680388341,28.,49.2857142857143));
#9920=CARTESIAN_POINT('Origin',(50.,28.,55.));
#9921=CARTESIAN_POINT('',(45.1423319611659,28.,49.2857142857143));
#9922=CARTESIAN_POINT('Origin',(43.1992647456323,28.,47.));
#9923=CARTESIAN_POINT('',(43.1992647456323,28.,50.));
#9924=CARTESIAN_POINT('Origin',(-90.,0.,50.));
#9925=CARTESIAN_POINT('',(41.8007352543677,28.,50.));
#9926=CARTESIAN_POINT('Origin',(41.8007352543677,28.,47.));
#9927=CARTESIAN_POINT('',(39.8576680388341,28.,49.2857142857143));
#9928=CARTESIAN_POINT('Origin',(35.,28.,55.));
#9929=CARTESIAN_POINT('',(30.1423319611659,28.,49.2857142857143));
#9930=CARTESIAN_POINT('Origin',(28.1992647456323,28.,47.));
#9931=CARTESIAN_POINT('',(28.1992647456323,28.,50.));
#9932=CARTESIAN_POINT('Origin',(-90.,0.,50.));
#9933=CARTESIAN_POINT('',(26.8007352543677,28.,50.));
#9934=CARTESIAN_POINT('Origin',(26.8007352543677,28.,47.));
#9935=CARTESIAN_POINT('',(24.8576680388341,28.,49.2857142857143));
#9936=CARTESIAN_POINT('Origin',(20.,28.,55.));
#9937=CARTESIAN_POINT('',(15.1423319611659,28.,49.2857142857143));
#9938=CARTESIAN_POINT('Origin',(13.1992647456323,28.,47.));
#9939=CARTESIAN_POINT('',(13.1992647456323,28.,50.));
#9940=CARTESIAN_POINT('Origin',(-90.,0.,50.));
#9941=CARTESIAN_POINT('',(11.8007352543677,28.,50.));
#9942=CARTESIAN_POINT('Origin',(11.8007352543677,28.,47.));
#9943=CARTESIAN_POINT('',(9.85766803883408,28.,49.2857142857143));
#9944=CARTESIAN_POINT('Origin',(4.99999999999999,28.,55.));
#9945=CARTESIAN_POINT('Origin',(-90.,0.,50.));
#9946=CARTESIAN_POINT('',(90.,0.,50.));
#9947=CARTESIAN_POINT('Origin',(95.,0.,45.));
#9948=CARTESIAN_POINT('',(95.,0.,-45.));
#9949=CARTESIAN_POINT('',(95.,0.,45.));
#9950=CARTESIAN_POINT('Origin',(90.,0.,45.));
#9951=CARTESIAN_POINT('Origin',(90.,0.,-45.));
#9952=CARTESIAN_POINT('Origin',(-21.5,2.5,-1.77635683940025E-14));
#9953=CARTESIAN_POINT('',(-19.4,6.,-1.77635683940025E-14));
#9954=CARTESIAN_POINT('Origin',(-21.5,6.,-1.77635683940025E-14));
#9955=CARTESIAN_POINT('',(-19.4,2.5,-1.80207442218234E-14));
#9956=CARTESIAN_POINT('Origin',(-23.5,6.,-1.77635683940025E-14));
#9957=UNCERTAINTY_MEASURE_WITH_UNIT(LENGTH_MEASURE(0.01),#9961,
'DISTANCE_ACCURACY_VALUE',
'Maximum model space distance between geometric entities at asserted c
onnectivities');
#9958=UNCERTAINTY_MEASURE_WITH_UNIT(LENGTH_MEASURE(0.01),#9961,
'DISTANCE_ACCURACY_VALUE',
'Maximum model space distance between geometric entities at asserted c
onnectivities');
#9959=(
GEOMETRIC_REPRESENTATION_CONTEXT(3)
GLOBAL_UNCERTAINTY_ASSIGNED_CONTEXT((#9957))
GLOBAL_UNIT_ASSIGNED_CONTEXT((#9961,#9963,#9964))
REPRESENTATION_CONTEXT('','3D')
);
#9960=(
GEOMETRIC_REPRESENTATION_CONTEXT(3)
GLOBAL_UNCERTAINTY_ASSIGNED_CONTEXT((#9958))
GLOBAL_UNIT_ASSIGNED_CONTEXT((#9961,#9963,#9964))
REPRESENTATION_CONTEXT('','3D')
);
#9961=(
LENGTH_UNIT()
NAMED_UNIT(*)
SI_UNIT(.MILLI.,.METRE.)
);
#9962=(
LENGTH_UNIT()
NAMED_UNIT(*)
SI_UNIT(.CENTI.,.METRE.)
);
#9963=(
NAMED_UNIT(*)
PLANE_ANGLE_UNIT()
SI_UNIT($,.RADIAN.)
);
#9964=(
NAMED_UNIT(*)
SI_UNIT($,.STERADIAN.)
SOLID_ANGLE_UNIT()
);
#9965=SHAPE_DEFINITION_REPRESENTATION(#9966,#9967);
#9966=PRODUCT_DEFINITION_SHAPE('',$,#9969);
#9967=SHAPE_REPRESENTATION('',(#5740),#9959);
#9968=PRODUCT_DEFINITION_CONTEXT('part definition',#9973,'design');
#9969=PRODUCT_DEFINITION('H\X2\1ED9\X0\p Slave','H\X2\1ED9\X0\p Slave',
#9970,#9968);
#9970=PRODUCT_DEFINITION_FORMATION('',$,#9975);
#9971=PRODUCT_RELATED_PRODUCT_CATEGORY('H\X2\1ED9\X0\p Slave',
'H\X2\1ED9\X0\p Slave',(#9975));
#9972=APPLICATION_PROTOCOL_DEFINITION('international standard',
'automotive_design',2009,#9973);
#9973=APPLICATION_CONTEXT(
'Core Data for Automotive Mechanical Design Process');
#9974=PRODUCT_CONTEXT('part definition',#9973,'mechanical');
#9975=PRODUCT('H\X2\1ED9\X0\p Slave','H\X2\1ED9\X0\p Slave',$,(#9974));
#9976=PRESENTATION_STYLE_ASSIGNMENT((#9978));
#9977=PRESENTATION_STYLE_ASSIGNMENT((#9979));
#9978=SURFACE_STYLE_USAGE(.BOTH.,#9984);
#9979=SURFACE_STYLE_USAGE(.BOTH.,#9985);
#9980=SURFACE_STYLE_RENDERING_WITH_PROPERTIES($,#9992,(#9982));
#9981=SURFACE_STYLE_RENDERING_WITH_PROPERTIES($,#9993,(#9983));
#9982=SURFACE_STYLE_TRANSPARENT(0.);
#9983=SURFACE_STYLE_TRANSPARENT(0.);
#9984=SURFACE_SIDE_STYLE('',(#9986,#9980));
#9985=SURFACE_SIDE_STYLE('',(#9987,#9981));
#9986=SURFACE_STYLE_FILL_AREA(#9988);
#9987=SURFACE_STYLE_FILL_AREA(#9989);
#9988=FILL_AREA_STYLE('',(#9990));
#9989=FILL_AREA_STYLE('',(#9991));
#9990=FILL_AREA_STYLE_COLOUR('',#9992);
#9991=FILL_AREA_STYLE_COLOUR('',#9993);
#9992=COLOUR_RGB('',0.0941176470588235,0.145098039215686,0.972549019607843);
#9993=COLOUR_RGB('',0.96078431372549,0.96078431372549,0.96078431372549);
ENDSEC;
END-ISO-10303-21;
