ISO-10303-21;
HEADER;
/* Generated by software containing ST-Developer
 * from STEP Tools, Inc. (www.steptools.com) 
 */

FILE_DESCRIPTION(
/* description */ (''),
/* implementation_level */ '2;1');

FILE_NAME(
/* name */ 
'D:\\6. THI\\12. H\X2\1ED9\X0\p EVN\\12. H\X2\1ED9\X0\p EVN\\Slave\\Sl
ave_G\X2\1EED\X0\i Kh\X\E1ch_26.07.15\\3D Step\\N\X2\1EAF\X0\p Slave_S
LA_M\X\E0u Xanh C\X\F4 Ban_SL01.stp',
/* time_stamp */ '2026-07-15T10:53:20+07:00',
/* author */ ('PC'),
/* organization */ (''),
/* preprocessor_version */ 'ST-DEVELOPER v18',
/* originating_system */ 'Autodesk Inventor 2020',
/* authorisation */ '');

FILE_SCHEMA (('AUTOMOTIVE_DESIGN { 1 0 10303 214 3 1 1 }'));
ENDSEC;

DATA;
#10=MECHANICAL_DESIGN_GEOMETRIC_PRESENTATION_REPRESENTATION('',(#42,#43),
#6356);
#11=SHAPE_REPRESENTATION_RELATIONSHIP('SRR','None',#6363,#12);
#12=ADVANCED_BREP_SHAPE_REPRESENTATION('',(#13),#6355);
#13=MANIFOLD_SOLID_BREP('Solid1',#3579);
#14=TOROIDAL_SURFACE('',#3872,2.,1.);
#15=TOROIDAL_SURFACE('',#3877,8.5,1.);
#16=TOROIDAL_SURFACE('',#3881,2.,1.);
#17=TOROIDAL_SURFACE('',#3887,2.,1.);
#18=TOROIDAL_SURFACE('',#3891,8.5,1.);
#19=TOROIDAL_SURFACE('',#3895,2.,1.);
#20=TOROIDAL_SURFACE('',#3901,2.,1.);
#21=TOROIDAL_SURFACE('',#3905,8.5,1.);
#22=TOROIDAL_SURFACE('',#3909,2.,1.);
#23=TOROIDAL_SURFACE('',#3915,2.,1.);
#24=TOROIDAL_SURFACE('',#3919,8.5,1.);
#25=TOROIDAL_SURFACE('',#3923,2.,1.);
#26=TOROIDAL_SURFACE('',#3929,4.00000000000001,1.);
#27=TOROIDAL_SURFACE('',#3935,4.,1.);
#28=TOROIDAL_SURFACE('',#3941,2.,1.);
#29=TOROIDAL_SURFACE('',#3945,8.5,1.);
#30=TOROIDAL_SURFACE('',#3949,2.,1.);
#31=TOROIDAL_SURFACE('',#3955,2.,1.);
#32=TOROIDAL_SURFACE('',#3959,8.5,1.);
#33=TOROIDAL_SURFACE('',#3963,2.,1.);
#34=TOROIDAL_SURFACE('',#3969,2.,1.);
#35=TOROIDAL_SURFACE('',#3973,8.5,1.);
#36=TOROIDAL_SURFACE('',#3977,2.,1.);
#37=TOROIDAL_SURFACE('',#3983,2.,1.);
#38=TOROIDAL_SURFACE('',#3987,8.5,1.);
#39=TOROIDAL_SURFACE('',#3991,2.,1.);
#40=TOROIDAL_SURFACE('',#3997,3.99999999999999,1.);
#41=TOROIDAL_SURFACE('',#4003,3.99999999999997,1.);
#42=STYLED_ITEM('',(#6373),#3420);
#43=STYLED_ITEM('',(#6372),#13);
#44=FACE_BOUND('',#337,.T.);
#45=FACE_BOUND('',#340,.T.);
#46=FACE_BOUND('',#343,.T.);
#47=FACE_BOUND('',#346,.T.);
#48=FACE_BOUND('',#349,.T.);
#49=FACE_BOUND('',#363,.T.);
#50=FACE_BOUND('',#364,.T.);
#51=FACE_BOUND('',#365,.T.);
#52=FACE_BOUND('',#366,.T.);
#53=FACE_BOUND('',#367,.T.);
#54=FACE_BOUND('',#386,.T.);
#55=FACE_BOUND('',#387,.T.);
#56=FACE_BOUND('',#388,.T.);
#57=FACE_BOUND('',#389,.T.);
#58=FACE_BOUND('',#390,.T.);
#59=FACE_BOUND('',#451,.T.);
#60=FACE_BOUND('',#513,.T.);
#61=FACE_BOUND('',#531,.T.);
#62=FACE_BOUND('',#532,.T.);
#63=FACE_BOUND('',#533,.T.);
#64=FACE_BOUND('',#534,.T.);
#65=FACE_BOUND('',#535,.T.);
#66=FACE_BOUND('',#536,.T.);
#67=FACE_BOUND('',#537,.T.);
#68=FACE_BOUND('',#538,.T.);
#69=PLANE('',#3604);
#70=PLANE('',#3612);
#71=PLANE('',#3620);
#72=PLANE('',#3628);
#73=PLANE('',#3636);
#74=PLANE('',#3639);
#75=PLANE('',#3641);
#76=PLANE('',#3646);
#77=PLANE('',#3657);
#78=PLANE('',#3664);
#79=PLANE('',#3665);
#80=PLANE('',#3668);
#81=PLANE('',#3678);
#82=PLANE('',#3681);
#83=PLANE('',#3682);
#84=PLANE('',#3685);
#85=PLANE('',#3686);
#86=PLANE('',#3687);
#87=PLANE('',#3691);
#88=PLANE('',#3695);
#89=PLANE('',#3699);
#90=PLANE('',#3703);
#91=PLANE('',#3704);
#92=PLANE('',#3720);
#93=PLANE('',#3726);
#94=PLANE('',#3732);
#95=PLANE('',#3738);
#96=PLANE('',#3741);
#97=PLANE('',#3742);
#98=PLANE('',#3743);
#99=PLANE('',#3746);
#100=PLANE('',#3750);
#101=PLANE('',#3760);
#102=PLANE('',#3764);
#103=PLANE('',#3768);
#104=PLANE('',#3778);
#105=PLANE('',#3788);
#106=PLANE('',#3798);
#107=PLANE('',#3808);
#108=PLANE('',#3812);
#109=PLANE('',#3816);
#110=PLANE('',#3826);
#111=PLANE('',#3836);
#112=PLANE('',#3843);
#113=PLANE('',#4010);
#114=PLANE('',#4014);
#115=PLANE('',#4018);
#116=PLANE('',#4022);
#117=PLANE('',#4024);
#118=PLANE('',#4026);
#119=PLANE('',#4028);
#120=PLANE('',#4031);
#121=PLANE('',#4034);
#122=PLANE('',#4037);
#123=PLANE('',#4040);
#124=PLANE('',#4041);
#125=PLANE('',#4044);
#126=PLANE('',#4045);
#127=PLANE('',#4050);
#128=PLANE('',#4051);
#129=PLANE('',#4052);
#130=PLANE('',#4054);
#131=PLANE('',#4058);
#132=PLANE('',#4062);
#133=PLANE('',#4066);
#134=PLANE('',#4069);
#135=PLANE('',#4072);
#136=FACE_OUTER_BOUND('',#335,.T.);
#137=FACE_OUTER_BOUND('',#336,.T.);
#138=FACE_OUTER_BOUND('',#338,.T.);
#139=FACE_OUTER_BOUND('',#339,.T.);
#140=FACE_OUTER_BOUND('',#341,.T.);
#141=FACE_OUTER_BOUND('',#342,.T.);
#142=FACE_OUTER_BOUND('',#344,.T.);
#143=FACE_OUTER_BOUND('',#345,.T.);
#144=FACE_OUTER_BOUND('',#347,.T.);
#145=FACE_OUTER_BOUND('',#348,.T.);
#146=FACE_OUTER_BOUND('',#350,.T.);
#147=FACE_OUTER_BOUND('',#351,.T.);
#148=FACE_OUTER_BOUND('',#352,.T.);
#149=FACE_OUTER_BOUND('',#353,.T.);
#150=FACE_OUTER_BOUND('',#354,.T.);
#151=FACE_OUTER_BOUND('',#355,.T.);
#152=FACE_OUTER_BOUND('',#356,.T.);
#153=FACE_OUTER_BOUND('',#357,.T.);
#154=FACE_OUTER_BOUND('',#358,.T.);
#155=FACE_OUTER_BOUND('',#359,.T.);
#156=FACE_OUTER_BOUND('',#360,.T.);
#157=FACE_OUTER_BOUND('',#361,.T.);
#158=FACE_OUTER_BOUND('',#362,.T.);
#159=FACE_OUTER_BOUND('',#368,.T.);
#160=FACE_OUTER_BOUND('',#369,.T.);
#161=FACE_OUTER_BOUND('',#370,.T.);
#162=FACE_OUTER_BOUND('',#371,.T.);
#163=FACE_OUTER_BOUND('',#372,.T.);
#164=FACE_OUTER_BOUND('',#373,.T.);
#165=FACE_OUTER_BOUND('',#374,.T.);
#166=FACE_OUTER_BOUND('',#375,.T.);
#167=FACE_OUTER_BOUND('',#376,.T.);
#168=FACE_OUTER_BOUND('',#377,.T.);
#169=FACE_OUTER_BOUND('',#378,.T.);
#170=FACE_OUTER_BOUND('',#379,.T.);
#171=FACE_OUTER_BOUND('',#380,.T.);
#172=FACE_OUTER_BOUND('',#381,.T.);
#173=FACE_OUTER_BOUND('',#382,.T.);
#174=FACE_OUTER_BOUND('',#383,.T.);
#175=FACE_OUTER_BOUND('',#384,.T.);
#176=FACE_OUTER_BOUND('',#385,.T.);
#177=FACE_OUTER_BOUND('',#391,.T.);
#178=FACE_OUTER_BOUND('',#392,.T.);
#179=FACE_OUTER_BOUND('',#393,.T.);
#180=FACE_OUTER_BOUND('',#394,.T.);
#181=FACE_OUTER_BOUND('',#395,.T.);
#182=FACE_OUTER_BOUND('',#396,.T.);
#183=FACE_OUTER_BOUND('',#397,.T.);
#184=FACE_OUTER_BOUND('',#398,.T.);
#185=FACE_OUTER_BOUND('',#399,.T.);
#186=FACE_OUTER_BOUND('',#400,.T.);
#187=FACE_OUTER_BOUND('',#401,.T.);
#188=FACE_OUTER_BOUND('',#402,.T.);
#189=FACE_OUTER_BOUND('',#403,.T.);
#190=FACE_OUTER_BOUND('',#404,.T.);
#191=FACE_OUTER_BOUND('',#405,.T.);
#192=FACE_OUTER_BOUND('',#406,.T.);
#193=FACE_OUTER_BOUND('',#407,.T.);
#194=FACE_OUTER_BOUND('',#408,.T.);
#195=FACE_OUTER_BOUND('',#409,.T.);
#196=FACE_OUTER_BOUND('',#410,.T.);
#197=FACE_OUTER_BOUND('',#411,.T.);
#198=FACE_OUTER_BOUND('',#412,.T.);
#199=FACE_OUTER_BOUND('',#413,.T.);
#200=FACE_OUTER_BOUND('',#414,.T.);
#201=FACE_OUTER_BOUND('',#415,.T.);
#202=FACE_OUTER_BOUND('',#416,.T.);
#203=FACE_OUTER_BOUND('',#417,.T.);
#204=FACE_OUTER_BOUND('',#418,.T.);
#205=FACE_OUTER_BOUND('',#419,.T.);
#206=FACE_OUTER_BOUND('',#420,.T.);
#207=FACE_OUTER_BOUND('',#421,.T.);
#208=FACE_OUTER_BOUND('',#422,.T.);
#209=FACE_OUTER_BOUND('',#423,.T.);
#210=FACE_OUTER_BOUND('',#424,.T.);
#211=FACE_OUTER_BOUND('',#425,.T.);
#212=FACE_OUTER_BOUND('',#426,.T.);
#213=FACE_OUTER_BOUND('',#427,.T.);
#214=FACE_OUTER_BOUND('',#428,.T.);
#215=FACE_OUTER_BOUND('',#429,.T.);
#216=FACE_OUTER_BOUND('',#430,.T.);
#217=FACE_OUTER_BOUND('',#431,.T.);
#218=FACE_OUTER_BOUND('',#432,.T.);
#219=FACE_OUTER_BOUND('',#433,.T.);
#220=FACE_OUTER_BOUND('',#434,.T.);
#221=FACE_OUTER_BOUND('',#435,.T.);
#222=FACE_OUTER_BOUND('',#436,.T.);
#223=FACE_OUTER_BOUND('',#437,.T.);
#224=FACE_OUTER_BOUND('',#438,.T.);
#225=FACE_OUTER_BOUND('',#439,.T.);
#226=FACE_OUTER_BOUND('',#440,.T.);
#227=FACE_OUTER_BOUND('',#441,.T.);
#228=FACE_OUTER_BOUND('',#442,.T.);
#229=FACE_OUTER_BOUND('',#443,.T.);
#230=FACE_OUTER_BOUND('',#444,.T.);
#231=FACE_OUTER_BOUND('',#445,.T.);
#232=FACE_OUTER_BOUND('',#446,.T.);
#233=FACE_OUTER_BOUND('',#447,.T.);
#234=FACE_OUTER_BOUND('',#448,.T.);
#235=FACE_OUTER_BOUND('',#449,.T.);
#236=FACE_OUTER_BOUND('',#450,.T.);
#237=FACE_OUTER_BOUND('',#452,.T.);
#238=FACE_OUTER_BOUND('',#453,.T.);
#239=FACE_OUTER_BOUND('',#454,.T.);
#240=FACE_OUTER_BOUND('',#455,.T.);
#241=FACE_OUTER_BOUND('',#456,.T.);
#242=FACE_OUTER_BOUND('',#457,.T.);
#243=FACE_OUTER_BOUND('',#458,.T.);
#244=FACE_OUTER_BOUND('',#459,.T.);
#245=FACE_OUTER_BOUND('',#460,.T.);
#246=FACE_OUTER_BOUND('',#461,.T.);
#247=FACE_OUTER_BOUND('',#462,.T.);
#248=FACE_OUTER_BOUND('',#463,.T.);
#249=FACE_OUTER_BOUND('',#464,.T.);
#250=FACE_OUTER_BOUND('',#465,.T.);
#251=FACE_OUTER_BOUND('',#466,.T.);
#252=FACE_OUTER_BOUND('',#467,.T.);
#253=FACE_OUTER_BOUND('',#468,.T.);
#254=FACE_OUTER_BOUND('',#469,.T.);
#255=FACE_OUTER_BOUND('',#470,.T.);
#256=FACE_OUTER_BOUND('',#471,.T.);
#257=FACE_OUTER_BOUND('',#472,.T.);
#258=FACE_OUTER_BOUND('',#473,.T.);
#259=FACE_OUTER_BOUND('',#474,.T.);
#260=FACE_OUTER_BOUND('',#475,.T.);
#261=FACE_OUTER_BOUND('',#476,.T.);
#262=FACE_OUTER_BOUND('',#477,.T.);
#263=FACE_OUTER_BOUND('',#478,.T.);
#264=FACE_OUTER_BOUND('',#479,.T.);
#265=FACE_OUTER_BOUND('',#480,.T.);
#266=FACE_OUTER_BOUND('',#481,.T.);
#267=FACE_OUTER_BOUND('',#482,.T.);
#268=FACE_OUTER_BOUND('',#483,.T.);
#269=FACE_OUTER_BOUND('',#484,.T.);
#270=FACE_OUTER_BOUND('',#485,.T.);
#271=FACE_OUTER_BOUND('',#486,.T.);
#272=FACE_OUTER_BOUND('',#487,.T.);
#273=FACE_OUTER_BOUND('',#488,.T.);
#274=FACE_OUTER_BOUND('',#489,.T.);
#275=FACE_OUTER_BOUND('',#490,.T.);
#276=FACE_OUTER_BOUND('',#491,.T.);
#277=FACE_OUTER_BOUND('',#492,.T.);
#278=FACE_OUTER_BOUND('',#493,.T.);
#279=FACE_OUTER_BOUND('',#494,.T.);
#280=FACE_OUTER_BOUND('',#495,.T.);
#281=FACE_OUTER_BOUND('',#496,.T.);
#282=FACE_OUTER_BOUND('',#497,.T.);
#283=FACE_OUTER_BOUND('',#498,.T.);
#284=FACE_OUTER_BOUND('',#499,.T.);
#285=FACE_OUTER_BOUND('',#500,.T.);
#286=FACE_OUTER_BOUND('',#501,.T.);
#287=FACE_OUTER_BOUND('',#502,.T.);
#288=FACE_OUTER_BOUND('',#503,.T.);
#289=FACE_OUTER_BOUND('',#504,.T.);
#290=FACE_OUTER_BOUND('',#505,.T.);
#291=FACE_OUTER_BOUND('',#506,.T.);
#292=FACE_OUTER_BOUND('',#507,.T.);
#293=FACE_OUTER_BOUND('',#508,.T.);
#294=FACE_OUTER_BOUND('',#509,.T.);
#295=FACE_OUTER_BOUND('',#510,.T.);
#296=FACE_OUTER_BOUND('',#511,.T.);
#297=FACE_OUTER_BOUND('',#512,.T.);
#298=FACE_OUTER_BOUND('',#514,.T.);
#299=FACE_OUTER_BOUND('',#515,.T.);
#300=FACE_OUTER_BOUND('',#516,.T.);
#301=FACE_OUTER_BOUND('',#517,.T.);
#302=FACE_OUTER_BOUND('',#518,.T.);
#303=FACE_OUTER_BOUND('',#519,.T.);
#304=FACE_OUTER_BOUND('',#520,.T.);
#305=FACE_OUTER_BOUND('',#521,.T.);
#306=FACE_OUTER_BOUND('',#522,.T.);
#307=FACE_OUTER_BOUND('',#523,.T.);
#308=FACE_OUTER_BOUND('',#524,.T.);
#309=FACE_OUTER_BOUND('',#525,.T.);
#310=FACE_OUTER_BOUND('',#526,.T.);
#311=FACE_OUTER_BOUND('',#527,.T.);
#312=FACE_OUTER_BOUND('',#528,.T.);
#313=FACE_OUTER_BOUND('',#529,.T.);
#314=FACE_OUTER_BOUND('',#530,.T.);
#315=FACE_OUTER_BOUND('',#539,.T.);
#316=FACE_OUTER_BOUND('',#540,.T.);
#317=FACE_OUTER_BOUND('',#541,.T.);
#318=FACE_OUTER_BOUND('',#542,.T.);
#319=FACE_OUTER_BOUND('',#543,.T.);
#320=FACE_OUTER_BOUND('',#544,.T.);
#321=FACE_OUTER_BOUND('',#545,.T.);
#322=FACE_OUTER_BOUND('',#546,.T.);
#323=FACE_OUTER_BOUND('',#547,.T.);
#324=FACE_OUTER_BOUND('',#548,.T.);
#325=FACE_OUTER_BOUND('',#549,.T.);
#326=FACE_OUTER_BOUND('',#550,.T.);
#327=FACE_OUTER_BOUND('',#551,.T.);
#328=FACE_OUTER_BOUND('',#552,.T.);
#329=FACE_OUTER_BOUND('',#553,.T.);
#330=FACE_OUTER_BOUND('',#554,.T.);
#331=FACE_OUTER_BOUND('',#555,.T.);
#332=FACE_OUTER_BOUND('',#556,.T.);
#333=FACE_OUTER_BOUND('',#557,.T.);
#334=FACE_OUTER_BOUND('',#558,.T.);
#335=EDGE_LOOP('',(#2218,#2219,#2220,#2221,#2222,#2223));
#336=EDGE_LOOP('',(#2224,#2225));
#337=EDGE_LOOP('',(#2226,#2227));
#338=EDGE_LOOP('',(#2228,#2229,#2230,#2231,#2232,#2233));
#339=EDGE_LOOP('',(#2234,#2235));
#340=EDGE_LOOP('',(#2236,#2237));
#341=EDGE_LOOP('',(#2238,#2239,#2240,#2241,#2242,#2243));
#342=EDGE_LOOP('',(#2244,#2245));
#343=EDGE_LOOP('',(#2246,#2247));
#344=EDGE_LOOP('',(#2248,#2249,#2250,#2251,#2252,#2253));
#345=EDGE_LOOP('',(#2254,#2255));
#346=EDGE_LOOP('',(#2256,#2257));
#347=EDGE_LOOP('',(#2258,#2259,#2260,#2261,#2262,#2263));
#348=EDGE_LOOP('',(#2264,#2265));
#349=EDGE_LOOP('',(#2266,#2267));
#350=EDGE_LOOP('',(#2268));
#351=EDGE_LOOP('',(#2269));
#352=EDGE_LOOP('',(#2270,#2271,#2272,#2273));
#353=EDGE_LOOP('',(#2274,#2275,#2276,#2277));
#354=EDGE_LOOP('',(#2278,#2279,#2280,#2281));
#355=EDGE_LOOP('',(#2282,#2283,#2284,#2285));
#356=EDGE_LOOP('',(#2286,#2287,#2288,#2289));
#357=EDGE_LOOP('',(#2290,#2291,#2292,#2293));
#358=EDGE_LOOP('',(#2294,#2295,#2296,#2297));
#359=EDGE_LOOP('',(#2298,#2299,#2300,#2301));
#360=EDGE_LOOP('',(#2302,#2303,#2304,#2305));
#361=EDGE_LOOP('',(#2306,#2307,#2308,#2309));
#362=EDGE_LOOP('',(#2310,#2311,#2312,#2313,#2314,#2315,#2316,#2317,#2318,
#2319,#2320,#2321));
#363=EDGE_LOOP('',(#2322,#2323));
#364=EDGE_LOOP('',(#2324,#2325));
#365=EDGE_LOOP('',(#2326,#2327));
#366=EDGE_LOOP('',(#2328,#2329));
#367=EDGE_LOOP('',(#2330,#2331));
#368=EDGE_LOOP('',(#2332,#2333,#2334,#2335,#2336,#2337,#2338,#2339,#2340,
#2341,#2342,#2343,#2344,#2345,#2346,#2347,#2348,#2349,#2350,#2351,#2352,
#2353,#2354,#2355,#2356,#2357));
#369=EDGE_LOOP('',(#2358,#2359,#2360,#2361));
#370=EDGE_LOOP('',(#2362,#2363,#2364,#2365));
#371=EDGE_LOOP('',(#2366,#2367,#2368,#2369));
#372=EDGE_LOOP('',(#2370,#2371,#2372,#2373));
#373=EDGE_LOOP('',(#2374,#2375,#2376,#2377));
#374=EDGE_LOOP('',(#2378,#2379,#2380,#2381));
#375=EDGE_LOOP('',(#2382,#2383,#2384,#2385));
#376=EDGE_LOOP('',(#2386,#2387,#2388,#2389));
#377=EDGE_LOOP('',(#2390,#2391,#2392,#2393));
#378=EDGE_LOOP('',(#2394,#2395,#2396,#2397));
#379=EDGE_LOOP('',(#2398,#2399,#2400,#2401));
#380=EDGE_LOOP('',(#2402,#2403,#2404,#2405));
#381=EDGE_LOOP('',(#2406,#2407,#2408,#2409));
#382=EDGE_LOOP('',(#2410,#2411,#2412,#2413));
#383=EDGE_LOOP('',(#2414,#2415,#2416,#2417));
#384=EDGE_LOOP('',(#2418,#2419,#2420,#2421));
#385=EDGE_LOOP('',(#2422,#2423,#2424,#2425,#2426,#2427,#2428,#2429));
#386=EDGE_LOOP('',(#2430));
#387=EDGE_LOOP('',(#2431));
#388=EDGE_LOOP('',(#2432));
#389=EDGE_LOOP('',(#2433));
#390=EDGE_LOOP('',(#2434));
#391=EDGE_LOOP('',(#2435,#2436,#2437,#2438,#2439));
#392=EDGE_LOOP('',(#2440,#2441,#2442,#2443,#2444));
#393=EDGE_LOOP('',(#2445,#2446,#2447,#2448,#2449));
#394=EDGE_LOOP('',(#2450,#2451,#2452,#2453,#2454));
#395=EDGE_LOOP('',(#2455,#2456,#2457,#2458,#2459));
#396=EDGE_LOOP('',(#2460,#2461,#2462,#2463,#2464,#2465));
#397=EDGE_LOOP('',(#2466,#2467));
#398=EDGE_LOOP('',(#2468,#2469,#2470,#2471,#2472,#2473));
#399=EDGE_LOOP('',(#2474,#2475));
#400=EDGE_LOOP('',(#2476,#2477,#2478,#2479,#2480,#2481));
#401=EDGE_LOOP('',(#2482,#2483));
#402=EDGE_LOOP('',(#2484,#2485,#2486,#2487,#2488,#2489));
#403=EDGE_LOOP('',(#2490,#2491));
#404=EDGE_LOOP('',(#2492,#2493,#2494,#2495));
#405=EDGE_LOOP('',(#2496,#2497,#2498,#2499));
#406=EDGE_LOOP('',(#2500,#2501,#2502,#2503));
#407=EDGE_LOOP('',(#2504,#2505,#2506,#2507));
#408=EDGE_LOOP('',(#2508,#2509,#2510,#2511));
#409=EDGE_LOOP('',(#2512,#2513,#2514,#2515));
#410=EDGE_LOOP('',(#2516,#2517,#2518,#2519));
#411=EDGE_LOOP('',(#2520,#2521,#2522,#2523));
#412=EDGE_LOOP('',(#2524,#2525,#2526,#2527));
#413=EDGE_LOOP('',(#2528,#2529,#2530,#2531));
#414=EDGE_LOOP('',(#2532,#2533,#2534,#2535));
#415=EDGE_LOOP('',(#2536,#2537,#2538,#2539));
#416=EDGE_LOOP('',(#2540,#2541,#2542,#2543));
#417=EDGE_LOOP('',(#2544,#2545,#2546,#2547));
#418=EDGE_LOOP('',(#2548,#2549,#2550,#2551));
#419=EDGE_LOOP('',(#2552,#2553,#2554,#2555));
#420=EDGE_LOOP('',(#2556,#2557,#2558,#2559));
#421=EDGE_LOOP('',(#2560,#2561,#2562,#2563));
#422=EDGE_LOOP('',(#2564,#2565,#2566,#2567));
#423=EDGE_LOOP('',(#2568,#2569,#2570,#2571));
#424=EDGE_LOOP('',(#2572,#2573,#2574,#2575));
#425=EDGE_LOOP('',(#2576,#2577,#2578,#2579));
#426=EDGE_LOOP('',(#2580,#2581,#2582,#2583));
#427=EDGE_LOOP('',(#2584,#2585,#2586,#2587));
#428=EDGE_LOOP('',(#2588,#2589,#2590,#2591));
#429=EDGE_LOOP('',(#2592,#2593,#2594,#2595));
#430=EDGE_LOOP('',(#2596,#2597,#2598,#2599));
#431=EDGE_LOOP('',(#2600,#2601,#2602,#2603));
#432=EDGE_LOOP('',(#2604,#2605,#2606,#2607));
#433=EDGE_LOOP('',(#2608,#2609,#2610,#2611));
#434=EDGE_LOOP('',(#2612,#2613,#2614,#2615));
#435=EDGE_LOOP('',(#2616,#2617,#2618,#2619));
#436=EDGE_LOOP('',(#2620,#2621,#2622,#2623));
#437=EDGE_LOOP('',(#2624,#2625,#2626,#2627));
#438=EDGE_LOOP('',(#2628,#2629,#2630,#2631));
#439=EDGE_LOOP('',(#2632,#2633,#2634,#2635));
#440=EDGE_LOOP('',(#2636,#2637,#2638,#2639));
#441=EDGE_LOOP('',(#2640,#2641,#2642,#2643));
#442=EDGE_LOOP('',(#2644,#2645,#2646,#2647));
#443=EDGE_LOOP('',(#2648,#2649,#2650,#2651));
#444=EDGE_LOOP('',(#2652,#2653,#2654,#2655));
#445=EDGE_LOOP('',(#2656,#2657,#2658,#2659));
#446=EDGE_LOOP('',(#2660,#2661,#2662,#2663));
#447=EDGE_LOOP('',(#2664,#2665,#2666,#2667));
#448=EDGE_LOOP('',(#2668,#2669,#2670,#2671));
#449=EDGE_LOOP('',(#2672,#2673,#2674,#2675));
#450=EDGE_LOOP('',(#2676,#2677,#2678,#2679,#2680,#2681,#2682,#2683,#2684,
#2685,#2686,#2687,#2688,#2689,#2690,#2691,#2692,#2693,#2694,#2695,#2696,
#2697,#2698,#2699,#2700,#2701,#2702,#2703,#2704,#2705,#2706,#2707,#2708,
#2709,#2710,#2711,#2712,#2713,#2714,#2715));
#451=EDGE_LOOP('',(#2716,#2717,#2718,#2719,#2720,#2721,#2722,#2723,#2724,
#2725,#2726,#2727,#2728,#2729,#2730,#2731,#2732,#2733,#2734,#2735,#2736,
#2737,#2738,#2739,#2740,#2741,#2742,#2743,#2744,#2745,#2746,#2747,#2748,
#2749,#2750,#2751,#2752,#2753,#2754,#2755));
#452=EDGE_LOOP('',(#2756,#2757,#2758,#2759));
#453=EDGE_LOOP('',(#2760,#2761,#2762,#2763));
#454=EDGE_LOOP('',(#2764,#2765,#2766,#2767));
#455=EDGE_LOOP('',(#2768,#2769,#2770,#2771));
#456=EDGE_LOOP('',(#2772,#2773,#2774,#2775));
#457=EDGE_LOOP('',(#2776,#2777,#2778,#2779));
#458=EDGE_LOOP('',(#2780,#2781,#2782,#2783));
#459=EDGE_LOOP('',(#2784,#2785,#2786,#2787));
#460=EDGE_LOOP('',(#2788,#2789,#2790,#2791));
#461=EDGE_LOOP('',(#2792,#2793,#2794,#2795));
#462=EDGE_LOOP('',(#2796,#2797,#2798,#2799));
#463=EDGE_LOOP('',(#2800,#2801,#2802,#2803));
#464=EDGE_LOOP('',(#2804,#2805,#2806,#2807));
#465=EDGE_LOOP('',(#2808,#2809,#2810,#2811));
#466=EDGE_LOOP('',(#2812,#2813,#2814,#2815));
#467=EDGE_LOOP('',(#2816,#2817,#2818,#2819));
#468=EDGE_LOOP('',(#2820,#2821,#2822,#2823));
#469=EDGE_LOOP('',(#2824,#2825,#2826,#2827));
#470=EDGE_LOOP('',(#2828,#2829,#2830,#2831));
#471=EDGE_LOOP('',(#2832,#2833,#2834,#2835));
#472=EDGE_LOOP('',(#2836,#2837,#2838,#2839));
#473=EDGE_LOOP('',(#2840,#2841,#2842,#2843));
#474=EDGE_LOOP('',(#2844,#2845,#2846,#2847));
#475=EDGE_LOOP('',(#2848,#2849,#2850,#2851));
#476=EDGE_LOOP('',(#2852,#2853,#2854,#2855));
#477=EDGE_LOOP('',(#2856,#2857,#2858,#2859));
#478=EDGE_LOOP('',(#2860,#2861,#2862,#2863));
#479=EDGE_LOOP('',(#2864,#2865,#2866,#2867));
#480=EDGE_LOOP('',(#2868,#2869,#2870,#2871));
#481=EDGE_LOOP('',(#2872,#2873,#2874,#2875));
#482=EDGE_LOOP('',(#2876,#2877,#2878,#2879));
#483=EDGE_LOOP('',(#2880,#2881,#2882,#2883));
#484=EDGE_LOOP('',(#2884,#2885,#2886,#2887));
#485=EDGE_LOOP('',(#2888,#2889,#2890,#2891));
#486=EDGE_LOOP('',(#2892,#2893,#2894,#2895));
#487=EDGE_LOOP('',(#2896,#2897,#2898,#2899));
#488=EDGE_LOOP('',(#2900,#2901,#2902,#2903));
#489=EDGE_LOOP('',(#2904,#2905,#2906,#2907));
#490=EDGE_LOOP('',(#2908,#2909,#2910,#2911));
#491=EDGE_LOOP('',(#2912,#2913,#2914,#2915));
#492=EDGE_LOOP('',(#2916,#2917,#2918,#2919));
#493=EDGE_LOOP('',(#2920,#2921,#2922,#2923));
#494=EDGE_LOOP('',(#2924,#2925,#2926,#2927));
#495=EDGE_LOOP('',(#2928,#2929,#2930,#2931));
#496=EDGE_LOOP('',(#2932,#2933,#2934,#2935));
#497=EDGE_LOOP('',(#2936,#2937,#2938,#2939));
#498=EDGE_LOOP('',(#2940,#2941,#2942,#2943));
#499=EDGE_LOOP('',(#2944,#2945,#2946,#2947));
#500=EDGE_LOOP('',(#2948,#2949,#2950,#2951));
#501=EDGE_LOOP('',(#2952,#2953,#2954,#2955));
#502=EDGE_LOOP('',(#2956,#2957,#2958,#2959));
#503=EDGE_LOOP('',(#2960,#2961,#2962,#2963));
#504=EDGE_LOOP('',(#2964,#2965,#2966,#2967));
#505=EDGE_LOOP('',(#2968,#2969,#2970,#2971));
#506=EDGE_LOOP('',(#2972,#2973,#2974,#2975));
#507=EDGE_LOOP('',(#2976,#2977,#2978,#2979));
#508=EDGE_LOOP('',(#2980,#2981,#2982,#2983));
#509=EDGE_LOOP('',(#2984,#2985,#2986,#2987));
#510=EDGE_LOOP('',(#2988,#2989,#2990,#2991));
#511=EDGE_LOOP('',(#2992,#2993,#2994,#2995));
#512=EDGE_LOOP('',(#2996,#2997,#2998,#2999,#3000,#3001,#3002,#3003,#3004,
#3005,#3006,#3007,#3008,#3009,#3010,#3011,#3012,#3013,#3014,#3015,#3016,
#3017,#3018,#3019,#3020,#3021,#3022,#3023,#3024,#3025,#3026,#3027,#3028,
#3029,#3030,#3031,#3032,#3033,#3034,#3035));
#513=EDGE_LOOP('',(#3036,#3037,#3038,#3039,#3040,#3041,#3042,#3043));
#514=EDGE_LOOP('',(#3044,#3045,#3046,#3047));
#515=EDGE_LOOP('',(#3048,#3049,#3050,#3051));
#516=EDGE_LOOP('',(#3052,#3053,#3054,#3055));
#517=EDGE_LOOP('',(#3056,#3057,#3058,#3059));
#518=EDGE_LOOP('',(#3060,#3061,#3062,#3063));
#519=EDGE_LOOP('',(#3064,#3065,#3066,#3067));
#520=EDGE_LOOP('',(#3068,#3069,#3070,#3071));
#521=EDGE_LOOP('',(#3072,#3073,#3074,#3075));
#522=EDGE_LOOP('',(#3076,#3077,#3078,#3079));
#523=EDGE_LOOP('',(#3080,#3081,#3082,#3083));
#524=EDGE_LOOP('',(#3084,#3085,#3086,#3087));
#525=EDGE_LOOP('',(#3088,#3089,#3090,#3091));
#526=EDGE_LOOP('',(#3092,#3093,#3094,#3095));
#527=EDGE_LOOP('',(#3096,#3097,#3098,#3099));
#528=EDGE_LOOP('',(#3100,#3101,#3102,#3103));
#529=EDGE_LOOP('',(#3104,#3105,#3106,#3107));
#530=EDGE_LOOP('',(#3108,#3109,#3110,#3111,#3112,#3113,#3114,#3115,#3116,
#3117,#3118,#3119,#3120,#3121,#3122,#3123,#3124,#3125,#3126,#3127,#3128,
#3129,#3130,#3131,#3132,#3133,#3134,#3135,#3136,#3137,#3138,#3139,#3140,
#3141,#3142,#3143,#3144,#3145,#3146,#3147));
#531=EDGE_LOOP('',(#3148,#3149,#3150,#3151,#3152,#3153,#3154,#3155,#3156,
#3157,#3158,#3159,#3160,#3161,#3162,#3163,#3164,#3165,#3166,#3167,#3168,
#3169,#3170,#3171,#3172,#3173));
#532=EDGE_LOOP('',(#3174));
#533=EDGE_LOOP('',(#3175));
#534=EDGE_LOOP('',(#3176,#3177));
#535=EDGE_LOOP('',(#3178,#3179));
#536=EDGE_LOOP('',(#3180,#3181));
#537=EDGE_LOOP('',(#3182,#3183));
#538=EDGE_LOOP('',(#3184,#3185,#3186,#3187,#3188,#3189,#3190,#3191,#3192,
#3193,#3194,#3195));
#539=EDGE_LOOP('',(#3196,#3197,#3198,#3199));
#540=EDGE_LOOP('',(#3200,#3201,#3202,#3203));
#541=EDGE_LOOP('',(#3204,#3205,#3206,#3207));
#542=EDGE_LOOP('',(#3208,#3209,#3210,#3211));
#543=EDGE_LOOP('',(#3212,#3213,#3214,#3215));
#544=EDGE_LOOP('',(#3216,#3217,#3218,#3219));
#545=EDGE_LOOP('',(#3220,#3221,#3222,#3223));
#546=EDGE_LOOP('',(#3224,#3225,#3226,#3227));
#547=EDGE_LOOP('',(#3228,#3229,#3230,#3231));
#548=EDGE_LOOP('',(#3232,#3233,#3234,#3235));
#549=EDGE_LOOP('',(#3236,#3237,#3238,#3239));
#550=EDGE_LOOP('',(#3240,#3241,#3242,#3243));
#551=EDGE_LOOP('',(#3244,#3245,#3246,#3247));
#552=EDGE_LOOP('',(#3248,#3249,#3250,#3251));
#553=EDGE_LOOP('',(#3252,#3253,#3254,#3255));
#554=EDGE_LOOP('',(#3256,#3257,#3258,#3259));
#555=EDGE_LOOP('',(#3260,#3261,#3262,#3263));
#556=EDGE_LOOP('',(#3264,#3265,#3266,#3267));
#557=EDGE_LOOP('',(#3268,#3269,#3270,#3271));
#558=EDGE_LOOP('',(#3272,#3273,#3274,#3275));
#559=LINE('',#5284,#813);
#560=LINE('',#5299,#814);
#561=LINE('',#5314,#815);
#562=LINE('',#5329,#816);
#563=LINE('',#5344,#817);
#564=LINE('',#5364,#818);
#565=LINE('',#5367,#819);
#566=LINE('',#5370,#820);
#567=LINE('',#5372,#821);
#568=LINE('',#5373,#822);
#569=LINE('',#5378,#823);
#570=LINE('',#5383,#824);
#571=LINE('',#5387,#825);
#572=LINE('',#5393,#826);
#573=LINE('',#5396,#827);
#574=LINE('',#5399,#828);
#575=LINE('',#5401,#829);
#576=LINE('',#5402,#830);
#577=LINE('',#5407,#831);
#578=LINE('',#5413,#832);
#579=LINE('',#5417,#833);
#580=LINE('',#5419,#834);
#581=LINE('',#5420,#835);
#582=LINE('',#5423,#836);
#583=LINE('',#5425,#837);
#584=LINE('',#5429,#838);
#585=LINE('',#5431,#839);
#586=LINE('',#5433,#840);
#587=LINE('',#5436,#841);
#588=LINE('',#5441,#842);
#589=LINE('',#5445,#843);
#590=LINE('',#5449,#844);
#591=LINE('',#5453,#845);
#592=LINE('',#5455,#846);
#593=LINE('',#5459,#847);
#594=LINE('',#5461,#848);
#595=LINE('',#5463,#849);
#596=LINE('',#5467,#850);
#597=LINE('',#5469,#851);
#598=LINE('',#5473,#852);
#599=LINE('',#5477,#853);
#600=LINE('',#5480,#854);
#601=LINE('',#5483,#855);
#602=LINE('',#5485,#856);
#603=LINE('',#5486,#857);
#604=LINE('',#5489,#858);
#605=LINE('',#5493,#859);
#606=LINE('',#5494,#860);
#607=LINE('',#5497,#861);
#608=LINE('',#5499,#862);
#609=LINE('',#5500,#863);
#610=LINE('',#5504,#864);
#611=LINE('',#5507,#865);
#612=LINE('',#5508,#866);
#613=LINE('',#5511,#867);
#614=LINE('',#5512,#868);
#615=LINE('',#5515,#869);
#616=LINE('',#5516,#870);
#617=LINE('',#5522,#871);
#618=LINE('',#5525,#872);
#619=LINE('',#5528,#873);
#620=LINE('',#5530,#874);
#621=LINE('',#5531,#875);
#622=LINE('',#5536,#876);
#623=LINE('',#5540,#877);
#624=LINE('',#5542,#878);
#625=LINE('',#5543,#879);
#626=LINE('',#5548,#880);
#627=LINE('',#5552,#881);
#628=LINE('',#5554,#882);
#629=LINE('',#5555,#883);
#630=LINE('',#5560,#884);
#631=LINE('',#5563,#885);
#632=LINE('',#5564,#886);
#633=LINE('',#5577,#887);
#634=LINE('',#5579,#888);
#635=LINE('',#5581,#889);
#636=LINE('',#5583,#890);
#637=LINE('',#5585,#891);
#638=LINE('',#5592,#892);
#639=LINE('',#5603,#893);
#640=LINE('',#5614,#894);
#641=LINE('',#5625,#895);
#642=LINE('',#5632,#896);
#643=LINE('',#5635,#897);
#644=LINE('',#5638,#898);
#645=LINE('',#5639,#899);
#646=LINE('',#5641,#900);
#647=LINE('',#5644,#901);
#648=LINE('',#5646,#902);
#649=LINE('',#5647,#903);
#650=LINE('',#5651,#904);
#651=LINE('',#5654,#905);
#652=LINE('',#5655,#906);
#653=LINE('',#5661,#907);
#654=LINE('',#5664,#908);
#655=LINE('',#5667,#909);
#656=LINE('',#5669,#910);
#657=LINE('',#5670,#911);
#658=LINE('',#5676,#912);
#659=LINE('',#5682,#913);
#660=LINE('',#5688,#914);
#661=LINE('',#5691,#915);
#662=LINE('',#5693,#916);
#663=LINE('',#5694,#917);
#664=LINE('',#5700,#918);
#665=LINE('',#5703,#919);
#666=LINE('',#5705,#920);
#667=LINE('',#5706,#921);
#668=LINE('',#5712,#922);
#669=LINE('',#5715,#923);
#670=LINE('',#5717,#924);
#671=LINE('',#5718,#925);
#672=LINE('',#5724,#926);
#673=LINE('',#5730,#927);
#674=LINE('',#5736,#928);
#675=LINE('',#5739,#929);
#676=LINE('',#5741,#930);
#677=LINE('',#5742,#931);
#678=LINE('',#5748,#932);
#679=LINE('',#5754,#933);
#680=LINE('',#5760,#934);
#681=LINE('',#5763,#935);
#682=LINE('',#5765,#936);
#683=LINE('',#5766,#937);
#684=LINE('',#5772,#938);
#685=LINE('',#5778,#939);
#686=LINE('',#5784,#940);
#687=LINE('',#5787,#941);
#688=LINE('',#5789,#942);
#689=LINE('',#5790,#943);
#690=LINE('',#5796,#944);
#691=LINE('',#5802,#945);
#692=LINE('',#5808,#946);
#693=LINE('',#5811,#947);
#694=LINE('',#5813,#948);
#695=LINE('',#5814,#949);
#696=LINE('',#5820,#950);
#697=LINE('',#5823,#951);
#698=LINE('',#5825,#952);
#699=LINE('',#5826,#953);
#700=LINE('',#5832,#954);
#701=LINE('',#5835,#955);
#702=LINE('',#5837,#956);
#703=LINE('',#5838,#957);
#704=LINE('',#5844,#958);
#705=LINE('',#5850,#959);
#706=LINE('',#5856,#960);
#707=LINE('',#5859,#961);
#708=LINE('',#5861,#962);
#709=LINE('',#5862,#963);
#710=LINE('',#5868,#964);
#711=LINE('',#5874,#965);
#712=LINE('',#5880,#966);
#713=LINE('',#5883,#967);
#714=LINE('',#5885,#968);
#715=LINE('',#5886,#969);
#716=LINE('',#5892,#970);
#717=LINE('',#5901,#971);
#718=LINE('',#5909,#972);
#719=LINE('',#5913,#973);
#720=LINE('',#5917,#974);
#721=LINE('',#5925,#975);
#722=LINE('',#5933,#976);
#723=LINE('',#5941,#977);
#724=LINE('',#5949,#978);
#725=LINE('',#5953,#979);
#726=LINE('',#5957,#980);
#727=LINE('',#5965,#981);
#728=LINE('',#5973,#982);
#729=LINE('',#6002,#983);
#730=LINE('',#6003,#984);
#731=LINE('',#6026,#985);
#732=LINE('',#6027,#986);
#733=LINE('',#6050,#987);
#734=LINE('',#6051,#988);
#735=LINE('',#6074,#989);
#736=LINE('',#6075,#990);
#737=LINE('',#6086,#991);
#738=LINE('',#6087,#992);
#739=LINE('',#6098,#993);
#740=LINE('',#6099,#994);
#741=LINE('',#6122,#995);
#742=LINE('',#6123,#996);
#743=LINE('',#6146,#997);
#744=LINE('',#6147,#998);
#745=LINE('',#6170,#999);
#746=LINE('',#6171,#1000);
#747=LINE('',#6194,#1001);
#748=LINE('',#6195,#1002);
#749=LINE('',#6206,#1003);
#750=LINE('',#6207,#1004);
#751=LINE('',#6215,#1005);
#752=LINE('',#6216,#1006);
#753=LINE('',#6218,#1007);
#754=LINE('',#6219,#1008);
#755=LINE('',#6221,#1009);
#756=LINE('',#6223,#1010);
#757=LINE('',#6225,#1011);
#758=LINE('',#6227,#1012);
#759=LINE('',#6229,#1013);
#760=LINE('',#6231,#1014);
#761=LINE('',#6233,#1015);
#762=LINE('',#6235,#1016);
#763=LINE('',#6237,#1017);
#764=LINE('',#6239,#1018);
#765=LINE('',#6241,#1019);
#766=LINE('',#6243,#1020);
#767=LINE('',#6245,#1021);
#768=LINE('',#6247,#1022);
#769=LINE('',#6249,#1023);
#770=LINE('',#6251,#1024);
#771=LINE('',#6253,#1025);
#772=LINE('',#6255,#1026);
#773=LINE('',#6257,#1027);
#774=LINE('',#6262,#1028);
#775=LINE('',#6265,#1029);
#776=LINE('',#6266,#1030);
#777=LINE('',#6270,#1031);
#778=LINE('',#6273,#1032);
#779=LINE('',#6274,#1033);
#780=LINE('',#6278,#1034);
#781=LINE('',#6281,#1035);
#782=LINE('',#6282,#1036);
#783=LINE('',#6285,#1037);
#784=LINE('',#6288,#1038);
#785=LINE('',#6291,#1039);
#786=LINE('',#6292,#1040);
#787=LINE('',#6295,#1041);
#788=LINE('',#6296,#1042);
#789=LINE('',#6300,#1043);
#790=LINE('',#6302,#1044);
#791=LINE('',#6304,#1045);
#792=LINE('',#6310,#1046);
#793=LINE('',#6312,#1047);
#794=LINE('',#6315,#1048);
#795=LINE('',#6317,#1049);
#796=LINE('',#6319,#1050);
#797=LINE('',#6320,#1051);
#798=LINE('',#6322,#1052);
#799=LINE('',#6324,#1053);
#800=LINE('',#6326,#1054);
#801=LINE('',#6328,#1055);
#802=LINE('',#6330,#1056);
#803=LINE('',#6332,#1057);
#804=LINE('',#6334,#1058);
#805=LINE('',#6336,#1059);
#806=LINE('',#6338,#1060);
#807=LINE('',#6340,#1061);
#808=LINE('',#6342,#1062);
#809=LINE('',#6344,#1063);
#810=LINE('',#6347,#1064);
#811=LINE('',#6349,#1065);
#812=LINE('',#6351,#1066);
#813=VECTOR('',#4081,3.5);
#814=VECTOR('',#4098,3.5);
#815=VECTOR('',#4115,3.5);
#816=VECTOR('',#4132,3.50000000000001);
#817=VECTOR('',#4149,3.5);
#818=VECTOR('',#4172,10.);
#819=VECTOR('',#4175,10.);
#820=VECTOR('',#4178,10.);
#821=VECTOR('',#4179,10.);
#822=VECTOR('',#4180,10.);
#823=VECTOR('',#4185,10.);
#824=VECTOR('',#4192,2.1);
#825=VECTOR('',#4197,2.1);
#826=VECTOR('',#4202,10.);
#827=VECTOR('',#4205,10.);
#828=VECTOR('',#4208,10.);
#829=VECTOR('',#4209,10.);
#830=VECTOR('',#4210,10.);
#831=VECTOR('',#4215,10.);
#832=VECTOR('',#4222,10.);
#833=VECTOR('',#4227,10.);
#834=VECTOR('',#4228,10.);
#835=VECTOR('',#4229,10.);
#836=VECTOR('',#4232,10.);
#837=VECTOR('',#4233,10.);
#838=VECTOR('',#4236,10.);
#839=VECTOR('',#4237,10.);
#840=VECTOR('',#4238,10.);
#841=VECTOR('',#4241,10.);
#842=VECTOR('',#4246,10.);
#843=VECTOR('',#4249,10.);
#844=VECTOR('',#4252,10.);
#845=VECTOR('',#4255,10.);
#846=VECTOR('',#4256,10.);
#847=VECTOR('',#4259,10.);
#848=VECTOR('',#4260,10.);
#849=VECTOR('',#4261,10.);
#850=VECTOR('',#4264,10.);
#851=VECTOR('',#4265,10.);
#852=VECTOR('',#4268,10.);
#853=VECTOR('',#4271,10.);
#854=VECTOR('',#4274,10.);
#855=VECTOR('',#4277,10.);
#856=VECTOR('',#4278,10.);
#857=VECTOR('',#4279,10.);
#858=VECTOR('',#4282,10.);
#859=VECTOR('',#4287,10.);
#860=VECTOR('',#4288,10.);
#861=VECTOR('',#4291,10.);
#862=VECTOR('',#4292,10.);
#863=VECTOR('',#4293,10.);
#864=VECTOR('',#4298,10.);
#865=VECTOR('',#4301,10.);
#866=VECTOR('',#4302,10.);
#867=VECTOR('',#4305,10.);
#868=VECTOR('',#4306,10.);
#869=VECTOR('',#4309,10.);
#870=VECTOR('',#4310,10.);
#871=VECTOR('',#4315,10.);
#872=VECTOR('',#4318,10.);
#873=VECTOR('',#4321,10.);
#874=VECTOR('',#4322,10.);
#875=VECTOR('',#4323,10.);
#876=VECTOR('',#4328,10.);
#877=VECTOR('',#4333,10.);
#878=VECTOR('',#4334,10.);
#879=VECTOR('',#4335,10.);
#880=VECTOR('',#4340,10.);
#881=VECTOR('',#4345,10.);
#882=VECTOR('',#4346,10.);
#883=VECTOR('',#4347,10.);
#884=VECTOR('',#4352,10.);
#885=VECTOR('',#4357,10.);
#886=VECTOR('',#4358,10.);
#887=VECTOR('',#4373,2.);
#888=VECTOR('',#4376,2.);
#889=VECTOR('',#4379,2.);
#890=VECTOR('',#4382,2.);
#891=VECTOR('',#4385,2.);
#892=VECTOR('',#4392,2.10000000000001);
#893=VECTOR('',#4405,2.1);
#894=VECTOR('',#4418,2.1);
#895=VECTOR('',#4431,2.1);
#896=VECTOR('',#4440,10.);
#897=VECTOR('',#4443,10.);
#898=VECTOR('',#4446,10.);
#899=VECTOR('',#4447,10.);
#900=VECTOR('',#4450,10.);
#901=VECTOR('',#4453,10.);
#902=VECTOR('',#4454,10.);
#903=VECTOR('',#4455,10.);
#904=VECTOR('',#4460,10.);
#905=VECTOR('',#4463,10.);
#906=VECTOR('',#4464,10.);
#907=VECTOR('',#4469,10.);
#908=VECTOR('',#4472,10.);
#909=VECTOR('',#4475,10.);
#910=VECTOR('',#4476,10.);
#911=VECTOR('',#4477,10.);
#912=VECTOR('',#4484,10.);
#913=VECTOR('',#4491,10.);
#914=VECTOR('',#4498,10.);
#915=VECTOR('',#4501,10.);
#916=VECTOR('',#4502,10.);
#917=VECTOR('',#4503,10.);
#918=VECTOR('',#4510,10.);
#919=VECTOR('',#4513,10.);
#920=VECTOR('',#4514,10.);
#921=VECTOR('',#4515,10.);
#922=VECTOR('',#4522,10.);
#923=VECTOR('',#4525,10.);
#924=VECTOR('',#4526,10.);
#925=VECTOR('',#4527,10.);
#926=VECTOR('',#4534,10.);
#927=VECTOR('',#4541,10.);
#928=VECTOR('',#4548,10.);
#929=VECTOR('',#4551,10.);
#930=VECTOR('',#4552,10.);
#931=VECTOR('',#4553,10.);
#932=VECTOR('',#4560,10.);
#933=VECTOR('',#4567,10.);
#934=VECTOR('',#4574,10.);
#935=VECTOR('',#4577,10.);
#936=VECTOR('',#4578,10.);
#937=VECTOR('',#4579,10.);
#938=VECTOR('',#4586,10.);
#939=VECTOR('',#4593,10.);
#940=VECTOR('',#4600,10.);
#941=VECTOR('',#4603,10.);
#942=VECTOR('',#4604,10.);
#943=VECTOR('',#4605,10.);
#944=VECTOR('',#4612,10.);
#945=VECTOR('',#4619,10.);
#946=VECTOR('',#4626,10.);
#947=VECTOR('',#4629,10.);
#948=VECTOR('',#4630,10.);
#949=VECTOR('',#4631,10.);
#950=VECTOR('',#4638,10.);
#951=VECTOR('',#4641,10.);
#952=VECTOR('',#4642,10.);
#953=VECTOR('',#4643,10.);
#954=VECTOR('',#4650,10.);
#955=VECTOR('',#4653,10.);
#956=VECTOR('',#4654,10.);
#957=VECTOR('',#4655,10.);
#958=VECTOR('',#4662,10.);
#959=VECTOR('',#4669,10.);
#960=VECTOR('',#4676,10.);
#961=VECTOR('',#4679,10.);
#962=VECTOR('',#4680,10.);
#963=VECTOR('',#4681,10.);
#964=VECTOR('',#4688,10.);
#965=VECTOR('',#4695,10.);
#966=VECTOR('',#4702,10.);
#967=VECTOR('',#4705,10.);
#968=VECTOR('',#4706,10.);
#969=VECTOR('',#4707,10.);
#970=VECTOR('',#4714,10.);
#971=VECTOR('',#4725,10.);
#972=VECTOR('',#4732,10.);
#973=VECTOR('',#4735,10.);
#974=VECTOR('',#4738,10.);
#975=VECTOR('',#4745,10.);
#976=VECTOR('',#4752,10.);
#977=VECTOR('',#4759,10.);
#978=VECTOR('',#4766,10.);
#979=VECTOR('',#4769,10.);
#980=VECTOR('',#4772,10.);
#981=VECTOR('',#4779,10.);
#982=VECTOR('',#4786,10.);
#983=VECTOR('',#4821,10.);
#984=VECTOR('',#4822,10.);
#985=VECTOR('',#4851,10.);
#986=VECTOR('',#4852,10.);
#987=VECTOR('',#4881,10.);
#988=VECTOR('',#4882,10.);
#989=VECTOR('',#4911,10.);
#990=VECTOR('',#4912,10.);
#991=VECTOR('',#4925,10.);
#992=VECTOR('',#4926,10.);
#993=VECTOR('',#4939,10.);
#994=VECTOR('',#4940,10.);
#995=VECTOR('',#4969,10.);
#996=VECTOR('',#4970,10.);
#997=VECTOR('',#4999,10.);
#998=VECTOR('',#5000,10.);
#999=VECTOR('',#5029,10.);
#1000=VECTOR('',#5030,10.);
#1001=VECTOR('',#5059,10.);
#1002=VECTOR('',#5060,10.);
#1003=VECTOR('',#5073,10.);
#1004=VECTOR('',#5074,10.);
#1005=VECTOR('',#5085,10.);
#1006=VECTOR('',#5086,10.);
#1007=VECTOR('',#5089,10.);
#1008=VECTOR('',#5090,10.);
#1009=VECTOR('',#5093,10.);
#1010=VECTOR('',#5096,10.);
#1011=VECTOR('',#5099,10.);
#1012=VECTOR('',#5102,10.);
#1013=VECTOR('',#5105,10.);
#1014=VECTOR('',#5108,10.);
#1015=VECTOR('',#5111,10.);
#1016=VECTOR('',#5114,10.);
#1017=VECTOR('',#5117,10.);
#1018=VECTOR('',#5120,10.);
#1019=VECTOR('',#5123,10.);
#1020=VECTOR('',#5126,10.);
#1021=VECTOR('',#5129,10.);
#1022=VECTOR('',#5132,10.);
#1023=VECTOR('',#5135,10.);
#1024=VECTOR('',#5138,10.);
#1025=VECTOR('',#5141,10.);
#1026=VECTOR('',#5144,10.);
#1027=VECTOR('',#5147,10.);
#1028=VECTOR('',#5154,10.);
#1029=VECTOR('',#5157,10.);
#1030=VECTOR('',#5158,10.);
#1031=VECTOR('',#5163,10.);
#1032=VECTOR('',#5166,10.);
#1033=VECTOR('',#5167,10.);
#1034=VECTOR('',#5172,10.);
#1035=VECTOR('',#5175,10.);
#1036=VECTOR('',#5176,10.);
#1037=VECTOR('',#5179,10.);
#1038=VECTOR('',#5182,10.);
#1039=VECTOR('',#5185,10.);
#1040=VECTOR('',#5186,10.);
#1041=VECTOR('',#5189,10.);
#1042=VECTOR('',#5190,10.);
#1043=VECTOR('',#5195,10.);
#1044=VECTOR('',#5198,10.);
#1045=VECTOR('',#5201,10.);
#1046=VECTOR('',#5212,10.);
#1047=VECTOR('',#5215,10.);
#1048=VECTOR('',#5220,10.);
#1049=VECTOR('',#5223,10.);
#1050=VECTOR('',#5226,10.);
#1051=VECTOR('',#5227,10.);
#1052=VECTOR('',#5230,10.);
#1053=VECTOR('',#5233,10.);
#1054=VECTOR('',#5236,10.);
#1055=VECTOR('',#5239,10.);
#1056=VECTOR('',#5242,10.);
#1057=VECTOR('',#5245,10.);
#1058=VECTOR('',#5248,10.);
#1059=VECTOR('',#5251,10.);
#1060=VECTOR('',#5254,10.);
#1061=VECTOR('',#5257,10.);
#1062=VECTOR('',#5260,10.);
#1063=VECTOR('',#5263,10.);
#1064=VECTOR('',#5268,10.);
#1065=VECTOR('',#5271,10.);
#1066=VECTOR('',#5274,10.);
#1067=CIRCLE('',#3600,3.5);
#1068=CIRCLE('',#3601,3.5);
#1069=CIRCLE('',#3602,3.5);
#1070=CIRCLE('',#3603,3.5);
#1071=CIRCLE('',#3605,2.);
#1072=CIRCLE('',#3606,2.);
#1073=CIRCLE('',#3608,3.5);
#1074=CIRCLE('',#3609,3.5);
#1075=CIRCLE('',#3610,3.5);
#1076=CIRCLE('',#3611,3.5);
#1077=CIRCLE('',#3613,2.);
#1078=CIRCLE('',#3614,2.);
#1079=CIRCLE('',#3616,3.5);
#1080=CIRCLE('',#3617,3.5);
#1081=CIRCLE('',#3618,3.5);
#1082=CIRCLE('',#3619,3.5);
#1083=CIRCLE('',#3621,2.);
#1084=CIRCLE('',#3622,2.);
#1085=CIRCLE('',#3624,3.50000000000001);
#1086=CIRCLE('',#3625,3.50000000000001);
#1087=CIRCLE('',#3626,3.50000000000001);
#1088=CIRCLE('',#3627,3.50000000000001);
#1089=CIRCLE('',#3629,2.);
#1090=CIRCLE('',#3630,2.);
#1091=CIRCLE('',#3632,3.5);
#1092=CIRCLE('',#3633,3.5);
#1093=CIRCLE('',#3634,3.5);
#1094=CIRCLE('',#3635,3.5);
#1095=CIRCLE('',#3637,2.);
#1096=CIRCLE('',#3638,2.);
#1097=CIRCLE('',#3640,2.1);
#1098=CIRCLE('',#3642,2.1);
#1099=CIRCLE('',#3644,7.5);
#1100=CIRCLE('',#3645,7.5);
#1101=CIRCLE('',#3648,7.5);
#1102=CIRCLE('',#3649,7.5);
#1103=CIRCLE('',#3651,2.1);
#1104=CIRCLE('',#3653,2.1);
#1105=CIRCLE('',#3655,7.5);
#1106=CIRCLE('',#3656,7.5);
#1107=CIRCLE('',#3659,7.5);
#1108=CIRCLE('',#3660,7.5);
#1109=CIRCLE('',#3662,10.5);
#1110=CIRCLE('',#3663,10.5);
#1111=CIRCLE('',#3666,6.5);
#1112=CIRCLE('',#3667,6.5);
#1113=CIRCLE('',#3669,10.5);
#1114=CIRCLE('',#3670,10.5);
#1115=CIRCLE('',#3671,10.5);
#1116=CIRCLE('',#3672,10.5);
#1117=CIRCLE('',#3673,7.);
#1118=CIRCLE('',#3674,7.);
#1119=CIRCLE('',#3675,10.5);
#1120=CIRCLE('',#3676,10.5);
#1121=CIRCLE('',#3677,10.5);
#1122=CIRCLE('',#3680,7.);
#1123=CIRCLE('',#3684,7.);
#1124=CIRCLE('',#3689,2.99999999999998);
#1125=CIRCLE('',#3690,2.99999999999998);
#1126=CIRCLE('',#3693,2.99999999999999);
#1127=CIRCLE('',#3694,2.99999999999999);
#1128=CIRCLE('',#3697,2.99999999999998);
#1129=CIRCLE('',#3698,2.99999999999998);
#1130=CIRCLE('',#3701,2.99999999999999);
#1131=CIRCLE('',#3702,2.99999999999999);
#1132=CIRCLE('',#3705,2.);
#1133=CIRCLE('',#3706,2.);
#1134=CIRCLE('',#3707,2.);
#1135=CIRCLE('',#3708,2.);
#1136=CIRCLE('',#3709,2.);
#1137=CIRCLE('',#3716,2.10000000000001);
#1138=CIRCLE('',#3717,2.10000000000001);
#1139=CIRCLE('',#3718,2.10000000000001);
#1140=CIRCLE('',#3719,2.10000000000001);
#1141=CIRCLE('',#3722,2.1);
#1142=CIRCLE('',#3723,2.1);
#1143=CIRCLE('',#3724,2.1);
#1144=CIRCLE('',#3725,2.1);
#1145=CIRCLE('',#3728,2.1);
#1146=CIRCLE('',#3729,2.1);
#1147=CIRCLE('',#3730,2.1);
#1148=CIRCLE('',#3731,2.1);
#1149=CIRCLE('',#3734,2.1);
#1150=CIRCLE('',#3735,2.1);
#1151=CIRCLE('',#3736,2.1);
#1152=CIRCLE('',#3737,2.1);
#1153=CIRCLE('',#3740,6.5);
#1154=CIRCLE('',#3745,6.5);
#1155=CIRCLE('',#3748,1.75);
#1156=CIRCLE('',#3749,1.75);
#1157=CIRCLE('',#3752,1.75);
#1158=CIRCLE('',#3753,1.75);
#1159=CIRCLE('',#3755,8.75);
#1160=CIRCLE('',#3756,8.75);
#1161=CIRCLE('',#3758,1.75);
#1162=CIRCLE('',#3759,1.75);
#1163=CIRCLE('',#3762,3.75);
#1164=CIRCLE('',#3763,3.75);
#1165=CIRCLE('',#3766,3.75);
#1166=CIRCLE('',#3767,3.75);
#1167=CIRCLE('',#3770,1.75);
#1168=CIRCLE('',#3771,1.75);
#1169=CIRCLE('',#3773,8.75);
#1170=CIRCLE('',#3774,8.75);
#1171=CIRCLE('',#3776,1.75);
#1172=CIRCLE('',#3777,1.75);
#1173=CIRCLE('',#3780,1.75);
#1174=CIRCLE('',#3781,1.75);
#1175=CIRCLE('',#3783,8.75);
#1176=CIRCLE('',#3784,8.75);
#1177=CIRCLE('',#3786,1.75);
#1178=CIRCLE('',#3787,1.75);
#1179=CIRCLE('',#3790,1.75);
#1180=CIRCLE('',#3791,1.75);
#1181=CIRCLE('',#3793,8.75);
#1182=CIRCLE('',#3794,8.75);
#1183=CIRCLE('',#3796,1.75);
#1184=CIRCLE('',#3797,1.75);
#1185=CIRCLE('',#3800,1.75);
#1186=CIRCLE('',#3801,1.75);
#1187=CIRCLE('',#3803,8.75);
#1188=CIRCLE('',#3804,8.75);
#1189=CIRCLE('',#3806,1.75);
#1190=CIRCLE('',#3807,1.75);
#1191=CIRCLE('',#3810,3.74999999999999);
#1192=CIRCLE('',#3811,3.74999999999999);
#1193=CIRCLE('',#3814,3.74999999999997);
#1194=CIRCLE('',#3815,3.74999999999997);
#1195=CIRCLE('',#3818,1.75);
#1196=CIRCLE('',#3819,1.75);
#1197=CIRCLE('',#3821,8.75);
#1198=CIRCLE('',#3822,8.75);
#1199=CIRCLE('',#3824,1.75);
#1200=CIRCLE('',#3825,1.75);
#1201=CIRCLE('',#3828,1.75);
#1202=CIRCLE('',#3829,1.75);
#1203=CIRCLE('',#3831,8.75);
#1204=CIRCLE('',#3832,8.75);
#1205=CIRCLE('',#3834,1.75);
#1206=CIRCLE('',#3835,1.75);
#1207=CIRCLE('',#3838,1.75);
#1208=CIRCLE('',#3839,1.75);
#1209=CIRCLE('',#3841,8.75);
#1210=CIRCLE('',#3842,8.75);
#1211=CIRCLE('',#3844,3.);
#1212=CIRCLE('',#3845,3.);
#1213=CIRCLE('',#3846,7.5);
#1214=CIRCLE('',#3847,3.);
#1215=CIRCLE('',#3848,5.);
#1216=CIRCLE('',#3849,5.);
#1217=CIRCLE('',#3850,3.);
#1218=CIRCLE('',#3851,7.5);
#1219=CIRCLE('',#3852,3.);
#1220=CIRCLE('',#3853,3.);
#1221=CIRCLE('',#3854,7.5);
#1222=CIRCLE('',#3855,3.);
#1223=CIRCLE('',#3856,3.);
#1224=CIRCLE('',#3857,7.5);
#1225=CIRCLE('',#3858,3.);
#1226=CIRCLE('',#3859,3.);
#1227=CIRCLE('',#3860,7.5);
#1228=CIRCLE('',#3861,3.);
#1229=CIRCLE('',#3862,4.99999999999999);
#1230=CIRCLE('',#3863,4.99999999999997);
#1231=CIRCLE('',#3864,3.);
#1232=CIRCLE('',#3865,7.5);
#1233=CIRCLE('',#3866,3.);
#1234=CIRCLE('',#3867,3.);
#1235=CIRCLE('',#3868,7.5);
#1236=CIRCLE('',#3869,3.);
#1237=CIRCLE('',#3870,3.);
#1238=CIRCLE('',#3871,7.5);
#1239=CIRCLE('',#3873,1.00000000000001);
#1240=CIRCLE('',#3874,2.);
#1241=CIRCLE('',#3875,1.);
#1242=CIRCLE('',#3876,3.);
#1243=CIRCLE('',#3878,1.);
#1244=CIRCLE('',#3879,7.5);
#1245=CIRCLE('',#3880,8.5);
#1246=CIRCLE('',#3882,1.);
#1247=CIRCLE('',#3883,3.);
#1248=CIRCLE('',#3884,2.);
#1249=CIRCLE('',#3886,1.);
#1250=CIRCLE('',#3888,1.);
#1251=CIRCLE('',#3889,3.);
#1252=CIRCLE('',#3890,2.);
#1253=CIRCLE('',#3892,1.);
#1254=CIRCLE('',#3893,7.5);
#1255=CIRCLE('',#3894,8.5);
#1256=CIRCLE('',#3896,1.);
#1257=CIRCLE('',#3897,3.);
#1258=CIRCLE('',#3898,2.);
#1259=CIRCLE('',#3900,1.);
#1260=CIRCLE('',#3902,1.);
#1261=CIRCLE('',#3903,3.);
#1262=CIRCLE('',#3904,2.);
#1263=CIRCLE('',#3906,1.);
#1264=CIRCLE('',#3907,7.5);
#1265=CIRCLE('',#3908,8.5);
#1266=CIRCLE('',#3910,1.);
#1267=CIRCLE('',#3911,3.);
#1268=CIRCLE('',#3912,2.);
#1269=CIRCLE('',#3914,1.);
#1270=CIRCLE('',#3916,1.);
#1271=CIRCLE('',#3917,3.);
#1272=CIRCLE('',#3918,2.);
#1273=CIRCLE('',#3920,1.);
#1274=CIRCLE('',#3921,7.5);
#1275=CIRCLE('',#3922,8.5);
#1276=CIRCLE('',#3924,1.);
#1277=CIRCLE('',#3925,3.);
#1278=CIRCLE('',#3926,2.);
#1279=CIRCLE('',#3928,1.);
#1280=CIRCLE('',#3930,1.);
#1281=CIRCLE('',#3931,5.);
#1282=CIRCLE('',#3932,4.);
#1283=CIRCLE('',#3934,1.);
#1284=CIRCLE('',#3936,1.);
#1285=CIRCLE('',#3937,5.);
#1286=CIRCLE('',#3938,4.);
#1287=CIRCLE('',#3940,1.);
#1288=CIRCLE('',#3942,1.);
#1289=CIRCLE('',#3943,3.);
#1290=CIRCLE('',#3944,2.);
#1291=CIRCLE('',#3946,1.);
#1292=CIRCLE('',#3947,7.5);
#1293=CIRCLE('',#3948,8.5);
#1294=CIRCLE('',#3950,1.);
#1295=CIRCLE('',#3951,3.);
#1296=CIRCLE('',#3952,2.);
#1297=CIRCLE('',#3954,1.);
#1298=CIRCLE('',#3956,1.);
#1299=CIRCLE('',#3957,3.);
#1300=CIRCLE('',#3958,2.);
#1301=CIRCLE('',#3960,1.);
#1302=CIRCLE('',#3961,7.5);
#1303=CIRCLE('',#3962,8.5);
#1304=CIRCLE('',#3964,1.);
#1305=CIRCLE('',#3965,3.);
#1306=CIRCLE('',#3966,2.);
#1307=CIRCLE('',#3968,1.);
#1308=CIRCLE('',#3970,1.);
#1309=CIRCLE('',#3971,3.);
#1310=CIRCLE('',#3972,2.);
#1311=CIRCLE('',#3974,1.);
#1312=CIRCLE('',#3975,7.5);
#1313=CIRCLE('',#3976,8.5);
#1314=CIRCLE('',#3978,1.);
#1315=CIRCLE('',#3979,3.);
#1316=CIRCLE('',#3980,2.);
#1317=CIRCLE('',#3982,1.);
#1318=CIRCLE('',#3984,1.);
#1319=CIRCLE('',#3985,3.);
#1320=CIRCLE('',#3986,2.);
#1321=CIRCLE('',#3988,1.);
#1322=CIRCLE('',#3989,7.5);
#1323=CIRCLE('',#3990,8.5);
#1324=CIRCLE('',#3992,1.);
#1325=CIRCLE('',#3993,3.);
#1326=CIRCLE('',#3994,2.);
#1327=CIRCLE('',#3996,1.);
#1328=CIRCLE('',#3998,1.);
#1329=CIRCLE('',#3999,4.99999999999999);
#1330=CIRCLE('',#4000,3.99999999999999);
#1331=CIRCLE('',#4002,1.);
#1332=CIRCLE('',#4004,1.);
#1333=CIRCLE('',#4005,4.99999999999997);
#1334=CIRCLE('',#4006,3.99999999999997);
#1335=CIRCLE('',#4030,10.5);
#1336=CIRCLE('',#4033,10.5);
#1337=CIRCLE('',#4036,10.5);
#1338=CIRCLE('',#4039,10.5);
#1339=CIRCLE('',#4043,10.5);
#1340=CIRCLE('',#4047,10.5);
#1341=CIRCLE('',#4049,10.5);
#1342=VERTEX_POINT('',#5279);
#1343=VERTEX_POINT('',#5280);
#1344=VERTEX_POINT('',#5283);
#1345=VERTEX_POINT('',#5285);
#1346=VERTEX_POINT('',#5289);
#1347=VERTEX_POINT('',#5290);
#1348=VERTEX_POINT('',#5294);
#1349=VERTEX_POINT('',#5295);
#1350=VERTEX_POINT('',#5298);
#1351=VERTEX_POINT('',#5300);
#1352=VERTEX_POINT('',#5304);
#1353=VERTEX_POINT('',#5305);
#1354=VERTEX_POINT('',#5309);
#1355=VERTEX_POINT('',#5310);
#1356=VERTEX_POINT('',#5313);
#1357=VERTEX_POINT('',#5315);
#1358=VERTEX_POINT('',#5319);
#1359=VERTEX_POINT('',#5320);
#1360=VERTEX_POINT('',#5324);
#1361=VERTEX_POINT('',#5325);
#1362=VERTEX_POINT('',#5328);
#1363=VERTEX_POINT('',#5330);
#1364=VERTEX_POINT('',#5334);
#1365=VERTEX_POINT('',#5335);
#1366=VERTEX_POINT('',#5339);
#1367=VERTEX_POINT('',#5340);
#1368=VERTEX_POINT('',#5343);
#1369=VERTEX_POINT('',#5345);
#1370=VERTEX_POINT('',#5349);
#1371=VERTEX_POINT('',#5350);
#1372=VERTEX_POINT('',#5354);
#1373=VERTEX_POINT('',#5357);
#1374=VERTEX_POINT('',#5360);
#1375=VERTEX_POINT('',#5361);
#1376=VERTEX_POINT('',#5363);
#1377=VERTEX_POINT('',#5365);
#1378=VERTEX_POINT('',#5369);
#1379=VERTEX_POINT('',#5371);
#1380=VERTEX_POINT('',#5375);
#1381=VERTEX_POINT('',#5377);
#1382=VERTEX_POINT('',#5381);
#1383=VERTEX_POINT('',#5385);
#1384=VERTEX_POINT('',#5389);
#1385=VERTEX_POINT('',#5390);
#1386=VERTEX_POINT('',#5392);
#1387=VERTEX_POINT('',#5394);
#1388=VERTEX_POINT('',#5398);
#1389=VERTEX_POINT('',#5400);
#1390=VERTEX_POINT('',#5404);
#1391=VERTEX_POINT('',#5406);
#1392=VERTEX_POINT('',#5410);
#1393=VERTEX_POINT('',#5412);
#1394=VERTEX_POINT('',#5416);
#1395=VERTEX_POINT('',#5418);
#1396=VERTEX_POINT('',#5422);
#1397=VERTEX_POINT('',#5424);
#1398=VERTEX_POINT('',#5426);
#1399=VERTEX_POINT('',#5428);
#1400=VERTEX_POINT('',#5430);
#1401=VERTEX_POINT('',#5432);
#1402=VERTEX_POINT('',#5434);
#1403=VERTEX_POINT('',#5438);
#1404=VERTEX_POINT('',#5440);
#1405=VERTEX_POINT('',#5442);
#1406=VERTEX_POINT('',#5444);
#1407=VERTEX_POINT('',#5446);
#1408=VERTEX_POINT('',#5448);
#1409=VERTEX_POINT('',#5450);
#1410=VERTEX_POINT('',#5452);
#1411=VERTEX_POINT('',#5454);
#1412=VERTEX_POINT('',#5456);
#1413=VERTEX_POINT('',#5458);
#1414=VERTEX_POINT('',#5460);
#1415=VERTEX_POINT('',#5462);
#1416=VERTEX_POINT('',#5464);
#1417=VERTEX_POINT('',#5466);
#1418=VERTEX_POINT('',#5468);
#1419=VERTEX_POINT('',#5470);
#1420=VERTEX_POINT('',#5472);
#1421=VERTEX_POINT('',#5474);
#1422=VERTEX_POINT('',#5476);
#1423=VERTEX_POINT('',#5478);
#1424=VERTEX_POINT('',#5482);
#1425=VERTEX_POINT('',#5484);
#1426=VERTEX_POINT('',#5488);
#1427=VERTEX_POINT('',#5492);
#1428=VERTEX_POINT('',#5496);
#1429=VERTEX_POINT('',#5498);
#1430=VERTEX_POINT('',#5502);
#1431=VERTEX_POINT('',#5506);
#1432=VERTEX_POINT('',#5510);
#1433=VERTEX_POINT('',#5514);
#1434=VERTEX_POINT('',#5518);
#1435=VERTEX_POINT('',#5519);
#1436=VERTEX_POINT('',#5521);
#1437=VERTEX_POINT('',#5523);
#1438=VERTEX_POINT('',#5527);
#1439=VERTEX_POINT('',#5529);
#1440=VERTEX_POINT('',#5533);
#1441=VERTEX_POINT('',#5535);
#1442=VERTEX_POINT('',#5539);
#1443=VERTEX_POINT('',#5541);
#1444=VERTEX_POINT('',#5545);
#1445=VERTEX_POINT('',#5547);
#1446=VERTEX_POINT('',#5551);
#1447=VERTEX_POINT('',#5553);
#1448=VERTEX_POINT('',#5557);
#1449=VERTEX_POINT('',#5559);
#1450=VERTEX_POINT('',#5566);
#1451=VERTEX_POINT('',#5568);
#1452=VERTEX_POINT('',#5570);
#1453=VERTEX_POINT('',#5572);
#1454=VERTEX_POINT('',#5574);
#1455=VERTEX_POINT('',#5587);
#1456=VERTEX_POINT('',#5588);
#1457=VERTEX_POINT('',#5591);
#1458=VERTEX_POINT('',#5593);
#1459=VERTEX_POINT('',#5598);
#1460=VERTEX_POINT('',#5599);
#1461=VERTEX_POINT('',#5602);
#1462=VERTEX_POINT('',#5604);
#1463=VERTEX_POINT('',#5609);
#1464=VERTEX_POINT('',#5610);
#1465=VERTEX_POINT('',#5613);
#1466=VERTEX_POINT('',#5615);
#1467=VERTEX_POINT('',#5620);
#1468=VERTEX_POINT('',#5621);
#1469=VERTEX_POINT('',#5624);
#1470=VERTEX_POINT('',#5626);
#1471=VERTEX_POINT('',#5631);
#1472=VERTEX_POINT('',#5633);
#1473=VERTEX_POINT('',#5637);
#1474=VERTEX_POINT('',#5643);
#1475=VERTEX_POINT('',#5645);
#1476=VERTEX_POINT('',#5649);
#1477=VERTEX_POINT('',#5653);
#1478=VERTEX_POINT('',#5657);
#1479=VERTEX_POINT('',#5658);
#1480=VERTEX_POINT('',#5660);
#1481=VERTEX_POINT('',#5662);
#1482=VERTEX_POINT('',#5666);
#1483=VERTEX_POINT('',#5668);
#1484=VERTEX_POINT('',#5672);
#1485=VERTEX_POINT('',#5674);
#1486=VERTEX_POINT('',#5678);
#1487=VERTEX_POINT('',#5680);
#1488=VERTEX_POINT('',#5684);
#1489=VERTEX_POINT('',#5686);
#1490=VERTEX_POINT('',#5690);
#1491=VERTEX_POINT('',#5692);
#1492=VERTEX_POINT('',#5696);
#1493=VERTEX_POINT('',#5698);
#1494=VERTEX_POINT('',#5702);
#1495=VERTEX_POINT('',#5704);
#1496=VERTEX_POINT('',#5708);
#1497=VERTEX_POINT('',#5710);
#1498=VERTEX_POINT('',#5714);
#1499=VERTEX_POINT('',#5716);
#1500=VERTEX_POINT('',#5720);
#1501=VERTEX_POINT('',#5722);
#1502=VERTEX_POINT('',#5726);
#1503=VERTEX_POINT('',#5728);
#1504=VERTEX_POINT('',#5732);
#1505=VERTEX_POINT('',#5734);
#1506=VERTEX_POINT('',#5738);
#1507=VERTEX_POINT('',#5740);
#1508=VERTEX_POINT('',#5744);
#1509=VERTEX_POINT('',#5746);
#1510=VERTEX_POINT('',#5750);
#1511=VERTEX_POINT('',#5752);
#1512=VERTEX_POINT('',#5756);
#1513=VERTEX_POINT('',#5758);
#1514=VERTEX_POINT('',#5762);
#1515=VERTEX_POINT('',#5764);
#1516=VERTEX_POINT('',#5768);
#1517=VERTEX_POINT('',#5770);
#1518=VERTEX_POINT('',#5774);
#1519=VERTEX_POINT('',#5776);
#1520=VERTEX_POINT('',#5780);
#1521=VERTEX_POINT('',#5782);
#1522=VERTEX_POINT('',#5786);
#1523=VERTEX_POINT('',#5788);
#1524=VERTEX_POINT('',#5792);
#1525=VERTEX_POINT('',#5794);
#1526=VERTEX_POINT('',#5798);
#1527=VERTEX_POINT('',#5800);
#1528=VERTEX_POINT('',#5804);
#1529=VERTEX_POINT('',#5806);
#1530=VERTEX_POINT('',#5810);
#1531=VERTEX_POINT('',#5812);
#1532=VERTEX_POINT('',#5816);
#1533=VERTEX_POINT('',#5818);
#1534=VERTEX_POINT('',#5822);
#1535=VERTEX_POINT('',#5824);
#1536=VERTEX_POINT('',#5828);
#1537=VERTEX_POINT('',#5830);
#1538=VERTEX_POINT('',#5834);
#1539=VERTEX_POINT('',#5836);
#1540=VERTEX_POINT('',#5840);
#1541=VERTEX_POINT('',#5842);
#1542=VERTEX_POINT('',#5846);
#1543=VERTEX_POINT('',#5848);
#1544=VERTEX_POINT('',#5852);
#1545=VERTEX_POINT('',#5854);
#1546=VERTEX_POINT('',#5858);
#1547=VERTEX_POINT('',#5860);
#1548=VERTEX_POINT('',#5864);
#1549=VERTEX_POINT('',#5866);
#1550=VERTEX_POINT('',#5870);
#1551=VERTEX_POINT('',#5872);
#1552=VERTEX_POINT('',#5876);
#1553=VERTEX_POINT('',#5878);
#1554=VERTEX_POINT('',#5882);
#1555=VERTEX_POINT('',#5884);
#1556=VERTEX_POINT('',#5888);
#1557=VERTEX_POINT('',#5890);
#1558=VERTEX_POINT('',#5897);
#1559=VERTEX_POINT('',#5898);
#1560=VERTEX_POINT('',#5900);
#1561=VERTEX_POINT('',#5902);
#1562=VERTEX_POINT('',#5904);
#1563=VERTEX_POINT('',#5906);
#1564=VERTEX_POINT('',#5908);
#1565=VERTEX_POINT('',#5910);
#1566=VERTEX_POINT('',#5912);
#1567=VERTEX_POINT('',#5914);
#1568=VERTEX_POINT('',#5916);
#1569=VERTEX_POINT('',#5918);
#1570=VERTEX_POINT('',#5920);
#1571=VERTEX_POINT('',#5922);
#1572=VERTEX_POINT('',#5924);
#1573=VERTEX_POINT('',#5926);
#1574=VERTEX_POINT('',#5928);
#1575=VERTEX_POINT('',#5930);
#1576=VERTEX_POINT('',#5932);
#1577=VERTEX_POINT('',#5934);
#1578=VERTEX_POINT('',#5936);
#1579=VERTEX_POINT('',#5938);
#1580=VERTEX_POINT('',#5940);
#1581=VERTEX_POINT('',#5942);
#1582=VERTEX_POINT('',#5944);
#1583=VERTEX_POINT('',#5946);
#1584=VERTEX_POINT('',#5948);
#1585=VERTEX_POINT('',#5950);
#1586=VERTEX_POINT('',#5952);
#1587=VERTEX_POINT('',#5954);
#1588=VERTEX_POINT('',#5956);
#1589=VERTEX_POINT('',#5958);
#1590=VERTEX_POINT('',#5960);
#1591=VERTEX_POINT('',#5962);
#1592=VERTEX_POINT('',#5964);
#1593=VERTEX_POINT('',#5966);
#1594=VERTEX_POINT('',#5968);
#1595=VERTEX_POINT('',#5970);
#1596=VERTEX_POINT('',#5972);
#1597=VERTEX_POINT('',#5974);
#1598=VERTEX_POINT('',#5978);
#1599=VERTEX_POINT('',#5979);
#1600=VERTEX_POINT('',#5981);
#1601=VERTEX_POINT('',#5983);
#1602=VERTEX_POINT('',#5987);
#1603=VERTEX_POINT('',#5988);
#1604=VERTEX_POINT('',#5993);
#1605=VERTEX_POINT('',#5994);
#1606=VERTEX_POINT('',#5999);
#1607=VERTEX_POINT('',#6000);
#1608=VERTEX_POINT('',#6005);
#1609=VERTEX_POINT('',#6006);
#1610=VERTEX_POINT('',#6011);
#1611=VERTEX_POINT('',#6012);
#1612=VERTEX_POINT('',#6017);
#1613=VERTEX_POINT('',#6018);
#1614=VERTEX_POINT('',#6023);
#1615=VERTEX_POINT('',#6024);
#1616=VERTEX_POINT('',#6029);
#1617=VERTEX_POINT('',#6030);
#1618=VERTEX_POINT('',#6035);
#1619=VERTEX_POINT('',#6036);
#1620=VERTEX_POINT('',#6041);
#1621=VERTEX_POINT('',#6042);
#1622=VERTEX_POINT('',#6047);
#1623=VERTEX_POINT('',#6048);
#1624=VERTEX_POINT('',#6053);
#1625=VERTEX_POINT('',#6054);
#1626=VERTEX_POINT('',#6059);
#1627=VERTEX_POINT('',#6060);
#1628=VERTEX_POINT('',#6065);
#1629=VERTEX_POINT('',#6066);
#1630=VERTEX_POINT('',#6071);
#1631=VERTEX_POINT('',#6072);
#1632=VERTEX_POINT('',#6077);
#1633=VERTEX_POINT('',#6078);
#1634=VERTEX_POINT('',#6083);
#1635=VERTEX_POINT('',#6084);
#1636=VERTEX_POINT('',#6089);
#1637=VERTEX_POINT('',#6090);
#1638=VERTEX_POINT('',#6095);
#1639=VERTEX_POINT('',#6096);
#1640=VERTEX_POINT('',#6101);
#1641=VERTEX_POINT('',#6102);
#1642=VERTEX_POINT('',#6107);
#1643=VERTEX_POINT('',#6108);
#1644=VERTEX_POINT('',#6113);
#1645=VERTEX_POINT('',#6114);
#1646=VERTEX_POINT('',#6119);
#1647=VERTEX_POINT('',#6120);
#1648=VERTEX_POINT('',#6125);
#1649=VERTEX_POINT('',#6126);
#1650=VERTEX_POINT('',#6131);
#1651=VERTEX_POINT('',#6132);
#1652=VERTEX_POINT('',#6137);
#1653=VERTEX_POINT('',#6138);
#1654=VERTEX_POINT('',#6143);
#1655=VERTEX_POINT('',#6144);
#1656=VERTEX_POINT('',#6149);
#1657=VERTEX_POINT('',#6150);
#1658=VERTEX_POINT('',#6155);
#1659=VERTEX_POINT('',#6156);
#1660=VERTEX_POINT('',#6161);
#1661=VERTEX_POINT('',#6162);
#1662=VERTEX_POINT('',#6167);
#1663=VERTEX_POINT('',#6168);
#1664=VERTEX_POINT('',#6173);
#1665=VERTEX_POINT('',#6174);
#1666=VERTEX_POINT('',#6179);
#1667=VERTEX_POINT('',#6180);
#1668=VERTEX_POINT('',#6185);
#1669=VERTEX_POINT('',#6186);
#1670=VERTEX_POINT('',#6191);
#1671=VERTEX_POINT('',#6192);
#1672=VERTEX_POINT('',#6197);
#1673=VERTEX_POINT('',#6198);
#1674=VERTEX_POINT('',#6203);
#1675=VERTEX_POINT('',#6204);
#1676=VERTEX_POINT('',#6209);
#1677=VERTEX_POINT('',#6210);
#1678=VERTEX_POINT('',#6260);
#1679=VERTEX_POINT('',#6264);
#1680=VERTEX_POINT('',#6268);
#1681=VERTEX_POINT('',#6272);
#1682=VERTEX_POINT('',#6276);
#1683=VERTEX_POINT('',#6280);
#1684=VERTEX_POINT('',#6284);
#1685=VERTEX_POINT('',#6286);
#1686=VERTEX_POINT('',#6290);
#1687=VERTEX_POINT('',#6294);
#1688=VERTEX_POINT('',#6298);
#1689=EDGE_CURVE('',#1342,#1343,#1067,.T.);
#1690=EDGE_CURVE('',#1343,#1342,#1068,.T.);
#1691=EDGE_CURVE('',#1343,#1344,#559,.T.);
#1692=EDGE_CURVE('',#1345,#1344,#1069,.T.);
#1693=EDGE_CURVE('',#1344,#1345,#1070,.T.);
#1694=EDGE_CURVE('',#1346,#1347,#1071,.T.);
#1695=EDGE_CURVE('',#1347,#1346,#1072,.T.);
#1696=EDGE_CURVE('',#1348,#1349,#1073,.T.);
#1697=EDGE_CURVE('',#1349,#1348,#1074,.T.);
#1698=EDGE_CURVE('',#1349,#1350,#560,.T.);
#1699=EDGE_CURVE('',#1351,#1350,#1075,.T.);
#1700=EDGE_CURVE('',#1350,#1351,#1076,.T.);
#1701=EDGE_CURVE('',#1352,#1353,#1077,.T.);
#1702=EDGE_CURVE('',#1353,#1352,#1078,.T.);
#1703=EDGE_CURVE('',#1354,#1355,#1079,.T.);
#1704=EDGE_CURVE('',#1355,#1354,#1080,.T.);
#1705=EDGE_CURVE('',#1355,#1356,#561,.T.);
#1706=EDGE_CURVE('',#1357,#1356,#1081,.T.);
#1707=EDGE_CURVE('',#1356,#1357,#1082,.T.);
#1708=EDGE_CURVE('',#1358,#1359,#1083,.T.);
#1709=EDGE_CURVE('',#1359,#1358,#1084,.T.);
#1710=EDGE_CURVE('',#1360,#1361,#1085,.T.);
#1711=EDGE_CURVE('',#1361,#1360,#1086,.T.);
#1712=EDGE_CURVE('',#1361,#1362,#562,.T.);
#1713=EDGE_CURVE('',#1363,#1362,#1087,.T.);
#1714=EDGE_CURVE('',#1362,#1363,#1088,.T.);
#1715=EDGE_CURVE('',#1364,#1365,#1089,.T.);
#1716=EDGE_CURVE('',#1365,#1364,#1090,.T.);
#1717=EDGE_CURVE('',#1366,#1367,#1091,.T.);
#1718=EDGE_CURVE('',#1367,#1366,#1092,.T.);
#1719=EDGE_CURVE('',#1367,#1368,#563,.T.);
#1720=EDGE_CURVE('',#1369,#1368,#1093,.T.);
#1721=EDGE_CURVE('',#1368,#1369,#1094,.T.);
#1722=EDGE_CURVE('',#1370,#1371,#1095,.T.);
#1723=EDGE_CURVE('',#1371,#1370,#1096,.T.);
#1724=EDGE_CURVE('',#1372,#1372,#1097,.T.);
#1725=EDGE_CURVE('',#1373,#1373,#1098,.T.);
#1726=EDGE_CURVE('',#1374,#1375,#1099,.T.);
#1727=EDGE_CURVE('',#1376,#1375,#564,.T.);
#1728=EDGE_CURVE('',#1377,#1376,#1100,.T.);
#1729=EDGE_CURVE('',#1374,#1377,#565,.T.);
#1730=EDGE_CURVE('',#1375,#1378,#566,.T.);
#1731=EDGE_CURVE('',#1379,#1378,#567,.T.);
#1732=EDGE_CURVE('',#1376,#1379,#568,.T.);
#1733=EDGE_CURVE('',#1378,#1380,#1101,.T.);
#1734=EDGE_CURVE('',#1381,#1380,#569,.T.);
#1735=EDGE_CURVE('',#1379,#1381,#1102,.T.);
#1736=EDGE_CURVE('',#1382,#1382,#1103,.T.);
#1737=EDGE_CURVE('',#1382,#1373,#570,.T.);
#1738=EDGE_CURVE('',#1383,#1383,#1104,.T.);
#1739=EDGE_CURVE('',#1383,#1372,#571,.T.);
#1740=EDGE_CURVE('',#1384,#1385,#1105,.T.);
#1741=EDGE_CURVE('',#1386,#1385,#572,.T.);
#1742=EDGE_CURVE('',#1387,#1386,#1106,.T.);
#1743=EDGE_CURVE('',#1384,#1387,#573,.T.);
#1744=EDGE_CURVE('',#1385,#1388,#574,.T.);
#1745=EDGE_CURVE('',#1389,#1388,#575,.T.);
#1746=EDGE_CURVE('',#1386,#1389,#576,.T.);
#1747=EDGE_CURVE('',#1388,#1390,#1107,.T.);
#1748=EDGE_CURVE('',#1391,#1390,#577,.T.);
#1749=EDGE_CURVE('',#1389,#1391,#1108,.T.);
#1750=EDGE_CURVE('',#1387,#1392,#1109,.T.);
#1751=EDGE_CURVE('',#1392,#1393,#578,.T.);
#1752=EDGE_CURVE('',#1384,#1393,#1110,.T.);
#1753=EDGE_CURVE('',#1377,#1394,#579,.T.);
#1754=EDGE_CURVE('',#1394,#1395,#580,.T.);
#1755=EDGE_CURVE('',#1374,#1395,#581,.T.);
#1756=EDGE_CURVE('',#1396,#1381,#582,.T.);
#1757=EDGE_CURVE('',#1397,#1396,#583,.T.);
#1758=EDGE_CURVE('',#1398,#1397,#1111,.T.);
#1759=EDGE_CURVE('',#1399,#1398,#584,.T.);
#1760=EDGE_CURVE('',#1400,#1399,#585,.T.);
#1761=EDGE_CURVE('',#1401,#1400,#586,.T.);
#1762=EDGE_CURVE('',#1402,#1401,#1112,.T.);
#1763=EDGE_CURVE('',#1394,#1402,#587,.T.);
#1764=EDGE_CURVE('',#1403,#1391,#1113,.T.);
#1765=EDGE_CURVE('',#1404,#1403,#588,.T.);
#1766=EDGE_CURVE('',#1405,#1404,#1114,.T.);
#1767=EDGE_CURVE('',#1406,#1405,#589,.T.);
#1768=EDGE_CURVE('',#1407,#1406,#1115,.T.);
#1769=EDGE_CURVE('',#1408,#1407,#590,.T.);
#1770=EDGE_CURVE('',#1409,#1408,#1116,.T.);
#1771=EDGE_CURVE('',#1410,#1409,#591,.T.);
#1772=EDGE_CURVE('',#1410,#1411,#592,.T.);
#1773=EDGE_CURVE('',#1411,#1412,#1117,.T.);
#1774=EDGE_CURVE('',#1412,#1413,#593,.T.);
#1775=EDGE_CURVE('',#1414,#1413,#594,.T.);
#1776=EDGE_CURVE('',#1414,#1415,#595,.T.);
#1777=EDGE_CURVE('',#1415,#1416,#1118,.T.);
#1778=EDGE_CURVE('',#1416,#1417,#596,.T.);
#1779=EDGE_CURVE('',#1418,#1417,#597,.T.);
#1780=EDGE_CURVE('',#1419,#1418,#1119,.T.);
#1781=EDGE_CURVE('',#1420,#1419,#598,.T.);
#1782=EDGE_CURVE('',#1421,#1420,#1120,.T.);
#1783=EDGE_CURVE('',#1422,#1421,#599,.T.);
#1784=EDGE_CURVE('',#1423,#1422,#1121,.T.);
#1785=EDGE_CURVE('',#1392,#1423,#600,.T.);
#1786=EDGE_CURVE('',#1424,#1412,#601,.T.);
#1787=EDGE_CURVE('',#1425,#1424,#602,.T.);
#1788=EDGE_CURVE('',#1413,#1425,#603,.T.);
#1789=EDGE_CURVE('',#1426,#1411,#604,.T.);
#1790=EDGE_CURVE('',#1424,#1426,#1122,.T.);
#1791=EDGE_CURVE('',#1427,#1410,#605,.T.);
#1792=EDGE_CURVE('',#1426,#1427,#606,.T.);
#1793=EDGE_CURVE('',#1428,#1414,#607,.T.);
#1794=EDGE_CURVE('',#1429,#1428,#608,.T.);
#1795=EDGE_CURVE('',#1429,#1415,#609,.T.);
#1796=EDGE_CURVE('',#1430,#1429,#1123,.T.);
#1797=EDGE_CURVE('',#1430,#1416,#610,.T.);
#1798=EDGE_CURVE('',#1431,#1430,#611,.T.);
#1799=EDGE_CURVE('',#1417,#1431,#612,.T.);
#1800=EDGE_CURVE('',#1432,#1409,#613,.T.);
#1801=EDGE_CURVE('',#1427,#1432,#614,.T.);
#1802=EDGE_CURVE('',#1433,#1431,#615,.T.);
#1803=EDGE_CURVE('',#1418,#1433,#616,.T.);
#1804=EDGE_CURVE('',#1434,#1435,#1124,.T.);
#1805=EDGE_CURVE('',#1434,#1436,#617,.T.);
#1806=EDGE_CURVE('',#1436,#1437,#1125,.T.);
#1807=EDGE_CURVE('',#1435,#1437,#618,.T.);
#1808=EDGE_CURVE('',#1438,#1434,#619,.T.);
#1809=EDGE_CURVE('',#1438,#1439,#620,.T.);
#1810=EDGE_CURVE('',#1439,#1436,#621,.T.);
#1811=EDGE_CURVE('',#1440,#1438,#1126,.T.);
#1812=EDGE_CURVE('',#1440,#1441,#622,.T.);
#1813=EDGE_CURVE('',#1441,#1439,#1127,.T.);
#1814=EDGE_CURVE('',#1442,#1440,#623,.T.);
#1815=EDGE_CURVE('',#1442,#1443,#624,.T.);
#1816=EDGE_CURVE('',#1443,#1441,#625,.T.);
#1817=EDGE_CURVE('',#1444,#1442,#1128,.T.);
#1818=EDGE_CURVE('',#1444,#1445,#626,.T.);
#1819=EDGE_CURVE('',#1445,#1443,#1129,.T.);
#1820=EDGE_CURVE('',#1446,#1444,#627,.T.);
#1821=EDGE_CURVE('',#1446,#1447,#628,.T.);
#1822=EDGE_CURVE('',#1447,#1445,#629,.T.);
#1823=EDGE_CURVE('',#1448,#1446,#1130,.T.);
#1824=EDGE_CURVE('',#1448,#1449,#630,.T.);
#1825=EDGE_CURVE('',#1449,#1447,#1131,.T.);
#1826=EDGE_CURVE('',#1435,#1448,#631,.T.);
#1827=EDGE_CURVE('',#1437,#1449,#632,.T.);
#1828=EDGE_CURVE('',#1450,#1450,#1132,.T.);
#1829=EDGE_CURVE('',#1451,#1451,#1133,.T.);
#1830=EDGE_CURVE('',#1452,#1452,#1134,.T.);
#1831=EDGE_CURVE('',#1453,#1453,#1135,.T.);
#1832=EDGE_CURVE('',#1454,#1454,#1136,.T.);
#1833=EDGE_CURVE('',#1450,#1347,#633,.T.);
#1834=EDGE_CURVE('',#1451,#1359,#634,.T.);
#1835=EDGE_CURVE('',#1452,#1353,#635,.T.);
#1836=EDGE_CURVE('',#1453,#1371,#636,.T.);
#1837=EDGE_CURVE('',#1454,#1365,#637,.T.);
#1838=EDGE_CURVE('',#1455,#1456,#1137,.T.);
#1839=EDGE_CURVE('',#1456,#1455,#1138,.T.);
#1840=EDGE_CURVE('',#1456,#1457,#638,.T.);
#1841=EDGE_CURVE('',#1457,#1458,#1139,.T.);
#1842=EDGE_CURVE('',#1458,#1457,#1140,.T.);
#1843=EDGE_CURVE('',#1459,#1460,#1141,.T.);
#1844=EDGE_CURVE('',#1460,#1459,#1142,.T.);
#1845=EDGE_CURVE('',#1460,#1461,#639,.T.);
#1846=EDGE_CURVE('',#1461,#1462,#1143,.T.);
#1847=EDGE_CURVE('',#1462,#1461,#1144,.T.);
#1848=EDGE_CURVE('',#1463,#1464,#1145,.T.);
#1849=EDGE_CURVE('',#1464,#1463,#1146,.T.);
#1850=EDGE_CURVE('',#1464,#1465,#640,.T.);
#1851=EDGE_CURVE('',#1465,#1466,#1147,.T.);
#1852=EDGE_CURVE('',#1466,#1465,#1148,.T.);
#1853=EDGE_CURVE('',#1467,#1468,#1149,.T.);
#1854=EDGE_CURVE('',#1468,#1467,#1150,.T.);
#1855=EDGE_CURVE('',#1468,#1469,#641,.T.);
#1856=EDGE_CURVE('',#1469,#1470,#1151,.T.);
#1857=EDGE_CURVE('',#1470,#1469,#1152,.T.);
#1858=EDGE_CURVE('',#1471,#1401,#642,.T.);
#1859=EDGE_CURVE('',#1472,#1471,#1153,.T.);
#1860=EDGE_CURVE('',#1472,#1402,#643,.T.);
#1861=EDGE_CURVE('',#1473,#1400,#644,.T.);
#1862=EDGE_CURVE('',#1471,#1473,#645,.T.);
#1863=EDGE_CURVE('',#1395,#1472,#646,.T.);
#1864=EDGE_CURVE('',#1474,#1396,#647,.T.);
#1865=EDGE_CURVE('',#1475,#1474,#648,.T.);
#1866=EDGE_CURVE('',#1475,#1397,#649,.T.);
#1867=EDGE_CURVE('',#1476,#1475,#1154,.T.);
#1868=EDGE_CURVE('',#1476,#1398,#650,.T.);
#1869=EDGE_CURVE('',#1477,#1476,#651,.T.);
#1870=EDGE_CURVE('',#1399,#1477,#652,.T.);
#1871=EDGE_CURVE('',#1478,#1479,#1155,.T.);
#1872=EDGE_CURVE('',#1478,#1480,#653,.T.);
#1873=EDGE_CURVE('',#1481,#1480,#1156,.T.);
#1874=EDGE_CURVE('',#1479,#1481,#654,.T.);
#1875=EDGE_CURVE('',#1479,#1482,#655,.T.);
#1876=EDGE_CURVE('',#1483,#1481,#656,.T.);
#1877=EDGE_CURVE('',#1482,#1483,#657,.T.);
#1878=EDGE_CURVE('',#1482,#1484,#1157,.T.);
#1879=EDGE_CURVE('',#1485,#1483,#1158,.T.);
#1880=EDGE_CURVE('',#1484,#1485,#658,.T.);
#1881=EDGE_CURVE('',#1484,#1486,#1159,.T.);
#1882=EDGE_CURVE('',#1487,#1485,#1160,.T.);
#1883=EDGE_CURVE('',#1486,#1487,#659,.T.);
#1884=EDGE_CURVE('',#1486,#1488,#1161,.T.);
#1885=EDGE_CURVE('',#1489,#1487,#1162,.T.);
#1886=EDGE_CURVE('',#1488,#1489,#660,.T.);
#1887=EDGE_CURVE('',#1488,#1490,#661,.T.);
#1888=EDGE_CURVE('',#1491,#1489,#662,.T.);
#1889=EDGE_CURVE('',#1490,#1491,#663,.T.);
#1890=EDGE_CURVE('',#1490,#1492,#1163,.T.);
#1891=EDGE_CURVE('',#1493,#1491,#1164,.T.);
#1892=EDGE_CURVE('',#1492,#1493,#664,.T.);
#1893=EDGE_CURVE('',#1492,#1494,#665,.T.);
#1894=EDGE_CURVE('',#1495,#1493,#666,.T.);
#1895=EDGE_CURVE('',#1494,#1495,#667,.T.);
#1896=EDGE_CURVE('',#1494,#1496,#1165,.T.);
#1897=EDGE_CURVE('',#1497,#1495,#1166,.T.);
#1898=EDGE_CURVE('',#1496,#1497,#668,.T.);
#1899=EDGE_CURVE('',#1496,#1498,#669,.T.);
#1900=EDGE_CURVE('',#1499,#1497,#670,.T.);
#1901=EDGE_CURVE('',#1498,#1499,#671,.T.);
#1902=EDGE_CURVE('',#1498,#1500,#1167,.T.);
#1903=EDGE_CURVE('',#1501,#1499,#1168,.T.);
#1904=EDGE_CURVE('',#1500,#1501,#672,.T.);
#1905=EDGE_CURVE('',#1500,#1502,#1169,.T.);
#1906=EDGE_CURVE('',#1503,#1501,#1170,.T.);
#1907=EDGE_CURVE('',#1502,#1503,#673,.T.);
#1908=EDGE_CURVE('',#1502,#1504,#1171,.T.);
#1909=EDGE_CURVE('',#1505,#1503,#1172,.T.);
#1910=EDGE_CURVE('',#1504,#1505,#674,.T.);
#1911=EDGE_CURVE('',#1504,#1506,#675,.T.);
#1912=EDGE_CURVE('',#1507,#1505,#676,.T.);
#1913=EDGE_CURVE('',#1506,#1507,#677,.T.);
#1914=EDGE_CURVE('',#1506,#1508,#1173,.T.);
#1915=EDGE_CURVE('',#1509,#1507,#1174,.T.);
#1916=EDGE_CURVE('',#1508,#1509,#678,.T.);
#1917=EDGE_CURVE('',#1508,#1510,#1175,.T.);
#1918=EDGE_CURVE('',#1511,#1509,#1176,.T.);
#1919=EDGE_CURVE('',#1510,#1511,#679,.T.);
#1920=EDGE_CURVE('',#1510,#1512,#1177,.T.);
#1921=EDGE_CURVE('',#1513,#1511,#1178,.T.);
#1922=EDGE_CURVE('',#1512,#1513,#680,.T.);
#1923=EDGE_CURVE('',#1512,#1514,#681,.T.);
#1924=EDGE_CURVE('',#1515,#1513,#682,.T.);
#1925=EDGE_CURVE('',#1514,#1515,#683,.T.);
#1926=EDGE_CURVE('',#1514,#1516,#1179,.T.);
#1927=EDGE_CURVE('',#1517,#1515,#1180,.T.);
#1928=EDGE_CURVE('',#1516,#1517,#684,.T.);
#1929=EDGE_CURVE('',#1516,#1518,#1181,.T.);
#1930=EDGE_CURVE('',#1519,#1517,#1182,.T.);
#1931=EDGE_CURVE('',#1518,#1519,#685,.T.);
#1932=EDGE_CURVE('',#1518,#1520,#1183,.T.);
#1933=EDGE_CURVE('',#1521,#1519,#1184,.T.);
#1934=EDGE_CURVE('',#1520,#1521,#686,.T.);
#1935=EDGE_CURVE('',#1520,#1522,#687,.T.);
#1936=EDGE_CURVE('',#1523,#1521,#688,.T.);
#1937=EDGE_CURVE('',#1522,#1523,#689,.T.);
#1938=EDGE_CURVE('',#1522,#1524,#1185,.T.);
#1939=EDGE_CURVE('',#1525,#1523,#1186,.T.);
#1940=EDGE_CURVE('',#1524,#1525,#690,.T.);
#1941=EDGE_CURVE('',#1524,#1526,#1187,.T.);
#1942=EDGE_CURVE('',#1527,#1525,#1188,.T.);
#1943=EDGE_CURVE('',#1526,#1527,#691,.T.);
#1944=EDGE_CURVE('',#1526,#1528,#1189,.T.);
#1945=EDGE_CURVE('',#1529,#1527,#1190,.T.);
#1946=EDGE_CURVE('',#1528,#1529,#692,.T.);
#1947=EDGE_CURVE('',#1528,#1530,#693,.T.);
#1948=EDGE_CURVE('',#1531,#1529,#694,.T.);
#1949=EDGE_CURVE('',#1530,#1531,#695,.T.);
#1950=EDGE_CURVE('',#1530,#1532,#1191,.T.);
#1951=EDGE_CURVE('',#1533,#1531,#1192,.T.);
#1952=EDGE_CURVE('',#1532,#1533,#696,.T.);
#1953=EDGE_CURVE('',#1532,#1534,#697,.T.);
#1954=EDGE_CURVE('',#1535,#1533,#698,.T.);
#1955=EDGE_CURVE('',#1534,#1535,#699,.T.);
#1956=EDGE_CURVE('',#1534,#1536,#1193,.T.);
#1957=EDGE_CURVE('',#1537,#1535,#1194,.T.);
#1958=EDGE_CURVE('',#1536,#1537,#700,.T.);
#1959=EDGE_CURVE('',#1536,#1538,#701,.T.);
#1960=EDGE_CURVE('',#1539,#1537,#702,.T.);
#1961=EDGE_CURVE('',#1538,#1539,#703,.T.);
#1962=EDGE_CURVE('',#1538,#1540,#1195,.T.);
#1963=EDGE_CURVE('',#1541,#1539,#1196,.T.);
#1964=EDGE_CURVE('',#1540,#1541,#704,.T.);
#1965=EDGE_CURVE('',#1540,#1542,#1197,.T.);
#1966=EDGE_CURVE('',#1543,#1541,#1198,.T.);
#1967=EDGE_CURVE('',#1542,#1543,#705,.T.);
#1968=EDGE_CURVE('',#1542,#1544,#1199,.T.);
#1969=EDGE_CURVE('',#1545,#1543,#1200,.T.);
#1970=EDGE_CURVE('',#1544,#1545,#706,.T.);
#1971=EDGE_CURVE('',#1544,#1546,#707,.T.);
#1972=EDGE_CURVE('',#1547,#1545,#708,.T.);
#1973=EDGE_CURVE('',#1546,#1547,#709,.T.);
#1974=EDGE_CURVE('',#1546,#1548,#1201,.T.);
#1975=EDGE_CURVE('',#1549,#1547,#1202,.T.);
#1976=EDGE_CURVE('',#1548,#1549,#710,.T.);
#1977=EDGE_CURVE('',#1548,#1550,#1203,.T.);
#1978=EDGE_CURVE('',#1551,#1549,#1204,.T.);
#1979=EDGE_CURVE('',#1550,#1551,#711,.T.);
#1980=EDGE_CURVE('',#1550,#1552,#1205,.T.);
#1981=EDGE_CURVE('',#1553,#1551,#1206,.T.);
#1982=EDGE_CURVE('',#1552,#1553,#712,.T.);
#1983=EDGE_CURVE('',#1552,#1554,#713,.T.);
#1984=EDGE_CURVE('',#1555,#1553,#714,.T.);
#1985=EDGE_CURVE('',#1554,#1555,#715,.T.);
#1986=EDGE_CURVE('',#1554,#1556,#1207,.T.);
#1987=EDGE_CURVE('',#1557,#1555,#1208,.T.);
#1988=EDGE_CURVE('',#1556,#1557,#716,.T.);
#1989=EDGE_CURVE('',#1556,#1478,#1209,.T.);
#1990=EDGE_CURVE('',#1480,#1557,#1210,.T.);
#1991=EDGE_CURVE('',#1558,#1559,#1211,.T.);
#1992=EDGE_CURVE('',#1559,#1560,#717,.T.);
#1993=EDGE_CURVE('',#1560,#1561,#1212,.T.);
#1994=EDGE_CURVE('',#1561,#1562,#1213,.T.);
#1995=EDGE_CURVE('',#1562,#1563,#1214,.T.);
#1996=EDGE_CURVE('',#1563,#1564,#718,.T.);
#1997=EDGE_CURVE('',#1564,#1565,#1215,.T.);
#1998=EDGE_CURVE('',#1565,#1566,#719,.T.);
#1999=EDGE_CURVE('',#1566,#1567,#1216,.T.);
#2000=EDGE_CURVE('',#1567,#1568,#720,.T.);
#2001=EDGE_CURVE('',#1568,#1569,#1217,.T.);
#2002=EDGE_CURVE('',#1569,#1570,#1218,.T.);
#2003=EDGE_CURVE('',#1570,#1571,#1219,.T.);
#2004=EDGE_CURVE('',#1571,#1572,#721,.T.);
#2005=EDGE_CURVE('',#1572,#1573,#1220,.T.);
#2006=EDGE_CURVE('',#1573,#1574,#1221,.T.);
#2007=EDGE_CURVE('',#1574,#1575,#1222,.T.);
#2008=EDGE_CURVE('',#1575,#1576,#722,.T.);
#2009=EDGE_CURVE('',#1576,#1577,#1223,.T.);
#2010=EDGE_CURVE('',#1577,#1578,#1224,.T.);
#2011=EDGE_CURVE('',#1578,#1579,#1225,.T.);
#2012=EDGE_CURVE('',#1579,#1580,#723,.T.);
#2013=EDGE_CURVE('',#1580,#1581,#1226,.T.);
#2014=EDGE_CURVE('',#1581,#1582,#1227,.T.);
#2015=EDGE_CURVE('',#1582,#1583,#1228,.T.);
#2016=EDGE_CURVE('',#1583,#1584,#724,.T.);
#2017=EDGE_CURVE('',#1584,#1585,#1229,.T.);
#2018=EDGE_CURVE('',#1585,#1586,#725,.T.);
#2019=EDGE_CURVE('',#1586,#1587,#1230,.T.);
#2020=EDGE_CURVE('',#1587,#1588,#726,.T.);
#2021=EDGE_CURVE('',#1588,#1589,#1231,.T.);
#2022=EDGE_CURVE('',#1589,#1590,#1232,.T.);
#2023=EDGE_CURVE('',#1590,#1591,#1233,.T.);
#2024=EDGE_CURVE('',#1591,#1592,#727,.T.);
#2025=EDGE_CURVE('',#1592,#1593,#1234,.T.);
#2026=EDGE_CURVE('',#1593,#1594,#1235,.T.);
#2027=EDGE_CURVE('',#1594,#1595,#1236,.T.);
#2028=EDGE_CURVE('',#1595,#1596,#728,.T.);
#2029=EDGE_CURVE('',#1596,#1597,#1237,.T.);
#2030=EDGE_CURVE('',#1597,#1558,#1238,.T.);
#2031=EDGE_CURVE('',#1598,#1599,#1239,.T.);
#2032=EDGE_CURVE('',#1599,#1600,#1240,.T.);
#2033=EDGE_CURVE('',#1600,#1601,#1241,.T.);
#2034=EDGE_CURVE('',#1601,#1598,#1242,.T.);
#2035=EDGE_CURVE('',#1602,#1603,#1243,.T.);
#2036=EDGE_CURVE('',#1603,#1601,#1244,.T.);
#2037=EDGE_CURVE('',#1600,#1602,#1245,.T.);
#2038=EDGE_CURVE('',#1604,#1605,#1246,.T.);
#2039=EDGE_CURVE('',#1605,#1603,#1247,.T.);
#2040=EDGE_CURVE('',#1602,#1604,#1248,.T.);
#2041=EDGE_CURVE('',#1606,#1607,#1249,.T.);
#2042=EDGE_CURVE('',#1607,#1605,#729,.T.);
#2043=EDGE_CURVE('',#1604,#1606,#730,.T.);
#2044=EDGE_CURVE('',#1608,#1609,#1250,.T.);
#2045=EDGE_CURVE('',#1609,#1607,#1251,.T.);
#2046=EDGE_CURVE('',#1606,#1608,#1252,.T.);
#2047=EDGE_CURVE('',#1610,#1611,#1253,.T.);
#2048=EDGE_CURVE('',#1611,#1609,#1254,.T.);
#2049=EDGE_CURVE('',#1608,#1610,#1255,.T.);
#2050=EDGE_CURVE('',#1612,#1613,#1256,.T.);
#2051=EDGE_CURVE('',#1613,#1611,#1257,.T.);
#2052=EDGE_CURVE('',#1610,#1612,#1258,.T.);
#2053=EDGE_CURVE('',#1614,#1615,#1259,.T.);
#2054=EDGE_CURVE('',#1615,#1613,#731,.T.);
#2055=EDGE_CURVE('',#1612,#1614,#732,.T.);
#2056=EDGE_CURVE('',#1616,#1617,#1260,.T.);
#2057=EDGE_CURVE('',#1617,#1615,#1261,.T.);
#2058=EDGE_CURVE('',#1614,#1616,#1262,.T.);
#2059=EDGE_CURVE('',#1618,#1619,#1263,.T.);
#2060=EDGE_CURVE('',#1619,#1617,#1264,.T.);
#2061=EDGE_CURVE('',#1616,#1618,#1265,.T.);
#2062=EDGE_CURVE('',#1620,#1621,#1266,.T.);
#2063=EDGE_CURVE('',#1621,#1619,#1267,.T.);
#2064=EDGE_CURVE('',#1618,#1620,#1268,.T.);
#2065=EDGE_CURVE('',#1622,#1623,#1269,.T.);
#2066=EDGE_CURVE('',#1623,#1621,#733,.T.);
#2067=EDGE_CURVE('',#1620,#1622,#734,.T.);
#2068=EDGE_CURVE('',#1624,#1625,#1270,.T.);
#2069=EDGE_CURVE('',#1625,#1623,#1271,.T.);
#2070=EDGE_CURVE('',#1622,#1624,#1272,.T.);
#2071=EDGE_CURVE('',#1626,#1627,#1273,.T.);
#2072=EDGE_CURVE('',#1627,#1625,#1274,.T.);
#2073=EDGE_CURVE('',#1624,#1626,#1275,.T.);
#2074=EDGE_CURVE('',#1628,#1629,#1276,.T.);
#2075=EDGE_CURVE('',#1629,#1627,#1277,.T.);
#2076=EDGE_CURVE('',#1626,#1628,#1278,.T.);
#2077=EDGE_CURVE('',#1630,#1631,#1279,.T.);
#2078=EDGE_CURVE('',#1631,#1629,#735,.T.);
#2079=EDGE_CURVE('',#1628,#1630,#736,.T.);
#2080=EDGE_CURVE('',#1632,#1633,#1280,.T.);
#2081=EDGE_CURVE('',#1633,#1631,#1281,.T.);
#2082=EDGE_CURVE('',#1630,#1632,#1282,.T.);
#2083=EDGE_CURVE('',#1634,#1635,#1283,.T.);
#2084=EDGE_CURVE('',#1635,#1633,#737,.T.);
#2085=EDGE_CURVE('',#1632,#1634,#738,.T.);
#2086=EDGE_CURVE('',#1636,#1637,#1284,.T.);
#2087=EDGE_CURVE('',#1637,#1635,#1285,.T.);
#2088=EDGE_CURVE('',#1634,#1636,#1286,.T.);
#2089=EDGE_CURVE('',#1638,#1639,#1287,.T.);
#2090=EDGE_CURVE('',#1639,#1637,#739,.T.);
#2091=EDGE_CURVE('',#1636,#1638,#740,.T.);
#2092=EDGE_CURVE('',#1640,#1641,#1288,.T.);
#2093=EDGE_CURVE('',#1641,#1639,#1289,.T.);
#2094=EDGE_CURVE('',#1638,#1640,#1290,.T.);
#2095=EDGE_CURVE('',#1642,#1643,#1291,.T.);
#2096=EDGE_CURVE('',#1643,#1641,#1292,.T.);
#2097=EDGE_CURVE('',#1640,#1642,#1293,.T.);
#2098=EDGE_CURVE('',#1644,#1645,#1294,.T.);
#2099=EDGE_CURVE('',#1645,#1643,#1295,.T.);
#2100=EDGE_CURVE('',#1642,#1644,#1296,.T.);
#2101=EDGE_CURVE('',#1646,#1647,#1297,.T.);
#2102=EDGE_CURVE('',#1647,#1645,#741,.T.);
#2103=EDGE_CURVE('',#1644,#1646,#742,.T.);
#2104=EDGE_CURVE('',#1648,#1649,#1298,.T.);
#2105=EDGE_CURVE('',#1649,#1647,#1299,.T.);
#2106=EDGE_CURVE('',#1646,#1648,#1300,.T.);
#2107=EDGE_CURVE('',#1650,#1651,#1301,.T.);
#2108=EDGE_CURVE('',#1651,#1649,#1302,.T.);
#2109=EDGE_CURVE('',#1648,#1650,#1303,.T.);
#2110=EDGE_CURVE('',#1652,#1653,#1304,.T.);
#2111=EDGE_CURVE('',#1653,#1651,#1305,.T.);
#2112=EDGE_CURVE('',#1650,#1652,#1306,.T.);
#2113=EDGE_CURVE('',#1654,#1655,#1307,.T.);
#2114=EDGE_CURVE('',#1655,#1653,#743,.T.);
#2115=EDGE_CURVE('',#1652,#1654,#744,.T.);
#2116=EDGE_CURVE('',#1656,#1657,#1308,.T.);
#2117=EDGE_CURVE('',#1657,#1655,#1309,.T.);
#2118=EDGE_CURVE('',#1654,#1656,#1310,.T.);
#2119=EDGE_CURVE('',#1658,#1659,#1311,.T.);
#2120=EDGE_CURVE('',#1659,#1657,#1312,.T.);
#2121=EDGE_CURVE('',#1656,#1658,#1313,.T.);
#2122=EDGE_CURVE('',#1660,#1661,#1314,.T.);
#2123=EDGE_CURVE('',#1661,#1659,#1315,.T.);
#2124=EDGE_CURVE('',#1658,#1660,#1316,.T.);
#2125=EDGE_CURVE('',#1662,#1663,#1317,.T.);
#2126=EDGE_CURVE('',#1663,#1661,#745,.T.);
#2127=EDGE_CURVE('',#1660,#1662,#746,.T.);
#2128=EDGE_CURVE('',#1664,#1665,#1318,.T.);
#2129=EDGE_CURVE('',#1665,#1663,#1319,.T.);
#2130=EDGE_CURVE('',#1662,#1664,#1320,.T.);
#2131=EDGE_CURVE('',#1666,#1667,#1321,.T.);
#2132=EDGE_CURVE('',#1667,#1665,#1322,.T.);
#2133=EDGE_CURVE('',#1664,#1666,#1323,.T.);
#2134=EDGE_CURVE('',#1668,#1669,#1324,.T.);
#2135=EDGE_CURVE('',#1669,#1667,#1325,.T.);
#2136=EDGE_CURVE('',#1666,#1668,#1326,.T.);
#2137=EDGE_CURVE('',#1670,#1671,#1327,.T.);
#2138=EDGE_CURVE('',#1671,#1669,#747,.T.);
#2139=EDGE_CURVE('',#1668,#1670,#748,.T.);
#2140=EDGE_CURVE('',#1672,#1673,#1328,.T.);
#2141=EDGE_CURVE('',#1673,#1671,#1329,.T.);
#2142=EDGE_CURVE('',#1670,#1672,#1330,.T.);
#2143=EDGE_CURVE('',#1674,#1675,#1331,.T.);
#2144=EDGE_CURVE('',#1675,#1673,#749,.T.);
#2145=EDGE_CURVE('',#1672,#1674,#750,.T.);
#2146=EDGE_CURVE('',#1676,#1677,#1332,.T.);
#2147=EDGE_CURVE('',#1677,#1675,#1333,.T.);
#2148=EDGE_CURVE('',#1674,#1676,#1334,.T.);
#2149=EDGE_CURVE('',#1598,#1677,#751,.T.);
#2150=EDGE_CURVE('',#1676,#1599,#752,.T.);
#2151=EDGE_CURVE('',#1570,#1643,#753,.T.);
#2152=EDGE_CURVE('',#1641,#1569,#754,.T.);
#2153=EDGE_CURVE('',#1645,#1571,#755,.T.);
#2154=EDGE_CURVE('',#1572,#1647,#756,.T.);
#2155=EDGE_CURVE('',#1649,#1573,#757,.T.);
#2156=EDGE_CURVE('',#1574,#1651,#758,.T.);
#2157=EDGE_CURVE('',#1653,#1575,#759,.T.);
#2158=EDGE_CURVE('',#1576,#1655,#760,.T.);
#2159=EDGE_CURVE('',#1657,#1577,#761,.T.);
#2160=EDGE_CURVE('',#1578,#1659,#762,.T.);
#2161=EDGE_CURVE('',#1661,#1579,#763,.T.);
#2162=EDGE_CURVE('',#1580,#1663,#764,.T.);
#2163=EDGE_CURVE('',#1665,#1581,#765,.T.);
#2164=EDGE_CURVE('',#1582,#1667,#766,.T.);
#2165=EDGE_CURVE('',#1669,#1583,#767,.T.);
#2166=EDGE_CURVE('',#1671,#1584,#768,.T.);
#2167=EDGE_CURVE('',#1673,#1585,#769,.T.);
#2168=EDGE_CURVE('',#1675,#1586,#770,.T.);
#2169=EDGE_CURVE('',#1677,#1587,#771,.T.);
#2170=EDGE_CURVE('',#1588,#1598,#772,.T.);
#2171=EDGE_CURVE('',#1601,#1589,#773,.T.);
#2172=EDGE_CURVE('',#1678,#1390,#1335,.T.);
#2173=EDGE_CURVE('',#1678,#1403,#774,.F.);
#2174=EDGE_CURVE('',#1679,#1678,#775,.T.);
#2175=EDGE_CURVE('',#1404,#1679,#776,.T.);
#2176=EDGE_CURVE('',#1680,#1679,#1336,.T.);
#2177=EDGE_CURVE('',#1680,#1405,#777,.F.);
#2178=EDGE_CURVE('',#1681,#1680,#778,.T.);
#2179=EDGE_CURVE('',#1406,#1681,#779,.T.);
#2180=EDGE_CURVE('',#1682,#1681,#1337,.T.);
#2181=EDGE_CURVE('',#1682,#1407,#780,.F.);
#2182=EDGE_CURVE('',#1683,#1682,#781,.T.);
#2183=EDGE_CURVE('',#1408,#1683,#782,.T.);
#2184=EDGE_CURVE('',#1420,#1684,#783,.T.);
#2185=EDGE_CURVE('',#1685,#1684,#1338,.T.);
#2186=EDGE_CURVE('',#1685,#1421,#784,.F.);
#2187=EDGE_CURVE('',#1686,#1419,#785,.T.);
#2188=EDGE_CURVE('',#1684,#1686,#786,.T.);
#2189=EDGE_CURVE('',#1687,#1685,#787,.T.);
#2190=EDGE_CURVE('',#1422,#1687,#788,.T.);
#2191=EDGE_CURVE('',#1688,#1687,#1339,.T.);
#2192=EDGE_CURVE('',#1688,#1423,#789,.F.);
#2193=EDGE_CURVE('',#1393,#1688,#790,.T.);
#2194=EDGE_CURVE('',#1474,#1380,#791,.T.);
#2195=EDGE_CURVE('',#1432,#1683,#1340,.T.);
#2196=EDGE_CURVE('',#1686,#1433,#1341,.T.);
#2197=EDGE_CURVE('',#1473,#1477,#792,.T.);
#2198=EDGE_CURVE('',#1428,#1425,#793,.T.);
#2199=EDGE_CURVE('',#1568,#1639,#794,.T.);
#2200=EDGE_CURVE('',#1637,#1567,#795,.T.);
#2201=EDGE_CURVE('',#1629,#1563,#796,.T.);
#2202=EDGE_CURVE('',#1562,#1627,#797,.T.);
#2203=EDGE_CURVE('',#1625,#1561,#798,.T.);
#2204=EDGE_CURVE('',#1560,#1623,#799,.T.);
#2205=EDGE_CURVE('',#1621,#1559,#800,.T.);
#2206=EDGE_CURVE('',#1558,#1619,#801,.T.);
#2207=EDGE_CURVE('',#1617,#1597,#802,.T.);
#2208=EDGE_CURVE('',#1596,#1615,#803,.T.);
#2209=EDGE_CURVE('',#1613,#1595,#804,.T.);
#2210=EDGE_CURVE('',#1594,#1611,#805,.T.);
#2211=EDGE_CURVE('',#1609,#1593,#806,.T.);
#2212=EDGE_CURVE('',#1592,#1607,#807,.T.);
#2213=EDGE_CURVE('',#1605,#1591,#808,.T.);
#2214=EDGE_CURVE('',#1590,#1603,#809,.T.);
#2215=EDGE_CURVE('',#1631,#1564,#810,.T.);
#2216=EDGE_CURVE('',#1633,#1565,#811,.T.);
#2217=EDGE_CURVE('',#1635,#1566,#812,.T.);
#2218=ORIENTED_EDGE('',*,*,#1689,.F.);
#2219=ORIENTED_EDGE('',*,*,#1690,.F.);
#2220=ORIENTED_EDGE('',*,*,#1691,.T.);
#2221=ORIENTED_EDGE('',*,*,#1692,.F.);
#2222=ORIENTED_EDGE('',*,*,#1693,.F.);
#2223=ORIENTED_EDGE('',*,*,#1691,.F.);
#2224=ORIENTED_EDGE('',*,*,#1689,.T.);
#2225=ORIENTED_EDGE('',*,*,#1690,.T.);
#2226=ORIENTED_EDGE('',*,*,#1694,.T.);
#2227=ORIENTED_EDGE('',*,*,#1695,.T.);
#2228=ORIENTED_EDGE('',*,*,#1696,.F.);
#2229=ORIENTED_EDGE('',*,*,#1697,.F.);
#2230=ORIENTED_EDGE('',*,*,#1698,.T.);
#2231=ORIENTED_EDGE('',*,*,#1699,.F.);
#2232=ORIENTED_EDGE('',*,*,#1700,.F.);
#2233=ORIENTED_EDGE('',*,*,#1698,.F.);
#2234=ORIENTED_EDGE('',*,*,#1696,.T.);
#2235=ORIENTED_EDGE('',*,*,#1697,.T.);
#2236=ORIENTED_EDGE('',*,*,#1701,.T.);
#2237=ORIENTED_EDGE('',*,*,#1702,.T.);
#2238=ORIENTED_EDGE('',*,*,#1703,.F.);
#2239=ORIENTED_EDGE('',*,*,#1704,.F.);
#2240=ORIENTED_EDGE('',*,*,#1705,.T.);
#2241=ORIENTED_EDGE('',*,*,#1706,.F.);
#2242=ORIENTED_EDGE('',*,*,#1707,.F.);
#2243=ORIENTED_EDGE('',*,*,#1705,.F.);
#2244=ORIENTED_EDGE('',*,*,#1703,.T.);
#2245=ORIENTED_EDGE('',*,*,#1704,.T.);
#2246=ORIENTED_EDGE('',*,*,#1708,.T.);
#2247=ORIENTED_EDGE('',*,*,#1709,.T.);
#2248=ORIENTED_EDGE('',*,*,#1710,.F.);
#2249=ORIENTED_EDGE('',*,*,#1711,.F.);
#2250=ORIENTED_EDGE('',*,*,#1712,.T.);
#2251=ORIENTED_EDGE('',*,*,#1713,.F.);
#2252=ORIENTED_EDGE('',*,*,#1714,.F.);
#2253=ORIENTED_EDGE('',*,*,#1712,.F.);
#2254=ORIENTED_EDGE('',*,*,#1710,.T.);
#2255=ORIENTED_EDGE('',*,*,#1711,.T.);
#2256=ORIENTED_EDGE('',*,*,#1715,.T.);
#2257=ORIENTED_EDGE('',*,*,#1716,.T.);
#2258=ORIENTED_EDGE('',*,*,#1717,.F.);
#2259=ORIENTED_EDGE('',*,*,#1718,.F.);
#2260=ORIENTED_EDGE('',*,*,#1719,.T.);
#2261=ORIENTED_EDGE('',*,*,#1720,.F.);
#2262=ORIENTED_EDGE('',*,*,#1721,.F.);
#2263=ORIENTED_EDGE('',*,*,#1719,.F.);
#2264=ORIENTED_EDGE('',*,*,#1717,.T.);
#2265=ORIENTED_EDGE('',*,*,#1718,.T.);
#2266=ORIENTED_EDGE('',*,*,#1722,.T.);
#2267=ORIENTED_EDGE('',*,*,#1723,.T.);
#2268=ORIENTED_EDGE('',*,*,#1724,.F.);
#2269=ORIENTED_EDGE('',*,*,#1725,.F.);
#2270=ORIENTED_EDGE('',*,*,#1726,.T.);
#2271=ORIENTED_EDGE('',*,*,#1727,.F.);
#2272=ORIENTED_EDGE('',*,*,#1728,.F.);
#2273=ORIENTED_EDGE('',*,*,#1729,.F.);
#2274=ORIENTED_EDGE('',*,*,#1730,.T.);
#2275=ORIENTED_EDGE('',*,*,#1731,.F.);
#2276=ORIENTED_EDGE('',*,*,#1732,.F.);
#2277=ORIENTED_EDGE('',*,*,#1727,.T.);
#2278=ORIENTED_EDGE('',*,*,#1733,.T.);
#2279=ORIENTED_EDGE('',*,*,#1734,.F.);
#2280=ORIENTED_EDGE('',*,*,#1735,.F.);
#2281=ORIENTED_EDGE('',*,*,#1731,.T.);
#2282=ORIENTED_EDGE('',*,*,#1736,.T.);
#2283=ORIENTED_EDGE('',*,*,#1737,.T.);
#2284=ORIENTED_EDGE('',*,*,#1725,.T.);
#2285=ORIENTED_EDGE('',*,*,#1737,.F.);
#2286=ORIENTED_EDGE('',*,*,#1738,.T.);
#2287=ORIENTED_EDGE('',*,*,#1739,.T.);
#2288=ORIENTED_EDGE('',*,*,#1724,.T.);
#2289=ORIENTED_EDGE('',*,*,#1739,.F.);
#2290=ORIENTED_EDGE('',*,*,#1740,.T.);
#2291=ORIENTED_EDGE('',*,*,#1741,.F.);
#2292=ORIENTED_EDGE('',*,*,#1742,.F.);
#2293=ORIENTED_EDGE('',*,*,#1743,.F.);
#2294=ORIENTED_EDGE('',*,*,#1744,.T.);
#2295=ORIENTED_EDGE('',*,*,#1745,.F.);
#2296=ORIENTED_EDGE('',*,*,#1746,.F.);
#2297=ORIENTED_EDGE('',*,*,#1741,.T.);
#2298=ORIENTED_EDGE('',*,*,#1747,.T.);
#2299=ORIENTED_EDGE('',*,*,#1748,.F.);
#2300=ORIENTED_EDGE('',*,*,#1749,.F.);
#2301=ORIENTED_EDGE('',*,*,#1745,.T.);
#2302=ORIENTED_EDGE('',*,*,#1743,.T.);
#2303=ORIENTED_EDGE('',*,*,#1750,.T.);
#2304=ORIENTED_EDGE('',*,*,#1751,.T.);
#2305=ORIENTED_EDGE('',*,*,#1752,.F.);
#2306=ORIENTED_EDGE('',*,*,#1729,.T.);
#2307=ORIENTED_EDGE('',*,*,#1753,.T.);
#2308=ORIENTED_EDGE('',*,*,#1754,.T.);
#2309=ORIENTED_EDGE('',*,*,#1755,.F.);
#2310=ORIENTED_EDGE('',*,*,#1735,.T.);
#2311=ORIENTED_EDGE('',*,*,#1756,.F.);
#2312=ORIENTED_EDGE('',*,*,#1757,.F.);
#2313=ORIENTED_EDGE('',*,*,#1758,.F.);
#2314=ORIENTED_EDGE('',*,*,#1759,.F.);
#2315=ORIENTED_EDGE('',*,*,#1760,.F.);
#2316=ORIENTED_EDGE('',*,*,#1761,.F.);
#2317=ORIENTED_EDGE('',*,*,#1762,.F.);
#2318=ORIENTED_EDGE('',*,*,#1763,.F.);
#2319=ORIENTED_EDGE('',*,*,#1753,.F.);
#2320=ORIENTED_EDGE('',*,*,#1728,.T.);
#2321=ORIENTED_EDGE('',*,*,#1732,.T.);
#2322=ORIENTED_EDGE('',*,*,#1692,.T.);
#2323=ORIENTED_EDGE('',*,*,#1693,.T.);
#2324=ORIENTED_EDGE('',*,*,#1699,.T.);
#2325=ORIENTED_EDGE('',*,*,#1700,.T.);
#2326=ORIENTED_EDGE('',*,*,#1706,.T.);
#2327=ORIENTED_EDGE('',*,*,#1707,.T.);
#2328=ORIENTED_EDGE('',*,*,#1713,.T.);
#2329=ORIENTED_EDGE('',*,*,#1714,.T.);
#2330=ORIENTED_EDGE('',*,*,#1720,.T.);
#2331=ORIENTED_EDGE('',*,*,#1721,.T.);
#2332=ORIENTED_EDGE('',*,*,#1742,.T.);
#2333=ORIENTED_EDGE('',*,*,#1746,.T.);
#2334=ORIENTED_EDGE('',*,*,#1749,.T.);
#2335=ORIENTED_EDGE('',*,*,#1764,.F.);
#2336=ORIENTED_EDGE('',*,*,#1765,.F.);
#2337=ORIENTED_EDGE('',*,*,#1766,.F.);
#2338=ORIENTED_EDGE('',*,*,#1767,.F.);
#2339=ORIENTED_EDGE('',*,*,#1768,.F.);
#2340=ORIENTED_EDGE('',*,*,#1769,.F.);
#2341=ORIENTED_EDGE('',*,*,#1770,.F.);
#2342=ORIENTED_EDGE('',*,*,#1771,.F.);
#2343=ORIENTED_EDGE('',*,*,#1772,.T.);
#2344=ORIENTED_EDGE('',*,*,#1773,.T.);
#2345=ORIENTED_EDGE('',*,*,#1774,.T.);
#2346=ORIENTED_EDGE('',*,*,#1775,.F.);
#2347=ORIENTED_EDGE('',*,*,#1776,.T.);
#2348=ORIENTED_EDGE('',*,*,#1777,.T.);
#2349=ORIENTED_EDGE('',*,*,#1778,.T.);
#2350=ORIENTED_EDGE('',*,*,#1779,.F.);
#2351=ORIENTED_EDGE('',*,*,#1780,.F.);
#2352=ORIENTED_EDGE('',*,*,#1781,.F.);
#2353=ORIENTED_EDGE('',*,*,#1782,.F.);
#2354=ORIENTED_EDGE('',*,*,#1783,.F.);
#2355=ORIENTED_EDGE('',*,*,#1784,.F.);
#2356=ORIENTED_EDGE('',*,*,#1785,.F.);
#2357=ORIENTED_EDGE('',*,*,#1750,.F.);
#2358=ORIENTED_EDGE('',*,*,#1774,.F.);
#2359=ORIENTED_EDGE('',*,*,#1786,.F.);
#2360=ORIENTED_EDGE('',*,*,#1787,.F.);
#2361=ORIENTED_EDGE('',*,*,#1788,.F.);
#2362=ORIENTED_EDGE('',*,*,#1773,.F.);
#2363=ORIENTED_EDGE('',*,*,#1789,.F.);
#2364=ORIENTED_EDGE('',*,*,#1790,.F.);
#2365=ORIENTED_EDGE('',*,*,#1786,.T.);
#2366=ORIENTED_EDGE('',*,*,#1772,.F.);
#2367=ORIENTED_EDGE('',*,*,#1791,.F.);
#2368=ORIENTED_EDGE('',*,*,#1792,.F.);
#2369=ORIENTED_EDGE('',*,*,#1789,.T.);
#2370=ORIENTED_EDGE('',*,*,#1776,.F.);
#2371=ORIENTED_EDGE('',*,*,#1793,.F.);
#2372=ORIENTED_EDGE('',*,*,#1794,.F.);
#2373=ORIENTED_EDGE('',*,*,#1795,.T.);
#2374=ORIENTED_EDGE('',*,*,#1777,.F.);
#2375=ORIENTED_EDGE('',*,*,#1795,.F.);
#2376=ORIENTED_EDGE('',*,*,#1796,.F.);
#2377=ORIENTED_EDGE('',*,*,#1797,.T.);
#2378=ORIENTED_EDGE('',*,*,#1778,.F.);
#2379=ORIENTED_EDGE('',*,*,#1797,.F.);
#2380=ORIENTED_EDGE('',*,*,#1798,.F.);
#2381=ORIENTED_EDGE('',*,*,#1799,.F.);
#2382=ORIENTED_EDGE('',*,*,#1791,.T.);
#2383=ORIENTED_EDGE('',*,*,#1771,.T.);
#2384=ORIENTED_EDGE('',*,*,#1800,.F.);
#2385=ORIENTED_EDGE('',*,*,#1801,.F.);
#2386=ORIENTED_EDGE('',*,*,#1799,.T.);
#2387=ORIENTED_EDGE('',*,*,#1802,.F.);
#2388=ORIENTED_EDGE('',*,*,#1803,.F.);
#2389=ORIENTED_EDGE('',*,*,#1779,.T.);
#2390=ORIENTED_EDGE('',*,*,#1804,.F.);
#2391=ORIENTED_EDGE('',*,*,#1805,.T.);
#2392=ORIENTED_EDGE('',*,*,#1806,.T.);
#2393=ORIENTED_EDGE('',*,*,#1807,.F.);
#2394=ORIENTED_EDGE('',*,*,#1808,.F.);
#2395=ORIENTED_EDGE('',*,*,#1809,.T.);
#2396=ORIENTED_EDGE('',*,*,#1810,.T.);
#2397=ORIENTED_EDGE('',*,*,#1805,.F.);
#2398=ORIENTED_EDGE('',*,*,#1811,.F.);
#2399=ORIENTED_EDGE('',*,*,#1812,.T.);
#2400=ORIENTED_EDGE('',*,*,#1813,.T.);
#2401=ORIENTED_EDGE('',*,*,#1809,.F.);
#2402=ORIENTED_EDGE('',*,*,#1814,.F.);
#2403=ORIENTED_EDGE('',*,*,#1815,.T.);
#2404=ORIENTED_EDGE('',*,*,#1816,.T.);
#2405=ORIENTED_EDGE('',*,*,#1812,.F.);
#2406=ORIENTED_EDGE('',*,*,#1817,.F.);
#2407=ORIENTED_EDGE('',*,*,#1818,.T.);
#2408=ORIENTED_EDGE('',*,*,#1819,.T.);
#2409=ORIENTED_EDGE('',*,*,#1815,.F.);
#2410=ORIENTED_EDGE('',*,*,#1820,.F.);
#2411=ORIENTED_EDGE('',*,*,#1821,.T.);
#2412=ORIENTED_EDGE('',*,*,#1822,.T.);
#2413=ORIENTED_EDGE('',*,*,#1818,.F.);
#2414=ORIENTED_EDGE('',*,*,#1823,.F.);
#2415=ORIENTED_EDGE('',*,*,#1824,.T.);
#2416=ORIENTED_EDGE('',*,*,#1825,.T.);
#2417=ORIENTED_EDGE('',*,*,#1821,.F.);
#2418=ORIENTED_EDGE('',*,*,#1826,.F.);
#2419=ORIENTED_EDGE('',*,*,#1807,.T.);
#2420=ORIENTED_EDGE('',*,*,#1827,.T.);
#2421=ORIENTED_EDGE('',*,*,#1824,.F.);
#2422=ORIENTED_EDGE('',*,*,#1827,.F.);
#2423=ORIENTED_EDGE('',*,*,#1806,.F.);
#2424=ORIENTED_EDGE('',*,*,#1810,.F.);
#2425=ORIENTED_EDGE('',*,*,#1813,.F.);
#2426=ORIENTED_EDGE('',*,*,#1816,.F.);
#2427=ORIENTED_EDGE('',*,*,#1819,.F.);
#2428=ORIENTED_EDGE('',*,*,#1822,.F.);
#2429=ORIENTED_EDGE('',*,*,#1825,.F.);
#2430=ORIENTED_EDGE('',*,*,#1828,.F.);
#2431=ORIENTED_EDGE('',*,*,#1829,.F.);
#2432=ORIENTED_EDGE('',*,*,#1830,.F.);
#2433=ORIENTED_EDGE('',*,*,#1831,.F.);
#2434=ORIENTED_EDGE('',*,*,#1832,.F.);
#2435=ORIENTED_EDGE('',*,*,#1828,.T.);
#2436=ORIENTED_EDGE('',*,*,#1833,.T.);
#2437=ORIENTED_EDGE('',*,*,#1694,.F.);
#2438=ORIENTED_EDGE('',*,*,#1695,.F.);
#2439=ORIENTED_EDGE('',*,*,#1833,.F.);
#2440=ORIENTED_EDGE('',*,*,#1829,.T.);
#2441=ORIENTED_EDGE('',*,*,#1834,.T.);
#2442=ORIENTED_EDGE('',*,*,#1708,.F.);
#2443=ORIENTED_EDGE('',*,*,#1709,.F.);
#2444=ORIENTED_EDGE('',*,*,#1834,.F.);
#2445=ORIENTED_EDGE('',*,*,#1830,.T.);
#2446=ORIENTED_EDGE('',*,*,#1835,.T.);
#2447=ORIENTED_EDGE('',*,*,#1701,.F.);
#2448=ORIENTED_EDGE('',*,*,#1702,.F.);
#2449=ORIENTED_EDGE('',*,*,#1835,.F.);
#2450=ORIENTED_EDGE('',*,*,#1831,.T.);
#2451=ORIENTED_EDGE('',*,*,#1836,.T.);
#2452=ORIENTED_EDGE('',*,*,#1722,.F.);
#2453=ORIENTED_EDGE('',*,*,#1723,.F.);
#2454=ORIENTED_EDGE('',*,*,#1836,.F.);
#2455=ORIENTED_EDGE('',*,*,#1832,.T.);
#2456=ORIENTED_EDGE('',*,*,#1837,.T.);
#2457=ORIENTED_EDGE('',*,*,#1715,.F.);
#2458=ORIENTED_EDGE('',*,*,#1716,.F.);
#2459=ORIENTED_EDGE('',*,*,#1837,.F.);
#2460=ORIENTED_EDGE('',*,*,#1838,.F.);
#2461=ORIENTED_EDGE('',*,*,#1839,.F.);
#2462=ORIENTED_EDGE('',*,*,#1840,.T.);
#2463=ORIENTED_EDGE('',*,*,#1841,.T.);
#2464=ORIENTED_EDGE('',*,*,#1842,.T.);
#2465=ORIENTED_EDGE('',*,*,#1840,.F.);
#2466=ORIENTED_EDGE('',*,*,#1842,.F.);
#2467=ORIENTED_EDGE('',*,*,#1841,.F.);
#2468=ORIENTED_EDGE('',*,*,#1843,.F.);
#2469=ORIENTED_EDGE('',*,*,#1844,.F.);
#2470=ORIENTED_EDGE('',*,*,#1845,.T.);
#2471=ORIENTED_EDGE('',*,*,#1846,.T.);
#2472=ORIENTED_EDGE('',*,*,#1847,.T.);
#2473=ORIENTED_EDGE('',*,*,#1845,.F.);
#2474=ORIENTED_EDGE('',*,*,#1847,.F.);
#2475=ORIENTED_EDGE('',*,*,#1846,.F.);
#2476=ORIENTED_EDGE('',*,*,#1848,.F.);
#2477=ORIENTED_EDGE('',*,*,#1849,.F.);
#2478=ORIENTED_EDGE('',*,*,#1850,.T.);
#2479=ORIENTED_EDGE('',*,*,#1851,.T.);
#2480=ORIENTED_EDGE('',*,*,#1852,.T.);
#2481=ORIENTED_EDGE('',*,*,#1850,.F.);
#2482=ORIENTED_EDGE('',*,*,#1852,.F.);
#2483=ORIENTED_EDGE('',*,*,#1851,.F.);
#2484=ORIENTED_EDGE('',*,*,#1853,.F.);
#2485=ORIENTED_EDGE('',*,*,#1854,.F.);
#2486=ORIENTED_EDGE('',*,*,#1855,.T.);
#2487=ORIENTED_EDGE('',*,*,#1856,.T.);
#2488=ORIENTED_EDGE('',*,*,#1857,.T.);
#2489=ORIENTED_EDGE('',*,*,#1855,.F.);
#2490=ORIENTED_EDGE('',*,*,#1857,.F.);
#2491=ORIENTED_EDGE('',*,*,#1856,.F.);
#2492=ORIENTED_EDGE('',*,*,#1858,.F.);
#2493=ORIENTED_EDGE('',*,*,#1859,.F.);
#2494=ORIENTED_EDGE('',*,*,#1860,.T.);
#2495=ORIENTED_EDGE('',*,*,#1762,.T.);
#2496=ORIENTED_EDGE('',*,*,#1861,.F.);
#2497=ORIENTED_EDGE('',*,*,#1862,.F.);
#2498=ORIENTED_EDGE('',*,*,#1858,.T.);
#2499=ORIENTED_EDGE('',*,*,#1761,.T.);
#2500=ORIENTED_EDGE('',*,*,#1860,.F.);
#2501=ORIENTED_EDGE('',*,*,#1863,.F.);
#2502=ORIENTED_EDGE('',*,*,#1754,.F.);
#2503=ORIENTED_EDGE('',*,*,#1763,.T.);
#2504=ORIENTED_EDGE('',*,*,#1864,.F.);
#2505=ORIENTED_EDGE('',*,*,#1865,.F.);
#2506=ORIENTED_EDGE('',*,*,#1866,.T.);
#2507=ORIENTED_EDGE('',*,*,#1757,.T.);
#2508=ORIENTED_EDGE('',*,*,#1866,.F.);
#2509=ORIENTED_EDGE('',*,*,#1867,.F.);
#2510=ORIENTED_EDGE('',*,*,#1868,.T.);
#2511=ORIENTED_EDGE('',*,*,#1758,.T.);
#2512=ORIENTED_EDGE('',*,*,#1868,.F.);
#2513=ORIENTED_EDGE('',*,*,#1869,.F.);
#2514=ORIENTED_EDGE('',*,*,#1870,.F.);
#2515=ORIENTED_EDGE('',*,*,#1759,.T.);
#2516=ORIENTED_EDGE('',*,*,#1871,.F.);
#2517=ORIENTED_EDGE('',*,*,#1872,.T.);
#2518=ORIENTED_EDGE('',*,*,#1873,.F.);
#2519=ORIENTED_EDGE('',*,*,#1874,.F.);
#2520=ORIENTED_EDGE('',*,*,#1875,.F.);
#2521=ORIENTED_EDGE('',*,*,#1874,.T.);
#2522=ORIENTED_EDGE('',*,*,#1876,.F.);
#2523=ORIENTED_EDGE('',*,*,#1877,.F.);
#2524=ORIENTED_EDGE('',*,*,#1878,.F.);
#2525=ORIENTED_EDGE('',*,*,#1877,.T.);
#2526=ORIENTED_EDGE('',*,*,#1879,.F.);
#2527=ORIENTED_EDGE('',*,*,#1880,.F.);
#2528=ORIENTED_EDGE('',*,*,#1881,.F.);
#2529=ORIENTED_EDGE('',*,*,#1880,.T.);
#2530=ORIENTED_EDGE('',*,*,#1882,.F.);
#2531=ORIENTED_EDGE('',*,*,#1883,.F.);
#2532=ORIENTED_EDGE('',*,*,#1884,.F.);
#2533=ORIENTED_EDGE('',*,*,#1883,.T.);
#2534=ORIENTED_EDGE('',*,*,#1885,.F.);
#2535=ORIENTED_EDGE('',*,*,#1886,.F.);
#2536=ORIENTED_EDGE('',*,*,#1887,.F.);
#2537=ORIENTED_EDGE('',*,*,#1886,.T.);
#2538=ORIENTED_EDGE('',*,*,#1888,.F.);
#2539=ORIENTED_EDGE('',*,*,#1889,.F.);
#2540=ORIENTED_EDGE('',*,*,#1890,.F.);
#2541=ORIENTED_EDGE('',*,*,#1889,.T.);
#2542=ORIENTED_EDGE('',*,*,#1891,.F.);
#2543=ORIENTED_EDGE('',*,*,#1892,.F.);
#2544=ORIENTED_EDGE('',*,*,#1893,.F.);
#2545=ORIENTED_EDGE('',*,*,#1892,.T.);
#2546=ORIENTED_EDGE('',*,*,#1894,.F.);
#2547=ORIENTED_EDGE('',*,*,#1895,.F.);
#2548=ORIENTED_EDGE('',*,*,#1896,.F.);
#2549=ORIENTED_EDGE('',*,*,#1895,.T.);
#2550=ORIENTED_EDGE('',*,*,#1897,.F.);
#2551=ORIENTED_EDGE('',*,*,#1898,.F.);
#2552=ORIENTED_EDGE('',*,*,#1899,.F.);
#2553=ORIENTED_EDGE('',*,*,#1898,.T.);
#2554=ORIENTED_EDGE('',*,*,#1900,.F.);
#2555=ORIENTED_EDGE('',*,*,#1901,.F.);
#2556=ORIENTED_EDGE('',*,*,#1902,.F.);
#2557=ORIENTED_EDGE('',*,*,#1901,.T.);
#2558=ORIENTED_EDGE('',*,*,#1903,.F.);
#2559=ORIENTED_EDGE('',*,*,#1904,.F.);
#2560=ORIENTED_EDGE('',*,*,#1905,.F.);
#2561=ORIENTED_EDGE('',*,*,#1904,.T.);
#2562=ORIENTED_EDGE('',*,*,#1906,.F.);
#2563=ORIENTED_EDGE('',*,*,#1907,.F.);
#2564=ORIENTED_EDGE('',*,*,#1908,.F.);
#2565=ORIENTED_EDGE('',*,*,#1907,.T.);
#2566=ORIENTED_EDGE('',*,*,#1909,.F.);
#2567=ORIENTED_EDGE('',*,*,#1910,.F.);
#2568=ORIENTED_EDGE('',*,*,#1911,.F.);
#2569=ORIENTED_EDGE('',*,*,#1910,.T.);
#2570=ORIENTED_EDGE('',*,*,#1912,.F.);
#2571=ORIENTED_EDGE('',*,*,#1913,.F.);
#2572=ORIENTED_EDGE('',*,*,#1914,.F.);
#2573=ORIENTED_EDGE('',*,*,#1913,.T.);
#2574=ORIENTED_EDGE('',*,*,#1915,.F.);
#2575=ORIENTED_EDGE('',*,*,#1916,.F.);
#2576=ORIENTED_EDGE('',*,*,#1917,.F.);
#2577=ORIENTED_EDGE('',*,*,#1916,.T.);
#2578=ORIENTED_EDGE('',*,*,#1918,.F.);
#2579=ORIENTED_EDGE('',*,*,#1919,.F.);
#2580=ORIENTED_EDGE('',*,*,#1920,.F.);
#2581=ORIENTED_EDGE('',*,*,#1919,.T.);
#2582=ORIENTED_EDGE('',*,*,#1921,.F.);
#2583=ORIENTED_EDGE('',*,*,#1922,.F.);
#2584=ORIENTED_EDGE('',*,*,#1923,.F.);
#2585=ORIENTED_EDGE('',*,*,#1922,.T.);
#2586=ORIENTED_EDGE('',*,*,#1924,.F.);
#2587=ORIENTED_EDGE('',*,*,#1925,.F.);
#2588=ORIENTED_EDGE('',*,*,#1926,.F.);
#2589=ORIENTED_EDGE('',*,*,#1925,.T.);
#2590=ORIENTED_EDGE('',*,*,#1927,.F.);
#2591=ORIENTED_EDGE('',*,*,#1928,.F.);
#2592=ORIENTED_EDGE('',*,*,#1929,.F.);
#2593=ORIENTED_EDGE('',*,*,#1928,.T.);
#2594=ORIENTED_EDGE('',*,*,#1930,.F.);
#2595=ORIENTED_EDGE('',*,*,#1931,.F.);
#2596=ORIENTED_EDGE('',*,*,#1932,.F.);
#2597=ORIENTED_EDGE('',*,*,#1931,.T.);
#2598=ORIENTED_EDGE('',*,*,#1933,.F.);
#2599=ORIENTED_EDGE('',*,*,#1934,.F.);
#2600=ORIENTED_EDGE('',*,*,#1935,.F.);
#2601=ORIENTED_EDGE('',*,*,#1934,.T.);
#2602=ORIENTED_EDGE('',*,*,#1936,.F.);
#2603=ORIENTED_EDGE('',*,*,#1937,.F.);
#2604=ORIENTED_EDGE('',*,*,#1938,.F.);
#2605=ORIENTED_EDGE('',*,*,#1937,.T.);
#2606=ORIENTED_EDGE('',*,*,#1939,.F.);
#2607=ORIENTED_EDGE('',*,*,#1940,.F.);
#2608=ORIENTED_EDGE('',*,*,#1941,.F.);
#2609=ORIENTED_EDGE('',*,*,#1940,.T.);
#2610=ORIENTED_EDGE('',*,*,#1942,.F.);
#2611=ORIENTED_EDGE('',*,*,#1943,.F.);
#2612=ORIENTED_EDGE('',*,*,#1944,.F.);
#2613=ORIENTED_EDGE('',*,*,#1943,.T.);
#2614=ORIENTED_EDGE('',*,*,#1945,.F.);
#2615=ORIENTED_EDGE('',*,*,#1946,.F.);
#2616=ORIENTED_EDGE('',*,*,#1947,.F.);
#2617=ORIENTED_EDGE('',*,*,#1946,.T.);
#2618=ORIENTED_EDGE('',*,*,#1948,.F.);
#2619=ORIENTED_EDGE('',*,*,#1949,.F.);
#2620=ORIENTED_EDGE('',*,*,#1950,.F.);
#2621=ORIENTED_EDGE('',*,*,#1949,.T.);
#2622=ORIENTED_EDGE('',*,*,#1951,.F.);
#2623=ORIENTED_EDGE('',*,*,#1952,.F.);
#2624=ORIENTED_EDGE('',*,*,#1953,.F.);
#2625=ORIENTED_EDGE('',*,*,#1952,.T.);
#2626=ORIENTED_EDGE('',*,*,#1954,.F.);
#2627=ORIENTED_EDGE('',*,*,#1955,.F.);
#2628=ORIENTED_EDGE('',*,*,#1956,.F.);
#2629=ORIENTED_EDGE('',*,*,#1955,.T.);
#2630=ORIENTED_EDGE('',*,*,#1957,.F.);
#2631=ORIENTED_EDGE('',*,*,#1958,.F.);
#2632=ORIENTED_EDGE('',*,*,#1959,.F.);
#2633=ORIENTED_EDGE('',*,*,#1958,.T.);
#2634=ORIENTED_EDGE('',*,*,#1960,.F.);
#2635=ORIENTED_EDGE('',*,*,#1961,.F.);
#2636=ORIENTED_EDGE('',*,*,#1962,.F.);
#2637=ORIENTED_EDGE('',*,*,#1961,.T.);
#2638=ORIENTED_EDGE('',*,*,#1963,.F.);
#2639=ORIENTED_EDGE('',*,*,#1964,.F.);
#2640=ORIENTED_EDGE('',*,*,#1965,.F.);
#2641=ORIENTED_EDGE('',*,*,#1964,.T.);
#2642=ORIENTED_EDGE('',*,*,#1966,.F.);
#2643=ORIENTED_EDGE('',*,*,#1967,.F.);
#2644=ORIENTED_EDGE('',*,*,#1968,.F.);
#2645=ORIENTED_EDGE('',*,*,#1967,.T.);
#2646=ORIENTED_EDGE('',*,*,#1969,.F.);
#2647=ORIENTED_EDGE('',*,*,#1970,.F.);
#2648=ORIENTED_EDGE('',*,*,#1971,.F.);
#2649=ORIENTED_EDGE('',*,*,#1970,.T.);
#2650=ORIENTED_EDGE('',*,*,#1972,.F.);
#2651=ORIENTED_EDGE('',*,*,#1973,.F.);
#2652=ORIENTED_EDGE('',*,*,#1974,.F.);
#2653=ORIENTED_EDGE('',*,*,#1973,.T.);
#2654=ORIENTED_EDGE('',*,*,#1975,.F.);
#2655=ORIENTED_EDGE('',*,*,#1976,.F.);
#2656=ORIENTED_EDGE('',*,*,#1977,.F.);
#2657=ORIENTED_EDGE('',*,*,#1976,.T.);
#2658=ORIENTED_EDGE('',*,*,#1978,.F.);
#2659=ORIENTED_EDGE('',*,*,#1979,.F.);
#2660=ORIENTED_EDGE('',*,*,#1980,.F.);
#2661=ORIENTED_EDGE('',*,*,#1979,.T.);
#2662=ORIENTED_EDGE('',*,*,#1981,.F.);
#2663=ORIENTED_EDGE('',*,*,#1982,.F.);
#2664=ORIENTED_EDGE('',*,*,#1983,.F.);
#2665=ORIENTED_EDGE('',*,*,#1982,.T.);
#2666=ORIENTED_EDGE('',*,*,#1984,.F.);
#2667=ORIENTED_EDGE('',*,*,#1985,.F.);
#2668=ORIENTED_EDGE('',*,*,#1986,.F.);
#2669=ORIENTED_EDGE('',*,*,#1985,.T.);
#2670=ORIENTED_EDGE('',*,*,#1987,.F.);
#2671=ORIENTED_EDGE('',*,*,#1988,.F.);
#2672=ORIENTED_EDGE('',*,*,#1989,.F.);
#2673=ORIENTED_EDGE('',*,*,#1988,.T.);
#2674=ORIENTED_EDGE('',*,*,#1990,.F.);
#2675=ORIENTED_EDGE('',*,*,#1872,.F.);
#2676=ORIENTED_EDGE('',*,*,#1991,.T.);
#2677=ORIENTED_EDGE('',*,*,#1992,.T.);
#2678=ORIENTED_EDGE('',*,*,#1993,.T.);
#2679=ORIENTED_EDGE('',*,*,#1994,.T.);
#2680=ORIENTED_EDGE('',*,*,#1995,.T.);
#2681=ORIENTED_EDGE('',*,*,#1996,.T.);
#2682=ORIENTED_EDGE('',*,*,#1997,.T.);
#2683=ORIENTED_EDGE('',*,*,#1998,.T.);
#2684=ORIENTED_EDGE('',*,*,#1999,.T.);
#2685=ORIENTED_EDGE('',*,*,#2000,.T.);
#2686=ORIENTED_EDGE('',*,*,#2001,.T.);
#2687=ORIENTED_EDGE('',*,*,#2002,.T.);
#2688=ORIENTED_EDGE('',*,*,#2003,.T.);
#2689=ORIENTED_EDGE('',*,*,#2004,.T.);
#2690=ORIENTED_EDGE('',*,*,#2005,.T.);
#2691=ORIENTED_EDGE('',*,*,#2006,.T.);
#2692=ORIENTED_EDGE('',*,*,#2007,.T.);
#2693=ORIENTED_EDGE('',*,*,#2008,.T.);
#2694=ORIENTED_EDGE('',*,*,#2009,.T.);
#2695=ORIENTED_EDGE('',*,*,#2010,.T.);
#2696=ORIENTED_EDGE('',*,*,#2011,.T.);
#2697=ORIENTED_EDGE('',*,*,#2012,.T.);
#2698=ORIENTED_EDGE('',*,*,#2013,.T.);
#2699=ORIENTED_EDGE('',*,*,#2014,.T.);
#2700=ORIENTED_EDGE('',*,*,#2015,.T.);
#2701=ORIENTED_EDGE('',*,*,#2016,.T.);
#2702=ORIENTED_EDGE('',*,*,#2017,.T.);
#2703=ORIENTED_EDGE('',*,*,#2018,.T.);
#2704=ORIENTED_EDGE('',*,*,#2019,.T.);
#2705=ORIENTED_EDGE('',*,*,#2020,.T.);
#2706=ORIENTED_EDGE('',*,*,#2021,.T.);
#2707=ORIENTED_EDGE('',*,*,#2022,.T.);
#2708=ORIENTED_EDGE('',*,*,#2023,.T.);
#2709=ORIENTED_EDGE('',*,*,#2024,.T.);
#2710=ORIENTED_EDGE('',*,*,#2025,.T.);
#2711=ORIENTED_EDGE('',*,*,#2026,.T.);
#2712=ORIENTED_EDGE('',*,*,#2027,.T.);
#2713=ORIENTED_EDGE('',*,*,#2028,.T.);
#2714=ORIENTED_EDGE('',*,*,#2029,.T.);
#2715=ORIENTED_EDGE('',*,*,#2030,.T.);
#2716=ORIENTED_EDGE('',*,*,#1990,.T.);
#2717=ORIENTED_EDGE('',*,*,#1987,.T.);
#2718=ORIENTED_EDGE('',*,*,#1984,.T.);
#2719=ORIENTED_EDGE('',*,*,#1981,.T.);
#2720=ORIENTED_EDGE('',*,*,#1978,.T.);
#2721=ORIENTED_EDGE('',*,*,#1975,.T.);
#2722=ORIENTED_EDGE('',*,*,#1972,.T.);
#2723=ORIENTED_EDGE('',*,*,#1969,.T.);
#2724=ORIENTED_EDGE('',*,*,#1966,.T.);
#2725=ORIENTED_EDGE('',*,*,#1963,.T.);
#2726=ORIENTED_EDGE('',*,*,#1960,.T.);
#2727=ORIENTED_EDGE('',*,*,#1957,.T.);
#2728=ORIENTED_EDGE('',*,*,#1954,.T.);
#2729=ORIENTED_EDGE('',*,*,#1951,.T.);
#2730=ORIENTED_EDGE('',*,*,#1948,.T.);
#2731=ORIENTED_EDGE('',*,*,#1945,.T.);
#2732=ORIENTED_EDGE('',*,*,#1942,.T.);
#2733=ORIENTED_EDGE('',*,*,#1939,.T.);
#2734=ORIENTED_EDGE('',*,*,#1936,.T.);
#2735=ORIENTED_EDGE('',*,*,#1933,.T.);
#2736=ORIENTED_EDGE('',*,*,#1930,.T.);
#2737=ORIENTED_EDGE('',*,*,#1927,.T.);
#2738=ORIENTED_EDGE('',*,*,#1924,.T.);
#2739=ORIENTED_EDGE('',*,*,#1921,.T.);
#2740=ORIENTED_EDGE('',*,*,#1918,.T.);
#2741=ORIENTED_EDGE('',*,*,#1915,.T.);
#2742=ORIENTED_EDGE('',*,*,#1912,.T.);
#2743=ORIENTED_EDGE('',*,*,#1909,.T.);
#2744=ORIENTED_EDGE('',*,*,#1906,.T.);
#2745=ORIENTED_EDGE('',*,*,#1903,.T.);
#2746=ORIENTED_EDGE('',*,*,#1900,.T.);
#2747=ORIENTED_EDGE('',*,*,#1897,.T.);
#2748=ORIENTED_EDGE('',*,*,#1894,.T.);
#2749=ORIENTED_EDGE('',*,*,#1891,.T.);
#2750=ORIENTED_EDGE('',*,*,#1888,.T.);
#2751=ORIENTED_EDGE('',*,*,#1885,.T.);
#2752=ORIENTED_EDGE('',*,*,#1882,.T.);
#2753=ORIENTED_EDGE('',*,*,#1879,.T.);
#2754=ORIENTED_EDGE('',*,*,#1876,.T.);
#2755=ORIENTED_EDGE('',*,*,#1873,.T.);
#2756=ORIENTED_EDGE('',*,*,#2031,.T.);
#2757=ORIENTED_EDGE('',*,*,#2032,.T.);
#2758=ORIENTED_EDGE('',*,*,#2033,.T.);
#2759=ORIENTED_EDGE('',*,*,#2034,.T.);
#2760=ORIENTED_EDGE('',*,*,#2035,.T.);
#2761=ORIENTED_EDGE('',*,*,#2036,.T.);
#2762=ORIENTED_EDGE('',*,*,#2033,.F.);
#2763=ORIENTED_EDGE('',*,*,#2037,.T.);
#2764=ORIENTED_EDGE('',*,*,#2038,.T.);
#2765=ORIENTED_EDGE('',*,*,#2039,.T.);
#2766=ORIENTED_EDGE('',*,*,#2035,.F.);
#2767=ORIENTED_EDGE('',*,*,#2040,.T.);
#2768=ORIENTED_EDGE('',*,*,#2041,.T.);
#2769=ORIENTED_EDGE('',*,*,#2042,.T.);
#2770=ORIENTED_EDGE('',*,*,#2038,.F.);
#2771=ORIENTED_EDGE('',*,*,#2043,.T.);
#2772=ORIENTED_EDGE('',*,*,#2044,.T.);
#2773=ORIENTED_EDGE('',*,*,#2045,.T.);
#2774=ORIENTED_EDGE('',*,*,#2041,.F.);
#2775=ORIENTED_EDGE('',*,*,#2046,.T.);
#2776=ORIENTED_EDGE('',*,*,#2047,.T.);
#2777=ORIENTED_EDGE('',*,*,#2048,.T.);
#2778=ORIENTED_EDGE('',*,*,#2044,.F.);
#2779=ORIENTED_EDGE('',*,*,#2049,.T.);
#2780=ORIENTED_EDGE('',*,*,#2050,.T.);
#2781=ORIENTED_EDGE('',*,*,#2051,.T.);
#2782=ORIENTED_EDGE('',*,*,#2047,.F.);
#2783=ORIENTED_EDGE('',*,*,#2052,.T.);
#2784=ORIENTED_EDGE('',*,*,#2053,.T.);
#2785=ORIENTED_EDGE('',*,*,#2054,.T.);
#2786=ORIENTED_EDGE('',*,*,#2050,.F.);
#2787=ORIENTED_EDGE('',*,*,#2055,.T.);
#2788=ORIENTED_EDGE('',*,*,#2056,.T.);
#2789=ORIENTED_EDGE('',*,*,#2057,.T.);
#2790=ORIENTED_EDGE('',*,*,#2053,.F.);
#2791=ORIENTED_EDGE('',*,*,#2058,.T.);
#2792=ORIENTED_EDGE('',*,*,#2059,.T.);
#2793=ORIENTED_EDGE('',*,*,#2060,.T.);
#2794=ORIENTED_EDGE('',*,*,#2056,.F.);
#2795=ORIENTED_EDGE('',*,*,#2061,.T.);
#2796=ORIENTED_EDGE('',*,*,#2062,.T.);
#2797=ORIENTED_EDGE('',*,*,#2063,.T.);
#2798=ORIENTED_EDGE('',*,*,#2059,.F.);
#2799=ORIENTED_EDGE('',*,*,#2064,.T.);
#2800=ORIENTED_EDGE('',*,*,#2065,.T.);
#2801=ORIENTED_EDGE('',*,*,#2066,.T.);
#2802=ORIENTED_EDGE('',*,*,#2062,.F.);
#2803=ORIENTED_EDGE('',*,*,#2067,.T.);
#2804=ORIENTED_EDGE('',*,*,#2068,.T.);
#2805=ORIENTED_EDGE('',*,*,#2069,.T.);
#2806=ORIENTED_EDGE('',*,*,#2065,.F.);
#2807=ORIENTED_EDGE('',*,*,#2070,.T.);
#2808=ORIENTED_EDGE('',*,*,#2071,.T.);
#2809=ORIENTED_EDGE('',*,*,#2072,.T.);
#2810=ORIENTED_EDGE('',*,*,#2068,.F.);
#2811=ORIENTED_EDGE('',*,*,#2073,.T.);
#2812=ORIENTED_EDGE('',*,*,#2074,.T.);
#2813=ORIENTED_EDGE('',*,*,#2075,.T.);
#2814=ORIENTED_EDGE('',*,*,#2071,.F.);
#2815=ORIENTED_EDGE('',*,*,#2076,.T.);
#2816=ORIENTED_EDGE('',*,*,#2077,.T.);
#2817=ORIENTED_EDGE('',*,*,#2078,.T.);
#2818=ORIENTED_EDGE('',*,*,#2074,.F.);
#2819=ORIENTED_EDGE('',*,*,#2079,.T.);
#2820=ORIENTED_EDGE('',*,*,#2080,.T.);
#2821=ORIENTED_EDGE('',*,*,#2081,.T.);
#2822=ORIENTED_EDGE('',*,*,#2077,.F.);
#2823=ORIENTED_EDGE('',*,*,#2082,.T.);
#2824=ORIENTED_EDGE('',*,*,#2083,.T.);
#2825=ORIENTED_EDGE('',*,*,#2084,.T.);
#2826=ORIENTED_EDGE('',*,*,#2080,.F.);
#2827=ORIENTED_EDGE('',*,*,#2085,.T.);
#2828=ORIENTED_EDGE('',*,*,#2086,.T.);
#2829=ORIENTED_EDGE('',*,*,#2087,.T.);
#2830=ORIENTED_EDGE('',*,*,#2083,.F.);
#2831=ORIENTED_EDGE('',*,*,#2088,.T.);
#2832=ORIENTED_EDGE('',*,*,#2089,.T.);
#2833=ORIENTED_EDGE('',*,*,#2090,.T.);
#2834=ORIENTED_EDGE('',*,*,#2086,.F.);
#2835=ORIENTED_EDGE('',*,*,#2091,.T.);
#2836=ORIENTED_EDGE('',*,*,#2092,.T.);
#2837=ORIENTED_EDGE('',*,*,#2093,.T.);
#2838=ORIENTED_EDGE('',*,*,#2089,.F.);
#2839=ORIENTED_EDGE('',*,*,#2094,.T.);
#2840=ORIENTED_EDGE('',*,*,#2095,.T.);
#2841=ORIENTED_EDGE('',*,*,#2096,.T.);
#2842=ORIENTED_EDGE('',*,*,#2092,.F.);
#2843=ORIENTED_EDGE('',*,*,#2097,.T.);
#2844=ORIENTED_EDGE('',*,*,#2098,.T.);
#2845=ORIENTED_EDGE('',*,*,#2099,.T.);
#2846=ORIENTED_EDGE('',*,*,#2095,.F.);
#2847=ORIENTED_EDGE('',*,*,#2100,.T.);
#2848=ORIENTED_EDGE('',*,*,#2101,.T.);
#2849=ORIENTED_EDGE('',*,*,#2102,.T.);
#2850=ORIENTED_EDGE('',*,*,#2098,.F.);
#2851=ORIENTED_EDGE('',*,*,#2103,.T.);
#2852=ORIENTED_EDGE('',*,*,#2104,.T.);
#2853=ORIENTED_EDGE('',*,*,#2105,.T.);
#2854=ORIENTED_EDGE('',*,*,#2101,.F.);
#2855=ORIENTED_EDGE('',*,*,#2106,.T.);
#2856=ORIENTED_EDGE('',*,*,#2107,.T.);
#2857=ORIENTED_EDGE('',*,*,#2108,.T.);
#2858=ORIENTED_EDGE('',*,*,#2104,.F.);
#2859=ORIENTED_EDGE('',*,*,#2109,.T.);
#2860=ORIENTED_EDGE('',*,*,#2110,.T.);
#2861=ORIENTED_EDGE('',*,*,#2111,.T.);
#2862=ORIENTED_EDGE('',*,*,#2107,.F.);
#2863=ORIENTED_EDGE('',*,*,#2112,.T.);
#2864=ORIENTED_EDGE('',*,*,#2113,.T.);
#2865=ORIENTED_EDGE('',*,*,#2114,.T.);
#2866=ORIENTED_EDGE('',*,*,#2110,.F.);
#2867=ORIENTED_EDGE('',*,*,#2115,.T.);
#2868=ORIENTED_EDGE('',*,*,#2116,.T.);
#2869=ORIENTED_EDGE('',*,*,#2117,.T.);
#2870=ORIENTED_EDGE('',*,*,#2113,.F.);
#2871=ORIENTED_EDGE('',*,*,#2118,.T.);
#2872=ORIENTED_EDGE('',*,*,#2119,.T.);
#2873=ORIENTED_EDGE('',*,*,#2120,.T.);
#2874=ORIENTED_EDGE('',*,*,#2116,.F.);
#2875=ORIENTED_EDGE('',*,*,#2121,.T.);
#2876=ORIENTED_EDGE('',*,*,#2122,.T.);
#2877=ORIENTED_EDGE('',*,*,#2123,.T.);
#2878=ORIENTED_EDGE('',*,*,#2119,.F.);
#2879=ORIENTED_EDGE('',*,*,#2124,.T.);
#2880=ORIENTED_EDGE('',*,*,#2125,.T.);
#2881=ORIENTED_EDGE('',*,*,#2126,.T.);
#2882=ORIENTED_EDGE('',*,*,#2122,.F.);
#2883=ORIENTED_EDGE('',*,*,#2127,.T.);
#2884=ORIENTED_EDGE('',*,*,#2128,.T.);
#2885=ORIENTED_EDGE('',*,*,#2129,.T.);
#2886=ORIENTED_EDGE('',*,*,#2125,.F.);
#2887=ORIENTED_EDGE('',*,*,#2130,.T.);
#2888=ORIENTED_EDGE('',*,*,#2131,.T.);
#2889=ORIENTED_EDGE('',*,*,#2132,.T.);
#2890=ORIENTED_EDGE('',*,*,#2128,.F.);
#2891=ORIENTED_EDGE('',*,*,#2133,.T.);
#2892=ORIENTED_EDGE('',*,*,#2134,.T.);
#2893=ORIENTED_EDGE('',*,*,#2135,.T.);
#2894=ORIENTED_EDGE('',*,*,#2131,.F.);
#2895=ORIENTED_EDGE('',*,*,#2136,.T.);
#2896=ORIENTED_EDGE('',*,*,#2137,.T.);
#2897=ORIENTED_EDGE('',*,*,#2138,.T.);
#2898=ORIENTED_EDGE('',*,*,#2134,.F.);
#2899=ORIENTED_EDGE('',*,*,#2139,.T.);
#2900=ORIENTED_EDGE('',*,*,#2140,.T.);
#2901=ORIENTED_EDGE('',*,*,#2141,.T.);
#2902=ORIENTED_EDGE('',*,*,#2137,.F.);
#2903=ORIENTED_EDGE('',*,*,#2142,.T.);
#2904=ORIENTED_EDGE('',*,*,#2143,.T.);
#2905=ORIENTED_EDGE('',*,*,#2144,.T.);
#2906=ORIENTED_EDGE('',*,*,#2140,.F.);
#2907=ORIENTED_EDGE('',*,*,#2145,.T.);
#2908=ORIENTED_EDGE('',*,*,#2146,.T.);
#2909=ORIENTED_EDGE('',*,*,#2147,.T.);
#2910=ORIENTED_EDGE('',*,*,#2143,.F.);
#2911=ORIENTED_EDGE('',*,*,#2148,.T.);
#2912=ORIENTED_EDGE('',*,*,#2031,.F.);
#2913=ORIENTED_EDGE('',*,*,#2149,.T.);
#2914=ORIENTED_EDGE('',*,*,#2146,.F.);
#2915=ORIENTED_EDGE('',*,*,#2150,.T.);
#2916=ORIENTED_EDGE('',*,*,#2096,.F.);
#2917=ORIENTED_EDGE('',*,*,#2151,.F.);
#2918=ORIENTED_EDGE('',*,*,#2002,.F.);
#2919=ORIENTED_EDGE('',*,*,#2152,.F.);
#2920=ORIENTED_EDGE('',*,*,#2099,.F.);
#2921=ORIENTED_EDGE('',*,*,#2153,.T.);
#2922=ORIENTED_EDGE('',*,*,#2003,.F.);
#2923=ORIENTED_EDGE('',*,*,#2151,.T.);
#2924=ORIENTED_EDGE('',*,*,#2102,.F.);
#2925=ORIENTED_EDGE('',*,*,#2154,.F.);
#2926=ORIENTED_EDGE('',*,*,#2004,.F.);
#2927=ORIENTED_EDGE('',*,*,#2153,.F.);
#2928=ORIENTED_EDGE('',*,*,#2105,.F.);
#2929=ORIENTED_EDGE('',*,*,#2155,.T.);
#2930=ORIENTED_EDGE('',*,*,#2005,.F.);
#2931=ORIENTED_EDGE('',*,*,#2154,.T.);
#2932=ORIENTED_EDGE('',*,*,#2108,.F.);
#2933=ORIENTED_EDGE('',*,*,#2156,.F.);
#2934=ORIENTED_EDGE('',*,*,#2006,.F.);
#2935=ORIENTED_EDGE('',*,*,#2155,.F.);
#2936=ORIENTED_EDGE('',*,*,#2111,.F.);
#2937=ORIENTED_EDGE('',*,*,#2157,.T.);
#2938=ORIENTED_EDGE('',*,*,#2007,.F.);
#2939=ORIENTED_EDGE('',*,*,#2156,.T.);
#2940=ORIENTED_EDGE('',*,*,#2114,.F.);
#2941=ORIENTED_EDGE('',*,*,#2158,.F.);
#2942=ORIENTED_EDGE('',*,*,#2008,.F.);
#2943=ORIENTED_EDGE('',*,*,#2157,.F.);
#2944=ORIENTED_EDGE('',*,*,#2117,.F.);
#2945=ORIENTED_EDGE('',*,*,#2159,.T.);
#2946=ORIENTED_EDGE('',*,*,#2009,.F.);
#2947=ORIENTED_EDGE('',*,*,#2158,.T.);
#2948=ORIENTED_EDGE('',*,*,#2120,.F.);
#2949=ORIENTED_EDGE('',*,*,#2160,.F.);
#2950=ORIENTED_EDGE('',*,*,#2010,.F.);
#2951=ORIENTED_EDGE('',*,*,#2159,.F.);
#2952=ORIENTED_EDGE('',*,*,#2123,.F.);
#2953=ORIENTED_EDGE('',*,*,#2161,.T.);
#2954=ORIENTED_EDGE('',*,*,#2011,.F.);
#2955=ORIENTED_EDGE('',*,*,#2160,.T.);
#2956=ORIENTED_EDGE('',*,*,#2126,.F.);
#2957=ORIENTED_EDGE('',*,*,#2162,.F.);
#2958=ORIENTED_EDGE('',*,*,#2012,.F.);
#2959=ORIENTED_EDGE('',*,*,#2161,.F.);
#2960=ORIENTED_EDGE('',*,*,#2129,.F.);
#2961=ORIENTED_EDGE('',*,*,#2163,.T.);
#2962=ORIENTED_EDGE('',*,*,#2013,.F.);
#2963=ORIENTED_EDGE('',*,*,#2162,.T.);
#2964=ORIENTED_EDGE('',*,*,#2132,.F.);
#2965=ORIENTED_EDGE('',*,*,#2164,.F.);
#2966=ORIENTED_EDGE('',*,*,#2014,.F.);
#2967=ORIENTED_EDGE('',*,*,#2163,.F.);
#2968=ORIENTED_EDGE('',*,*,#2135,.F.);
#2969=ORIENTED_EDGE('',*,*,#2165,.T.);
#2970=ORIENTED_EDGE('',*,*,#2015,.F.);
#2971=ORIENTED_EDGE('',*,*,#2164,.T.);
#2972=ORIENTED_EDGE('',*,*,#2138,.F.);
#2973=ORIENTED_EDGE('',*,*,#2166,.T.);
#2974=ORIENTED_EDGE('',*,*,#2016,.F.);
#2975=ORIENTED_EDGE('',*,*,#2165,.F.);
#2976=ORIENTED_EDGE('',*,*,#2141,.F.);
#2977=ORIENTED_EDGE('',*,*,#2167,.T.);
#2978=ORIENTED_EDGE('',*,*,#2017,.F.);
#2979=ORIENTED_EDGE('',*,*,#2166,.F.);
#2980=ORIENTED_EDGE('',*,*,#2144,.F.);
#2981=ORIENTED_EDGE('',*,*,#2168,.T.);
#2982=ORIENTED_EDGE('',*,*,#2018,.F.);
#2983=ORIENTED_EDGE('',*,*,#2167,.F.);
#2984=ORIENTED_EDGE('',*,*,#2147,.F.);
#2985=ORIENTED_EDGE('',*,*,#2169,.T.);
#2986=ORIENTED_EDGE('',*,*,#2019,.F.);
#2987=ORIENTED_EDGE('',*,*,#2168,.F.);
#2988=ORIENTED_EDGE('',*,*,#2149,.F.);
#2989=ORIENTED_EDGE('',*,*,#2170,.F.);
#2990=ORIENTED_EDGE('',*,*,#2020,.F.);
#2991=ORIENTED_EDGE('',*,*,#2169,.F.);
#2992=ORIENTED_EDGE('',*,*,#2034,.F.);
#2993=ORIENTED_EDGE('',*,*,#2171,.T.);
#2994=ORIENTED_EDGE('',*,*,#2021,.F.);
#2995=ORIENTED_EDGE('',*,*,#2170,.T.);
#2996=ORIENTED_EDGE('',*,*,#2032,.F.);
#2997=ORIENTED_EDGE('',*,*,#2150,.F.);
#2998=ORIENTED_EDGE('',*,*,#2148,.F.);
#2999=ORIENTED_EDGE('',*,*,#2145,.F.);
#3000=ORIENTED_EDGE('',*,*,#2142,.F.);
#3001=ORIENTED_EDGE('',*,*,#2139,.F.);
#3002=ORIENTED_EDGE('',*,*,#2136,.F.);
#3003=ORIENTED_EDGE('',*,*,#2133,.F.);
#3004=ORIENTED_EDGE('',*,*,#2130,.F.);
#3005=ORIENTED_EDGE('',*,*,#2127,.F.);
#3006=ORIENTED_EDGE('',*,*,#2124,.F.);
#3007=ORIENTED_EDGE('',*,*,#2121,.F.);
#3008=ORIENTED_EDGE('',*,*,#2118,.F.);
#3009=ORIENTED_EDGE('',*,*,#2115,.F.);
#3010=ORIENTED_EDGE('',*,*,#2112,.F.);
#3011=ORIENTED_EDGE('',*,*,#2109,.F.);
#3012=ORIENTED_EDGE('',*,*,#2106,.F.);
#3013=ORIENTED_EDGE('',*,*,#2103,.F.);
#3014=ORIENTED_EDGE('',*,*,#2100,.F.);
#3015=ORIENTED_EDGE('',*,*,#2097,.F.);
#3016=ORIENTED_EDGE('',*,*,#2094,.F.);
#3017=ORIENTED_EDGE('',*,*,#2091,.F.);
#3018=ORIENTED_EDGE('',*,*,#2088,.F.);
#3019=ORIENTED_EDGE('',*,*,#2085,.F.);
#3020=ORIENTED_EDGE('',*,*,#2082,.F.);
#3021=ORIENTED_EDGE('',*,*,#2079,.F.);
#3022=ORIENTED_EDGE('',*,*,#2076,.F.);
#3023=ORIENTED_EDGE('',*,*,#2073,.F.);
#3024=ORIENTED_EDGE('',*,*,#2070,.F.);
#3025=ORIENTED_EDGE('',*,*,#2067,.F.);
#3026=ORIENTED_EDGE('',*,*,#2064,.F.);
#3027=ORIENTED_EDGE('',*,*,#2061,.F.);
#3028=ORIENTED_EDGE('',*,*,#2058,.F.);
#3029=ORIENTED_EDGE('',*,*,#2055,.F.);
#3030=ORIENTED_EDGE('',*,*,#2052,.F.);
#3031=ORIENTED_EDGE('',*,*,#2049,.F.);
#3032=ORIENTED_EDGE('',*,*,#2046,.F.);
#3033=ORIENTED_EDGE('',*,*,#2043,.F.);
#3034=ORIENTED_EDGE('',*,*,#2040,.F.);
#3035=ORIENTED_EDGE('',*,*,#2037,.F.);
#3036=ORIENTED_EDGE('',*,*,#1804,.T.);
#3037=ORIENTED_EDGE('',*,*,#1826,.T.);
#3038=ORIENTED_EDGE('',*,*,#1823,.T.);
#3039=ORIENTED_EDGE('',*,*,#1820,.T.);
#3040=ORIENTED_EDGE('',*,*,#1817,.T.);
#3041=ORIENTED_EDGE('',*,*,#1814,.T.);
#3042=ORIENTED_EDGE('',*,*,#1811,.T.);
#3043=ORIENTED_EDGE('',*,*,#1808,.T.);
#3044=ORIENTED_EDGE('',*,*,#1748,.T.);
#3045=ORIENTED_EDGE('',*,*,#2172,.F.);
#3046=ORIENTED_EDGE('',*,*,#2173,.T.);
#3047=ORIENTED_EDGE('',*,*,#1764,.T.);
#3048=ORIENTED_EDGE('',*,*,#2173,.F.);
#3049=ORIENTED_EDGE('',*,*,#2174,.F.);
#3050=ORIENTED_EDGE('',*,*,#2175,.F.);
#3051=ORIENTED_EDGE('',*,*,#1765,.T.);
#3052=ORIENTED_EDGE('',*,*,#2175,.T.);
#3053=ORIENTED_EDGE('',*,*,#2176,.F.);
#3054=ORIENTED_EDGE('',*,*,#2177,.T.);
#3055=ORIENTED_EDGE('',*,*,#1766,.T.);
#3056=ORIENTED_EDGE('',*,*,#2177,.F.);
#3057=ORIENTED_EDGE('',*,*,#2178,.F.);
#3058=ORIENTED_EDGE('',*,*,#2179,.F.);
#3059=ORIENTED_EDGE('',*,*,#1767,.T.);
#3060=ORIENTED_EDGE('',*,*,#2179,.T.);
#3061=ORIENTED_EDGE('',*,*,#2180,.F.);
#3062=ORIENTED_EDGE('',*,*,#2181,.T.);
#3063=ORIENTED_EDGE('',*,*,#1768,.T.);
#3064=ORIENTED_EDGE('',*,*,#2181,.F.);
#3065=ORIENTED_EDGE('',*,*,#2182,.F.);
#3066=ORIENTED_EDGE('',*,*,#2183,.F.);
#3067=ORIENTED_EDGE('',*,*,#1769,.T.);
#3068=ORIENTED_EDGE('',*,*,#2184,.T.);
#3069=ORIENTED_EDGE('',*,*,#2185,.F.);
#3070=ORIENTED_EDGE('',*,*,#2186,.T.);
#3071=ORIENTED_EDGE('',*,*,#1782,.T.);
#3072=ORIENTED_EDGE('',*,*,#2184,.F.);
#3073=ORIENTED_EDGE('',*,*,#1781,.T.);
#3074=ORIENTED_EDGE('',*,*,#2187,.F.);
#3075=ORIENTED_EDGE('',*,*,#2188,.F.);
#3076=ORIENTED_EDGE('',*,*,#2186,.F.);
#3077=ORIENTED_EDGE('',*,*,#2189,.F.);
#3078=ORIENTED_EDGE('',*,*,#2190,.F.);
#3079=ORIENTED_EDGE('',*,*,#1783,.T.);
#3080=ORIENTED_EDGE('',*,*,#2190,.T.);
#3081=ORIENTED_EDGE('',*,*,#2191,.F.);
#3082=ORIENTED_EDGE('',*,*,#2192,.T.);
#3083=ORIENTED_EDGE('',*,*,#1784,.T.);
#3084=ORIENTED_EDGE('',*,*,#2192,.F.);
#3085=ORIENTED_EDGE('',*,*,#2193,.F.);
#3086=ORIENTED_EDGE('',*,*,#1751,.F.);
#3087=ORIENTED_EDGE('',*,*,#1785,.T.);
#3088=ORIENTED_EDGE('',*,*,#1734,.T.);
#3089=ORIENTED_EDGE('',*,*,#2194,.F.);
#3090=ORIENTED_EDGE('',*,*,#1864,.T.);
#3091=ORIENTED_EDGE('',*,*,#1756,.T.);
#3092=ORIENTED_EDGE('',*,*,#2183,.T.);
#3093=ORIENTED_EDGE('',*,*,#2195,.F.);
#3094=ORIENTED_EDGE('',*,*,#1800,.T.);
#3095=ORIENTED_EDGE('',*,*,#1770,.T.);
#3096=ORIENTED_EDGE('',*,*,#1803,.T.);
#3097=ORIENTED_EDGE('',*,*,#2196,.F.);
#3098=ORIENTED_EDGE('',*,*,#2187,.T.);
#3099=ORIENTED_EDGE('',*,*,#1780,.T.);
#3100=ORIENTED_EDGE('',*,*,#1861,.T.);
#3101=ORIENTED_EDGE('',*,*,#1760,.T.);
#3102=ORIENTED_EDGE('',*,*,#1870,.T.);
#3103=ORIENTED_EDGE('',*,*,#2197,.F.);
#3104=ORIENTED_EDGE('',*,*,#1788,.T.);
#3105=ORIENTED_EDGE('',*,*,#2198,.F.);
#3106=ORIENTED_EDGE('',*,*,#1793,.T.);
#3107=ORIENTED_EDGE('',*,*,#1775,.T.);
#3108=ORIENTED_EDGE('',*,*,#1871,.T.);
#3109=ORIENTED_EDGE('',*,*,#1875,.T.);
#3110=ORIENTED_EDGE('',*,*,#1878,.T.);
#3111=ORIENTED_EDGE('',*,*,#1881,.T.);
#3112=ORIENTED_EDGE('',*,*,#1884,.T.);
#3113=ORIENTED_EDGE('',*,*,#1887,.T.);
#3114=ORIENTED_EDGE('',*,*,#1890,.T.);
#3115=ORIENTED_EDGE('',*,*,#1893,.T.);
#3116=ORIENTED_EDGE('',*,*,#1896,.T.);
#3117=ORIENTED_EDGE('',*,*,#1899,.T.);
#3118=ORIENTED_EDGE('',*,*,#1902,.T.);
#3119=ORIENTED_EDGE('',*,*,#1905,.T.);
#3120=ORIENTED_EDGE('',*,*,#1908,.T.);
#3121=ORIENTED_EDGE('',*,*,#1911,.T.);
#3122=ORIENTED_EDGE('',*,*,#1914,.T.);
#3123=ORIENTED_EDGE('',*,*,#1917,.T.);
#3124=ORIENTED_EDGE('',*,*,#1920,.T.);
#3125=ORIENTED_EDGE('',*,*,#1923,.T.);
#3126=ORIENTED_EDGE('',*,*,#1926,.T.);
#3127=ORIENTED_EDGE('',*,*,#1929,.T.);
#3128=ORIENTED_EDGE('',*,*,#1932,.T.);
#3129=ORIENTED_EDGE('',*,*,#1935,.T.);
#3130=ORIENTED_EDGE('',*,*,#1938,.T.);
#3131=ORIENTED_EDGE('',*,*,#1941,.T.);
#3132=ORIENTED_EDGE('',*,*,#1944,.T.);
#3133=ORIENTED_EDGE('',*,*,#1947,.T.);
#3134=ORIENTED_EDGE('',*,*,#1950,.T.);
#3135=ORIENTED_EDGE('',*,*,#1953,.T.);
#3136=ORIENTED_EDGE('',*,*,#1956,.T.);
#3137=ORIENTED_EDGE('',*,*,#1959,.T.);
#3138=ORIENTED_EDGE('',*,*,#1962,.T.);
#3139=ORIENTED_EDGE('',*,*,#1965,.T.);
#3140=ORIENTED_EDGE('',*,*,#1968,.T.);
#3141=ORIENTED_EDGE('',*,*,#1971,.T.);
#3142=ORIENTED_EDGE('',*,*,#1974,.T.);
#3143=ORIENTED_EDGE('',*,*,#1977,.T.);
#3144=ORIENTED_EDGE('',*,*,#1980,.T.);
#3145=ORIENTED_EDGE('',*,*,#1983,.T.);
#3146=ORIENTED_EDGE('',*,*,#1986,.T.);
#3147=ORIENTED_EDGE('',*,*,#1989,.T.);
#3148=ORIENTED_EDGE('',*,*,#1752,.T.);
#3149=ORIENTED_EDGE('',*,*,#2193,.T.);
#3150=ORIENTED_EDGE('',*,*,#2191,.T.);
#3151=ORIENTED_EDGE('',*,*,#2189,.T.);
#3152=ORIENTED_EDGE('',*,*,#2185,.T.);
#3153=ORIENTED_EDGE('',*,*,#2188,.T.);
#3154=ORIENTED_EDGE('',*,*,#2196,.T.);
#3155=ORIENTED_EDGE('',*,*,#1802,.T.);
#3156=ORIENTED_EDGE('',*,*,#1798,.T.);
#3157=ORIENTED_EDGE('',*,*,#1796,.T.);
#3158=ORIENTED_EDGE('',*,*,#1794,.T.);
#3159=ORIENTED_EDGE('',*,*,#2198,.T.);
#3160=ORIENTED_EDGE('',*,*,#1787,.T.);
#3161=ORIENTED_EDGE('',*,*,#1790,.T.);
#3162=ORIENTED_EDGE('',*,*,#1792,.T.);
#3163=ORIENTED_EDGE('',*,*,#1801,.T.);
#3164=ORIENTED_EDGE('',*,*,#2195,.T.);
#3165=ORIENTED_EDGE('',*,*,#2182,.T.);
#3166=ORIENTED_EDGE('',*,*,#2180,.T.);
#3167=ORIENTED_EDGE('',*,*,#2178,.T.);
#3168=ORIENTED_EDGE('',*,*,#2176,.T.);
#3169=ORIENTED_EDGE('',*,*,#2174,.T.);
#3170=ORIENTED_EDGE('',*,*,#2172,.T.);
#3171=ORIENTED_EDGE('',*,*,#1747,.F.);
#3172=ORIENTED_EDGE('',*,*,#1744,.F.);
#3173=ORIENTED_EDGE('',*,*,#1740,.F.);
#3174=ORIENTED_EDGE('',*,*,#1736,.F.);
#3175=ORIENTED_EDGE('',*,*,#1738,.F.);
#3176=ORIENTED_EDGE('',*,*,#1838,.T.);
#3177=ORIENTED_EDGE('',*,*,#1839,.T.);
#3178=ORIENTED_EDGE('',*,*,#1843,.T.);
#3179=ORIENTED_EDGE('',*,*,#1844,.T.);
#3180=ORIENTED_EDGE('',*,*,#1848,.T.);
#3181=ORIENTED_EDGE('',*,*,#1849,.T.);
#3182=ORIENTED_EDGE('',*,*,#1853,.T.);
#3183=ORIENTED_EDGE('',*,*,#1854,.T.);
#3184=ORIENTED_EDGE('',*,*,#1733,.F.);
#3185=ORIENTED_EDGE('',*,*,#1730,.F.);
#3186=ORIENTED_EDGE('',*,*,#1726,.F.);
#3187=ORIENTED_EDGE('',*,*,#1755,.T.);
#3188=ORIENTED_EDGE('',*,*,#1863,.T.);
#3189=ORIENTED_EDGE('',*,*,#1859,.T.);
#3190=ORIENTED_EDGE('',*,*,#1862,.T.);
#3191=ORIENTED_EDGE('',*,*,#2197,.T.);
#3192=ORIENTED_EDGE('',*,*,#1869,.T.);
#3193=ORIENTED_EDGE('',*,*,#1867,.T.);
#3194=ORIENTED_EDGE('',*,*,#1865,.T.);
#3195=ORIENTED_EDGE('',*,*,#2194,.T.);
#3196=ORIENTED_EDGE('',*,*,#2093,.F.);
#3197=ORIENTED_EDGE('',*,*,#2152,.T.);
#3198=ORIENTED_EDGE('',*,*,#2001,.F.);
#3199=ORIENTED_EDGE('',*,*,#2199,.T.);
#3200=ORIENTED_EDGE('',*,*,#2090,.F.);
#3201=ORIENTED_EDGE('',*,*,#2199,.F.);
#3202=ORIENTED_EDGE('',*,*,#2000,.F.);
#3203=ORIENTED_EDGE('',*,*,#2200,.F.);
#3204=ORIENTED_EDGE('',*,*,#2075,.F.);
#3205=ORIENTED_EDGE('',*,*,#2201,.T.);
#3206=ORIENTED_EDGE('',*,*,#1995,.F.);
#3207=ORIENTED_EDGE('',*,*,#2202,.T.);
#3208=ORIENTED_EDGE('',*,*,#2072,.F.);
#3209=ORIENTED_EDGE('',*,*,#2202,.F.);
#3210=ORIENTED_EDGE('',*,*,#1994,.F.);
#3211=ORIENTED_EDGE('',*,*,#2203,.F.);
#3212=ORIENTED_EDGE('',*,*,#2069,.F.);
#3213=ORIENTED_EDGE('',*,*,#2203,.T.);
#3214=ORIENTED_EDGE('',*,*,#1993,.F.);
#3215=ORIENTED_EDGE('',*,*,#2204,.T.);
#3216=ORIENTED_EDGE('',*,*,#2066,.F.);
#3217=ORIENTED_EDGE('',*,*,#2204,.F.);
#3218=ORIENTED_EDGE('',*,*,#1992,.F.);
#3219=ORIENTED_EDGE('',*,*,#2205,.F.);
#3220=ORIENTED_EDGE('',*,*,#2063,.F.);
#3221=ORIENTED_EDGE('',*,*,#2205,.T.);
#3222=ORIENTED_EDGE('',*,*,#1991,.F.);
#3223=ORIENTED_EDGE('',*,*,#2206,.T.);
#3224=ORIENTED_EDGE('',*,*,#2060,.F.);
#3225=ORIENTED_EDGE('',*,*,#2206,.F.);
#3226=ORIENTED_EDGE('',*,*,#2030,.F.);
#3227=ORIENTED_EDGE('',*,*,#2207,.F.);
#3228=ORIENTED_EDGE('',*,*,#2057,.F.);
#3229=ORIENTED_EDGE('',*,*,#2207,.T.);
#3230=ORIENTED_EDGE('',*,*,#2029,.F.);
#3231=ORIENTED_EDGE('',*,*,#2208,.T.);
#3232=ORIENTED_EDGE('',*,*,#2054,.F.);
#3233=ORIENTED_EDGE('',*,*,#2208,.F.);
#3234=ORIENTED_EDGE('',*,*,#2028,.F.);
#3235=ORIENTED_EDGE('',*,*,#2209,.F.);
#3236=ORIENTED_EDGE('',*,*,#2051,.F.);
#3237=ORIENTED_EDGE('',*,*,#2209,.T.);
#3238=ORIENTED_EDGE('',*,*,#2027,.F.);
#3239=ORIENTED_EDGE('',*,*,#2210,.T.);
#3240=ORIENTED_EDGE('',*,*,#2048,.F.);
#3241=ORIENTED_EDGE('',*,*,#2210,.F.);
#3242=ORIENTED_EDGE('',*,*,#2026,.F.);
#3243=ORIENTED_EDGE('',*,*,#2211,.F.);
#3244=ORIENTED_EDGE('',*,*,#2045,.F.);
#3245=ORIENTED_EDGE('',*,*,#2211,.T.);
#3246=ORIENTED_EDGE('',*,*,#2025,.F.);
#3247=ORIENTED_EDGE('',*,*,#2212,.T.);
#3248=ORIENTED_EDGE('',*,*,#2042,.F.);
#3249=ORIENTED_EDGE('',*,*,#2212,.F.);
#3250=ORIENTED_EDGE('',*,*,#2024,.F.);
#3251=ORIENTED_EDGE('',*,*,#2213,.F.);
#3252=ORIENTED_EDGE('',*,*,#2039,.F.);
#3253=ORIENTED_EDGE('',*,*,#2213,.T.);
#3254=ORIENTED_EDGE('',*,*,#2023,.F.);
#3255=ORIENTED_EDGE('',*,*,#2214,.T.);
#3256=ORIENTED_EDGE('',*,*,#2036,.F.);
#3257=ORIENTED_EDGE('',*,*,#2214,.F.);
#3258=ORIENTED_EDGE('',*,*,#2022,.F.);
#3259=ORIENTED_EDGE('',*,*,#2171,.F.);
#3260=ORIENTED_EDGE('',*,*,#2078,.F.);
#3261=ORIENTED_EDGE('',*,*,#2215,.T.);
#3262=ORIENTED_EDGE('',*,*,#1996,.F.);
#3263=ORIENTED_EDGE('',*,*,#2201,.F.);
#3264=ORIENTED_EDGE('',*,*,#2081,.F.);
#3265=ORIENTED_EDGE('',*,*,#2216,.T.);
#3266=ORIENTED_EDGE('',*,*,#1997,.F.);
#3267=ORIENTED_EDGE('',*,*,#2215,.F.);
#3268=ORIENTED_EDGE('',*,*,#2087,.F.);
#3269=ORIENTED_EDGE('',*,*,#2200,.T.);
#3270=ORIENTED_EDGE('',*,*,#1999,.F.);
#3271=ORIENTED_EDGE('',*,*,#2217,.F.);
#3272=ORIENTED_EDGE('',*,*,#2084,.F.);
#3273=ORIENTED_EDGE('',*,*,#2217,.T.);
#3274=ORIENTED_EDGE('',*,*,#1998,.F.);
#3275=ORIENTED_EDGE('',*,*,#2216,.F.);
#3276=CYLINDRICAL_SURFACE('',#3599,3.5);
#3277=CYLINDRICAL_SURFACE('',#3607,3.5);
#3278=CYLINDRICAL_SURFACE('',#3615,3.5);
#3279=CYLINDRICAL_SURFACE('',#3623,3.50000000000001);
#3280=CYLINDRICAL_SURFACE('',#3631,3.5);
#3281=CYLINDRICAL_SURFACE('',#3643,7.5);
#3282=CYLINDRICAL_SURFACE('',#3647,7.5);
#3283=CYLINDRICAL_SURFACE('',#3650,2.1);
#3284=CYLINDRICAL_SURFACE('',#3652,2.1);
#3285=CYLINDRICAL_SURFACE('',#3654,7.5);
#3286=CYLINDRICAL_SURFACE('',#3658,7.5);
#3287=CYLINDRICAL_SURFACE('',#3661,10.5);
#3288=CYLINDRICAL_SURFACE('',#3679,7.);
#3289=CYLINDRICAL_SURFACE('',#3683,7.);
#3290=CYLINDRICAL_SURFACE('',#3688,2.99999999999998);
#3291=CYLINDRICAL_SURFACE('',#3692,2.99999999999999);
#3292=CYLINDRICAL_SURFACE('',#3696,2.99999999999998);
#3293=CYLINDRICAL_SURFACE('',#3700,2.99999999999999);
#3294=CYLINDRICAL_SURFACE('',#3710,2.);
#3295=CYLINDRICAL_SURFACE('',#3711,2.);
#3296=CYLINDRICAL_SURFACE('',#3712,2.);
#3297=CYLINDRICAL_SURFACE('',#3713,2.);
#3298=CYLINDRICAL_SURFACE('',#3714,2.);
#3299=CYLINDRICAL_SURFACE('',#3715,2.10000000000001);
#3300=CYLINDRICAL_SURFACE('',#3721,2.1);
#3301=CYLINDRICAL_SURFACE('',#3727,2.1);
#3302=CYLINDRICAL_SURFACE('',#3733,2.1);
#3303=CYLINDRICAL_SURFACE('',#3739,6.5);
#3304=CYLINDRICAL_SURFACE('',#3744,6.5);
#3305=CYLINDRICAL_SURFACE('',#3747,1.75);
#3306=CYLINDRICAL_SURFACE('',#3751,1.75);
#3307=CYLINDRICAL_SURFACE('',#3754,8.75);
#3308=CYLINDRICAL_SURFACE('',#3757,1.75);
#3309=CYLINDRICAL_SURFACE('',#3761,3.75);
#3310=CYLINDRICAL_SURFACE('',#3765,3.75);
#3311=CYLINDRICAL_SURFACE('',#3769,1.75);
#3312=CYLINDRICAL_SURFACE('',#3772,8.75);
#3313=CYLINDRICAL_SURFACE('',#3775,1.75);
#3314=CYLINDRICAL_SURFACE('',#3779,1.75);
#3315=CYLINDRICAL_SURFACE('',#3782,8.75);
#3316=CYLINDRICAL_SURFACE('',#3785,1.75);
#3317=CYLINDRICAL_SURFACE('',#3789,1.75);
#3318=CYLINDRICAL_SURFACE('',#3792,8.75);
#3319=CYLINDRICAL_SURFACE('',#3795,1.75);
#3320=CYLINDRICAL_SURFACE('',#3799,1.75);
#3321=CYLINDRICAL_SURFACE('',#3802,8.75);
#3322=CYLINDRICAL_SURFACE('',#3805,1.75);
#3323=CYLINDRICAL_SURFACE('',#3809,3.74999999999999);
#3324=CYLINDRICAL_SURFACE('',#3813,3.74999999999997);
#3325=CYLINDRICAL_SURFACE('',#3817,1.75);
#3326=CYLINDRICAL_SURFACE('',#3820,8.75);
#3327=CYLINDRICAL_SURFACE('',#3823,1.75);
#3328=CYLINDRICAL_SURFACE('',#3827,1.75);
#3329=CYLINDRICAL_SURFACE('',#3830,8.75);
#3330=CYLINDRICAL_SURFACE('',#3833,1.75);
#3331=CYLINDRICAL_SURFACE('',#3837,1.75);
#3332=CYLINDRICAL_SURFACE('',#3840,8.75);
#3333=CYLINDRICAL_SURFACE('',#3885,1.);
#3334=CYLINDRICAL_SURFACE('',#3899,1.);
#3335=CYLINDRICAL_SURFACE('',#3913,1.);
#3336=CYLINDRICAL_SURFACE('',#3927,1.);
#3337=CYLINDRICAL_SURFACE('',#3933,1.);
#3338=CYLINDRICAL_SURFACE('',#3939,1.);
#3339=CYLINDRICAL_SURFACE('',#3953,1.);
#3340=CYLINDRICAL_SURFACE('',#3967,1.);
#3341=CYLINDRICAL_SURFACE('',#3981,1.);
#3342=CYLINDRICAL_SURFACE('',#3995,1.);
#3343=CYLINDRICAL_SURFACE('',#4001,1.);
#3344=CYLINDRICAL_SURFACE('',#4007,1.);
#3345=CYLINDRICAL_SURFACE('',#4008,7.5);
#3346=CYLINDRICAL_SURFACE('',#4009,3.);
#3347=CYLINDRICAL_SURFACE('',#4011,3.);
#3348=CYLINDRICAL_SURFACE('',#4012,7.5);
#3349=CYLINDRICAL_SURFACE('',#4013,3.);
#3350=CYLINDRICAL_SURFACE('',#4015,3.);
#3351=CYLINDRICAL_SURFACE('',#4016,7.5);
#3352=CYLINDRICAL_SURFACE('',#4017,3.);
#3353=CYLINDRICAL_SURFACE('',#4019,3.);
#3354=CYLINDRICAL_SURFACE('',#4020,7.5);
#3355=CYLINDRICAL_SURFACE('',#4021,3.);
#3356=CYLINDRICAL_SURFACE('',#4023,4.99999999999999);
#3357=CYLINDRICAL_SURFACE('',#4025,4.99999999999997);
#3358=CYLINDRICAL_SURFACE('',#4027,3.);
#3359=CYLINDRICAL_SURFACE('',#4029,10.5);
#3360=CYLINDRICAL_SURFACE('',#4032,10.5);
#3361=CYLINDRICAL_SURFACE('',#4035,10.5);
#3362=CYLINDRICAL_SURFACE('',#4038,10.5);
#3363=CYLINDRICAL_SURFACE('',#4042,10.5);
#3364=CYLINDRICAL_SURFACE('',#4046,10.5);
#3365=CYLINDRICAL_SURFACE('',#4048,10.5);
#3366=CYLINDRICAL_SURFACE('',#4053,3.);
#3367=CYLINDRICAL_SURFACE('',#4055,3.);
#3368=CYLINDRICAL_SURFACE('',#4056,7.5);
#3369=CYLINDRICAL_SURFACE('',#4057,3.);
#3370=CYLINDRICAL_SURFACE('',#4059,3.);
#3371=CYLINDRICAL_SURFACE('',#4060,7.5);
#3372=CYLINDRICAL_SURFACE('',#4061,3.);
#3373=CYLINDRICAL_SURFACE('',#4063,3.);
#3374=CYLINDRICAL_SURFACE('',#4064,7.5);
#3375=CYLINDRICAL_SURFACE('',#4065,3.);
#3376=CYLINDRICAL_SURFACE('',#4067,3.);
#3377=CYLINDRICAL_SURFACE('',#4068,7.5);
#3378=CYLINDRICAL_SURFACE('',#4070,5.);
#3379=CYLINDRICAL_SURFACE('',#4071,5.);
#3380=ADVANCED_FACE('',(#136),#3276,.T.);
#3381=ADVANCED_FACE('',(#137,#44),#69,.T.);
#3382=ADVANCED_FACE('',(#138),#3277,.T.);
#3383=ADVANCED_FACE('',(#139,#45),#70,.T.);
#3384=ADVANCED_FACE('',(#140),#3278,.T.);
#3385=ADVANCED_FACE('',(#141,#46),#71,.T.);
#3386=ADVANCED_FACE('',(#142),#3279,.T.);
#3387=ADVANCED_FACE('',(#143,#47),#72,.T.);
#3388=ADVANCED_FACE('',(#144),#3280,.T.);
#3389=ADVANCED_FACE('',(#145,#48),#73,.T.);
#3390=ADVANCED_FACE('',(#146),#74,.T.);
#3391=ADVANCED_FACE('',(#147),#75,.T.);
#3392=ADVANCED_FACE('',(#148),#3281,.T.);
#3393=ADVANCED_FACE('',(#149),#76,.T.);
#3394=ADVANCED_FACE('',(#150),#3282,.T.);
#3395=ADVANCED_FACE('',(#151),#3283,.F.);
#3396=ADVANCED_FACE('',(#152),#3284,.F.);
#3397=ADVANCED_FACE('',(#153),#3285,.T.);
#3398=ADVANCED_FACE('',(#154),#77,.T.);
#3399=ADVANCED_FACE('',(#155),#3286,.T.);
#3400=ADVANCED_FACE('',(#156),#3287,.T.);
#3401=ADVANCED_FACE('',(#157),#78,.F.);
#3402=ADVANCED_FACE('',(#158,#49,#50,#51,#52,#53),#79,.T.);
#3403=ADVANCED_FACE('',(#159),#80,.T.);
#3404=ADVANCED_FACE('',(#160),#81,.T.);
#3405=ADVANCED_FACE('',(#161),#3288,.T.);
#3406=ADVANCED_FACE('',(#162),#82,.T.);
#3407=ADVANCED_FACE('',(#163),#83,.T.);
#3408=ADVANCED_FACE('',(#164),#3289,.T.);
#3409=ADVANCED_FACE('',(#165),#84,.T.);
#3410=ADVANCED_FACE('',(#166),#85,.F.);
#3411=ADVANCED_FACE('',(#167),#86,.F.);
#3412=ADVANCED_FACE('',(#168),#3290,.F.);
#3413=ADVANCED_FACE('',(#169),#87,.F.);
#3414=ADVANCED_FACE('',(#170),#3291,.F.);
#3415=ADVANCED_FACE('',(#171),#88,.F.);
#3416=ADVANCED_FACE('',(#172),#3292,.F.);
#3417=ADVANCED_FACE('',(#173),#89,.F.);
#3418=ADVANCED_FACE('',(#174),#3293,.F.);
#3419=ADVANCED_FACE('',(#175),#90,.F.);
#3420=ADVANCED_FACE('',(#176,#54,#55,#56,#57,#58),#91,.T.);
#3421=ADVANCED_FACE('',(#177),#3294,.F.);
#3422=ADVANCED_FACE('',(#178),#3295,.F.);
#3423=ADVANCED_FACE('',(#179),#3296,.F.);
#3424=ADVANCED_FACE('',(#180),#3297,.F.);
#3425=ADVANCED_FACE('',(#181),#3298,.F.);
#3426=ADVANCED_FACE('',(#182),#3299,.F.);
#3427=ADVANCED_FACE('',(#183),#92,.T.);
#3428=ADVANCED_FACE('',(#184),#3300,.F.);
#3429=ADVANCED_FACE('',(#185),#93,.T.);
#3430=ADVANCED_FACE('',(#186),#3301,.F.);
#3431=ADVANCED_FACE('',(#187),#94,.T.);
#3432=ADVANCED_FACE('',(#188),#3302,.F.);
#3433=ADVANCED_FACE('',(#189),#95,.T.);
#3434=ADVANCED_FACE('',(#190),#3303,.T.);
#3435=ADVANCED_FACE('',(#191),#96,.T.);
#3436=ADVANCED_FACE('',(#192),#97,.T.);
#3437=ADVANCED_FACE('',(#193),#98,.T.);
#3438=ADVANCED_FACE('',(#194),#3304,.T.);
#3439=ADVANCED_FACE('',(#195),#99,.T.);
#3440=ADVANCED_FACE('',(#196),#3305,.F.);
#3441=ADVANCED_FACE('',(#197),#100,.T.);
#3442=ADVANCED_FACE('',(#198),#3306,.F.);
#3443=ADVANCED_FACE('',(#199),#3307,.T.);
#3444=ADVANCED_FACE('',(#200),#3308,.F.);
#3445=ADVANCED_FACE('',(#201),#101,.T.);
#3446=ADVANCED_FACE('',(#202),#3309,.F.);
#3447=ADVANCED_FACE('',(#203),#102,.T.);
#3448=ADVANCED_FACE('',(#204),#3310,.F.);
#3449=ADVANCED_FACE('',(#205),#103,.T.);
#3450=ADVANCED_FACE('',(#206),#3311,.F.);
#3451=ADVANCED_FACE('',(#207),#3312,.T.);
#3452=ADVANCED_FACE('',(#208),#3313,.F.);
#3453=ADVANCED_FACE('',(#209),#104,.T.);
#3454=ADVANCED_FACE('',(#210),#3314,.F.);
#3455=ADVANCED_FACE('',(#211),#3315,.T.);
#3456=ADVANCED_FACE('',(#212),#3316,.F.);
#3457=ADVANCED_FACE('',(#213),#105,.T.);
#3458=ADVANCED_FACE('',(#214),#3317,.F.);
#3459=ADVANCED_FACE('',(#215),#3318,.T.);
#3460=ADVANCED_FACE('',(#216),#3319,.F.);
#3461=ADVANCED_FACE('',(#217),#106,.T.);
#3462=ADVANCED_FACE('',(#218),#3320,.F.);
#3463=ADVANCED_FACE('',(#219),#3321,.T.);
#3464=ADVANCED_FACE('',(#220),#3322,.F.);
#3465=ADVANCED_FACE('',(#221),#107,.T.);
#3466=ADVANCED_FACE('',(#222),#3323,.F.);
#3467=ADVANCED_FACE('',(#223),#108,.T.);
#3468=ADVANCED_FACE('',(#224),#3324,.F.);
#3469=ADVANCED_FACE('',(#225),#109,.T.);
#3470=ADVANCED_FACE('',(#226),#3325,.F.);
#3471=ADVANCED_FACE('',(#227),#3326,.T.);
#3472=ADVANCED_FACE('',(#228),#3327,.F.);
#3473=ADVANCED_FACE('',(#229),#110,.T.);
#3474=ADVANCED_FACE('',(#230),#3328,.F.);
#3475=ADVANCED_FACE('',(#231),#3329,.T.);
#3476=ADVANCED_FACE('',(#232),#3330,.F.);
#3477=ADVANCED_FACE('',(#233),#111,.T.);
#3478=ADVANCED_FACE('',(#234),#3331,.F.);
#3479=ADVANCED_FACE('',(#235),#3332,.T.);
#3480=ADVANCED_FACE('',(#236,#59),#112,.T.);
#3481=ADVANCED_FACE('',(#237),#14,.T.);
#3482=ADVANCED_FACE('',(#238),#15,.T.);
#3483=ADVANCED_FACE('',(#239),#16,.T.);
#3484=ADVANCED_FACE('',(#240),#3333,.T.);
#3485=ADVANCED_FACE('',(#241),#17,.T.);
#3486=ADVANCED_FACE('',(#242),#18,.T.);
#3487=ADVANCED_FACE('',(#243),#19,.T.);
#3488=ADVANCED_FACE('',(#244),#3334,.T.);
#3489=ADVANCED_FACE('',(#245),#20,.T.);
#3490=ADVANCED_FACE('',(#246),#21,.T.);
#3491=ADVANCED_FACE('',(#247),#22,.T.);
#3492=ADVANCED_FACE('',(#248),#3335,.T.);
#3493=ADVANCED_FACE('',(#249),#23,.T.);
#3494=ADVANCED_FACE('',(#250),#24,.T.);
#3495=ADVANCED_FACE('',(#251),#25,.T.);
#3496=ADVANCED_FACE('',(#252),#3336,.T.);
#3497=ADVANCED_FACE('',(#253),#26,.T.);
#3498=ADVANCED_FACE('',(#254),#3337,.T.);
#3499=ADVANCED_FACE('',(#255),#27,.T.);
#3500=ADVANCED_FACE('',(#256),#3338,.T.);
#3501=ADVANCED_FACE('',(#257),#28,.T.);
#3502=ADVANCED_FACE('',(#258),#29,.T.);
#3503=ADVANCED_FACE('',(#259),#30,.T.);
#3504=ADVANCED_FACE('',(#260),#3339,.T.);
#3505=ADVANCED_FACE('',(#261),#31,.T.);
#3506=ADVANCED_FACE('',(#262),#32,.T.);
#3507=ADVANCED_FACE('',(#263),#33,.T.);
#3508=ADVANCED_FACE('',(#264),#3340,.T.);
#3509=ADVANCED_FACE('',(#265),#34,.T.);
#3510=ADVANCED_FACE('',(#266),#35,.T.);
#3511=ADVANCED_FACE('',(#267),#36,.T.);
#3512=ADVANCED_FACE('',(#268),#3341,.T.);
#3513=ADVANCED_FACE('',(#269),#37,.T.);
#3514=ADVANCED_FACE('',(#270),#38,.T.);
#3515=ADVANCED_FACE('',(#271),#39,.T.);
#3516=ADVANCED_FACE('',(#272),#3342,.T.);
#3517=ADVANCED_FACE('',(#273),#40,.T.);
#3518=ADVANCED_FACE('',(#274),#3343,.T.);
#3519=ADVANCED_FACE('',(#275),#41,.T.);
#3520=ADVANCED_FACE('',(#276),#3344,.T.);
#3521=ADVANCED_FACE('',(#277),#3345,.F.);
#3522=ADVANCED_FACE('',(#278),#3346,.T.);
#3523=ADVANCED_FACE('',(#279),#113,.T.);
#3524=ADVANCED_FACE('',(#280),#3347,.T.);
#3525=ADVANCED_FACE('',(#281),#3348,.F.);
#3526=ADVANCED_FACE('',(#282),#3349,.T.);
#3527=ADVANCED_FACE('',(#283),#114,.T.);
#3528=ADVANCED_FACE('',(#284),#3350,.T.);
#3529=ADVANCED_FACE('',(#285),#3351,.F.);
#3530=ADVANCED_FACE('',(#286),#3352,.T.);
#3531=ADVANCED_FACE('',(#287),#115,.T.);
#3532=ADVANCED_FACE('',(#288),#3353,.T.);
#3533=ADVANCED_FACE('',(#289),#3354,.F.);
#3534=ADVANCED_FACE('',(#290),#3355,.T.);
#3535=ADVANCED_FACE('',(#291),#116,.T.);
#3536=ADVANCED_FACE('',(#292),#3356,.T.);
#3537=ADVANCED_FACE('',(#293),#117,.T.);
#3538=ADVANCED_FACE('',(#294),#3357,.T.);
#3539=ADVANCED_FACE('',(#295),#118,.T.);
#3540=ADVANCED_FACE('',(#296),#3358,.T.);
#3541=ADVANCED_FACE('',(#297,#60),#119,.F.);
#3542=ADVANCED_FACE('',(#298),#3359,.T.);
#3543=ADVANCED_FACE('',(#299),#120,.F.);
#3544=ADVANCED_FACE('',(#300),#3360,.T.);
#3545=ADVANCED_FACE('',(#301),#121,.F.);
#3546=ADVANCED_FACE('',(#302),#3361,.T.);
#3547=ADVANCED_FACE('',(#303),#122,.F.);
#3548=ADVANCED_FACE('',(#304),#3362,.T.);
#3549=ADVANCED_FACE('',(#305),#123,.F.);
#3550=ADVANCED_FACE('',(#306),#124,.F.);
#3551=ADVANCED_FACE('',(#307),#3363,.T.);
#3552=ADVANCED_FACE('',(#308),#125,.F.);
#3553=ADVANCED_FACE('',(#309),#126,.F.);
#3554=ADVANCED_FACE('',(#310),#3364,.T.);
#3555=ADVANCED_FACE('',(#311),#3365,.T.);
#3556=ADVANCED_FACE('',(#312),#127,.F.);
#3557=ADVANCED_FACE('',(#313),#128,.F.);
#3558=ADVANCED_FACE('',(#314,#61,#62,#63,#64,#65,#66,#67,#68),#129,.T.);
#3559=ADVANCED_FACE('',(#315),#3366,.T.);
#3560=ADVANCED_FACE('',(#316),#130,.T.);
#3561=ADVANCED_FACE('',(#317),#3367,.T.);
#3562=ADVANCED_FACE('',(#318),#3368,.F.);
#3563=ADVANCED_FACE('',(#319),#3369,.T.);
#3564=ADVANCED_FACE('',(#320),#131,.T.);
#3565=ADVANCED_FACE('',(#321),#3370,.T.);
#3566=ADVANCED_FACE('',(#322),#3371,.F.);
#3567=ADVANCED_FACE('',(#323),#3372,.T.);
#3568=ADVANCED_FACE('',(#324),#132,.T.);
#3569=ADVANCED_FACE('',(#325),#3373,.T.);
#3570=ADVANCED_FACE('',(#326),#3374,.F.);
#3571=ADVANCED_FACE('',(#327),#3375,.T.);
#3572=ADVANCED_FACE('',(#328),#133,.T.);
#3573=ADVANCED_FACE('',(#329),#3376,.T.);
#3574=ADVANCED_FACE('',(#330),#3377,.F.);
#3575=ADVANCED_FACE('',(#331),#134,.T.);
#3576=ADVANCED_FACE('',(#332),#3378,.T.);
#3577=ADVANCED_FACE('',(#333),#3379,.T.);
#3578=ADVANCED_FACE('',(#334),#135,.T.);
#3579=CLOSED_SHELL('',(#3380,#3381,#3382,#3383,#3384,#3385,#3386,#3387,
#3388,#3389,#3390,#3391,#3392,#3393,#3394,#3395,#3396,#3397,#3398,#3399,
#3400,#3401,#3402,#3403,#3404,#3405,#3406,#3407,#3408,#3409,#3410,#3411,
#3412,#3413,#3414,#3415,#3416,#3417,#3418,#3419,#3420,#3421,#3422,#3423,
#3424,#3425,#3426,#3427,#3428,#3429,#3430,#3431,#3432,#3433,#3434,#3435,
#3436,#3437,#3438,#3439,#3440,#3441,#3442,#3443,#3444,#3445,#3446,#3447,
#3448,#3449,#3450,#3451,#3452,#3453,#3454,#3455,#3456,#3457,#3458,#3459,
#3460,#3461,#3462,#3463,#3464,#3465,#3466,#3467,#3468,#3469,#3470,#3471,
#3472,#3473,#3474,#3475,#3476,#3477,#3478,#3479,#3480,#3481,#3482,#3483,
#3484,#3485,#3486,#3487,#3488,#3489,#3490,#3491,#3492,#3493,#3494,#3495,
#3496,#3497,#3498,#3499,#3500,#3501,#3502,#3503,#3504,#3505,#3506,#3507,
#3508,#3509,#3510,#3511,#3512,#3513,#3514,#3515,#3516,#3517,#3518,#3519,
#3520,#3521,#3522,#3523,#3524,#3525,#3526,#3527,#3528,#3529,#3530,#3531,
#3532,#3533,#3534,#3535,#3536,#3537,#3538,#3539,#3540,#3541,#3542,#3543,
#3544,#3545,#3546,#3547,#3548,#3549,#3550,#3551,#3552,#3553,#3554,#3555,
#3556,#3557,#3558,#3559,#3560,#3561,#3562,#3563,#3564,#3565,#3566,#3567,
#3568,#3569,#3570,#3571,#3572,#3573,#3574,#3575,#3576,#3577,#3578));
#3580=DERIVED_UNIT_ELEMENT(#3582,1.);
#3581=DERIVED_UNIT_ELEMENT(#6358,3.);
#3582=(
MASS_UNIT()
NAMED_UNIT(*)
SI_UNIT($,.GRAM.)
);
#3583=DERIVED_UNIT((#3580,#3581));
#3584=MEASURE_REPRESENTATION_ITEM('density measure',
POSITIVE_RATIO_MEASURE(1.06),#3583);
#3585=PROPERTY_DEFINITION_REPRESENTATION(#3590,#3587);
#3586=PROPERTY_DEFINITION_REPRESENTATION(#3591,#3588);
#3587=REPRESENTATION('material name',(#3589),#6355);
#3588=REPRESENTATION('density',(#3584),#6355);
#3589=DESCRIPTIVE_REPRESENTATION_ITEM('ABS Plastic','ABS Plastic');
#3590=PROPERTY_DEFINITION('material property','material name',#6365);
#3591=PROPERTY_DEFINITION('material property','density of part',#6365);
#3592=DATE_TIME_ROLE('creation_date');
#3593=APPLIED_DATE_AND_TIME_ASSIGNMENT(#3594,#3592,(#6365));
#3594=DATE_AND_TIME(#3595,#3596);
#3595=CALENDAR_DATE(2026,25,6);
#3596=LOCAL_TIME(2,50,34.,#3597);
#3597=COORDINATED_UNIVERSAL_TIME_OFFSET(0,0,.BEHIND.);
#3598=AXIS2_PLACEMENT_3D('placement',#5277,#4073,#4074);
#3599=AXIS2_PLACEMENT_3D('',#5278,#4075,#4076);
#3600=AXIS2_PLACEMENT_3D('',#5281,#4077,#4078);
#3601=AXIS2_PLACEMENT_3D('',#5282,#4079,#4080);
#3602=AXIS2_PLACEMENT_3D('',#5286,#4082,#4083);
#3603=AXIS2_PLACEMENT_3D('',#5287,#4084,#4085);
#3604=AXIS2_PLACEMENT_3D('',#5288,#4086,#4087);
#3605=AXIS2_PLACEMENT_3D('',#5291,#4088,#4089);
#3606=AXIS2_PLACEMENT_3D('',#5292,#4090,#4091);
#3607=AXIS2_PLACEMENT_3D('',#5293,#4092,#4093);
#3608=AXIS2_PLACEMENT_3D('',#5296,#4094,#4095);
#3609=AXIS2_PLACEMENT_3D('',#5297,#4096,#4097);
#3610=AXIS2_PLACEMENT_3D('',#5301,#4099,#4100);
#3611=AXIS2_PLACEMENT_3D('',#5302,#4101,#4102);
#3612=AXIS2_PLACEMENT_3D('',#5303,#4103,#4104);
#3613=AXIS2_PLACEMENT_3D('',#5306,#4105,#4106);
#3614=AXIS2_PLACEMENT_3D('',#5307,#4107,#4108);
#3615=AXIS2_PLACEMENT_3D('',#5308,#4109,#4110);
#3616=AXIS2_PLACEMENT_3D('',#5311,#4111,#4112);
#3617=AXIS2_PLACEMENT_3D('',#5312,#4113,#4114);
#3618=AXIS2_PLACEMENT_3D('',#5316,#4116,#4117);
#3619=AXIS2_PLACEMENT_3D('',#5317,#4118,#4119);
#3620=AXIS2_PLACEMENT_3D('',#5318,#4120,#4121);
#3621=AXIS2_PLACEMENT_3D('',#5321,#4122,#4123);
#3622=AXIS2_PLACEMENT_3D('',#5322,#4124,#4125);
#3623=AXIS2_PLACEMENT_3D('',#5323,#4126,#4127);
#3624=AXIS2_PLACEMENT_3D('',#5326,#4128,#4129);
#3625=AXIS2_PLACEMENT_3D('',#5327,#4130,#4131);
#3626=AXIS2_PLACEMENT_3D('',#5331,#4133,#4134);
#3627=AXIS2_PLACEMENT_3D('',#5332,#4135,#4136);
#3628=AXIS2_PLACEMENT_3D('',#5333,#4137,#4138);
#3629=AXIS2_PLACEMENT_3D('',#5336,#4139,#4140);
#3630=AXIS2_PLACEMENT_3D('',#5337,#4141,#4142);
#3631=AXIS2_PLACEMENT_3D('',#5338,#4143,#4144);
#3632=AXIS2_PLACEMENT_3D('',#5341,#4145,#4146);
#3633=AXIS2_PLACEMENT_3D('',#5342,#4147,#4148);
#3634=AXIS2_PLACEMENT_3D('',#5346,#4150,#4151);
#3635=AXIS2_PLACEMENT_3D('',#5347,#4152,#4153);
#3636=AXIS2_PLACEMENT_3D('',#5348,#4154,#4155);
#3637=AXIS2_PLACEMENT_3D('',#5351,#4156,#4157);
#3638=AXIS2_PLACEMENT_3D('',#5352,#4158,#4159);
#3639=AXIS2_PLACEMENT_3D('',#5353,#4160,#4161);
#3640=AXIS2_PLACEMENT_3D('',#5355,#4162,#4163);
#3641=AXIS2_PLACEMENT_3D('',#5356,#4164,#4165);
#3642=AXIS2_PLACEMENT_3D('',#5358,#4166,#4167);
#3643=AXIS2_PLACEMENT_3D('',#5359,#4168,#4169);
#3644=AXIS2_PLACEMENT_3D('',#5362,#4170,#4171);
#3645=AXIS2_PLACEMENT_3D('',#5366,#4173,#4174);
#3646=AXIS2_PLACEMENT_3D('',#5368,#4176,#4177);
#3647=AXIS2_PLACEMENT_3D('',#5374,#4181,#4182);
#3648=AXIS2_PLACEMENT_3D('',#5376,#4183,#4184);
#3649=AXIS2_PLACEMENT_3D('',#5379,#4186,#4187);
#3650=AXIS2_PLACEMENT_3D('',#5380,#4188,#4189);
#3651=AXIS2_PLACEMENT_3D('',#5382,#4190,#4191);
#3652=AXIS2_PLACEMENT_3D('',#5384,#4193,#4194);
#3653=AXIS2_PLACEMENT_3D('',#5386,#4195,#4196);
#3654=AXIS2_PLACEMENT_3D('',#5388,#4198,#4199);
#3655=AXIS2_PLACEMENT_3D('',#5391,#4200,#4201);
#3656=AXIS2_PLACEMENT_3D('',#5395,#4203,#4204);
#3657=AXIS2_PLACEMENT_3D('',#5397,#4206,#4207);
#3658=AXIS2_PLACEMENT_3D('',#5403,#4211,#4212);
#3659=AXIS2_PLACEMENT_3D('',#5405,#4213,#4214);
#3660=AXIS2_PLACEMENT_3D('',#5408,#4216,#4217);
#3661=AXIS2_PLACEMENT_3D('',#5409,#4218,#4219);
#3662=AXIS2_PLACEMENT_3D('',#5411,#4220,#4221);
#3663=AXIS2_PLACEMENT_3D('',#5414,#4223,#4224);
#3664=AXIS2_PLACEMENT_3D('',#5415,#4225,#4226);
#3665=AXIS2_PLACEMENT_3D('',#5421,#4230,#4231);
#3666=AXIS2_PLACEMENT_3D('',#5427,#4234,#4235);
#3667=AXIS2_PLACEMENT_3D('',#5435,#4239,#4240);
#3668=AXIS2_PLACEMENT_3D('',#5437,#4242,#4243);
#3669=AXIS2_PLACEMENT_3D('',#5439,#4244,#4245);
#3670=AXIS2_PLACEMENT_3D('',#5443,#4247,#4248);
#3671=AXIS2_PLACEMENT_3D('',#5447,#4250,#4251);
#3672=AXIS2_PLACEMENT_3D('',#5451,#4253,#4254);
#3673=AXIS2_PLACEMENT_3D('',#5457,#4257,#4258);
#3674=AXIS2_PLACEMENT_3D('',#5465,#4262,#4263);
#3675=AXIS2_PLACEMENT_3D('',#5471,#4266,#4267);
#3676=AXIS2_PLACEMENT_3D('',#5475,#4269,#4270);
#3677=AXIS2_PLACEMENT_3D('',#5479,#4272,#4273);
#3678=AXIS2_PLACEMENT_3D('',#5481,#4275,#4276);
#3679=AXIS2_PLACEMENT_3D('',#5487,#4280,#4281);
#3680=AXIS2_PLACEMENT_3D('',#5490,#4283,#4284);
#3681=AXIS2_PLACEMENT_3D('',#5491,#4285,#4286);
#3682=AXIS2_PLACEMENT_3D('',#5495,#4289,#4290);
#3683=AXIS2_PLACEMENT_3D('',#5501,#4294,#4295);
#3684=AXIS2_PLACEMENT_3D('',#5503,#4296,#4297);
#3685=AXIS2_PLACEMENT_3D('',#5505,#4299,#4300);
#3686=AXIS2_PLACEMENT_3D('',#5509,#4303,#4304);
#3687=AXIS2_PLACEMENT_3D('',#5513,#4307,#4308);
#3688=AXIS2_PLACEMENT_3D('',#5517,#4311,#4312);
#3689=AXIS2_PLACEMENT_3D('',#5520,#4313,#4314);
#3690=AXIS2_PLACEMENT_3D('',#5524,#4316,#4317);
#3691=AXIS2_PLACEMENT_3D('',#5526,#4319,#4320);
#3692=AXIS2_PLACEMENT_3D('',#5532,#4324,#4325);
#3693=AXIS2_PLACEMENT_3D('',#5534,#4326,#4327);
#3694=AXIS2_PLACEMENT_3D('',#5537,#4329,#4330);
#3695=AXIS2_PLACEMENT_3D('',#5538,#4331,#4332);
#3696=AXIS2_PLACEMENT_3D('',#5544,#4336,#4337);
#3697=AXIS2_PLACEMENT_3D('',#5546,#4338,#4339);
#3698=AXIS2_PLACEMENT_3D('',#5549,#4341,#4342);
#3699=AXIS2_PLACEMENT_3D('',#5550,#4343,#4344);
#3700=AXIS2_PLACEMENT_3D('',#5556,#4348,#4349);
#3701=AXIS2_PLACEMENT_3D('',#5558,#4350,#4351);
#3702=AXIS2_PLACEMENT_3D('',#5561,#4353,#4354);
#3703=AXIS2_PLACEMENT_3D('',#5562,#4355,#4356);
#3704=AXIS2_PLACEMENT_3D('',#5565,#4359,#4360);
#3705=AXIS2_PLACEMENT_3D('',#5567,#4361,#4362);
#3706=AXIS2_PLACEMENT_3D('',#5569,#4363,#4364);
#3707=AXIS2_PLACEMENT_3D('',#5571,#4365,#4366);
#3708=AXIS2_PLACEMENT_3D('',#5573,#4367,#4368);
#3709=AXIS2_PLACEMENT_3D('',#5575,#4369,#4370);
#3710=AXIS2_PLACEMENT_3D('',#5576,#4371,#4372);
#3711=AXIS2_PLACEMENT_3D('',#5578,#4374,#4375);
#3712=AXIS2_PLACEMENT_3D('',#5580,#4377,#4378);
#3713=AXIS2_PLACEMENT_3D('',#5582,#4380,#4381);
#3714=AXIS2_PLACEMENT_3D('',#5584,#4383,#4384);
#3715=AXIS2_PLACEMENT_3D('',#5586,#4386,#4387);
#3716=AXIS2_PLACEMENT_3D('',#5589,#4388,#4389);
#3717=AXIS2_PLACEMENT_3D('',#5590,#4390,#4391);
#3718=AXIS2_PLACEMENT_3D('',#5594,#4393,#4394);
#3719=AXIS2_PLACEMENT_3D('',#5595,#4395,#4396);
#3720=AXIS2_PLACEMENT_3D('',#5596,#4397,#4398);
#3721=AXIS2_PLACEMENT_3D('',#5597,#4399,#4400);
#3722=AXIS2_PLACEMENT_3D('',#5600,#4401,#4402);
#3723=AXIS2_PLACEMENT_3D('',#5601,#4403,#4404);
#3724=AXIS2_PLACEMENT_3D('',#5605,#4406,#4407);
#3725=AXIS2_PLACEMENT_3D('',#5606,#4408,#4409);
#3726=AXIS2_PLACEMENT_3D('',#5607,#4410,#4411);
#3727=AXIS2_PLACEMENT_3D('',#5608,#4412,#4413);
#3728=AXIS2_PLACEMENT_3D('',#5611,#4414,#4415);
#3729=AXIS2_PLACEMENT_3D('',#5612,#4416,#4417);
#3730=AXIS2_PLACEMENT_3D('',#5616,#4419,#4420);
#3731=AXIS2_PLACEMENT_3D('',#5617,#4421,#4422);
#3732=AXIS2_PLACEMENT_3D('',#5618,#4423,#4424);
#3733=AXIS2_PLACEMENT_3D('',#5619,#4425,#4426);
#3734=AXIS2_PLACEMENT_3D('',#5622,#4427,#4428);
#3735=AXIS2_PLACEMENT_3D('',#5623,#4429,#4430);
#3736=AXIS2_PLACEMENT_3D('',#5627,#4432,#4433);
#3737=AXIS2_PLACEMENT_3D('',#5628,#4434,#4435);
#3738=AXIS2_PLACEMENT_3D('',#5629,#4436,#4437);
#3739=AXIS2_PLACEMENT_3D('',#5630,#4438,#4439);
#3740=AXIS2_PLACEMENT_3D('',#5634,#4441,#4442);
#3741=AXIS2_PLACEMENT_3D('',#5636,#4444,#4445);
#3742=AXIS2_PLACEMENT_3D('',#5640,#4448,#4449);
#3743=AXIS2_PLACEMENT_3D('',#5642,#4451,#4452);
#3744=AXIS2_PLACEMENT_3D('',#5648,#4456,#4457);
#3745=AXIS2_PLACEMENT_3D('',#5650,#4458,#4459);
#3746=AXIS2_PLACEMENT_3D('',#5652,#4461,#4462);
#3747=AXIS2_PLACEMENT_3D('',#5656,#4465,#4466);
#3748=AXIS2_PLACEMENT_3D('',#5659,#4467,#4468);
#3749=AXIS2_PLACEMENT_3D('',#5663,#4470,#4471);
#3750=AXIS2_PLACEMENT_3D('',#5665,#4473,#4474);
#3751=AXIS2_PLACEMENT_3D('',#5671,#4478,#4479);
#3752=AXIS2_PLACEMENT_3D('',#5673,#4480,#4481);
#3753=AXIS2_PLACEMENT_3D('',#5675,#4482,#4483);
#3754=AXIS2_PLACEMENT_3D('',#5677,#4485,#4486);
#3755=AXIS2_PLACEMENT_3D('',#5679,#4487,#4488);
#3756=AXIS2_PLACEMENT_3D('',#5681,#4489,#4490);
#3757=AXIS2_PLACEMENT_3D('',#5683,#4492,#4493);
#3758=AXIS2_PLACEMENT_3D('',#5685,#4494,#4495);
#3759=AXIS2_PLACEMENT_3D('',#5687,#4496,#4497);
#3760=AXIS2_PLACEMENT_3D('',#5689,#4499,#4500);
#3761=AXIS2_PLACEMENT_3D('',#5695,#4504,#4505);
#3762=AXIS2_PLACEMENT_3D('',#5697,#4506,#4507);
#3763=AXIS2_PLACEMENT_3D('',#5699,#4508,#4509);
#3764=AXIS2_PLACEMENT_3D('',#5701,#4511,#4512);
#3765=AXIS2_PLACEMENT_3D('',#5707,#4516,#4517);
#3766=AXIS2_PLACEMENT_3D('',#5709,#4518,#4519);
#3767=AXIS2_PLACEMENT_3D('',#5711,#4520,#4521);
#3768=AXIS2_PLACEMENT_3D('',#5713,#4523,#4524);
#3769=AXIS2_PLACEMENT_3D('',#5719,#4528,#4529);
#3770=AXIS2_PLACEMENT_3D('',#5721,#4530,#4531);
#3771=AXIS2_PLACEMENT_3D('',#5723,#4532,#4533);
#3772=AXIS2_PLACEMENT_3D('',#5725,#4535,#4536);
#3773=AXIS2_PLACEMENT_3D('',#5727,#4537,#4538);
#3774=AXIS2_PLACEMENT_3D('',#5729,#4539,#4540);
#3775=AXIS2_PLACEMENT_3D('',#5731,#4542,#4543);
#3776=AXIS2_PLACEMENT_3D('',#5733,#4544,#4545);
#3777=AXIS2_PLACEMENT_3D('',#5735,#4546,#4547);
#3778=AXIS2_PLACEMENT_3D('',#5737,#4549,#4550);
#3779=AXIS2_PLACEMENT_3D('',#5743,#4554,#4555);
#3780=AXIS2_PLACEMENT_3D('',#5745,#4556,#4557);
#3781=AXIS2_PLACEMENT_3D('',#5747,#4558,#4559);
#3782=AXIS2_PLACEMENT_3D('',#5749,#4561,#4562);
#3783=AXIS2_PLACEMENT_3D('',#5751,#4563,#4564);
#3784=AXIS2_PLACEMENT_3D('',#5753,#4565,#4566);
#3785=AXIS2_PLACEMENT_3D('',#5755,#4568,#4569);
#3786=AXIS2_PLACEMENT_3D('',#5757,#4570,#4571);
#3787=AXIS2_PLACEMENT_3D('',#5759,#4572,#4573);
#3788=AXIS2_PLACEMENT_3D('',#5761,#4575,#4576);
#3789=AXIS2_PLACEMENT_3D('',#5767,#4580,#4581);
#3790=AXIS2_PLACEMENT_3D('',#5769,#4582,#4583);
#3791=AXIS2_PLACEMENT_3D('',#5771,#4584,#4585);
#3792=AXIS2_PLACEMENT_3D('',#5773,#4587,#4588);
#3793=AXIS2_PLACEMENT_3D('',#5775,#4589,#4590);
#3794=AXIS2_PLACEMENT_3D('',#5777,#4591,#4592);
#3795=AXIS2_PLACEMENT_3D('',#5779,#4594,#4595);
#3796=AXIS2_PLACEMENT_3D('',#5781,#4596,#4597);
#3797=AXIS2_PLACEMENT_3D('',#5783,#4598,#4599);
#3798=AXIS2_PLACEMENT_3D('',#5785,#4601,#4602);
#3799=AXIS2_PLACEMENT_3D('',#5791,#4606,#4607);
#3800=AXIS2_PLACEMENT_3D('',#5793,#4608,#4609);
#3801=AXIS2_PLACEMENT_3D('',#5795,#4610,#4611);
#3802=AXIS2_PLACEMENT_3D('',#5797,#4613,#4614);
#3803=AXIS2_PLACEMENT_3D('',#5799,#4615,#4616);
#3804=AXIS2_PLACEMENT_3D('',#5801,#4617,#4618);
#3805=AXIS2_PLACEMENT_3D('',#5803,#4620,#4621);
#3806=AXIS2_PLACEMENT_3D('',#5805,#4622,#4623);
#3807=AXIS2_PLACEMENT_3D('',#5807,#4624,#4625);
#3808=AXIS2_PLACEMENT_3D('',#5809,#4627,#4628);
#3809=AXIS2_PLACEMENT_3D('',#5815,#4632,#4633);
#3810=AXIS2_PLACEMENT_3D('',#5817,#4634,#4635);
#3811=AXIS2_PLACEMENT_3D('',#5819,#4636,#4637);
#3812=AXIS2_PLACEMENT_3D('',#5821,#4639,#4640);
#3813=AXIS2_PLACEMENT_3D('',#5827,#4644,#4645);
#3814=AXIS2_PLACEMENT_3D('',#5829,#4646,#4647);
#3815=AXIS2_PLACEMENT_3D('',#5831,#4648,#4649);
#3816=AXIS2_PLACEMENT_3D('',#5833,#4651,#4652);
#3817=AXIS2_PLACEMENT_3D('',#5839,#4656,#4657);
#3818=AXIS2_PLACEMENT_3D('',#5841,#4658,#4659);
#3819=AXIS2_PLACEMENT_3D('',#5843,#4660,#4661);
#3820=AXIS2_PLACEMENT_3D('',#5845,#4663,#4664);
#3821=AXIS2_PLACEMENT_3D('',#5847,#4665,#4666);
#3822=AXIS2_PLACEMENT_3D('',#5849,#4667,#4668);
#3823=AXIS2_PLACEMENT_3D('',#5851,#4670,#4671);
#3824=AXIS2_PLACEMENT_3D('',#5853,#4672,#4673);
#3825=AXIS2_PLACEMENT_3D('',#5855,#4674,#4675);
#3826=AXIS2_PLACEMENT_3D('',#5857,#4677,#4678);
#3827=AXIS2_PLACEMENT_3D('',#5863,#4682,#4683);
#3828=AXIS2_PLACEMENT_3D('',#5865,#4684,#4685);
#3829=AXIS2_PLACEMENT_3D('',#5867,#4686,#4687);
#3830=AXIS2_PLACEMENT_3D('',#5869,#4689,#4690);
#3831=AXIS2_PLACEMENT_3D('',#5871,#4691,#4692);
#3832=AXIS2_PLACEMENT_3D('',#5873,#4693,#4694);
#3833=AXIS2_PLACEMENT_3D('',#5875,#4696,#4697);
#3834=AXIS2_PLACEMENT_3D('',#5877,#4698,#4699);
#3835=AXIS2_PLACEMENT_3D('',#5879,#4700,#4701);
#3836=AXIS2_PLACEMENT_3D('',#5881,#4703,#4704);
#3837=AXIS2_PLACEMENT_3D('',#5887,#4708,#4709);
#3838=AXIS2_PLACEMENT_3D('',#5889,#4710,#4711);
#3839=AXIS2_PLACEMENT_3D('',#5891,#4712,#4713);
#3840=AXIS2_PLACEMENT_3D('',#5893,#4715,#4716);
#3841=AXIS2_PLACEMENT_3D('',#5894,#4717,#4718);
#3842=AXIS2_PLACEMENT_3D('',#5895,#4719,#4720);
#3843=AXIS2_PLACEMENT_3D('',#5896,#4721,#4722);
#3844=AXIS2_PLACEMENT_3D('',#5899,#4723,#4724);
#3845=AXIS2_PLACEMENT_3D('',#5903,#4726,#4727);
#3846=AXIS2_PLACEMENT_3D('',#5905,#4728,#4729);
#3847=AXIS2_PLACEMENT_3D('',#5907,#4730,#4731);
#3848=AXIS2_PLACEMENT_3D('',#5911,#4733,#4734);
#3849=AXIS2_PLACEMENT_3D('',#5915,#4736,#4737);
#3850=AXIS2_PLACEMENT_3D('',#5919,#4739,#4740);
#3851=AXIS2_PLACEMENT_3D('',#5921,#4741,#4742);
#3852=AXIS2_PLACEMENT_3D('',#5923,#4743,#4744);
#3853=AXIS2_PLACEMENT_3D('',#5927,#4746,#4747);
#3854=AXIS2_PLACEMENT_3D('',#5929,#4748,#4749);
#3855=AXIS2_PLACEMENT_3D('',#5931,#4750,#4751);
#3856=AXIS2_PLACEMENT_3D('',#5935,#4753,#4754);
#3857=AXIS2_PLACEMENT_3D('',#5937,#4755,#4756);
#3858=AXIS2_PLACEMENT_3D('',#5939,#4757,#4758);
#3859=AXIS2_PLACEMENT_3D('',#5943,#4760,#4761);
#3860=AXIS2_PLACEMENT_3D('',#5945,#4762,#4763);
#3861=AXIS2_PLACEMENT_3D('',#5947,#4764,#4765);
#3862=AXIS2_PLACEMENT_3D('',#5951,#4767,#4768);
#3863=AXIS2_PLACEMENT_3D('',#5955,#4770,#4771);
#3864=AXIS2_PLACEMENT_3D('',#5959,#4773,#4774);
#3865=AXIS2_PLACEMENT_3D('',#5961,#4775,#4776);
#3866=AXIS2_PLACEMENT_3D('',#5963,#4777,#4778);
#3867=AXIS2_PLACEMENT_3D('',#5967,#4780,#4781);
#3868=AXIS2_PLACEMENT_3D('',#5969,#4782,#4783);
#3869=AXIS2_PLACEMENT_3D('',#5971,#4784,#4785);
#3870=AXIS2_PLACEMENT_3D('',#5975,#4787,#4788);
#3871=AXIS2_PLACEMENT_3D('',#5976,#4789,#4790);
#3872=AXIS2_PLACEMENT_3D('',#5977,#4791,#4792);
#3873=AXIS2_PLACEMENT_3D('',#5980,#4793,#4794);
#3874=AXIS2_PLACEMENT_3D('',#5982,#4795,#4796);
#3875=AXIS2_PLACEMENT_3D('',#5984,#4797,#4798);
#3876=AXIS2_PLACEMENT_3D('',#5985,#4799,#4800);
#3877=AXIS2_PLACEMENT_3D('',#5986,#4801,#4802);
#3878=AXIS2_PLACEMENT_3D('',#5989,#4803,#4804);
#3879=AXIS2_PLACEMENT_3D('',#5990,#4805,#4806);
#3880=AXIS2_PLACEMENT_3D('',#5991,#4807,#4808);
#3881=AXIS2_PLACEMENT_3D('',#5992,#4809,#4810);
#3882=AXIS2_PLACEMENT_3D('',#5995,#4811,#4812);
#3883=AXIS2_PLACEMENT_3D('',#5996,#4813,#4814);
#3884=AXIS2_PLACEMENT_3D('',#5997,#4815,#4816);
#3885=AXIS2_PLACEMENT_3D('',#5998,#4817,#4818);
#3886=AXIS2_PLACEMENT_3D('',#6001,#4819,#4820);
#3887=AXIS2_PLACEMENT_3D('',#6004,#4823,#4824);
#3888=AXIS2_PLACEMENT_3D('',#6007,#4825,#4826);
#3889=AXIS2_PLACEMENT_3D('',#6008,#4827,#4828);
#3890=AXIS2_PLACEMENT_3D('',#6009,#4829,#4830);
#3891=AXIS2_PLACEMENT_3D('',#6010,#4831,#4832);
#3892=AXIS2_PLACEMENT_3D('',#6013,#4833,#4834);
#3893=AXIS2_PLACEMENT_3D('',#6014,#4835,#4836);
#3894=AXIS2_PLACEMENT_3D('',#6015,#4837,#4838);
#3895=AXIS2_PLACEMENT_3D('',#6016,#4839,#4840);
#3896=AXIS2_PLACEMENT_3D('',#6019,#4841,#4842);
#3897=AXIS2_PLACEMENT_3D('',#6020,#4843,#4844);
#3898=AXIS2_PLACEMENT_3D('',#6021,#4845,#4846);
#3899=AXIS2_PLACEMENT_3D('',#6022,#4847,#4848);
#3900=AXIS2_PLACEMENT_3D('',#6025,#4849,#4850);
#3901=AXIS2_PLACEMENT_3D('',#6028,#4853,#4854);
#3902=AXIS2_PLACEMENT_3D('',#6031,#4855,#4856);
#3903=AXIS2_PLACEMENT_3D('',#6032,#4857,#4858);
#3904=AXIS2_PLACEMENT_3D('',#6033,#4859,#4860);
#3905=AXIS2_PLACEMENT_3D('',#6034,#4861,#4862);
#3906=AXIS2_PLACEMENT_3D('',#6037,#4863,#4864);
#3907=AXIS2_PLACEMENT_3D('',#6038,#4865,#4866);
#3908=AXIS2_PLACEMENT_3D('',#6039,#4867,#4868);
#3909=AXIS2_PLACEMENT_3D('',#6040,#4869,#4870);
#3910=AXIS2_PLACEMENT_3D('',#6043,#4871,#4872);
#3911=AXIS2_PLACEMENT_3D('',#6044,#4873,#4874);
#3912=AXIS2_PLACEMENT_3D('',#6045,#4875,#4876);
#3913=AXIS2_PLACEMENT_3D('',#6046,#4877,#4878);
#3914=AXIS2_PLACEMENT_3D('',#6049,#4879,#4880);
#3915=AXIS2_PLACEMENT_3D('',#6052,#4883,#4884);
#3916=AXIS2_PLACEMENT_3D('',#6055,#4885,#4886);
#3917=AXIS2_PLACEMENT_3D('',#6056,#4887,#4888);
#3918=AXIS2_PLACEMENT_3D('',#6057,#4889,#4890);
#3919=AXIS2_PLACEMENT_3D('',#6058,#4891,#4892);
#3920=AXIS2_PLACEMENT_3D('',#6061,#4893,#4894);
#3921=AXIS2_PLACEMENT_3D('',#6062,#4895,#4896);
#3922=AXIS2_PLACEMENT_3D('',#6063,#4897,#4898);
#3923=AXIS2_PLACEMENT_3D('',#6064,#4899,#4900);
#3924=AXIS2_PLACEMENT_3D('',#6067,#4901,#4902);
#3925=AXIS2_PLACEMENT_3D('',#6068,#4903,#4904);
#3926=AXIS2_PLACEMENT_3D('',#6069,#4905,#4906);
#3927=AXIS2_PLACEMENT_3D('',#6070,#4907,#4908);
#3928=AXIS2_PLACEMENT_3D('',#6073,#4909,#4910);
#3929=AXIS2_PLACEMENT_3D('',#6076,#4913,#4914);
#3930=AXIS2_PLACEMENT_3D('',#6079,#4915,#4916);
#3931=AXIS2_PLACEMENT_3D('',#6080,#4917,#4918);
#3932=AXIS2_PLACEMENT_3D('',#6081,#4919,#4920);
#3933=AXIS2_PLACEMENT_3D('',#6082,#4921,#4922);
#3934=AXIS2_PLACEMENT_3D('',#6085,#4923,#4924);
#3935=AXIS2_PLACEMENT_3D('',#6088,#4927,#4928);
#3936=AXIS2_PLACEMENT_3D('',#6091,#4929,#4930);
#3937=AXIS2_PLACEMENT_3D('',#6092,#4931,#4932);
#3938=AXIS2_PLACEMENT_3D('',#6093,#4933,#4934);
#3939=AXIS2_PLACEMENT_3D('',#6094,#4935,#4936);
#3940=AXIS2_PLACEMENT_3D('',#6097,#4937,#4938);
#3941=AXIS2_PLACEMENT_3D('',#6100,#4941,#4942);
#3942=AXIS2_PLACEMENT_3D('',#6103,#4943,#4944);
#3943=AXIS2_PLACEMENT_3D('',#6104,#4945,#4946);
#3944=AXIS2_PLACEMENT_3D('',#6105,#4947,#4948);
#3945=AXIS2_PLACEMENT_3D('',#6106,#4949,#4950);
#3946=AXIS2_PLACEMENT_3D('',#6109,#4951,#4952);
#3947=AXIS2_PLACEMENT_3D('',#6110,#4953,#4954);
#3948=AXIS2_PLACEMENT_3D('',#6111,#4955,#4956);
#3949=AXIS2_PLACEMENT_3D('',#6112,#4957,#4958);
#3950=AXIS2_PLACEMENT_3D('',#6115,#4959,#4960);
#3951=AXIS2_PLACEMENT_3D('',#6116,#4961,#4962);
#3952=AXIS2_PLACEMENT_3D('',#6117,#4963,#4964);
#3953=AXIS2_PLACEMENT_3D('',#6118,#4965,#4966);
#3954=AXIS2_PLACEMENT_3D('',#6121,#4967,#4968);
#3955=AXIS2_PLACEMENT_3D('',#6124,#4971,#4972);
#3956=AXIS2_PLACEMENT_3D('',#6127,#4973,#4974);
#3957=AXIS2_PLACEMENT_3D('',#6128,#4975,#4976);
#3958=AXIS2_PLACEMENT_3D('',#6129,#4977,#4978);
#3959=AXIS2_PLACEMENT_3D('',#6130,#4979,#4980);
#3960=AXIS2_PLACEMENT_3D('',#6133,#4981,#4982);
#3961=AXIS2_PLACEMENT_3D('',#6134,#4983,#4984);
#3962=AXIS2_PLACEMENT_3D('',#6135,#4985,#4986);
#3963=AXIS2_PLACEMENT_3D('',#6136,#4987,#4988);
#3964=AXIS2_PLACEMENT_3D('',#6139,#4989,#4990);
#3965=AXIS2_PLACEMENT_3D('',#6140,#4991,#4992);
#3966=AXIS2_PLACEMENT_3D('',#6141,#4993,#4994);
#3967=AXIS2_PLACEMENT_3D('',#6142,#4995,#4996);
#3968=AXIS2_PLACEMENT_3D('',#6145,#4997,#4998);
#3969=AXIS2_PLACEMENT_3D('',#6148,#5001,#5002);
#3970=AXIS2_PLACEMENT_3D('',#6151,#5003,#5004);
#3971=AXIS2_PLACEMENT_3D('',#6152,#5005,#5006);
#3972=AXIS2_PLACEMENT_3D('',#6153,#5007,#5008);
#3973=AXIS2_PLACEMENT_3D('',#6154,#5009,#5010);
#3974=AXIS2_PLACEMENT_3D('',#6157,#5011,#5012);
#3975=AXIS2_PLACEMENT_3D('',#6158,#5013,#5014);
#3976=AXIS2_PLACEMENT_3D('',#6159,#5015,#5016);
#3977=AXIS2_PLACEMENT_3D('',#6160,#5017,#5018);
#3978=AXIS2_PLACEMENT_3D('',#6163,#5019,#5020);
#3979=AXIS2_PLACEMENT_3D('',#6164,#5021,#5022);
#3980=AXIS2_PLACEMENT_3D('',#6165,#5023,#5024);
#3981=AXIS2_PLACEMENT_3D('',#6166,#5025,#5026);
#3982=AXIS2_PLACEMENT_3D('',#6169,#5027,#5028);
#3983=AXIS2_PLACEMENT_3D('',#6172,#5031,#5032);
#3984=AXIS2_PLACEMENT_3D('',#6175,#5033,#5034);
#3985=AXIS2_PLACEMENT_3D('',#6176,#5035,#5036);
#3986=AXIS2_PLACEMENT_3D('',#6177,#5037,#5038);
#3987=AXIS2_PLACEMENT_3D('',#6178,#5039,#5040);
#3988=AXIS2_PLACEMENT_3D('',#6181,#5041,#5042);
#3989=AXIS2_PLACEMENT_3D('',#6182,#5043,#5044);
#3990=AXIS2_PLACEMENT_3D('',#6183,#5045,#5046);
#3991=AXIS2_PLACEMENT_3D('',#6184,#5047,#5048);
#3992=AXIS2_PLACEMENT_3D('',#6187,#5049,#5050);
#3993=AXIS2_PLACEMENT_3D('',#6188,#5051,#5052);
#3994=AXIS2_PLACEMENT_3D('',#6189,#5053,#5054);
#3995=AXIS2_PLACEMENT_3D('',#6190,#5055,#5056);
#3996=AXIS2_PLACEMENT_3D('',#6193,#5057,#5058);
#3997=AXIS2_PLACEMENT_3D('',#6196,#5061,#5062);
#3998=AXIS2_PLACEMENT_3D('',#6199,#5063,#5064);
#3999=AXIS2_PLACEMENT_3D('',#6200,#5065,#5066);
#4000=AXIS2_PLACEMENT_3D('',#6201,#5067,#5068);
#4001=AXIS2_PLACEMENT_3D('',#6202,#5069,#5070);
#4002=AXIS2_PLACEMENT_3D('',#6205,#5071,#5072);
#4003=AXIS2_PLACEMENT_3D('',#6208,#5075,#5076);
#4004=AXIS2_PLACEMENT_3D('',#6211,#5077,#5078);
#4005=AXIS2_PLACEMENT_3D('',#6212,#5079,#5080);
#4006=AXIS2_PLACEMENT_3D('',#6213,#5081,#5082);
#4007=AXIS2_PLACEMENT_3D('',#6214,#5083,#5084);
#4008=AXIS2_PLACEMENT_3D('',#6217,#5087,#5088);
#4009=AXIS2_PLACEMENT_3D('',#6220,#5091,#5092);
#4010=AXIS2_PLACEMENT_3D('',#6222,#5094,#5095);
#4011=AXIS2_PLACEMENT_3D('',#6224,#5097,#5098);
#4012=AXIS2_PLACEMENT_3D('',#6226,#5100,#5101);
#4013=AXIS2_PLACEMENT_3D('',#6228,#5103,#5104);
#4014=AXIS2_PLACEMENT_3D('',#6230,#5106,#5107);
#4015=AXIS2_PLACEMENT_3D('',#6232,#5109,#5110);
#4016=AXIS2_PLACEMENT_3D('',#6234,#5112,#5113);
#4017=AXIS2_PLACEMENT_3D('',#6236,#5115,#5116);
#4018=AXIS2_PLACEMENT_3D('',#6238,#5118,#5119);
#4019=AXIS2_PLACEMENT_3D('',#6240,#5121,#5122);
#4020=AXIS2_PLACEMENT_3D('',#6242,#5124,#5125);
#4021=AXIS2_PLACEMENT_3D('',#6244,#5127,#5128);
#4022=AXIS2_PLACEMENT_3D('',#6246,#5130,#5131);
#4023=AXIS2_PLACEMENT_3D('',#6248,#5133,#5134);
#4024=AXIS2_PLACEMENT_3D('',#6250,#5136,#5137);
#4025=AXIS2_PLACEMENT_3D('',#6252,#5139,#5140);
#4026=AXIS2_PLACEMENT_3D('',#6254,#5142,#5143);
#4027=AXIS2_PLACEMENT_3D('',#6256,#5145,#5146);
#4028=AXIS2_PLACEMENT_3D('',#6258,#5148,#5149);
#4029=AXIS2_PLACEMENT_3D('',#6259,#5150,#5151);
#4030=AXIS2_PLACEMENT_3D('',#6261,#5152,#5153);
#4031=AXIS2_PLACEMENT_3D('',#6263,#5155,#5156);
#4032=AXIS2_PLACEMENT_3D('',#6267,#5159,#5160);
#4033=AXIS2_PLACEMENT_3D('',#6269,#5161,#5162);
#4034=AXIS2_PLACEMENT_3D('',#6271,#5164,#5165);
#4035=AXIS2_PLACEMENT_3D('',#6275,#5168,#5169);
#4036=AXIS2_PLACEMENT_3D('',#6277,#5170,#5171);
#4037=AXIS2_PLACEMENT_3D('',#6279,#5173,#5174);
#4038=AXIS2_PLACEMENT_3D('',#6283,#5177,#5178);
#4039=AXIS2_PLACEMENT_3D('',#6287,#5180,#5181);
#4040=AXIS2_PLACEMENT_3D('',#6289,#5183,#5184);
#4041=AXIS2_PLACEMENT_3D('',#6293,#5187,#5188);
#4042=AXIS2_PLACEMENT_3D('',#6297,#5191,#5192);
#4043=AXIS2_PLACEMENT_3D('',#6299,#5193,#5194);
#4044=AXIS2_PLACEMENT_3D('',#6301,#5196,#5197);
#4045=AXIS2_PLACEMENT_3D('',#6303,#5199,#5200);
#4046=AXIS2_PLACEMENT_3D('',#6305,#5202,#5203);
#4047=AXIS2_PLACEMENT_3D('',#6306,#5204,#5205);
#4048=AXIS2_PLACEMENT_3D('',#6307,#5206,#5207);
#4049=AXIS2_PLACEMENT_3D('',#6308,#5208,#5209);
#4050=AXIS2_PLACEMENT_3D('',#6309,#5210,#5211);
#4051=AXIS2_PLACEMENT_3D('',#6311,#5213,#5214);
#4052=AXIS2_PLACEMENT_3D('',#6313,#5216,#5217);
#4053=AXIS2_PLACEMENT_3D('',#6314,#5218,#5219);
#4054=AXIS2_PLACEMENT_3D('',#6316,#5221,#5222);
#4055=AXIS2_PLACEMENT_3D('',#6318,#5224,#5225);
#4056=AXIS2_PLACEMENT_3D('',#6321,#5228,#5229);
#4057=AXIS2_PLACEMENT_3D('',#6323,#5231,#5232);
#4058=AXIS2_PLACEMENT_3D('',#6325,#5234,#5235);
#4059=AXIS2_PLACEMENT_3D('',#6327,#5237,#5238);
#4060=AXIS2_PLACEMENT_3D('',#6329,#5240,#5241);
#4061=AXIS2_PLACEMENT_3D('',#6331,#5243,#5244);
#4062=AXIS2_PLACEMENT_3D('',#6333,#5246,#5247);
#4063=AXIS2_PLACEMENT_3D('',#6335,#5249,#5250);
#4064=AXIS2_PLACEMENT_3D('',#6337,#5252,#5253);
#4065=AXIS2_PLACEMENT_3D('',#6339,#5255,#5256);
#4066=AXIS2_PLACEMENT_3D('',#6341,#5258,#5259);
#4067=AXIS2_PLACEMENT_3D('',#6343,#5261,#5262);
#4068=AXIS2_PLACEMENT_3D('',#6345,#5264,#5265);
#4069=AXIS2_PLACEMENT_3D('',#6346,#5266,#5267);
#4070=AXIS2_PLACEMENT_3D('',#6348,#5269,#5270);
#4071=AXIS2_PLACEMENT_3D('',#6350,#5272,#5273);
#4072=AXIS2_PLACEMENT_3D('',#6352,#5275,#5276);
#4073=DIRECTION('axis',(0.,0.,1.));
#4074=DIRECTION('refdir',(1.,0.,0.));
#4075=DIRECTION('center_axis',(0.,1.,0.));
#4076=DIRECTION('ref_axis',(1.,0.,0.));
#4077=DIRECTION('center_axis',(0.,1.,0.));
#4078=DIRECTION('ref_axis',(1.,0.,0.));
#4079=DIRECTION('center_axis',(0.,1.,0.));
#4080=DIRECTION('ref_axis',(1.,0.,0.));
#4081=DIRECTION('',(0.,-1.,0.));
#4082=DIRECTION('center_axis',(0.,-1.,0.));
#4083=DIRECTION('ref_axis',(1.,0.,0.));
#4084=DIRECTION('center_axis',(0.,-1.,0.));
#4085=DIRECTION('ref_axis',(1.,0.,0.));
#4086=DIRECTION('center_axis',(0.,1.,0.));
#4087=DIRECTION('ref_axis',(0.,0.,1.));
#4088=DIRECTION('center_axis',(0.,-1.,0.));
#4089=DIRECTION('ref_axis',(-1.,0.,0.));
#4090=DIRECTION('center_axis',(0.,-1.,0.));
#4091=DIRECTION('ref_axis',(-1.,0.,0.));
#4092=DIRECTION('center_axis',(0.,1.,0.));
#4093=DIRECTION('ref_axis',(1.,0.,0.));
#4094=DIRECTION('center_axis',(0.,1.,0.));
#4095=DIRECTION('ref_axis',(1.,0.,0.));
#4096=DIRECTION('center_axis',(0.,1.,0.));
#4097=DIRECTION('ref_axis',(1.,0.,0.));
#4098=DIRECTION('',(0.,-1.,0.));
#4099=DIRECTION('center_axis',(0.,-1.,0.));
#4100=DIRECTION('ref_axis',(1.,0.,0.));
#4101=DIRECTION('center_axis',(0.,-1.,0.));
#4102=DIRECTION('ref_axis',(1.,0.,0.));
#4103=DIRECTION('center_axis',(0.,1.,0.));
#4104=DIRECTION('ref_axis',(0.,0.,1.));
#4105=DIRECTION('center_axis',(0.,-1.,0.));
#4106=DIRECTION('ref_axis',(-1.,0.,0.));
#4107=DIRECTION('center_axis',(0.,-1.,0.));
#4108=DIRECTION('ref_axis',(-1.,0.,0.));
#4109=DIRECTION('center_axis',(0.,1.,0.));
#4110=DIRECTION('ref_axis',(1.,0.,0.));
#4111=DIRECTION('center_axis',(0.,1.,0.));
#4112=DIRECTION('ref_axis',(1.,0.,0.));
#4113=DIRECTION('center_axis',(0.,1.,0.));
#4114=DIRECTION('ref_axis',(1.,0.,0.));
#4115=DIRECTION('',(0.,-1.,0.));
#4116=DIRECTION('center_axis',(0.,-1.,0.));
#4117=DIRECTION('ref_axis',(1.,0.,0.));
#4118=DIRECTION('center_axis',(0.,-1.,0.));
#4119=DIRECTION('ref_axis',(1.,0.,0.));
#4120=DIRECTION('center_axis',(0.,1.,0.));
#4121=DIRECTION('ref_axis',(0.,0.,1.));
#4122=DIRECTION('center_axis',(0.,-1.,0.));
#4123=DIRECTION('ref_axis',(-1.,0.,0.));
#4124=DIRECTION('center_axis',(0.,-1.,0.));
#4125=DIRECTION('ref_axis',(-1.,0.,0.));
#4126=DIRECTION('center_axis',(0.,1.,0.));
#4127=DIRECTION('ref_axis',(1.,0.,0.));
#4128=DIRECTION('center_axis',(0.,1.,0.));
#4129=DIRECTION('ref_axis',(1.,0.,0.));
#4130=DIRECTION('center_axis',(0.,1.,0.));
#4131=DIRECTION('ref_axis',(1.,0.,0.));
#4132=DIRECTION('',(0.,-1.,0.));
#4133=DIRECTION('center_axis',(0.,-1.,0.));
#4134=DIRECTION('ref_axis',(1.,0.,0.));
#4135=DIRECTION('center_axis',(0.,-1.,0.));
#4136=DIRECTION('ref_axis',(1.,0.,0.));
#4137=DIRECTION('center_axis',(0.,1.,0.));
#4138=DIRECTION('ref_axis',(0.,0.,1.));
#4139=DIRECTION('center_axis',(0.,-1.,0.));
#4140=DIRECTION('ref_axis',(-1.,0.,0.));
#4141=DIRECTION('center_axis',(0.,-1.,0.));
#4142=DIRECTION('ref_axis',(-1.,0.,0.));
#4143=DIRECTION('center_axis',(0.,1.,0.));
#4144=DIRECTION('ref_axis',(1.,0.,0.));
#4145=DIRECTION('center_axis',(0.,1.,0.));
#4146=DIRECTION('ref_axis',(1.,0.,0.));
#4147=DIRECTION('center_axis',(0.,1.,0.));
#4148=DIRECTION('ref_axis',(1.,0.,0.));
#4149=DIRECTION('',(0.,-1.,0.));
#4150=DIRECTION('center_axis',(0.,-1.,0.));
#4151=DIRECTION('ref_axis',(1.,0.,0.));
#4152=DIRECTION('center_axis',(0.,-1.,0.));
#4153=DIRECTION('ref_axis',(1.,0.,0.));
#4154=DIRECTION('center_axis',(0.,1.,0.));
#4155=DIRECTION('ref_axis',(0.,0.,1.));
#4156=DIRECTION('center_axis',(0.,-1.,0.));
#4157=DIRECTION('ref_axis',(-1.,0.,0.));
#4158=DIRECTION('center_axis',(0.,-1.,0.));
#4159=DIRECTION('ref_axis',(-1.,0.,0.));
#4160=DIRECTION('center_axis',(0.,1.,0.));
#4161=DIRECTION('ref_axis',(0.,0.,1.));
#4162=DIRECTION('center_axis',(0.,-1.,0.));
#4163=DIRECTION('ref_axis',(1.,0.,0.));
#4164=DIRECTION('center_axis',(0.,1.,0.));
#4165=DIRECTION('ref_axis',(0.,0.,1.));
#4166=DIRECTION('center_axis',(0.,-1.,0.));
#4167=DIRECTION('ref_axis',(1.,0.,0.));
#4168=DIRECTION('center_axis',(0.,1.,0.));
#4169=DIRECTION('ref_axis',(-0.128597184286741,0.,-0.991696911457085));
#4170=DIRECTION('center_axis',(0.,-1.,0.));
#4171=DIRECTION('ref_axis',(-0.128597184286741,0.,-0.991696911457085));
#4172=DIRECTION('',(0.,1.,0.));
#4173=DIRECTION('center_axis',(0.,-1.,0.));
#4174=DIRECTION('ref_axis',(-0.128597184286741,0.,-0.991696911457085));
#4175=DIRECTION('',(0.,-1.,0.));
#4176=DIRECTION('center_axis',(-1.,0.,-9.73394608076574E-15));
#4177=DIRECTION('ref_axis',(-9.73394608076574E-15,0.,1.));
#4178=DIRECTION('',(9.73394608076574E-15,0.,-1.));
#4179=DIRECTION('',(0.,1.,0.));
#4180=DIRECTION('',(9.73394608076574E-15,0.,-1.));
#4181=DIRECTION('center_axis',(0.,1.,0.));
#4182=DIRECTION('ref_axis',(-1.,0.,-3.89732690564415E-11));
#4183=DIRECTION('center_axis',(0.,-1.,0.));
#4184=DIRECTION('ref_axis',(-1.,0.,-3.89732690564415E-11));
#4185=DIRECTION('',(0.,1.,0.));
#4186=DIRECTION('center_axis',(0.,-1.,0.));
#4187=DIRECTION('ref_axis',(-1.,0.,-3.89732690564415E-11));
#4188=DIRECTION('center_axis',(0.,1.,0.));
#4189=DIRECTION('ref_axis',(-1.,0.,0.));
#4190=DIRECTION('center_axis',(0.,1.,0.));
#4191=DIRECTION('ref_axis',(-1.,0.,0.));
#4192=DIRECTION('',(0.,-1.,0.));
#4193=DIRECTION('center_axis',(0.,1.,0.));
#4194=DIRECTION('ref_axis',(-1.,0.,0.));
#4195=DIRECTION('center_axis',(0.,1.,0.));
#4196=DIRECTION('ref_axis',(-1.,0.,0.));
#4197=DIRECTION('',(0.,-1.,0.));
#4198=DIRECTION('center_axis',(0.,1.,0.));
#4199=DIRECTION('ref_axis',(0.138069482379929,0.,0.990422545197421));
#4200=DIRECTION('center_axis',(0.,-1.,0.));
#4201=DIRECTION('ref_axis',(0.138069482379929,0.,0.990422545197421));
#4202=DIRECTION('',(0.,1.,0.));
#4203=DIRECTION('center_axis',(0.,-1.,0.));
#4204=DIRECTION('ref_axis',(0.138069482379929,0.,0.990422545197421));
#4205=DIRECTION('',(0.,-1.,0.));
#4206=DIRECTION('center_axis',(1.,0.,-1.55417544871181E-14));
#4207=DIRECTION('ref_axis',(-1.55417544871181E-14,0.,-1.));
#4208=DIRECTION('',(1.55417544871181E-14,0.,1.));
#4209=DIRECTION('',(0.,1.,0.));
#4210=DIRECTION('',(1.55417544871181E-14,0.,1.));
#4211=DIRECTION('center_axis',(0.,1.,0.));
#4212=DIRECTION('ref_axis',(0.99165425796778,0.,-0.128925686557688));
#4213=DIRECTION('center_axis',(0.,-1.,0.));
#4214=DIRECTION('ref_axis',(0.99165425796778,0.,-0.128925686557688));
#4215=DIRECTION('',(0.,1.,0.));
#4216=DIRECTION('center_axis',(0.,-1.,0.));
#4217=DIRECTION('ref_axis',(0.99165425796778,0.,-0.128925686557688));
#4218=DIRECTION('center_axis',(0.,-1.,0.));
#4219=DIRECTION('ref_axis',(1.,0.,0.));
#4220=DIRECTION('center_axis',(0.,1.,0.));
#4221=DIRECTION('ref_axis',(0.647689071844546,0.,-0.761904761904761));
#4222=DIRECTION('',(0.,1.,0.));
#4223=DIRECTION('center_axis',(0.,1.,0.));
#4224=DIRECTION('ref_axis',(1.,0.,0.));
#4225=DIRECTION('center_axis',(0.,0.,1.));
#4226=DIRECTION('ref_axis',(1.,0.,0.));
#4227=DIRECTION('',(-1.,0.,-2.17426294463099E-16));
#4228=DIRECTION('',(0.,1.,0.));
#4229=DIRECTION('',(-1.,0.,0.));
#4230=DIRECTION('center_axis',(0.,1.,0.));
#4231=DIRECTION('ref_axis',(0.,0.,1.));
#4232=DIRECTION('',(1.,0.,0.));
#4233=DIRECTION('',(0.,0.,-1.));
#4234=DIRECTION('center_axis',(0.,1.,0.));
#4235=DIRECTION('ref_axis',(0.,0.,-1.));
#4236=DIRECTION('',(1.,0.,-2.22044604925032E-15));
#4237=DIRECTION('',(-4.61391386857208E-16,0.,-1.));
#4238=DIRECTION('',(-1.,0.,0.));
#4239=DIRECTION('center_axis',(0.,1.,0.));
#4240=DIRECTION('ref_axis',(-1.,0.,0.));
#4241=DIRECTION('',(-1.77635683940026E-14,0.,-1.));
#4242=DIRECTION('center_axis',(0.,1.,0.));
#4243=DIRECTION('ref_axis',(0.,0.,1.));
#4244=DIRECTION('center_axis',(0.,1.,0.));
#4245=DIRECTION('ref_axis',(-0.647689071844548,0.,0.761904761904759));
#4246=DIRECTION('',(-1.,0.,0.));
#4247=DIRECTION('center_axis',(0.,1.,0.));
#4248=DIRECTION('ref_axis',(-0.647689071844548,0.,0.761904761904759));
#4249=DIRECTION('',(-1.,0.,0.));
#4250=DIRECTION('center_axis',(0.,1.,0.));
#4251=DIRECTION('ref_axis',(-0.647689071844548,0.,0.761904761904759));
#4252=DIRECTION('',(-1.,0.,0.));
#4253=DIRECTION('center_axis',(0.,1.,0.));
#4254=DIRECTION('ref_axis',(-0.64768907184455,0.,0.761904761904758));
#4255=DIRECTION('',(-1.,0.,6.65320508382481E-16));
#4256=DIRECTION('',(-9.6989083433136E-12,0.,-1.));
#4257=DIRECTION('center_axis',(0.,-1.,0.));
#4258=DIRECTION('ref_axis',(0.,0.,-1.));
#4259=DIRECTION('',(1.,0.,0.));
#4260=DIRECTION('',(-4.61391386857208E-16,0.,1.));
#4261=DIRECTION('',(-1.,0.,9.69594774858109E-12));
#4262=DIRECTION('center_axis',(0.,-1.,0.));
#4263=DIRECTION('ref_axis',(-1.,0.,1.26882631385732E-15));
#4264=DIRECTION('',(0.,0.,-1.));
#4265=DIRECTION('',(1.,0.,-6.6532050838248E-16));
#4266=DIRECTION('center_axis',(0.,1.,0.));
#4267=DIRECTION('ref_axis',(0.647689071844547,0.,-0.76190476190476));
#4268=DIRECTION('',(1.,0.,0.));
#4269=DIRECTION('center_axis',(0.,1.,0.));
#4270=DIRECTION('ref_axis',(0.647689071844545,0.,-0.761904761904762));
#4271=DIRECTION('',(1.,0.,0.));
#4272=DIRECTION('center_axis',(0.,1.,0.));
#4273=DIRECTION('ref_axis',(0.647689071844547,0.,-0.76190476190476));
#4274=DIRECTION('',(1.,0.,0.));
#4275=DIRECTION('center_axis',(0.,0.,-1.));
#4276=DIRECTION('ref_axis',(1.,0.,0.));
#4277=DIRECTION('',(0.,-1.,0.));
#4278=DIRECTION('',(-1.,0.,0.));
#4279=DIRECTION('',(0.,1.,0.));
#4280=DIRECTION('center_axis',(0.,-1.,0.));
#4281=DIRECTION('ref_axis',(0.,0.,-1.));
#4282=DIRECTION('',(0.,-1.,0.));
#4283=DIRECTION('center_axis',(0.,1.,0.));
#4284=DIRECTION('ref_axis',(0.,0.,-1.));
#4285=DIRECTION('center_axis',(-1.,0.,9.6989083433136E-12));
#4286=DIRECTION('ref_axis',(-9.6989083433136E-12,0.,-1.));
#4287=DIRECTION('',(0.,-1.,0.));
#4288=DIRECTION('',(9.6989083433136E-12,0.,1.));
#4289=DIRECTION('center_axis',(9.69594774858109E-12,0.,1.));
#4290=DIRECTION('ref_axis',(-1.,0.,9.69594774858109E-12));
#4291=DIRECTION('',(0.,-1.,0.));
#4292=DIRECTION('',(1.,0.,-9.69594774858109E-12));
#4293=DIRECTION('',(0.,-1.,0.));
#4294=DIRECTION('center_axis',(0.,-1.,0.));
#4295=DIRECTION('ref_axis',(-1.,0.,1.26882631385732E-15));
#4296=DIRECTION('center_axis',(0.,1.,0.));
#4297=DIRECTION('ref_axis',(-1.,0.,1.26882631385732E-15));
#4298=DIRECTION('',(0.,-1.,0.));
#4299=DIRECTION('center_axis',(-1.,0.,0.));
#4300=DIRECTION('ref_axis',(0.,0.,-1.));
#4301=DIRECTION('',(0.,0.,1.));
#4302=DIRECTION('',(0.,1.,0.));
#4303=DIRECTION('center_axis',(0.,0.,1.));
#4304=DIRECTION('ref_axis',(1.,0.,0.));
#4305=DIRECTION('',(0.,-1.,0.));
#4306=DIRECTION('',(-1.,0.,0.));
#4307=DIRECTION('center_axis',(-1.48029736616688E-16,0.,-1.));
#4308=DIRECTION('ref_axis',(-1.,0.,1.48029736616688E-16));
#4309=DIRECTION('',(1.,0.,-1.48029736616688E-16));
#4310=DIRECTION('',(0.,1.,0.));
#4311=DIRECTION('center_axis',(0.,1.,0.));
#4312=DIRECTION('ref_axis',(-5.92118946466754E-15,0.,-1.));
#4313=DIRECTION('center_axis',(0.,1.,0.));
#4314=DIRECTION('ref_axis',(-5.92118946466754E-15,0.,-1.));
#4315=DIRECTION('',(0.,1.,0.));
#4316=DIRECTION('center_axis',(0.,1.,0.));
#4317=DIRECTION('ref_axis',(-5.92118946466754E-15,0.,-1.));
#4318=DIRECTION('',(0.,1.,0.));
#4319=DIRECTION('center_axis',(1.,0.,-2.57443020202935E-16));
#4320=DIRECTION('ref_axis',(-2.57443020202935E-16,0.,-1.));
#4321=DIRECTION('',(-2.57443020202935E-16,0.,-1.));
#4322=DIRECTION('',(0.,1.,0.));
#4323=DIRECTION('',(-2.57443020202935E-16,0.,-1.));
#4324=DIRECTION('center_axis',(0.,1.,0.));
#4325=DIRECTION('ref_axis',(1.,0.,-1.48029736616688E-15));
#4326=DIRECTION('center_axis',(0.,1.,0.));
#4327=DIRECTION('ref_axis',(1.,0.,-1.48029736616688E-15));
#4328=DIRECTION('',(0.,1.,0.));
#4329=DIRECTION('center_axis',(0.,1.,0.));
#4330=DIRECTION('ref_axis',(1.,0.,-1.48029736616688E-15));
#4331=DIRECTION('center_axis',(2.79301389842807E-16,0.,1.));
#4332=DIRECTION('ref_axis',(1.,0.,-2.79301389842807E-16));
#4333=DIRECTION('',(1.,0.,-2.79301389842807E-16));
#4334=DIRECTION('',(0.,1.,0.));
#4335=DIRECTION('',(1.,0.,-2.79301389842807E-16));
#4336=DIRECTION('center_axis',(0.,1.,0.));
#4337=DIRECTION('ref_axis',(5.92118946466754E-15,0.,1.));
#4338=DIRECTION('center_axis',(0.,1.,0.));
#4339=DIRECTION('ref_axis',(5.92118946466754E-15,0.,1.));
#4340=DIRECTION('',(0.,1.,0.));
#4341=DIRECTION('center_axis',(0.,1.,0.));
#4342=DIRECTION('ref_axis',(5.92118946466754E-15,0.,1.));
#4343=DIRECTION('center_axis',(-1.,0.,5.1488604040587E-16));
#4344=DIRECTION('ref_axis',(5.1488604040587E-16,0.,1.));
#4345=DIRECTION('',(5.1488604040587E-16,0.,1.));
#4346=DIRECTION('',(0.,1.,0.));
#4347=DIRECTION('',(5.1488604040587E-16,0.,1.));
#4348=DIRECTION('center_axis',(0.,1.,0.));
#4349=DIRECTION('ref_axis',(-1.,0.,2.96059473233375E-15));
#4350=DIRECTION('center_axis',(0.,1.,0.));
#4351=DIRECTION('ref_axis',(-1.,0.,2.96059473233375E-15));
#4352=DIRECTION('',(0.,1.,0.));
#4353=DIRECTION('center_axis',(0.,1.,0.));
#4354=DIRECTION('ref_axis',(-1.,0.,2.96059473233375E-15));
#4355=DIRECTION('center_axis',(-2.79301389842807E-16,0.,-1.));
#4356=DIRECTION('ref_axis',(-1.,0.,2.79301389842807E-16));
#4357=DIRECTION('',(-1.,0.,2.79301389842807E-16));
#4358=DIRECTION('',(-1.,0.,2.79301389842807E-16));
#4359=DIRECTION('center_axis',(0.,-1.,0.));
#4360=DIRECTION('ref_axis',(0.,0.,-1.));
#4361=DIRECTION('center_axis',(0.,-1.,0.));
#4362=DIRECTION('ref_axis',(1.,0.,0.));
#4363=DIRECTION('center_axis',(0.,-1.,0.));
#4364=DIRECTION('ref_axis',(1.,0.,0.));
#4365=DIRECTION('center_axis',(0.,-1.,0.));
#4366=DIRECTION('ref_axis',(1.,0.,0.));
#4367=DIRECTION('center_axis',(0.,-1.,0.));
#4368=DIRECTION('ref_axis',(1.,0.,0.));
#4369=DIRECTION('center_axis',(0.,-1.,0.));
#4370=DIRECTION('ref_axis',(1.,0.,0.));
#4371=DIRECTION('center_axis',(0.,1.,0.));
#4372=DIRECTION('ref_axis',(1.,0.,0.));
#4373=DIRECTION('',(0.,1.,0.));
#4374=DIRECTION('center_axis',(0.,1.,0.));
#4375=DIRECTION('ref_axis',(1.,0.,0.));
#4376=DIRECTION('',(0.,1.,0.));
#4377=DIRECTION('center_axis',(0.,1.,0.));
#4378=DIRECTION('ref_axis',(1.,0.,0.));
#4379=DIRECTION('',(0.,1.,0.));
#4380=DIRECTION('center_axis',(0.,1.,0.));
#4381=DIRECTION('ref_axis',(1.,0.,0.));
#4382=DIRECTION('',(0.,1.,0.));
#4383=DIRECTION('center_axis',(0.,1.,0.));
#4384=DIRECTION('ref_axis',(1.,0.,0.));
#4385=DIRECTION('',(0.,1.,0.));
#4386=DIRECTION('center_axis',(0.,-1.,0.));
#4387=DIRECTION('ref_axis',(1.,0.,0.));
#4388=DIRECTION('center_axis',(0.,-1.,0.));
#4389=DIRECTION('ref_axis',(1.,0.,0.));
#4390=DIRECTION('center_axis',(0.,-1.,0.));
#4391=DIRECTION('ref_axis',(1.,0.,0.));
#4392=DIRECTION('',(0.,-1.,0.));
#4393=DIRECTION('center_axis',(0.,-1.,0.));
#4394=DIRECTION('ref_axis',(1.,0.,0.));
#4395=DIRECTION('center_axis',(0.,-1.,0.));
#4396=DIRECTION('ref_axis',(1.,0.,0.));
#4397=DIRECTION('center_axis',(0.,1.,0.));
#4398=DIRECTION('ref_axis',(0.,0.,1.));
#4399=DIRECTION('center_axis',(0.,-1.,0.));
#4400=DIRECTION('ref_axis',(1.,0.,0.));
#4401=DIRECTION('center_axis',(0.,-1.,0.));
#4402=DIRECTION('ref_axis',(1.,0.,0.));
#4403=DIRECTION('center_axis',(0.,-1.,0.));
#4404=DIRECTION('ref_axis',(1.,0.,0.));
#4405=DIRECTION('',(0.,-1.,0.));
#4406=DIRECTION('center_axis',(0.,-1.,0.));
#4407=DIRECTION('ref_axis',(1.,0.,0.));
#4408=DIRECTION('center_axis',(0.,-1.,0.));
#4409=DIRECTION('ref_axis',(1.,0.,0.));
#4410=DIRECTION('center_axis',(0.,1.,0.));
#4411=DIRECTION('ref_axis',(0.,0.,1.));
#4412=DIRECTION('center_axis',(0.,-1.,0.));
#4413=DIRECTION('ref_axis',(1.,0.,0.));
#4414=DIRECTION('center_axis',(0.,-1.,0.));
#4415=DIRECTION('ref_axis',(1.,0.,0.));
#4416=DIRECTION('center_axis',(0.,-1.,0.));
#4417=DIRECTION('ref_axis',(1.,0.,0.));
#4418=DIRECTION('',(0.,-1.,0.));
#4419=DIRECTION('center_axis',(0.,-1.,0.));
#4420=DIRECTION('ref_axis',(1.,0.,0.));
#4421=DIRECTION('center_axis',(0.,-1.,0.));
#4422=DIRECTION('ref_axis',(1.,0.,0.));
#4423=DIRECTION('center_axis',(0.,1.,0.));
#4424=DIRECTION('ref_axis',(0.,0.,1.));
#4425=DIRECTION('center_axis',(0.,-1.,0.));
#4426=DIRECTION('ref_axis',(1.,0.,0.));
#4427=DIRECTION('center_axis',(0.,-1.,0.));
#4428=DIRECTION('ref_axis',(1.,0.,0.));
#4429=DIRECTION('center_axis',(0.,-1.,0.));
#4430=DIRECTION('ref_axis',(1.,0.,0.));
#4431=DIRECTION('',(0.,-1.,0.));
#4432=DIRECTION('center_axis',(0.,-1.,0.));
#4433=DIRECTION('ref_axis',(1.,0.,0.));
#4434=DIRECTION('center_axis',(0.,-1.,0.));
#4435=DIRECTION('ref_axis',(1.,0.,0.));
#4436=DIRECTION('center_axis',(0.,1.,0.));
#4437=DIRECTION('ref_axis',(0.,0.,1.));
#4438=DIRECTION('center_axis',(0.,-1.,0.));
#4439=DIRECTION('ref_axis',(1.,0.,0.));
#4440=DIRECTION('',(0.,-1.,0.));
#4441=DIRECTION('center_axis',(0.,1.,0.));
#4442=DIRECTION('ref_axis',(1.,0.,0.));
#4443=DIRECTION('',(0.,-1.,0.));
#4444=DIRECTION('center_axis',(0.,0.,-1.));
#4445=DIRECTION('ref_axis',(1.,0.,0.));
#4446=DIRECTION('',(0.,-1.,0.));
#4447=DIRECTION('',(-1.,0.,0.));
#4448=DIRECTION('center_axis',(1.,0.,-8.88178419700128E-15));
#4449=DIRECTION('ref_axis',(8.88178419700128E-15,0.,1.));
#4450=DIRECTION('',(-8.88178419700128E-15,0.,-1.));
#4451=DIRECTION('center_axis',(1.,0.,0.));
#4452=DIRECTION('ref_axis',(0.,0.,1.));
#4453=DIRECTION('',(0.,-1.,0.));
#4454=DIRECTION('',(0.,0.,-1.));
#4455=DIRECTION('',(0.,-1.,0.));
#4456=DIRECTION('center_axis',(0.,-1.,0.));
#4457=DIRECTION('ref_axis',(1.,0.,0.));
#4458=DIRECTION('center_axis',(0.,1.,0.));
#4459=DIRECTION('ref_axis',(1.,0.,0.));
#4460=DIRECTION('',(0.,-1.,0.));
#4461=DIRECTION('center_axis',(2.22044604925038E-15,0.,1.));
#4462=DIRECTION('ref_axis',(-1.,0.,2.22044604925038E-15));
#4463=DIRECTION('',(1.,0.,-2.22044604925038E-15));
#4464=DIRECTION('',(0.,1.,0.));
#4465=DIRECTION('center_axis',(0.,1.,0.));
#4466=DIRECTION('ref_axis',(0.647689071844544,0.,-0.761904761904762));
#4467=DIRECTION('center_axis',(0.,1.,0.));
#4468=DIRECTION('ref_axis',(0.647689071844544,0.,-0.761904761904762));
#4469=DIRECTION('',(0.,1.,0.));
#4470=DIRECTION('center_axis',(0.,-1.,0.));
#4471=DIRECTION('ref_axis',(0.647689071844544,0.,-0.761904761904762));
#4472=DIRECTION('',(0.,1.,0.));
#4473=DIRECTION('center_axis',(0.,0.,-1.));
#4474=DIRECTION('ref_axis',(-1.,0.,0.));
#4475=DIRECTION('',(1.,0.,0.));
#4476=DIRECTION('',(-1.,0.,0.));
#4477=DIRECTION('',(0.,1.,0.));
#4478=DIRECTION('center_axis',(0.,1.,0.));
#4479=DIRECTION('ref_axis',(0.,0.,-1.));
#4480=DIRECTION('center_axis',(0.,1.,0.));
#4481=DIRECTION('ref_axis',(0.,0.,-1.));
#4482=DIRECTION('center_axis',(0.,-1.,0.));
#4483=DIRECTION('ref_axis',(0.,0.,-1.));
#4484=DIRECTION('',(0.,1.,0.));
#4485=DIRECTION('center_axis',(0.,1.,0.));
#4486=DIRECTION('ref_axis',(0.64768907184455,0.,-0.761904761904758));
#4487=DIRECTION('center_axis',(0.,-1.,0.));
#4488=DIRECTION('ref_axis',(0.64768907184455,0.,-0.761904761904758));
#4489=DIRECTION('center_axis',(0.,1.,0.));
#4490=DIRECTION('ref_axis',(0.64768907184455,0.,-0.761904761904758));
#4491=DIRECTION('',(0.,1.,0.));
#4492=DIRECTION('center_axis',(0.,1.,0.));
#4493=DIRECTION('ref_axis',(0.647689071844547,0.,-0.76190476190476));
#4494=DIRECTION('center_axis',(0.,1.,0.));
#4495=DIRECTION('ref_axis',(0.647689071844547,0.,-0.76190476190476));
#4496=DIRECTION('center_axis',(0.,-1.,0.));
#4497=DIRECTION('ref_axis',(0.647689071844547,0.,-0.76190476190476));
#4498=DIRECTION('',(0.,1.,0.));
#4499=DIRECTION('center_axis',(2.6752954515867E-16,0.,-1.));
#4500=DIRECTION('ref_axis',(-1.,0.,-2.6752954515867E-16));
#4501=DIRECTION('',(1.,0.,2.6752954515867E-16));
#4502=DIRECTION('',(-1.,0.,-2.6752954515867E-16));
#4503=DIRECTION('',(0.,1.,0.));
#4504=DIRECTION('center_axis',(0.,1.,0.));
#4505=DIRECTION('ref_axis',(0.,0.,-1.));
#4506=DIRECTION('center_axis',(0.,1.,0.));
#4507=DIRECTION('ref_axis',(0.,0.,-1.));
#4508=DIRECTION('center_axis',(0.,-1.,0.));
#4509=DIRECTION('ref_axis',(0.,0.,-1.));
#4510=DIRECTION('',(0.,1.,0.));
#4511=DIRECTION('center_axis',(-1.,0.,0.));
#4512=DIRECTION('ref_axis',(0.,0.,1.));
#4513=DIRECTION('',(0.,0.,-1.));
#4514=DIRECTION('',(0.,0.,1.));
#4515=DIRECTION('',(0.,1.,0.));
#4516=DIRECTION('center_axis',(0.,1.,0.));
#4517=DIRECTION('ref_axis',(-1.,0.,0.));
#4518=DIRECTION('center_axis',(0.,1.,0.));
#4519=DIRECTION('ref_axis',(-1.,0.,0.));
#4520=DIRECTION('center_axis',(0.,-1.,0.));
#4521=DIRECTION('ref_axis',(-1.,0.,0.));
#4522=DIRECTION('',(0.,1.,0.));
#4523=DIRECTION('center_axis',(5.35059090317339E-16,0.,1.));
#4524=DIRECTION('ref_axis',(1.,0.,-5.35059090317339E-16));
#4525=DIRECTION('',(-1.,0.,5.35059090317339E-16));
#4526=DIRECTION('',(1.,0.,-5.35059090317339E-16));
#4527=DIRECTION('',(0.,1.,0.));
#4528=DIRECTION('center_axis',(0.,1.,0.));
#4529=DIRECTION('ref_axis',(0.,0.,1.));
#4530=DIRECTION('center_axis',(0.,1.,0.));
#4531=DIRECTION('ref_axis',(0.,0.,1.));
#4532=DIRECTION('center_axis',(0.,-1.,0.));
#4533=DIRECTION('ref_axis',(0.,0.,1.));
#4534=DIRECTION('',(0.,1.,0.));
#4535=DIRECTION('center_axis',(0.,1.,0.));
#4536=DIRECTION('ref_axis',(-0.647689071844546,0.,0.761904761904761));
#4537=DIRECTION('center_axis',(0.,-1.,0.));
#4538=DIRECTION('ref_axis',(-0.647689071844546,0.,0.761904761904761));
#4539=DIRECTION('center_axis',(0.,1.,0.));
#4540=DIRECTION('ref_axis',(-0.647689071844546,0.,0.761904761904761));
#4541=DIRECTION('',(0.,1.,0.));
#4542=DIRECTION('center_axis',(0.,1.,0.));
#4543=DIRECTION('ref_axis',(-0.647689071844547,0.,0.76190476190476));
#4544=DIRECTION('center_axis',(0.,1.,0.));
#4545=DIRECTION('ref_axis',(-0.647689071844547,0.,0.76190476190476));
#4546=DIRECTION('center_axis',(0.,-1.,0.));
#4547=DIRECTION('ref_axis',(-0.647689071844547,0.,0.76190476190476));
#4548=DIRECTION('',(0.,1.,0.));
#4549=DIRECTION('center_axis',(0.,0.,1.));
#4550=DIRECTION('ref_axis',(1.,0.,0.));
#4551=DIRECTION('',(-1.,0.,0.));
#4552=DIRECTION('',(1.,0.,0.));
#4553=DIRECTION('',(0.,1.,0.));
#4554=DIRECTION('center_axis',(0.,1.,0.));
#4555=DIRECTION('ref_axis',(0.,0.,1.));
#4556=DIRECTION('center_axis',(0.,1.,0.));
#4557=DIRECTION('ref_axis',(0.,0.,1.));
#4558=DIRECTION('center_axis',(0.,-1.,0.));
#4559=DIRECTION('ref_axis',(0.,0.,1.));
#4560=DIRECTION('',(0.,1.,0.));
#4561=DIRECTION('center_axis',(0.,1.,0.));
#4562=DIRECTION('ref_axis',(-0.647689071844545,0.,0.761904761904762));
#4563=DIRECTION('center_axis',(0.,-1.,0.));
#4564=DIRECTION('ref_axis',(-0.647689071844545,0.,0.761904761904762));
#4565=DIRECTION('center_axis',(0.,1.,0.));
#4566=DIRECTION('ref_axis',(-0.647689071844545,0.,0.761904761904762));
#4567=DIRECTION('',(0.,1.,0.));
#4568=DIRECTION('center_axis',(0.,1.,0.));
#4569=DIRECTION('ref_axis',(-0.647689071844545,0.,0.761904761904761));
#4570=DIRECTION('center_axis',(0.,1.,0.));
#4571=DIRECTION('ref_axis',(-0.647689071844545,0.,0.761904761904761));
#4572=DIRECTION('center_axis',(0.,-1.,0.));
#4573=DIRECTION('ref_axis',(-0.647689071844545,0.,0.761904761904761));
#4574=DIRECTION('',(0.,1.,0.));
#4575=DIRECTION('center_axis',(0.,0.,1.));
#4576=DIRECTION('ref_axis',(1.,0.,0.));
#4577=DIRECTION('',(-1.,0.,0.));
#4578=DIRECTION('',(1.,0.,0.));
#4579=DIRECTION('',(0.,1.,0.));
#4580=DIRECTION('center_axis',(0.,1.,0.));
#4581=DIRECTION('ref_axis',(0.,0.,1.));
#4582=DIRECTION('center_axis',(0.,1.,0.));
#4583=DIRECTION('ref_axis',(0.,0.,1.));
#4584=DIRECTION('center_axis',(0.,-1.,0.));
#4585=DIRECTION('ref_axis',(0.,0.,1.));
#4586=DIRECTION('',(0.,1.,0.));
#4587=DIRECTION('center_axis',(0.,1.,0.));
#4588=DIRECTION('ref_axis',(-0.647689071844547,0.,0.76190476190476));
#4589=DIRECTION('center_axis',(0.,-1.,0.));
#4590=DIRECTION('ref_axis',(-0.647689071844547,0.,0.76190476190476));
#4591=DIRECTION('center_axis',(0.,1.,0.));
#4592=DIRECTION('ref_axis',(-0.647689071844547,0.,0.76190476190476));
#4593=DIRECTION('',(0.,1.,0.));
#4594=DIRECTION('center_axis',(0.,1.,0.));
#4595=DIRECTION('ref_axis',(-0.647689071844548,0.,0.76190476190476));
#4596=DIRECTION('center_axis',(0.,1.,0.));
#4597=DIRECTION('ref_axis',(-0.647689071844548,0.,0.76190476190476));
#4598=DIRECTION('center_axis',(0.,-1.,0.));
#4599=DIRECTION('ref_axis',(-0.647689071844548,0.,0.76190476190476));
#4600=DIRECTION('',(0.,1.,0.));
#4601=DIRECTION('center_axis',(-6.35080221938731E-15,0.,1.));
#4602=DIRECTION('ref_axis',(1.,0.,6.35080221938731E-15));
#4603=DIRECTION('',(-1.,0.,-6.35080221938731E-15));
#4604=DIRECTION('',(1.,0.,6.35080221938731E-15));
#4605=DIRECTION('',(0.,1.,0.));
#4606=DIRECTION('center_axis',(0.,1.,0.));
#4607=DIRECTION('ref_axis',(0.,0.,1.));
#4608=DIRECTION('center_axis',(0.,1.,0.));
#4609=DIRECTION('ref_axis',(0.,0.,1.));
#4610=DIRECTION('center_axis',(0.,-1.,0.));
#4611=DIRECTION('ref_axis',(0.,0.,1.));
#4612=DIRECTION('',(0.,1.,0.));
#4613=DIRECTION('center_axis',(0.,1.,0.));
#4614=DIRECTION('ref_axis',(-0.647689071844547,0.,0.76190476190476));
#4615=DIRECTION('center_axis',(0.,-1.,0.));
#4616=DIRECTION('ref_axis',(-0.647689071844547,0.,0.76190476190476));
#4617=DIRECTION('center_axis',(0.,1.,0.));
#4618=DIRECTION('ref_axis',(-0.647689071844547,0.,0.76190476190476));
#4619=DIRECTION('',(0.,1.,0.));
#4620=DIRECTION('center_axis',(0.,1.,0.));
#4621=DIRECTION('ref_axis',(-0.647689071844548,0.,0.76190476190476));
#4622=DIRECTION('center_axis',(0.,1.,0.));
#4623=DIRECTION('ref_axis',(-0.647689071844548,0.,0.76190476190476));
#4624=DIRECTION('center_axis',(0.,-1.,0.));
#4625=DIRECTION('ref_axis',(-0.647689071844548,0.,0.76190476190476));
#4626=DIRECTION('',(0.,1.,0.));
#4627=DIRECTION('center_axis',(5.03506702840235E-16,0.,1.));
#4628=DIRECTION('ref_axis',(1.,0.,-5.03506702840235E-16));
#4629=DIRECTION('',(-1.,0.,5.03506702840235E-16));
#4630=DIRECTION('',(1.,0.,-5.03506702840235E-16));
#4631=DIRECTION('',(0.,1.,0.));
#4632=DIRECTION('center_axis',(0.,1.,0.));
#4633=DIRECTION('ref_axis',(0.,0.,1.));
#4634=DIRECTION('center_axis',(0.,1.,0.));
#4635=DIRECTION('ref_axis',(0.,0.,1.));
#4636=DIRECTION('center_axis',(0.,-1.,0.));
#4637=DIRECTION('ref_axis',(0.,0.,1.));
#4638=DIRECTION('',(0.,1.,0.));
#4639=DIRECTION('center_axis',(1.,0.,-5.9211894646675E-16));
#4640=DIRECTION('ref_axis',(-5.9211894646675E-16,0.,-1.));
#4641=DIRECTION('',(5.9211894646675E-16,0.,1.));
#4642=DIRECTION('',(-5.9211894646675E-16,0.,-1.));
#4643=DIRECTION('',(0.,1.,0.));
#4644=DIRECTION('center_axis',(0.,1.,0.));
#4645=DIRECTION('ref_axis',(1.,0.,0.));
#4646=DIRECTION('center_axis',(0.,1.,0.));
#4647=DIRECTION('ref_axis',(1.,0.,0.));
#4648=DIRECTION('center_axis',(0.,-1.,0.));
#4649=DIRECTION('ref_axis',(1.,0.,0.));
#4650=DIRECTION('',(0.,1.,0.));
#4651=DIRECTION('center_axis',(-1.00701340568047E-16,0.,-1.));
#4652=DIRECTION('ref_axis',(-1.,0.,1.00701340568047E-16));
#4653=DIRECTION('',(1.,0.,-1.00701340568047E-16));
#4654=DIRECTION('',(-1.,0.,1.00701340568047E-16));
#4655=DIRECTION('',(0.,1.,0.));
#4656=DIRECTION('center_axis',(0.,1.,0.));
#4657=DIRECTION('ref_axis',(-1.58603289232166E-16,0.,-1.));
#4658=DIRECTION('center_axis',(0.,1.,0.));
#4659=DIRECTION('ref_axis',(-1.58603289232166E-16,0.,-1.));
#4660=DIRECTION('center_axis',(0.,-1.,0.));
#4661=DIRECTION('ref_axis',(-1.58603289232166E-16,0.,-1.));
#4662=DIRECTION('',(0.,1.,0.));
#4663=DIRECTION('center_axis',(0.,1.,0.));
#4664=DIRECTION('ref_axis',(0.647689071844549,0.,-0.761904761904759));
#4665=DIRECTION('center_axis',(0.,-1.,0.));
#4666=DIRECTION('ref_axis',(0.647689071844549,0.,-0.761904761904759));
#4667=DIRECTION('center_axis',(0.,1.,0.));
#4668=DIRECTION('ref_axis',(0.647689071844549,0.,-0.761904761904759));
#4669=DIRECTION('',(0.,1.,0.));
#4670=DIRECTION('center_axis',(0.,1.,0.));
#4671=DIRECTION('ref_axis',(0.647689071844546,0.,-0.761904761904761));
#4672=DIRECTION('center_axis',(0.,1.,0.));
#4673=DIRECTION('ref_axis',(0.647689071844546,0.,-0.761904761904761));
#4674=DIRECTION('center_axis',(0.,-1.,0.));
#4675=DIRECTION('ref_axis',(0.647689071844546,0.,-0.761904761904761));
#4676=DIRECTION('',(0.,1.,0.));
#4677=DIRECTION('center_axis',(0.,0.,-1.));
#4678=DIRECTION('ref_axis',(-1.,0.,0.));
#4679=DIRECTION('',(1.,0.,0.));
#4680=DIRECTION('',(-1.,0.,0.));
#4681=DIRECTION('',(0.,1.,0.));
#4682=DIRECTION('center_axis',(0.,1.,0.));
#4683=DIRECTION('ref_axis',(0.,0.,-1.));
#4684=DIRECTION('center_axis',(0.,1.,0.));
#4685=DIRECTION('ref_axis',(0.,0.,-1.));
#4686=DIRECTION('center_axis',(0.,-1.,0.));
#4687=DIRECTION('ref_axis',(0.,0.,-1.));
#4688=DIRECTION('',(0.,1.,0.));
#4689=DIRECTION('center_axis',(0.,1.,0.));
#4690=DIRECTION('ref_axis',(0.647689071844549,0.,-0.761904761904759));
#4691=DIRECTION('center_axis',(0.,-1.,0.));
#4692=DIRECTION('ref_axis',(0.647689071844549,0.,-0.761904761904759));
#4693=DIRECTION('center_axis',(0.,1.,0.));
#4694=DIRECTION('ref_axis',(0.647689071844549,0.,-0.761904761904759));
#4695=DIRECTION('',(0.,1.,0.));
#4696=DIRECTION('center_axis',(0.,1.,0.));
#4697=DIRECTION('ref_axis',(0.647689071844546,0.,-0.761904761904761));
#4698=DIRECTION('center_axis',(0.,1.,0.));
#4699=DIRECTION('ref_axis',(0.647689071844546,0.,-0.761904761904761));
#4700=DIRECTION('center_axis',(0.,-1.,0.));
#4701=DIRECTION('ref_axis',(0.647689071844546,0.,-0.761904761904761));
#4702=DIRECTION('',(0.,1.,0.));
#4703=DIRECTION('center_axis',(-6.35080221938743E-15,0.,-1.));
#4704=DIRECTION('ref_axis',(-1.,0.,6.35080221938743E-15));
#4705=DIRECTION('',(1.,0.,-6.35080221938743E-15));
#4706=DIRECTION('',(-1.,0.,6.35080221938743E-15));
#4707=DIRECTION('',(0.,1.,0.));
#4708=DIRECTION('center_axis',(0.,1.,0.));
#4709=DIRECTION('ref_axis',(0.,0.,-1.));
#4710=DIRECTION('center_axis',(0.,1.,0.));
#4711=DIRECTION('ref_axis',(0.,0.,-1.));
#4712=DIRECTION('center_axis',(0.,-1.,0.));
#4713=DIRECTION('ref_axis',(0.,0.,-1.));
#4714=DIRECTION('',(0.,1.,0.));
#4715=DIRECTION('center_axis',(0.,1.,0.));
#4716=DIRECTION('ref_axis',(0.647689071844549,0.,-0.761904761904758));
#4717=DIRECTION('center_axis',(0.,-1.,0.));
#4718=DIRECTION('ref_axis',(0.647689071844549,0.,-0.761904761904758));
#4719=DIRECTION('center_axis',(0.,1.,0.));
#4720=DIRECTION('ref_axis',(0.647689071844549,0.,-0.761904761904758));
#4721=DIRECTION('center_axis',(0.,1.,0.));
#4722=DIRECTION('ref_axis',(0.,0.,1.));
#4723=DIRECTION('center_axis',(0.,1.,0.));
#4724=DIRECTION('ref_axis',(-0.647689071844549,0.,0.761904761904759));
#4725=DIRECTION('',(1.,0.,0.));
#4726=DIRECTION('center_axis',(0.,1.,0.));
#4727=DIRECTION('ref_axis',(-2.96059473233375E-15,0.,1.));
#4728=DIRECTION('center_axis',(0.,-1.,0.));
#4729=DIRECTION('ref_axis',(-0.647689071844549,0.,0.761904761904758));
#4730=DIRECTION('center_axis',(0.,1.,0.));
#4731=DIRECTION('ref_axis',(-0.647689071844549,0.,0.761904761904759));
#4732=DIRECTION('',(1.,0.,0.));
#4733=DIRECTION('center_axis',(0.,1.,0.));
#4734=DIRECTION('ref_axis',(0.,0.,1.));
#4735=DIRECTION('',(1.97372982155583E-16,0.,-1.));
#4736=DIRECTION('center_axis',(0.,1.,0.));
#4737=DIRECTION('ref_axis',(1.,0.,1.77635683940024E-15));
#4738=DIRECTION('',(-1.,0.,2.67529545158669E-16));
#4739=DIRECTION('center_axis',(0.,1.,0.));
#4740=DIRECTION('ref_axis',(0.,0.,-1.));
#4741=DIRECTION('center_axis',(0.,-1.,0.));
#4742=DIRECTION('ref_axis',(0.647689071844547,0.,-0.76190476190476));
#4743=DIRECTION('center_axis',(0.,1.,0.));
#4744=DIRECTION('ref_axis',(0.647689071844545,0.,-0.761904761904761));
#4745=DIRECTION('',(-1.,0.,0.));
#4746=DIRECTION('center_axis',(0.,1.,0.));
#4747=DIRECTION('ref_axis',(0.,0.,-1.));
#4748=DIRECTION('center_axis',(0.,-1.,0.));
#4749=DIRECTION('ref_axis',(0.647689071844545,0.,-0.761904761904762));
#4750=DIRECTION('center_axis',(0.,1.,0.));
#4751=DIRECTION('ref_axis',(0.647689071844544,0.,-0.761904761904762));
#4752=DIRECTION('',(-1.,0.,0.));
#4753=DIRECTION('center_axis',(0.,1.,0.));
#4754=DIRECTION('ref_axis',(0.,0.,-1.));
#4755=DIRECTION('center_axis',(0.,-1.,0.));
#4756=DIRECTION('ref_axis',(0.647689071844547,0.,-0.76190476190476));
#4757=DIRECTION('center_axis',(0.,1.,0.));
#4758=DIRECTION('ref_axis',(0.647689071844549,0.,-0.761904761904759));
#4759=DIRECTION('',(-1.,0.,0.));
#4760=DIRECTION('center_axis',(0.,1.,0.));
#4761=DIRECTION('ref_axis',(7.40148683083438E-16,0.,-1.));
#4762=DIRECTION('center_axis',(0.,-1.,0.));
#4763=DIRECTION('ref_axis',(0.647689071844547,0.,-0.76190476190476));
#4764=DIRECTION('center_axis',(0.,1.,0.));
#4765=DIRECTION('ref_axis',(0.647689071844548,0.,-0.761904761904759));
#4766=DIRECTION('',(-1.,0.,2.01402681136094E-16));
#4767=DIRECTION('center_axis',(0.,1.,0.));
#4768=DIRECTION('ref_axis',(-3.55271367880051E-15,0.,-1.));
#4769=DIRECTION('',(0.,0.,1.));
#4770=DIRECTION('center_axis',(0.,1.,0.));
#4771=DIRECTION('ref_axis',(-1.,0.,0.));
#4772=DIRECTION('',(1.,0.,0.));
#4773=DIRECTION('center_axis',(0.,1.,0.));
#4774=DIRECTION('ref_axis',(-1.66533453693774E-15,0.,1.));
#4775=DIRECTION('center_axis',(0.,-1.,0.));
#4776=DIRECTION('ref_axis',(-0.647689071844548,0.,0.761904761904759));
#4777=DIRECTION('center_axis',(0.,1.,0.));
#4778=DIRECTION('ref_axis',(-0.647689071844549,0.,0.761904761904759));
#4779=DIRECTION('',(1.,0.,0.));
#4780=DIRECTION('center_axis',(0.,1.,0.));
#4781=DIRECTION('ref_axis',(-1.48029736616688E-15,0.,1.));
#4782=DIRECTION('center_axis',(0.,-1.,0.));
#4783=DIRECTION('ref_axis',(-0.647689071844548,0.,0.761904761904759));
#4784=DIRECTION('center_axis',(0.,1.,0.));
#4785=DIRECTION('ref_axis',(-0.647689071844549,0.,0.761904761904759));
#4786=DIRECTION('',(1.,0.,0.));
#4787=DIRECTION('center_axis',(0.,1.,0.));
#4788=DIRECTION('ref_axis',(-1.48029736616688E-15,0.,1.));
#4789=DIRECTION('center_axis',(0.,-1.,0.));
#4790=DIRECTION('ref_axis',(-0.647689071844548,0.,0.761904761904759));
#4791=DIRECTION('center_axis',(0.,1.,0.));
#4792=DIRECTION('ref_axis',(0.,0.,1.));
#4793=DIRECTION('center_axis',(1.,0.,0.));
#4794=DIRECTION('ref_axis',(0.,0.,1.));
#4795=DIRECTION('center_axis',(0.,1.,0.));
#4796=DIRECTION('ref_axis',(0.345032779671179,0.,0.938590635448905));
#4797=DIRECTION('center_axis',(-0.761904761904759,0.,0.647689071844548));
#4798=DIRECTION('ref_axis',(0.,-1.,0.));
#4799=DIRECTION('center_axis',(0.,-1.,0.));
#4800=DIRECTION('ref_axis',(0.345032779671179,0.,0.938590635448905));
#4801=DIRECTION('center_axis',(0.,1.,0.));
#4802=DIRECTION('ref_axis',(9.34924652315921E-17,0.,-1.));
#4803=DIRECTION('center_axis',(-0.761904761904759,0.,-0.647689071844548));
#4804=DIRECTION('ref_axis',(0.,-1.,0.));
#4805=DIRECTION('center_axis',(0.,1.,0.));
#4806=DIRECTION('ref_axis',(7.40148683083438E-17,0.,-1.));
#4807=DIRECTION('center_axis',(0.,-1.,0.));
#4808=DIRECTION('ref_axis',(7.40148683083438E-17,0.,-1.));
#4809=DIRECTION('center_axis',(0.,1.,0.));
#4810=DIRECTION('ref_axis',(0.,0.,1.));
#4811=DIRECTION('center_axis',(-1.,0.,0.));
#4812=DIRECTION('ref_axis',(0.,-1.,0.));
#4813=DIRECTION('center_axis',(0.,-1.,0.));
#4814=DIRECTION('ref_axis',(-0.34503277967118,0.,0.938590635448905));
#4815=DIRECTION('center_axis',(0.,1.,0.));
#4816=DIRECTION('ref_axis',(-0.34503277967118,0.,0.938590635448905));
#4817=DIRECTION('center_axis',(1.,0.,0.));
#4818=DIRECTION('ref_axis',(0.,-0.707106781186549,0.707106781186546));
#4819=DIRECTION('center_axis',(-1.,0.,4.44089209850064E-15));
#4820=DIRECTION('ref_axis',(0.,-1.,0.));
#4821=DIRECTION('',(-1.,0.,0.));
#4822=DIRECTION('',(1.,0.,0.));
#4823=DIRECTION('center_axis',(0.,1.,0.));
#4824=DIRECTION('ref_axis',(0.,0.,1.));
#4825=DIRECTION('center_axis',(-0.761904761904758,0.,0.64768907184455));
#4826=DIRECTION('ref_axis',(0.,-1.,0.));
#4827=DIRECTION('center_axis',(0.,-1.,0.));
#4828=DIRECTION('ref_axis',(0.345032779671179,0.,0.938590635448905));
#4829=DIRECTION('center_axis',(0.,1.,0.));
#4830=DIRECTION('ref_axis',(0.345032779671179,0.,0.938590635448905));
#4831=DIRECTION('center_axis',(0.,1.,0.));
#4832=DIRECTION('ref_axis',(0.,0.,-1.));
#4833=DIRECTION('center_axis',(-0.76190476190476,0.,-0.647689071844547));
#4834=DIRECTION('ref_axis',(0.,-1.,0.));
#4835=DIRECTION('center_axis',(0.,1.,0.));
#4836=DIRECTION('ref_axis',(-2.96059473233375E-16,0.,-1.));
#4837=DIRECTION('center_axis',(0.,-1.,0.));
#4838=DIRECTION('ref_axis',(-2.96059473233375E-16,0.,-1.));
#4839=DIRECTION('center_axis',(0.,1.,0.));
#4840=DIRECTION('ref_axis',(0.,0.,1.));
#4841=DIRECTION('center_axis',(-1.,0.,0.));
#4842=DIRECTION('ref_axis',(0.,-1.,0.));
#4843=DIRECTION('center_axis',(0.,-1.,0.));
#4844=DIRECTION('ref_axis',(-0.34503277967118,0.,0.938590635448905));
#4845=DIRECTION('center_axis',(0.,1.,0.));
#4846=DIRECTION('ref_axis',(-0.345032779671181,0.,0.938590635448905));
#4847=DIRECTION('center_axis',(1.,0.,0.));
#4848=DIRECTION('ref_axis',(0.,-0.707106781186549,0.707106781186546));
#4849=DIRECTION('center_axis',(-1.,0.,4.44089209850064E-15));
#4850=DIRECTION('ref_axis',(0.,-1.,0.));
#4851=DIRECTION('',(-1.,0.,0.));
#4852=DIRECTION('',(1.,0.,0.));
#4853=DIRECTION('center_axis',(0.,1.,0.));
#4854=DIRECTION('ref_axis',(0.,0.,1.));
#4855=DIRECTION('center_axis',(-0.76190476190476,0.,0.647689071844547));
#4856=DIRECTION('ref_axis',(0.,-1.,0.));
#4857=DIRECTION('center_axis',(0.,-1.,0.));
#4858=DIRECTION('ref_axis',(0.345032779671179,0.,0.938590635448905));
#4859=DIRECTION('center_axis',(0.,1.,0.));
#4860=DIRECTION('ref_axis',(0.345032779671179,0.,0.938590635448905));
#4861=DIRECTION('center_axis',(0.,1.,0.));
#4862=DIRECTION('ref_axis',(0.,0.,-1.));
#4863=DIRECTION('center_axis',(-0.76190476190476,0.,-0.647689071844547));
#4864=DIRECTION('ref_axis',(0.,-1.,0.));
#4865=DIRECTION('center_axis',(0.,1.,0.));
#4866=DIRECTION('ref_axis',(0.,0.,-1.));
#4867=DIRECTION('center_axis',(0.,-1.,0.));
#4868=DIRECTION('ref_axis',(0.,0.,-1.));
#4869=DIRECTION('center_axis',(0.,1.,0.));
#4870=DIRECTION('ref_axis',(0.,0.,1.));
#4871=DIRECTION('center_axis',(-1.,0.,0.));
#4872=DIRECTION('ref_axis',(0.,-1.,0.));
#4873=DIRECTION('center_axis',(0.,-1.,0.));
#4874=DIRECTION('ref_axis',(-0.34503277967118,0.,0.938590635448905));
#4875=DIRECTION('center_axis',(0.,1.,0.));
#4876=DIRECTION('ref_axis',(-0.34503277967118,0.,0.938590635448905));
#4877=DIRECTION('center_axis',(1.,0.,0.));
#4878=DIRECTION('ref_axis',(0.,-0.707106781186549,0.707106781186546));
#4879=DIRECTION('center_axis',(-1.,0.,8.88178419700128E-15));
#4880=DIRECTION('ref_axis',(0.,-1.,0.));
#4881=DIRECTION('',(-1.,0.,0.));
#4882=DIRECTION('',(1.,0.,0.));
#4883=DIRECTION('center_axis',(0.,1.,0.));
#4884=DIRECTION('ref_axis',(0.,0.,1.));
#4885=DIRECTION('center_axis',(-0.76190476190476,0.,0.647689071844547));
#4886=DIRECTION('ref_axis',(0.,-1.,0.));
#4887=DIRECTION('center_axis',(0.,-1.,0.));
#4888=DIRECTION('ref_axis',(0.345032779671178,0.,0.938590635448906));
#4889=DIRECTION('center_axis',(0.,1.,0.));
#4890=DIRECTION('ref_axis',(0.345032779671178,0.,0.938590635448906));
#4891=DIRECTION('center_axis',(0.,1.,0.));
#4892=DIRECTION('ref_axis',(0.,0.,-1.));
#4893=DIRECTION('center_axis',(-0.76190476190476,0.,-0.647689071844547));
#4894=DIRECTION('ref_axis',(0.,-1.,0.));
#4895=DIRECTION('center_axis',(0.,1.,0.));
#4896=DIRECTION('ref_axis',(0.,0.,-1.));
#4897=DIRECTION('center_axis',(0.,-1.,0.));
#4898=DIRECTION('ref_axis',(0.,0.,-1.));
#4899=DIRECTION('center_axis',(0.,1.,0.));
#4900=DIRECTION('ref_axis',(0.,0.,1.));
#4901=DIRECTION('center_axis',(-1.,0.,0.));
#4902=DIRECTION('ref_axis',(0.,-1.,0.));
#4903=DIRECTION('center_axis',(0.,-1.,0.));
#4904=DIRECTION('ref_axis',(-0.34503277967118,0.,0.938590635448905));
#4905=DIRECTION('center_axis',(0.,1.,0.));
#4906=DIRECTION('ref_axis',(-0.345032779671181,0.,0.938590635448905));
#4907=DIRECTION('center_axis',(1.,0.,0.));
#4908=DIRECTION('ref_axis',(0.,-0.707106781186549,0.707106781186546));
#4909=DIRECTION('center_axis',(-1.,0.,0.));
#4910=DIRECTION('ref_axis',(0.,-1.,0.));
#4911=DIRECTION('',(-1.,0.,0.));
#4912=DIRECTION('',(1.,0.,0.));
#4913=DIRECTION('center_axis',(0.,1.,0.));
#4914=DIRECTION('ref_axis',(0.,0.,1.));
#4915=DIRECTION('center_axis',(0.,0.,1.));
#4916=DIRECTION('ref_axis',(0.,-1.,0.));
#4917=DIRECTION('center_axis',(0.,-1.,0.));
#4918=DIRECTION('ref_axis',(0.707106781186548,0.,0.707106781186547));
#4919=DIRECTION('center_axis',(0.,1.,0.));
#4920=DIRECTION('ref_axis',(0.707106781186549,0.,0.707106781186547));
#4921=DIRECTION('center_axis',(1.97372982155583E-16,0.,-1.));
#4922=DIRECTION('ref_axis',(0.70710678118654,-0.707106781186555,0.));
#4923=DIRECTION('center_axis',(0.,0.,1.));
#4924=DIRECTION('ref_axis',(0.,-1.,0.));
#4925=DIRECTION('',(-1.97372982155583E-16,0.,1.));
#4926=DIRECTION('',(1.97372982155583E-16,0.,-1.));
#4927=DIRECTION('center_axis',(0.,1.,0.));
#4928=DIRECTION('ref_axis',(0.,0.,1.));
#4929=DIRECTION('center_axis',(1.,0.,0.));
#4930=DIRECTION('ref_axis',(0.,-1.,0.));
#4931=DIRECTION('center_axis',(0.,-1.,0.));
#4932=DIRECTION('ref_axis',(0.707106781186547,0.,-0.707106781186548));
#4933=DIRECTION('center_axis',(0.,1.,0.));
#4934=DIRECTION('ref_axis',(0.707106781186547,0.,-0.707106781186548));
#4935=DIRECTION('center_axis',(-1.,0.,1.48029736616688E-16));
#4936=DIRECTION('ref_axis',(0.,-0.707106781186549,-0.707106781186546));
#4937=DIRECTION('center_axis',(1.,0.,0.));
#4938=DIRECTION('ref_axis',(0.,-1.,0.));
#4939=DIRECTION('',(1.,0.,-1.48029736616688E-16));
#4940=DIRECTION('',(-1.,0.,1.48029736616688E-16));
#4941=DIRECTION('center_axis',(0.,1.,0.));
#4942=DIRECTION('ref_axis',(0.,0.,1.));
#4943=DIRECTION('center_axis',(0.761904761904757,0.,-0.647689071844551));
#4944=DIRECTION('ref_axis',(0.,-1.,0.));
#4945=DIRECTION('center_axis',(0.,-1.,0.));
#4946=DIRECTION('ref_axis',(-0.345032779671177,0.,-0.938590635448906));
#4947=DIRECTION('center_axis',(0.,1.,0.));
#4948=DIRECTION('ref_axis',(-0.345032779671177,0.,-0.938590635448906));
#4949=DIRECTION('center_axis',(0.,1.,0.));
#4950=DIRECTION('ref_axis',(0.,0.,1.));
#4951=DIRECTION('center_axis',(0.76190476190476,0.,0.647689071844547));
#4952=DIRECTION('ref_axis',(0.,-1.,0.));
#4953=DIRECTION('center_axis',(0.,1.,0.));
#4954=DIRECTION('ref_axis',(-1.1842378929335E-15,0.,1.));
#4955=DIRECTION('center_axis',(0.,-1.,0.));
#4956=DIRECTION('ref_axis',(-1.1842378929335E-15,0.,1.));
#4957=DIRECTION('center_axis',(0.,1.,0.));
#4958=DIRECTION('ref_axis',(0.,0.,1.));
#4959=DIRECTION('center_axis',(1.,0.,0.));
#4960=DIRECTION('ref_axis',(0.,-1.,0.));
#4961=DIRECTION('center_axis',(0.,-1.,0.));
#4962=DIRECTION('ref_axis',(0.345032779671177,0.,-0.938590635448906));
#4963=DIRECTION('center_axis',(0.,1.,0.));
#4964=DIRECTION('ref_axis',(0.345032779671177,0.,-0.938590635448906));
#4965=DIRECTION('center_axis',(-1.,0.,1.48029736616688E-16));
#4966=DIRECTION('ref_axis',(0.,-0.707106781186549,-0.707106781186546));
#4967=DIRECTION('center_axis',(1.,0.,0.));
#4968=DIRECTION('ref_axis',(0.,-1.,0.));
#4969=DIRECTION('',(1.,0.,-1.48029736616688E-16));
#4970=DIRECTION('',(-1.,0.,1.48029736616688E-16));
#4971=DIRECTION('center_axis',(0.,1.,0.));
#4972=DIRECTION('ref_axis',(0.,0.,1.));
#4973=DIRECTION('center_axis',(0.761904761904762,0.,-0.647689071844544));
#4974=DIRECTION('ref_axis',(0.,-1.,0.));
#4975=DIRECTION('center_axis',(0.,-1.,0.));
#4976=DIRECTION('ref_axis',(-0.345032779671177,0.,-0.938590635448906));
#4977=DIRECTION('center_axis',(0.,1.,0.));
#4978=DIRECTION('ref_axis',(-0.345032779671177,0.,-0.938590635448906));
#4979=DIRECTION('center_axis',(0.,1.,0.));
#4980=DIRECTION('ref_axis',(0.,0.,1.));
#4981=DIRECTION('center_axis',(0.761904761904764,0.,0.647689071844543));
#4982=DIRECTION('ref_axis',(0.,-1.,0.));
#4983=DIRECTION('center_axis',(0.,1.,0.));
#4984=DIRECTION('ref_axis',(-5.9211894646675E-16,0.,1.));
#4985=DIRECTION('center_axis',(0.,-1.,0.));
#4986=DIRECTION('ref_axis',(-5.9211894646675E-16,0.,1.));
#4987=DIRECTION('center_axis',(0.,1.,0.));
#4988=DIRECTION('ref_axis',(0.,0.,1.));
#4989=DIRECTION('center_axis',(1.,0.,0.));
#4990=DIRECTION('ref_axis',(0.,-1.,0.));
#4991=DIRECTION('center_axis',(0.,-1.,0.));
#4992=DIRECTION('ref_axis',(0.345032779671176,0.,-0.938590635448906));
#4993=DIRECTION('center_axis',(0.,1.,0.));
#4994=DIRECTION('ref_axis',(0.345032779671176,0.,-0.938590635448906));
#4995=DIRECTION('center_axis',(-1.,0.,1.48029736616688E-16));
#4996=DIRECTION('ref_axis',(0.,-0.707106781186549,-0.707106781186546));
#4997=DIRECTION('center_axis',(1.,0.,0.));
#4998=DIRECTION('ref_axis',(0.,-1.,0.));
#4999=DIRECTION('',(1.,0.,-1.48029736616688E-16));
#5000=DIRECTION('',(-1.,0.,1.48029736616688E-16));
#5001=DIRECTION('center_axis',(0.,1.,0.));
#5002=DIRECTION('ref_axis',(0.,0.,1.));
#5003=DIRECTION('center_axis',(0.76190476190476,0.,-0.647689071844547));
#5004=DIRECTION('ref_axis',(0.,-1.,0.));
#5005=DIRECTION('center_axis',(0.,-1.,0.));
#5006=DIRECTION('ref_axis',(-0.345032779671178,0.,-0.938590635448906));
#5007=DIRECTION('center_axis',(0.,1.,0.));
#5008=DIRECTION('ref_axis',(-0.345032779671178,0.,-0.938590635448906));
#5009=DIRECTION('center_axis',(0.,1.,0.));
#5010=DIRECTION('ref_axis',(0.,0.,1.));
#5011=DIRECTION('center_axis',(0.761904761904761,0.,0.647689071844546));
#5012=DIRECTION('ref_axis',(0.,-1.,0.));
#5013=DIRECTION('center_axis',(0.,1.,0.));
#5014=DIRECTION('ref_axis',(2.96059473233375E-16,0.,1.));
#5015=DIRECTION('center_axis',(0.,-1.,0.));
#5016=DIRECTION('ref_axis',(2.96059473233375E-16,0.,1.));
#5017=DIRECTION('center_axis',(0.,1.,0.));
#5018=DIRECTION('ref_axis',(0.,0.,1.));
#5019=DIRECTION('center_axis',(1.,0.,0.));
#5020=DIRECTION('ref_axis',(0.,-1.,0.));
#5021=DIRECTION('center_axis',(0.,-1.,0.));
#5022=DIRECTION('ref_axis',(0.345032779671179,0.,-0.938590635448905));
#5023=DIRECTION('center_axis',(0.,1.,0.));
#5024=DIRECTION('ref_axis',(0.345032779671179,0.,-0.938590635448905));
#5025=DIRECTION('center_axis',(-1.,0.,1.48029736616688E-16));
#5026=DIRECTION('ref_axis',(0.,-0.707106781186549,-0.707106781186546));
#5027=DIRECTION('center_axis',(1.,0.,-2.2204460492503E-15));
#5028=DIRECTION('ref_axis',(0.,-1.,0.));
#5029=DIRECTION('',(1.,0.,-1.48029736616688E-16));
#5030=DIRECTION('',(-1.,0.,1.48029736616688E-16));
#5031=DIRECTION('center_axis',(0.,1.,0.));
#5032=DIRECTION('ref_axis',(0.,0.,1.));
#5033=DIRECTION('center_axis',(0.76190476190476,0.,-0.647689071844548));
#5034=DIRECTION('ref_axis',(0.,-1.,0.));
#5035=DIRECTION('center_axis',(0.,-1.,0.));
#5036=DIRECTION('ref_axis',(-0.345032779671178,0.,-0.938590635448906));
#5037=DIRECTION('center_axis',(0.,1.,0.));
#5038=DIRECTION('ref_axis',(-0.345032779671178,0.,-0.938590635448906));
#5039=DIRECTION('center_axis',(0.,1.,0.));
#5040=DIRECTION('ref_axis',(0.,0.,1.));
#5041=DIRECTION('center_axis',(0.761904761904761,0.,0.647689071844546));
#5042=DIRECTION('ref_axis',(0.,-1.,0.));
#5043=DIRECTION('center_axis',(0.,1.,0.));
#5044=DIRECTION('ref_axis',(7.40148683083438E-17,0.,1.));
#5045=DIRECTION('center_axis',(0.,-1.,0.));
#5046=DIRECTION('ref_axis',(7.40148683083438E-17,0.,1.));
#5047=DIRECTION('center_axis',(0.,1.,0.));
#5048=DIRECTION('ref_axis',(0.,0.,1.));
#5049=DIRECTION('center_axis',(1.,0.,0.));
#5050=DIRECTION('ref_axis',(0.,-1.,0.));
#5051=DIRECTION('center_axis',(0.,-1.,0.));
#5052=DIRECTION('ref_axis',(0.34503277967118,0.,-0.938590635448905));
#5053=DIRECTION('center_axis',(0.,1.,0.));
#5054=DIRECTION('ref_axis',(0.34503277967118,0.,-0.938590635448905));
#5055=DIRECTION('center_axis',(-1.,0.,1.48029736616688E-16));
#5056=DIRECTION('ref_axis',(0.,-0.707106781186549,-0.707106781186546));
#5057=DIRECTION('center_axis',(1.,0.,0.));
#5058=DIRECTION('ref_axis',(0.,-1.,0.));
#5059=DIRECTION('',(1.,0.,-1.48029736616688E-16));
#5060=DIRECTION('',(-1.,0.,1.48029736616688E-16));
#5061=DIRECTION('center_axis',(0.,1.,0.));
#5062=DIRECTION('ref_axis',(0.,0.,1.));
#5063=DIRECTION('center_axis',(0.,0.,-1.));
#5064=DIRECTION('ref_axis',(0.,-1.,0.));
#5065=DIRECTION('center_axis',(0.,-1.,0.));
#5066=DIRECTION('ref_axis',(-0.707106781186548,0.,-0.707106781186548));
#5067=DIRECTION('center_axis',(0.,1.,0.));
#5068=DIRECTION('ref_axis',(-0.707106781186547,0.,-0.707106781186547));
#5069=DIRECTION('center_axis',(1.97372982155583E-16,0.,1.));
#5070=DIRECTION('ref_axis',(-0.70710678118654,-0.707106781186555,0.));
#5071=DIRECTION('center_axis',(0.,0.,-1.));
#5072=DIRECTION('ref_axis',(0.,-1.,0.));
#5073=DIRECTION('',(-1.97372982155583E-16,0.,-1.));
#5074=DIRECTION('',(1.97372982155583E-16,0.,1.));
#5075=DIRECTION('center_axis',(0.,1.,0.));
#5076=DIRECTION('ref_axis',(0.,0.,1.));
#5077=DIRECTION('center_axis',(-1.,0.,0.));
#5078=DIRECTION('ref_axis',(0.,-1.,0.));
#5079=DIRECTION('center_axis',(0.,-1.,0.));
#5080=DIRECTION('ref_axis',(-0.707106781186547,0.,0.707106781186548));
#5081=DIRECTION('center_axis',(0.,1.,0.));
#5082=DIRECTION('ref_axis',(-0.707106781186547,0.,0.707106781186548));
#5083=DIRECTION('center_axis',(1.,0.,0.));
#5084=DIRECTION('ref_axis',(0.,-0.707106781186549,0.707106781186546));
#5085=DIRECTION('',(-1.,0.,0.));
#5086=DIRECTION('',(1.,0.,0.));
#5087=DIRECTION('center_axis',(0.,-1.,0.));
#5088=DIRECTION('ref_axis',(1.,0.,0.));
#5089=DIRECTION('',(0.,-1.,0.));
#5090=DIRECTION('',(0.,1.,0.));
#5091=DIRECTION('center_axis',(0.,-1.,0.));
#5092=DIRECTION('ref_axis',(0.345032779671178,0.,-0.938590635448906));
#5093=DIRECTION('',(0.,1.,0.));
#5094=DIRECTION('center_axis',(-1.48029736616688E-16,0.,-1.));
#5095=DIRECTION('ref_axis',(-1.,0.,1.48029736616688E-16));
#5096=DIRECTION('',(0.,-1.,0.));
#5097=DIRECTION('center_axis',(0.,1.,0.));
#5098=DIRECTION('ref_axis',(-0.345032779671178,0.,-0.938590635448906));
#5099=DIRECTION('',(0.,1.,0.));
#5100=DIRECTION('center_axis',(0.,-1.,0.));
#5101=DIRECTION('ref_axis',(1.,0.,0.));
#5102=DIRECTION('',(0.,-1.,0.));
#5103=DIRECTION('center_axis',(0.,-1.,0.));
#5104=DIRECTION('ref_axis',(0.345032779671176,0.,-0.938590635448906));
#5105=DIRECTION('',(0.,1.,0.));
#5106=DIRECTION('center_axis',(-1.48029736616688E-16,0.,-1.));
#5107=DIRECTION('ref_axis',(-1.,0.,1.48029736616688E-16));
#5108=DIRECTION('',(0.,-1.,0.));
#5109=DIRECTION('center_axis',(0.,1.,0.));
#5110=DIRECTION('ref_axis',(-0.345032779671178,0.,-0.938590635448906));
#5111=DIRECTION('',(0.,1.,0.));
#5112=DIRECTION('center_axis',(0.,-1.,0.));
#5113=DIRECTION('ref_axis',(1.,0.,0.));
#5114=DIRECTION('',(0.,-1.,0.));
#5115=DIRECTION('center_axis',(0.,-1.,0.));
#5116=DIRECTION('ref_axis',(0.345032779671178,0.,-0.938590635448905));
#5117=DIRECTION('',(0.,1.,0.));
#5118=DIRECTION('center_axis',(-1.48029736616688E-16,0.,-1.));
#5119=DIRECTION('ref_axis',(-1.,0.,1.48029736616688E-16));
#5120=DIRECTION('',(0.,-1.,0.));
#5121=DIRECTION('center_axis',(0.,1.,0.));
#5122=DIRECTION('ref_axis',(-0.345032779671178,0.,-0.938590635448905));
#5123=DIRECTION('',(0.,1.,0.));
#5124=DIRECTION('center_axis',(0.,-1.,0.));
#5125=DIRECTION('ref_axis',(1.,0.,0.));
#5126=DIRECTION('',(0.,-1.,0.));
#5127=DIRECTION('center_axis',(0.,-1.,0.));
#5128=DIRECTION('ref_axis',(0.345032779671179,0.,-0.938590635448905));
#5129=DIRECTION('',(0.,1.,0.));
#5130=DIRECTION('center_axis',(-1.48029736616688E-16,0.,-1.));
#5131=DIRECTION('ref_axis',(-1.,0.,1.48029736616688E-16));
#5132=DIRECTION('',(0.,1.,0.));
#5133=DIRECTION('center_axis',(0.,1.,0.));
#5134=DIRECTION('ref_axis',(0.,0.,-1.));
#5135=DIRECTION('',(0.,1.,0.));
#5136=DIRECTION('center_axis',(-1.,0.,1.97372982155583E-16));
#5137=DIRECTION('ref_axis',(1.97372982155583E-16,0.,1.));
#5138=DIRECTION('',(0.,1.,0.));
#5139=DIRECTION('center_axis',(0.,1.,0.));
#5140=DIRECTION('ref_axis',(-1.,0.,0.));
#5141=DIRECTION('',(0.,1.,0.));
#5142=DIRECTION('center_axis',(0.,0.,1.));
#5143=DIRECTION('ref_axis',(1.,0.,0.));
#5144=DIRECTION('',(0.,-1.,0.));
#5145=DIRECTION('center_axis',(0.,1.,0.));
#5146=DIRECTION('ref_axis',(0.34503277967118,0.,0.938590635448905));
#5147=DIRECTION('',(0.,1.,0.));
#5148=DIRECTION('center_axis',(0.,1.,0.));
#5149=DIRECTION('ref_axis',(0.,0.,1.));
#5150=DIRECTION('center_axis',(0.,-1.,0.));
#5151=DIRECTION('ref_axis',(1.,0.,0.));
#5152=DIRECTION('center_axis',(0.,1.,0.));
#5153=DIRECTION('ref_axis',(1.,0.,0.));
#5154=DIRECTION('',(0.,1.,0.));
#5155=DIRECTION('center_axis',(0.,0.,1.));
#5156=DIRECTION('ref_axis',(1.,0.,0.));
#5157=DIRECTION('',(-1.,0.,0.));
#5158=DIRECTION('',(0.,1.,0.));
#5159=DIRECTION('center_axis',(0.,-1.,0.));
#5160=DIRECTION('ref_axis',(1.,0.,0.));
#5161=DIRECTION('center_axis',(0.,1.,0.));
#5162=DIRECTION('ref_axis',(1.,0.,0.));
#5163=DIRECTION('',(0.,1.,0.));
#5164=DIRECTION('center_axis',(0.,0.,1.));
#5165=DIRECTION('ref_axis',(1.,0.,0.));
#5166=DIRECTION('',(-1.,0.,0.));
#5167=DIRECTION('',(0.,1.,0.));
#5168=DIRECTION('center_axis',(0.,-1.,0.));
#5169=DIRECTION('ref_axis',(1.,0.,0.));
#5170=DIRECTION('center_axis',(0.,1.,0.));
#5171=DIRECTION('ref_axis',(1.,0.,0.));
#5172=DIRECTION('',(0.,1.,0.));
#5173=DIRECTION('center_axis',(0.,0.,1.));
#5174=DIRECTION('ref_axis',(1.,0.,0.));
#5175=DIRECTION('',(-1.,0.,0.));
#5176=DIRECTION('',(0.,1.,0.));
#5177=DIRECTION('center_axis',(0.,-1.,0.));
#5178=DIRECTION('ref_axis',(1.,0.,0.));
#5179=DIRECTION('',(0.,1.,0.));
#5180=DIRECTION('center_axis',(0.,1.,0.));
#5181=DIRECTION('ref_axis',(1.,0.,0.));
#5182=DIRECTION('',(0.,1.,0.));
#5183=DIRECTION('center_axis',(-1.48029736616688E-16,0.,-1.));
#5184=DIRECTION('ref_axis',(-1.,0.,1.48029736616688E-16));
#5185=DIRECTION('',(0.,-1.,0.));
#5186=DIRECTION('',(1.,0.,-1.48029736616688E-16));
#5187=DIRECTION('center_axis',(-1.48029736616688E-16,0.,-1.));
#5188=DIRECTION('ref_axis',(-1.,0.,1.48029736616688E-16));
#5189=DIRECTION('',(1.,0.,-1.48029736616688E-16));
#5190=DIRECTION('',(0.,1.,0.));
#5191=DIRECTION('center_axis',(0.,-1.,0.));
#5192=DIRECTION('ref_axis',(1.,0.,0.));
#5193=DIRECTION('center_axis',(0.,1.,0.));
#5194=DIRECTION('ref_axis',(1.,0.,0.));
#5195=DIRECTION('',(0.,1.,0.));
#5196=DIRECTION('center_axis',(-1.48029736616688E-16,0.,-1.));
#5197=DIRECTION('ref_axis',(-1.,0.,1.48029736616688E-16));
#5198=DIRECTION('',(1.,0.,-1.48029736616688E-16));
#5199=DIRECTION('center_axis',(-1.48029736616688E-16,0.,-1.));
#5200=DIRECTION('ref_axis',(-1.,0.,1.48029736616688E-16));
#5201=DIRECTION('',(1.,0.,-1.48029736616688E-16));
#5202=DIRECTION('center_axis',(0.,-1.,0.));
#5203=DIRECTION('ref_axis',(1.,0.,0.));
#5204=DIRECTION('center_axis',(0.,1.,0.));
#5205=DIRECTION('ref_axis',(1.,0.,0.));
#5206=DIRECTION('center_axis',(0.,-1.,0.));
#5207=DIRECTION('ref_axis',(1.,0.,0.));
#5208=DIRECTION('center_axis',(0.,1.,0.));
#5209=DIRECTION('ref_axis',(1.,0.,0.));
#5210=DIRECTION('center_axis',(-1.,0.,1.97372982155583E-16));
#5211=DIRECTION('ref_axis',(1.97372982155583E-16,0.,1.));
#5212=DIRECTION('',(-1.97372982155583E-16,0.,-1.));
#5213=DIRECTION('center_axis',(1.,0.,1.97372982155583E-16));
#5214=DIRECTION('ref_axis',(1.97372982155583E-16,0.,-1.));
#5215=DIRECTION('',(-1.97372982155583E-16,0.,1.));
#5216=DIRECTION('center_axis',(0.,1.,0.));
#5217=DIRECTION('ref_axis',(0.,0.,1.));
#5218=DIRECTION('center_axis',(0.,1.,0.));
#5219=DIRECTION('ref_axis',(-0.345032779671178,0.,-0.938590635448906));
#5220=DIRECTION('',(0.,-1.,0.));
#5221=DIRECTION('center_axis',(-1.48029736616688E-16,0.,-1.));
#5222=DIRECTION('ref_axis',(-1.,0.,1.48029736616688E-16));
#5223=DIRECTION('',(0.,1.,0.));
#5224=DIRECTION('center_axis',(0.,-1.,0.));
#5225=DIRECTION('ref_axis',(-0.345032779671182,0.,0.938590635448904));
#5226=DIRECTION('',(0.,1.,0.));
#5227=DIRECTION('',(0.,-1.,0.));
#5228=DIRECTION('center_axis',(0.,-1.,0.));
#5229=DIRECTION('ref_axis',(1.,0.,0.));
#5230=DIRECTION('',(0.,1.,0.));
#5231=DIRECTION('center_axis',(0.,1.,0.));
#5232=DIRECTION('ref_axis',(0.345032779671182,0.,0.938590635448904));
#5233=DIRECTION('',(0.,-1.,0.));
#5234=DIRECTION('center_axis',(0.,0.,1.));
#5235=DIRECTION('ref_axis',(1.,0.,0.));
#5236=DIRECTION('',(0.,1.,0.));
#5237=DIRECTION('center_axis',(0.,-1.,0.));
#5238=DIRECTION('ref_axis',(-0.345032779671179,0.,0.938590635448905));
#5239=DIRECTION('',(0.,-1.,0.));
#5240=DIRECTION('center_axis',(0.,-1.,0.));
#5241=DIRECTION('ref_axis',(1.,0.,0.));
#5242=DIRECTION('',(0.,1.,0.));
#5243=DIRECTION('center_axis',(0.,1.,0.));
#5244=DIRECTION('ref_axis',(0.34503277967118,0.,0.938590635448905));
#5245=DIRECTION('',(0.,-1.,0.));
#5246=DIRECTION('center_axis',(0.,0.,1.));
#5247=DIRECTION('ref_axis',(1.,0.,0.));
#5248=DIRECTION('',(0.,1.,0.));
#5249=DIRECTION('center_axis',(0.,-1.,0.));
#5250=DIRECTION('ref_axis',(-0.34503277967118,0.,0.938590635448905));
#5251=DIRECTION('',(0.,-1.,0.));
#5252=DIRECTION('center_axis',(0.,-1.,0.));
#5253=DIRECTION('ref_axis',(1.,0.,0.));
#5254=DIRECTION('',(0.,1.,0.));
#5255=DIRECTION('center_axis',(0.,1.,0.));
#5256=DIRECTION('ref_axis',(0.34503277967118,0.,0.938590635448905));
#5257=DIRECTION('',(0.,-1.,0.));
#5258=DIRECTION('center_axis',(0.,0.,1.));
#5259=DIRECTION('ref_axis',(1.,0.,0.));
#5260=DIRECTION('',(0.,1.,0.));
#5261=DIRECTION('center_axis',(0.,-1.,0.));
#5262=DIRECTION('ref_axis',(-0.34503277967118,0.,0.938590635448905));
#5263=DIRECTION('',(0.,-1.,0.));
#5264=DIRECTION('center_axis',(0.,-1.,0.));
#5265=DIRECTION('ref_axis',(1.,0.,0.));
#5266=DIRECTION('center_axis',(0.,0.,1.));
#5267=DIRECTION('ref_axis',(1.,0.,0.));
#5268=DIRECTION('',(0.,1.,0.));
#5269=DIRECTION('center_axis',(0.,1.,0.));
#5270=DIRECTION('ref_axis',(0.,0.,1.));
#5271=DIRECTION('',(0.,1.,0.));
#5272=DIRECTION('center_axis',(0.,1.,0.));
#5273=DIRECTION('ref_axis',(1.,0.,0.));
#5274=DIRECTION('',(0.,1.,0.));
#5275=DIRECTION('center_axis',(1.,0.,1.97372982155583E-16));
#5276=DIRECTION('ref_axis',(1.97372982155583E-16,0.,-1.));
#5277=CARTESIAN_POINT('',(0.,0.,0.));
#5278=CARTESIAN_POINT('Origin',(-41.4839398558981,2.5,12.4849543277729));
#5279=CARTESIAN_POINT('',(-37.9839398558981,3.5,12.4849543277729));
#5280=CARTESIAN_POINT('',(-44.983939855898,3.5,12.4849543277729));
#5281=CARTESIAN_POINT('Origin',(-41.4839398558981,3.5,12.4849543277729));
#5282=CARTESIAN_POINT('Origin',(-41.4839398558981,3.5,12.4849543277729));
#5283=CARTESIAN_POINT('',(-44.983939855898,2.5,12.4849543277729));
#5284=CARTESIAN_POINT('',(-44.983939855898,2.5,12.4849543277729));
#5285=CARTESIAN_POINT('',(-37.9839398558981,2.5,12.4849543277729));
#5286=CARTESIAN_POINT('Origin',(-41.4839398558981,2.5,12.4849543277729));
#5287=CARTESIAN_POINT('Origin',(-41.4839398558981,2.5,12.4849543277729));
#5288=CARTESIAN_POINT('Origin',(-41.4839398558981,3.5,12.4849543277729));
#5289=CARTESIAN_POINT('',(-39.483939855898,3.5,12.4849543277729));
#5290=CARTESIAN_POINT('',(-43.4839398558981,3.5,12.4849543277729));
#5291=CARTESIAN_POINT('Origin',(-41.4839398558981,3.5,12.4849543277729));
#5292=CARTESIAN_POINT('Origin',(-41.4839398558981,3.5,12.4849543277729));
#5293=CARTESIAN_POINT('Origin',(-41.4839398558981,2.5,-0.0075269039160375));
#5294=CARTESIAN_POINT('',(-37.983939855898,3.5,-0.0075269039160375));
#5295=CARTESIAN_POINT('',(-44.9839398558981,3.5,-0.00752690391603707));
#5296=CARTESIAN_POINT('Origin',(-41.4839398558981,3.5,-0.0075269039160375));
#5297=CARTESIAN_POINT('Origin',(-41.4839398558981,3.5,-0.0075269039160375));
#5298=CARTESIAN_POINT('',(-44.9839398558981,2.5,-0.00752690391603707));
#5299=CARTESIAN_POINT('',(-44.9839398558981,2.5,-0.00752690391603707));
#5300=CARTESIAN_POINT('',(-37.983939855898,2.5,-0.0075269039160375));
#5301=CARTESIAN_POINT('Origin',(-41.4839398558981,2.5,-0.0075269039160375));
#5302=CARTESIAN_POINT('Origin',(-41.4839398558981,2.5,-0.0075269039160375));
#5303=CARTESIAN_POINT('Origin',(-41.4839398558981,3.5,-0.0075269039160375));
#5304=CARTESIAN_POINT('',(-39.483939855898,3.5,-0.00752690391603774));
#5305=CARTESIAN_POINT('',(-43.4839398558981,3.5,-0.00752690391603999));
#5306=CARTESIAN_POINT('Origin',(-41.4839398558981,3.5,-0.0075269039160375));
#5307=CARTESIAN_POINT('Origin',(-41.4839398558981,3.5,-0.0075269039160375));
#5308=CARTESIAN_POINT('Origin',(-66.515044897402,2.5,-12.516060381699));
#5309=CARTESIAN_POINT('',(-63.015044897402,3.5,-12.516060381699));
#5310=CARTESIAN_POINT('',(-70.015044897402,3.5,-12.516060381699));
#5311=CARTESIAN_POINT('Origin',(-66.515044897402,3.5,-12.516060381699));
#5312=CARTESIAN_POINT('Origin',(-66.515044897402,3.5,-12.516060381699));
#5313=CARTESIAN_POINT('',(-70.015044897402,2.5,-12.516060381699));
#5314=CARTESIAN_POINT('',(-70.015044897402,2.5,-12.516060381699));
#5315=CARTESIAN_POINT('',(-63.015044897402,2.5,-12.516060381699));
#5316=CARTESIAN_POINT('Origin',(-66.515044897402,2.5,-12.516060381699));
#5317=CARTESIAN_POINT('Origin',(-66.515044897402,2.5,-12.516060381699));
#5318=CARTESIAN_POINT('Origin',(-66.515044897402,3.5,-12.516060381699));
#5319=CARTESIAN_POINT('',(-64.515044897402,3.5,-12.516060381699));
#5320=CARTESIAN_POINT('',(-68.515044897402,3.5,-12.516060381699));
#5321=CARTESIAN_POINT('Origin',(-66.515044897402,3.5,-12.516060381699));
#5322=CARTESIAN_POINT('Origin',(-66.515044897402,3.5,-12.516060381699));
#5323=CARTESIAN_POINT('Origin',(-41.4839398558981,2.5,-12.500004320908));
#5324=CARTESIAN_POINT('',(-37.983939855898,3.5,-12.500004320908));
#5325=CARTESIAN_POINT('',(-44.9839398558981,3.5,-12.500004320908));
#5326=CARTESIAN_POINT('Origin',(-41.4839398558981,3.5,-12.500004320908));
#5327=CARTESIAN_POINT('Origin',(-41.4839398558981,3.5,-12.500004320908));
#5328=CARTESIAN_POINT('',(-44.9839398558981,2.5,-12.500004320908));
#5329=CARTESIAN_POINT('',(-44.9839398558981,2.5,-12.500004320908));
#5330=CARTESIAN_POINT('',(-37.983939855898,2.5,-12.500004320908));
#5331=CARTESIAN_POINT('Origin',(-41.4839398558981,2.5,-12.500004320908));
#5332=CARTESIAN_POINT('Origin',(-41.4839398558981,2.5,-12.500004320908));
#5333=CARTESIAN_POINT('Origin',(-41.4839398558981,3.5,-12.500004320908));
#5334=CARTESIAN_POINT('',(-39.483939855898,3.5,-12.500004320908));
#5335=CARTESIAN_POINT('',(-43.4839398558981,3.5,-12.500004320908));
#5336=CARTESIAN_POINT('Origin',(-41.4839398558981,3.5,-12.500004320908));
#5337=CARTESIAN_POINT('Origin',(-41.4839398558981,3.5,-12.500004320908));
#5338=CARTESIAN_POINT('Origin',(-66.681144445742,2.5,12.514197797012));
#5339=CARTESIAN_POINT('',(-63.181144445742,3.5,12.514197797012));
#5340=CARTESIAN_POINT('',(-70.181144445742,3.5,12.514197797012));
#5341=CARTESIAN_POINT('Origin',(-66.681144445742,3.5,12.514197797012));
#5342=CARTESIAN_POINT('Origin',(-66.681144445742,3.5,12.514197797012));
#5343=CARTESIAN_POINT('',(-70.181144445742,2.5,12.514197797012));
#5344=CARTESIAN_POINT('',(-70.181144445742,2.5,12.514197797012));
#5345=CARTESIAN_POINT('',(-63.181144445742,2.5,12.514197797012));
#5346=CARTESIAN_POINT('Origin',(-66.681144445742,2.5,12.514197797012));
#5347=CARTESIAN_POINT('Origin',(-66.681144445742,2.5,12.514197797012));
#5348=CARTESIAN_POINT('Origin',(-66.681144445742,3.5,12.514197797012));
#5349=CARTESIAN_POINT('',(-64.681144445742,3.5,12.514197797012));
#5350=CARTESIAN_POINT('',(-68.681144445742,3.5,12.514197797012));
#5351=CARTESIAN_POINT('Origin',(-66.681144445742,3.5,12.514197797012));
#5352=CARTESIAN_POINT('Origin',(-66.681144445742,3.5,12.514197797012));
#5353=CARTESIAN_POINT('Origin',(-7.86484650930378,1.5,-44.5000000000212));
#5354=CARTESIAN_POINT('',(-5.76484650930378,1.5,-44.5000000000212));
#5355=CARTESIAN_POINT('Origin',(-7.86484650930378,1.5,-44.5000000000212));
#5356=CARTESIAN_POINT('Origin',(-7.86484650930368,1.5,44.5000000000213));
#5357=CARTESIAN_POINT('',(-5.76484650930368,1.5,44.5000000000213));
#5358=CARTESIAN_POINT('Origin',(-7.86484650930368,1.5,44.5000000000213));
#5359=CARTESIAN_POINT('Origin',(-7.90036762715312,2.5,47.0000000000213));
#5360=CARTESIAN_POINT('',(-15.4003676271531,6.,46.9999999999983));
#5361=CARTESIAN_POINT('',(-8.86484650930368,6.,39.5622731640931));
#5362=CARTESIAN_POINT('Origin',(-7.90036762715312,6.,47.0000000000213));
#5363=CARTESIAN_POINT('',(-8.86484650930368,2.5,39.5622731640931));
#5364=CARTESIAN_POINT('',(-8.86484650930368,2.5,39.5622731640931));
#5365=CARTESIAN_POINT('',(-15.4003676271531,2.5,46.9999999999983));
#5366=CARTESIAN_POINT('Origin',(-7.90036762715312,2.5,47.0000000000213));
#5367=CARTESIAN_POINT('',(-15.4003676271531,2.5,47.));
#5368=CARTESIAN_POINT('Origin',(-8.86484650930373,2.5,-39.562273164093));
#5369=CARTESIAN_POINT('',(-8.86484650930373,6.,-39.562273164093));
#5370=CARTESIAN_POINT('',(-8.86484650930392,6.,-19.7811365821249));
#5371=CARTESIAN_POINT('',(-8.86484650930373,2.5,-39.562273164093));
#5372=CARTESIAN_POINT('',(-8.86484650930373,2.5,-39.562273164093));
#5373=CARTESIAN_POINT('',(-8.86484650930392,2.5,-19.7811365820466));
#5374=CARTESIAN_POINT('Origin',(-7.90036762715331,2.5,-47.0000000000212));
#5375=CARTESIAN_POINT('',(-15.4003676271533,6.,-47.0000000003135));
#5376=CARTESIAN_POINT('Origin',(-7.90036762715331,6.,-47.0000000000212));
#5377=CARTESIAN_POINT('',(-15.4003676271533,2.5,-47.0000000003135));
#5378=CARTESIAN_POINT('',(-15.4003676271533,2.5,-47.));
#5379=CARTESIAN_POINT('Origin',(-7.90036762715331,2.5,-47.0000000000212));
#5380=CARTESIAN_POINT('Origin',(-7.86484650930368,2.5,44.5000000000213));
#5381=CARTESIAN_POINT('',(-5.76484650930368,6.,44.5000000000213));
#5382=CARTESIAN_POINT('Origin',(-7.86484650930368,6.,44.5000000000213));
#5383=CARTESIAN_POINT('',(-5.76484650930368,2.5,44.5000000000213));
#5384=CARTESIAN_POINT('Origin',(-7.86484650930378,2.5,-44.5000000000212));
#5385=CARTESIAN_POINT('',(-5.76484650930378,6.,-44.5000000000212));
#5386=CARTESIAN_POINT('Origin',(-7.86484650930378,6.,-44.5000000000212));
#5387=CARTESIAN_POINT('',(-5.76484650930378,2.5,-44.5000000000212));
#5388=CARTESIAN_POINT('Origin',(-7.90036762715331,2.5,-47.0000000000212));
#5389=CARTESIAN_POINT('',(-0.462960692394931,6.,-46.0330573508387));
#5390=CARTESIAN_POINT('',(-6.86484650930384,6.,-39.5718309110406));
#5391=CARTESIAN_POINT('Origin',(-7.90036762715331,6.,-47.0000000000212));
#5392=CARTESIAN_POINT('',(-6.86484650930384,2.5,-39.5718309110406));
#5393=CARTESIAN_POINT('',(-6.86484650930384,2.5,-39.5718309110406));
#5394=CARTESIAN_POINT('',(-0.462960692394931,2.5,-46.0330573508387));
#5395=CARTESIAN_POINT('Origin',(-7.90036762715331,2.5,-47.0000000000212));
#5396=CARTESIAN_POINT('',(-0.462960692394933,2.5,-46.0330573508387));
#5397=CARTESIAN_POINT('Origin',(-6.86484650930261,2.5,39.5718309110406));
#5398=CARTESIAN_POINT('',(-6.86484650930368,6.,39.5718309110406));
#5399=CARTESIAN_POINT('',(-6.86484650930292,6.,19.7859154554419));
#5400=CARTESIAN_POINT('',(-6.86484650930368,2.5,39.5718309110406));
#5401=CARTESIAN_POINT('',(-6.86484650930368,2.5,39.5718309110406));
#5402=CARTESIAN_POINT('',(-6.86484650930292,2.5,19.7859154555204));
#5403=CARTESIAN_POINT('Origin',(-7.90036762715312,2.5,47.0000000000213));
#5404=CARTESIAN_POINT('',(-0.462960692394763,6.,46.0330573508386));
#5405=CARTESIAN_POINT('Origin',(-7.90036762715312,6.,47.0000000000213));
#5406=CARTESIAN_POINT('',(-0.462960692394763,2.5,46.0330573508386));
#5407=CARTESIAN_POINT('',(-0.462960692394773,2.5,46.0330573508386));
#5408=CARTESIAN_POINT('Origin',(-7.90036762715312,2.5,47.0000000000213));
#5409=CARTESIAN_POINT('Origin',(4.99999999999998,6.,-55.));
#5410=CARTESIAN_POINT('',(11.8007352543677,2.5,-47.));
#5411=CARTESIAN_POINT('Origin',(4.99999999999997,2.5,-55.));
#5412=CARTESIAN_POINT('',(11.8007352543677,6.,-47.));
#5413=CARTESIAN_POINT('',(11.8007352543677,6.,-47.));
#5414=CARTESIAN_POINT('Origin',(4.99999999999998,6.,-55.));
#5415=CARTESIAN_POINT('Origin',(-90.,0.,47.));
#5416=CARTESIAN_POINT('',(-83.5,2.5,47.));
#5417=CARTESIAN_POINT('',(-83.5,2.5,47.));
#5418=CARTESIAN_POINT('',(-83.5,6.,47.));
#5419=CARTESIAN_POINT('',(-83.5,3.,47.));
#5420=CARTESIAN_POINT('',(-45.,6.,47.));
#5421=CARTESIAN_POINT('Origin',(1.77635683940025E-14,2.5,0.));
#5422=CARTESIAN_POINT('',(-83.5,2.5,-47.));
#5423=CARTESIAN_POINT('',(-1.80073525436776,2.5,-47.));
#5424=CARTESIAN_POINT('',(-83.5,2.5,-45.));
#5425=CARTESIAN_POINT('',(-83.5,2.5,-47.));
#5426=CARTESIAN_POINT('',(-90.,2.5,-38.5));
#5427=CARTESIAN_POINT('Origin',(-90.,2.5,-45.));
#5428=CARTESIAN_POINT('',(-92.,2.5,-38.5));
#5429=CARTESIAN_POINT('',(-90.,2.5,-38.5));
#5430=CARTESIAN_POINT('',(-92.,2.5,38.5));
#5431=CARTESIAN_POINT('',(-92.,2.5,-38.5));
#5432=CARTESIAN_POINT('',(-90.,2.5,38.5));
#5433=CARTESIAN_POINT('',(-92.,2.5,38.5));
#5434=CARTESIAN_POINT('',(-83.5000000000001,2.5,45.));
#5435=CARTESIAN_POINT('Origin',(-90.,2.5,45.));
#5436=CARTESIAN_POINT('',(-83.5000000000001,2.5,45.));
#5437=CARTESIAN_POINT('Origin',(1.77635683940025E-14,2.5,0.));
#5438=CARTESIAN_POINT('',(11.8007352543678,2.5,47.));
#5439=CARTESIAN_POINT('Origin',(4.99999999999999,2.5,55.));
#5440=CARTESIAN_POINT('',(13.1992647456322,2.5,47.));
#5441=CARTESIAN_POINT('',(11.8007352543677,2.5,47.));
#5442=CARTESIAN_POINT('',(26.8007352543678,2.5,47.));
#5443=CARTESIAN_POINT('Origin',(20.,2.5,55.));
#5444=CARTESIAN_POINT('',(28.1992647456322,2.5,47.));
#5445=CARTESIAN_POINT('',(26.8007352543678,2.5,47.));
#5446=CARTESIAN_POINT('',(41.8007352543678,2.5,47.));
#5447=CARTESIAN_POINT('Origin',(35.,2.5,55.));
#5448=CARTESIAN_POINT('',(43.1992647456322,2.5,47.));
#5449=CARTESIAN_POINT('',(41.8007352543678,2.5,47.));
#5450=CARTESIAN_POINT('',(56.8007352543678,2.5,47.));
#5451=CARTESIAN_POINT('Origin',(50.,2.5,55.));
#5452=CARTESIAN_POINT('',(83.0000000000146,2.5,47.));
#5453=CARTESIAN_POINT('',(56.8007352543678,2.5,47.));
#5454=CARTESIAN_POINT('',(83.,2.5,45.));
#5455=CARTESIAN_POINT('',(82.9999999997915,2.5,23.4999999995975));
#5456=CARTESIAN_POINT('',(90.,2.5,38.));
#5457=CARTESIAN_POINT('Origin',(90.,2.5,45.));
#5458=CARTESIAN_POINT('',(92.,2.5,38.0000000000146));
#5459=CARTESIAN_POINT('',(45.,2.5,38.0000000000146));
#5460=CARTESIAN_POINT('',(92.,2.5,-38.0000000000146));
#5461=CARTESIAN_POINT('',(92.,2.5,38.5));
#5462=CARTESIAN_POINT('',(90.,2.5,-38.));
#5463=CARTESIAN_POINT('',(45.9999999998158,2.5,-37.9999999995734));
#5464=CARTESIAN_POINT('',(83.,2.5,-45.));
#5465=CARTESIAN_POINT('Origin',(90.,2.5,-45.));
#5466=CARTESIAN_POINT('',(83.0000000000146,2.5,-47.));
#5467=CARTESIAN_POINT('',(83.0000000000146,2.5,-22.5));
#5468=CARTESIAN_POINT('',(56.8007352543677,2.5,-47.));
#5469=CARTESIAN_POINT('',(83.5,2.5,-47.));
#5470=CARTESIAN_POINT('',(43.1992647456322,2.5,-47.));
#5471=CARTESIAN_POINT('Origin',(50.,2.5,-55.));
#5472=CARTESIAN_POINT('',(41.8007352543677,2.5,-47.));
#5473=CARTESIAN_POINT('',(43.1992647456322,2.5,-47.));
#5474=CARTESIAN_POINT('',(28.1992647456323,2.5,-47.));
#5475=CARTESIAN_POINT('Origin',(35.,2.5,-55.));
#5476=CARTESIAN_POINT('',(26.8007352543677,2.5,-47.));
#5477=CARTESIAN_POINT('',(28.1992647456323,2.5,-47.));
#5478=CARTESIAN_POINT('',(13.1992647456322,2.5,-47.));
#5479=CARTESIAN_POINT('Origin',(20.,2.5,-55.));
#5480=CARTESIAN_POINT('',(13.1992647456322,2.5,-47.));
#5481=CARTESIAN_POINT('Origin',(90.,6.,38.0000000000146));
#5482=CARTESIAN_POINT('',(90.,6.,38.));
#5483=CARTESIAN_POINT('',(90.,6.,38.));
#5484=CARTESIAN_POINT('',(92.,6.,38.0000000000146));
#5485=CARTESIAN_POINT('',(92.,6.,38.0000000000146));
#5486=CARTESIAN_POINT('',(92.,3.,38.0000000000146));
#5487=CARTESIAN_POINT('Origin',(90.,6.,45.));
#5488=CARTESIAN_POINT('',(83.,6.,45.));
#5489=CARTESIAN_POINT('',(83.,6.,45.));
#5490=CARTESIAN_POINT('Origin',(90.,6.,45.));
#5491=CARTESIAN_POINT('Origin',(83.0000000000194,6.,47.));
#5492=CARTESIAN_POINT('',(83.0000000000146,6.,47.));
#5493=CARTESIAN_POINT('',(83.0000000000194,3.,47.));
#5494=CARTESIAN_POINT('',(83.,6.,45.));
#5495=CARTESIAN_POINT('Origin',(92.,6.,-38.0000000000194));
#5496=CARTESIAN_POINT('',(92.,6.,-38.0000000000146));
#5497=CARTESIAN_POINT('',(92.,3.,-38.0000000000194));
#5498=CARTESIAN_POINT('',(90.,6.,-38.));
#5499=CARTESIAN_POINT('',(90.,6.,-38.));
#5500=CARTESIAN_POINT('',(90.,6.,-38.));
#5501=CARTESIAN_POINT('Origin',(90.,6.,-45.));
#5502=CARTESIAN_POINT('',(83.,6.,-45.));
#5503=CARTESIAN_POINT('Origin',(90.,6.,-45.));
#5504=CARTESIAN_POINT('',(83.,6.,-45.));
#5505=CARTESIAN_POINT('Origin',(83.0000000000146,6.,-45.));
#5506=CARTESIAN_POINT('',(83.0000000000146,6.,-47.));
#5507=CARTESIAN_POINT('',(83.0000000000146,6.,-47.));
#5508=CARTESIAN_POINT('',(83.0000000000145,3.,-47.));
#5509=CARTESIAN_POINT('Origin',(-90.,0.,47.));
#5510=CARTESIAN_POINT('',(56.8007352543678,6.,47.));
#5511=CARTESIAN_POINT('',(56.8007352543678,6.,47.));
#5512=CARTESIAN_POINT('',(-45.,6.,47.));
#5513=CARTESIAN_POINT('Origin',(90.,0.,-47.));
#5514=CARTESIAN_POINT('',(56.8007352543677,6.,-47.));
#5515=CARTESIAN_POINT('',(45.,6.,-47.));
#5516=CARTESIAN_POINT('',(56.8007352543677,6.,-47.));
#5517=CARTESIAN_POINT('Origin',(79.5,0.,-34.5));
#5518=CARTESIAN_POINT('',(82.5,0.,-34.5));
#5519=CARTESIAN_POINT('',(79.5,0.,-37.5));
#5520=CARTESIAN_POINT('Origin',(79.5,0.,-34.5));
#5521=CARTESIAN_POINT('',(82.5,0.2,-34.5));
#5522=CARTESIAN_POINT('',(82.5,0.,-34.5));
#5523=CARTESIAN_POINT('',(79.5,0.2,-37.5));
#5524=CARTESIAN_POINT('Origin',(79.5,0.2,-34.5));
#5525=CARTESIAN_POINT('',(79.5,0.,-37.5));
#5526=CARTESIAN_POINT('Origin',(82.5,0.,34.5));
#5527=CARTESIAN_POINT('',(82.5,0.,34.5));
#5528=CARTESIAN_POINT('',(82.5,0.,17.25));
#5529=CARTESIAN_POINT('',(82.5,0.2,34.5));
#5530=CARTESIAN_POINT('',(82.5,0.,34.5));
#5531=CARTESIAN_POINT('',(82.5,0.2,-34.5));
#5532=CARTESIAN_POINT('Origin',(79.5,0.,34.5));
#5533=CARTESIAN_POINT('',(79.5,0.,37.5));
#5534=CARTESIAN_POINT('Origin',(79.5,0.,34.5));
#5535=CARTESIAN_POINT('',(79.5,0.2,37.5));
#5536=CARTESIAN_POINT('',(79.5,0.,37.5));
#5537=CARTESIAN_POINT('Origin',(79.5,0.2,34.5));
#5538=CARTESIAN_POINT('Origin',(-79.5,0.,37.5));
#5539=CARTESIAN_POINT('',(-79.5,0.,37.5));
#5540=CARTESIAN_POINT('',(-39.75,0.,37.5));
#5541=CARTESIAN_POINT('',(-79.5,0.2,37.5));
#5542=CARTESIAN_POINT('',(-79.5,0.,37.5));
#5543=CARTESIAN_POINT('',(79.5,0.2,37.5));
#5544=CARTESIAN_POINT('Origin',(-79.5,0.,34.5));
#5545=CARTESIAN_POINT('',(-82.5,0.,34.5));
#5546=CARTESIAN_POINT('Origin',(-79.5,0.,34.5));
#5547=CARTESIAN_POINT('',(-82.5,0.2,34.5));
#5548=CARTESIAN_POINT('',(-82.5,0.,34.5));
#5549=CARTESIAN_POINT('Origin',(-79.5,0.2,34.5));
#5550=CARTESIAN_POINT('Origin',(-82.5,0.,-34.5));
#5551=CARTESIAN_POINT('',(-82.5,0.,-34.5));
#5552=CARTESIAN_POINT('',(-82.5,0.,-17.25));
#5553=CARTESIAN_POINT('',(-82.5,0.2,-34.5));
#5554=CARTESIAN_POINT('',(-82.5,0.,-34.5));
#5555=CARTESIAN_POINT('',(-82.5,0.2,34.5));
#5556=CARTESIAN_POINT('Origin',(-79.5,0.,-34.5));
#5557=CARTESIAN_POINT('',(-79.5,0.,-37.5));
#5558=CARTESIAN_POINT('Origin',(-79.5,0.,-34.5));
#5559=CARTESIAN_POINT('',(-79.5,0.2,-37.5));
#5560=CARTESIAN_POINT('',(-79.5,0.,-37.5));
#5561=CARTESIAN_POINT('Origin',(-79.5,0.2,-34.5));
#5562=CARTESIAN_POINT('Origin',(79.5,0.,-37.5));
#5563=CARTESIAN_POINT('',(39.75,0.,-37.5));
#5564=CARTESIAN_POINT('',(-79.5,0.2,-37.5));
#5565=CARTESIAN_POINT('Origin',(-8.88178419700125E-15,0.2,0.));
#5566=CARTESIAN_POINT('',(-43.4839398558981,0.2,12.4849543277729));
#5567=CARTESIAN_POINT('Origin',(-41.4839398558981,0.2,12.4849543277729));
#5568=CARTESIAN_POINT('',(-68.515044897402,0.2,-12.516060381699));
#5569=CARTESIAN_POINT('Origin',(-66.515044897402,0.2,-12.516060381699));
#5570=CARTESIAN_POINT('',(-43.4839398558981,0.2,-0.00752690391604048));
#5571=CARTESIAN_POINT('Origin',(-41.4839398558981,0.2,-0.00752690391604024));
#5572=CARTESIAN_POINT('',(-68.681144445742,0.2,12.514197797012));
#5573=CARTESIAN_POINT('Origin',(-66.681144445742,0.2,12.514197797012));
#5574=CARTESIAN_POINT('',(-43.4839398558981,0.2,-12.500004320908));
#5575=CARTESIAN_POINT('Origin',(-41.4839398558981,0.2,-12.500004320908));
#5576=CARTESIAN_POINT('Origin',(-41.4839398558981,0.,12.4849543277729));
#5577=CARTESIAN_POINT('',(-43.4839398558981,0.,12.4849543277729));
#5578=CARTESIAN_POINT('Origin',(-66.515044897402,0.,-12.516060381699));
#5579=CARTESIAN_POINT('',(-68.515044897402,0.,-12.516060381699));
#5580=CARTESIAN_POINT('Origin',(-41.4839398558981,0.,-0.00752690391604024));
#5581=CARTESIAN_POINT('',(-43.4839398558981,0.,-0.00752690391603999));
#5582=CARTESIAN_POINT('Origin',(-66.681144445742,0.,12.514197797012));
#5583=CARTESIAN_POINT('',(-68.681144445742,0.,12.514197797012));
#5584=CARTESIAN_POINT('Origin',(-41.4839398558981,0.,-12.500004320908));
#5585=CARTESIAN_POINT('',(-43.4839398558981,0.,-12.500004320908));
#5586=CARTESIAN_POINT('Origin',(89.25,6.,-44.25));
#5587=CARTESIAN_POINT('',(91.35,6.,-44.25));
#5588=CARTESIAN_POINT('',(87.15,6.,-44.25));
#5589=CARTESIAN_POINT('Origin',(89.25,6.,-44.25));
#5590=CARTESIAN_POINT('Origin',(89.25,6.,-44.25));
#5591=CARTESIAN_POINT('',(87.15,1.5,-44.25));
#5592=CARTESIAN_POINT('',(87.15,6.,-44.25));
#5593=CARTESIAN_POINT('',(91.35,1.5,-44.25));
#5594=CARTESIAN_POINT('Origin',(89.25,1.5,-44.25));
#5595=CARTESIAN_POINT('Origin',(89.25,1.5,-44.25));
#5596=CARTESIAN_POINT('Origin',(89.25,1.5,-44.25));
#5597=CARTESIAN_POINT('Origin',(-89.25,6.,-44.25));
#5598=CARTESIAN_POINT('',(-87.15,6.,-44.25));
#5599=CARTESIAN_POINT('',(-91.35,6.,-44.25));
#5600=CARTESIAN_POINT('Origin',(-89.25,6.,-44.25));
#5601=CARTESIAN_POINT('Origin',(-89.25,6.,-44.25));
#5602=CARTESIAN_POINT('',(-91.35,1.5,-44.25));
#5603=CARTESIAN_POINT('',(-91.35,6.,-44.25));
#5604=CARTESIAN_POINT('',(-87.15,1.5,-44.25));
#5605=CARTESIAN_POINT('Origin',(-89.25,1.5,-44.25));
#5606=CARTESIAN_POINT('Origin',(-89.25,1.5,-44.25));
#5607=CARTESIAN_POINT('Origin',(-89.25,1.5,-44.25));
#5608=CARTESIAN_POINT('Origin',(89.25,6.,44.25));
#5609=CARTESIAN_POINT('',(91.35,6.,44.25));
#5610=CARTESIAN_POINT('',(87.15,6.,44.25));
#5611=CARTESIAN_POINT('Origin',(89.25,6.,44.25));
#5612=CARTESIAN_POINT('Origin',(89.25,6.,44.25));
#5613=CARTESIAN_POINT('',(87.15,1.5,44.25));
#5614=CARTESIAN_POINT('',(87.15,6.,44.25));
#5615=CARTESIAN_POINT('',(91.35,1.5,44.25));
#5616=CARTESIAN_POINT('Origin',(89.25,1.5,44.25));
#5617=CARTESIAN_POINT('Origin',(89.25,1.5,44.25));
#5618=CARTESIAN_POINT('Origin',(89.25,1.5,44.25));
#5619=CARTESIAN_POINT('Origin',(-89.25,6.,44.25));
#5620=CARTESIAN_POINT('',(-87.15,6.,44.25));
#5621=CARTESIAN_POINT('',(-91.35,6.,44.25));
#5622=CARTESIAN_POINT('Origin',(-89.25,6.,44.25));
#5623=CARTESIAN_POINT('Origin',(-89.25,6.,44.25));
#5624=CARTESIAN_POINT('',(-91.35,1.5,44.25));
#5625=CARTESIAN_POINT('',(-91.35,6.,44.25));
#5626=CARTESIAN_POINT('',(-87.15,1.5,44.25));
#5627=CARTESIAN_POINT('Origin',(-89.25,1.5,44.25));
#5628=CARTESIAN_POINT('Origin',(-89.25,1.5,44.25));
#5629=CARTESIAN_POINT('Origin',(-89.25,1.5,44.25));
#5630=CARTESIAN_POINT('Origin',(-90.,6.,45.));
#5631=CARTESIAN_POINT('',(-90.,6.,38.5));
#5632=CARTESIAN_POINT('',(-90.,6.,38.5));
#5633=CARTESIAN_POINT('',(-83.5,6.,45.));
#5634=CARTESIAN_POINT('Origin',(-90.,6.,45.));
#5635=CARTESIAN_POINT('',(-83.5000000000001,3.,45.));
#5636=CARTESIAN_POINT('Origin',(-92.,6.,38.5));
#5637=CARTESIAN_POINT('',(-92.,6.,38.5));
#5638=CARTESIAN_POINT('',(-92.,3.,38.5));
#5639=CARTESIAN_POINT('',(-90.,6.,38.5));
#5640=CARTESIAN_POINT('Origin',(-83.5,6.,45.));
#5641=CARTESIAN_POINT('',(-83.5,6.,47.));
#5642=CARTESIAN_POINT('Origin',(-83.5,6.,-47.));
#5643=CARTESIAN_POINT('',(-83.5,6.,-47.));
#5644=CARTESIAN_POINT('',(-83.5,3.,-47.));
#5645=CARTESIAN_POINT('',(-83.5,6.,-45.));
#5646=CARTESIAN_POINT('',(-83.5,6.,-45.));
#5647=CARTESIAN_POINT('',(-83.5,3.,-45.));
#5648=CARTESIAN_POINT('Origin',(-90.,6.,-45.));
#5649=CARTESIAN_POINT('',(-90.,6.,-38.5));
#5650=CARTESIAN_POINT('Origin',(-90.,6.,-45.));
#5651=CARTESIAN_POINT('',(-90.,3.,-38.5));
#5652=CARTESIAN_POINT('Origin',(-90.,6.,-38.5));
#5653=CARTESIAN_POINT('',(-92.,6.,-38.5));
#5654=CARTESIAN_POINT('',(-91.9999999999999,6.,-38.5));
#5655=CARTESIAN_POINT('',(-92.,3.,-38.5));
#5656=CARTESIAN_POINT('Origin',(41.8007352543678,6.,47.));
#5657=CARTESIAN_POINT('',(40.6672793786398,6.,48.3333333333333));
#5658=CARTESIAN_POINT('',(41.8007352543678,6.,48.75));
#5659=CARTESIAN_POINT('Origin',(41.8007352543678,6.,47.));
#5660=CARTESIAN_POINT('',(40.6672793786398,7.,48.3333333333333));
#5661=CARTESIAN_POINT('',(40.6672793786398,6.,48.3333333333333));
#5662=CARTESIAN_POINT('',(41.8007352543678,7.,48.75));
#5663=CARTESIAN_POINT('Origin',(41.8007352543678,7.,47.));
#5664=CARTESIAN_POINT('',(41.8007352543678,6.,48.75));
#5665=CARTESIAN_POINT('Origin',(43.1992647456322,6.,48.75));
#5666=CARTESIAN_POINT('',(43.1992647456322,6.,48.75));
#5667=CARTESIAN_POINT('',(21.5996323728161,6.,48.75));
#5668=CARTESIAN_POINT('',(43.1992647456322,7.,48.75));
#5669=CARTESIAN_POINT('',(43.1992647456322,7.,48.75));
#5670=CARTESIAN_POINT('',(43.1992647456322,6.,48.75));
#5671=CARTESIAN_POINT('Origin',(43.1992647456322,6.,47.));
#5672=CARTESIAN_POINT('',(44.3327206213602,6.,48.3333333333333));
#5673=CARTESIAN_POINT('Origin',(43.1992647456322,6.,47.));
#5674=CARTESIAN_POINT('',(44.3327206213602,7.,48.3333333333333));
#5675=CARTESIAN_POINT('Origin',(43.1992647456322,7.,47.));
#5676=CARTESIAN_POINT('',(44.3327206213602,6.,48.3333333333333));
#5677=CARTESIAN_POINT('Origin',(50.,6.,55.));
#5678=CARTESIAN_POINT('',(55.6672793786398,6.,48.3333333333333));
#5679=CARTESIAN_POINT('Origin',(50.,6.,55.));
#5680=CARTESIAN_POINT('',(55.6672793786398,7.,48.3333333333333));
#5681=CARTESIAN_POINT('Origin',(50.,7.,55.));
#5682=CARTESIAN_POINT('',(55.6672793786398,6.,48.3333333333333));
#5683=CARTESIAN_POINT('Origin',(56.8007352543678,6.,47.));
#5684=CARTESIAN_POINT('',(56.8007352543678,6.,48.75));
#5685=CARTESIAN_POINT('Origin',(56.8007352543678,6.,47.));
#5686=CARTESIAN_POINT('',(56.8007352543678,7.,48.75));
#5687=CARTESIAN_POINT('Origin',(56.8007352543678,7.,47.));
#5688=CARTESIAN_POINT('',(56.8007352543678,6.,48.75));
#5689=CARTESIAN_POINT('Origin',(90.,6.,48.75));
#5690=CARTESIAN_POINT('',(90.,6.,48.75));
#5691=CARTESIAN_POINT('',(45.,6.,48.75));
#5692=CARTESIAN_POINT('',(90.,7.,48.75));
#5693=CARTESIAN_POINT('',(90.,7.,48.75));
#5694=CARTESIAN_POINT('',(90.,6.,48.75));
#5695=CARTESIAN_POINT('Origin',(90.,6.,45.));
#5696=CARTESIAN_POINT('',(93.75,6.,45.));
#5697=CARTESIAN_POINT('Origin',(90.,6.,45.));
#5698=CARTESIAN_POINT('',(93.75,7.,45.));
#5699=CARTESIAN_POINT('Origin',(90.,7.,45.));
#5700=CARTESIAN_POINT('',(93.75,6.,45.));
#5701=CARTESIAN_POINT('Origin',(93.75,6.,-45.));
#5702=CARTESIAN_POINT('',(93.75,6.,-45.));
#5703=CARTESIAN_POINT('',(93.75,6.,-22.5));
#5704=CARTESIAN_POINT('',(93.75,7.,-45.));
#5705=CARTESIAN_POINT('',(93.75,7.,-45.));
#5706=CARTESIAN_POINT('',(93.75,6.,-45.));
#5707=CARTESIAN_POINT('Origin',(90.,6.,-45.));
#5708=CARTESIAN_POINT('',(90.,6.,-48.75));
#5709=CARTESIAN_POINT('Origin',(90.,6.,-45.));
#5710=CARTESIAN_POINT('',(90.,7.,-48.75));
#5711=CARTESIAN_POINT('Origin',(90.,7.,-45.));
#5712=CARTESIAN_POINT('',(90.,6.,-48.75));
#5713=CARTESIAN_POINT('Origin',(56.8007352543677,6.,-48.75));
#5714=CARTESIAN_POINT('',(56.8007352543677,6.,-48.75));
#5715=CARTESIAN_POINT('',(28.4003676271838,6.,-48.75));
#5716=CARTESIAN_POINT('',(56.8007352543677,7.,-48.75));
#5717=CARTESIAN_POINT('',(56.8007352543677,7.,-48.75));
#5718=CARTESIAN_POINT('',(56.8007352543677,6.,-48.75));
#5719=CARTESIAN_POINT('Origin',(56.8007352543677,6.,-47.));
#5720=CARTESIAN_POINT('',(55.6672793786397,6.,-48.3333333333333));
#5721=CARTESIAN_POINT('Origin',(56.8007352543677,6.,-47.));
#5722=CARTESIAN_POINT('',(55.6672793786397,7.,-48.3333333333333));
#5723=CARTESIAN_POINT('Origin',(56.8007352543677,7.,-47.));
#5724=CARTESIAN_POINT('',(55.6672793786397,6.,-48.3333333333333));
#5725=CARTESIAN_POINT('Origin',(50.,6.,-55.));
#5726=CARTESIAN_POINT('',(44.3327206213602,6.,-48.3333333333333));
#5727=CARTESIAN_POINT('Origin',(50.,6.,-55.));
#5728=CARTESIAN_POINT('',(44.3327206213602,7.,-48.3333333333333));
#5729=CARTESIAN_POINT('Origin',(50.,7.,-55.));
#5730=CARTESIAN_POINT('',(44.3327206213602,6.,-48.3333333333333));
#5731=CARTESIAN_POINT('Origin',(43.1992647456322,6.,-47.));
#5732=CARTESIAN_POINT('',(43.1992647456322,6.,-48.75));
#5733=CARTESIAN_POINT('Origin',(43.1992647456322,6.,-47.));
#5734=CARTESIAN_POINT('',(43.1992647456322,7.,-48.75));
#5735=CARTESIAN_POINT('Origin',(43.1992647456322,7.,-47.));
#5736=CARTESIAN_POINT('',(43.1992647456322,6.,-48.75));
#5737=CARTESIAN_POINT('Origin',(41.8007352543677,6.,-48.75));
#5738=CARTESIAN_POINT('',(41.8007352543677,6.,-48.75));
#5739=CARTESIAN_POINT('',(20.9003676271839,6.,-48.75));
#5740=CARTESIAN_POINT('',(41.8007352543677,7.,-48.75));
#5741=CARTESIAN_POINT('',(41.8007352543677,7.,-48.75));
#5742=CARTESIAN_POINT('',(41.8007352543677,6.,-48.75));
#5743=CARTESIAN_POINT('Origin',(41.8007352543677,6.,-47.));
#5744=CARTESIAN_POINT('',(40.6672793786397,6.,-48.3333333333333));
#5745=CARTESIAN_POINT('Origin',(41.8007352543677,6.,-47.));
#5746=CARTESIAN_POINT('',(40.6672793786397,7.,-48.3333333333333));
#5747=CARTESIAN_POINT('Origin',(41.8007352543677,7.,-47.));
#5748=CARTESIAN_POINT('',(40.6672793786397,6.,-48.3333333333333));
#5749=CARTESIAN_POINT('Origin',(35.,6.,-55.));
#5750=CARTESIAN_POINT('',(29.3327206213602,6.,-48.3333333333333));
#5751=CARTESIAN_POINT('Origin',(35.,6.,-55.));
#5752=CARTESIAN_POINT('',(29.3327206213602,7.,-48.3333333333333));
#5753=CARTESIAN_POINT('Origin',(35.,7.,-55.));
#5754=CARTESIAN_POINT('',(29.3327206213602,6.,-48.3333333333333));
#5755=CARTESIAN_POINT('Origin',(28.1992647456323,6.,-47.));
#5756=CARTESIAN_POINT('',(28.1992647456323,6.,-48.75));
#5757=CARTESIAN_POINT('Origin',(28.1992647456323,6.,-47.));
#5758=CARTESIAN_POINT('',(28.1992647456323,7.,-48.75));
#5759=CARTESIAN_POINT('Origin',(28.1992647456323,7.,-47.));
#5760=CARTESIAN_POINT('',(28.1992647456323,6.,-48.75));
#5761=CARTESIAN_POINT('Origin',(26.8007352543677,6.,-48.75));
#5762=CARTESIAN_POINT('',(26.8007352543677,6.,-48.75));
#5763=CARTESIAN_POINT('',(13.4003676271839,6.,-48.75));
#5764=CARTESIAN_POINT('',(26.8007352543677,7.,-48.75));
#5765=CARTESIAN_POINT('',(26.8007352543677,7.,-48.75));
#5766=CARTESIAN_POINT('',(26.8007352543677,6.,-48.75));
#5767=CARTESIAN_POINT('Origin',(26.8007352543677,6.,-47.));
#5768=CARTESIAN_POINT('',(25.6672793786398,6.,-48.3333333333333));
#5769=CARTESIAN_POINT('Origin',(26.8007352543677,6.,-47.));
#5770=CARTESIAN_POINT('',(25.6672793786398,7.,-48.3333333333333));
#5771=CARTESIAN_POINT('Origin',(26.8007352543677,7.,-47.));
#5772=CARTESIAN_POINT('',(25.6672793786398,6.,-48.3333333333333));
#5773=CARTESIAN_POINT('Origin',(20.,6.,-55.));
#5774=CARTESIAN_POINT('',(14.3327206213602,6.,-48.3333333333333));
#5775=CARTESIAN_POINT('Origin',(20.,6.,-55.));
#5776=CARTESIAN_POINT('',(14.3327206213602,7.,-48.3333333333333));
#5777=CARTESIAN_POINT('Origin',(20.,7.,-55.));
#5778=CARTESIAN_POINT('',(14.3327206213602,6.,-48.3333333333333));
#5779=CARTESIAN_POINT('Origin',(13.1992647456322,6.,-47.));
#5780=CARTESIAN_POINT('',(13.1992647456322,6.,-48.75));
#5781=CARTESIAN_POINT('Origin',(13.1992647456322,6.,-47.));
#5782=CARTESIAN_POINT('',(13.1992647456322,7.,-48.75));
#5783=CARTESIAN_POINT('Origin',(13.1992647456322,7.,-47.));
#5784=CARTESIAN_POINT('',(13.1992647456322,6.,-48.75));
#5785=CARTESIAN_POINT('Origin',(11.8007352543677,6.,-48.75));
#5786=CARTESIAN_POINT('',(11.8007352543677,6.,-48.75));
#5787=CARTESIAN_POINT('',(5.90036762718402,6.,-48.75));
#5788=CARTESIAN_POINT('',(11.8007352543677,7.,-48.75));
#5789=CARTESIAN_POINT('',(11.8007352543677,7.,-48.75));
#5790=CARTESIAN_POINT('',(11.8007352543677,6.,-48.75));
#5791=CARTESIAN_POINT('Origin',(11.8007352543677,6.,-47.));
#5792=CARTESIAN_POINT('',(10.6672793786398,6.,-48.3333333333333));
#5793=CARTESIAN_POINT('Origin',(11.8007352543677,6.,-47.));
#5794=CARTESIAN_POINT('',(10.6672793786398,7.,-48.3333333333333));
#5795=CARTESIAN_POINT('Origin',(11.8007352543677,7.,-47.));
#5796=CARTESIAN_POINT('',(10.6672793786398,6.,-48.3333333333333));
#5797=CARTESIAN_POINT('Origin',(4.99999999999998,6.,-55.));
#5798=CARTESIAN_POINT('',(-0.667279378639811,6.,-48.3333333333333));
#5799=CARTESIAN_POINT('Origin',(4.99999999999998,6.,-55.));
#5800=CARTESIAN_POINT('',(-0.667279378639813,7.,-48.3333333333333));
#5801=CARTESIAN_POINT('Origin',(4.99999999999998,7.,-55.));
#5802=CARTESIAN_POINT('',(-0.667279378639811,6.,-48.3333333333333));
#5803=CARTESIAN_POINT('Origin',(-1.80073525436777,6.,-47.));
#5804=CARTESIAN_POINT('',(-1.80073525436777,6.,-48.75));
#5805=CARTESIAN_POINT('Origin',(-1.80073525436777,6.,-47.));
#5806=CARTESIAN_POINT('',(-1.80073525436777,7.,-48.75));
#5807=CARTESIAN_POINT('Origin',(-1.80073525436777,7.,-47.));
#5808=CARTESIAN_POINT('',(-1.80073525436777,6.,-48.75));
#5809=CARTESIAN_POINT('Origin',(-90.,6.,-48.7499999999999));
#5810=CARTESIAN_POINT('',(-90.,6.,-48.7499999999999));
#5811=CARTESIAN_POINT('',(-45.,6.,-48.75));
#5812=CARTESIAN_POINT('',(-90.,7.,-48.75));
#5813=CARTESIAN_POINT('',(-90.,7.,-48.7499999999999));
#5814=CARTESIAN_POINT('',(-90.,6.,-48.7499999999999));
#5815=CARTESIAN_POINT('Origin',(-90.,6.,-45.));
#5816=CARTESIAN_POINT('',(-93.75,6.,-45.));
#5817=CARTESIAN_POINT('Origin',(-90.,6.,-45.));
#5818=CARTESIAN_POINT('',(-93.75,7.,-45.));
#5819=CARTESIAN_POINT('Origin',(-90.,7.,-45.));
#5820=CARTESIAN_POINT('',(-93.75,6.,-45.));
#5821=CARTESIAN_POINT('Origin',(-93.75,6.,45.));
#5822=CARTESIAN_POINT('',(-93.75,6.,45.));
#5823=CARTESIAN_POINT('',(-93.75,6.,22.5));
#5824=CARTESIAN_POINT('',(-93.75,7.,45.));
#5825=CARTESIAN_POINT('',(-93.75,7.,45.));
#5826=CARTESIAN_POINT('',(-93.75,6.,45.));
#5827=CARTESIAN_POINT('Origin',(-90.,6.,45.));
#5828=CARTESIAN_POINT('',(-90.,6.,48.75));
#5829=CARTESIAN_POINT('Origin',(-90.,6.,45.));
#5830=CARTESIAN_POINT('',(-90.,7.,48.75));
#5831=CARTESIAN_POINT('Origin',(-90.,7.,45.));
#5832=CARTESIAN_POINT('',(-90.,6.,48.75));
#5833=CARTESIAN_POINT('Origin',(-1.80073525436776,6.,48.75));
#5834=CARTESIAN_POINT('',(-1.80073525436776,6.,48.75));
#5835=CARTESIAN_POINT('',(-0.900367627183875,6.,48.75));
#5836=CARTESIAN_POINT('',(-1.80073525436776,7.,48.75));
#5837=CARTESIAN_POINT('',(-1.80073525436776,7.,48.75));
#5838=CARTESIAN_POINT('',(-1.80073525436776,6.,48.75));
#5839=CARTESIAN_POINT('Origin',(-1.80073525436776,6.,47.));
#5840=CARTESIAN_POINT('',(-0.667279378639804,6.,48.3333333333333));
#5841=CARTESIAN_POINT('Origin',(-1.80073525436776,6.,47.));
#5842=CARTESIAN_POINT('',(-0.667279378639805,7.,48.3333333333333));
#5843=CARTESIAN_POINT('Origin',(-1.80073525436776,7.,47.));
#5844=CARTESIAN_POINT('',(-0.667279378639804,6.,48.3333333333333));
#5845=CARTESIAN_POINT('Origin',(4.99999999999999,6.,55.));
#5846=CARTESIAN_POINT('',(10.6672793786398,6.,48.3333333333333));
#5847=CARTESIAN_POINT('Origin',(4.99999999999999,6.,55.));
#5848=CARTESIAN_POINT('',(10.6672793786398,7.,48.3333333333333));
#5849=CARTESIAN_POINT('Origin',(4.99999999999999,7.,55.));
#5850=CARTESIAN_POINT('',(10.6672793786398,6.,48.3333333333333));
#5851=CARTESIAN_POINT('Origin',(11.8007352543678,6.,47.));
#5852=CARTESIAN_POINT('',(11.8007352543678,6.,48.75));
#5853=CARTESIAN_POINT('Origin',(11.8007352543678,6.,47.));
#5854=CARTESIAN_POINT('',(11.8007352543678,7.,48.75));
#5855=CARTESIAN_POINT('Origin',(11.8007352543678,7.,47.));
#5856=CARTESIAN_POINT('',(11.8007352543678,6.,48.75));
#5857=CARTESIAN_POINT('Origin',(13.1992647456322,6.,48.75));
#5858=CARTESIAN_POINT('',(13.1992647456322,6.,48.75));
#5859=CARTESIAN_POINT('',(6.59963237281612,6.,48.75));
#5860=CARTESIAN_POINT('',(13.1992647456322,7.,48.75));
#5861=CARTESIAN_POINT('',(13.1992647456322,7.,48.75));
#5862=CARTESIAN_POINT('',(13.1992647456322,6.,48.75));
#5863=CARTESIAN_POINT('Origin',(13.1992647456322,6.,47.));
#5864=CARTESIAN_POINT('',(14.3327206213602,6.,48.3333333333333));
#5865=CARTESIAN_POINT('Origin',(13.1992647456322,6.,47.));
#5866=CARTESIAN_POINT('',(14.3327206213602,7.,48.3333333333333));
#5867=CARTESIAN_POINT('Origin',(13.1992647456322,7.,47.));
#5868=CARTESIAN_POINT('',(14.3327206213602,6.,48.3333333333333));
#5869=CARTESIAN_POINT('Origin',(20.,6.,55.));
#5870=CARTESIAN_POINT('',(25.6672793786398,6.,48.3333333333333));
#5871=CARTESIAN_POINT('Origin',(20.,6.,55.));
#5872=CARTESIAN_POINT('',(25.6672793786398,7.,48.3333333333333));
#5873=CARTESIAN_POINT('Origin',(20.,7.,55.));
#5874=CARTESIAN_POINT('',(25.6672793786398,6.,48.3333333333333));
#5875=CARTESIAN_POINT('Origin',(26.8007352543678,6.,47.));
#5876=CARTESIAN_POINT('',(26.8007352543678,6.,48.75));
#5877=CARTESIAN_POINT('Origin',(26.8007352543678,6.,47.));
#5878=CARTESIAN_POINT('',(26.8007352543678,7.,48.75));
#5879=CARTESIAN_POINT('Origin',(26.8007352543678,7.,47.));
#5880=CARTESIAN_POINT('',(26.8007352543678,6.,48.75));
#5881=CARTESIAN_POINT('Origin',(28.1992647456322,6.,48.75));
#5882=CARTESIAN_POINT('',(28.1992647456322,6.,48.75));
#5883=CARTESIAN_POINT('',(14.0996323728163,6.,48.7500000000001));
#5884=CARTESIAN_POINT('',(28.1992647456322,7.,48.75));
#5885=CARTESIAN_POINT('',(28.1992647456322,7.,48.75));
#5886=CARTESIAN_POINT('',(28.1992647456322,6.,48.75));
#5887=CARTESIAN_POINT('Origin',(28.1992647456322,6.,47.));
#5888=CARTESIAN_POINT('',(29.3327206213602,6.,48.3333333333333));
#5889=CARTESIAN_POINT('Origin',(28.1992647456322,6.,47.));
#5890=CARTESIAN_POINT('',(29.3327206213602,7.,48.3333333333333));
#5891=CARTESIAN_POINT('Origin',(28.1992647456322,7.,47.));
#5892=CARTESIAN_POINT('',(29.3327206213602,6.,48.3333333333333));
#5893=CARTESIAN_POINT('Origin',(35.,6.,55.));
#5894=CARTESIAN_POINT('Origin',(35.,6.,55.));
#5895=CARTESIAN_POINT('Origin',(35.,7.,55.));
#5896=CARTESIAN_POINT('Origin',(8.88178419700125E-15,7.,-4.44089209850063E-15));
#5897=CARTESIAN_POINT('',(39.8576680388341,7.,49.2857142857143));
#5898=CARTESIAN_POINT('',(41.8007352543678,7.,50.));
#5899=CARTESIAN_POINT('Origin',(41.8007352543678,7.,47.));
#5900=CARTESIAN_POINT('',(43.1992647456322,7.,50.));
#5901=CARTESIAN_POINT('',(41.8007352543678,7.,50.));
#5902=CARTESIAN_POINT('',(45.1423319611659,7.,49.2857142857143));
#5903=CARTESIAN_POINT('Origin',(43.1992647456322,7.,47.));
#5904=CARTESIAN_POINT('',(54.8576680388341,7.,49.2857142857143));
#5905=CARTESIAN_POINT('Origin',(50.,7.,55.));
#5906=CARTESIAN_POINT('',(56.8007352543678,7.,50.));
#5907=CARTESIAN_POINT('Origin',(56.8007352543678,7.,47.));
#5908=CARTESIAN_POINT('',(90.,7.,50.));
#5909=CARTESIAN_POINT('',(56.8007352543678,7.,50.));
#5910=CARTESIAN_POINT('',(95.,7.,45.));
#5911=CARTESIAN_POINT('Origin',(90.,7.,45.));
#5912=CARTESIAN_POINT('',(95.,7.,-45.));
#5913=CARTESIAN_POINT('',(95.,7.,45.));
#5914=CARTESIAN_POINT('',(90.,7.,-50.));
#5915=CARTESIAN_POINT('Origin',(90.,7.,-45.));
#5916=CARTESIAN_POINT('',(56.8007352543677,7.,-50.));
#5917=CARTESIAN_POINT('',(90.,7.,-50.));
#5918=CARTESIAN_POINT('',(54.8576680388341,7.,-49.2857142857143));
#5919=CARTESIAN_POINT('Origin',(56.8007352543677,7.,-47.));
#5920=CARTESIAN_POINT('',(45.1423319611659,7.,-49.2857142857143));
#5921=CARTESIAN_POINT('Origin',(50.,7.,-55.));
#5922=CARTESIAN_POINT('',(43.1992647456322,7.,-50.));
#5923=CARTESIAN_POINT('Origin',(43.1992647456322,7.,-47.));
#5924=CARTESIAN_POINT('',(41.8007352543677,7.,-50.));
#5925=CARTESIAN_POINT('',(43.1992647456322,7.,-50.));
#5926=CARTESIAN_POINT('',(39.8576680388341,7.,-49.2857142857143));
#5927=CARTESIAN_POINT('Origin',(41.8007352543677,7.,-47.));
#5928=CARTESIAN_POINT('',(30.1423319611659,7.,-49.2857142857143));
#5929=CARTESIAN_POINT('Origin',(35.,7.,-55.));
#5930=CARTESIAN_POINT('',(28.1992647456322,7.,-50.));
#5931=CARTESIAN_POINT('Origin',(28.1992647456323,7.,-47.));
#5932=CARTESIAN_POINT('',(26.8007352543677,7.,-50.));
#5933=CARTESIAN_POINT('',(28.1992647456322,7.,-50.));
#5934=CARTESIAN_POINT('',(24.8576680388341,7.,-49.2857142857143));
#5935=CARTESIAN_POINT('Origin',(26.8007352543677,7.,-47.));
#5936=CARTESIAN_POINT('',(15.1423319611659,7.,-49.2857142857143));
#5937=CARTESIAN_POINT('Origin',(20.,7.,-55.));
#5938=CARTESIAN_POINT('',(13.1992647456322,7.,-50.));
#5939=CARTESIAN_POINT('Origin',(13.1992647456322,7.,-47.));
#5940=CARTESIAN_POINT('',(11.8007352543677,7.,-50.));
#5941=CARTESIAN_POINT('',(13.1992647456322,7.,-50.));
#5942=CARTESIAN_POINT('',(9.85766803883408,7.,-49.2857142857143));
#5943=CARTESIAN_POINT('Origin',(11.8007352543677,7.,-47.));
#5944=CARTESIAN_POINT('',(0.142331961165878,7.,-49.2857142857143));
#5945=CARTESIAN_POINT('Origin',(4.99999999999998,7.,-55.));
#5946=CARTESIAN_POINT('',(-1.80073525436777,7.,-50.));
#5947=CARTESIAN_POINT('Origin',(-1.80073525436777,7.,-47.));
#5948=CARTESIAN_POINT('',(-90.,7.,-50.));
#5949=CARTESIAN_POINT('',(-1.80073525436777,7.,-50.));
#5950=CARTESIAN_POINT('',(-95.,7.,-45.));
#5951=CARTESIAN_POINT('Origin',(-90.,7.,-45.));
#5952=CARTESIAN_POINT('',(-95.,7.,45.));
#5953=CARTESIAN_POINT('',(-95.,7.,-45.));
#5954=CARTESIAN_POINT('',(-90.,7.,50.));
#5955=CARTESIAN_POINT('Origin',(-90.,7.,45.));
#5956=CARTESIAN_POINT('',(-1.80073525436777,7.,50.));
#5957=CARTESIAN_POINT('',(-90.,7.,50.));
#5958=CARTESIAN_POINT('',(0.142331961165882,7.,49.2857142857143));
#5959=CARTESIAN_POINT('Origin',(-1.80073525436776,7.,47.));
#5960=CARTESIAN_POINT('',(9.8576680388341,7.,49.2857142857143));
#5961=CARTESIAN_POINT('Origin',(4.99999999999999,7.,55.));
#5962=CARTESIAN_POINT('',(11.8007352543678,7.,50.));
#5963=CARTESIAN_POINT('Origin',(11.8007352543678,7.,47.));
#5964=CARTESIAN_POINT('',(13.1992647456322,7.,50.));
#5965=CARTESIAN_POINT('',(11.8007352543678,7.,50.));
#5966=CARTESIAN_POINT('',(15.1423319611659,7.,49.2857142857143));
#5967=CARTESIAN_POINT('Origin',(13.1992647456322,7.,47.));
#5968=CARTESIAN_POINT('',(24.8576680388341,7.,49.2857142857143));
#5969=CARTESIAN_POINT('Origin',(20.,7.,55.));
#5970=CARTESIAN_POINT('',(26.8007352543678,7.,50.));
#5971=CARTESIAN_POINT('Origin',(26.8007352543678,7.,47.));
#5972=CARTESIAN_POINT('',(28.1992647456322,7.,50.));
#5973=CARTESIAN_POINT('',(26.8007352543678,7.,50.));
#5974=CARTESIAN_POINT('',(30.1423319611659,7.,49.2857142857143));
#5975=CARTESIAN_POINT('Origin',(28.1992647456322,7.,47.));
#5976=CARTESIAN_POINT('Origin',(35.,7.,55.));
#5977=CARTESIAN_POINT('Origin',(-1.80073525436776,1.,47.));
#5978=CARTESIAN_POINT('',(-1.80073525436776,1.,50.));
#5979=CARTESIAN_POINT('',(-1.80073525436776,0.,49.));
#5980=CARTESIAN_POINT('Origin',(-1.80073525436776,1.,49.));
#5981=CARTESIAN_POINT('',(-0.505357110678667,0.,48.5238095238095));
#5982=CARTESIAN_POINT('Origin',(-1.80073525436776,0.,47.));
#5983=CARTESIAN_POINT('',(0.142331961165881,1.,49.2857142857143));
#5984=CARTESIAN_POINT('Origin',(-0.505357110678667,1.,48.5238095238095));
#5985=CARTESIAN_POINT('Origin',(-1.80073525436776,1.,47.));
#5986=CARTESIAN_POINT('Origin',(4.99999999999999,1.,55.));
#5987=CARTESIAN_POINT('',(10.5053571106787,0.,48.5238095238095));
#5988=CARTESIAN_POINT('',(9.8576680388341,1.,49.2857142857143));
#5989=CARTESIAN_POINT('Origin',(10.5053571106787,1.,48.5238095238095));
#5990=CARTESIAN_POINT('Origin',(4.99999999999999,1.,55.));
#5991=CARTESIAN_POINT('Origin',(4.99999999999999,0.,55.));
#5992=CARTESIAN_POINT('Origin',(11.8007352543678,1.,47.));
#5993=CARTESIAN_POINT('',(11.8007352543678,0.,49.));
#5994=CARTESIAN_POINT('',(11.8007352543678,1.,50.));
#5995=CARTESIAN_POINT('Origin',(11.8007352543678,1.,49.));
#5996=CARTESIAN_POINT('Origin',(11.8007352543678,1.,47.));
#5997=CARTESIAN_POINT('Origin',(11.8007352543678,0.,47.));
#5998=CARTESIAN_POINT('Origin',(-45.,1.,49.));
#5999=CARTESIAN_POINT('',(13.1992647456322,0.,49.));
#6000=CARTESIAN_POINT('',(13.1992647456322,1.,50.));
#6001=CARTESIAN_POINT('Origin',(13.1992647456322,1.,49.));
#6002=CARTESIAN_POINT('',(-45.,1.,50.));
#6003=CARTESIAN_POINT('',(-45.,0.,49.));
#6004=CARTESIAN_POINT('Origin',(13.1992647456322,1.,47.));
#6005=CARTESIAN_POINT('',(14.4946428893213,0.,48.5238095238095));
#6006=CARTESIAN_POINT('',(15.1423319611659,1.,49.2857142857143));
#6007=CARTESIAN_POINT('Origin',(14.4946428893213,1.,48.5238095238095));
#6008=CARTESIAN_POINT('Origin',(13.1992647456322,1.,47.));
#6009=CARTESIAN_POINT('Origin',(13.1992647456322,0.,47.));
#6010=CARTESIAN_POINT('Origin',(20.,1.,55.));
#6011=CARTESIAN_POINT('',(25.5053571106787,0.,48.5238095238095));
#6012=CARTESIAN_POINT('',(24.8576680388341,1.,49.2857142857143));
#6013=CARTESIAN_POINT('Origin',(25.5053571106787,1.,48.5238095238095));
#6014=CARTESIAN_POINT('Origin',(20.,1.,55.));
#6015=CARTESIAN_POINT('Origin',(20.,0.,55.));
#6016=CARTESIAN_POINT('Origin',(26.8007352543678,1.,47.));
#6017=CARTESIAN_POINT('',(26.8007352543678,0.,49.));
#6018=CARTESIAN_POINT('',(26.8007352543678,1.,50.));
#6019=CARTESIAN_POINT('Origin',(26.8007352543678,1.,49.));
#6020=CARTESIAN_POINT('Origin',(26.8007352543678,1.,47.));
#6021=CARTESIAN_POINT('Origin',(26.8007352543678,0.,47.));
#6022=CARTESIAN_POINT('Origin',(-45.,1.,49.));
#6023=CARTESIAN_POINT('',(28.1992647456322,0.,49.));
#6024=CARTESIAN_POINT('',(28.1992647456322,1.,50.));
#6025=CARTESIAN_POINT('Origin',(28.1992647456322,1.,49.));
#6026=CARTESIAN_POINT('',(-45.,1.,50.));
#6027=CARTESIAN_POINT('',(-45.,0.,49.));
#6028=CARTESIAN_POINT('Origin',(28.1992647456322,1.,47.));
#6029=CARTESIAN_POINT('',(29.4946428893213,0.,48.5238095238095));
#6030=CARTESIAN_POINT('',(30.1423319611659,1.,49.2857142857143));
#6031=CARTESIAN_POINT('Origin',(29.4946428893213,1.,48.5238095238095));
#6032=CARTESIAN_POINT('Origin',(28.1992647456322,1.,47.));
#6033=CARTESIAN_POINT('Origin',(28.1992647456322,0.,47.));
#6034=CARTESIAN_POINT('Origin',(35.,1.,55.));
#6035=CARTESIAN_POINT('',(40.5053571106787,0.,48.5238095238095));
#6036=CARTESIAN_POINT('',(39.8576680388341,1.,49.2857142857143));
#6037=CARTESIAN_POINT('Origin',(40.5053571106787,1.,48.5238095238095));
#6038=CARTESIAN_POINT('Origin',(35.,1.,55.));
#6039=CARTESIAN_POINT('Origin',(35.,0.,55.));
#6040=CARTESIAN_POINT('Origin',(41.8007352543678,1.,47.));
#6041=CARTESIAN_POINT('',(41.8007352543678,0.,49.));
#6042=CARTESIAN_POINT('',(41.8007352543678,1.,50.));
#6043=CARTESIAN_POINT('Origin',(41.8007352543678,1.,49.));
#6044=CARTESIAN_POINT('Origin',(41.8007352543678,1.,47.));
#6045=CARTESIAN_POINT('Origin',(41.8007352543678,0.,47.));
#6046=CARTESIAN_POINT('Origin',(-45.,1.,49.));
#6047=CARTESIAN_POINT('',(43.1992647456322,0.,49.));
#6048=CARTESIAN_POINT('',(43.1992647456322,1.,50.));
#6049=CARTESIAN_POINT('Origin',(43.1992647456322,1.,49.));
#6050=CARTESIAN_POINT('',(-45.,1.,50.));
#6051=CARTESIAN_POINT('',(-45.,0.,49.));
#6052=CARTESIAN_POINT('Origin',(43.1992647456322,1.,47.));
#6053=CARTESIAN_POINT('',(44.4946428893213,0.,48.5238095238095));
#6054=CARTESIAN_POINT('',(45.1423319611659,1.,49.2857142857143));
#6055=CARTESIAN_POINT('Origin',(44.4946428893213,1.,48.5238095238095));
#6056=CARTESIAN_POINT('Origin',(43.1992647456322,1.,47.));
#6057=CARTESIAN_POINT('Origin',(43.1992647456322,0.,47.));
#6058=CARTESIAN_POINT('Origin',(50.,1.,55.));
#6059=CARTESIAN_POINT('',(55.5053571106787,0.,48.5238095238095));
#6060=CARTESIAN_POINT('',(54.8576680388341,1.,49.2857142857143));
#6061=CARTESIAN_POINT('Origin',(55.5053571106787,1.,48.5238095238095));
#6062=CARTESIAN_POINT('Origin',(50.,1.,55.));
#6063=CARTESIAN_POINT('Origin',(50.,0.,55.));
#6064=CARTESIAN_POINT('Origin',(56.8007352543678,1.,47.));
#6065=CARTESIAN_POINT('',(56.8007352543678,0.,49.));
#6066=CARTESIAN_POINT('',(56.8007352543678,1.,50.));
#6067=CARTESIAN_POINT('Origin',(56.8007352543678,1.,49.));
#6068=CARTESIAN_POINT('Origin',(56.8007352543678,1.,47.));
#6069=CARTESIAN_POINT('Origin',(56.8007352543678,0.,47.));
#6070=CARTESIAN_POINT('Origin',(-45.,1.,49.));
#6071=CARTESIAN_POINT('',(90.,0.,49.));
#6072=CARTESIAN_POINT('',(90.,1.,50.));
#6073=CARTESIAN_POINT('Origin',(90.,1.,49.));
#6074=CARTESIAN_POINT('',(-45.,1.,50.));
#6075=CARTESIAN_POINT('',(-45.,0.,49.));
#6076=CARTESIAN_POINT('Origin',(90.,1.,45.));
#6077=CARTESIAN_POINT('',(94.,0.,45.));
#6078=CARTESIAN_POINT('',(95.,1.,45.));
#6079=CARTESIAN_POINT('Origin',(94.,1.,45.));
#6080=CARTESIAN_POINT('Origin',(90.,1.,45.));
#6081=CARTESIAN_POINT('Origin',(90.,0.,45.));
#6082=CARTESIAN_POINT('Origin',(94.,1.,22.5));
#6083=CARTESIAN_POINT('',(94.,0.,-45.));
#6084=CARTESIAN_POINT('',(95.,1.,-45.));
#6085=CARTESIAN_POINT('Origin',(94.,1.,-45.));
#6086=CARTESIAN_POINT('',(95.,1.,22.5));
#6087=CARTESIAN_POINT('',(94.,0.,22.5));
#6088=CARTESIAN_POINT('Origin',(90.,1.,-45.));
#6089=CARTESIAN_POINT('',(90.,0.,-49.));
#6090=CARTESIAN_POINT('',(90.,1.,-50.));
#6091=CARTESIAN_POINT('Origin',(90.,1.,-49.));
#6092=CARTESIAN_POINT('Origin',(90.,1.,-45.));
#6093=CARTESIAN_POINT('Origin',(90.,0.,-45.));
#6094=CARTESIAN_POINT('Origin',(45.,1.,-49.));
#6095=CARTESIAN_POINT('',(56.8007352543677,0.,-49.));
#6096=CARTESIAN_POINT('',(56.8007352543677,1.,-50.));
#6097=CARTESIAN_POINT('Origin',(56.8007352543677,1.,-49.));
#6098=CARTESIAN_POINT('',(45.,1.,-50.));
#6099=CARTESIAN_POINT('',(45.,0.,-49.));
#6100=CARTESIAN_POINT('Origin',(56.8007352543677,1.,-47.));
#6101=CARTESIAN_POINT('',(55.5053571106786,0.,-48.5238095238095));
#6102=CARTESIAN_POINT('',(54.8576680388341,1.,-49.2857142857143));
#6103=CARTESIAN_POINT('Origin',(55.5053571106786,1.,-48.5238095238095));
#6104=CARTESIAN_POINT('Origin',(56.8007352543677,1.,-47.));
#6105=CARTESIAN_POINT('Origin',(56.8007352543677,0.,-47.));
#6106=CARTESIAN_POINT('Origin',(50.,1.,-55.));
#6107=CARTESIAN_POINT('',(44.4946428893213,0.,-48.5238095238095));
#6108=CARTESIAN_POINT('',(45.1423319611659,1.,-49.2857142857143));
#6109=CARTESIAN_POINT('Origin',(44.4946428893213,1.,-48.5238095238095));
#6110=CARTESIAN_POINT('Origin',(50.,1.,-55.));
#6111=CARTESIAN_POINT('Origin',(50.,0.,-55.));
#6112=CARTESIAN_POINT('Origin',(43.1992647456322,1.,-47.));
#6113=CARTESIAN_POINT('',(43.1992647456322,0.,-49.));
#6114=CARTESIAN_POINT('',(43.1992647456322,1.,-50.));
#6115=CARTESIAN_POINT('Origin',(43.1992647456322,1.,-49.));
#6116=CARTESIAN_POINT('Origin',(43.1992647456322,1.,-47.));
#6117=CARTESIAN_POINT('Origin',(43.1992647456322,0.,-47.));
#6118=CARTESIAN_POINT('Origin',(45.,1.,-49.));
#6119=CARTESIAN_POINT('',(41.8007352543677,0.,-49.));
#6120=CARTESIAN_POINT('',(41.8007352543677,1.,-50.));
#6121=CARTESIAN_POINT('Origin',(41.8007352543677,1.,-49.));
#6122=CARTESIAN_POINT('',(45.,1.,-50.));
#6123=CARTESIAN_POINT('',(45.,0.,-49.));
#6124=CARTESIAN_POINT('Origin',(41.8007352543677,1.,-47.));
#6125=CARTESIAN_POINT('',(40.5053571106786,0.,-48.5238095238095));
#6126=CARTESIAN_POINT('',(39.8576680388341,1.,-49.2857142857143));
#6127=CARTESIAN_POINT('Origin',(40.5053571106786,1.,-48.5238095238095));
#6128=CARTESIAN_POINT('Origin',(41.8007352543677,1.,-47.));
#6129=CARTESIAN_POINT('Origin',(41.8007352543677,0.,-47.));
#6130=CARTESIAN_POINT('Origin',(35.,1.,-55.));
#6131=CARTESIAN_POINT('',(29.4946428893213,0.,-48.5238095238095));
#6132=CARTESIAN_POINT('',(30.1423319611659,1.,-49.2857142857143));
#6133=CARTESIAN_POINT('Origin',(29.4946428893213,1.,-48.5238095238095));
#6134=CARTESIAN_POINT('Origin',(35.,1.,-55.));
#6135=CARTESIAN_POINT('Origin',(35.,0.,-55.));
#6136=CARTESIAN_POINT('Origin',(28.1992647456323,1.,-47.));
#6137=CARTESIAN_POINT('',(28.1992647456323,0.,-49.));
#6138=CARTESIAN_POINT('',(28.1992647456323,1.,-50.));
#6139=CARTESIAN_POINT('Origin',(28.1992647456323,1.,-49.));
#6140=CARTESIAN_POINT('Origin',(28.1992647456323,1.,-47.));
#6141=CARTESIAN_POINT('Origin',(28.1992647456323,0.,-47.));
#6142=CARTESIAN_POINT('Origin',(45.,1.,-49.));
#6143=CARTESIAN_POINT('',(26.8007352543677,0.,-49.));
#6144=CARTESIAN_POINT('',(26.8007352543677,1.,-50.));
#6145=CARTESIAN_POINT('Origin',(26.8007352543677,1.,-49.));
#6146=CARTESIAN_POINT('',(45.,1.,-50.));
#6147=CARTESIAN_POINT('',(45.,0.,-49.));
#6148=CARTESIAN_POINT('Origin',(26.8007352543677,1.,-47.));
#6149=CARTESIAN_POINT('',(25.5053571106786,0.,-48.5238095238095));
#6150=CARTESIAN_POINT('',(24.8576680388341,1.,-49.2857142857143));
#6151=CARTESIAN_POINT('Origin',(25.5053571106786,1.,-48.5238095238095));
#6152=CARTESIAN_POINT('Origin',(26.8007352543677,1.,-47.));
#6153=CARTESIAN_POINT('Origin',(26.8007352543677,0.,-47.));
#6154=CARTESIAN_POINT('Origin',(20.,1.,-55.));
#6155=CARTESIAN_POINT('',(14.4946428893213,0.,-48.5238095238095));
#6156=CARTESIAN_POINT('',(15.1423319611659,1.,-49.2857142857143));
#6157=CARTESIAN_POINT('Origin',(14.4946428893213,1.,-48.5238095238095));
#6158=CARTESIAN_POINT('Origin',(20.,1.,-55.));
#6159=CARTESIAN_POINT('Origin',(20.,0.,-55.));
#6160=CARTESIAN_POINT('Origin',(13.1992647456322,1.,-47.));
#6161=CARTESIAN_POINT('',(13.1992647456322,0.,-49.));
#6162=CARTESIAN_POINT('',(13.1992647456322,1.,-50.));
#6163=CARTESIAN_POINT('Origin',(13.1992647456322,1.,-49.));
#6164=CARTESIAN_POINT('Origin',(13.1992647456322,1.,-47.));
#6165=CARTESIAN_POINT('Origin',(13.1992647456322,0.,-47.));
#6166=CARTESIAN_POINT('Origin',(45.,1.,-49.));
#6167=CARTESIAN_POINT('',(11.8007352543677,0.,-49.));
#6168=CARTESIAN_POINT('',(11.8007352543677,1.,-50.));
#6169=CARTESIAN_POINT('Origin',(11.8007352543677,1.,-49.));
#6170=CARTESIAN_POINT('',(45.,1.,-50.));
#6171=CARTESIAN_POINT('',(45.,0.,-49.));
#6172=CARTESIAN_POINT('Origin',(11.8007352543677,1.,-47.));
#6173=CARTESIAN_POINT('',(10.5053571106786,0.,-48.5238095238095));
#6174=CARTESIAN_POINT('',(9.85766803883408,1.,-49.2857142857143));
#6175=CARTESIAN_POINT('Origin',(10.5053571106786,1.,-48.5238095238095));
#6176=CARTESIAN_POINT('Origin',(11.8007352543677,1.,-47.));
#6177=CARTESIAN_POINT('Origin',(11.8007352543677,0.,-47.));
#6178=CARTESIAN_POINT('Origin',(4.99999999999998,1.,-55.));
#6179=CARTESIAN_POINT('',(-0.505357110678672,0.,-48.5238095238095));
#6180=CARTESIAN_POINT('',(0.142331961165874,1.,-49.2857142857143));
#6181=CARTESIAN_POINT('Origin',(-0.505357110678672,1.,-48.5238095238095));
#6182=CARTESIAN_POINT('Origin',(4.99999999999998,1.,-55.));
#6183=CARTESIAN_POINT('Origin',(4.99999999999998,0.,-55.));
#6184=CARTESIAN_POINT('Origin',(-1.80073525436777,1.,-47.));
#6185=CARTESIAN_POINT('',(-1.80073525436777,0.,-49.));
#6186=CARTESIAN_POINT('',(-1.80073525436777,1.,-50.));
#6187=CARTESIAN_POINT('Origin',(-1.80073525436777,1.,-49.));
#6188=CARTESIAN_POINT('Origin',(-1.80073525436777,1.,-47.));
#6189=CARTESIAN_POINT('Origin',(-1.80073525436777,0.,-47.));
#6190=CARTESIAN_POINT('Origin',(45.,1.,-49.));
#6191=CARTESIAN_POINT('',(-90.,0.,-49.));
#6192=CARTESIAN_POINT('',(-90.,1.,-50.));
#6193=CARTESIAN_POINT('Origin',(-90.,1.,-49.));
#6194=CARTESIAN_POINT('',(45.,1.,-50.));
#6195=CARTESIAN_POINT('',(45.,0.,-49.));
#6196=CARTESIAN_POINT('Origin',(-90.,1.,-45.));
#6197=CARTESIAN_POINT('',(-94.,0.,-45.));
#6198=CARTESIAN_POINT('',(-95.,1.,-45.));
#6199=CARTESIAN_POINT('Origin',(-94.,1.,-45.));
#6200=CARTESIAN_POINT('Origin',(-90.,1.,-45.));
#6201=CARTESIAN_POINT('Origin',(-90.,0.,-45.));
#6202=CARTESIAN_POINT('Origin',(-94.,1.,-22.5));
#6203=CARTESIAN_POINT('',(-94.,0.,45.));
#6204=CARTESIAN_POINT('',(-95.,1.,45.));
#6205=CARTESIAN_POINT('Origin',(-94.,1.,45.));
#6206=CARTESIAN_POINT('',(-95.,1.,-22.5));
#6207=CARTESIAN_POINT('',(-94.,0.,-22.5));
#6208=CARTESIAN_POINT('Origin',(-90.,1.,45.));
#6209=CARTESIAN_POINT('',(-90.,0.,49.));
#6210=CARTESIAN_POINT('',(-90.,1.,50.));
#6211=CARTESIAN_POINT('Origin',(-90.,1.,49.));
#6212=CARTESIAN_POINT('Origin',(-90.,1.,45.));
#6213=CARTESIAN_POINT('Origin',(-90.,0.,45.));
#6214=CARTESIAN_POINT('Origin',(-45.,1.,49.));
#6215=CARTESIAN_POINT('',(-45.,1.,50.));
#6216=CARTESIAN_POINT('',(-45.,0.,49.));
#6217=CARTESIAN_POINT('Origin',(50.,6.,-55.));
#6218=CARTESIAN_POINT('',(45.1423319611659,6.,-49.2857142857143));
#6219=CARTESIAN_POINT('',(54.8576680388341,6.,-49.2857142857143));
#6220=CARTESIAN_POINT('Origin',(43.1992647456322,6.,-47.));
#6221=CARTESIAN_POINT('',(43.1992647456322,6.,-50.));
#6222=CARTESIAN_POINT('Origin',(90.,0.,-50.));
#6223=CARTESIAN_POINT('',(41.8007352543677,6.,-50.));
#6224=CARTESIAN_POINT('Origin',(41.8007352543677,6.,-47.));
#6225=CARTESIAN_POINT('',(39.8576680388341,6.,-49.2857142857143));
#6226=CARTESIAN_POINT('Origin',(35.,6.,-55.));
#6227=CARTESIAN_POINT('',(30.1423319611659,6.,-49.2857142857143));
#6228=CARTESIAN_POINT('Origin',(28.1992647456323,6.,-47.));
#6229=CARTESIAN_POINT('',(28.1992647456323,6.,-50.));
#6230=CARTESIAN_POINT('Origin',(90.,0.,-50.));
#6231=CARTESIAN_POINT('',(26.8007352543677,6.,-50.));
#6232=CARTESIAN_POINT('Origin',(26.8007352543677,6.,-47.));
#6233=CARTESIAN_POINT('',(24.8576680388341,6.,-49.2857142857143));
#6234=CARTESIAN_POINT('Origin',(20.,6.,-55.));
#6235=CARTESIAN_POINT('',(15.1423319611659,6.,-49.2857142857143));
#6236=CARTESIAN_POINT('Origin',(13.1992647456322,6.,-47.));
#6237=CARTESIAN_POINT('',(13.1992647456322,6.,-50.));
#6238=CARTESIAN_POINT('Origin',(90.,0.,-50.));
#6239=CARTESIAN_POINT('',(11.8007352543677,6.,-50.));
#6240=CARTESIAN_POINT('Origin',(11.8007352543677,6.,-47.));
#6241=CARTESIAN_POINT('',(9.85766803883408,6.,-49.2857142857143));
#6242=CARTESIAN_POINT('Origin',(4.99999999999998,6.,-55.));
#6243=CARTESIAN_POINT('',(0.142331961165874,6.,-49.2857142857143));
#6244=CARTESIAN_POINT('Origin',(-1.80073525436777,6.,-47.));
#6245=CARTESIAN_POINT('',(-1.80073525436777,6.,-50.));
#6246=CARTESIAN_POINT('Origin',(90.,0.,-50.));
#6247=CARTESIAN_POINT('',(-90.,0.,-50.));
#6248=CARTESIAN_POINT('Origin',(-90.,0.,-45.));
#6249=CARTESIAN_POINT('',(-95.,0.,-45.));
#6250=CARTESIAN_POINT('Origin',(-95.,0.,-45.));
#6251=CARTESIAN_POINT('',(-95.,0.,45.));
#6252=CARTESIAN_POINT('Origin',(-90.,0.,45.));
#6253=CARTESIAN_POINT('',(-90.,0.,50.));
#6254=CARTESIAN_POINT('Origin',(-90.,0.,50.));
#6255=CARTESIAN_POINT('',(-1.80073525436776,6.,50.));
#6256=CARTESIAN_POINT('Origin',(-1.80073525436776,6.,47.));
#6257=CARTESIAN_POINT('',(0.142331961165881,6.,49.2857142857143));
#6258=CARTESIAN_POINT('Origin',(8.88178419700125E-15,0.,-4.44089209850063E-15));
#6259=CARTESIAN_POINT('Origin',(4.99999999999999,6.,55.));
#6260=CARTESIAN_POINT('',(11.8007352543677,6.,47.));
#6261=CARTESIAN_POINT('Origin',(4.99999999999999,6.,55.));
#6262=CARTESIAN_POINT('',(11.8007352543677,6.,47.));
#6263=CARTESIAN_POINT('Origin',(-90.,0.,47.));
#6264=CARTESIAN_POINT('',(13.1992647456322,6.,47.));
#6265=CARTESIAN_POINT('',(-45.,6.,47.));
#6266=CARTESIAN_POINT('',(13.1992647456322,6.,47.));
#6267=CARTESIAN_POINT('Origin',(20.,6.,55.));
#6268=CARTESIAN_POINT('',(26.8007352543678,6.,47.));
#6269=CARTESIAN_POINT('Origin',(20.,6.,55.));
#6270=CARTESIAN_POINT('',(26.8007352543678,6.,47.));
#6271=CARTESIAN_POINT('Origin',(-90.,0.,47.));
#6272=CARTESIAN_POINT('',(28.1992647456322,6.,47.));
#6273=CARTESIAN_POINT('',(-45.,6.,47.));
#6274=CARTESIAN_POINT('',(28.1992647456322,6.,47.));
#6275=CARTESIAN_POINT('Origin',(35.,6.,55.));
#6276=CARTESIAN_POINT('',(41.8007352543678,6.,47.));
#6277=CARTESIAN_POINT('Origin',(35.,6.,55.));
#6278=CARTESIAN_POINT('',(41.8007352543678,6.,47.));
#6279=CARTESIAN_POINT('Origin',(-90.,0.,47.));
#6280=CARTESIAN_POINT('',(43.1992647456322,6.,47.));
#6281=CARTESIAN_POINT('',(-45.,6.,47.));
#6282=CARTESIAN_POINT('',(43.1992647456322,6.,47.));
#6283=CARTESIAN_POINT('Origin',(35.,6.,-55.));
#6284=CARTESIAN_POINT('',(41.8007352543677,6.,-47.));
#6285=CARTESIAN_POINT('',(41.8007352543677,6.,-47.));
#6286=CARTESIAN_POINT('',(28.1992647456323,6.,-47.));
#6287=CARTESIAN_POINT('Origin',(35.,6.,-55.));
#6288=CARTESIAN_POINT('',(28.1992647456322,6.,-47.));
#6289=CARTESIAN_POINT('Origin',(90.,0.,-47.));
#6290=CARTESIAN_POINT('',(43.1992647456322,6.,-47.));
#6291=CARTESIAN_POINT('',(43.1992647456322,6.,-47.));
#6292=CARTESIAN_POINT('',(45.,6.,-47.));
#6293=CARTESIAN_POINT('Origin',(90.,0.,-47.));
#6294=CARTESIAN_POINT('',(26.8007352543677,6.,-47.));
#6295=CARTESIAN_POINT('',(45.,6.,-47.));
#6296=CARTESIAN_POINT('',(26.8007352543677,6.,-47.));
#6297=CARTESIAN_POINT('Origin',(20.,6.,-55.));
#6298=CARTESIAN_POINT('',(13.1992647456322,6.,-47.));
#6299=CARTESIAN_POINT('Origin',(20.,6.,-55.));
#6300=CARTESIAN_POINT('',(13.1992647456322,6.,-47.));
#6301=CARTESIAN_POINT('Origin',(90.,0.,-47.));
#6302=CARTESIAN_POINT('',(45.,6.,-47.));
#6303=CARTESIAN_POINT('Origin',(90.,0.,-47.));
#6304=CARTESIAN_POINT('',(45.,6.,-47.));
#6305=CARTESIAN_POINT('Origin',(50.,6.,55.));
#6306=CARTESIAN_POINT('Origin',(50.,6.,55.));
#6307=CARTESIAN_POINT('Origin',(50.,6.,-55.));
#6308=CARTESIAN_POINT('Origin',(50.,6.,-55.));
#6309=CARTESIAN_POINT('Origin',(-92.,0.,-45.));
#6310=CARTESIAN_POINT('',(-92.,6.,-22.5));
#6311=CARTESIAN_POINT('Origin',(92.,0.,45.));
#6312=CARTESIAN_POINT('',(92.,6.,22.5));
#6313=CARTESIAN_POINT('Origin',(8.88178419700125E-15,6.,-4.44089209850063E-15));
#6314=CARTESIAN_POINT('Origin',(56.8007352543677,6.,-47.));
#6315=CARTESIAN_POINT('',(56.8007352543677,6.,-50.));
#6316=CARTESIAN_POINT('Origin',(90.,0.,-50.));
#6317=CARTESIAN_POINT('',(90.,0.,-50.));
#6318=CARTESIAN_POINT('Origin',(56.8007352543678,6.,47.));
#6319=CARTESIAN_POINT('',(56.8007352543678,6.,50.));
#6320=CARTESIAN_POINT('',(54.8576680388341,6.,49.2857142857143));
#6321=CARTESIAN_POINT('Origin',(50.,6.,55.));
#6322=CARTESIAN_POINT('',(45.1423319611659,6.,49.2857142857143));
#6323=CARTESIAN_POINT('Origin',(43.1992647456322,6.,47.));
#6324=CARTESIAN_POINT('',(43.1992647456322,6.,50.));
#6325=CARTESIAN_POINT('Origin',(-90.,0.,50.));
#6326=CARTESIAN_POINT('',(41.8007352543678,6.,50.));
#6327=CARTESIAN_POINT('Origin',(41.8007352543678,6.,47.));
#6328=CARTESIAN_POINT('',(39.8576680388341,6.,49.2857142857143));
#6329=CARTESIAN_POINT('Origin',(35.,6.,55.));
#6330=CARTESIAN_POINT('',(30.1423319611659,6.,49.2857142857143));
#6331=CARTESIAN_POINT('Origin',(28.1992647456322,6.,47.));
#6332=CARTESIAN_POINT('',(28.1992647456322,6.,50.));
#6333=CARTESIAN_POINT('Origin',(-90.,0.,50.));
#6334=CARTESIAN_POINT('',(26.8007352543678,6.,50.));
#6335=CARTESIAN_POINT('Origin',(26.8007352543678,6.,47.));
#6336=CARTESIAN_POINT('',(24.8576680388341,6.,49.2857142857143));
#6337=CARTESIAN_POINT('Origin',(20.,6.,55.));
#6338=CARTESIAN_POINT('',(15.1423319611659,6.,49.2857142857143));
#6339=CARTESIAN_POINT('Origin',(13.1992647456322,6.,47.));
#6340=CARTESIAN_POINT('',(13.1992647456322,6.,50.));
#6341=CARTESIAN_POINT('Origin',(-90.,0.,50.));
#6342=CARTESIAN_POINT('',(11.8007352543678,6.,50.));
#6343=CARTESIAN_POINT('Origin',(11.8007352543678,6.,47.));
#6344=CARTESIAN_POINT('',(9.8576680388341,6.,49.2857142857143));
#6345=CARTESIAN_POINT('Origin',(4.99999999999999,6.,55.));
#6346=CARTESIAN_POINT('Origin',(-90.,0.,50.));
#6347=CARTESIAN_POINT('',(90.,0.,50.));
#6348=CARTESIAN_POINT('Origin',(90.,0.,45.));
#6349=CARTESIAN_POINT('',(95.,0.,45.));
#6350=CARTESIAN_POINT('Origin',(90.,0.,-45.));
#6351=CARTESIAN_POINT('',(95.,0.,-45.));
#6352=CARTESIAN_POINT('Origin',(95.,0.,45.));
#6353=UNCERTAINTY_MEASURE_WITH_UNIT(LENGTH_MEASURE(0.01),#6357,
'DISTANCE_ACCURACY_VALUE',
'Maximum model space distance between geometric entities at asserted c
onnectivities');
#6354=UNCERTAINTY_MEASURE_WITH_UNIT(LENGTH_MEASURE(0.01),#6357,
'DISTANCE_ACCURACY_VALUE',
'Maximum model space distance between geometric entities at asserted c
onnectivities');
#6355=(
GEOMETRIC_REPRESENTATION_CONTEXT(3)
GLOBAL_UNCERTAINTY_ASSIGNED_CONTEXT((#6353))
GLOBAL_UNIT_ASSIGNED_CONTEXT((#6357,#6359,#6360))
REPRESENTATION_CONTEXT('','3D')
);
#6356=(
GEOMETRIC_REPRESENTATION_CONTEXT(3)
GLOBAL_UNCERTAINTY_ASSIGNED_CONTEXT((#6354))
GLOBAL_UNIT_ASSIGNED_CONTEXT((#6357,#6359,#6360))
REPRESENTATION_CONTEXT('','3D')
);
#6357=(
LENGTH_UNIT()
NAMED_UNIT(*)
SI_UNIT(.MILLI.,.METRE.)
);
#6358=(
LENGTH_UNIT()
NAMED_UNIT(*)
SI_UNIT(.CENTI.,.METRE.)
);
#6359=(
NAMED_UNIT(*)
PLANE_ANGLE_UNIT()
SI_UNIT($,.RADIAN.)
);
#6360=(
NAMED_UNIT(*)
SI_UNIT($,.STERADIAN.)
SOLID_ANGLE_UNIT()
);
#6361=SHAPE_DEFINITION_REPRESENTATION(#6362,#6363);
#6362=PRODUCT_DEFINITION_SHAPE('',$,#6365);
#6363=SHAPE_REPRESENTATION('',(#3598),#6355);
#6364=PRODUCT_DEFINITION_CONTEXT('part definition',#6369,'design');
#6365=PRODUCT_DEFINITION('H\X2\1ED9\X0\p Slave','N\X2\1EAF\X0\p Slave',
#6366,#6364);
#6366=PRODUCT_DEFINITION_FORMATION('',$,#6371);
#6367=PRODUCT_RELATED_PRODUCT_CATEGORY('N\X2\1EAF\X0\p Slave',
'N\X2\1EAF\X0\p Slave',(#6371));
#6368=APPLICATION_PROTOCOL_DEFINITION('international standard',
'automotive_design',2009,#6369);
#6369=APPLICATION_CONTEXT(
'Core Data for Automotive Mechanical Design Process');
#6370=PRODUCT_CONTEXT('part definition',#6369,'mechanical');
#6371=PRODUCT('H\X2\1ED9\X0\p Slave','N\X2\1EAF\X0\p Slave',$,(#6370));
#6372=PRESENTATION_STYLE_ASSIGNMENT((#6374));
#6373=PRESENTATION_STYLE_ASSIGNMENT((#6375));
#6374=SURFACE_STYLE_USAGE(.BOTH.,#6380);
#6375=SURFACE_STYLE_USAGE(.BOTH.,#6381);
#6376=SURFACE_STYLE_RENDERING_WITH_PROPERTIES($,#6388,(#6378));
#6377=SURFACE_STYLE_RENDERING_WITH_PROPERTIES($,#6389,(#6379));
#6378=SURFACE_STYLE_TRANSPARENT(0.);
#6379=SURFACE_STYLE_TRANSPARENT(0.);
#6380=SURFACE_SIDE_STYLE('',(#6382,#6376));
#6381=SURFACE_SIDE_STYLE('',(#6383,#6377));
#6382=SURFACE_STYLE_FILL_AREA(#6384);
#6383=SURFACE_STYLE_FILL_AREA(#6385);
#6384=FILL_AREA_STYLE('',(#6386));
#6385=FILL_AREA_STYLE('',(#6387));
#6386=FILL_AREA_STYLE_COLOUR('',#6388);
#6387=FILL_AREA_STYLE_COLOUR('',#6389);
#6388=COLOUR_RGB('',0.0941176470588235,0.145098039215686,0.972549019607843);
#6389=COLOUR_RGB('',0.96078431372549,0.96078431372549,0.96078431372549);
ENDSEC;
END-ISO-10303-21;
