ISO-10303-21;
HEADER;
/* Generated by software containing ST-Developer
 * from STEP Tools, Inc. (www.steptools.com) 
 */

FILE_DESCRIPTION(
/* description */ (''),
/* implementation_level */ '2;1');

FILE_NAME(
/* name */ 
'D:\\6. THI\\12. H\X2\1ED9\X0\p EVN\\12. H\X2\1ED9\X0\p EVN\\Master\\M
aster_G\X2\1EED\X0\i Kh\X\E1ch_26.07.15\\3D Step\\H\X2\1ED9\X0\p Maste
r_SLA_M\X\E0u xanh C\X\F4 ban_SL01.stp',
/* time_stamp */ '2026-07-15T10:50:44+07:00',
/* author */ ('PC'),
/* organization */ (''),
/* preprocessor_version */ 'ST-DEVELOPER v18',
/* originating_system */ 'Autodesk Inventor 2020',
/* authorisation */ '');

FILE_SCHEMA (('AUTOMOTIVE_DESIGN { 1 0 10303 214 3 1 1 }'));
ENDSEC;

DATA;
#10=MECHANICAL_DESIGN_GEOMETRIC_PRESENTATION_REPRESENTATION('',(#14,#15),
#6652);
#11=SHAPE_REPRESENTATION_RELATIONSHIP('SRR','None',#6659,#12);
#12=ADVANCED_BREP_SHAPE_REPRESENTATION('',(#13),#6651);
#13=MANIFOLD_SOLID_BREP('Solid1',#3787);
#14=STYLED_ITEM('',(#6669),#3648);
#15=STYLED_ITEM('',(#6668),#13);
#16=B_SPLINE_CURVE_WITH_KNOTS('',3,(#5866,#5867,#5868,#5869,#5870,#5871,
#5872,#5873,#5874,#5875),.UNSPECIFIED.,.F.,.F.,(4,2,2,2,4),(1.31541063836091,
1.44452795837349,1.73136475454901,2.01820155072453,2.14731887073712),
 .UNSPECIFIED.);
#17=TOROIDAL_SURFACE('',#3933,11.25,2.);
#18=TOROIDAL_SURFACE('',#4195,4.,1.);
#19=TOROIDAL_SURFACE('',#4202,4.,1.);
#20=TOROIDAL_SURFACE('',#4208,9.,1.);
#21=TOROIDAL_SURFACE('',#4212,124.223374405995,1.);
#22=TOROIDAL_SURFACE('',#4216,9.,1.);
#23=TOROIDAL_SURFACE('',#4222,4.,1.);
#24=TOROIDAL_SURFACE('',#4228,4.,1.);
#25=TOROIDAL_SURFACE('',#4234,9.,1.);
#26=TOROIDAL_SURFACE('',#4238,124.223374405995,1.);
#27=TOROIDAL_SURFACE('',#4242,9.,1.);
#28=FACE_BOUND('',#693,.T.);
#29=FACE_BOUND('',#698,.T.);
#30=FACE_BOUND('',#720,.T.);
#31=FACE_BOUND('',#748,.T.);
#32=FACE_BOUND('',#751,.T.);
#33=FACE_BOUND('',#754,.T.);
#34=FACE_BOUND('',#756,.T.);
#35=FACE_BOUND('',#757,.T.);
#36=FACE_BOUND('',#758,.T.);
#37=FACE_BOUND('',#759,.T.);
#38=FACE_BOUND('',#760,.T.);
#39=FACE_BOUND('',#761,.T.);
#40=FACE_BOUND('',#762,.T.);
#41=FACE_BOUND('',#763,.T.);
#42=FACE_BOUND('',#764,.T.);
#43=FACE_BOUND('',#765,.T.);
#44=FACE_BOUND('',#766,.T.);
#45=FACE_BOUND('',#797,.T.);
#46=FACE_BOUND('',#801,.T.);
#47=FACE_BOUND('',#805,.T.);
#48=FACE_BOUND('',#809,.T.);
#49=FACE_BOUND('',#827,.T.);
#50=FACE_BOUND('',#828,.T.);
#51=FACE_BOUND('',#829,.T.);
#52=FACE_BOUND('',#830,.T.);
#53=FACE_BOUND('',#831,.T.);
#54=FACE_BOUND('',#832,.T.);
#55=FACE_BOUND('',#833,.T.);
#56=FACE_BOUND('',#851,.T.);
#57=FACE_BOUND('',#860,.T.);
#58=FACE_BOUND('',#861,.T.);
#59=FACE_BOUND('',#862,.T.);
#60=FACE_BOUND('',#863,.T.);
#61=FACE_BOUND('',#864,.T.);
#62=FACE_BOUND('',#865,.T.);
#63=FACE_BOUND('',#866,.T.);
#64=FACE_BOUND('',#872,.T.);
#65=FACE_BOUND('',#873,.T.);
#66=FACE_BOUND('',#874,.T.);
#67=FACE_BOUND('',#875,.T.);
#68=FACE_BOUND('',#881,.T.);
#69=FACE_BOUND('',#882,.T.);
#70=FACE_BOUND('',#883,.T.);
#71=FACE_BOUND('',#884,.T.);
#72=FACE_BOUND('',#889,.T.);
#73=FACE_BOUND('',#891,.T.);
#74=CONICAL_SURFACE('',#3888,2.625,0.785398163397448);
#75=CONICAL_SURFACE('',#3896,2.625,0.785398163397448);
#76=CONICAL_SURFACE('',#3925,8.99999999999999,0.785398163397442);
#77=CONICAL_SURFACE('',#4075,2.625,0.785398163397448);
#78=CONICAL_SURFACE('',#4081,2.625,0.785398163397448);
#79=CONICAL_SURFACE('',#4087,2.625,0.785398163397448);
#80=CONICAL_SURFACE('',#4093,2.625,0.785398163397448);
#81=CYLINDRICAL_SURFACE('',#3821,10.25);
#82=CYLINDRICAL_SURFACE('',#3848,10.25);
#83=CYLINDRICAL_SURFACE('',#3875,10.25);
#84=CYLINDRICAL_SURFACE('',#3893,2.);
#85=CYLINDRICAL_SURFACE('',#3901,2.);
#86=CYLINDRICAL_SURFACE('',#3904,3.25);
#87=CYLINDRICAL_SURFACE('',#3907,3.25);
#88=CYLINDRICAL_SURFACE('',#3910,7.5);
#89=CYLINDRICAL_SURFACE('',#3913,7.5);
#90=CYLINDRICAL_SURFACE('',#3916,126.223374405995);
#91=CYLINDRICAL_SURFACE('',#3929,9.24999999999999);
#92=CYLINDRICAL_SURFACE('',#3938,3.);
#93=CYLINDRICAL_SURFACE('',#3942,3.);
#94=CYLINDRICAL_SURFACE('',#3946,3.);
#95=CYLINDRICAL_SURFACE('',#3950,3.);
#96=CYLINDRICAL_SURFACE('',#3955,4.);
#97=CYLINDRICAL_SURFACE('',#3961,4.);
#98=CYLINDRICAL_SURFACE('',#3967,4.);
#99=CYLINDRICAL_SURFACE('',#3973,4.);
#100=CYLINDRICAL_SURFACE('',#3979,3.5);
#101=CYLINDRICAL_SURFACE('',#3983,2.5);
#102=CYLINDRICAL_SURFACE('',#3986,2.5);
#103=CYLINDRICAL_SURFACE('',#3989,2.5);
#104=CYLINDRICAL_SURFACE('',#3992,2.5);
#105=CYLINDRICAL_SURFACE('',#3995,126.223374405995);
#106=CYLINDRICAL_SURFACE('',#4000,126.223374405995);
#107=CYLINDRICAL_SURFACE('',#4003,126.223374405995);
#108=CYLINDRICAL_SURFACE('',#4011,6.);
#109=CYLINDRICAL_SURFACE('',#4016,6.);
#110=CYLINDRICAL_SURFACE('',#4021,6.);
#111=CYLINDRICAL_SURFACE('',#4026,6.);
#112=CYLINDRICAL_SURFACE('',#4034,7.25);
#113=CYLINDRICAL_SURFACE('',#4040,13.25);
#114=CYLINDRICAL_SURFACE('',#4046,13.25);
#115=CYLINDRICAL_SURFACE('',#4052,13.25);
#116=CYLINDRICAL_SURFACE('',#4079,3.25);
#117=CYLINDRICAL_SURFACE('',#4085,3.25);
#118=CYLINDRICAL_SURFACE('',#4091,3.25);
#119=CYLINDRICAL_SURFACE('',#4097,3.25);
#120=CYLINDRICAL_SURFACE('',#4099,2.);
#121=CYLINDRICAL_SURFACE('',#4101,2.00000000000001);
#122=CYLINDRICAL_SURFACE('',#4103,2.);
#123=CYLINDRICAL_SURFACE('',#4105,2.00000000000001);
#124=CYLINDRICAL_SURFACE('',#4108,6.5);
#125=CYLINDRICAL_SURFACE('',#4112,6.5);
#126=CYLINDRICAL_SURFACE('',#4117,6.5);
#127=CYLINDRICAL_SURFACE('',#4120,6.5);
#128=CYLINDRICAL_SURFACE('',#4130,2.1);
#129=CYLINDRICAL_SURFACE('',#4132,4.);
#130=CYLINDRICAL_SURFACE('',#4136,2.1);
#131=CYLINDRICAL_SURFACE('',#4138,4.);
#132=CYLINDRICAL_SURFACE('',#4142,2.1);
#133=CYLINDRICAL_SURFACE('',#4144,4.);
#134=CYLINDRICAL_SURFACE('',#4148,2.1);
#135=CYLINDRICAL_SURFACE('',#4150,3.99999999999999);
#136=CYLINDRICAL_SURFACE('',#4154,124.723374405995);
#137=CYLINDRICAL_SURFACE('',#4157,8.5);
#138=CYLINDRICAL_SURFACE('',#4161,3.5);
#139=CYLINDRICAL_SURFACE('',#4165,3.5);
#140=CYLINDRICAL_SURFACE('',#4169,8.5);
#141=CYLINDRICAL_SURFACE('',#4172,124.723374405995);
#142=CYLINDRICAL_SURFACE('',#4175,8.5);
#143=CYLINDRICAL_SURFACE('',#4179,3.5);
#144=CYLINDRICAL_SURFACE('',#4183,3.5);
#145=CYLINDRICAL_SURFACE('',#4187,8.5);
#146=CYLINDRICAL_SURFACE('',#4200,1.);
#147=CYLINDRICAL_SURFACE('',#4206,1.);
#148=CYLINDRICAL_SURFACE('',#4220,1.);
#149=CYLINDRICAL_SURFACE('',#4226,1.);
#150=CYLINDRICAL_SURFACE('',#4232,1.);
#151=CYLINDRICAL_SURFACE('',#4246,1.);
#152=CYLINDRICAL_SURFACE('',#4248,5.);
#153=CYLINDRICAL_SURFACE('',#4251,10.);
#154=CYLINDRICAL_SURFACE('',#4253,123.223374405995);
#155=CYLINDRICAL_SURFACE('',#4255,10.);
#156=CYLINDRICAL_SURFACE('',#4258,5.);
#157=CYLINDRICAL_SURFACE('',#4261,7.);
#158=CYLINDRICAL_SURFACE('',#4262,7.);
#159=CYLINDRICAL_SURFACE('',#4263,7.);
#160=CYLINDRICAL_SURFACE('',#4264,7.);
#161=CYLINDRICAL_SURFACE('',#4267,10.);
#162=CYLINDRICAL_SURFACE('',#4269,123.223374405995);
#163=CYLINDRICAL_SURFACE('',#4271,10.);
#164=CYLINDRICAL_SURFACE('',#4274,5.);
#165=CYLINDRICAL_SURFACE('',#4276,5.);
#166=ELLIPSE('',#3812,14.4956890143242,10.25);
#167=ELLIPSE('',#3813,14.4956890143242,10.25);
#168=ELLIPSE('',#3819,14.4956890143242,10.25);
#169=ELLIPSE('',#3820,14.4956890143242,10.25);
#170=ELLIPSE('',#3823,14.4956890143242,10.25);
#171=ELLIPSE('',#3825,14.4956890143242,10.25);
#172=ELLIPSE('',#3838,14.4956890143242,10.25);
#173=ELLIPSE('',#3839,14.4956890143242,10.25);
#174=ELLIPSE('',#3845,14.4956890143242,10.25);
#175=ELLIPSE('',#3846,14.4956890143242,10.25);
#176=ELLIPSE('',#3850,14.4956890143242,10.25);
#177=ELLIPSE('',#3852,14.4956890143242,10.25);
#178=ELLIPSE('',#3865,14.4956890143242,10.25);
#179=ELLIPSE('',#3866,14.4956890143242,10.25);
#180=ELLIPSE('',#3872,14.4956890143242,10.25);
#181=ELLIPSE('',#3873,14.4956890143242,10.25);
#182=ELLIPSE('',#3877,14.4956890143242,10.25);
#183=ELLIPSE('',#3879,14.4956890143242,10.25);
#184=CIRCLE('',#3810,10.25);
#185=CIRCLE('',#3817,10.25);
#186=CIRCLE('',#3822,10.25);
#187=CIRCLE('',#3824,10.25);
#188=CIRCLE('',#3826,10.25);
#189=CIRCLE('',#3827,10.25);
#190=CIRCLE('',#3828,10.25);
#191=CIRCLE('',#3829,10.25);
#192=CIRCLE('',#3835,10.25);
#193=CIRCLE('',#3842,10.25);
#194=CIRCLE('',#3849,10.25);
#195=CIRCLE('',#3851,10.25);
#196=CIRCLE('',#3853,10.25);
#197=CIRCLE('',#3854,10.25);
#198=CIRCLE('',#3855,10.25);
#199=CIRCLE('',#3856,10.25);
#200=CIRCLE('',#3863,10.25);
#201=CIRCLE('',#3870,10.25);
#202=CIRCLE('',#3876,10.25);
#203=CIRCLE('',#3878,10.25);
#204=CIRCLE('',#3880,10.25);
#205=CIRCLE('',#3881,10.25);
#206=CIRCLE('',#3882,10.25);
#207=CIRCLE('',#3883,10.25);
#208=CIRCLE('',#3889,2.);
#209=CIRCLE('',#3890,2.);
#210=CIRCLE('',#3891,3.25);
#211=CIRCLE('',#3892,3.25);
#212=CIRCLE('',#3894,2.);
#213=CIRCLE('',#3895,2.);
#214=CIRCLE('',#3897,2.);
#215=CIRCLE('',#3898,2.);
#216=CIRCLE('',#3899,3.25);
#217=CIRCLE('',#3900,3.25);
#218=CIRCLE('',#3902,2.);
#219=CIRCLE('',#3903,2.);
#220=CIRCLE('',#3905,3.25);
#221=CIRCLE('',#3906,3.25);
#222=CIRCLE('',#3908,3.25);
#223=CIRCLE('',#3909,3.25);
#224=CIRCLE('',#3911,7.5);
#225=CIRCLE('',#3912,7.5);
#226=CIRCLE('',#3914,7.5);
#227=CIRCLE('',#3915,7.5);
#228=CIRCLE('',#3917,126.223374405995);
#229=CIRCLE('',#3918,126.223374405995);
#230=CIRCLE('',#3926,8.74999999999999);
#231=CIRCLE('',#3927,9.24999999999999);
#232=CIRCLE('',#3928,9.24999999999999);
#233=CIRCLE('',#3930,9.24999999999999);
#234=CIRCLE('',#3932,3.5);
#235=CIRCLE('',#3934,2.);
#236=CIRCLE('',#3935,11.25);
#237=CIRCLE('',#3936,11.25);
#238=CIRCLE('',#3939,3.);
#239=CIRCLE('',#3940,3.);
#240=CIRCLE('',#3943,3.);
#241=CIRCLE('',#3944,3.);
#242=CIRCLE('',#3947,3.);
#243=CIRCLE('',#3948,3.);
#244=CIRCLE('',#3951,3.);
#245=CIRCLE('',#3952,3.);
#246=CIRCLE('',#3956,4.);
#247=CIRCLE('',#3957,4.);
#248=CIRCLE('',#3958,4.);
#249=CIRCLE('',#3959,4.);
#250=CIRCLE('',#3962,4.);
#251=CIRCLE('',#3963,4.);
#252=CIRCLE('',#3964,4.);
#253=CIRCLE('',#3965,4.);
#254=CIRCLE('',#3968,4.);
#255=CIRCLE('',#3969,4.);
#256=CIRCLE('',#3970,4.);
#257=CIRCLE('',#3971,4.);
#258=CIRCLE('',#3974,4.);
#259=CIRCLE('',#3975,4.);
#260=CIRCLE('',#3976,4.);
#261=CIRCLE('',#3977,4.);
#262=CIRCLE('',#3980,3.5);
#263=CIRCLE('',#3982,7.25);
#264=CIRCLE('',#3984,2.5);
#265=CIRCLE('',#3985,2.5);
#266=CIRCLE('',#3987,2.5);
#267=CIRCLE('',#3988,2.5);
#268=CIRCLE('',#3990,2.5);
#269=CIRCLE('',#3991,2.5);
#270=CIRCLE('',#3993,2.5);
#271=CIRCLE('',#3994,2.5);
#272=CIRCLE('',#3996,126.223374405995);
#273=CIRCLE('',#3997,126.223374405995);
#274=CIRCLE('',#4001,126.223374405995);
#275=CIRCLE('',#4002,126.223374405995);
#276=CIRCLE('',#4004,126.223374405995);
#277=CIRCLE('',#4005,126.223374405995);
#278=CIRCLE('',#4012,6.);
#279=CIRCLE('',#4013,6.);
#280=CIRCLE('',#4014,6.);
#281=CIRCLE('',#4015,6.);
#282=CIRCLE('',#4017,6.);
#283=CIRCLE('',#4018,6.);
#284=CIRCLE('',#4019,6.);
#285=CIRCLE('',#4020,6.);
#286=CIRCLE('',#4022,6.);
#287=CIRCLE('',#4023,6.);
#288=CIRCLE('',#4024,6.);
#289=CIRCLE('',#4025,6.);
#290=CIRCLE('',#4027,6.);
#291=CIRCLE('',#4028,6.);
#292=CIRCLE('',#4029,6.);
#293=CIRCLE('',#4030,6.);
#294=CIRCLE('',#4035,7.25);
#295=CIRCLE('',#4036,7.25);
#296=CIRCLE('',#4041,13.25);
#297=CIRCLE('',#4042,13.25);
#298=CIRCLE('',#4043,13.25);
#299=CIRCLE('',#4044,13.25);
#300=CIRCLE('',#4047,13.25);
#301=CIRCLE('',#4048,13.25);
#302=CIRCLE('',#4049,13.25);
#303=CIRCLE('',#4050,13.25);
#304=CIRCLE('',#4053,13.25);
#305=CIRCLE('',#4054,13.25);
#306=CIRCLE('',#4055,13.25);
#307=CIRCLE('',#4056,13.25);
#308=CIRCLE('',#4059,7.);
#309=CIRCLE('',#4060,6.5);
#310=CIRCLE('',#4061,6.5);
#311=CIRCLE('',#4062,7.);
#312=CIRCLE('',#4063,7.);
#313=CIRCLE('',#4064,6.5);
#314=CIRCLE('',#4065,6.5);
#315=CIRCLE('',#4066,7.);
#316=CIRCLE('',#4067,4.);
#317=CIRCLE('',#4068,4.);
#318=CIRCLE('',#4069,4.);
#319=CIRCLE('',#4070,4.);
#320=CIRCLE('',#4071,4.);
#321=CIRCLE('',#4072,4.);
#322=CIRCLE('',#4073,3.99999999999999);
#323=CIRCLE('',#4074,3.99999999999999);
#324=CIRCLE('',#4076,3.25);
#325=CIRCLE('',#4077,3.25);
#326=CIRCLE('',#4078,2.);
#327=CIRCLE('',#4080,3.25);
#328=CIRCLE('',#4082,3.25);
#329=CIRCLE('',#4083,3.25);
#330=CIRCLE('',#4084,2.);
#331=CIRCLE('',#4086,3.25);
#332=CIRCLE('',#4088,3.25);
#333=CIRCLE('',#4089,3.25);
#334=CIRCLE('',#4090,2.00000000000001);
#335=CIRCLE('',#4092,3.25);
#336=CIRCLE('',#4094,3.25);
#337=CIRCLE('',#4095,3.25);
#338=CIRCLE('',#4096,2.00000000000001);
#339=CIRCLE('',#4098,3.25);
#340=CIRCLE('',#4100,2.);
#341=CIRCLE('',#4102,2.00000000000001);
#342=CIRCLE('',#4104,2.);
#343=CIRCLE('',#4106,2.00000000000001);
#344=CIRCLE('',#4109,6.5);
#345=CIRCLE('',#4113,6.5);
#346=CIRCLE('',#4118,6.5);
#347=CIRCLE('',#4121,6.5);
#348=CIRCLE('',#4123,2.1);
#349=CIRCLE('',#4125,2.1);
#350=CIRCLE('',#4127,2.1);
#351=CIRCLE('',#4129,2.1);
#352=CIRCLE('',#4131,2.1);
#353=CIRCLE('',#4133,4.);
#354=CIRCLE('',#4134,4.);
#355=CIRCLE('',#4137,2.1);
#356=CIRCLE('',#4139,4.);
#357=CIRCLE('',#4140,4.);
#358=CIRCLE('',#4143,2.1);
#359=CIRCLE('',#4145,4.);
#360=CIRCLE('',#4146,4.);
#361=CIRCLE('',#4149,2.1);
#362=CIRCLE('',#4151,3.99999999999999);
#363=CIRCLE('',#4152,3.99999999999999);
#364=CIRCLE('',#4155,124.723374405995);
#365=CIRCLE('',#4156,124.723374405995);
#366=CIRCLE('',#4158,8.5);
#367=CIRCLE('',#4159,8.5);
#368=CIRCLE('',#4162,3.5);
#369=CIRCLE('',#4163,3.5);
#370=CIRCLE('',#4166,3.5);
#371=CIRCLE('',#4167,3.5);
#372=CIRCLE('',#4170,8.5);
#373=CIRCLE('',#4171,8.5);
#374=CIRCLE('',#4173,124.723374405995);
#375=CIRCLE('',#4174,124.723374405995);
#376=CIRCLE('',#4176,8.5);
#377=CIRCLE('',#4177,8.5);
#378=CIRCLE('',#4180,3.5);
#379=CIRCLE('',#4181,3.5);
#380=CIRCLE('',#4184,3.5);
#381=CIRCLE('',#4185,3.5);
#382=CIRCLE('',#4188,8.5);
#383=CIRCLE('',#4189,8.5);
#384=CIRCLE('',#4191,7.);
#385=CIRCLE('',#4192,7.);
#386=CIRCLE('',#4193,7.);
#387=CIRCLE('',#4194,7.);
#388=CIRCLE('',#4196,1.00000000000001);
#389=CIRCLE('',#4197,4.);
#390=CIRCLE('',#4198,1.);
#391=CIRCLE('',#4199,5.);
#392=CIRCLE('',#4201,1.);
#393=CIRCLE('',#4203,1.);
#394=CIRCLE('',#4204,5.);
#395=CIRCLE('',#4205,4.);
#396=CIRCLE('',#4207,1.);
#397=CIRCLE('',#4209,1.);
#398=CIRCLE('',#4210,10.);
#399=CIRCLE('',#4211,9.);
#400=CIRCLE('',#4213,1.);
#401=CIRCLE('',#4214,123.223374405995);
#402=CIRCLE('',#4215,124.223374405995);
#403=CIRCLE('',#4217,1.);
#404=CIRCLE('',#4218,10.);
#405=CIRCLE('',#4219,9.);
#406=CIRCLE('',#4221,1.);
#407=CIRCLE('',#4223,1.);
#408=CIRCLE('',#4224,5.);
#409=CIRCLE('',#4225,4.);
#410=CIRCLE('',#4227,1.);
#411=CIRCLE('',#4229,1.);
#412=CIRCLE('',#4230,5.);
#413=CIRCLE('',#4231,4.);
#414=CIRCLE('',#4233,1.);
#415=CIRCLE('',#4235,1.);
#416=CIRCLE('',#4236,10.);
#417=CIRCLE('',#4237,9.);
#418=CIRCLE('',#4239,1.);
#419=CIRCLE('',#4240,123.223374405995);
#420=CIRCLE('',#4241,124.223374405995);
#421=CIRCLE('',#4243,1.);
#422=CIRCLE('',#4244,10.);
#423=CIRCLE('',#4245,9.);
#424=CIRCLE('',#4249,5.);
#425=CIRCLE('',#4252,10.);
#426=CIRCLE('',#4254,123.223374405995);
#427=CIRCLE('',#4256,10.);
#428=CIRCLE('',#4259,5.);
#429=CIRCLE('',#4268,10.);
#430=CIRCLE('',#4270,123.223374405995);
#431=CIRCLE('',#4272,10.);
#432=CIRCLE('',#4275,5.);
#433=CIRCLE('',#4277,5.);
#434=FACE_OUTER_BOUND('',#640,.T.);
#435=FACE_OUTER_BOUND('',#641,.T.);
#436=FACE_OUTER_BOUND('',#642,.T.);
#437=FACE_OUTER_BOUND('',#643,.T.);
#438=FACE_OUTER_BOUND('',#644,.T.);
#439=FACE_OUTER_BOUND('',#645,.T.);
#440=FACE_OUTER_BOUND('',#646,.T.);
#441=FACE_OUTER_BOUND('',#647,.T.);
#442=FACE_OUTER_BOUND('',#648,.T.);
#443=FACE_OUTER_BOUND('',#649,.T.);
#444=FACE_OUTER_BOUND('',#650,.T.);
#445=FACE_OUTER_BOUND('',#651,.T.);
#446=FACE_OUTER_BOUND('',#652,.T.);
#447=FACE_OUTER_BOUND('',#653,.T.);
#448=FACE_OUTER_BOUND('',#654,.T.);
#449=FACE_OUTER_BOUND('',#655,.T.);
#450=FACE_OUTER_BOUND('',#656,.T.);
#451=FACE_OUTER_BOUND('',#657,.T.);
#452=FACE_OUTER_BOUND('',#658,.T.);
#453=FACE_OUTER_BOUND('',#659,.T.);
#454=FACE_OUTER_BOUND('',#660,.T.);
#455=FACE_OUTER_BOUND('',#661,.T.);
#456=FACE_OUTER_BOUND('',#662,.T.);
#457=FACE_OUTER_BOUND('',#663,.T.);
#458=FACE_OUTER_BOUND('',#664,.T.);
#459=FACE_OUTER_BOUND('',#665,.T.);
#460=FACE_OUTER_BOUND('',#666,.T.);
#461=FACE_OUTER_BOUND('',#667,.T.);
#462=FACE_OUTER_BOUND('',#668,.T.);
#463=FACE_OUTER_BOUND('',#669,.T.);
#464=FACE_OUTER_BOUND('',#670,.T.);
#465=FACE_OUTER_BOUND('',#671,.T.);
#466=FACE_OUTER_BOUND('',#672,.T.);
#467=FACE_OUTER_BOUND('',#673,.T.);
#468=FACE_OUTER_BOUND('',#674,.T.);
#469=FACE_OUTER_BOUND('',#675,.T.);
#470=FACE_OUTER_BOUND('',#676,.T.);
#471=FACE_OUTER_BOUND('',#677,.T.);
#472=FACE_OUTER_BOUND('',#678,.T.);
#473=FACE_OUTER_BOUND('',#679,.T.);
#474=FACE_OUTER_BOUND('',#680,.T.);
#475=FACE_OUTER_BOUND('',#681,.T.);
#476=FACE_OUTER_BOUND('',#682,.T.);
#477=FACE_OUTER_BOUND('',#683,.T.);
#478=FACE_OUTER_BOUND('',#684,.T.);
#479=FACE_OUTER_BOUND('',#685,.T.);
#480=FACE_OUTER_BOUND('',#686,.T.);
#481=FACE_OUTER_BOUND('',#687,.T.);
#482=FACE_OUTER_BOUND('',#688,.T.);
#483=FACE_OUTER_BOUND('',#689,.T.);
#484=FACE_OUTER_BOUND('',#690,.T.);
#485=FACE_OUTER_BOUND('',#691,.T.);
#486=FACE_OUTER_BOUND('',#692,.T.);
#487=FACE_OUTER_BOUND('',#694,.T.);
#488=FACE_OUTER_BOUND('',#695,.T.);
#489=FACE_OUTER_BOUND('',#696,.T.);
#490=FACE_OUTER_BOUND('',#697,.T.);
#491=FACE_OUTER_BOUND('',#699,.T.);
#492=FACE_OUTER_BOUND('',#700,.T.);
#493=FACE_OUTER_BOUND('',#701,.T.);
#494=FACE_OUTER_BOUND('',#702,.T.);
#495=FACE_OUTER_BOUND('',#703,.T.);
#496=FACE_OUTER_BOUND('',#704,.T.);
#497=FACE_OUTER_BOUND('',#705,.T.);
#498=FACE_OUTER_BOUND('',#706,.T.);
#499=FACE_OUTER_BOUND('',#707,.T.);
#500=FACE_OUTER_BOUND('',#708,.T.);
#501=FACE_OUTER_BOUND('',#709,.T.);
#502=FACE_OUTER_BOUND('',#710,.T.);
#503=FACE_OUTER_BOUND('',#711,.T.);
#504=FACE_OUTER_BOUND('',#712,.T.);
#505=FACE_OUTER_BOUND('',#713,.T.);
#506=FACE_OUTER_BOUND('',#714,.T.);
#507=FACE_OUTER_BOUND('',#715,.T.);
#508=FACE_OUTER_BOUND('',#716,.T.);
#509=FACE_OUTER_BOUND('',#717,.T.);
#510=FACE_OUTER_BOUND('',#718,.T.);
#511=FACE_OUTER_BOUND('',#719,.T.);
#512=FACE_OUTER_BOUND('',#721,.T.);
#513=FACE_OUTER_BOUND('',#722,.T.);
#514=FACE_OUTER_BOUND('',#723,.T.);
#515=FACE_OUTER_BOUND('',#724,.T.);
#516=FACE_OUTER_BOUND('',#725,.T.);
#517=FACE_OUTER_BOUND('',#726,.T.);
#518=FACE_OUTER_BOUND('',#727,.T.);
#519=FACE_OUTER_BOUND('',#728,.T.);
#520=FACE_OUTER_BOUND('',#729,.T.);
#521=FACE_OUTER_BOUND('',#730,.T.);
#522=FACE_OUTER_BOUND('',#731,.T.);
#523=FACE_OUTER_BOUND('',#732,.T.);
#524=FACE_OUTER_BOUND('',#733,.T.);
#525=FACE_OUTER_BOUND('',#734,.T.);
#526=FACE_OUTER_BOUND('',#735,.T.);
#527=FACE_OUTER_BOUND('',#736,.T.);
#528=FACE_OUTER_BOUND('',#737,.T.);
#529=FACE_OUTER_BOUND('',#738,.T.);
#530=FACE_OUTER_BOUND('',#739,.T.);
#531=FACE_OUTER_BOUND('',#740,.T.);
#532=FACE_OUTER_BOUND('',#741,.T.);
#533=FACE_OUTER_BOUND('',#742,.T.);
#534=FACE_OUTER_BOUND('',#743,.T.);
#535=FACE_OUTER_BOUND('',#744,.T.);
#536=FACE_OUTER_BOUND('',#745,.T.);
#537=FACE_OUTER_BOUND('',#746,.T.);
#538=FACE_OUTER_BOUND('',#747,.T.);
#539=FACE_OUTER_BOUND('',#749,.T.);
#540=FACE_OUTER_BOUND('',#750,.T.);
#541=FACE_OUTER_BOUND('',#752,.T.);
#542=FACE_OUTER_BOUND('',#753,.T.);
#543=FACE_OUTER_BOUND('',#755,.T.);
#544=FACE_OUTER_BOUND('',#767,.T.);
#545=FACE_OUTER_BOUND('',#768,.T.);
#546=FACE_OUTER_BOUND('',#769,.T.);
#547=FACE_OUTER_BOUND('',#770,.T.);
#548=FACE_OUTER_BOUND('',#771,.T.);
#549=FACE_OUTER_BOUND('',#772,.T.);
#550=FACE_OUTER_BOUND('',#773,.T.);
#551=FACE_OUTER_BOUND('',#774,.T.);
#552=FACE_OUTER_BOUND('',#775,.T.);
#553=FACE_OUTER_BOUND('',#776,.T.);
#554=FACE_OUTER_BOUND('',#777,.T.);
#555=FACE_OUTER_BOUND('',#778,.T.);
#556=FACE_OUTER_BOUND('',#779,.T.);
#557=FACE_OUTER_BOUND('',#780,.T.);
#558=FACE_OUTER_BOUND('',#781,.T.);
#559=FACE_OUTER_BOUND('',#782,.T.);
#560=FACE_OUTER_BOUND('',#783,.T.);
#561=FACE_OUTER_BOUND('',#784,.T.);
#562=FACE_OUTER_BOUND('',#785,.T.);
#563=FACE_OUTER_BOUND('',#786,.T.);
#564=FACE_OUTER_BOUND('',#787,.T.);
#565=FACE_OUTER_BOUND('',#788,.T.);
#566=FACE_OUTER_BOUND('',#789,.T.);
#567=FACE_OUTER_BOUND('',#790,.T.);
#568=FACE_OUTER_BOUND('',#791,.T.);
#569=FACE_OUTER_BOUND('',#792,.T.);
#570=FACE_OUTER_BOUND('',#793,.T.);
#571=FACE_OUTER_BOUND('',#794,.T.);
#572=FACE_OUTER_BOUND('',#795,.T.);
#573=FACE_OUTER_BOUND('',#796,.T.);
#574=FACE_OUTER_BOUND('',#798,.T.);
#575=FACE_OUTER_BOUND('',#799,.T.);
#576=FACE_OUTER_BOUND('',#800,.T.);
#577=FACE_OUTER_BOUND('',#802,.T.);
#578=FACE_OUTER_BOUND('',#803,.T.);
#579=FACE_OUTER_BOUND('',#804,.T.);
#580=FACE_OUTER_BOUND('',#806,.T.);
#581=FACE_OUTER_BOUND('',#807,.T.);
#582=FACE_OUTER_BOUND('',#808,.T.);
#583=FACE_OUTER_BOUND('',#810,.T.);
#584=FACE_OUTER_BOUND('',#811,.T.);
#585=FACE_OUTER_BOUND('',#812,.T.);
#586=FACE_OUTER_BOUND('',#813,.T.);
#587=FACE_OUTER_BOUND('',#814,.T.);
#588=FACE_OUTER_BOUND('',#815,.T.);
#589=FACE_OUTER_BOUND('',#816,.T.);
#590=FACE_OUTER_BOUND('',#817,.T.);
#591=FACE_OUTER_BOUND('',#818,.T.);
#592=FACE_OUTER_BOUND('',#819,.T.);
#593=FACE_OUTER_BOUND('',#820,.T.);
#594=FACE_OUTER_BOUND('',#821,.T.);
#595=FACE_OUTER_BOUND('',#822,.T.);
#596=FACE_OUTER_BOUND('',#823,.T.);
#597=FACE_OUTER_BOUND('',#824,.T.);
#598=FACE_OUTER_BOUND('',#825,.T.);
#599=FACE_OUTER_BOUND('',#826,.T.);
#600=FACE_OUTER_BOUND('',#834,.T.);
#601=FACE_OUTER_BOUND('',#835,.T.);
#602=FACE_OUTER_BOUND('',#836,.T.);
#603=FACE_OUTER_BOUND('',#837,.T.);
#604=FACE_OUTER_BOUND('',#838,.T.);
#605=FACE_OUTER_BOUND('',#839,.T.);
#606=FACE_OUTER_BOUND('',#840,.T.);
#607=FACE_OUTER_BOUND('',#841,.T.);
#608=FACE_OUTER_BOUND('',#842,.T.);
#609=FACE_OUTER_BOUND('',#843,.T.);
#610=FACE_OUTER_BOUND('',#844,.T.);
#611=FACE_OUTER_BOUND('',#845,.T.);
#612=FACE_OUTER_BOUND('',#846,.T.);
#613=FACE_OUTER_BOUND('',#847,.T.);
#614=FACE_OUTER_BOUND('',#848,.T.);
#615=FACE_OUTER_BOUND('',#849,.T.);
#616=FACE_OUTER_BOUND('',#850,.T.);
#617=FACE_OUTER_BOUND('',#852,.T.);
#618=FACE_OUTER_BOUND('',#853,.T.);
#619=FACE_OUTER_BOUND('',#854,.T.);
#620=FACE_OUTER_BOUND('',#855,.T.);
#621=FACE_OUTER_BOUND('',#856,.T.);
#622=FACE_OUTER_BOUND('',#857,.T.);
#623=FACE_OUTER_BOUND('',#858,.T.);
#624=FACE_OUTER_BOUND('',#859,.T.);
#625=FACE_OUTER_BOUND('',#867,.T.);
#626=FACE_OUTER_BOUND('',#868,.T.);
#627=FACE_OUTER_BOUND('',#869,.T.);
#628=FACE_OUTER_BOUND('',#870,.T.);
#629=FACE_OUTER_BOUND('',#871,.T.);
#630=FACE_OUTER_BOUND('',#876,.T.);
#631=FACE_OUTER_BOUND('',#877,.T.);
#632=FACE_OUTER_BOUND('',#878,.T.);
#633=FACE_OUTER_BOUND('',#879,.T.);
#634=FACE_OUTER_BOUND('',#880,.T.);
#635=FACE_OUTER_BOUND('',#885,.T.);
#636=FACE_OUTER_BOUND('',#886,.T.);
#637=FACE_OUTER_BOUND('',#887,.T.);
#638=FACE_OUTER_BOUND('',#888,.T.);
#639=FACE_OUTER_BOUND('',#890,.T.);
#640=EDGE_LOOP('',(#2376,#2377,#2378));
#641=EDGE_LOOP('',(#2379,#2380,#2381));
#642=EDGE_LOOP('',(#2382,#2383,#2384,#2385));
#643=EDGE_LOOP('',(#2386,#2387,#2388,#2389,#2390));
#644=EDGE_LOOP('',(#2391,#2392,#2393));
#645=EDGE_LOOP('',(#2394,#2395,#2396));
#646=EDGE_LOOP('',(#2397,#2398,#2399,#2400));
#647=EDGE_LOOP('',(#2401,#2402,#2403,#2404,#2405));
#648=EDGE_LOOP('',(#2406,#2407,#2408,#2409,#2410,#2411,#2412,#2413,#2414,
#2415,#2416,#2417,#2418,#2419,#2420,#2421,#2422,#2423,#2424,#2425,#2426,
#2427));
#649=EDGE_LOOP('',(#2428,#2429,#2430));
#650=EDGE_LOOP('',(#2431,#2432,#2433));
#651=EDGE_LOOP('',(#2434,#2435,#2436,#2437));
#652=EDGE_LOOP('',(#2438,#2439,#2440,#2441,#2442));
#653=EDGE_LOOP('',(#2443,#2444,#2445,#2446));
#654=EDGE_LOOP('',(#2447,#2448,#2449));
#655=EDGE_LOOP('',(#2450,#2451,#2452,#2453,#2454));
#656=EDGE_LOOP('',(#2455,#2456,#2457));
#657=EDGE_LOOP('',(#2458,#2459,#2460,#2461));
#658=EDGE_LOOP('',(#2462,#2463,#2464));
#659=EDGE_LOOP('',(#2465,#2466,#2467,#2468,#2469));
#660=EDGE_LOOP('',(#2470,#2471,#2472));
#661=EDGE_LOOP('',(#2473,#2474,#2475,#2476,#2477,#2478,#2479,#2480,#2481,
#2482,#2483,#2484,#2485,#2486,#2487,#2488,#2489,#2490,#2491,#2492,#2493,
#2494));
#662=EDGE_LOOP('',(#2495,#2496,#2497,#2498));
#663=EDGE_LOOP('',(#2499,#2500,#2501));
#664=EDGE_LOOP('',(#2502,#2503,#2504,#2505,#2506));
#665=EDGE_LOOP('',(#2507,#2508,#2509));
#666=EDGE_LOOP('',(#2510,#2511,#2512));
#667=EDGE_LOOP('',(#2513,#2514,#2515,#2516));
#668=EDGE_LOOP('',(#2517,#2518,#2519,#2520,#2521));
#669=EDGE_LOOP('',(#2522,#2523,#2524));
#670=EDGE_LOOP('',(#2525,#2526,#2527));
#671=EDGE_LOOP('',(#2528,#2529,#2530,#2531));
#672=EDGE_LOOP('',(#2532,#2533,#2534,#2535,#2536));
#673=EDGE_LOOP('',(#2537,#2538,#2539));
#674=EDGE_LOOP('',(#2540,#2541,#2542,#2543,#2544,#2545,#2546,#2547,#2548,
#2549,#2550,#2551,#2552,#2553,#2554,#2555,#2556,#2557,#2558,#2559,#2560,
#2561));
#675=EDGE_LOOP('',(#2562,#2563,#2564));
#676=EDGE_LOOP('',(#2565,#2566,#2567,#2568));
#677=EDGE_LOOP('',(#2569,#2570,#2571,#2572,#2573));
#678=EDGE_LOOP('',(#2574,#2575,#2576));
#679=EDGE_LOOP('',(#2577,#2578,#2579,#2580,#2581,#2582));
#680=EDGE_LOOP('',(#2583,#2584,#2585,#2586,#2587,#2588));
#681=EDGE_LOOP('',(#2589,#2590,#2591,#2592,#2593,#2594));
#682=EDGE_LOOP('',(#2595,#2596,#2597,#2598,#2599,#2600));
#683=EDGE_LOOP('',(#2601,#2602,#2603,#2604,#2605,#2606));
#684=EDGE_LOOP('',(#2607,#2608,#2609,#2610,#2611,#2612));
#685=EDGE_LOOP('',(#2613,#2614,#2615,#2616));
#686=EDGE_LOOP('',(#2617,#2618,#2619,#2620));
#687=EDGE_LOOP('',(#2621,#2622,#2623,#2624));
#688=EDGE_LOOP('',(#2625,#2626,#2627,#2628));
#689=EDGE_LOOP('',(#2629,#2630,#2631,#2632));
#690=EDGE_LOOP('',(#2633,#2634,#2635,#2636));
#691=EDGE_LOOP('',(#2637,#2638,#2639,#2640));
#692=EDGE_LOOP('',(#2641,#2642,#2643,#2644));
#693=EDGE_LOOP('',(#2645,#2646,#2647,#2648));
#694=EDGE_LOOP('',(#2649,#2650,#2651,#2652));
#695=EDGE_LOOP('',(#2653,#2654,#2655,#2656,#2657));
#696=EDGE_LOOP('',(#2658,#2659,#2660,#2661,#2662));
#697=EDGE_LOOP('',(#2663));
#698=EDGE_LOOP('',(#2664));
#699=EDGE_LOOP('',(#2665,#2666,#2667,#2668,#2669,#2670));
#700=EDGE_LOOP('',(#2671,#2672,#2673,#2674,#2675,#2676));
#701=EDGE_LOOP('',(#2677,#2678,#2679,#2680));
#702=EDGE_LOOP('',(#2681,#2682,#2683,#2684));
#703=EDGE_LOOP('',(#2685,#2686,#2687,#2688));
#704=EDGE_LOOP('',(#2689,#2690,#2691,#2692));
#705=EDGE_LOOP('',(#2693,#2694,#2695,#2696));
#706=EDGE_LOOP('',(#2697,#2698,#2699,#2700));
#707=EDGE_LOOP('',(#2701,#2702,#2703,#2704));
#708=EDGE_LOOP('',(#2705,#2706,#2707,#2708));
#709=EDGE_LOOP('',(#2709,#2710,#2711,#2712,#2713,#2714,#2715,#2716));
#710=EDGE_LOOP('',(#2717,#2718,#2719,#2720,#2721,#2722));
#711=EDGE_LOOP('',(#2723,#2724));
#712=EDGE_LOOP('',(#2725,#2726,#2727,#2728,#2729,#2730));
#713=EDGE_LOOP('',(#2731,#2732));
#714=EDGE_LOOP('',(#2733,#2734,#2735,#2736,#2737,#2738));
#715=EDGE_LOOP('',(#2739,#2740));
#716=EDGE_LOOP('',(#2741,#2742,#2743,#2744,#2745,#2746));
#717=EDGE_LOOP('',(#2747,#2748));
#718=EDGE_LOOP('',(#2749,#2750,#2751,#2752));
#719=EDGE_LOOP('',(#2753));
#720=EDGE_LOOP('',(#2754));
#721=EDGE_LOOP('',(#2755,#2756,#2757,#2758));
#722=EDGE_LOOP('',(#2759,#2760,#2761,#2762));
#723=EDGE_LOOP('',(#2763,#2764,#2765,#2766));
#724=EDGE_LOOP('',(#2767,#2768,#2769,#2770));
#725=EDGE_LOOP('',(#2771,#2772,#2773,#2774));
#726=EDGE_LOOP('',(#2775,#2776,#2777,#2778));
#727=EDGE_LOOP('',(#2779,#2780,#2781,#2782));
#728=EDGE_LOOP('',(#2783,#2784,#2785,#2786));
#729=EDGE_LOOP('',(#2787,#2788,#2789,#2790));
#730=EDGE_LOOP('',(#2791,#2792,#2793,#2794));
#731=EDGE_LOOP('',(#2795,#2796,#2797,#2798));
#732=EDGE_LOOP('',(#2799,#2800,#2801,#2802,#2803,#2804,#2805));
#733=EDGE_LOOP('',(#2806,#2807,#2808,#2809));
#734=EDGE_LOOP('',(#2810,#2811,#2812,#2813));
#735=EDGE_LOOP('',(#2814,#2815,#2816,#2817,#2818,#2819));
#736=EDGE_LOOP('',(#2820,#2821,#2822,#2823,#2824,#2825));
#737=EDGE_LOOP('',(#2826,#2827,#2828,#2829,#2830,#2831));
#738=EDGE_LOOP('',(#2832,#2833,#2834,#2835,#2836,#2837));
#739=EDGE_LOOP('',(#2838,#2839,#2840,#2841,#2842,#2843,#2844,#2845));
#740=EDGE_LOOP('',(#2846,#2847,#2848,#2849));
#741=EDGE_LOOP('',(#2850,#2851,#2852,#2853,#2854,#2855,#2856,#2857));
#742=EDGE_LOOP('',(#2858,#2859,#2860,#2861,#2862));
#743=EDGE_LOOP('',(#2863));
#744=EDGE_LOOP('',(#2864));
#745=EDGE_LOOP('',(#2865));
#746=EDGE_LOOP('',(#2866,#2867,#2868,#2869,#2870,#2871));
#747=EDGE_LOOP('',(#2872,#2873));
#748=EDGE_LOOP('',(#2874,#2875,#2876,#2877));
#749=EDGE_LOOP('',(#2878,#2879,#2880,#2881,#2882,#2883));
#750=EDGE_LOOP('',(#2884,#2885));
#751=EDGE_LOOP('',(#2886,#2887,#2888,#2889));
#752=EDGE_LOOP('',(#2890,#2891,#2892,#2893,#2894,#2895));
#753=EDGE_LOOP('',(#2896,#2897));
#754=EDGE_LOOP('',(#2898,#2899,#2900,#2901));
#755=EDGE_LOOP('',(#2902,#2903,#2904,#2905,#2906,#2907,#2908,#2909,#2910,
#2911,#2912,#2913,#2914,#2915,#2916,#2917,#2918,#2919,#2920,#2921,#2922,
#2923,#2924,#2925,#2926,#2927,#2928,#2929,#2930,#2931,#2932,#2933,#2934,
#2935,#2936,#2937));
#756=EDGE_LOOP('',(#2938,#2939));
#757=EDGE_LOOP('',(#2940,#2941));
#758=EDGE_LOOP('',(#2942,#2943));
#759=EDGE_LOOP('',(#2944,#2945));
#760=EDGE_LOOP('',(#2946,#2947));
#761=EDGE_LOOP('',(#2948,#2949));
#762=EDGE_LOOP('',(#2950,#2951));
#763=EDGE_LOOP('',(#2952,#2953));
#764=EDGE_LOOP('',(#2954,#2955));
#765=EDGE_LOOP('',(#2956,#2957));
#766=EDGE_LOOP('',(#2958,#2959));
#767=EDGE_LOOP('',(#2960,#2961,#2962,#2963,#2964));
#768=EDGE_LOOP('',(#2965,#2966,#2967,#2968,#2969));
#769=EDGE_LOOP('',(#2970,#2971,#2972,#2973,#2974));
#770=EDGE_LOOP('',(#2975,#2976,#2977,#2978,#2979));
#771=EDGE_LOOP('',(#2980,#2981,#2982,#2983,#2984));
#772=EDGE_LOOP('',(#2985,#2986,#2987,#2988,#2989));
#773=EDGE_LOOP('',(#2990,#2991,#2992,#2993,#2994));
#774=EDGE_LOOP('',(#2995,#2996,#2997,#2998,#2999));
#775=EDGE_LOOP('',(#3000,#3001,#3002,#3003));
#776=EDGE_LOOP('',(#3004,#3005,#3006,#3007));
#777=EDGE_LOOP('',(#3008,#3009,#3010,#3011));
#778=EDGE_LOOP('',(#3012,#3013,#3014,#3015));
#779=EDGE_LOOP('',(#3016,#3017,#3018,#3019));
#780=EDGE_LOOP('',(#3020,#3021,#3022,#3023));
#781=EDGE_LOOP('',(#3024,#3025,#3026,#3027));
#782=EDGE_LOOP('',(#3028,#3029,#3030,#3031));
#783=EDGE_LOOP('',(#3032,#3033,#3034,#3035));
#784=EDGE_LOOP('',(#3036,#3037,#3038,#3039));
#785=EDGE_LOOP('',(#3040,#3041,#3042,#3043));
#786=EDGE_LOOP('',(#3044,#3045,#3046,#3047));
#787=EDGE_LOOP('',(#3048,#3049,#3050,#3051));
#788=EDGE_LOOP('',(#3052,#3053,#3054,#3055));
#789=EDGE_LOOP('',(#3056,#3057,#3058,#3059));
#790=EDGE_LOOP('',(#3060));
#791=EDGE_LOOP('',(#3061));
#792=EDGE_LOOP('',(#3062));
#793=EDGE_LOOP('',(#3063));
#794=EDGE_LOOP('',(#3064,#3065,#3066,#3067));
#795=EDGE_LOOP('',(#3068,#3069,#3070,#3071,#3072,#3073));
#796=EDGE_LOOP('',(#3074,#3075));
#797=EDGE_LOOP('',(#3076));
#798=EDGE_LOOP('',(#3077,#3078,#3079,#3080));
#799=EDGE_LOOP('',(#3081,#3082,#3083,#3084,#3085,#3086));
#800=EDGE_LOOP('',(#3087,#3088));
#801=EDGE_LOOP('',(#3089));
#802=EDGE_LOOP('',(#3090,#3091,#3092,#3093));
#803=EDGE_LOOP('',(#3094,#3095,#3096,#3097,#3098,#3099));
#804=EDGE_LOOP('',(#3100,#3101));
#805=EDGE_LOOP('',(#3102));
#806=EDGE_LOOP('',(#3103,#3104,#3105,#3106));
#807=EDGE_LOOP('',(#3107,#3108,#3109,#3110,#3111,#3112));
#808=EDGE_LOOP('',(#3113,#3114));
#809=EDGE_LOOP('',(#3115));
#810=EDGE_LOOP('',(#3116,#3117,#3118,#3119));
#811=EDGE_LOOP('',(#3120,#3121,#3122,#3123));
#812=EDGE_LOOP('',(#3124,#3125,#3126,#3127));
#813=EDGE_LOOP('',(#3128,#3129,#3130,#3131));
#814=EDGE_LOOP('',(#3132,#3133,#3134,#3135));
#815=EDGE_LOOP('',(#3136,#3137,#3138,#3139));
#816=EDGE_LOOP('',(#3140,#3141,#3142,#3143));
#817=EDGE_LOOP('',(#3144,#3145,#3146,#3147));
#818=EDGE_LOOP('',(#3148,#3149,#3150,#3151));
#819=EDGE_LOOP('',(#3152,#3153,#3154,#3155));
#820=EDGE_LOOP('',(#3156,#3157,#3158,#3159));
#821=EDGE_LOOP('',(#3160,#3161,#3162,#3163));
#822=EDGE_LOOP('',(#3164,#3165,#3166,#3167));
#823=EDGE_LOOP('',(#3168,#3169,#3170,#3171));
#824=EDGE_LOOP('',(#3172,#3173,#3174,#3175));
#825=EDGE_LOOP('',(#3176,#3177,#3178,#3179));
#826=EDGE_LOOP('',(#3180,#3181,#3182,#3183,#3184,#3185,#3186,#3187,#3188,
#3189,#3190,#3191,#3192,#3193,#3194,#3195));
#827=EDGE_LOOP('',(#3196,#3197));
#828=EDGE_LOOP('',(#3198,#3199));
#829=EDGE_LOOP('',(#3200));
#830=EDGE_LOOP('',(#3201));
#831=EDGE_LOOP('',(#3202));
#832=EDGE_LOOP('',(#3203));
#833=EDGE_LOOP('',(#3204,#3205,#3206,#3207,#3208,#3209,#3210,#3211,#3212,
#3213,#3214,#3215,#3216,#3217,#3218,#3219,#3220,#3221,#3222,#3223,#3224,
#3225,#3226,#3227,#3228,#3229,#3230,#3231,#3232,#3233,#3234,#3235,#3236,
#3237,#3238,#3239));
#834=EDGE_LOOP('',(#3240,#3241,#3242,#3243));
#835=EDGE_LOOP('',(#3244,#3245,#3246,#3247));
#836=EDGE_LOOP('',(#3248,#3249,#3250,#3251));
#837=EDGE_LOOP('',(#3252,#3253,#3254,#3255));
#838=EDGE_LOOP('',(#3256,#3257,#3258,#3259));
#839=EDGE_LOOP('',(#3260,#3261,#3262,#3263));
#840=EDGE_LOOP('',(#3264,#3265,#3266,#3267));
#841=EDGE_LOOP('',(#3268,#3269,#3270,#3271));
#842=EDGE_LOOP('',(#3272,#3273,#3274,#3275));
#843=EDGE_LOOP('',(#3276,#3277,#3278,#3279));
#844=EDGE_LOOP('',(#3280,#3281,#3282,#3283));
#845=EDGE_LOOP('',(#3284,#3285,#3286,#3287));
#846=EDGE_LOOP('',(#3288,#3289,#3290,#3291));
#847=EDGE_LOOP('',(#3292,#3293,#3294,#3295));
#848=EDGE_LOOP('',(#3296,#3297,#3298,#3299));
#849=EDGE_LOOP('',(#3300,#3301,#3302,#3303));
#850=EDGE_LOOP('',(#3304,#3305,#3306,#3307));
#851=EDGE_LOOP('',(#3308,#3309));
#852=EDGE_LOOP('',(#3310,#3311,#3312,#3313));
#853=EDGE_LOOP('',(#3314,#3315,#3316,#3317));
#854=EDGE_LOOP('',(#3318,#3319,#3320,#3321));
#855=EDGE_LOOP('',(#3322,#3323,#3324,#3325));
#856=EDGE_LOOP('',(#3326,#3327,#3328,#3329));
#857=EDGE_LOOP('',(#3330,#3331,#3332,#3333));
#858=EDGE_LOOP('',(#3334,#3335,#3336,#3337));
#859=EDGE_LOOP('',(#3338,#3339,#3340,#3341,#3342,#3343,#3344,#3345,#3346,
#3347,#3348,#3349,#3350,#3351,#3352,#3353));
#860=EDGE_LOOP('',(#3354,#3355));
#861=EDGE_LOOP('',(#3356,#3357));
#862=EDGE_LOOP('',(#3358,#3359,#3360,#3361,#3362,#3363,#3364,#3365));
#863=EDGE_LOOP('',(#3366));
#864=EDGE_LOOP('',(#3367));
#865=EDGE_LOOP('',(#3368));
#866=EDGE_LOOP('',(#3369));
#867=EDGE_LOOP('',(#3370,#3371,#3372,#3373));
#868=EDGE_LOOP('',(#3374,#3375,#3376,#3377));
#869=EDGE_LOOP('',(#3378,#3379,#3380,#3381));
#870=EDGE_LOOP('',(#3382,#3383,#3384,#3385));
#871=EDGE_LOOP('',(#3386,#3387,#3388,#3389));
#872=EDGE_LOOP('',(#3390,#3391));
#873=EDGE_LOOP('',(#3392,#3393));
#874=EDGE_LOOP('',(#3394,#3395));
#875=EDGE_LOOP('',(#3396,#3397));
#876=EDGE_LOOP('',(#3398,#3399,#3400,#3401));
#877=EDGE_LOOP('',(#3402,#3403,#3404,#3405));
#878=EDGE_LOOP('',(#3406,#3407,#3408,#3409));
#879=EDGE_LOOP('',(#3410,#3411,#3412,#3413));
#880=EDGE_LOOP('',(#3414,#3415,#3416,#3417));
#881=EDGE_LOOP('',(#3418,#3419));
#882=EDGE_LOOP('',(#3420,#3421));
#883=EDGE_LOOP('',(#3422,#3423));
#884=EDGE_LOOP('',(#3424,#3425));
#885=EDGE_LOOP('',(#3426,#3427,#3428,#3429));
#886=EDGE_LOOP('',(#3430,#3431,#3432,#3433));
#887=EDGE_LOOP('',(#3434,#3435,#3436,#3437));
#888=EDGE_LOOP('',(#3438,#3439,#3440,#3441));
#889=EDGE_LOOP('',(#3442,#3443,#3444,#3445));
#890=EDGE_LOOP('',(#3446,#3447,#3448,#3449,#3450,#3451,#3452,#3453,#3454,
#3455,#3456,#3457,#3458,#3459,#3460,#3461));
#891=EDGE_LOOP('',(#3462,#3463,#3464,#3465,#3466,#3467,#3468,#3469,#3470,
#3471,#3472,#3473,#3474,#3475,#3476,#3477));
#892=LINE('',#5517,#1174);
#893=LINE('',#5519,#1175);
#894=LINE('',#5520,#1176);
#895=LINE('',#5524,#1177);
#896=LINE('',#5526,#1178);
#897=LINE('',#5527,#1179);
#898=LINE('',#5530,#1180);
#899=LINE('',#5538,#1181);
#900=LINE('',#5540,#1182);
#901=LINE('',#5541,#1183);
#902=LINE('',#5545,#1184);
#903=LINE('',#5547,#1185);
#904=LINE('',#5548,#1186);
#905=LINE('',#5551,#1187);
#906=LINE('',#5562,#1188);
#907=LINE('',#5566,#1189);
#908=LINE('',#5572,#1190);
#909=LINE('',#5577,#1191);
#910=LINE('',#5578,#1192);
#911=LINE('',#5581,#1193);
#912=LINE('',#5582,#1194);
#913=LINE('',#5584,#1195);
#914=LINE('',#5591,#1196);
#915=LINE('',#5593,#1197);
#916=LINE('',#5594,#1198);
#917=LINE('',#5597,#1199);
#918=LINE('',#5598,#1200);
#919=LINE('',#5603,#1201);
#920=LINE('',#5606,#1202);
#921=LINE('',#5612,#1203);
#922=LINE('',#5614,#1204);
#923=LINE('',#5615,#1205);
#924=LINE('',#5618,#1206);
#925=LINE('',#5619,#1207);
#926=LINE('',#5624,#1208);
#927=LINE('',#5627,#1209);
#928=LINE('',#5634,#1210);
#929=LINE('',#5638,#1211);
#930=LINE('',#5644,#1212);
#931=LINE('',#5649,#1213);
#932=LINE('',#5651,#1214);
#933=LINE('',#5652,#1215);
#934=LINE('',#5654,#1216);
#935=LINE('',#5656,#1217);
#936=LINE('',#5661,#1218);
#937=LINE('',#5663,#1219);
#938=LINE('',#5664,#1220);
#939=LINE('',#5669,#1221);
#940=LINE('',#5670,#1222);
#941=LINE('',#5675,#1223);
#942=LINE('',#5678,#1224);
#943=LINE('',#5682,#1225);
#944=LINE('',#5684,#1226);
#945=LINE('',#5685,#1227);
#946=LINE('',#5690,#1228);
#947=LINE('',#5691,#1229);
#948=LINE('',#5696,#1230);
#949=LINE('',#5699,#1231);
#950=LINE('',#5706,#1232);
#951=LINE('',#5710,#1233);
#952=LINE('',#5716,#1234);
#953=LINE('',#5721,#1235);
#954=LINE('',#5722,#1236);
#955=LINE('',#5725,#1237);
#956=LINE('',#5726,#1238);
#957=LINE('',#5728,#1239);
#958=LINE('',#5736,#1240);
#959=LINE('',#5745,#1241);
#960=LINE('',#5752,#1242);
#961=LINE('',#5761,#1243);
#962=LINE('',#5767,#1244);
#963=LINE('',#5773,#1245);
#964=LINE('',#5779,#1246);
#965=LINE('',#5782,#1247);
#966=LINE('',#5788,#1248);
#967=LINE('',#5791,#1249);
#968=LINE('',#5796,#1250);
#969=LINE('',#5801,#1251);
#970=LINE('',#5803,#1252);
#971=LINE('',#5805,#1253);
#972=LINE('',#5806,#1254);
#973=LINE('',#5809,#1255);
#974=LINE('',#5811,#1256);
#975=LINE('',#5812,#1257);
#976=LINE('',#5816,#1258);
#977=LINE('',#5818,#1259);
#978=LINE('',#5820,#1260);
#979=LINE('',#5821,#1261);
#980=LINE('',#5825,#1262);
#981=LINE('',#5826,#1263);
#982=LINE('',#5827,#1264);
#983=LINE('',#5831,#1265);
#984=LINE('',#5833,#1266);
#985=LINE('',#5835,#1267);
#986=LINE('',#5836,#1268);
#987=LINE('',#5837,#1269);
#988=LINE('',#5838,#1270);
#989=LINE('',#5841,#1271);
#990=LINE('',#5843,#1272);
#991=LINE('',#5844,#1273);
#992=LINE('',#5849,#1274);
#993=LINE('',#5855,#1275);
#994=LINE('',#5879,#1276);
#995=LINE('',#5881,#1277);
#996=LINE('',#5883,#1278);
#997=LINE('',#5885,#1279);
#998=LINE('',#5886,#1280);
#999=LINE('',#5892,#1281);
#1000=LINE('',#5895,#1282);
#1001=LINE('',#5898,#1283);
#1002=LINE('',#5900,#1284);
#1003=LINE('',#5901,#1285);
#1004=LINE('',#5907,#1286);
#1005=LINE('',#5910,#1287);
#1006=LINE('',#5912,#1288);
#1007=LINE('',#5913,#1289);
#1008=LINE('',#5919,#1290);
#1009=LINE('',#5922,#1291);
#1010=LINE('',#5924,#1292);
#1011=LINE('',#5925,#1293);
#1012=LINE('',#5931,#1294);
#1013=LINE('',#5933,#1295);
#1014=LINE('',#5934,#1296);
#1015=LINE('',#5942,#1297);
#1016=LINE('',#5953,#1298);
#1017=LINE('',#5964,#1299);
#1018=LINE('',#5975,#1300);
#1019=LINE('',#5983,#1301);
#1020=LINE('',#5992,#1302);
#1021=LINE('',#5995,#1303);
#1022=LINE('',#6001,#1304);
#1023=LINE('',#6004,#1305);
#1024=LINE('',#6010,#1306);
#1025=LINE('',#6013,#1307);
#1026=LINE('',#6019,#1308);
#1027=LINE('',#6022,#1309);
#1028=LINE('',#6027,#1310);
#1029=LINE('',#6031,#1311);
#1030=LINE('',#6033,#1312);
#1031=LINE('',#6034,#1313);
#1032=LINE('',#6037,#1314);
#1033=LINE('',#6039,#1315);
#1034=LINE('',#6040,#1316);
#1035=LINE('',#6045,#1317);
#1036=LINE('',#6051,#1318);
#1037=LINE('',#6055,#1319);
#1038=LINE('',#6057,#1320);
#1039=LINE('',#6058,#1321);
#1040=LINE('',#6060,#1322);
#1041=LINE('',#6061,#1323);
#1042=LINE('',#6063,#1324);
#1043=LINE('',#6064,#1325);
#1044=LINE('',#6067,#1326);
#1045=LINE('',#6069,#1327);
#1046=LINE('',#6070,#1328);
#1047=LINE('',#6073,#1329);
#1048=LINE('',#6075,#1330);
#1049=LINE('',#6076,#1331);
#1050=LINE('',#6083,#1332);
#1051=LINE('',#6093,#1333);
#1052=LINE('',#6103,#1334);
#1053=LINE('',#6113,#1335);
#1054=LINE('',#6119,#1336);
#1055=LINE('',#6120,#1337);
#1056=LINE('',#6123,#1338);
#1057=LINE('',#6124,#1339);
#1058=LINE('',#6126,#1340);
#1059=LINE('',#6132,#1341);
#1060=LINE('',#6142,#1342);
#1061=LINE('',#6153,#1343);
#1062=LINE('',#6164,#1344);
#1063=LINE('',#6172,#1345);
#1064=LINE('',#6175,#1346);
#1065=LINE('',#6179,#1347);
#1066=LINE('',#6181,#1348);
#1067=LINE('',#6185,#1349);
#1068=LINE('',#6189,#1350);
#1069=LINE('',#6191,#1351);
#1070=LINE('',#6193,#1352);
#1071=LINE('',#6196,#1353);
#1072=LINE('',#6220,#1354);
#1073=LINE('',#6224,#1355);
#1074=LINE('',#6232,#1356);
#1075=LINE('',#6236,#1357);
#1076=LINE('',#6244,#1358);
#1077=LINE('',#6248,#1359);
#1078=LINE('',#6256,#1360);
#1079=LINE('',#6260,#1361);
#1080=LINE('',#6264,#1362);
#1081=LINE('',#6268,#1363);
#1082=LINE('',#6272,#1364);
#1083=LINE('',#6276,#1365);
#1084=LINE('',#6281,#1366);
#1085=LINE('',#6282,#1367);
#1086=LINE('',#6283,#1368);
#1087=LINE('',#6287,#1369);
#1088=LINE('',#6289,#1370);
#1089=LINE('',#6292,#1371);
#1090=LINE('',#6293,#1372);
#1091=LINE('',#6297,#1373);
#1092=LINE('',#6299,#1374);
#1093=LINE('',#6303,#1375);
#1094=LINE('',#6304,#1376);
#1095=LINE('',#6305,#1377);
#1096=LINE('',#6308,#1378);
#1097=LINE('',#6309,#1379);
#1098=LINE('',#6315,#1380);
#1099=LINE('',#6316,#1381);
#1100=LINE('',#6317,#1382);
#1101=LINE('',#6335,#1383);
#1102=LINE('',#6341,#1384);
#1103=LINE('',#6346,#1385);
#1104=LINE('',#6352,#1386);
#1105=LINE('',#6357,#1387);
#1106=LINE('',#6363,#1388);
#1107=LINE('',#6368,#1389);
#1108=LINE('',#6374,#1390);
#1109=LINE('',#6381,#1391);
#1110=LINE('',#6384,#1392);
#1111=LINE('',#6390,#1393);
#1112=LINE('',#6393,#1394);
#1113=LINE('',#6395,#1395);
#1114=LINE('',#6396,#1396);
#1115=LINE('',#6402,#1397);
#1116=LINE('',#6405,#1398);
#1117=LINE('',#6407,#1399);
#1118=LINE('',#6408,#1400);
#1119=LINE('',#6414,#1401);
#1120=LINE('',#6417,#1402);
#1121=LINE('',#6419,#1403);
#1122=LINE('',#6420,#1404);
#1123=LINE('',#6426,#1405);
#1124=LINE('',#6432,#1406);
#1125=LINE('',#6438,#1407);
#1126=LINE('',#6441,#1408);
#1127=LINE('',#6443,#1409);
#1128=LINE('',#6444,#1410);
#1129=LINE('',#6450,#1411);
#1130=LINE('',#6453,#1412);
#1131=LINE('',#6455,#1413);
#1132=LINE('',#6456,#1414);
#1133=LINE('',#6462,#1415);
#1134=LINE('',#6465,#1416);
#1135=LINE('',#6467,#1417);
#1136=LINE('',#6468,#1418);
#1137=LINE('',#6475,#1419);
#1138=LINE('',#6478,#1420);
#1139=LINE('',#6493,#1421);
#1140=LINE('',#6494,#1422);
#1141=LINE('',#6505,#1423);
#1142=LINE('',#6506,#1424);
#1143=LINE('',#6529,#1425);
#1144=LINE('',#6530,#1426);
#1145=LINE('',#6541,#1427);
#1146=LINE('',#6542,#1428);
#1147=LINE('',#6553,#1429);
#1148=LINE('',#6554,#1430);
#1149=LINE('',#6574,#1431);
#1150=LINE('',#6575,#1432);
#1151=LINE('',#6578,#1433);
#1152=LINE('',#6580,#1434);
#1153=LINE('',#6581,#1435);
#1154=LINE('',#6584,#1436);
#1155=LINE('',#6588,#1437);
#1156=LINE('',#6589,#1438);
#1157=LINE('',#6592,#1439);
#1158=LINE('',#6596,#1440);
#1159=LINE('',#6600,#1441);
#1160=LINE('',#6604,#1442);
#1161=LINE('',#6605,#1443);
#1162=LINE('',#6608,#1444);
#1163=LINE('',#6613,#1445);
#1164=LINE('',#6620,#1446);
#1165=LINE('',#6623,#1447);
#1166=LINE('',#6627,#1448);
#1167=LINE('',#6631,#1449);
#1168=LINE('',#6634,#1450);
#1169=LINE('',#6635,#1451);
#1170=LINE('',#6639,#1452);
#1171=LINE('',#6642,#1453);
#1172=LINE('',#6645,#1454);
#1173=LINE('',#6647,#1455);
#1174=VECTOR('',#4285,10.);
#1175=VECTOR('',#4286,10.);
#1176=VECTOR('',#4287,10.);
#1177=VECTOR('',#4290,10.);
#1178=VECTOR('',#4291,10.);
#1179=VECTOR('',#4292,10.);
#1180=VECTOR('',#4297,10.);
#1181=VECTOR('',#4306,10.);
#1182=VECTOR('',#4307,10.);
#1183=VECTOR('',#4308,10.);
#1184=VECTOR('',#4311,10.);
#1185=VECTOR('',#4312,10.);
#1186=VECTOR('',#4313,10.);
#1187=VECTOR('',#4318,10.);
#1188=VECTOR('',#4331,10.);
#1189=VECTOR('',#4334,10.);
#1190=VECTOR('',#4341,10.25);
#1191=VECTOR('',#4348,10.);
#1192=VECTOR('',#4349,10.);
#1193=VECTOR('',#4352,10.);
#1194=VECTOR('',#4353,10.);
#1195=VECTOR('',#4356,10.);
#1196=VECTOR('',#4363,10.);
#1197=VECTOR('',#4364,10.);
#1198=VECTOR('',#4365,10.);
#1199=VECTOR('',#4368,10.);
#1200=VECTOR('',#4369,10.);
#1201=VECTOR('',#4374,10.);
#1202=VECTOR('',#4379,10.);
#1203=VECTOR('',#4384,10.);
#1204=VECTOR('',#4385,10.);
#1205=VECTOR('',#4386,10.);
#1206=VECTOR('',#4389,10.);
#1207=VECTOR('',#4390,10.);
#1208=VECTOR('',#4395,10.);
#1209=VECTOR('',#4400,10.);
#1210=VECTOR('',#4407,10.);
#1211=VECTOR('',#4410,10.);
#1212=VECTOR('',#4417,10.25);
#1213=VECTOR('',#4424,10.);
#1214=VECTOR('',#4425,10.);
#1215=VECTOR('',#4426,10.);
#1216=VECTOR('',#4429,10.);
#1217=VECTOR('',#4432,10.);
#1218=VECTOR('',#4437,10.);
#1219=VECTOR('',#4438,10.);
#1220=VECTOR('',#4439,10.);
#1221=VECTOR('',#4444,10.);
#1222=VECTOR('',#4445,10.);
#1223=VECTOR('',#4450,10.);
#1224=VECTOR('',#4455,10.);
#1225=VECTOR('',#4458,10.);
#1226=VECTOR('',#4459,10.);
#1227=VECTOR('',#4460,10.);
#1228=VECTOR('',#4465,10.);
#1229=VECTOR('',#4466,10.);
#1230=VECTOR('',#4471,10.);
#1231=VECTOR('',#4476,10.);
#1232=VECTOR('',#4483,10.);
#1233=VECTOR('',#4486,10.);
#1234=VECTOR('',#4493,10.25);
#1235=VECTOR('',#4500,10.);
#1236=VECTOR('',#4501,10.);
#1237=VECTOR('',#4504,10.);
#1238=VECTOR('',#4505,10.);
#1239=VECTOR('',#4508,10.);
#1240=VECTOR('',#4517,2.625);
#1241=VECTOR('',#4528,2.);
#1242=VECTOR('',#4535,2.625);
#1243=VECTOR('',#4546,2.);
#1244=VECTOR('',#4553,3.25);
#1245=VECTOR('',#4560,3.25);
#1246=VECTOR('',#4565,10.);
#1247=VECTOR('',#4568,10.);
#1248=VECTOR('',#4573,10.);
#1249=VECTOR('',#4576,10.);
#1250=VECTOR('',#4581,10.);
#1251=VECTOR('',#4586,10.);
#1252=VECTOR('',#4587,10.);
#1253=VECTOR('',#4588,10.);
#1254=VECTOR('',#4589,10.);
#1255=VECTOR('',#4592,10.);
#1256=VECTOR('',#4593,10.);
#1257=VECTOR('',#4594,10.);
#1258=VECTOR('',#4597,10.);
#1259=VECTOR('',#4598,10.);
#1260=VECTOR('',#4599,10.);
#1261=VECTOR('',#4600,10.);
#1262=VECTOR('',#4603,10.);
#1263=VECTOR('',#4604,10.);
#1264=VECTOR('',#4605,10.);
#1265=VECTOR('',#4608,10.);
#1266=VECTOR('',#4609,10.);
#1267=VECTOR('',#4610,10.);
#1268=VECTOR('',#4611,10.);
#1269=VECTOR('',#4612,10.);
#1270=VECTOR('',#4613,10.);
#1271=VECTOR('',#4616,10.);
#1272=VECTOR('',#4617,10.);
#1273=VECTOR('',#4618,10.);
#1274=VECTOR('',#4623,8.99999999999997);
#1275=VECTOR('',#4630,9.24999999999999);
#1276=VECTOR('',#4647,10.);
#1277=VECTOR('',#4648,10.);
#1278=VECTOR('',#4649,10.);
#1279=VECTOR('',#4650,10.);
#1280=VECTOR('',#4651,10.);
#1281=VECTOR('',#4656,10.);
#1282=VECTOR('',#4659,10.);
#1283=VECTOR('',#4662,10.);
#1284=VECTOR('',#4663,10.);
#1285=VECTOR('',#4664,10.);
#1286=VECTOR('',#4669,10.);
#1287=VECTOR('',#4672,10.);
#1288=VECTOR('',#4675,10.);
#1289=VECTOR('',#4676,10.);
#1290=VECTOR('',#4681,10.);
#1291=VECTOR('',#4684,10.);
#1292=VECTOR('',#4687,10.);
#1293=VECTOR('',#4688,10.);
#1294=VECTOR('',#4695,10.);
#1295=VECTOR('',#4698,10.);
#1296=VECTOR('',#4699,10.);
#1297=VECTOR('',#4708,4.);
#1298=VECTOR('',#4721,4.);
#1299=VECTOR('',#4734,4.);
#1300=VECTOR('',#4747,4.);
#1301=VECTOR('',#4758,3.5);
#1302=VECTOR('',#4767,10.);
#1303=VECTOR('',#4770,10.);
#1304=VECTOR('',#4775,10.);
#1305=VECTOR('',#4778,10.);
#1306=VECTOR('',#4783,10.);
#1307=VECTOR('',#4786,10.);
#1308=VECTOR('',#4791,10.);
#1309=VECTOR('',#4794,10.);
#1310=VECTOR('',#4799,10.);
#1311=VECTOR('',#4804,10.);
#1312=VECTOR('',#4805,10.);
#1313=VECTOR('',#4806,10.);
#1314=VECTOR('',#4809,10.);
#1315=VECTOR('',#4810,10.);
#1316=VECTOR('',#4811,10.);
#1317=VECTOR('',#4816,10.);
#1318=VECTOR('',#4823,10.);
#1319=VECTOR('',#4828,10.);
#1320=VECTOR('',#4829,10.);
#1321=VECTOR('',#4830,10.);
#1322=VECTOR('',#4833,10.);
#1323=VECTOR('',#4834,10.);
#1324=VECTOR('',#4837,10.);
#1325=VECTOR('',#4838,10.);
#1326=VECTOR('',#4841,10.);
#1327=VECTOR('',#4842,10.);
#1328=VECTOR('',#4843,10.);
#1329=VECTOR('',#4846,10.);
#1330=VECTOR('',#4847,10.);
#1331=VECTOR('',#4848,10.);
#1332=VECTOR('',#4855,6.);
#1333=VECTOR('',#4866,6.);
#1334=VECTOR('',#4877,6.);
#1335=VECTOR('',#4888,6.);
#1336=VECTOR('',#4895,10.);
#1337=VECTOR('',#4896,10.);
#1338=VECTOR('',#4899,10.);
#1339=VECTOR('',#4900,10.);
#1340=VECTOR('',#4903,10.);
#1341=VECTOR('',#4910,7.25);
#1342=VECTOR('',#4923,13.25);
#1343=VECTOR('',#4936,13.25);
#1344=VECTOR('',#4949,13.25);
#1345=VECTOR('',#4960,10.);
#1346=VECTOR('',#4963,10.);
#1347=VECTOR('',#4966,10.);
#1348=VECTOR('',#4967,10.);
#1349=VECTOR('',#4972,10.);
#1350=VECTOR('',#4975,10.);
#1351=VECTOR('',#4976,10.);
#1352=VECTOR('',#4977,10.);
#1353=VECTOR('',#4980,10.);
#1354=VECTOR('',#5005,2.625);
#1355=VECTOR('',#5010,3.25);
#1356=VECTOR('',#5019,2.625);
#1357=VECTOR('',#5024,3.25);
#1358=VECTOR('',#5033,2.625);
#1359=VECTOR('',#5038,3.25);
#1360=VECTOR('',#5047,2.625);
#1361=VECTOR('',#5052,3.25);
#1362=VECTOR('',#5057,2.);
#1363=VECTOR('',#5062,2.00000000000001);
#1364=VECTOR('',#5067,2.);
#1365=VECTOR('',#5072,2.00000000000001);
#1366=VECTOR('',#5077,10.);
#1367=VECTOR('',#5078,10.);
#1368=VECTOR('',#5079,10.);
#1369=VECTOR('',#5084,10.);
#1370=VECTOR('',#5087,10.);
#1371=VECTOR('',#5090,10.);
#1372=VECTOR('',#5091,10.);
#1373=VECTOR('',#5096,10.);
#1374=VECTOR('',#5099,10.);
#1375=VECTOR('',#5102,10.);
#1376=VECTOR('',#5103,10.);
#1377=VECTOR('',#5104,10.);
#1378=VECTOR('',#5107,10.);
#1379=VECTOR('',#5108,10.);
#1380=VECTOR('',#5115,10.);
#1381=VECTOR('',#5116,10.);
#1382=VECTOR('',#5117,10.);
#1383=VECTOR('',#5142,2.1);
#1384=VECTOR('',#5149,4.);
#1385=VECTOR('',#5156,2.1);
#1386=VECTOR('',#5163,4.);
#1387=VECTOR('',#5170,2.1);
#1388=VECTOR('',#5177,4.);
#1389=VECTOR('',#5184,2.1);
#1390=VECTOR('',#5191,3.99999999999999);
#1391=VECTOR('',#5198,10.);
#1392=VECTOR('',#5201,10.);
#1393=VECTOR('',#5208,10.);
#1394=VECTOR('',#5211,10.);
#1395=VECTOR('',#5212,10.);
#1396=VECTOR('',#5213,10.);
#1397=VECTOR('',#5220,10.);
#1398=VECTOR('',#5223,10.);
#1399=VECTOR('',#5224,10.);
#1400=VECTOR('',#5225,10.);
#1401=VECTOR('',#5232,10.);
#1402=VECTOR('',#5235,10.);
#1403=VECTOR('',#5236,10.);
#1404=VECTOR('',#5237,10.);
#1405=VECTOR('',#5244,10.);
#1406=VECTOR('',#5251,10.);
#1407=VECTOR('',#5258,10.);
#1408=VECTOR('',#5261,10.);
#1409=VECTOR('',#5262,10.);
#1410=VECTOR('',#5263,10.);
#1411=VECTOR('',#5270,10.);
#1412=VECTOR('',#5273,10.);
#1413=VECTOR('',#5274,10.);
#1414=VECTOR('',#5275,10.);
#1415=VECTOR('',#5282,10.);
#1416=VECTOR('',#5285,10.);
#1417=VECTOR('',#5286,10.);
#1418=VECTOR('',#5287,10.);
#1419=VECTOR('',#5298,10.);
#1420=VECTOR('',#5303,10.);
#1421=VECTOR('',#5320,10.);
#1422=VECTOR('',#5321,10.);
#1423=VECTOR('',#5334,10.);
#1424=VECTOR('',#5335,10.);
#1425=VECTOR('',#5364,10.);
#1426=VECTOR('',#5365,10.);
#1427=VECTOR('',#5378,10.);
#1428=VECTOR('',#5379,10.);
#1429=VECTOR('',#5392,10.);
#1430=VECTOR('',#5393,10.);
#1431=VECTOR('',#5420,10.);
#1432=VECTOR('',#5421,10.);
#1433=VECTOR('',#5424,10.);
#1434=VECTOR('',#5425,10.);
#1435=VECTOR('',#5426,10.);
#1436=VECTOR('',#5429,10.);
#1437=VECTOR('',#5434,10.);
#1438=VECTOR('',#5435,10.);
#1439=VECTOR('',#5438,10.);
#1440=VECTOR('',#5443,10.);
#1441=VECTOR('',#5448,10.);
#1442=VECTOR('',#5453,10.);
#1443=VECTOR('',#5454,10.);
#1444=VECTOR('',#5457,10.);
#1445=VECTOR('',#5466,10.);
#1446=VECTOR('',#5477,10.);
#1447=VECTOR('',#5480,10.);
#1448=VECTOR('',#5485,10.);
#1449=VECTOR('',#5490,10.);
#1450=VECTOR('',#5493,10.);
#1451=VECTOR('',#5494,10.);
#1452=VECTOR('',#5499,10.);
#1453=VECTOR('',#5502,10.);
#1454=VECTOR('',#5507,10.);
#1455=VECTOR('',#5510,10.);
#1456=VERTEX_POINT('',#5515);
#1457=VERTEX_POINT('',#5516);
#1458=VERTEX_POINT('',#5518);
#1459=VERTEX_POINT('',#5522);
#1460=VERTEX_POINT('',#5523);
#1461=VERTEX_POINT('',#5525);
#1462=VERTEX_POINT('',#5532);
#1463=VERTEX_POINT('',#5536);
#1464=VERTEX_POINT('',#5537);
#1465=VERTEX_POINT('',#5539);
#1466=VERTEX_POINT('',#5543);
#1467=VERTEX_POINT('',#5544);
#1468=VERTEX_POINT('',#5546);
#1469=VERTEX_POINT('',#5553);
#1470=VERTEX_POINT('',#5557);
#1471=VERTEX_POINT('',#5559);
#1472=VERTEX_POINT('',#5561);
#1473=VERTEX_POINT('',#5563);
#1474=VERTEX_POINT('',#5565);
#1475=VERTEX_POINT('',#5569);
#1476=VERTEX_POINT('',#5571);
#1477=VERTEX_POINT('',#5576);
#1478=VERTEX_POINT('',#5580);
#1479=VERTEX_POINT('',#5587);
#1480=VERTEX_POINT('',#5588);
#1481=VERTEX_POINT('',#5590);
#1482=VERTEX_POINT('',#5592);
#1483=VERTEX_POINT('',#5596);
#1484=VERTEX_POINT('',#5600);
#1485=VERTEX_POINT('',#5601);
#1486=VERTEX_POINT('',#5608);
#1487=VERTEX_POINT('',#5609);
#1488=VERTEX_POINT('',#5611);
#1489=VERTEX_POINT('',#5613);
#1490=VERTEX_POINT('',#5617);
#1491=VERTEX_POINT('',#5621);
#1492=VERTEX_POINT('',#5622);
#1493=VERTEX_POINT('',#5629);
#1494=VERTEX_POINT('',#5631);
#1495=VERTEX_POINT('',#5633);
#1496=VERTEX_POINT('',#5635);
#1497=VERTEX_POINT('',#5637);
#1498=VERTEX_POINT('',#5641);
#1499=VERTEX_POINT('',#5643);
#1500=VERTEX_POINT('',#5648);
#1501=VERTEX_POINT('',#5650);
#1502=VERTEX_POINT('',#5659);
#1503=VERTEX_POINT('',#5660);
#1504=VERTEX_POINT('',#5662);
#1505=VERTEX_POINT('',#5666);
#1506=VERTEX_POINT('',#5668);
#1507=VERTEX_POINT('',#5672);
#1508=VERTEX_POINT('',#5674);
#1509=VERTEX_POINT('',#5680);
#1510=VERTEX_POINT('',#5681);
#1511=VERTEX_POINT('',#5683);
#1512=VERTEX_POINT('',#5687);
#1513=VERTEX_POINT('',#5689);
#1514=VERTEX_POINT('',#5693);
#1515=VERTEX_POINT('',#5695);
#1516=VERTEX_POINT('',#5701);
#1517=VERTEX_POINT('',#5703);
#1518=VERTEX_POINT('',#5705);
#1519=VERTEX_POINT('',#5707);
#1520=VERTEX_POINT('',#5709);
#1521=VERTEX_POINT('',#5713);
#1522=VERTEX_POINT('',#5715);
#1523=VERTEX_POINT('',#5720);
#1524=VERTEX_POINT('',#5724);
#1525=VERTEX_POINT('',#5731);
#1526=VERTEX_POINT('',#5732);
#1527=VERTEX_POINT('',#5735);
#1528=VERTEX_POINT('',#5737);
#1529=VERTEX_POINT('',#5741);
#1530=VERTEX_POINT('',#5742);
#1531=VERTEX_POINT('',#5747);
#1532=VERTEX_POINT('',#5748);
#1533=VERTEX_POINT('',#5751);
#1534=VERTEX_POINT('',#5753);
#1535=VERTEX_POINT('',#5757);
#1536=VERTEX_POINT('',#5758);
#1537=VERTEX_POINT('',#5763);
#1538=VERTEX_POINT('',#5764);
#1539=VERTEX_POINT('',#5769);
#1540=VERTEX_POINT('',#5770);
#1541=VERTEX_POINT('',#5775);
#1542=VERTEX_POINT('',#5776);
#1543=VERTEX_POINT('',#5778);
#1544=VERTEX_POINT('',#5780);
#1545=VERTEX_POINT('',#5784);
#1546=VERTEX_POINT('',#5785);
#1547=VERTEX_POINT('',#5787);
#1548=VERTEX_POINT('',#5789);
#1549=VERTEX_POINT('',#5793);
#1550=VERTEX_POINT('',#5795);
#1551=VERTEX_POINT('',#5799);
#1552=VERTEX_POINT('',#5800);
#1553=VERTEX_POINT('',#5802);
#1554=VERTEX_POINT('',#5804);
#1555=VERTEX_POINT('',#5808);
#1556=VERTEX_POINT('',#5810);
#1557=VERTEX_POINT('',#5814);
#1558=VERTEX_POINT('',#5815);
#1559=VERTEX_POINT('',#5817);
#1560=VERTEX_POINT('',#5819);
#1561=VERTEX_POINT('',#5823);
#1562=VERTEX_POINT('',#5824);
#1563=VERTEX_POINT('',#5829);
#1564=VERTEX_POINT('',#5830);
#1565=VERTEX_POINT('',#5832);
#1566=VERTEX_POINT('',#5834);
#1567=VERTEX_POINT('',#5840);
#1568=VERTEX_POINT('',#5842);
#1569=VERTEX_POINT('',#5846);
#1570=VERTEX_POINT('',#5848);
#1571=VERTEX_POINT('',#5850);
#1572=VERTEX_POINT('',#5854);
#1573=VERTEX_POINT('',#5858);
#1574=VERTEX_POINT('',#5861);
#1575=VERTEX_POINT('',#5863);
#1576=VERTEX_POINT('',#5865);
#1577=VERTEX_POINT('',#5878);
#1578=VERTEX_POINT('',#5880);
#1579=VERTEX_POINT('',#5882);
#1580=VERTEX_POINT('',#5884);
#1581=VERTEX_POINT('',#5888);
#1582=VERTEX_POINT('',#5889);
#1583=VERTEX_POINT('',#5891);
#1584=VERTEX_POINT('',#5893);
#1585=VERTEX_POINT('',#5897);
#1586=VERTEX_POINT('',#5899);
#1587=VERTEX_POINT('',#5903);
#1588=VERTEX_POINT('',#5904);
#1589=VERTEX_POINT('',#5906);
#1590=VERTEX_POINT('',#5908);
#1591=VERTEX_POINT('',#5915);
#1592=VERTEX_POINT('',#5916);
#1593=VERTEX_POINT('',#5918);
#1594=VERTEX_POINT('',#5920);
#1595=VERTEX_POINT('',#5927);
#1596=VERTEX_POINT('',#5929);
#1597=VERTEX_POINT('',#5937);
#1598=VERTEX_POINT('',#5938);
#1599=VERTEX_POINT('',#5941);
#1600=VERTEX_POINT('',#5943);
#1601=VERTEX_POINT('',#5948);
#1602=VERTEX_POINT('',#5949);
#1603=VERTEX_POINT('',#5952);
#1604=VERTEX_POINT('',#5954);
#1605=VERTEX_POINT('',#5959);
#1606=VERTEX_POINT('',#5960);
#1607=VERTEX_POINT('',#5963);
#1608=VERTEX_POINT('',#5965);
#1609=VERTEX_POINT('',#5970);
#1610=VERTEX_POINT('',#5971);
#1611=VERTEX_POINT('',#5974);
#1612=VERTEX_POINT('',#5976);
#1613=VERTEX_POINT('',#5981);
#1614=VERTEX_POINT('',#5985);
#1615=VERTEX_POINT('',#5988);
#1616=VERTEX_POINT('',#5989);
#1617=VERTEX_POINT('',#5991);
#1618=VERTEX_POINT('',#5993);
#1619=VERTEX_POINT('',#5997);
#1620=VERTEX_POINT('',#5998);
#1621=VERTEX_POINT('',#6000);
#1622=VERTEX_POINT('',#6002);
#1623=VERTEX_POINT('',#6006);
#1624=VERTEX_POINT('',#6007);
#1625=VERTEX_POINT('',#6009);
#1626=VERTEX_POINT('',#6011);
#1627=VERTEX_POINT('',#6015);
#1628=VERTEX_POINT('',#6016);
#1629=VERTEX_POINT('',#6018);
#1630=VERTEX_POINT('',#6020);
#1631=VERTEX_POINT('',#6024);
#1632=VERTEX_POINT('',#6026);
#1633=VERTEX_POINT('',#6030);
#1634=VERTEX_POINT('',#6032);
#1635=VERTEX_POINT('',#6036);
#1636=VERTEX_POINT('',#6038);
#1637=VERTEX_POINT('',#6042);
#1638=VERTEX_POINT('',#6044);
#1639=VERTEX_POINT('',#6048);
#1640=VERTEX_POINT('',#6050);
#1641=VERTEX_POINT('',#6054);
#1642=VERTEX_POINT('',#6056);
#1643=VERTEX_POINT('',#6066);
#1644=VERTEX_POINT('',#6068);
#1645=VERTEX_POINT('',#6072);
#1646=VERTEX_POINT('',#6074);
#1647=VERTEX_POINT('',#6078);
#1648=VERTEX_POINT('',#6079);
#1649=VERTEX_POINT('',#6082);
#1650=VERTEX_POINT('',#6084);
#1651=VERTEX_POINT('',#6088);
#1652=VERTEX_POINT('',#6089);
#1653=VERTEX_POINT('',#6092);
#1654=VERTEX_POINT('',#6094);
#1655=VERTEX_POINT('',#6098);
#1656=VERTEX_POINT('',#6099);
#1657=VERTEX_POINT('',#6102);
#1658=VERTEX_POINT('',#6104);
#1659=VERTEX_POINT('',#6108);
#1660=VERTEX_POINT('',#6109);
#1661=VERTEX_POINT('',#6112);
#1662=VERTEX_POINT('',#6114);
#1663=VERTEX_POINT('',#6118);
#1664=VERTEX_POINT('',#6122);
#1665=VERTEX_POINT('',#6128);
#1666=VERTEX_POINT('',#6129);
#1667=VERTEX_POINT('',#6137);
#1668=VERTEX_POINT('',#6138);
#1669=VERTEX_POINT('',#6141);
#1670=VERTEX_POINT('',#6143);
#1671=VERTEX_POINT('',#6148);
#1672=VERTEX_POINT('',#6149);
#1673=VERTEX_POINT('',#6152);
#1674=VERTEX_POINT('',#6154);
#1675=VERTEX_POINT('',#6159);
#1676=VERTEX_POINT('',#6160);
#1677=VERTEX_POINT('',#6163);
#1678=VERTEX_POINT('',#6165);
#1679=VERTEX_POINT('',#6171);
#1680=VERTEX_POINT('',#6173);
#1681=VERTEX_POINT('',#6176);
#1682=VERTEX_POINT('',#6178);
#1683=VERTEX_POINT('',#6180);
#1684=VERTEX_POINT('',#6184);
#1685=VERTEX_POINT('',#6186);
#1686=VERTEX_POINT('',#6188);
#1687=VERTEX_POINT('',#6190);
#1688=VERTEX_POINT('',#6192);
#1689=VERTEX_POINT('',#6194);
#1690=VERTEX_POINT('',#6198);
#1691=VERTEX_POINT('',#6199);
#1692=VERTEX_POINT('',#6202);
#1693=VERTEX_POINT('',#6203);
#1694=VERTEX_POINT('',#6206);
#1695=VERTEX_POINT('',#6207);
#1696=VERTEX_POINT('',#6210);
#1697=VERTEX_POINT('',#6211);
#1698=VERTEX_POINT('',#6215);
#1699=VERTEX_POINT('',#6216);
#1700=VERTEX_POINT('',#6219);
#1701=VERTEX_POINT('',#6223);
#1702=VERTEX_POINT('',#6227);
#1703=VERTEX_POINT('',#6228);
#1704=VERTEX_POINT('',#6231);
#1705=VERTEX_POINT('',#6235);
#1706=VERTEX_POINT('',#6239);
#1707=VERTEX_POINT('',#6240);
#1708=VERTEX_POINT('',#6243);
#1709=VERTEX_POINT('',#6247);
#1710=VERTEX_POINT('',#6251);
#1711=VERTEX_POINT('',#6252);
#1712=VERTEX_POINT('',#6255);
#1713=VERTEX_POINT('',#6259);
#1714=VERTEX_POINT('',#6263);
#1715=VERTEX_POINT('',#6267);
#1716=VERTEX_POINT('',#6271);
#1717=VERTEX_POINT('',#6275);
#1718=VERTEX_POINT('',#6279);
#1719=VERTEX_POINT('',#6280);
#1720=VERTEX_POINT('',#6285);
#1721=VERTEX_POINT('',#6291);
#1722=VERTEX_POINT('',#6295);
#1723=VERTEX_POINT('',#6301);
#1724=VERTEX_POINT('',#6302);
#1725=VERTEX_POINT('',#6307);
#1726=VERTEX_POINT('',#6313);
#1727=VERTEX_POINT('',#6314);
#1728=VERTEX_POINT('',#6321);
#1729=VERTEX_POINT('',#6324);
#1730=VERTEX_POINT('',#6327);
#1731=VERTEX_POINT('',#6330);
#1732=VERTEX_POINT('',#6333);
#1733=VERTEX_POINT('',#6337);
#1734=VERTEX_POINT('',#6338);
#1735=VERTEX_POINT('',#6344);
#1736=VERTEX_POINT('',#6348);
#1737=VERTEX_POINT('',#6349);
#1738=VERTEX_POINT('',#6355);
#1739=VERTEX_POINT('',#6359);
#1740=VERTEX_POINT('',#6360);
#1741=VERTEX_POINT('',#6366);
#1742=VERTEX_POINT('',#6370);
#1743=VERTEX_POINT('',#6371);
#1744=VERTEX_POINT('',#6377);
#1745=VERTEX_POINT('',#6378);
#1746=VERTEX_POINT('',#6380);
#1747=VERTEX_POINT('',#6382);
#1748=VERTEX_POINT('',#6386);
#1749=VERTEX_POINT('',#6388);
#1750=VERTEX_POINT('',#6392);
#1751=VERTEX_POINT('',#6394);
#1752=VERTEX_POINT('',#6398);
#1753=VERTEX_POINT('',#6400);
#1754=VERTEX_POINT('',#6404);
#1755=VERTEX_POINT('',#6406);
#1756=VERTEX_POINT('',#6410);
#1757=VERTEX_POINT('',#6412);
#1758=VERTEX_POINT('',#6416);
#1759=VERTEX_POINT('',#6418);
#1760=VERTEX_POINT('',#6422);
#1761=VERTEX_POINT('',#6424);
#1762=VERTEX_POINT('',#6428);
#1763=VERTEX_POINT('',#6430);
#1764=VERTEX_POINT('',#6434);
#1765=VERTEX_POINT('',#6436);
#1766=VERTEX_POINT('',#6440);
#1767=VERTEX_POINT('',#6442);
#1768=VERTEX_POINT('',#6446);
#1769=VERTEX_POINT('',#6448);
#1770=VERTEX_POINT('',#6452);
#1771=VERTEX_POINT('',#6454);
#1772=VERTEX_POINT('',#6458);
#1773=VERTEX_POINT('',#6460);
#1774=VERTEX_POINT('',#6464);
#1775=VERTEX_POINT('',#6466);
#1776=VERTEX_POINT('',#6473);
#1777=VERTEX_POINT('',#6481);
#1778=VERTEX_POINT('',#6482);
#1779=VERTEX_POINT('',#6484);
#1780=VERTEX_POINT('',#6486);
#1781=VERTEX_POINT('',#6490);
#1782=VERTEX_POINT('',#6491);
#1783=VERTEX_POINT('',#6496);
#1784=VERTEX_POINT('',#6497);
#1785=VERTEX_POINT('',#6502);
#1786=VERTEX_POINT('',#6503);
#1787=VERTEX_POINT('',#6508);
#1788=VERTEX_POINT('',#6509);
#1789=VERTEX_POINT('',#6514);
#1790=VERTEX_POINT('',#6515);
#1791=VERTEX_POINT('',#6520);
#1792=VERTEX_POINT('',#6521);
#1793=VERTEX_POINT('',#6526);
#1794=VERTEX_POINT('',#6527);
#1795=VERTEX_POINT('',#6532);
#1796=VERTEX_POINT('',#6533);
#1797=VERTEX_POINT('',#6538);
#1798=VERTEX_POINT('',#6539);
#1799=VERTEX_POINT('',#6544);
#1800=VERTEX_POINT('',#6545);
#1801=VERTEX_POINT('',#6550);
#1802=VERTEX_POINT('',#6551);
#1803=VERTEX_POINT('',#6556);
#1804=VERTEX_POINT('',#6557);
#1805=VERTEX_POINT('',#6562);
#1806=VERTEX_POINT('',#6563);
#1807=VERTEX_POINT('',#6568);
#1808=VERTEX_POINT('',#6569);
#1809=VERTEX_POINT('',#6577);
#1810=VERTEX_POINT('',#6579);
#1811=VERTEX_POINT('',#6583);
#1812=VERTEX_POINT('',#6587);
#1813=VERTEX_POINT('',#6591);
#1814=VERTEX_POINT('',#6595);
#1815=VERTEX_POINT('',#6599);
#1816=VERTEX_POINT('',#6603);
#1817=VERTEX_POINT('',#6607);
#1818=VERTEX_POINT('',#6619);
#1819=VERTEX_POINT('',#6621);
#1820=VERTEX_POINT('',#6625);
#1821=VERTEX_POINT('',#6629);
#1822=VERTEX_POINT('',#6633);
#1823=VERTEX_POINT('',#6637);
#1824=VERTEX_POINT('',#6641);
#1825=EDGE_CURVE('',#1456,#1457,#892,.T.);
#1826=EDGE_CURVE('',#1458,#1456,#893,.T.);
#1827=EDGE_CURVE('',#1457,#1458,#894,.T.);
#1828=EDGE_CURVE('',#1459,#1460,#895,.T.);
#1829=EDGE_CURVE('',#1461,#1459,#896,.T.);
#1830=EDGE_CURVE('',#1460,#1461,#897,.T.);
#1831=EDGE_CURVE('',#1460,#1456,#184,.T.);
#1832=EDGE_CURVE('',#1461,#1458,#898,.T.);
#1833=EDGE_CURVE('',#1457,#1462,#166,.T.);
#1834=EDGE_CURVE('',#1462,#1459,#167,.T.);
#1835=EDGE_CURVE('',#1463,#1464,#899,.T.);
#1836=EDGE_CURVE('',#1465,#1463,#900,.T.);
#1837=EDGE_CURVE('',#1464,#1465,#901,.T.);
#1838=EDGE_CURVE('',#1466,#1467,#902,.T.);
#1839=EDGE_CURVE('',#1468,#1466,#903,.T.);
#1840=EDGE_CURVE('',#1467,#1468,#904,.T.);
#1841=EDGE_CURVE('',#1467,#1463,#185,.T.);
#1842=EDGE_CURVE('',#1468,#1465,#905,.T.);
#1843=EDGE_CURVE('',#1464,#1469,#168,.T.);
#1844=EDGE_CURVE('',#1469,#1466,#169,.T.);
#1845=EDGE_CURVE('',#1470,#1469,#186,.T.);
#1846=EDGE_CURVE('',#1470,#1471,#170,.T.);
#1847=EDGE_CURVE('',#1471,#1472,#906,.T.);
#1848=EDGE_CURVE('',#1472,#1473,#187,.T.);
#1849=EDGE_CURVE('',#1473,#1474,#907,.T.);
#1850=EDGE_CURVE('',#1474,#1470,#171,.T.);
#1851=EDGE_CURVE('',#1462,#1470,#188,.T.);
#1852=EDGE_CURVE('',#1475,#1462,#189,.T.);
#1853=EDGE_CURVE('',#1475,#1476,#908,.T.);
#1854=EDGE_CURVE('',#1476,#1476,#190,.T.);
#1855=EDGE_CURVE('',#1469,#1475,#191,.T.);
#1856=EDGE_CURVE('',#1477,#1473,#909,.T.);
#1857=EDGE_CURVE('',#1474,#1477,#910,.T.);
#1858=EDGE_CURVE('',#1478,#1471,#911,.T.);
#1859=EDGE_CURVE('',#1472,#1478,#912,.T.);
#1860=EDGE_CURVE('',#1478,#1477,#913,.T.);
#1861=EDGE_CURVE('',#1479,#1480,#192,.T.);
#1862=EDGE_CURVE('',#1481,#1479,#914,.T.);
#1863=EDGE_CURVE('',#1482,#1481,#915,.T.);
#1864=EDGE_CURVE('',#1480,#1482,#916,.T.);
#1865=EDGE_CURVE('',#1483,#1479,#917,.T.);
#1866=EDGE_CURVE('',#1483,#1481,#918,.T.);
#1867=EDGE_CURVE('',#1484,#1485,#172,.T.);
#1868=EDGE_CURVE('',#1482,#1484,#919,.T.);
#1869=EDGE_CURVE('',#1485,#1483,#173,.T.);
#1870=EDGE_CURVE('',#1480,#1484,#920,.T.);
#1871=EDGE_CURVE('',#1486,#1487,#193,.T.);
#1872=EDGE_CURVE('',#1488,#1486,#921,.T.);
#1873=EDGE_CURVE('',#1489,#1488,#922,.T.);
#1874=EDGE_CURVE('',#1487,#1489,#923,.T.);
#1875=EDGE_CURVE('',#1490,#1486,#924,.T.);
#1876=EDGE_CURVE('',#1490,#1488,#925,.T.);
#1877=EDGE_CURVE('',#1491,#1492,#174,.T.);
#1878=EDGE_CURVE('',#1489,#1491,#926,.T.);
#1879=EDGE_CURVE('',#1492,#1490,#175,.T.);
#1880=EDGE_CURVE('',#1487,#1491,#927,.T.);
#1881=EDGE_CURVE('',#1493,#1485,#194,.T.);
#1882=EDGE_CURVE('',#1493,#1494,#176,.T.);
#1883=EDGE_CURVE('',#1494,#1495,#928,.T.);
#1884=EDGE_CURVE('',#1495,#1496,#195,.T.);
#1885=EDGE_CURVE('',#1496,#1497,#929,.T.);
#1886=EDGE_CURVE('',#1497,#1493,#177,.T.);
#1887=EDGE_CURVE('',#1492,#1493,#196,.T.);
#1888=EDGE_CURVE('',#1498,#1492,#197,.T.);
#1889=EDGE_CURVE('',#1498,#1499,#930,.T.);
#1890=EDGE_CURVE('',#1499,#1499,#198,.T.);
#1891=EDGE_CURVE('',#1485,#1498,#199,.T.);
#1892=EDGE_CURVE('',#1500,#1495,#931,.T.);
#1893=EDGE_CURVE('',#1501,#1500,#932,.T.);
#1894=EDGE_CURVE('',#1496,#1501,#933,.T.);
#1895=EDGE_CURVE('',#1494,#1500,#934,.T.);
#1896=EDGE_CURVE('',#1501,#1497,#935,.T.);
#1897=EDGE_CURVE('',#1502,#1503,#936,.T.);
#1898=EDGE_CURVE('',#1502,#1504,#937,.T.);
#1899=EDGE_CURVE('',#1504,#1503,#938,.T.);
#1900=EDGE_CURVE('',#1505,#1502,#200,.T.);
#1901=EDGE_CURVE('',#1506,#1505,#939,.T.);
#1902=EDGE_CURVE('',#1504,#1506,#940,.T.);
#1903=EDGE_CURVE('',#1503,#1507,#178,.T.);
#1904=EDGE_CURVE('',#1508,#1506,#941,.T.);
#1905=EDGE_CURVE('',#1507,#1508,#179,.T.);
#1906=EDGE_CURVE('',#1508,#1505,#942,.T.);
#1907=EDGE_CURVE('',#1509,#1510,#943,.T.);
#1908=EDGE_CURVE('',#1509,#1511,#944,.T.);
#1909=EDGE_CURVE('',#1511,#1510,#945,.T.);
#1910=EDGE_CURVE('',#1512,#1509,#201,.T.);
#1911=EDGE_CURVE('',#1513,#1512,#946,.T.);
#1912=EDGE_CURVE('',#1511,#1513,#947,.T.);
#1913=EDGE_CURVE('',#1510,#1514,#180,.T.);
#1914=EDGE_CURVE('',#1515,#1513,#948,.T.);
#1915=EDGE_CURVE('',#1514,#1515,#181,.T.);
#1916=EDGE_CURVE('',#1515,#1512,#949,.T.);
#1917=EDGE_CURVE('',#1516,#1507,#202,.T.);
#1918=EDGE_CURVE('',#1516,#1517,#182,.T.);
#1919=EDGE_CURVE('',#1517,#1518,#950,.T.);
#1920=EDGE_CURVE('',#1518,#1519,#203,.T.);
#1921=EDGE_CURVE('',#1519,#1520,#951,.T.);
#1922=EDGE_CURVE('',#1520,#1516,#183,.T.);
#1923=EDGE_CURVE('',#1514,#1516,#204,.T.);
#1924=EDGE_CURVE('',#1521,#1514,#205,.T.);
#1925=EDGE_CURVE('',#1521,#1522,#952,.T.);
#1926=EDGE_CURVE('',#1522,#1522,#206,.T.);
#1927=EDGE_CURVE('',#1507,#1521,#207,.T.);
#1928=EDGE_CURVE('',#1519,#1523,#953,.T.);
#1929=EDGE_CURVE('',#1523,#1520,#954,.T.);
#1930=EDGE_CURVE('',#1524,#1518,#955,.T.);
#1931=EDGE_CURVE('',#1523,#1524,#956,.T.);
#1932=EDGE_CURVE('',#1517,#1524,#957,.T.);
#1933=EDGE_CURVE('',#1525,#1526,#208,.T.);
#1934=EDGE_CURVE('',#1526,#1525,#209,.T.);
#1935=EDGE_CURVE('',#1525,#1527,#958,.T.);
#1936=EDGE_CURVE('',#1528,#1527,#210,.T.);
#1937=EDGE_CURVE('',#1527,#1528,#211,.T.);
#1938=EDGE_CURVE('',#1529,#1530,#212,.T.);
#1939=EDGE_CURVE('',#1530,#1529,#213,.T.);
#1940=EDGE_CURVE('',#1530,#1526,#959,.T.);
#1941=EDGE_CURVE('',#1531,#1532,#214,.T.);
#1942=EDGE_CURVE('',#1532,#1531,#215,.T.);
#1943=EDGE_CURVE('',#1531,#1533,#960,.T.);
#1944=EDGE_CURVE('',#1534,#1533,#216,.T.);
#1945=EDGE_CURVE('',#1533,#1534,#217,.T.);
#1946=EDGE_CURVE('',#1535,#1536,#218,.T.);
#1947=EDGE_CURVE('',#1536,#1535,#219,.T.);
#1948=EDGE_CURVE('',#1536,#1532,#961,.T.);
#1949=EDGE_CURVE('',#1537,#1538,#220,.T.);
#1950=EDGE_CURVE('',#1538,#1537,#221,.T.);
#1951=EDGE_CURVE('',#1538,#1534,#962,.T.);
#1952=EDGE_CURVE('',#1539,#1540,#222,.T.);
#1953=EDGE_CURVE('',#1540,#1539,#223,.T.);
#1954=EDGE_CURVE('',#1540,#1528,#963,.T.);
#1955=EDGE_CURVE('',#1541,#1542,#224,.T.);
#1956=EDGE_CURVE('',#1543,#1541,#964,.T.);
#1957=EDGE_CURVE('',#1544,#1543,#225,.T.);
#1958=EDGE_CURVE('',#1542,#1544,#965,.T.);
#1959=EDGE_CURVE('',#1545,#1546,#226,.T.);
#1960=EDGE_CURVE('',#1547,#1545,#966,.T.);
#1961=EDGE_CURVE('',#1548,#1547,#227,.T.);
#1962=EDGE_CURVE('',#1546,#1548,#967,.T.);
#1963=EDGE_CURVE('',#1549,#1548,#228,.T.);
#1964=EDGE_CURVE('',#1550,#1549,#968,.T.);
#1965=EDGE_CURVE('',#1546,#1550,#229,.T.);
#1966=EDGE_CURVE('',#1551,#1552,#969,.T.);
#1967=EDGE_CURVE('',#1551,#1553,#970,.T.);
#1968=EDGE_CURVE('',#1553,#1554,#971,.T.);
#1969=EDGE_CURVE('',#1552,#1554,#972,.T.);
#1970=EDGE_CURVE('',#1554,#1555,#973,.T.);
#1971=EDGE_CURVE('',#1556,#1553,#974,.T.);
#1972=EDGE_CURVE('',#1555,#1556,#975,.T.);
#1973=EDGE_CURVE('',#1557,#1558,#976,.T.);
#1974=EDGE_CURVE('',#1557,#1559,#977,.T.);
#1975=EDGE_CURVE('',#1559,#1560,#978,.T.);
#1976=EDGE_CURVE('',#1558,#1560,#979,.T.);
#1977=EDGE_CURVE('',#1561,#1562,#980,.T.);
#1978=EDGE_CURVE('',#1560,#1561,#981,.T.);
#1979=EDGE_CURVE('',#1562,#1559,#982,.T.);
#1980=EDGE_CURVE('',#1563,#1564,#983,.T.);
#1981=EDGE_CURVE('',#1565,#1564,#984,.T.);
#1982=EDGE_CURVE('',#1565,#1566,#985,.T.);
#1983=EDGE_CURVE('',#1563,#1566,#986,.T.);
#1984=EDGE_CURVE('',#1558,#1551,#987,.T.);
#1985=EDGE_CURVE('',#1552,#1557,#988,.T.);
#1986=EDGE_CURVE('',#1567,#1562,#989,.T.);
#1987=EDGE_CURVE('',#1568,#1567,#990,.T.);
#1988=EDGE_CURVE('',#1568,#1561,#991,.T.);
#1989=EDGE_CURVE('',#1569,#1569,#230,.T.);
#1990=EDGE_CURVE('',#1569,#1570,#992,.T.);
#1991=EDGE_CURVE('',#1570,#1571,#231,.T.);
#1992=EDGE_CURVE('',#1571,#1570,#232,.T.);
#1993=EDGE_CURVE('',#1571,#1572,#993,.T.);
#1994=EDGE_CURVE('',#1572,#1572,#233,.T.);
#1995=EDGE_CURVE('',#1573,#1573,#234,.T.);
#1996=EDGE_CURVE('',#1572,#1574,#235,.T.);
#1997=EDGE_CURVE('',#1574,#1575,#236,.T.);
#1998=EDGE_CURVE('',#1576,#1575,#16,.T.);
#1999=EDGE_CURVE('',#1576,#1574,#237,.T.);
#2000=EDGE_CURVE('',#1577,#1575,#994,.T.);
#2001=EDGE_CURVE('',#1577,#1578,#995,.T.);
#2002=EDGE_CURVE('',#1579,#1578,#996,.T.);
#2003=EDGE_CURVE('',#1580,#1579,#997,.T.);
#2004=EDGE_CURVE('',#1576,#1580,#998,.T.);
#2005=EDGE_CURVE('',#1581,#1582,#238,.T.);
#2006=EDGE_CURVE('',#1581,#1583,#999,.T.);
#2007=EDGE_CURVE('',#1583,#1584,#239,.T.);
#2008=EDGE_CURVE('',#1584,#1582,#1000,.T.);
#2009=EDGE_CURVE('',#1585,#1584,#1001,.T.);
#2010=EDGE_CURVE('',#1586,#1585,#1002,.T.);
#2011=EDGE_CURVE('',#1586,#1582,#1003,.T.);
#2012=EDGE_CURVE('',#1587,#1588,#240,.T.);
#2013=EDGE_CURVE('',#1587,#1589,#1004,.T.);
#2014=EDGE_CURVE('',#1589,#1590,#241,.T.);
#2015=EDGE_CURVE('',#1590,#1588,#1005,.T.);
#2016=EDGE_CURVE('',#1581,#1588,#1006,.T.);
#2017=EDGE_CURVE('',#1583,#1590,#1007,.T.);
#2018=EDGE_CURVE('',#1591,#1592,#242,.T.);
#2019=EDGE_CURVE('',#1591,#1593,#1008,.T.);
#2020=EDGE_CURVE('',#1593,#1594,#243,.T.);
#2021=EDGE_CURVE('',#1594,#1592,#1009,.T.);
#2022=EDGE_CURVE('',#1587,#1592,#1010,.T.);
#2023=EDGE_CURVE('',#1589,#1594,#1011,.T.);
#2024=EDGE_CURVE('',#1586,#1595,#244,.T.);
#2025=EDGE_CURVE('',#1585,#1596,#245,.T.);
#2026=EDGE_CURVE('',#1596,#1595,#1012,.T.);
#2027=EDGE_CURVE('',#1591,#1595,#1013,.T.);
#2028=EDGE_CURVE('',#1593,#1596,#1014,.T.);
#2029=EDGE_CURVE('',#1597,#1598,#246,.T.);
#2030=EDGE_CURVE('',#1598,#1597,#247,.T.);
#2031=EDGE_CURVE('',#1598,#1599,#1015,.T.);
#2032=EDGE_CURVE('',#1600,#1599,#248,.T.);
#2033=EDGE_CURVE('',#1599,#1600,#249,.T.);
#2034=EDGE_CURVE('',#1601,#1602,#250,.T.);
#2035=EDGE_CURVE('',#1602,#1601,#251,.T.);
#2036=EDGE_CURVE('',#1602,#1603,#1016,.T.);
#2037=EDGE_CURVE('',#1604,#1603,#252,.T.);
#2038=EDGE_CURVE('',#1603,#1604,#253,.T.);
#2039=EDGE_CURVE('',#1605,#1606,#254,.T.);
#2040=EDGE_CURVE('',#1606,#1605,#255,.T.);
#2041=EDGE_CURVE('',#1606,#1607,#1017,.T.);
#2042=EDGE_CURVE('',#1608,#1607,#256,.T.);
#2043=EDGE_CURVE('',#1607,#1608,#257,.T.);
#2044=EDGE_CURVE('',#1609,#1610,#258,.T.);
#2045=EDGE_CURVE('',#1610,#1609,#259,.T.);
#2046=EDGE_CURVE('',#1610,#1611,#1018,.T.);
#2047=EDGE_CURVE('',#1612,#1611,#260,.T.);
#2048=EDGE_CURVE('',#1611,#1612,#261,.T.);
#2049=EDGE_CURVE('',#1613,#1613,#262,.T.);
#2050=EDGE_CURVE('',#1613,#1573,#1019,.T.);
#2051=EDGE_CURVE('',#1614,#1614,#263,.T.);
#2052=EDGE_CURVE('',#1615,#1616,#264,.T.);
#2053=EDGE_CURVE('',#1617,#1615,#1020,.T.);
#2054=EDGE_CURVE('',#1618,#1617,#265,.T.);
#2055=EDGE_CURVE('',#1616,#1618,#1021,.T.);
#2056=EDGE_CURVE('',#1619,#1620,#266,.T.);
#2057=EDGE_CURVE('',#1621,#1619,#1022,.T.);
#2058=EDGE_CURVE('',#1622,#1621,#267,.T.);
#2059=EDGE_CURVE('',#1620,#1622,#1023,.T.);
#2060=EDGE_CURVE('',#1623,#1624,#268,.T.);
#2061=EDGE_CURVE('',#1625,#1623,#1024,.T.);
#2062=EDGE_CURVE('',#1626,#1625,#269,.T.);
#2063=EDGE_CURVE('',#1624,#1626,#1025,.T.);
#2064=EDGE_CURVE('',#1627,#1628,#270,.T.);
#2065=EDGE_CURVE('',#1629,#1627,#1026,.T.);
#2066=EDGE_CURVE('',#1630,#1629,#271,.T.);
#2067=EDGE_CURVE('',#1628,#1630,#1027,.T.);
#2068=EDGE_CURVE('',#1631,#1545,#272,.T.);
#2069=EDGE_CURVE('',#1631,#1632,#1028,.T.);
#2070=EDGE_CURVE('',#1547,#1632,#273,.T.);
#2071=EDGE_CURVE('',#1633,#1619,#1029,.T.);
#2072=EDGE_CURVE('',#1633,#1634,#1030,.T.);
#2073=EDGE_CURVE('',#1621,#1634,#1031,.T.);
#2074=EDGE_CURVE('',#1635,#1622,#1032,.T.);
#2075=EDGE_CURVE('',#1636,#1635,#1033,.T.);
#2076=EDGE_CURVE('',#1620,#1636,#1034,.T.);
#2077=EDGE_CURVE('',#1637,#1541,#274,.T.);
#2078=EDGE_CURVE('',#1637,#1638,#1035,.T.);
#2079=EDGE_CURVE('',#1543,#1638,#275,.T.);
#2080=EDGE_CURVE('',#1639,#1544,#276,.T.);
#2081=EDGE_CURVE('',#1640,#1639,#1036,.T.);
#2082=EDGE_CURVE('',#1542,#1640,#277,.T.);
#2083=EDGE_CURVE('',#1641,#1623,#1037,.T.);
#2084=EDGE_CURVE('',#1641,#1642,#1038,.T.);
#2085=EDGE_CURVE('',#1625,#1642,#1039,.T.);
#2086=EDGE_CURVE('',#1624,#1615,#1040,.T.);
#2087=EDGE_CURVE('',#1617,#1626,#1041,.T.);
#2088=EDGE_CURVE('',#1616,#1580,#1042,.T.);
#2089=EDGE_CURVE('',#1577,#1618,#1043,.T.);
#2090=EDGE_CURVE('',#1643,#1627,#1044,.T.);
#2091=EDGE_CURVE('',#1643,#1644,#1045,.T.);
#2092=EDGE_CURVE('',#1629,#1644,#1046,.T.);
#2093=EDGE_CURVE('',#1645,#1630,#1047,.T.);
#2094=EDGE_CURVE('',#1645,#1646,#1048,.T.);
#2095=EDGE_CURVE('',#1628,#1646,#1049,.T.);
#2096=EDGE_CURVE('',#1647,#1648,#278,.T.);
#2097=EDGE_CURVE('',#1648,#1647,#279,.T.);
#2098=EDGE_CURVE('',#1648,#1649,#1050,.T.);
#2099=EDGE_CURVE('',#1650,#1649,#280,.T.);
#2100=EDGE_CURVE('',#1649,#1650,#281,.T.);
#2101=EDGE_CURVE('',#1651,#1652,#282,.T.);
#2102=EDGE_CURVE('',#1652,#1651,#283,.T.);
#2103=EDGE_CURVE('',#1652,#1653,#1051,.T.);
#2104=EDGE_CURVE('',#1654,#1653,#284,.T.);
#2105=EDGE_CURVE('',#1653,#1654,#285,.T.);
#2106=EDGE_CURVE('',#1655,#1656,#286,.T.);
#2107=EDGE_CURVE('',#1656,#1655,#287,.T.);
#2108=EDGE_CURVE('',#1656,#1657,#1052,.T.);
#2109=EDGE_CURVE('',#1658,#1657,#288,.T.);
#2110=EDGE_CURVE('',#1657,#1658,#289,.T.);
#2111=EDGE_CURVE('',#1659,#1660,#290,.T.);
#2112=EDGE_CURVE('',#1660,#1659,#291,.T.);
#2113=EDGE_CURVE('',#1660,#1661,#1053,.T.);
#2114=EDGE_CURVE('',#1662,#1661,#292,.T.);
#2115=EDGE_CURVE('',#1661,#1662,#293,.T.);
#2116=EDGE_CURVE('',#1663,#1568,#1054,.T.);
#2117=EDGE_CURVE('',#1663,#1556,#1055,.T.);
#2118=EDGE_CURVE('',#1664,#1663,#1056,.T.);
#2119=EDGE_CURVE('',#1664,#1555,#1057,.T.);
#2120=EDGE_CURVE('',#1567,#1664,#1058,.T.);
#2121=EDGE_CURVE('',#1665,#1666,#294,.T.);
#2122=EDGE_CURVE('',#1666,#1665,#295,.T.);
#2123=EDGE_CURVE('',#1666,#1614,#1059,.T.);
#2124=EDGE_CURVE('',#1667,#1668,#296,.T.);
#2125=EDGE_CURVE('',#1668,#1667,#297,.T.);
#2126=EDGE_CURVE('',#1668,#1669,#1060,.T.);
#2127=EDGE_CURVE('',#1670,#1669,#298,.T.);
#2128=EDGE_CURVE('',#1669,#1670,#299,.T.);
#2129=EDGE_CURVE('',#1671,#1672,#300,.T.);
#2130=EDGE_CURVE('',#1672,#1671,#301,.T.);
#2131=EDGE_CURVE('',#1672,#1673,#1061,.T.);
#2132=EDGE_CURVE('',#1674,#1673,#302,.T.);
#2133=EDGE_CURVE('',#1673,#1674,#303,.T.);
#2134=EDGE_CURVE('',#1675,#1676,#304,.T.);
#2135=EDGE_CURVE('',#1676,#1675,#305,.T.);
#2136=EDGE_CURVE('',#1676,#1677,#1062,.T.);
#2137=EDGE_CURVE('',#1678,#1677,#306,.T.);
#2138=EDGE_CURVE('',#1677,#1678,#307,.T.);
#2139=EDGE_CURVE('',#1640,#1565,#308,.T.);
#2140=EDGE_CURVE('',#1564,#1679,#1063,.T.);
#2141=EDGE_CURVE('',#1679,#1680,#309,.T.);
#2142=EDGE_CURVE('',#1680,#1641,#1064,.T.);
#2143=EDGE_CURVE('',#1579,#1681,#310,.T.);
#2144=EDGE_CURVE('',#1681,#1682,#1065,.T.);
#2145=EDGE_CURVE('',#1682,#1683,#1066,.T.);
#2146=EDGE_CURVE('',#1683,#1631,#311,.T.);
#2147=EDGE_CURVE('',#1550,#1643,#312,.F.);
#2148=EDGE_CURVE('',#1646,#1684,#1067,.T.);
#2149=EDGE_CURVE('',#1684,#1685,#313,.T.);
#2150=EDGE_CURVE('',#1685,#1686,#1068,.T.);
#2151=EDGE_CURVE('',#1686,#1687,#1069,.T.);
#2152=EDGE_CURVE('',#1687,#1688,#1070,.T.);
#2153=EDGE_CURVE('',#1688,#1689,#314,.T.);
#2154=EDGE_CURVE('',#1689,#1633,#1071,.T.);
#2155=EDGE_CURVE('',#1636,#1637,#315,.T.);
#2156=EDGE_CURVE('',#1690,#1691,#316,.T.);
#2157=EDGE_CURVE('',#1691,#1690,#317,.T.);
#2158=EDGE_CURVE('',#1692,#1693,#318,.T.);
#2159=EDGE_CURVE('',#1693,#1692,#319,.T.);
#2160=EDGE_CURVE('',#1694,#1695,#320,.T.);
#2161=EDGE_CURVE('',#1695,#1694,#321,.T.);
#2162=EDGE_CURVE('',#1696,#1697,#322,.T.);
#2163=EDGE_CURVE('',#1697,#1696,#323,.T.);
#2164=EDGE_CURVE('',#1698,#1699,#324,.T.);
#2165=EDGE_CURVE('',#1699,#1698,#325,.T.);
#2166=EDGE_CURVE('',#1698,#1700,#1072,.T.);
#2167=EDGE_CURVE('',#1700,#1700,#326,.T.);
#2168=EDGE_CURVE('',#1699,#1701,#1073,.T.);
#2169=EDGE_CURVE('',#1701,#1701,#327,.T.);
#2170=EDGE_CURVE('',#1702,#1703,#328,.T.);
#2171=EDGE_CURVE('',#1703,#1702,#329,.T.);
#2172=EDGE_CURVE('',#1702,#1704,#1074,.T.);
#2173=EDGE_CURVE('',#1704,#1704,#330,.T.);
#2174=EDGE_CURVE('',#1703,#1705,#1075,.T.);
#2175=EDGE_CURVE('',#1705,#1705,#331,.T.);
#2176=EDGE_CURVE('',#1706,#1707,#332,.T.);
#2177=EDGE_CURVE('',#1707,#1706,#333,.T.);
#2178=EDGE_CURVE('',#1706,#1708,#1076,.T.);
#2179=EDGE_CURVE('',#1708,#1708,#334,.T.);
#2180=EDGE_CURVE('',#1707,#1709,#1077,.T.);
#2181=EDGE_CURVE('',#1709,#1709,#335,.T.);
#2182=EDGE_CURVE('',#1710,#1711,#336,.T.);
#2183=EDGE_CURVE('',#1711,#1710,#337,.T.);
#2184=EDGE_CURVE('',#1710,#1712,#1078,.T.);
#2185=EDGE_CURVE('',#1712,#1712,#338,.T.);
#2186=EDGE_CURVE('',#1711,#1713,#1079,.T.);
#2187=EDGE_CURVE('',#1713,#1713,#339,.T.);
#2188=EDGE_CURVE('',#1700,#1714,#1080,.T.);
#2189=EDGE_CURVE('',#1714,#1714,#340,.T.);
#2190=EDGE_CURVE('',#1712,#1715,#1081,.T.);
#2191=EDGE_CURVE('',#1715,#1715,#341,.T.);
#2192=EDGE_CURVE('',#1704,#1716,#1082,.T.);
#2193=EDGE_CURVE('',#1716,#1716,#342,.T.);
#2194=EDGE_CURVE('',#1708,#1717,#1083,.T.);
#2195=EDGE_CURVE('',#1717,#1717,#343,.T.);
#2196=EDGE_CURVE('',#1718,#1719,#1084,.T.);
#2197=EDGE_CURVE('',#1688,#1719,#1085,.T.);
#2198=EDGE_CURVE('',#1718,#1687,#1086,.T.);
#2199=EDGE_CURVE('',#1719,#1720,#344,.T.);
#2200=EDGE_CURVE('',#1689,#1720,#1087,.T.);
#2201=EDGE_CURVE('',#1720,#1634,#1088,.T.);
#2202=EDGE_CURVE('',#1721,#1642,#1089,.T.);
#2203=EDGE_CURVE('',#1680,#1721,#1090,.T.);
#2204=EDGE_CURVE('',#1722,#1721,#345,.T.);
#2205=EDGE_CURVE('',#1679,#1722,#1091,.T.);
#2206=EDGE_CURVE('',#1563,#1722,#1092,.T.);
#2207=EDGE_CURVE('',#1723,#1724,#1093,.T.);
#2208=EDGE_CURVE('',#1686,#1724,#1094,.T.);
#2209=EDGE_CURVE('',#1685,#1723,#1095,.T.);
#2210=EDGE_CURVE('',#1645,#1725,#1096,.T.);
#2211=EDGE_CURVE('',#1684,#1725,#1097,.T.);
#2212=EDGE_CURVE('',#1725,#1723,#346,.T.);
#2213=EDGE_CURVE('',#1726,#1727,#1098,.T.);
#2214=EDGE_CURVE('',#1682,#1727,#1099,.T.);
#2215=EDGE_CURVE('',#1681,#1726,#1100,.T.);
#2216=EDGE_CURVE('',#1578,#1726,#347,.T.);
#2217=EDGE_CURVE('',#1728,#1728,#348,.T.);
#2218=EDGE_CURVE('',#1729,#1729,#349,.T.);
#2219=EDGE_CURVE('',#1730,#1730,#350,.T.);
#2220=EDGE_CURVE('',#1731,#1731,#351,.T.);
#2221=EDGE_CURVE('',#1732,#1732,#352,.T.);
#2222=EDGE_CURVE('',#1732,#1729,#1101,.T.);
#2223=EDGE_CURVE('',#1733,#1734,#353,.T.);
#2224=EDGE_CURVE('',#1734,#1733,#354,.T.);
#2225=EDGE_CURVE('',#1734,#1691,#1102,.T.);
#2226=EDGE_CURVE('',#1735,#1735,#355,.T.);
#2227=EDGE_CURVE('',#1735,#1728,#1103,.T.);
#2228=EDGE_CURVE('',#1736,#1737,#356,.T.);
#2229=EDGE_CURVE('',#1737,#1736,#357,.T.);
#2230=EDGE_CURVE('',#1737,#1693,#1104,.T.);
#2231=EDGE_CURVE('',#1738,#1738,#358,.T.);
#2232=EDGE_CURVE('',#1738,#1731,#1105,.T.);
#2233=EDGE_CURVE('',#1739,#1740,#359,.T.);
#2234=EDGE_CURVE('',#1740,#1739,#360,.T.);
#2235=EDGE_CURVE('',#1740,#1695,#1106,.T.);
#2236=EDGE_CURVE('',#1741,#1741,#361,.T.);
#2237=EDGE_CURVE('',#1741,#1730,#1107,.T.);
#2238=EDGE_CURVE('',#1742,#1743,#362,.T.);
#2239=EDGE_CURVE('',#1743,#1742,#363,.T.);
#2240=EDGE_CURVE('',#1743,#1697,#1108,.T.);
#2241=EDGE_CURVE('',#1744,#1745,#364,.T.);
#2242=EDGE_CURVE('',#1744,#1746,#1109,.T.);
#2243=EDGE_CURVE('',#1747,#1746,#365,.T.);
#2244=EDGE_CURVE('',#1745,#1747,#1110,.T.);
#2245=EDGE_CURVE('',#1745,#1748,#366,.T.);
#2246=EDGE_CURVE('',#1749,#1747,#367,.T.);
#2247=EDGE_CURVE('',#1748,#1749,#1111,.T.);
#2248=EDGE_CURVE('',#1748,#1750,#1112,.T.);
#2249=EDGE_CURVE('',#1751,#1749,#1113,.T.);
#2250=EDGE_CURVE('',#1750,#1751,#1114,.T.);
#2251=EDGE_CURVE('',#1750,#1752,#368,.T.);
#2252=EDGE_CURVE('',#1753,#1751,#369,.T.);
#2253=EDGE_CURVE('',#1752,#1753,#1115,.T.);
#2254=EDGE_CURVE('',#1752,#1754,#1116,.T.);
#2255=EDGE_CURVE('',#1755,#1753,#1117,.T.);
#2256=EDGE_CURVE('',#1754,#1755,#1118,.T.);
#2257=EDGE_CURVE('',#1754,#1756,#370,.T.);
#2258=EDGE_CURVE('',#1757,#1755,#371,.T.);
#2259=EDGE_CURVE('',#1756,#1757,#1119,.T.);
#2260=EDGE_CURVE('',#1756,#1758,#1120,.T.);
#2261=EDGE_CURVE('',#1759,#1757,#1121,.T.);
#2262=EDGE_CURVE('',#1758,#1759,#1122,.T.);
#2263=EDGE_CURVE('',#1758,#1760,#372,.T.);
#2264=EDGE_CURVE('',#1761,#1759,#373,.T.);
#2265=EDGE_CURVE('',#1760,#1761,#1123,.T.);
#2266=EDGE_CURVE('',#1760,#1762,#374,.T.);
#2267=EDGE_CURVE('',#1763,#1761,#375,.T.);
#2268=EDGE_CURVE('',#1762,#1763,#1124,.T.);
#2269=EDGE_CURVE('',#1762,#1764,#376,.T.);
#2270=EDGE_CURVE('',#1765,#1763,#377,.T.);
#2271=EDGE_CURVE('',#1764,#1765,#1125,.T.);
#2272=EDGE_CURVE('',#1764,#1766,#1126,.T.);
#2273=EDGE_CURVE('',#1767,#1765,#1127,.T.);
#2274=EDGE_CURVE('',#1766,#1767,#1128,.T.);
#2275=EDGE_CURVE('',#1766,#1768,#378,.T.);
#2276=EDGE_CURVE('',#1769,#1767,#379,.T.);
#2277=EDGE_CURVE('',#1768,#1769,#1129,.T.);
#2278=EDGE_CURVE('',#1768,#1770,#1130,.T.);
#2279=EDGE_CURVE('',#1771,#1769,#1131,.T.);
#2280=EDGE_CURVE('',#1770,#1771,#1132,.T.);
#2281=EDGE_CURVE('',#1770,#1772,#380,.T.);
#2282=EDGE_CURVE('',#1773,#1771,#381,.T.);
#2283=EDGE_CURVE('',#1772,#1773,#1133,.T.);
#2284=EDGE_CURVE('',#1772,#1774,#1134,.T.);
#2285=EDGE_CURVE('',#1775,#1773,#1135,.T.);
#2286=EDGE_CURVE('',#1774,#1775,#1136,.T.);
#2287=EDGE_CURVE('',#1774,#1744,#382,.T.);
#2288=EDGE_CURVE('',#1746,#1775,#383,.T.);
#2289=EDGE_CURVE('',#1632,#1776,#384,.T.);
#2290=EDGE_CURVE('',#1776,#1727,#1137,.T.);
#2291=EDGE_CURVE('',#1566,#1639,#385,.T.);
#2292=EDGE_CURVE('',#1638,#1635,#386,.T.);
#2293=EDGE_CURVE('',#1718,#1724,#1138,.T.);
#2294=EDGE_CURVE('',#1644,#1549,#387,.T.);
#2295=EDGE_CURVE('',#1777,#1778,#388,.T.);
#2296=EDGE_CURVE('',#1778,#1779,#389,.T.);
#2297=EDGE_CURVE('',#1779,#1780,#390,.T.);
#2298=EDGE_CURVE('',#1780,#1777,#391,.T.);
#2299=EDGE_CURVE('',#1781,#1782,#392,.T.);
#2300=EDGE_CURVE('',#1782,#1780,#1139,.T.);
#2301=EDGE_CURVE('',#1779,#1781,#1140,.T.);
#2302=EDGE_CURVE('',#1783,#1784,#393,.T.);
#2303=EDGE_CURVE('',#1784,#1782,#394,.T.);
#2304=EDGE_CURVE('',#1781,#1783,#395,.T.);
#2305=EDGE_CURVE('',#1785,#1786,#396,.T.);
#2306=EDGE_CURVE('',#1786,#1784,#1141,.T.);
#2307=EDGE_CURVE('',#1783,#1785,#1142,.T.);
#2308=EDGE_CURVE('',#1787,#1788,#397,.T.);
#2309=EDGE_CURVE('',#1788,#1786,#398,.T.);
#2310=EDGE_CURVE('',#1785,#1787,#399,.T.);
#2311=EDGE_CURVE('',#1789,#1790,#400,.T.);
#2312=EDGE_CURVE('',#1790,#1788,#401,.T.);
#2313=EDGE_CURVE('',#1787,#1789,#402,.T.);
#2314=EDGE_CURVE('',#1791,#1792,#403,.T.);
#2315=EDGE_CURVE('',#1792,#1790,#404,.T.);
#2316=EDGE_CURVE('',#1789,#1791,#405,.T.);
#2317=EDGE_CURVE('',#1793,#1794,#406,.T.);
#2318=EDGE_CURVE('',#1794,#1792,#1143,.T.);
#2319=EDGE_CURVE('',#1791,#1793,#1144,.T.);
#2320=EDGE_CURVE('',#1795,#1796,#407,.T.);
#2321=EDGE_CURVE('',#1796,#1794,#408,.T.);
#2322=EDGE_CURVE('',#1793,#1795,#409,.T.);
#2323=EDGE_CURVE('',#1797,#1798,#410,.T.);
#2324=EDGE_CURVE('',#1798,#1796,#1145,.T.);
#2325=EDGE_CURVE('',#1795,#1797,#1146,.T.);
#2326=EDGE_CURVE('',#1799,#1800,#411,.T.);
#2327=EDGE_CURVE('',#1800,#1798,#412,.T.);
#2328=EDGE_CURVE('',#1797,#1799,#413,.T.);
#2329=EDGE_CURVE('',#1801,#1802,#414,.T.);
#2330=EDGE_CURVE('',#1802,#1800,#1147,.T.);
#2331=EDGE_CURVE('',#1799,#1801,#1148,.T.);
#2332=EDGE_CURVE('',#1803,#1804,#415,.T.);
#2333=EDGE_CURVE('',#1804,#1802,#416,.T.);
#2334=EDGE_CURVE('',#1801,#1803,#417,.T.);
#2335=EDGE_CURVE('',#1805,#1806,#418,.T.);
#2336=EDGE_CURVE('',#1806,#1804,#419,.T.);
#2337=EDGE_CURVE('',#1803,#1805,#420,.T.);
#2338=EDGE_CURVE('',#1807,#1808,#421,.T.);
#2339=EDGE_CURVE('',#1808,#1806,#422,.T.);
#2340=EDGE_CURVE('',#1805,#1807,#423,.T.);
#2341=EDGE_CURVE('',#1777,#1808,#1149,.T.);
#2342=EDGE_CURVE('',#1807,#1778,#1150,.T.);
#2343=EDGE_CURVE('',#1809,#1798,#1151,.T.);
#2344=EDGE_CURVE('',#1810,#1809,#1152,.T.);
#2345=EDGE_CURVE('',#1796,#1810,#1153,.T.);
#2346=EDGE_CURVE('',#1800,#1811,#1154,.T.);
#2347=EDGE_CURVE('',#1811,#1809,#424,.T.);
#2348=EDGE_CURVE('',#1812,#1802,#1155,.T.);
#2349=EDGE_CURVE('',#1811,#1812,#1156,.T.);
#2350=EDGE_CURVE('',#1804,#1813,#1157,.T.);
#2351=EDGE_CURVE('',#1813,#1812,#425,.T.);
#2352=EDGE_CURVE('',#1814,#1806,#1158,.T.);
#2353=EDGE_CURVE('',#1813,#1814,#426,.T.);
#2354=EDGE_CURVE('',#1808,#1815,#1159,.T.);
#2355=EDGE_CURVE('',#1815,#1814,#427,.T.);
#2356=EDGE_CURVE('',#1816,#1777,#1160,.T.);
#2357=EDGE_CURVE('',#1815,#1816,#1161,.T.);
#2358=EDGE_CURVE('',#1780,#1817,#1162,.T.);
#2359=EDGE_CURVE('',#1817,#1816,#428,.T.);
#2360=EDGE_CURVE('',#1683,#1776,#1163,.T.);
#2361=EDGE_CURVE('',#1792,#1818,#1164,.T.);
#2362=EDGE_CURVE('',#1818,#1819,#429,.T.);
#2363=EDGE_CURVE('',#1819,#1790,#1165,.T.);
#2364=EDGE_CURVE('',#1820,#1819,#430,.T.);
#2365=EDGE_CURVE('',#1788,#1820,#1166,.T.);
#2366=EDGE_CURVE('',#1820,#1821,#431,.T.);
#2367=EDGE_CURVE('',#1821,#1786,#1167,.T.);
#2368=EDGE_CURVE('',#1822,#1782,#1168,.T.);
#2369=EDGE_CURVE('',#1817,#1822,#1169,.T.);
#2370=EDGE_CURVE('',#1810,#1823,#432,.T.);
#2371=EDGE_CURVE('',#1823,#1794,#1170,.T.);
#2372=EDGE_CURVE('',#1784,#1824,#1171,.T.);
#2373=EDGE_CURVE('',#1824,#1822,#433,.T.);
#2374=EDGE_CURVE('',#1824,#1821,#1172,.T.);
#2375=EDGE_CURVE('',#1818,#1823,#1173,.T.);
#2376=ORIENTED_EDGE('',*,*,#1825,.F.);
#2377=ORIENTED_EDGE('',*,*,#1826,.F.);
#2378=ORIENTED_EDGE('',*,*,#1827,.F.);
#2379=ORIENTED_EDGE('',*,*,#1828,.F.);
#2380=ORIENTED_EDGE('',*,*,#1829,.F.);
#2381=ORIENTED_EDGE('',*,*,#1830,.F.);
#2382=ORIENTED_EDGE('',*,*,#1831,.F.);
#2383=ORIENTED_EDGE('',*,*,#1830,.T.);
#2384=ORIENTED_EDGE('',*,*,#1832,.T.);
#2385=ORIENTED_EDGE('',*,*,#1826,.T.);
#2386=ORIENTED_EDGE('',*,*,#1833,.F.);
#2387=ORIENTED_EDGE('',*,*,#1827,.T.);
#2388=ORIENTED_EDGE('',*,*,#1832,.F.);
#2389=ORIENTED_EDGE('',*,*,#1829,.T.);
#2390=ORIENTED_EDGE('',*,*,#1834,.F.);
#2391=ORIENTED_EDGE('',*,*,#1835,.F.);
#2392=ORIENTED_EDGE('',*,*,#1836,.F.);
#2393=ORIENTED_EDGE('',*,*,#1837,.F.);
#2394=ORIENTED_EDGE('',*,*,#1838,.F.);
#2395=ORIENTED_EDGE('',*,*,#1839,.F.);
#2396=ORIENTED_EDGE('',*,*,#1840,.F.);
#2397=ORIENTED_EDGE('',*,*,#1841,.F.);
#2398=ORIENTED_EDGE('',*,*,#1840,.T.);
#2399=ORIENTED_EDGE('',*,*,#1842,.T.);
#2400=ORIENTED_EDGE('',*,*,#1836,.T.);
#2401=ORIENTED_EDGE('',*,*,#1843,.F.);
#2402=ORIENTED_EDGE('',*,*,#1837,.T.);
#2403=ORIENTED_EDGE('',*,*,#1842,.F.);
#2404=ORIENTED_EDGE('',*,*,#1839,.T.);
#2405=ORIENTED_EDGE('',*,*,#1844,.F.);
#2406=ORIENTED_EDGE('',*,*,#1845,.F.);
#2407=ORIENTED_EDGE('',*,*,#1846,.T.);
#2408=ORIENTED_EDGE('',*,*,#1847,.T.);
#2409=ORIENTED_EDGE('',*,*,#1848,.T.);
#2410=ORIENTED_EDGE('',*,*,#1849,.T.);
#2411=ORIENTED_EDGE('',*,*,#1850,.T.);
#2412=ORIENTED_EDGE('',*,*,#1851,.F.);
#2413=ORIENTED_EDGE('',*,*,#1834,.T.);
#2414=ORIENTED_EDGE('',*,*,#1828,.T.);
#2415=ORIENTED_EDGE('',*,*,#1831,.T.);
#2416=ORIENTED_EDGE('',*,*,#1825,.T.);
#2417=ORIENTED_EDGE('',*,*,#1833,.T.);
#2418=ORIENTED_EDGE('',*,*,#1852,.F.);
#2419=ORIENTED_EDGE('',*,*,#1853,.T.);
#2420=ORIENTED_EDGE('',*,*,#1854,.T.);
#2421=ORIENTED_EDGE('',*,*,#1853,.F.);
#2422=ORIENTED_EDGE('',*,*,#1855,.F.);
#2423=ORIENTED_EDGE('',*,*,#1844,.T.);
#2424=ORIENTED_EDGE('',*,*,#1838,.T.);
#2425=ORIENTED_EDGE('',*,*,#1841,.T.);
#2426=ORIENTED_EDGE('',*,*,#1835,.T.);
#2427=ORIENTED_EDGE('',*,*,#1843,.T.);
#2428=ORIENTED_EDGE('',*,*,#1849,.F.);
#2429=ORIENTED_EDGE('',*,*,#1856,.F.);
#2430=ORIENTED_EDGE('',*,*,#1857,.F.);
#2431=ORIENTED_EDGE('',*,*,#1847,.F.);
#2432=ORIENTED_EDGE('',*,*,#1858,.F.);
#2433=ORIENTED_EDGE('',*,*,#1859,.F.);
#2434=ORIENTED_EDGE('',*,*,#1848,.F.);
#2435=ORIENTED_EDGE('',*,*,#1859,.T.);
#2436=ORIENTED_EDGE('',*,*,#1860,.T.);
#2437=ORIENTED_EDGE('',*,*,#1856,.T.);
#2438=ORIENTED_EDGE('',*,*,#1850,.F.);
#2439=ORIENTED_EDGE('',*,*,#1857,.T.);
#2440=ORIENTED_EDGE('',*,*,#1860,.F.);
#2441=ORIENTED_EDGE('',*,*,#1858,.T.);
#2442=ORIENTED_EDGE('',*,*,#1846,.F.);
#2443=ORIENTED_EDGE('',*,*,#1861,.F.);
#2444=ORIENTED_EDGE('',*,*,#1862,.F.);
#2445=ORIENTED_EDGE('',*,*,#1863,.F.);
#2446=ORIENTED_EDGE('',*,*,#1864,.F.);
#2447=ORIENTED_EDGE('',*,*,#1865,.F.);
#2448=ORIENTED_EDGE('',*,*,#1866,.T.);
#2449=ORIENTED_EDGE('',*,*,#1862,.T.);
#2450=ORIENTED_EDGE('',*,*,#1867,.F.);
#2451=ORIENTED_EDGE('',*,*,#1868,.F.);
#2452=ORIENTED_EDGE('',*,*,#1863,.T.);
#2453=ORIENTED_EDGE('',*,*,#1866,.F.);
#2454=ORIENTED_EDGE('',*,*,#1869,.F.);
#2455=ORIENTED_EDGE('',*,*,#1870,.F.);
#2456=ORIENTED_EDGE('',*,*,#1864,.T.);
#2457=ORIENTED_EDGE('',*,*,#1868,.T.);
#2458=ORIENTED_EDGE('',*,*,#1871,.F.);
#2459=ORIENTED_EDGE('',*,*,#1872,.F.);
#2460=ORIENTED_EDGE('',*,*,#1873,.F.);
#2461=ORIENTED_EDGE('',*,*,#1874,.F.);
#2462=ORIENTED_EDGE('',*,*,#1875,.F.);
#2463=ORIENTED_EDGE('',*,*,#1876,.T.);
#2464=ORIENTED_EDGE('',*,*,#1872,.T.);
#2465=ORIENTED_EDGE('',*,*,#1877,.F.);
#2466=ORIENTED_EDGE('',*,*,#1878,.F.);
#2467=ORIENTED_EDGE('',*,*,#1873,.T.);
#2468=ORIENTED_EDGE('',*,*,#1876,.F.);
#2469=ORIENTED_EDGE('',*,*,#1879,.F.);
#2470=ORIENTED_EDGE('',*,*,#1880,.F.);
#2471=ORIENTED_EDGE('',*,*,#1874,.T.);
#2472=ORIENTED_EDGE('',*,*,#1878,.T.);
#2473=ORIENTED_EDGE('',*,*,#1881,.F.);
#2474=ORIENTED_EDGE('',*,*,#1882,.T.);
#2475=ORIENTED_EDGE('',*,*,#1883,.T.);
#2476=ORIENTED_EDGE('',*,*,#1884,.T.);
#2477=ORIENTED_EDGE('',*,*,#1885,.T.);
#2478=ORIENTED_EDGE('',*,*,#1886,.T.);
#2479=ORIENTED_EDGE('',*,*,#1887,.F.);
#2480=ORIENTED_EDGE('',*,*,#1879,.T.);
#2481=ORIENTED_EDGE('',*,*,#1875,.T.);
#2482=ORIENTED_EDGE('',*,*,#1871,.T.);
#2483=ORIENTED_EDGE('',*,*,#1880,.T.);
#2484=ORIENTED_EDGE('',*,*,#1877,.T.);
#2485=ORIENTED_EDGE('',*,*,#1888,.F.);
#2486=ORIENTED_EDGE('',*,*,#1889,.T.);
#2487=ORIENTED_EDGE('',*,*,#1890,.T.);
#2488=ORIENTED_EDGE('',*,*,#1889,.F.);
#2489=ORIENTED_EDGE('',*,*,#1891,.F.);
#2490=ORIENTED_EDGE('',*,*,#1869,.T.);
#2491=ORIENTED_EDGE('',*,*,#1865,.T.);
#2492=ORIENTED_EDGE('',*,*,#1861,.T.);
#2493=ORIENTED_EDGE('',*,*,#1870,.T.);
#2494=ORIENTED_EDGE('',*,*,#1867,.T.);
#2495=ORIENTED_EDGE('',*,*,#1884,.F.);
#2496=ORIENTED_EDGE('',*,*,#1892,.F.);
#2497=ORIENTED_EDGE('',*,*,#1893,.F.);
#2498=ORIENTED_EDGE('',*,*,#1894,.F.);
#2499=ORIENTED_EDGE('',*,*,#1883,.F.);
#2500=ORIENTED_EDGE('',*,*,#1895,.T.);
#2501=ORIENTED_EDGE('',*,*,#1892,.T.);
#2502=ORIENTED_EDGE('',*,*,#1886,.F.);
#2503=ORIENTED_EDGE('',*,*,#1896,.F.);
#2504=ORIENTED_EDGE('',*,*,#1893,.T.);
#2505=ORIENTED_EDGE('',*,*,#1895,.F.);
#2506=ORIENTED_EDGE('',*,*,#1882,.F.);
#2507=ORIENTED_EDGE('',*,*,#1885,.F.);
#2508=ORIENTED_EDGE('',*,*,#1894,.T.);
#2509=ORIENTED_EDGE('',*,*,#1896,.T.);
#2510=ORIENTED_EDGE('',*,*,#1897,.F.);
#2511=ORIENTED_EDGE('',*,*,#1898,.T.);
#2512=ORIENTED_EDGE('',*,*,#1899,.T.);
#2513=ORIENTED_EDGE('',*,*,#1900,.F.);
#2514=ORIENTED_EDGE('',*,*,#1901,.F.);
#2515=ORIENTED_EDGE('',*,*,#1902,.F.);
#2516=ORIENTED_EDGE('',*,*,#1898,.F.);
#2517=ORIENTED_EDGE('',*,*,#1903,.F.);
#2518=ORIENTED_EDGE('',*,*,#1899,.F.);
#2519=ORIENTED_EDGE('',*,*,#1902,.T.);
#2520=ORIENTED_EDGE('',*,*,#1904,.F.);
#2521=ORIENTED_EDGE('',*,*,#1905,.F.);
#2522=ORIENTED_EDGE('',*,*,#1906,.F.);
#2523=ORIENTED_EDGE('',*,*,#1904,.T.);
#2524=ORIENTED_EDGE('',*,*,#1901,.T.);
#2525=ORIENTED_EDGE('',*,*,#1907,.F.);
#2526=ORIENTED_EDGE('',*,*,#1908,.T.);
#2527=ORIENTED_EDGE('',*,*,#1909,.T.);
#2528=ORIENTED_EDGE('',*,*,#1910,.F.);
#2529=ORIENTED_EDGE('',*,*,#1911,.F.);
#2530=ORIENTED_EDGE('',*,*,#1912,.F.);
#2531=ORIENTED_EDGE('',*,*,#1908,.F.);
#2532=ORIENTED_EDGE('',*,*,#1913,.F.);
#2533=ORIENTED_EDGE('',*,*,#1909,.F.);
#2534=ORIENTED_EDGE('',*,*,#1912,.T.);
#2535=ORIENTED_EDGE('',*,*,#1914,.F.);
#2536=ORIENTED_EDGE('',*,*,#1915,.F.);
#2537=ORIENTED_EDGE('',*,*,#1916,.F.);
#2538=ORIENTED_EDGE('',*,*,#1914,.T.);
#2539=ORIENTED_EDGE('',*,*,#1911,.T.);
#2540=ORIENTED_EDGE('',*,*,#1917,.F.);
#2541=ORIENTED_EDGE('',*,*,#1918,.T.);
#2542=ORIENTED_EDGE('',*,*,#1919,.T.);
#2543=ORIENTED_EDGE('',*,*,#1920,.T.);
#2544=ORIENTED_EDGE('',*,*,#1921,.T.);
#2545=ORIENTED_EDGE('',*,*,#1922,.T.);
#2546=ORIENTED_EDGE('',*,*,#1923,.F.);
#2547=ORIENTED_EDGE('',*,*,#1915,.T.);
#2548=ORIENTED_EDGE('',*,*,#1916,.T.);
#2549=ORIENTED_EDGE('',*,*,#1910,.T.);
#2550=ORIENTED_EDGE('',*,*,#1907,.T.);
#2551=ORIENTED_EDGE('',*,*,#1913,.T.);
#2552=ORIENTED_EDGE('',*,*,#1924,.F.);
#2553=ORIENTED_EDGE('',*,*,#1925,.T.);
#2554=ORIENTED_EDGE('',*,*,#1926,.T.);
#2555=ORIENTED_EDGE('',*,*,#1925,.F.);
#2556=ORIENTED_EDGE('',*,*,#1927,.F.);
#2557=ORIENTED_EDGE('',*,*,#1905,.T.);
#2558=ORIENTED_EDGE('',*,*,#1906,.T.);
#2559=ORIENTED_EDGE('',*,*,#1900,.T.);
#2560=ORIENTED_EDGE('',*,*,#1897,.T.);
#2561=ORIENTED_EDGE('',*,*,#1903,.T.);
#2562=ORIENTED_EDGE('',*,*,#1921,.F.);
#2563=ORIENTED_EDGE('',*,*,#1928,.T.);
#2564=ORIENTED_EDGE('',*,*,#1929,.T.);
#2565=ORIENTED_EDGE('',*,*,#1920,.F.);
#2566=ORIENTED_EDGE('',*,*,#1930,.F.);
#2567=ORIENTED_EDGE('',*,*,#1931,.F.);
#2568=ORIENTED_EDGE('',*,*,#1928,.F.);
#2569=ORIENTED_EDGE('',*,*,#1922,.F.);
#2570=ORIENTED_EDGE('',*,*,#1929,.F.);
#2571=ORIENTED_EDGE('',*,*,#1931,.T.);
#2572=ORIENTED_EDGE('',*,*,#1932,.F.);
#2573=ORIENTED_EDGE('',*,*,#1918,.F.);
#2574=ORIENTED_EDGE('',*,*,#1919,.F.);
#2575=ORIENTED_EDGE('',*,*,#1932,.T.);
#2576=ORIENTED_EDGE('',*,*,#1930,.T.);
#2577=ORIENTED_EDGE('',*,*,#1933,.T.);
#2578=ORIENTED_EDGE('',*,*,#1934,.T.);
#2579=ORIENTED_EDGE('',*,*,#1935,.T.);
#2580=ORIENTED_EDGE('',*,*,#1936,.F.);
#2581=ORIENTED_EDGE('',*,*,#1937,.F.);
#2582=ORIENTED_EDGE('',*,*,#1935,.F.);
#2583=ORIENTED_EDGE('',*,*,#1938,.F.);
#2584=ORIENTED_EDGE('',*,*,#1939,.F.);
#2585=ORIENTED_EDGE('',*,*,#1940,.T.);
#2586=ORIENTED_EDGE('',*,*,#1933,.F.);
#2587=ORIENTED_EDGE('',*,*,#1934,.F.);
#2588=ORIENTED_EDGE('',*,*,#1940,.F.);
#2589=ORIENTED_EDGE('',*,*,#1941,.T.);
#2590=ORIENTED_EDGE('',*,*,#1942,.T.);
#2591=ORIENTED_EDGE('',*,*,#1943,.T.);
#2592=ORIENTED_EDGE('',*,*,#1944,.F.);
#2593=ORIENTED_EDGE('',*,*,#1945,.F.);
#2594=ORIENTED_EDGE('',*,*,#1943,.F.);
#2595=ORIENTED_EDGE('',*,*,#1946,.F.);
#2596=ORIENTED_EDGE('',*,*,#1947,.F.);
#2597=ORIENTED_EDGE('',*,*,#1948,.T.);
#2598=ORIENTED_EDGE('',*,*,#1941,.F.);
#2599=ORIENTED_EDGE('',*,*,#1942,.F.);
#2600=ORIENTED_EDGE('',*,*,#1948,.F.);
#2601=ORIENTED_EDGE('',*,*,#1949,.F.);
#2602=ORIENTED_EDGE('',*,*,#1950,.F.);
#2603=ORIENTED_EDGE('',*,*,#1951,.T.);
#2604=ORIENTED_EDGE('',*,*,#1944,.T.);
#2605=ORIENTED_EDGE('',*,*,#1945,.T.);
#2606=ORIENTED_EDGE('',*,*,#1951,.F.);
#2607=ORIENTED_EDGE('',*,*,#1952,.F.);
#2608=ORIENTED_EDGE('',*,*,#1953,.F.);
#2609=ORIENTED_EDGE('',*,*,#1954,.T.);
#2610=ORIENTED_EDGE('',*,*,#1936,.T.);
#2611=ORIENTED_EDGE('',*,*,#1937,.T.);
#2612=ORIENTED_EDGE('',*,*,#1954,.F.);
#2613=ORIENTED_EDGE('',*,*,#1955,.F.);
#2614=ORIENTED_EDGE('',*,*,#1956,.F.);
#2615=ORIENTED_EDGE('',*,*,#1957,.F.);
#2616=ORIENTED_EDGE('',*,*,#1958,.F.);
#2617=ORIENTED_EDGE('',*,*,#1959,.F.);
#2618=ORIENTED_EDGE('',*,*,#1960,.F.);
#2619=ORIENTED_EDGE('',*,*,#1961,.F.);
#2620=ORIENTED_EDGE('',*,*,#1962,.F.);
#2621=ORIENTED_EDGE('',*,*,#1962,.T.);
#2622=ORIENTED_EDGE('',*,*,#1963,.F.);
#2623=ORIENTED_EDGE('',*,*,#1964,.F.);
#2624=ORIENTED_EDGE('',*,*,#1965,.F.);
#2625=ORIENTED_EDGE('',*,*,#1966,.F.);
#2626=ORIENTED_EDGE('',*,*,#1967,.T.);
#2627=ORIENTED_EDGE('',*,*,#1968,.T.);
#2628=ORIENTED_EDGE('',*,*,#1969,.F.);
#2629=ORIENTED_EDGE('',*,*,#1970,.F.);
#2630=ORIENTED_EDGE('',*,*,#1968,.F.);
#2631=ORIENTED_EDGE('',*,*,#1971,.F.);
#2632=ORIENTED_EDGE('',*,*,#1972,.F.);
#2633=ORIENTED_EDGE('',*,*,#1973,.F.);
#2634=ORIENTED_EDGE('',*,*,#1974,.T.);
#2635=ORIENTED_EDGE('',*,*,#1975,.T.);
#2636=ORIENTED_EDGE('',*,*,#1976,.F.);
#2637=ORIENTED_EDGE('',*,*,#1977,.F.);
#2638=ORIENTED_EDGE('',*,*,#1978,.F.);
#2639=ORIENTED_EDGE('',*,*,#1975,.F.);
#2640=ORIENTED_EDGE('',*,*,#1979,.F.);
#2641=ORIENTED_EDGE('',*,*,#1980,.T.);
#2642=ORIENTED_EDGE('',*,*,#1981,.F.);
#2643=ORIENTED_EDGE('',*,*,#1982,.T.);
#2644=ORIENTED_EDGE('',*,*,#1983,.F.);
#2645=ORIENTED_EDGE('',*,*,#1984,.T.);
#2646=ORIENTED_EDGE('',*,*,#1966,.T.);
#2647=ORIENTED_EDGE('',*,*,#1985,.T.);
#2648=ORIENTED_EDGE('',*,*,#1973,.T.);
#2649=ORIENTED_EDGE('',*,*,#1977,.T.);
#2650=ORIENTED_EDGE('',*,*,#1986,.F.);
#2651=ORIENTED_EDGE('',*,*,#1987,.F.);
#2652=ORIENTED_EDGE('',*,*,#1988,.T.);
#2653=ORIENTED_EDGE('',*,*,#1989,.T.);
#2654=ORIENTED_EDGE('',*,*,#1990,.T.);
#2655=ORIENTED_EDGE('',*,*,#1991,.T.);
#2656=ORIENTED_EDGE('',*,*,#1992,.T.);
#2657=ORIENTED_EDGE('',*,*,#1990,.F.);
#2658=ORIENTED_EDGE('',*,*,#1991,.F.);
#2659=ORIENTED_EDGE('',*,*,#1992,.F.);
#2660=ORIENTED_EDGE('',*,*,#1993,.T.);
#2661=ORIENTED_EDGE('',*,*,#1994,.F.);
#2662=ORIENTED_EDGE('',*,*,#1993,.F.);
#2663=ORIENTED_EDGE('',*,*,#1989,.F.);
#2664=ORIENTED_EDGE('',*,*,#1995,.T.);
#2665=ORIENTED_EDGE('',*,*,#1994,.T.);
#2666=ORIENTED_EDGE('',*,*,#1996,.T.);
#2667=ORIENTED_EDGE('',*,*,#1997,.T.);
#2668=ORIENTED_EDGE('',*,*,#1998,.F.);
#2669=ORIENTED_EDGE('',*,*,#1999,.T.);
#2670=ORIENTED_EDGE('',*,*,#1996,.F.);
#2671=ORIENTED_EDGE('',*,*,#1998,.T.);
#2672=ORIENTED_EDGE('',*,*,#2000,.F.);
#2673=ORIENTED_EDGE('',*,*,#2001,.T.);
#2674=ORIENTED_EDGE('',*,*,#2002,.F.);
#2675=ORIENTED_EDGE('',*,*,#2003,.F.);
#2676=ORIENTED_EDGE('',*,*,#2004,.F.);
#2677=ORIENTED_EDGE('',*,*,#2005,.F.);
#2678=ORIENTED_EDGE('',*,*,#2006,.T.);
#2679=ORIENTED_EDGE('',*,*,#2007,.T.);
#2680=ORIENTED_EDGE('',*,*,#2008,.T.);
#2681=ORIENTED_EDGE('',*,*,#2008,.F.);
#2682=ORIENTED_EDGE('',*,*,#2009,.F.);
#2683=ORIENTED_EDGE('',*,*,#2010,.F.);
#2684=ORIENTED_EDGE('',*,*,#2011,.T.);
#2685=ORIENTED_EDGE('',*,*,#2012,.F.);
#2686=ORIENTED_EDGE('',*,*,#2013,.T.);
#2687=ORIENTED_EDGE('',*,*,#2014,.T.);
#2688=ORIENTED_EDGE('',*,*,#2015,.T.);
#2689=ORIENTED_EDGE('',*,*,#2006,.F.);
#2690=ORIENTED_EDGE('',*,*,#2016,.T.);
#2691=ORIENTED_EDGE('',*,*,#2015,.F.);
#2692=ORIENTED_EDGE('',*,*,#2017,.F.);
#2693=ORIENTED_EDGE('',*,*,#2018,.F.);
#2694=ORIENTED_EDGE('',*,*,#2019,.T.);
#2695=ORIENTED_EDGE('',*,*,#2020,.T.);
#2696=ORIENTED_EDGE('',*,*,#2021,.T.);
#2697=ORIENTED_EDGE('',*,*,#2013,.F.);
#2698=ORIENTED_EDGE('',*,*,#2022,.T.);
#2699=ORIENTED_EDGE('',*,*,#2021,.F.);
#2700=ORIENTED_EDGE('',*,*,#2023,.F.);
#2701=ORIENTED_EDGE('',*,*,#2024,.F.);
#2702=ORIENTED_EDGE('',*,*,#2010,.T.);
#2703=ORIENTED_EDGE('',*,*,#2025,.T.);
#2704=ORIENTED_EDGE('',*,*,#2026,.T.);
#2705=ORIENTED_EDGE('',*,*,#2019,.F.);
#2706=ORIENTED_EDGE('',*,*,#2027,.T.);
#2707=ORIENTED_EDGE('',*,*,#2026,.F.);
#2708=ORIENTED_EDGE('',*,*,#2028,.F.);
#2709=ORIENTED_EDGE('',*,*,#2005,.T.);
#2710=ORIENTED_EDGE('',*,*,#2011,.F.);
#2711=ORIENTED_EDGE('',*,*,#2024,.T.);
#2712=ORIENTED_EDGE('',*,*,#2027,.F.);
#2713=ORIENTED_EDGE('',*,*,#2018,.T.);
#2714=ORIENTED_EDGE('',*,*,#2022,.F.);
#2715=ORIENTED_EDGE('',*,*,#2012,.T.);
#2716=ORIENTED_EDGE('',*,*,#2016,.F.);
#2717=ORIENTED_EDGE('',*,*,#2029,.F.);
#2718=ORIENTED_EDGE('',*,*,#2030,.F.);
#2719=ORIENTED_EDGE('',*,*,#2031,.T.);
#2720=ORIENTED_EDGE('',*,*,#2032,.F.);
#2721=ORIENTED_EDGE('',*,*,#2033,.F.);
#2722=ORIENTED_EDGE('',*,*,#2031,.F.);
#2723=ORIENTED_EDGE('',*,*,#2029,.T.);
#2724=ORIENTED_EDGE('',*,*,#2030,.T.);
#2725=ORIENTED_EDGE('',*,*,#2034,.F.);
#2726=ORIENTED_EDGE('',*,*,#2035,.F.);
#2727=ORIENTED_EDGE('',*,*,#2036,.T.);
#2728=ORIENTED_EDGE('',*,*,#2037,.F.);
#2729=ORIENTED_EDGE('',*,*,#2038,.F.);
#2730=ORIENTED_EDGE('',*,*,#2036,.F.);
#2731=ORIENTED_EDGE('',*,*,#2034,.T.);
#2732=ORIENTED_EDGE('',*,*,#2035,.T.);
#2733=ORIENTED_EDGE('',*,*,#2039,.F.);
#2734=ORIENTED_EDGE('',*,*,#2040,.F.);
#2735=ORIENTED_EDGE('',*,*,#2041,.T.);
#2736=ORIENTED_EDGE('',*,*,#2042,.F.);
#2737=ORIENTED_EDGE('',*,*,#2043,.F.);
#2738=ORIENTED_EDGE('',*,*,#2041,.F.);
#2739=ORIENTED_EDGE('',*,*,#2039,.T.);
#2740=ORIENTED_EDGE('',*,*,#2040,.T.);
#2741=ORIENTED_EDGE('',*,*,#2044,.F.);
#2742=ORIENTED_EDGE('',*,*,#2045,.F.);
#2743=ORIENTED_EDGE('',*,*,#2046,.T.);
#2744=ORIENTED_EDGE('',*,*,#2047,.F.);
#2745=ORIENTED_EDGE('',*,*,#2048,.F.);
#2746=ORIENTED_EDGE('',*,*,#2046,.F.);
#2747=ORIENTED_EDGE('',*,*,#2044,.T.);
#2748=ORIENTED_EDGE('',*,*,#2045,.T.);
#2749=ORIENTED_EDGE('',*,*,#2049,.F.);
#2750=ORIENTED_EDGE('',*,*,#2050,.T.);
#2751=ORIENTED_EDGE('',*,*,#1995,.F.);
#2752=ORIENTED_EDGE('',*,*,#2050,.F.);
#2753=ORIENTED_EDGE('',*,*,#2051,.F.);
#2754=ORIENTED_EDGE('',*,*,#2049,.T.);
#2755=ORIENTED_EDGE('',*,*,#2052,.F.);
#2756=ORIENTED_EDGE('',*,*,#2053,.F.);
#2757=ORIENTED_EDGE('',*,*,#2054,.F.);
#2758=ORIENTED_EDGE('',*,*,#2055,.F.);
#2759=ORIENTED_EDGE('',*,*,#2056,.F.);
#2760=ORIENTED_EDGE('',*,*,#2057,.F.);
#2761=ORIENTED_EDGE('',*,*,#2058,.F.);
#2762=ORIENTED_EDGE('',*,*,#2059,.F.);
#2763=ORIENTED_EDGE('',*,*,#2060,.F.);
#2764=ORIENTED_EDGE('',*,*,#2061,.F.);
#2765=ORIENTED_EDGE('',*,*,#2062,.F.);
#2766=ORIENTED_EDGE('',*,*,#2063,.F.);
#2767=ORIENTED_EDGE('',*,*,#2064,.F.);
#2768=ORIENTED_EDGE('',*,*,#2065,.F.);
#2769=ORIENTED_EDGE('',*,*,#2066,.F.);
#2770=ORIENTED_EDGE('',*,*,#2067,.F.);
#2771=ORIENTED_EDGE('',*,*,#1960,.T.);
#2772=ORIENTED_EDGE('',*,*,#2068,.F.);
#2773=ORIENTED_EDGE('',*,*,#2069,.T.);
#2774=ORIENTED_EDGE('',*,*,#2070,.F.);
#2775=ORIENTED_EDGE('',*,*,#2057,.T.);
#2776=ORIENTED_EDGE('',*,*,#2071,.F.);
#2777=ORIENTED_EDGE('',*,*,#2072,.T.);
#2778=ORIENTED_EDGE('',*,*,#2073,.F.);
#2779=ORIENTED_EDGE('',*,*,#2059,.T.);
#2780=ORIENTED_EDGE('',*,*,#2074,.F.);
#2781=ORIENTED_EDGE('',*,*,#2075,.F.);
#2782=ORIENTED_EDGE('',*,*,#2076,.F.);
#2783=ORIENTED_EDGE('',*,*,#1956,.T.);
#2784=ORIENTED_EDGE('',*,*,#2077,.F.);
#2785=ORIENTED_EDGE('',*,*,#2078,.T.);
#2786=ORIENTED_EDGE('',*,*,#2079,.F.);
#2787=ORIENTED_EDGE('',*,*,#1958,.T.);
#2788=ORIENTED_EDGE('',*,*,#2080,.F.);
#2789=ORIENTED_EDGE('',*,*,#2081,.F.);
#2790=ORIENTED_EDGE('',*,*,#2082,.F.);
#2791=ORIENTED_EDGE('',*,*,#2061,.T.);
#2792=ORIENTED_EDGE('',*,*,#2083,.F.);
#2793=ORIENTED_EDGE('',*,*,#2084,.T.);
#2794=ORIENTED_EDGE('',*,*,#2085,.F.);
#2795=ORIENTED_EDGE('',*,*,#2053,.T.);
#2796=ORIENTED_EDGE('',*,*,#2086,.F.);
#2797=ORIENTED_EDGE('',*,*,#2063,.T.);
#2798=ORIENTED_EDGE('',*,*,#2087,.F.);
#2799=ORIENTED_EDGE('',*,*,#1999,.F.);
#2800=ORIENTED_EDGE('',*,*,#2004,.T.);
#2801=ORIENTED_EDGE('',*,*,#2088,.F.);
#2802=ORIENTED_EDGE('',*,*,#2055,.T.);
#2803=ORIENTED_EDGE('',*,*,#2089,.F.);
#2804=ORIENTED_EDGE('',*,*,#2000,.T.);
#2805=ORIENTED_EDGE('',*,*,#1997,.F.);
#2806=ORIENTED_EDGE('',*,*,#2065,.T.);
#2807=ORIENTED_EDGE('',*,*,#2090,.F.);
#2808=ORIENTED_EDGE('',*,*,#2091,.T.);
#2809=ORIENTED_EDGE('',*,*,#2092,.F.);
#2810=ORIENTED_EDGE('',*,*,#2067,.T.);
#2811=ORIENTED_EDGE('',*,*,#2093,.F.);
#2812=ORIENTED_EDGE('',*,*,#2094,.T.);
#2813=ORIENTED_EDGE('',*,*,#2095,.F.);
#2814=ORIENTED_EDGE('',*,*,#2096,.F.);
#2815=ORIENTED_EDGE('',*,*,#2097,.F.);
#2816=ORIENTED_EDGE('',*,*,#2098,.T.);
#2817=ORIENTED_EDGE('',*,*,#2099,.F.);
#2818=ORIENTED_EDGE('',*,*,#2100,.F.);
#2819=ORIENTED_EDGE('',*,*,#2098,.F.);
#2820=ORIENTED_EDGE('',*,*,#2101,.F.);
#2821=ORIENTED_EDGE('',*,*,#2102,.F.);
#2822=ORIENTED_EDGE('',*,*,#2103,.T.);
#2823=ORIENTED_EDGE('',*,*,#2104,.F.);
#2824=ORIENTED_EDGE('',*,*,#2105,.F.);
#2825=ORIENTED_EDGE('',*,*,#2103,.F.);
#2826=ORIENTED_EDGE('',*,*,#2106,.F.);
#2827=ORIENTED_EDGE('',*,*,#2107,.F.);
#2828=ORIENTED_EDGE('',*,*,#2108,.T.);
#2829=ORIENTED_EDGE('',*,*,#2109,.F.);
#2830=ORIENTED_EDGE('',*,*,#2110,.F.);
#2831=ORIENTED_EDGE('',*,*,#2108,.F.);
#2832=ORIENTED_EDGE('',*,*,#2111,.F.);
#2833=ORIENTED_EDGE('',*,*,#2112,.F.);
#2834=ORIENTED_EDGE('',*,*,#2113,.T.);
#2835=ORIENTED_EDGE('',*,*,#2114,.F.);
#2836=ORIENTED_EDGE('',*,*,#2115,.F.);
#2837=ORIENTED_EDGE('',*,*,#2113,.F.);
#2838=ORIENTED_EDGE('',*,*,#1984,.F.);
#2839=ORIENTED_EDGE('',*,*,#1976,.T.);
#2840=ORIENTED_EDGE('',*,*,#1978,.T.);
#2841=ORIENTED_EDGE('',*,*,#1988,.F.);
#2842=ORIENTED_EDGE('',*,*,#2116,.F.);
#2843=ORIENTED_EDGE('',*,*,#2117,.T.);
#2844=ORIENTED_EDGE('',*,*,#1971,.T.);
#2845=ORIENTED_EDGE('',*,*,#1967,.F.);
#2846=ORIENTED_EDGE('',*,*,#1972,.T.);
#2847=ORIENTED_EDGE('',*,*,#2117,.F.);
#2848=ORIENTED_EDGE('',*,*,#2118,.F.);
#2849=ORIENTED_EDGE('',*,*,#2119,.T.);
#2850=ORIENTED_EDGE('',*,*,#1985,.F.);
#2851=ORIENTED_EDGE('',*,*,#1969,.T.);
#2852=ORIENTED_EDGE('',*,*,#1970,.T.);
#2853=ORIENTED_EDGE('',*,*,#2119,.F.);
#2854=ORIENTED_EDGE('',*,*,#2120,.F.);
#2855=ORIENTED_EDGE('',*,*,#1986,.T.);
#2856=ORIENTED_EDGE('',*,*,#1979,.T.);
#2857=ORIENTED_EDGE('',*,*,#1974,.F.);
#2858=ORIENTED_EDGE('',*,*,#2121,.F.);
#2859=ORIENTED_EDGE('',*,*,#2122,.F.);
#2860=ORIENTED_EDGE('',*,*,#2123,.T.);
#2861=ORIENTED_EDGE('',*,*,#2051,.T.);
#2862=ORIENTED_EDGE('',*,*,#2123,.F.);
#2863=ORIENTED_EDGE('',*,*,#1890,.F.);
#2864=ORIENTED_EDGE('',*,*,#1854,.F.);
#2865=ORIENTED_EDGE('',*,*,#1926,.F.);
#2866=ORIENTED_EDGE('',*,*,#2124,.F.);
#2867=ORIENTED_EDGE('',*,*,#2125,.F.);
#2868=ORIENTED_EDGE('',*,*,#2126,.T.);
#2869=ORIENTED_EDGE('',*,*,#2127,.F.);
#2870=ORIENTED_EDGE('',*,*,#2128,.F.);
#2871=ORIENTED_EDGE('',*,*,#2126,.F.);
#2872=ORIENTED_EDGE('',*,*,#2124,.T.);
#2873=ORIENTED_EDGE('',*,*,#2125,.T.);
#2874=ORIENTED_EDGE('',*,*,#1881,.T.);
#2875=ORIENTED_EDGE('',*,*,#1891,.T.);
#2876=ORIENTED_EDGE('',*,*,#1888,.T.);
#2877=ORIENTED_EDGE('',*,*,#1887,.T.);
#2878=ORIENTED_EDGE('',*,*,#2129,.F.);
#2879=ORIENTED_EDGE('',*,*,#2130,.F.);
#2880=ORIENTED_EDGE('',*,*,#2131,.T.);
#2881=ORIENTED_EDGE('',*,*,#2132,.F.);
#2882=ORIENTED_EDGE('',*,*,#2133,.F.);
#2883=ORIENTED_EDGE('',*,*,#2131,.F.);
#2884=ORIENTED_EDGE('',*,*,#2129,.T.);
#2885=ORIENTED_EDGE('',*,*,#2130,.T.);
#2886=ORIENTED_EDGE('',*,*,#1845,.T.);
#2887=ORIENTED_EDGE('',*,*,#1855,.T.);
#2888=ORIENTED_EDGE('',*,*,#1852,.T.);
#2889=ORIENTED_EDGE('',*,*,#1851,.T.);
#2890=ORIENTED_EDGE('',*,*,#2134,.F.);
#2891=ORIENTED_EDGE('',*,*,#2135,.F.);
#2892=ORIENTED_EDGE('',*,*,#2136,.T.);
#2893=ORIENTED_EDGE('',*,*,#2137,.F.);
#2894=ORIENTED_EDGE('',*,*,#2138,.F.);
#2895=ORIENTED_EDGE('',*,*,#2136,.F.);
#2896=ORIENTED_EDGE('',*,*,#2134,.T.);
#2897=ORIENTED_EDGE('',*,*,#2135,.T.);
#2898=ORIENTED_EDGE('',*,*,#1917,.T.);
#2899=ORIENTED_EDGE('',*,*,#1927,.T.);
#2900=ORIENTED_EDGE('',*,*,#1924,.T.);
#2901=ORIENTED_EDGE('',*,*,#1923,.T.);
#2902=ORIENTED_EDGE('',*,*,#1955,.T.);
#2903=ORIENTED_EDGE('',*,*,#2082,.T.);
#2904=ORIENTED_EDGE('',*,*,#2139,.T.);
#2905=ORIENTED_EDGE('',*,*,#1981,.T.);
#2906=ORIENTED_EDGE('',*,*,#2140,.T.);
#2907=ORIENTED_EDGE('',*,*,#2141,.T.);
#2908=ORIENTED_EDGE('',*,*,#2142,.T.);
#2909=ORIENTED_EDGE('',*,*,#2083,.T.);
#2910=ORIENTED_EDGE('',*,*,#2060,.T.);
#2911=ORIENTED_EDGE('',*,*,#2086,.T.);
#2912=ORIENTED_EDGE('',*,*,#2052,.T.);
#2913=ORIENTED_EDGE('',*,*,#2088,.T.);
#2914=ORIENTED_EDGE('',*,*,#2003,.T.);
#2915=ORIENTED_EDGE('',*,*,#2143,.T.);
#2916=ORIENTED_EDGE('',*,*,#2144,.T.);
#2917=ORIENTED_EDGE('',*,*,#2145,.T.);
#2918=ORIENTED_EDGE('',*,*,#2146,.T.);
#2919=ORIENTED_EDGE('',*,*,#2068,.T.);
#2920=ORIENTED_EDGE('',*,*,#1959,.T.);
#2921=ORIENTED_EDGE('',*,*,#1965,.T.);
#2922=ORIENTED_EDGE('',*,*,#2147,.T.);
#2923=ORIENTED_EDGE('',*,*,#2090,.T.);
#2924=ORIENTED_EDGE('',*,*,#2064,.T.);
#2925=ORIENTED_EDGE('',*,*,#2095,.T.);
#2926=ORIENTED_EDGE('',*,*,#2148,.T.);
#2927=ORIENTED_EDGE('',*,*,#2149,.T.);
#2928=ORIENTED_EDGE('',*,*,#2150,.T.);
#2929=ORIENTED_EDGE('',*,*,#2151,.T.);
#2930=ORIENTED_EDGE('',*,*,#2152,.T.);
#2931=ORIENTED_EDGE('',*,*,#2153,.T.);
#2932=ORIENTED_EDGE('',*,*,#2154,.T.);
#2933=ORIENTED_EDGE('',*,*,#2071,.T.);
#2934=ORIENTED_EDGE('',*,*,#2056,.T.);
#2935=ORIENTED_EDGE('',*,*,#2076,.T.);
#2936=ORIENTED_EDGE('',*,*,#2155,.T.);
#2937=ORIENTED_EDGE('',*,*,#2077,.T.);
#2938=ORIENTED_EDGE('',*,*,#2032,.T.);
#2939=ORIENTED_EDGE('',*,*,#2033,.T.);
#2940=ORIENTED_EDGE('',*,*,#2037,.T.);
#2941=ORIENTED_EDGE('',*,*,#2038,.T.);
#2942=ORIENTED_EDGE('',*,*,#2042,.T.);
#2943=ORIENTED_EDGE('',*,*,#2043,.T.);
#2944=ORIENTED_EDGE('',*,*,#2047,.T.);
#2945=ORIENTED_EDGE('',*,*,#2048,.T.);
#2946=ORIENTED_EDGE('',*,*,#2156,.T.);
#2947=ORIENTED_EDGE('',*,*,#2157,.T.);
#2948=ORIENTED_EDGE('',*,*,#2158,.T.);
#2949=ORIENTED_EDGE('',*,*,#2159,.T.);
#2950=ORIENTED_EDGE('',*,*,#2160,.T.);
#2951=ORIENTED_EDGE('',*,*,#2161,.T.);
#2952=ORIENTED_EDGE('',*,*,#2162,.T.);
#2953=ORIENTED_EDGE('',*,*,#2163,.T.);
#2954=ORIENTED_EDGE('',*,*,#2137,.T.);
#2955=ORIENTED_EDGE('',*,*,#2138,.T.);
#2956=ORIENTED_EDGE('',*,*,#2132,.T.);
#2957=ORIENTED_EDGE('',*,*,#2133,.T.);
#2958=ORIENTED_EDGE('',*,*,#2127,.T.);
#2959=ORIENTED_EDGE('',*,*,#2128,.T.);
#2960=ORIENTED_EDGE('',*,*,#2164,.T.);
#2961=ORIENTED_EDGE('',*,*,#2165,.T.);
#2962=ORIENTED_EDGE('',*,*,#2166,.T.);
#2963=ORIENTED_EDGE('',*,*,#2167,.T.);
#2964=ORIENTED_EDGE('',*,*,#2166,.F.);
#2965=ORIENTED_EDGE('',*,*,#2164,.F.);
#2966=ORIENTED_EDGE('',*,*,#2165,.F.);
#2967=ORIENTED_EDGE('',*,*,#2168,.T.);
#2968=ORIENTED_EDGE('',*,*,#2169,.F.);
#2969=ORIENTED_EDGE('',*,*,#2168,.F.);
#2970=ORIENTED_EDGE('',*,*,#2170,.T.);
#2971=ORIENTED_EDGE('',*,*,#2171,.T.);
#2972=ORIENTED_EDGE('',*,*,#2172,.T.);
#2973=ORIENTED_EDGE('',*,*,#2173,.T.);
#2974=ORIENTED_EDGE('',*,*,#2172,.F.);
#2975=ORIENTED_EDGE('',*,*,#2170,.F.);
#2976=ORIENTED_EDGE('',*,*,#2171,.F.);
#2977=ORIENTED_EDGE('',*,*,#2174,.T.);
#2978=ORIENTED_EDGE('',*,*,#2175,.F.);
#2979=ORIENTED_EDGE('',*,*,#2174,.F.);
#2980=ORIENTED_EDGE('',*,*,#2176,.T.);
#2981=ORIENTED_EDGE('',*,*,#2177,.T.);
#2982=ORIENTED_EDGE('',*,*,#2178,.T.);
#2983=ORIENTED_EDGE('',*,*,#2179,.T.);
#2984=ORIENTED_EDGE('',*,*,#2178,.F.);
#2985=ORIENTED_EDGE('',*,*,#2176,.F.);
#2986=ORIENTED_EDGE('',*,*,#2177,.F.);
#2987=ORIENTED_EDGE('',*,*,#2180,.T.);
#2988=ORIENTED_EDGE('',*,*,#2181,.F.);
#2989=ORIENTED_EDGE('',*,*,#2180,.F.);
#2990=ORIENTED_EDGE('',*,*,#2182,.T.);
#2991=ORIENTED_EDGE('',*,*,#2183,.T.);
#2992=ORIENTED_EDGE('',*,*,#2184,.T.);
#2993=ORIENTED_EDGE('',*,*,#2185,.T.);
#2994=ORIENTED_EDGE('',*,*,#2184,.F.);
#2995=ORIENTED_EDGE('',*,*,#2182,.F.);
#2996=ORIENTED_EDGE('',*,*,#2183,.F.);
#2997=ORIENTED_EDGE('',*,*,#2186,.T.);
#2998=ORIENTED_EDGE('',*,*,#2187,.F.);
#2999=ORIENTED_EDGE('',*,*,#2186,.F.);
#3000=ORIENTED_EDGE('',*,*,#2167,.F.);
#3001=ORIENTED_EDGE('',*,*,#2188,.T.);
#3002=ORIENTED_EDGE('',*,*,#2189,.F.);
#3003=ORIENTED_EDGE('',*,*,#2188,.F.);
#3004=ORIENTED_EDGE('',*,*,#2185,.F.);
#3005=ORIENTED_EDGE('',*,*,#2190,.T.);
#3006=ORIENTED_EDGE('',*,*,#2191,.F.);
#3007=ORIENTED_EDGE('',*,*,#2190,.F.);
#3008=ORIENTED_EDGE('',*,*,#2173,.F.);
#3009=ORIENTED_EDGE('',*,*,#2192,.T.);
#3010=ORIENTED_EDGE('',*,*,#2193,.F.);
#3011=ORIENTED_EDGE('',*,*,#2192,.F.);
#3012=ORIENTED_EDGE('',*,*,#2179,.F.);
#3013=ORIENTED_EDGE('',*,*,#2194,.T.);
#3014=ORIENTED_EDGE('',*,*,#2195,.F.);
#3015=ORIENTED_EDGE('',*,*,#2194,.F.);
#3016=ORIENTED_EDGE('',*,*,#2196,.T.);
#3017=ORIENTED_EDGE('',*,*,#2197,.F.);
#3018=ORIENTED_EDGE('',*,*,#2152,.F.);
#3019=ORIENTED_EDGE('',*,*,#2198,.F.);
#3020=ORIENTED_EDGE('',*,*,#2199,.T.);
#3021=ORIENTED_EDGE('',*,*,#2200,.F.);
#3022=ORIENTED_EDGE('',*,*,#2153,.F.);
#3023=ORIENTED_EDGE('',*,*,#2197,.T.);
#3024=ORIENTED_EDGE('',*,*,#2201,.T.);
#3025=ORIENTED_EDGE('',*,*,#2072,.F.);
#3026=ORIENTED_EDGE('',*,*,#2154,.F.);
#3027=ORIENTED_EDGE('',*,*,#2200,.T.);
#3028=ORIENTED_EDGE('',*,*,#2202,.T.);
#3029=ORIENTED_EDGE('',*,*,#2084,.F.);
#3030=ORIENTED_EDGE('',*,*,#2142,.F.);
#3031=ORIENTED_EDGE('',*,*,#2203,.T.);
#3032=ORIENTED_EDGE('',*,*,#2204,.T.);
#3033=ORIENTED_EDGE('',*,*,#2203,.F.);
#3034=ORIENTED_EDGE('',*,*,#2141,.F.);
#3035=ORIENTED_EDGE('',*,*,#2205,.T.);
#3036=ORIENTED_EDGE('',*,*,#2206,.T.);
#3037=ORIENTED_EDGE('',*,*,#2205,.F.);
#3038=ORIENTED_EDGE('',*,*,#2140,.F.);
#3039=ORIENTED_EDGE('',*,*,#1980,.F.);
#3040=ORIENTED_EDGE('',*,*,#2207,.T.);
#3041=ORIENTED_EDGE('',*,*,#2208,.F.);
#3042=ORIENTED_EDGE('',*,*,#2150,.F.);
#3043=ORIENTED_EDGE('',*,*,#2209,.T.);
#3044=ORIENTED_EDGE('',*,*,#2210,.T.);
#3045=ORIENTED_EDGE('',*,*,#2211,.F.);
#3046=ORIENTED_EDGE('',*,*,#2148,.F.);
#3047=ORIENTED_EDGE('',*,*,#2094,.F.);
#3048=ORIENTED_EDGE('',*,*,#2212,.T.);
#3049=ORIENTED_EDGE('',*,*,#2209,.F.);
#3050=ORIENTED_EDGE('',*,*,#2149,.F.);
#3051=ORIENTED_EDGE('',*,*,#2211,.T.);
#3052=ORIENTED_EDGE('',*,*,#2213,.T.);
#3053=ORIENTED_EDGE('',*,*,#2214,.F.);
#3054=ORIENTED_EDGE('',*,*,#2144,.F.);
#3055=ORIENTED_EDGE('',*,*,#2215,.T.);
#3056=ORIENTED_EDGE('',*,*,#2216,.T.);
#3057=ORIENTED_EDGE('',*,*,#2215,.F.);
#3058=ORIENTED_EDGE('',*,*,#2143,.F.);
#3059=ORIENTED_EDGE('',*,*,#2002,.T.);
#3060=ORIENTED_EDGE('',*,*,#2217,.F.);
#3061=ORIENTED_EDGE('',*,*,#2218,.F.);
#3062=ORIENTED_EDGE('',*,*,#2219,.F.);
#3063=ORIENTED_EDGE('',*,*,#2220,.F.);
#3064=ORIENTED_EDGE('',*,*,#2221,.F.);
#3065=ORIENTED_EDGE('',*,*,#2222,.T.);
#3066=ORIENTED_EDGE('',*,*,#2218,.T.);
#3067=ORIENTED_EDGE('',*,*,#2222,.F.);
#3068=ORIENTED_EDGE('',*,*,#2223,.F.);
#3069=ORIENTED_EDGE('',*,*,#2224,.F.);
#3070=ORIENTED_EDGE('',*,*,#2225,.T.);
#3071=ORIENTED_EDGE('',*,*,#2156,.F.);
#3072=ORIENTED_EDGE('',*,*,#2157,.F.);
#3073=ORIENTED_EDGE('',*,*,#2225,.F.);
#3074=ORIENTED_EDGE('',*,*,#2223,.T.);
#3075=ORIENTED_EDGE('',*,*,#2224,.T.);
#3076=ORIENTED_EDGE('',*,*,#2221,.T.);
#3077=ORIENTED_EDGE('',*,*,#2226,.F.);
#3078=ORIENTED_EDGE('',*,*,#2227,.T.);
#3079=ORIENTED_EDGE('',*,*,#2217,.T.);
#3080=ORIENTED_EDGE('',*,*,#2227,.F.);
#3081=ORIENTED_EDGE('',*,*,#2228,.F.);
#3082=ORIENTED_EDGE('',*,*,#2229,.F.);
#3083=ORIENTED_EDGE('',*,*,#2230,.T.);
#3084=ORIENTED_EDGE('',*,*,#2158,.F.);
#3085=ORIENTED_EDGE('',*,*,#2159,.F.);
#3086=ORIENTED_EDGE('',*,*,#2230,.F.);
#3087=ORIENTED_EDGE('',*,*,#2228,.T.);
#3088=ORIENTED_EDGE('',*,*,#2229,.T.);
#3089=ORIENTED_EDGE('',*,*,#2226,.T.);
#3090=ORIENTED_EDGE('',*,*,#2231,.F.);
#3091=ORIENTED_EDGE('',*,*,#2232,.T.);
#3092=ORIENTED_EDGE('',*,*,#2220,.T.);
#3093=ORIENTED_EDGE('',*,*,#2232,.F.);
#3094=ORIENTED_EDGE('',*,*,#2233,.F.);
#3095=ORIENTED_EDGE('',*,*,#2234,.F.);
#3096=ORIENTED_EDGE('',*,*,#2235,.T.);
#3097=ORIENTED_EDGE('',*,*,#2160,.F.);
#3098=ORIENTED_EDGE('',*,*,#2161,.F.);
#3099=ORIENTED_EDGE('',*,*,#2235,.F.);
#3100=ORIENTED_EDGE('',*,*,#2233,.T.);
#3101=ORIENTED_EDGE('',*,*,#2234,.T.);
#3102=ORIENTED_EDGE('',*,*,#2231,.T.);
#3103=ORIENTED_EDGE('',*,*,#2236,.F.);
#3104=ORIENTED_EDGE('',*,*,#2237,.T.);
#3105=ORIENTED_EDGE('',*,*,#2219,.T.);
#3106=ORIENTED_EDGE('',*,*,#2237,.F.);
#3107=ORIENTED_EDGE('',*,*,#2238,.F.);
#3108=ORIENTED_EDGE('',*,*,#2239,.F.);
#3109=ORIENTED_EDGE('',*,*,#2240,.T.);
#3110=ORIENTED_EDGE('',*,*,#2162,.F.);
#3111=ORIENTED_EDGE('',*,*,#2163,.F.);
#3112=ORIENTED_EDGE('',*,*,#2240,.F.);
#3113=ORIENTED_EDGE('',*,*,#2238,.T.);
#3114=ORIENTED_EDGE('',*,*,#2239,.T.);
#3115=ORIENTED_EDGE('',*,*,#2236,.T.);
#3116=ORIENTED_EDGE('',*,*,#2241,.F.);
#3117=ORIENTED_EDGE('',*,*,#2242,.T.);
#3118=ORIENTED_EDGE('',*,*,#2243,.F.);
#3119=ORIENTED_EDGE('',*,*,#2244,.F.);
#3120=ORIENTED_EDGE('',*,*,#2245,.F.);
#3121=ORIENTED_EDGE('',*,*,#2244,.T.);
#3122=ORIENTED_EDGE('',*,*,#2246,.F.);
#3123=ORIENTED_EDGE('',*,*,#2247,.F.);
#3124=ORIENTED_EDGE('',*,*,#2248,.F.);
#3125=ORIENTED_EDGE('',*,*,#2247,.T.);
#3126=ORIENTED_EDGE('',*,*,#2249,.F.);
#3127=ORIENTED_EDGE('',*,*,#2250,.F.);
#3128=ORIENTED_EDGE('',*,*,#2251,.F.);
#3129=ORIENTED_EDGE('',*,*,#2250,.T.);
#3130=ORIENTED_EDGE('',*,*,#2252,.F.);
#3131=ORIENTED_EDGE('',*,*,#2253,.F.);
#3132=ORIENTED_EDGE('',*,*,#2254,.F.);
#3133=ORIENTED_EDGE('',*,*,#2253,.T.);
#3134=ORIENTED_EDGE('',*,*,#2255,.F.);
#3135=ORIENTED_EDGE('',*,*,#2256,.F.);
#3136=ORIENTED_EDGE('',*,*,#2257,.F.);
#3137=ORIENTED_EDGE('',*,*,#2256,.T.);
#3138=ORIENTED_EDGE('',*,*,#2258,.F.);
#3139=ORIENTED_EDGE('',*,*,#2259,.F.);
#3140=ORIENTED_EDGE('',*,*,#2260,.F.);
#3141=ORIENTED_EDGE('',*,*,#2259,.T.);
#3142=ORIENTED_EDGE('',*,*,#2261,.F.);
#3143=ORIENTED_EDGE('',*,*,#2262,.F.);
#3144=ORIENTED_EDGE('',*,*,#2263,.F.);
#3145=ORIENTED_EDGE('',*,*,#2262,.T.);
#3146=ORIENTED_EDGE('',*,*,#2264,.F.);
#3147=ORIENTED_EDGE('',*,*,#2265,.F.);
#3148=ORIENTED_EDGE('',*,*,#2266,.F.);
#3149=ORIENTED_EDGE('',*,*,#2265,.T.);
#3150=ORIENTED_EDGE('',*,*,#2267,.F.);
#3151=ORIENTED_EDGE('',*,*,#2268,.F.);
#3152=ORIENTED_EDGE('',*,*,#2269,.F.);
#3153=ORIENTED_EDGE('',*,*,#2268,.T.);
#3154=ORIENTED_EDGE('',*,*,#2270,.F.);
#3155=ORIENTED_EDGE('',*,*,#2271,.F.);
#3156=ORIENTED_EDGE('',*,*,#2272,.F.);
#3157=ORIENTED_EDGE('',*,*,#2271,.T.);
#3158=ORIENTED_EDGE('',*,*,#2273,.F.);
#3159=ORIENTED_EDGE('',*,*,#2274,.F.);
#3160=ORIENTED_EDGE('',*,*,#2275,.F.);
#3161=ORIENTED_EDGE('',*,*,#2274,.T.);
#3162=ORIENTED_EDGE('',*,*,#2276,.F.);
#3163=ORIENTED_EDGE('',*,*,#2277,.F.);
#3164=ORIENTED_EDGE('',*,*,#2278,.F.);
#3165=ORIENTED_EDGE('',*,*,#2277,.T.);
#3166=ORIENTED_EDGE('',*,*,#2279,.F.);
#3167=ORIENTED_EDGE('',*,*,#2280,.F.);
#3168=ORIENTED_EDGE('',*,*,#2281,.F.);
#3169=ORIENTED_EDGE('',*,*,#2280,.T.);
#3170=ORIENTED_EDGE('',*,*,#2282,.F.);
#3171=ORIENTED_EDGE('',*,*,#2283,.F.);
#3172=ORIENTED_EDGE('',*,*,#2284,.F.);
#3173=ORIENTED_EDGE('',*,*,#2283,.T.);
#3174=ORIENTED_EDGE('',*,*,#2285,.F.);
#3175=ORIENTED_EDGE('',*,*,#2286,.F.);
#3176=ORIENTED_EDGE('',*,*,#2287,.F.);
#3177=ORIENTED_EDGE('',*,*,#2286,.T.);
#3178=ORIENTED_EDGE('',*,*,#2288,.F.);
#3179=ORIENTED_EDGE('',*,*,#2242,.F.);
#3180=ORIENTED_EDGE('',*,*,#2288,.T.);
#3181=ORIENTED_EDGE('',*,*,#2285,.T.);
#3182=ORIENTED_EDGE('',*,*,#2282,.T.);
#3183=ORIENTED_EDGE('',*,*,#2279,.T.);
#3184=ORIENTED_EDGE('',*,*,#2276,.T.);
#3185=ORIENTED_EDGE('',*,*,#2273,.T.);
#3186=ORIENTED_EDGE('',*,*,#2270,.T.);
#3187=ORIENTED_EDGE('',*,*,#2267,.T.);
#3188=ORIENTED_EDGE('',*,*,#2264,.T.);
#3189=ORIENTED_EDGE('',*,*,#2261,.T.);
#3190=ORIENTED_EDGE('',*,*,#2258,.T.);
#3191=ORIENTED_EDGE('',*,*,#2255,.T.);
#3192=ORIENTED_EDGE('',*,*,#2252,.T.);
#3193=ORIENTED_EDGE('',*,*,#2249,.T.);
#3194=ORIENTED_EDGE('',*,*,#2246,.T.);
#3195=ORIENTED_EDGE('',*,*,#2243,.T.);
#3196=ORIENTED_EDGE('',*,*,#1938,.T.);
#3197=ORIENTED_EDGE('',*,*,#1939,.T.);
#3198=ORIENTED_EDGE('',*,*,#1946,.T.);
#3199=ORIENTED_EDGE('',*,*,#1947,.T.);
#3200=ORIENTED_EDGE('',*,*,#2189,.T.);
#3201=ORIENTED_EDGE('',*,*,#2191,.T.);
#3202=ORIENTED_EDGE('',*,*,#2193,.T.);
#3203=ORIENTED_EDGE('',*,*,#2195,.T.);
#3204=ORIENTED_EDGE('',*,*,#2289,.T.);
#3205=ORIENTED_EDGE('',*,*,#2290,.T.);
#3206=ORIENTED_EDGE('',*,*,#2213,.F.);
#3207=ORIENTED_EDGE('',*,*,#2216,.F.);
#3208=ORIENTED_EDGE('',*,*,#2001,.F.);
#3209=ORIENTED_EDGE('',*,*,#2089,.T.);
#3210=ORIENTED_EDGE('',*,*,#2054,.T.);
#3211=ORIENTED_EDGE('',*,*,#2087,.T.);
#3212=ORIENTED_EDGE('',*,*,#2062,.T.);
#3213=ORIENTED_EDGE('',*,*,#2085,.T.);
#3214=ORIENTED_EDGE('',*,*,#2202,.F.);
#3215=ORIENTED_EDGE('',*,*,#2204,.F.);
#3216=ORIENTED_EDGE('',*,*,#2206,.F.);
#3217=ORIENTED_EDGE('',*,*,#1983,.T.);
#3218=ORIENTED_EDGE('',*,*,#2291,.T.);
#3219=ORIENTED_EDGE('',*,*,#2080,.T.);
#3220=ORIENTED_EDGE('',*,*,#1957,.T.);
#3221=ORIENTED_EDGE('',*,*,#2079,.T.);
#3222=ORIENTED_EDGE('',*,*,#2292,.T.);
#3223=ORIENTED_EDGE('',*,*,#2074,.T.);
#3224=ORIENTED_EDGE('',*,*,#2058,.T.);
#3225=ORIENTED_EDGE('',*,*,#2073,.T.);
#3226=ORIENTED_EDGE('',*,*,#2201,.F.);
#3227=ORIENTED_EDGE('',*,*,#2199,.F.);
#3228=ORIENTED_EDGE('',*,*,#2196,.F.);
#3229=ORIENTED_EDGE('',*,*,#2293,.T.);
#3230=ORIENTED_EDGE('',*,*,#2207,.F.);
#3231=ORIENTED_EDGE('',*,*,#2212,.F.);
#3232=ORIENTED_EDGE('',*,*,#2210,.F.);
#3233=ORIENTED_EDGE('',*,*,#2093,.T.);
#3234=ORIENTED_EDGE('',*,*,#2066,.T.);
#3235=ORIENTED_EDGE('',*,*,#2092,.T.);
#3236=ORIENTED_EDGE('',*,*,#2294,.T.);
#3237=ORIENTED_EDGE('',*,*,#1963,.T.);
#3238=ORIENTED_EDGE('',*,*,#1961,.T.);
#3239=ORIENTED_EDGE('',*,*,#2070,.T.);
#3240=ORIENTED_EDGE('',*,*,#2295,.T.);
#3241=ORIENTED_EDGE('',*,*,#2296,.T.);
#3242=ORIENTED_EDGE('',*,*,#2297,.T.);
#3243=ORIENTED_EDGE('',*,*,#2298,.T.);
#3244=ORIENTED_EDGE('',*,*,#2299,.T.);
#3245=ORIENTED_EDGE('',*,*,#2300,.T.);
#3246=ORIENTED_EDGE('',*,*,#2297,.F.);
#3247=ORIENTED_EDGE('',*,*,#2301,.T.);
#3248=ORIENTED_EDGE('',*,*,#2302,.T.);
#3249=ORIENTED_EDGE('',*,*,#2303,.T.);
#3250=ORIENTED_EDGE('',*,*,#2299,.F.);
#3251=ORIENTED_EDGE('',*,*,#2304,.T.);
#3252=ORIENTED_EDGE('',*,*,#2305,.T.);
#3253=ORIENTED_EDGE('',*,*,#2306,.T.);
#3254=ORIENTED_EDGE('',*,*,#2302,.F.);
#3255=ORIENTED_EDGE('',*,*,#2307,.T.);
#3256=ORIENTED_EDGE('',*,*,#2308,.T.);
#3257=ORIENTED_EDGE('',*,*,#2309,.T.);
#3258=ORIENTED_EDGE('',*,*,#2305,.F.);
#3259=ORIENTED_EDGE('',*,*,#2310,.T.);
#3260=ORIENTED_EDGE('',*,*,#2311,.T.);
#3261=ORIENTED_EDGE('',*,*,#2312,.T.);
#3262=ORIENTED_EDGE('',*,*,#2308,.F.);
#3263=ORIENTED_EDGE('',*,*,#2313,.T.);
#3264=ORIENTED_EDGE('',*,*,#2314,.T.);
#3265=ORIENTED_EDGE('',*,*,#2315,.T.);
#3266=ORIENTED_EDGE('',*,*,#2311,.F.);
#3267=ORIENTED_EDGE('',*,*,#2316,.T.);
#3268=ORIENTED_EDGE('',*,*,#2317,.T.);
#3269=ORIENTED_EDGE('',*,*,#2318,.T.);
#3270=ORIENTED_EDGE('',*,*,#2314,.F.);
#3271=ORIENTED_EDGE('',*,*,#2319,.T.);
#3272=ORIENTED_EDGE('',*,*,#2320,.T.);
#3273=ORIENTED_EDGE('',*,*,#2321,.T.);
#3274=ORIENTED_EDGE('',*,*,#2317,.F.);
#3275=ORIENTED_EDGE('',*,*,#2322,.T.);
#3276=ORIENTED_EDGE('',*,*,#2323,.T.);
#3277=ORIENTED_EDGE('',*,*,#2324,.T.);
#3278=ORIENTED_EDGE('',*,*,#2320,.F.);
#3279=ORIENTED_EDGE('',*,*,#2325,.T.);
#3280=ORIENTED_EDGE('',*,*,#2326,.T.);
#3281=ORIENTED_EDGE('',*,*,#2327,.T.);
#3282=ORIENTED_EDGE('',*,*,#2323,.F.);
#3283=ORIENTED_EDGE('',*,*,#2328,.T.);
#3284=ORIENTED_EDGE('',*,*,#2329,.T.);
#3285=ORIENTED_EDGE('',*,*,#2330,.T.);
#3286=ORIENTED_EDGE('',*,*,#2326,.F.);
#3287=ORIENTED_EDGE('',*,*,#2331,.T.);
#3288=ORIENTED_EDGE('',*,*,#2332,.T.);
#3289=ORIENTED_EDGE('',*,*,#2333,.T.);
#3290=ORIENTED_EDGE('',*,*,#2329,.F.);
#3291=ORIENTED_EDGE('',*,*,#2334,.T.);
#3292=ORIENTED_EDGE('',*,*,#2335,.T.);
#3293=ORIENTED_EDGE('',*,*,#2336,.T.);
#3294=ORIENTED_EDGE('',*,*,#2332,.F.);
#3295=ORIENTED_EDGE('',*,*,#2337,.T.);
#3296=ORIENTED_EDGE('',*,*,#2338,.T.);
#3297=ORIENTED_EDGE('',*,*,#2339,.T.);
#3298=ORIENTED_EDGE('',*,*,#2335,.F.);
#3299=ORIENTED_EDGE('',*,*,#2340,.T.);
#3300=ORIENTED_EDGE('',*,*,#2295,.F.);
#3301=ORIENTED_EDGE('',*,*,#2341,.T.);
#3302=ORIENTED_EDGE('',*,*,#2338,.F.);
#3303=ORIENTED_EDGE('',*,*,#2342,.T.);
#3304=ORIENTED_EDGE('',*,*,#2324,.F.);
#3305=ORIENTED_EDGE('',*,*,#2343,.F.);
#3306=ORIENTED_EDGE('',*,*,#2344,.F.);
#3307=ORIENTED_EDGE('',*,*,#2345,.F.);
#3308=ORIENTED_EDGE('',*,*,#2121,.T.);
#3309=ORIENTED_EDGE('',*,*,#2122,.T.);
#3310=ORIENTED_EDGE('',*,*,#2327,.F.);
#3311=ORIENTED_EDGE('',*,*,#2346,.T.);
#3312=ORIENTED_EDGE('',*,*,#2347,.T.);
#3313=ORIENTED_EDGE('',*,*,#2343,.T.);
#3314=ORIENTED_EDGE('',*,*,#2330,.F.);
#3315=ORIENTED_EDGE('',*,*,#2348,.F.);
#3316=ORIENTED_EDGE('',*,*,#2349,.F.);
#3317=ORIENTED_EDGE('',*,*,#2346,.F.);
#3318=ORIENTED_EDGE('',*,*,#2333,.F.);
#3319=ORIENTED_EDGE('',*,*,#2350,.T.);
#3320=ORIENTED_EDGE('',*,*,#2351,.T.);
#3321=ORIENTED_EDGE('',*,*,#2348,.T.);
#3322=ORIENTED_EDGE('',*,*,#2336,.F.);
#3323=ORIENTED_EDGE('',*,*,#2352,.F.);
#3324=ORIENTED_EDGE('',*,*,#2353,.F.);
#3325=ORIENTED_EDGE('',*,*,#2350,.F.);
#3326=ORIENTED_EDGE('',*,*,#2339,.F.);
#3327=ORIENTED_EDGE('',*,*,#2354,.T.);
#3328=ORIENTED_EDGE('',*,*,#2355,.T.);
#3329=ORIENTED_EDGE('',*,*,#2352,.T.);
#3330=ORIENTED_EDGE('',*,*,#2341,.F.);
#3331=ORIENTED_EDGE('',*,*,#2356,.F.);
#3332=ORIENTED_EDGE('',*,*,#2357,.F.);
#3333=ORIENTED_EDGE('',*,*,#2354,.F.);
#3334=ORIENTED_EDGE('',*,*,#2298,.F.);
#3335=ORIENTED_EDGE('',*,*,#2358,.T.);
#3336=ORIENTED_EDGE('',*,*,#2359,.T.);
#3337=ORIENTED_EDGE('',*,*,#2356,.T.);
#3338=ORIENTED_EDGE('',*,*,#2296,.F.);
#3339=ORIENTED_EDGE('',*,*,#2342,.F.);
#3340=ORIENTED_EDGE('',*,*,#2340,.F.);
#3341=ORIENTED_EDGE('',*,*,#2337,.F.);
#3342=ORIENTED_EDGE('',*,*,#2334,.F.);
#3343=ORIENTED_EDGE('',*,*,#2331,.F.);
#3344=ORIENTED_EDGE('',*,*,#2328,.F.);
#3345=ORIENTED_EDGE('',*,*,#2325,.F.);
#3346=ORIENTED_EDGE('',*,*,#2322,.F.);
#3347=ORIENTED_EDGE('',*,*,#2319,.F.);
#3348=ORIENTED_EDGE('',*,*,#2316,.F.);
#3349=ORIENTED_EDGE('',*,*,#2313,.F.);
#3350=ORIENTED_EDGE('',*,*,#2310,.F.);
#3351=ORIENTED_EDGE('',*,*,#2307,.F.);
#3352=ORIENTED_EDGE('',*,*,#2304,.F.);
#3353=ORIENTED_EDGE('',*,*,#2301,.F.);
#3354=ORIENTED_EDGE('',*,*,#1949,.T.);
#3355=ORIENTED_EDGE('',*,*,#1950,.T.);
#3356=ORIENTED_EDGE('',*,*,#1952,.T.);
#3357=ORIENTED_EDGE('',*,*,#1953,.T.);
#3358=ORIENTED_EDGE('',*,*,#2017,.T.);
#3359=ORIENTED_EDGE('',*,*,#2014,.F.);
#3360=ORIENTED_EDGE('',*,*,#2023,.T.);
#3361=ORIENTED_EDGE('',*,*,#2020,.F.);
#3362=ORIENTED_EDGE('',*,*,#2028,.T.);
#3363=ORIENTED_EDGE('',*,*,#2025,.F.);
#3364=ORIENTED_EDGE('',*,*,#2009,.T.);
#3365=ORIENTED_EDGE('',*,*,#2007,.F.);
#3366=ORIENTED_EDGE('',*,*,#2175,.T.);
#3367=ORIENTED_EDGE('',*,*,#2169,.T.);
#3368=ORIENTED_EDGE('',*,*,#2181,.T.);
#3369=ORIENTED_EDGE('',*,*,#2187,.T.);
#3370=ORIENTED_EDGE('',*,*,#2091,.F.);
#3371=ORIENTED_EDGE('',*,*,#2147,.F.);
#3372=ORIENTED_EDGE('',*,*,#1964,.T.);
#3373=ORIENTED_EDGE('',*,*,#2294,.F.);
#3374=ORIENTED_EDGE('',*,*,#2069,.F.);
#3375=ORIENTED_EDGE('',*,*,#2146,.F.);
#3376=ORIENTED_EDGE('',*,*,#2360,.T.);
#3377=ORIENTED_EDGE('',*,*,#2289,.F.);
#3378=ORIENTED_EDGE('',*,*,#1982,.F.);
#3379=ORIENTED_EDGE('',*,*,#2139,.F.);
#3380=ORIENTED_EDGE('',*,*,#2081,.T.);
#3381=ORIENTED_EDGE('',*,*,#2291,.F.);
#3382=ORIENTED_EDGE('',*,*,#2078,.F.);
#3383=ORIENTED_EDGE('',*,*,#2155,.F.);
#3384=ORIENTED_EDGE('',*,*,#2075,.T.);
#3385=ORIENTED_EDGE('',*,*,#2292,.F.);
#3386=ORIENTED_EDGE('',*,*,#2198,.T.);
#3387=ORIENTED_EDGE('',*,*,#2151,.F.);
#3388=ORIENTED_EDGE('',*,*,#2208,.T.);
#3389=ORIENTED_EDGE('',*,*,#2293,.F.);
#3390=ORIENTED_EDGE('',*,*,#2099,.T.);
#3391=ORIENTED_EDGE('',*,*,#2100,.T.);
#3392=ORIENTED_EDGE('',*,*,#2104,.T.);
#3393=ORIENTED_EDGE('',*,*,#2105,.T.);
#3394=ORIENTED_EDGE('',*,*,#2109,.T.);
#3395=ORIENTED_EDGE('',*,*,#2110,.T.);
#3396=ORIENTED_EDGE('',*,*,#2114,.T.);
#3397=ORIENTED_EDGE('',*,*,#2115,.T.);
#3398=ORIENTED_EDGE('',*,*,#2214,.T.);
#3399=ORIENTED_EDGE('',*,*,#2290,.F.);
#3400=ORIENTED_EDGE('',*,*,#2360,.F.);
#3401=ORIENTED_EDGE('',*,*,#2145,.F.);
#3402=ORIENTED_EDGE('',*,*,#2315,.F.);
#3403=ORIENTED_EDGE('',*,*,#2361,.T.);
#3404=ORIENTED_EDGE('',*,*,#2362,.T.);
#3405=ORIENTED_EDGE('',*,*,#2363,.T.);
#3406=ORIENTED_EDGE('',*,*,#2312,.F.);
#3407=ORIENTED_EDGE('',*,*,#2363,.F.);
#3408=ORIENTED_EDGE('',*,*,#2364,.F.);
#3409=ORIENTED_EDGE('',*,*,#2365,.F.);
#3410=ORIENTED_EDGE('',*,*,#2309,.F.);
#3411=ORIENTED_EDGE('',*,*,#2365,.T.);
#3412=ORIENTED_EDGE('',*,*,#2366,.T.);
#3413=ORIENTED_EDGE('',*,*,#2367,.T.);
#3414=ORIENTED_EDGE('',*,*,#2300,.F.);
#3415=ORIENTED_EDGE('',*,*,#2368,.F.);
#3416=ORIENTED_EDGE('',*,*,#2369,.F.);
#3417=ORIENTED_EDGE('',*,*,#2358,.F.);
#3418=ORIENTED_EDGE('',*,*,#2096,.T.);
#3419=ORIENTED_EDGE('',*,*,#2097,.T.);
#3420=ORIENTED_EDGE('',*,*,#2101,.T.);
#3421=ORIENTED_EDGE('',*,*,#2102,.T.);
#3422=ORIENTED_EDGE('',*,*,#2106,.T.);
#3423=ORIENTED_EDGE('',*,*,#2107,.T.);
#3424=ORIENTED_EDGE('',*,*,#2111,.T.);
#3425=ORIENTED_EDGE('',*,*,#2112,.T.);
#3426=ORIENTED_EDGE('',*,*,#2321,.F.);
#3427=ORIENTED_EDGE('',*,*,#2345,.T.);
#3428=ORIENTED_EDGE('',*,*,#2370,.T.);
#3429=ORIENTED_EDGE('',*,*,#2371,.T.);
#3430=ORIENTED_EDGE('',*,*,#2303,.F.);
#3431=ORIENTED_EDGE('',*,*,#2372,.T.);
#3432=ORIENTED_EDGE('',*,*,#2373,.T.);
#3433=ORIENTED_EDGE('',*,*,#2368,.T.);
#3434=ORIENTED_EDGE('',*,*,#2306,.F.);
#3435=ORIENTED_EDGE('',*,*,#2367,.F.);
#3436=ORIENTED_EDGE('',*,*,#2374,.F.);
#3437=ORIENTED_EDGE('',*,*,#2372,.F.);
#3438=ORIENTED_EDGE('',*,*,#2318,.F.);
#3439=ORIENTED_EDGE('',*,*,#2371,.F.);
#3440=ORIENTED_EDGE('',*,*,#2375,.F.);
#3441=ORIENTED_EDGE('',*,*,#2361,.F.);
#3442=ORIENTED_EDGE('',*,*,#2118,.T.);
#3443=ORIENTED_EDGE('',*,*,#2116,.T.);
#3444=ORIENTED_EDGE('',*,*,#1987,.T.);
#3445=ORIENTED_EDGE('',*,*,#2120,.T.);
#3446=ORIENTED_EDGE('',*,*,#2355,.F.);
#3447=ORIENTED_EDGE('',*,*,#2357,.T.);
#3448=ORIENTED_EDGE('',*,*,#2359,.F.);
#3449=ORIENTED_EDGE('',*,*,#2369,.T.);
#3450=ORIENTED_EDGE('',*,*,#2373,.F.);
#3451=ORIENTED_EDGE('',*,*,#2374,.T.);
#3452=ORIENTED_EDGE('',*,*,#2366,.F.);
#3453=ORIENTED_EDGE('',*,*,#2364,.T.);
#3454=ORIENTED_EDGE('',*,*,#2362,.F.);
#3455=ORIENTED_EDGE('',*,*,#2375,.T.);
#3456=ORIENTED_EDGE('',*,*,#2370,.F.);
#3457=ORIENTED_EDGE('',*,*,#2344,.T.);
#3458=ORIENTED_EDGE('',*,*,#2347,.F.);
#3459=ORIENTED_EDGE('',*,*,#2349,.T.);
#3460=ORIENTED_EDGE('',*,*,#2351,.F.);
#3461=ORIENTED_EDGE('',*,*,#2353,.T.);
#3462=ORIENTED_EDGE('',*,*,#2241,.T.);
#3463=ORIENTED_EDGE('',*,*,#2245,.T.);
#3464=ORIENTED_EDGE('',*,*,#2248,.T.);
#3465=ORIENTED_EDGE('',*,*,#2251,.T.);
#3466=ORIENTED_EDGE('',*,*,#2254,.T.);
#3467=ORIENTED_EDGE('',*,*,#2257,.T.);
#3468=ORIENTED_EDGE('',*,*,#2260,.T.);
#3469=ORIENTED_EDGE('',*,*,#2263,.T.);
#3470=ORIENTED_EDGE('',*,*,#2266,.T.);
#3471=ORIENTED_EDGE('',*,*,#2269,.T.);
#3472=ORIENTED_EDGE('',*,*,#2272,.T.);
#3473=ORIENTED_EDGE('',*,*,#2275,.T.);
#3474=ORIENTED_EDGE('',*,*,#2278,.T.);
#3475=ORIENTED_EDGE('',*,*,#2281,.T.);
#3476=ORIENTED_EDGE('',*,*,#2284,.T.);
#3477=ORIENTED_EDGE('',*,*,#2287,.T.);
#3478=PLANE('',#3807);
#3479=PLANE('',#3808);
#3480=PLANE('',#3809);
#3481=PLANE('',#3811);
#3482=PLANE('',#3814);
#3483=PLANE('',#3815);
#3484=PLANE('',#3816);
#3485=PLANE('',#3818);
#3486=PLANE('',#3830);
#3487=PLANE('',#3831);
#3488=PLANE('',#3832);
#3489=PLANE('',#3833);
#3490=PLANE('',#3834);
#3491=PLANE('',#3836);
#3492=PLANE('',#3837);
#3493=PLANE('',#3840);
#3494=PLANE('',#3841);
#3495=PLANE('',#3843);
#3496=PLANE('',#3844);
#3497=PLANE('',#3847);
#3498=PLANE('',#3857);
#3499=PLANE('',#3858);
#3500=PLANE('',#3859);
#3501=PLANE('',#3860);
#3502=PLANE('',#3861);
#3503=PLANE('',#3862);
#3504=PLANE('',#3864);
#3505=PLANE('',#3867);
#3506=PLANE('',#3868);
#3507=PLANE('',#3869);
#3508=PLANE('',#3871);
#3509=PLANE('',#3874);
#3510=PLANE('',#3884);
#3511=PLANE('',#3885);
#3512=PLANE('',#3886);
#3513=PLANE('',#3887);
#3514=PLANE('',#3919);
#3515=PLANE('',#3920);
#3516=PLANE('',#3921);
#3517=PLANE('',#3922);
#3518=PLANE('',#3923);
#3519=PLANE('',#3924);
#3520=PLANE('',#3931);
#3521=PLANE('',#3937);
#3522=PLANE('',#3941);
#3523=PLANE('',#3945);
#3524=PLANE('',#3949);
#3525=PLANE('',#3953);
#3526=PLANE('',#3954);
#3527=PLANE('',#3960);
#3528=PLANE('',#3966);
#3529=PLANE('',#3972);
#3530=PLANE('',#3978);
#3531=PLANE('',#3981);
#3532=PLANE('',#3998);
#3533=PLANE('',#3999);
#3534=PLANE('',#4006);
#3535=PLANE('',#4007);
#3536=PLANE('',#4008);
#3537=PLANE('',#4009);
#3538=PLANE('',#4010);
#3539=PLANE('',#4031);
#3540=PLANE('',#4032);
#3541=PLANE('',#4033);
#3542=PLANE('',#4037);
#3543=PLANE('',#4038);
#3544=PLANE('',#4039);
#3545=PLANE('',#4045);
#3546=PLANE('',#4051);
#3547=PLANE('',#4057);
#3548=PLANE('',#4058);
#3549=PLANE('',#4107);
#3550=PLANE('',#4110);
#3551=PLANE('',#4111);
#3552=PLANE('',#4114);
#3553=PLANE('',#4115);
#3554=PLANE('',#4116);
#3555=PLANE('',#4119);
#3556=PLANE('',#4122);
#3557=PLANE('',#4124);
#3558=PLANE('',#4126);
#3559=PLANE('',#4128);
#3560=PLANE('',#4135);
#3561=PLANE('',#4141);
#3562=PLANE('',#4147);
#3563=PLANE('',#4153);
#3564=PLANE('',#4160);
#3565=PLANE('',#4164);
#3566=PLANE('',#4168);
#3567=PLANE('',#4178);
#3568=PLANE('',#4182);
#3569=PLANE('',#4186);
#3570=PLANE('',#4190);
#3571=PLANE('',#4247);
#3572=PLANE('',#4250);
#3573=PLANE('',#4257);
#3574=PLANE('',#4260);
#3575=PLANE('',#4265);
#3576=PLANE('',#4266);
#3577=PLANE('',#4273);
#3578=PLANE('',#4278);
#3579=PLANE('',#4279);
#3580=PLANE('',#4280);
#3581=ADVANCED_FACE('',(#434),#3478,.F.);
#3582=ADVANCED_FACE('',(#435),#3479,.F.);
#3583=ADVANCED_FACE('',(#436),#3480,.F.);
#3584=ADVANCED_FACE('',(#437),#3481,.F.);
#3585=ADVANCED_FACE('',(#438),#3482,.F.);
#3586=ADVANCED_FACE('',(#439),#3483,.F.);
#3587=ADVANCED_FACE('',(#440),#3484,.F.);
#3588=ADVANCED_FACE('',(#441),#3485,.F.);
#3589=ADVANCED_FACE('',(#442),#81,.F.);
#3590=ADVANCED_FACE('',(#443),#3486,.F.);
#3591=ADVANCED_FACE('',(#444),#3487,.F.);
#3592=ADVANCED_FACE('',(#445),#3488,.F.);
#3593=ADVANCED_FACE('',(#446),#3489,.F.);
#3594=ADVANCED_FACE('',(#447),#3490,.T.);
#3595=ADVANCED_FACE('',(#448),#3491,.T.);
#3596=ADVANCED_FACE('',(#449),#3492,.T.);
#3597=ADVANCED_FACE('',(#450),#3493,.T.);
#3598=ADVANCED_FACE('',(#451),#3494,.T.);
#3599=ADVANCED_FACE('',(#452),#3495,.T.);
#3600=ADVANCED_FACE('',(#453),#3496,.T.);
#3601=ADVANCED_FACE('',(#454),#3497,.T.);
#3602=ADVANCED_FACE('',(#455),#82,.F.);
#3603=ADVANCED_FACE('',(#456),#3498,.T.);
#3604=ADVANCED_FACE('',(#457),#3499,.T.);
#3605=ADVANCED_FACE('',(#458),#3500,.T.);
#3606=ADVANCED_FACE('',(#459),#3501,.T.);
#3607=ADVANCED_FACE('',(#460),#3502,.T.);
#3608=ADVANCED_FACE('',(#461),#3503,.T.);
#3609=ADVANCED_FACE('',(#462),#3504,.T.);
#3610=ADVANCED_FACE('',(#463),#3505,.T.);
#3611=ADVANCED_FACE('',(#464),#3506,.T.);
#3612=ADVANCED_FACE('',(#465),#3507,.T.);
#3613=ADVANCED_FACE('',(#466),#3508,.T.);
#3614=ADVANCED_FACE('',(#467),#3509,.T.);
#3615=ADVANCED_FACE('',(#468),#83,.F.);
#3616=ADVANCED_FACE('',(#469),#3510,.T.);
#3617=ADVANCED_FACE('',(#470),#3511,.T.);
#3618=ADVANCED_FACE('',(#471),#3512,.T.);
#3619=ADVANCED_FACE('',(#472),#3513,.T.);
#3620=ADVANCED_FACE('',(#473),#74,.F.);
#3621=ADVANCED_FACE('',(#474),#84,.F.);
#3622=ADVANCED_FACE('',(#475),#75,.F.);
#3623=ADVANCED_FACE('',(#476),#85,.F.);
#3624=ADVANCED_FACE('',(#477),#86,.F.);
#3625=ADVANCED_FACE('',(#478),#87,.F.);
#3626=ADVANCED_FACE('',(#479),#88,.T.);
#3627=ADVANCED_FACE('',(#480),#89,.T.);
#3628=ADVANCED_FACE('',(#481),#90,.T.);
#3629=ADVANCED_FACE('',(#482),#3514,.F.);
#3630=ADVANCED_FACE('',(#483),#3515,.F.);
#3631=ADVANCED_FACE('',(#484),#3516,.F.);
#3632=ADVANCED_FACE('',(#485),#3517,.F.);
#3633=ADVANCED_FACE('',(#486,#28),#3518,.F.);
#3634=ADVANCED_FACE('',(#487),#3519,.F.);
#3635=ADVANCED_FACE('',(#488),#76,.T.);
#3636=ADVANCED_FACE('',(#489),#91,.T.);
#3637=ADVANCED_FACE('',(#490,#29),#3520,.F.);
#3638=ADVANCED_FACE('',(#491),#17,.F.);
#3639=ADVANCED_FACE('',(#492),#3521,.T.);
#3640=ADVANCED_FACE('',(#493),#92,.F.);
#3641=ADVANCED_FACE('',(#494),#3522,.F.);
#3642=ADVANCED_FACE('',(#495),#93,.F.);
#3643=ADVANCED_FACE('',(#496),#3523,.F.);
#3644=ADVANCED_FACE('',(#497),#94,.F.);
#3645=ADVANCED_FACE('',(#498),#3524,.F.);
#3646=ADVANCED_FACE('',(#499),#95,.F.);
#3647=ADVANCED_FACE('',(#500),#3525,.F.);
#3648=ADVANCED_FACE('',(#501),#3526,.F.);
#3649=ADVANCED_FACE('',(#502),#96,.T.);
#3650=ADVANCED_FACE('',(#503),#3527,.T.);
#3651=ADVANCED_FACE('',(#504),#97,.T.);
#3652=ADVANCED_FACE('',(#505),#3528,.T.);
#3653=ADVANCED_FACE('',(#506),#98,.T.);
#3654=ADVANCED_FACE('',(#507),#3529,.T.);
#3655=ADVANCED_FACE('',(#508),#99,.T.);
#3656=ADVANCED_FACE('',(#509),#3530,.T.);
#3657=ADVANCED_FACE('',(#510),#100,.F.);
#3658=ADVANCED_FACE('',(#511,#30),#3531,.F.);
#3659=ADVANCED_FACE('',(#512),#101,.T.);
#3660=ADVANCED_FACE('',(#513),#102,.T.);
#3661=ADVANCED_FACE('',(#514),#103,.T.);
#3662=ADVANCED_FACE('',(#515),#104,.T.);
#3663=ADVANCED_FACE('',(#516),#105,.T.);
#3664=ADVANCED_FACE('',(#517),#3532,.F.);
#3665=ADVANCED_FACE('',(#518),#3533,.F.);
#3666=ADVANCED_FACE('',(#519),#106,.T.);
#3667=ADVANCED_FACE('',(#520),#107,.T.);
#3668=ADVANCED_FACE('',(#521),#3534,.F.);
#3669=ADVANCED_FACE('',(#522),#3535,.F.);
#3670=ADVANCED_FACE('',(#523),#3536,.F.);
#3671=ADVANCED_FACE('',(#524),#3537,.F.);
#3672=ADVANCED_FACE('',(#525),#3538,.F.);
#3673=ADVANCED_FACE('',(#526),#108,.F.);
#3674=ADVANCED_FACE('',(#527),#109,.F.);
#3675=ADVANCED_FACE('',(#528),#110,.F.);
#3676=ADVANCED_FACE('',(#529),#111,.F.);
#3677=ADVANCED_FACE('',(#530),#3539,.F.);
#3678=ADVANCED_FACE('',(#531),#3540,.F.);
#3679=ADVANCED_FACE('',(#532),#3541,.F.);
#3680=ADVANCED_FACE('',(#533),#112,.F.);
#3681=ADVANCED_FACE('',(#534),#3542,.T.);
#3682=ADVANCED_FACE('',(#535),#3543,.T.);
#3683=ADVANCED_FACE('',(#536),#3544,.T.);
#3684=ADVANCED_FACE('',(#537),#113,.T.);
#3685=ADVANCED_FACE('',(#538,#31),#3545,.T.);
#3686=ADVANCED_FACE('',(#539),#114,.T.);
#3687=ADVANCED_FACE('',(#540,#32),#3546,.T.);
#3688=ADVANCED_FACE('',(#541),#115,.T.);
#3689=ADVANCED_FACE('',(#542,#33),#3547,.T.);
#3690=ADVANCED_FACE('',(#543,#34,#35,#36,#37,#38,#39,#40,#41,#42,#43,#44),
#3548,.T.);
#3691=ADVANCED_FACE('',(#544),#77,.F.);
#3692=ADVANCED_FACE('',(#545),#116,.F.);
#3693=ADVANCED_FACE('',(#546),#78,.F.);
#3694=ADVANCED_FACE('',(#547),#117,.F.);
#3695=ADVANCED_FACE('',(#548),#79,.F.);
#3696=ADVANCED_FACE('',(#549),#118,.F.);
#3697=ADVANCED_FACE('',(#550),#80,.F.);
#3698=ADVANCED_FACE('',(#551),#119,.F.);
#3699=ADVANCED_FACE('',(#552),#120,.F.);
#3700=ADVANCED_FACE('',(#553),#121,.F.);
#3701=ADVANCED_FACE('',(#554),#122,.F.);
#3702=ADVANCED_FACE('',(#555),#123,.F.);
#3703=ADVANCED_FACE('',(#556),#3549,.T.);
#3704=ADVANCED_FACE('',(#557),#124,.T.);
#3705=ADVANCED_FACE('',(#558),#3550,.T.);
#3706=ADVANCED_FACE('',(#559),#3551,.T.);
#3707=ADVANCED_FACE('',(#560),#125,.T.);
#3708=ADVANCED_FACE('',(#561),#3552,.T.);
#3709=ADVANCED_FACE('',(#562),#3553,.T.);
#3710=ADVANCED_FACE('',(#563),#3554,.T.);
#3711=ADVANCED_FACE('',(#564),#126,.T.);
#3712=ADVANCED_FACE('',(#565),#3555,.T.);
#3713=ADVANCED_FACE('',(#566),#127,.T.);
#3714=ADVANCED_FACE('',(#567),#3556,.T.);
#3715=ADVANCED_FACE('',(#568),#3557,.T.);
#3716=ADVANCED_FACE('',(#569),#3558,.T.);
#3717=ADVANCED_FACE('',(#570),#3559,.T.);
#3718=ADVANCED_FACE('',(#571),#128,.F.);
#3719=ADVANCED_FACE('',(#572),#129,.T.);
#3720=ADVANCED_FACE('',(#573,#45),#3560,.T.);
#3721=ADVANCED_FACE('',(#574),#130,.F.);
#3722=ADVANCED_FACE('',(#575),#131,.T.);
#3723=ADVANCED_FACE('',(#576,#46),#3561,.T.);
#3724=ADVANCED_FACE('',(#577),#132,.F.);
#3725=ADVANCED_FACE('',(#578),#133,.T.);
#3726=ADVANCED_FACE('',(#579,#47),#3562,.T.);
#3727=ADVANCED_FACE('',(#580),#134,.F.);
#3728=ADVANCED_FACE('',(#581),#135,.T.);
#3729=ADVANCED_FACE('',(#582,#48),#3563,.T.);
#3730=ADVANCED_FACE('',(#583),#136,.F.);
#3731=ADVANCED_FACE('',(#584),#137,.T.);
#3732=ADVANCED_FACE('',(#585),#3564,.T.);
#3733=ADVANCED_FACE('',(#586),#138,.T.);
#3734=ADVANCED_FACE('',(#587),#3565,.T.);
#3735=ADVANCED_FACE('',(#588),#139,.T.);
#3736=ADVANCED_FACE('',(#589),#3566,.T.);
#3737=ADVANCED_FACE('',(#590),#140,.T.);
#3738=ADVANCED_FACE('',(#591),#141,.F.);
#3739=ADVANCED_FACE('',(#592),#142,.T.);
#3740=ADVANCED_FACE('',(#593),#3567,.T.);
#3741=ADVANCED_FACE('',(#594),#143,.T.);
#3742=ADVANCED_FACE('',(#595),#3568,.T.);
#3743=ADVANCED_FACE('',(#596),#144,.T.);
#3744=ADVANCED_FACE('',(#597),#3569,.T.);
#3745=ADVANCED_FACE('',(#598),#145,.T.);
#3746=ADVANCED_FACE('',(#599,#49,#50,#51,#52,#53,#54,#55),#3570,.T.);
#3747=ADVANCED_FACE('',(#600),#18,.T.);
#3748=ADVANCED_FACE('',(#601),#146,.T.);
#3749=ADVANCED_FACE('',(#602),#19,.T.);
#3750=ADVANCED_FACE('',(#603),#147,.T.);
#3751=ADVANCED_FACE('',(#604),#20,.T.);
#3752=ADVANCED_FACE('',(#605),#21,.T.);
#3753=ADVANCED_FACE('',(#606),#22,.T.);
#3754=ADVANCED_FACE('',(#607),#148,.T.);
#3755=ADVANCED_FACE('',(#608),#23,.T.);
#3756=ADVANCED_FACE('',(#609),#149,.T.);
#3757=ADVANCED_FACE('',(#610),#24,.T.);
#3758=ADVANCED_FACE('',(#611),#150,.T.);
#3759=ADVANCED_FACE('',(#612),#25,.T.);
#3760=ADVANCED_FACE('',(#613),#26,.T.);
#3761=ADVANCED_FACE('',(#614),#27,.T.);
#3762=ADVANCED_FACE('',(#615),#151,.T.);
#3763=ADVANCED_FACE('',(#616,#56),#3571,.T.);
#3764=ADVANCED_FACE('',(#617),#152,.T.);
#3765=ADVANCED_FACE('',(#618),#3572,.T.);
#3766=ADVANCED_FACE('',(#619),#153,.T.);
#3767=ADVANCED_FACE('',(#620),#154,.F.);
#3768=ADVANCED_FACE('',(#621),#155,.T.);
#3769=ADVANCED_FACE('',(#622),#3573,.T.);
#3770=ADVANCED_FACE('',(#623),#156,.T.);
#3771=ADVANCED_FACE('',(#624,#57,#58,#59,#60,#61,#62,#63),#3574,.F.);
#3772=ADVANCED_FACE('',(#625),#157,.F.);
#3773=ADVANCED_FACE('',(#626),#158,.F.);
#3774=ADVANCED_FACE('',(#627),#159,.F.);
#3775=ADVANCED_FACE('',(#628),#160,.F.);
#3776=ADVANCED_FACE('',(#629,#64,#65,#66,#67),#3575,.F.);
#3777=ADVANCED_FACE('',(#630),#3576,.F.);
#3778=ADVANCED_FACE('',(#631),#161,.T.);
#3779=ADVANCED_FACE('',(#632),#162,.F.);
#3780=ADVANCED_FACE('',(#633),#163,.T.);
#3781=ADVANCED_FACE('',(#634,#68,#69,#70,#71),#3577,.T.);
#3782=ADVANCED_FACE('',(#635),#164,.T.);
#3783=ADVANCED_FACE('',(#636),#165,.T.);
#3784=ADVANCED_FACE('',(#637),#3578,.T.);
#3785=ADVANCED_FACE('',(#638,#72),#3579,.T.);
#3786=ADVANCED_FACE('',(#639,#73),#3580,.T.);
#3787=CLOSED_SHELL('',(#3581,#3582,#3583,#3584,#3585,#3586,#3587,#3588,
#3589,#3590,#3591,#3592,#3593,#3594,#3595,#3596,#3597,#3598,#3599,#3600,
#3601,#3602,#3603,#3604,#3605,#3606,#3607,#3608,#3609,#3610,#3611,#3612,
#3613,#3614,#3615,#3616,#3617,#3618,#3619,#3620,#3621,#3622,#3623,#3624,
#3625,#3626,#3627,#3628,#3629,#3630,#3631,#3632,#3633,#3634,#3635,#3636,
#3637,#3638,#3639,#3640,#3641,#3642,#3643,#3644,#3645,#3646,#3647,#3648,
#3649,#3650,#3651,#3652,#3653,#3654,#3655,#3656,#3657,#3658,#3659,#3660,
#3661,#3662,#3663,#3664,#3665,#3666,#3667,#3668,#3669,#3670,#3671,#3672,
#3673,#3674,#3675,#3676,#3677,#3678,#3679,#3680,#3681,#3682,#3683,#3684,
#3685,#3686,#3687,#3688,#3689,#3690,#3691,#3692,#3693,#3694,#3695,#3696,
#3697,#3698,#3699,#3700,#3701,#3702,#3703,#3704,#3705,#3706,#3707,#3708,
#3709,#3710,#3711,#3712,#3713,#3714,#3715,#3716,#3717,#3718,#3719,#3720,
#3721,#3722,#3723,#3724,#3725,#3726,#3727,#3728,#3729,#3730,#3731,#3732,
#3733,#3734,#3735,#3736,#3737,#3738,#3739,#3740,#3741,#3742,#3743,#3744,
#3745,#3746,#3747,#3748,#3749,#3750,#3751,#3752,#3753,#3754,#3755,#3756,
#3757,#3758,#3759,#3760,#3761,#3762,#3763,#3764,#3765,#3766,#3767,#3768,
#3769,#3770,#3771,#3772,#3773,#3774,#3775,#3776,#3777,#3778,#3779,#3780,
#3781,#3782,#3783,#3784,#3785,#3786));
#3788=DERIVED_UNIT_ELEMENT(#3790,1.);
#3789=DERIVED_UNIT_ELEMENT(#6654,3.);
#3790=(
MASS_UNIT()
NAMED_UNIT(*)
SI_UNIT($,.GRAM.)
);
#3791=DERIVED_UNIT((#3788,#3789));
#3792=MEASURE_REPRESENTATION_ITEM('density measure',
POSITIVE_RATIO_MEASURE(1.06),#3791);
#3793=PROPERTY_DEFINITION_REPRESENTATION(#3798,#3795);
#3794=PROPERTY_DEFINITION_REPRESENTATION(#3799,#3796);
#3795=REPRESENTATION('material name',(#3797),#6651);
#3796=REPRESENTATION('density',(#3792),#6651);
#3797=DESCRIPTIVE_REPRESENTATION_ITEM('ABS Plastic','ABS Plastic');
#3798=PROPERTY_DEFINITION('material property','material name',#6661);
#3799=PROPERTY_DEFINITION('material property','density of part',#6661);
#3800=DATE_TIME_ROLE('creation_date');
#3801=APPLIED_DATE_AND_TIME_ASSIGNMENT(#3802,#3800,(#6661));
#3802=DATE_AND_TIME(#3803,#3804);
#3803=CALENDAR_DATE(2026,25,6);
#3804=LOCAL_TIME(1,0,37.,#3805);
#3805=COORDINATED_UNIVERSAL_TIME_OFFSET(0,0,.BEHIND.);
#3806=AXIS2_PLACEMENT_3D('placement',#5513,#4281,#4282);
#3807=AXIS2_PLACEMENT_3D('',#5514,#4283,#4284);
#3808=AXIS2_PLACEMENT_3D('',#5521,#4288,#4289);
#3809=AXIS2_PLACEMENT_3D('',#5528,#4293,#4294);
#3810=AXIS2_PLACEMENT_3D('',#5529,#4295,#4296);
#3811=AXIS2_PLACEMENT_3D('',#5531,#4298,#4299);
#3812=AXIS2_PLACEMENT_3D('',#5533,#4300,#4301);
#3813=AXIS2_PLACEMENT_3D('',#5534,#4302,#4303);
#3814=AXIS2_PLACEMENT_3D('',#5535,#4304,#4305);
#3815=AXIS2_PLACEMENT_3D('',#5542,#4309,#4310);
#3816=AXIS2_PLACEMENT_3D('',#5549,#4314,#4315);
#3817=AXIS2_PLACEMENT_3D('',#5550,#4316,#4317);
#3818=AXIS2_PLACEMENT_3D('',#5552,#4319,#4320);
#3819=AXIS2_PLACEMENT_3D('',#5554,#4321,#4322);
#3820=AXIS2_PLACEMENT_3D('',#5555,#4323,#4324);
#3821=AXIS2_PLACEMENT_3D('',#5556,#4325,#4326);
#3822=AXIS2_PLACEMENT_3D('',#5558,#4327,#4328);
#3823=AXIS2_PLACEMENT_3D('',#5560,#4329,#4330);
#3824=AXIS2_PLACEMENT_3D('',#5564,#4332,#4333);
#3825=AXIS2_PLACEMENT_3D('',#5567,#4335,#4336);
#3826=AXIS2_PLACEMENT_3D('',#5568,#4337,#4338);
#3827=AXIS2_PLACEMENT_3D('',#5570,#4339,#4340);
#3828=AXIS2_PLACEMENT_3D('',#5573,#4342,#4343);
#3829=AXIS2_PLACEMENT_3D('',#5574,#4344,#4345);
#3830=AXIS2_PLACEMENT_3D('',#5575,#4346,#4347);
#3831=AXIS2_PLACEMENT_3D('',#5579,#4350,#4351);
#3832=AXIS2_PLACEMENT_3D('',#5583,#4354,#4355);
#3833=AXIS2_PLACEMENT_3D('',#5585,#4357,#4358);
#3834=AXIS2_PLACEMENT_3D('',#5586,#4359,#4360);
#3835=AXIS2_PLACEMENT_3D('',#5589,#4361,#4362);
#3836=AXIS2_PLACEMENT_3D('',#5595,#4366,#4367);
#3837=AXIS2_PLACEMENT_3D('',#5599,#4370,#4371);
#3838=AXIS2_PLACEMENT_3D('',#5602,#4372,#4373);
#3839=AXIS2_PLACEMENT_3D('',#5604,#4375,#4376);
#3840=AXIS2_PLACEMENT_3D('',#5605,#4377,#4378);
#3841=AXIS2_PLACEMENT_3D('',#5607,#4380,#4381);
#3842=AXIS2_PLACEMENT_3D('',#5610,#4382,#4383);
#3843=AXIS2_PLACEMENT_3D('',#5616,#4387,#4388);
#3844=AXIS2_PLACEMENT_3D('',#5620,#4391,#4392);
#3845=AXIS2_PLACEMENT_3D('',#5623,#4393,#4394);
#3846=AXIS2_PLACEMENT_3D('',#5625,#4396,#4397);
#3847=AXIS2_PLACEMENT_3D('',#5626,#4398,#4399);
#3848=AXIS2_PLACEMENT_3D('',#5628,#4401,#4402);
#3849=AXIS2_PLACEMENT_3D('',#5630,#4403,#4404);
#3850=AXIS2_PLACEMENT_3D('',#5632,#4405,#4406);
#3851=AXIS2_PLACEMENT_3D('',#5636,#4408,#4409);
#3852=AXIS2_PLACEMENT_3D('',#5639,#4411,#4412);
#3853=AXIS2_PLACEMENT_3D('',#5640,#4413,#4414);
#3854=AXIS2_PLACEMENT_3D('',#5642,#4415,#4416);
#3855=AXIS2_PLACEMENT_3D('',#5645,#4418,#4419);
#3856=AXIS2_PLACEMENT_3D('',#5646,#4420,#4421);
#3857=AXIS2_PLACEMENT_3D('',#5647,#4422,#4423);
#3858=AXIS2_PLACEMENT_3D('',#5653,#4427,#4428);
#3859=AXIS2_PLACEMENT_3D('',#5655,#4430,#4431);
#3860=AXIS2_PLACEMENT_3D('',#5657,#4433,#4434);
#3861=AXIS2_PLACEMENT_3D('',#5658,#4435,#4436);
#3862=AXIS2_PLACEMENT_3D('',#5665,#4440,#4441);
#3863=AXIS2_PLACEMENT_3D('',#5667,#4442,#4443);
#3864=AXIS2_PLACEMENT_3D('',#5671,#4446,#4447);
#3865=AXIS2_PLACEMENT_3D('',#5673,#4448,#4449);
#3866=AXIS2_PLACEMENT_3D('',#5676,#4451,#4452);
#3867=AXIS2_PLACEMENT_3D('',#5677,#4453,#4454);
#3868=AXIS2_PLACEMENT_3D('',#5679,#4456,#4457);
#3869=AXIS2_PLACEMENT_3D('',#5686,#4461,#4462);
#3870=AXIS2_PLACEMENT_3D('',#5688,#4463,#4464);
#3871=AXIS2_PLACEMENT_3D('',#5692,#4467,#4468);
#3872=AXIS2_PLACEMENT_3D('',#5694,#4469,#4470);
#3873=AXIS2_PLACEMENT_3D('',#5697,#4472,#4473);
#3874=AXIS2_PLACEMENT_3D('',#5698,#4474,#4475);
#3875=AXIS2_PLACEMENT_3D('',#5700,#4477,#4478);
#3876=AXIS2_PLACEMENT_3D('',#5702,#4479,#4480);
#3877=AXIS2_PLACEMENT_3D('',#5704,#4481,#4482);
#3878=AXIS2_PLACEMENT_3D('',#5708,#4484,#4485);
#3879=AXIS2_PLACEMENT_3D('',#5711,#4487,#4488);
#3880=AXIS2_PLACEMENT_3D('',#5712,#4489,#4490);
#3881=AXIS2_PLACEMENT_3D('',#5714,#4491,#4492);
#3882=AXIS2_PLACEMENT_3D('',#5717,#4494,#4495);
#3883=AXIS2_PLACEMENT_3D('',#5718,#4496,#4497);
#3884=AXIS2_PLACEMENT_3D('',#5719,#4498,#4499);
#3885=AXIS2_PLACEMENT_3D('',#5723,#4502,#4503);
#3886=AXIS2_PLACEMENT_3D('',#5727,#4506,#4507);
#3887=AXIS2_PLACEMENT_3D('',#5729,#4509,#4510);
#3888=AXIS2_PLACEMENT_3D('',#5730,#4511,#4512);
#3889=AXIS2_PLACEMENT_3D('',#5733,#4513,#4514);
#3890=AXIS2_PLACEMENT_3D('',#5734,#4515,#4516);
#3891=AXIS2_PLACEMENT_3D('',#5738,#4518,#4519);
#3892=AXIS2_PLACEMENT_3D('',#5739,#4520,#4521);
#3893=AXIS2_PLACEMENT_3D('',#5740,#4522,#4523);
#3894=AXIS2_PLACEMENT_3D('',#5743,#4524,#4525);
#3895=AXIS2_PLACEMENT_3D('',#5744,#4526,#4527);
#3896=AXIS2_PLACEMENT_3D('',#5746,#4529,#4530);
#3897=AXIS2_PLACEMENT_3D('',#5749,#4531,#4532);
#3898=AXIS2_PLACEMENT_3D('',#5750,#4533,#4534);
#3899=AXIS2_PLACEMENT_3D('',#5754,#4536,#4537);
#3900=AXIS2_PLACEMENT_3D('',#5755,#4538,#4539);
#3901=AXIS2_PLACEMENT_3D('',#5756,#4540,#4541);
#3902=AXIS2_PLACEMENT_3D('',#5759,#4542,#4543);
#3903=AXIS2_PLACEMENT_3D('',#5760,#4544,#4545);
#3904=AXIS2_PLACEMENT_3D('',#5762,#4547,#4548);
#3905=AXIS2_PLACEMENT_3D('',#5765,#4549,#4550);
#3906=AXIS2_PLACEMENT_3D('',#5766,#4551,#4552);
#3907=AXIS2_PLACEMENT_3D('',#5768,#4554,#4555);
#3908=AXIS2_PLACEMENT_3D('',#5771,#4556,#4557);
#3909=AXIS2_PLACEMENT_3D('',#5772,#4558,#4559);
#3910=AXIS2_PLACEMENT_3D('',#5774,#4561,#4562);
#3911=AXIS2_PLACEMENT_3D('',#5777,#4563,#4564);
#3912=AXIS2_PLACEMENT_3D('',#5781,#4566,#4567);
#3913=AXIS2_PLACEMENT_3D('',#5783,#4569,#4570);
#3914=AXIS2_PLACEMENT_3D('',#5786,#4571,#4572);
#3915=AXIS2_PLACEMENT_3D('',#5790,#4574,#4575);
#3916=AXIS2_PLACEMENT_3D('',#5792,#4577,#4578);
#3917=AXIS2_PLACEMENT_3D('',#5794,#4579,#4580);
#3918=AXIS2_PLACEMENT_3D('',#5797,#4582,#4583);
#3919=AXIS2_PLACEMENT_3D('',#5798,#4584,#4585);
#3920=AXIS2_PLACEMENT_3D('',#5807,#4590,#4591);
#3921=AXIS2_PLACEMENT_3D('',#5813,#4595,#4596);
#3922=AXIS2_PLACEMENT_3D('',#5822,#4601,#4602);
#3923=AXIS2_PLACEMENT_3D('',#5828,#4606,#4607);
#3924=AXIS2_PLACEMENT_3D('',#5839,#4614,#4615);
#3925=AXIS2_PLACEMENT_3D('',#5845,#4619,#4620);
#3926=AXIS2_PLACEMENT_3D('',#5847,#4621,#4622);
#3927=AXIS2_PLACEMENT_3D('',#5851,#4624,#4625);
#3928=AXIS2_PLACEMENT_3D('',#5852,#4626,#4627);
#3929=AXIS2_PLACEMENT_3D('',#5853,#4628,#4629);
#3930=AXIS2_PLACEMENT_3D('',#5856,#4631,#4632);
#3931=AXIS2_PLACEMENT_3D('',#5857,#4633,#4634);
#3932=AXIS2_PLACEMENT_3D('',#5859,#4635,#4636);
#3933=AXIS2_PLACEMENT_3D('',#5860,#4637,#4638);
#3934=AXIS2_PLACEMENT_3D('',#5862,#4639,#4640);
#3935=AXIS2_PLACEMENT_3D('',#5864,#4641,#4642);
#3936=AXIS2_PLACEMENT_3D('',#5876,#4643,#4644);
#3937=AXIS2_PLACEMENT_3D('',#5877,#4645,#4646);
#3938=AXIS2_PLACEMENT_3D('',#5887,#4652,#4653);
#3939=AXIS2_PLACEMENT_3D('',#5890,#4654,#4655);
#3940=AXIS2_PLACEMENT_3D('',#5894,#4657,#4658);
#3941=AXIS2_PLACEMENT_3D('',#5896,#4660,#4661);
#3942=AXIS2_PLACEMENT_3D('',#5902,#4665,#4666);
#3943=AXIS2_PLACEMENT_3D('',#5905,#4667,#4668);
#3944=AXIS2_PLACEMENT_3D('',#5909,#4670,#4671);
#3945=AXIS2_PLACEMENT_3D('',#5911,#4673,#4674);
#3946=AXIS2_PLACEMENT_3D('',#5914,#4677,#4678);
#3947=AXIS2_PLACEMENT_3D('',#5917,#4679,#4680);
#3948=AXIS2_PLACEMENT_3D('',#5921,#4682,#4683);
#3949=AXIS2_PLACEMENT_3D('',#5923,#4685,#4686);
#3950=AXIS2_PLACEMENT_3D('',#5926,#4689,#4690);
#3951=AXIS2_PLACEMENT_3D('',#5928,#4691,#4692);
#3952=AXIS2_PLACEMENT_3D('',#5930,#4693,#4694);
#3953=AXIS2_PLACEMENT_3D('',#5932,#4696,#4697);
#3954=AXIS2_PLACEMENT_3D('',#5935,#4700,#4701);
#3955=AXIS2_PLACEMENT_3D('',#5936,#4702,#4703);
#3956=AXIS2_PLACEMENT_3D('',#5939,#4704,#4705);
#3957=AXIS2_PLACEMENT_3D('',#5940,#4706,#4707);
#3958=AXIS2_PLACEMENT_3D('',#5944,#4709,#4710);
#3959=AXIS2_PLACEMENT_3D('',#5945,#4711,#4712);
#3960=AXIS2_PLACEMENT_3D('',#5946,#4713,#4714);
#3961=AXIS2_PLACEMENT_3D('',#5947,#4715,#4716);
#3962=AXIS2_PLACEMENT_3D('',#5950,#4717,#4718);
#3963=AXIS2_PLACEMENT_3D('',#5951,#4719,#4720);
#3964=AXIS2_PLACEMENT_3D('',#5955,#4722,#4723);
#3965=AXIS2_PLACEMENT_3D('',#5956,#4724,#4725);
#3966=AXIS2_PLACEMENT_3D('',#5957,#4726,#4727);
#3967=AXIS2_PLACEMENT_3D('',#5958,#4728,#4729);
#3968=AXIS2_PLACEMENT_3D('',#5961,#4730,#4731);
#3969=AXIS2_PLACEMENT_3D('',#5962,#4732,#4733);
#3970=AXIS2_PLACEMENT_3D('',#5966,#4735,#4736);
#3971=AXIS2_PLACEMENT_3D('',#5967,#4737,#4738);
#3972=AXIS2_PLACEMENT_3D('',#5968,#4739,#4740);
#3973=AXIS2_PLACEMENT_3D('',#5969,#4741,#4742);
#3974=AXIS2_PLACEMENT_3D('',#5972,#4743,#4744);
#3975=AXIS2_PLACEMENT_3D('',#5973,#4745,#4746);
#3976=AXIS2_PLACEMENT_3D('',#5977,#4748,#4749);
#3977=AXIS2_PLACEMENT_3D('',#5978,#4750,#4751);
#3978=AXIS2_PLACEMENT_3D('',#5979,#4752,#4753);
#3979=AXIS2_PLACEMENT_3D('',#5980,#4754,#4755);
#3980=AXIS2_PLACEMENT_3D('',#5982,#4756,#4757);
#3981=AXIS2_PLACEMENT_3D('',#5984,#4759,#4760);
#3982=AXIS2_PLACEMENT_3D('',#5986,#4761,#4762);
#3983=AXIS2_PLACEMENT_3D('',#5987,#4763,#4764);
#3984=AXIS2_PLACEMENT_3D('',#5990,#4765,#4766);
#3985=AXIS2_PLACEMENT_3D('',#5994,#4768,#4769);
#3986=AXIS2_PLACEMENT_3D('',#5996,#4771,#4772);
#3987=AXIS2_PLACEMENT_3D('',#5999,#4773,#4774);
#3988=AXIS2_PLACEMENT_3D('',#6003,#4776,#4777);
#3989=AXIS2_PLACEMENT_3D('',#6005,#4779,#4780);
#3990=AXIS2_PLACEMENT_3D('',#6008,#4781,#4782);
#3991=AXIS2_PLACEMENT_3D('',#6012,#4784,#4785);
#3992=AXIS2_PLACEMENT_3D('',#6014,#4787,#4788);
#3993=AXIS2_PLACEMENT_3D('',#6017,#4789,#4790);
#3994=AXIS2_PLACEMENT_3D('',#6021,#4792,#4793);
#3995=AXIS2_PLACEMENT_3D('',#6023,#4795,#4796);
#3996=AXIS2_PLACEMENT_3D('',#6025,#4797,#4798);
#3997=AXIS2_PLACEMENT_3D('',#6028,#4800,#4801);
#3998=AXIS2_PLACEMENT_3D('',#6029,#4802,#4803);
#3999=AXIS2_PLACEMENT_3D('',#6035,#4807,#4808);
#4000=AXIS2_PLACEMENT_3D('',#6041,#4812,#4813);
#4001=AXIS2_PLACEMENT_3D('',#6043,#4814,#4815);
#4002=AXIS2_PLACEMENT_3D('',#6046,#4817,#4818);
#4003=AXIS2_PLACEMENT_3D('',#6047,#4819,#4820);
#4004=AXIS2_PLACEMENT_3D('',#6049,#4821,#4822);
#4005=AXIS2_PLACEMENT_3D('',#6052,#4824,#4825);
#4006=AXIS2_PLACEMENT_3D('',#6053,#4826,#4827);
#4007=AXIS2_PLACEMENT_3D('',#6059,#4831,#4832);
#4008=AXIS2_PLACEMENT_3D('',#6062,#4835,#4836);
#4009=AXIS2_PLACEMENT_3D('',#6065,#4839,#4840);
#4010=AXIS2_PLACEMENT_3D('',#6071,#4844,#4845);
#4011=AXIS2_PLACEMENT_3D('',#6077,#4849,#4850);
#4012=AXIS2_PLACEMENT_3D('',#6080,#4851,#4852);
#4013=AXIS2_PLACEMENT_3D('',#6081,#4853,#4854);
#4014=AXIS2_PLACEMENT_3D('',#6085,#4856,#4857);
#4015=AXIS2_PLACEMENT_3D('',#6086,#4858,#4859);
#4016=AXIS2_PLACEMENT_3D('',#6087,#4860,#4861);
#4017=AXIS2_PLACEMENT_3D('',#6090,#4862,#4863);
#4018=AXIS2_PLACEMENT_3D('',#6091,#4864,#4865);
#4019=AXIS2_PLACEMENT_3D('',#6095,#4867,#4868);
#4020=AXIS2_PLACEMENT_3D('',#6096,#4869,#4870);
#4021=AXIS2_PLACEMENT_3D('',#6097,#4871,#4872);
#4022=AXIS2_PLACEMENT_3D('',#6100,#4873,#4874);
#4023=AXIS2_PLACEMENT_3D('',#6101,#4875,#4876);
#4024=AXIS2_PLACEMENT_3D('',#6105,#4878,#4879);
#4025=AXIS2_PLACEMENT_3D('',#6106,#4880,#4881);
#4026=AXIS2_PLACEMENT_3D('',#6107,#4882,#4883);
#4027=AXIS2_PLACEMENT_3D('',#6110,#4884,#4885);
#4028=AXIS2_PLACEMENT_3D('',#6111,#4886,#4887);
#4029=AXIS2_PLACEMENT_3D('',#6115,#4889,#4890);
#4030=AXIS2_PLACEMENT_3D('',#6116,#4891,#4892);
#4031=AXIS2_PLACEMENT_3D('',#6117,#4893,#4894);
#4032=AXIS2_PLACEMENT_3D('',#6121,#4897,#4898);
#4033=AXIS2_PLACEMENT_3D('',#6125,#4901,#4902);
#4034=AXIS2_PLACEMENT_3D('',#6127,#4904,#4905);
#4035=AXIS2_PLACEMENT_3D('',#6130,#4906,#4907);
#4036=AXIS2_PLACEMENT_3D('',#6131,#4908,#4909);
#4037=AXIS2_PLACEMENT_3D('',#6133,#4911,#4912);
#4038=AXIS2_PLACEMENT_3D('',#6134,#4913,#4914);
#4039=AXIS2_PLACEMENT_3D('',#6135,#4915,#4916);
#4040=AXIS2_PLACEMENT_3D('',#6136,#4917,#4918);
#4041=AXIS2_PLACEMENT_3D('',#6139,#4919,#4920);
#4042=AXIS2_PLACEMENT_3D('',#6140,#4921,#4922);
#4043=AXIS2_PLACEMENT_3D('',#6144,#4924,#4925);
#4044=AXIS2_PLACEMENT_3D('',#6145,#4926,#4927);
#4045=AXIS2_PLACEMENT_3D('',#6146,#4928,#4929);
#4046=AXIS2_PLACEMENT_3D('',#6147,#4930,#4931);
#4047=AXIS2_PLACEMENT_3D('',#6150,#4932,#4933);
#4048=AXIS2_PLACEMENT_3D('',#6151,#4934,#4935);
#4049=AXIS2_PLACEMENT_3D('',#6155,#4937,#4938);
#4050=AXIS2_PLACEMENT_3D('',#6156,#4939,#4940);
#4051=AXIS2_PLACEMENT_3D('',#6157,#4941,#4942);
#4052=AXIS2_PLACEMENT_3D('',#6158,#4943,#4944);
#4053=AXIS2_PLACEMENT_3D('',#6161,#4945,#4946);
#4054=AXIS2_PLACEMENT_3D('',#6162,#4947,#4948);
#4055=AXIS2_PLACEMENT_3D('',#6166,#4950,#4951);
#4056=AXIS2_PLACEMENT_3D('',#6167,#4952,#4953);
#4057=AXIS2_PLACEMENT_3D('',#6168,#4954,#4955);
#4058=AXIS2_PLACEMENT_3D('',#6169,#4956,#4957);
#4059=AXIS2_PLACEMENT_3D('',#6170,#4958,#4959);
#4060=AXIS2_PLACEMENT_3D('',#6174,#4961,#4962);
#4061=AXIS2_PLACEMENT_3D('',#6177,#4964,#4965);
#4062=AXIS2_PLACEMENT_3D('',#6182,#4968,#4969);
#4063=AXIS2_PLACEMENT_3D('',#6183,#4970,#4971);
#4064=AXIS2_PLACEMENT_3D('',#6187,#4973,#4974);
#4065=AXIS2_PLACEMENT_3D('',#6195,#4978,#4979);
#4066=AXIS2_PLACEMENT_3D('',#6197,#4981,#4982);
#4067=AXIS2_PLACEMENT_3D('',#6200,#4983,#4984);
#4068=AXIS2_PLACEMENT_3D('',#6201,#4985,#4986);
#4069=AXIS2_PLACEMENT_3D('',#6204,#4987,#4988);
#4070=AXIS2_PLACEMENT_3D('',#6205,#4989,#4990);
#4071=AXIS2_PLACEMENT_3D('',#6208,#4991,#4992);
#4072=AXIS2_PLACEMENT_3D('',#6209,#4993,#4994);
#4073=AXIS2_PLACEMENT_3D('',#6212,#4995,#4996);
#4074=AXIS2_PLACEMENT_3D('',#6213,#4997,#4998);
#4075=AXIS2_PLACEMENT_3D('',#6214,#4999,#5000);
#4076=AXIS2_PLACEMENT_3D('',#6217,#5001,#5002);
#4077=AXIS2_PLACEMENT_3D('',#6218,#5003,#5004);
#4078=AXIS2_PLACEMENT_3D('',#6221,#5006,#5007);
#4079=AXIS2_PLACEMENT_3D('',#6222,#5008,#5009);
#4080=AXIS2_PLACEMENT_3D('',#6225,#5011,#5012);
#4081=AXIS2_PLACEMENT_3D('',#6226,#5013,#5014);
#4082=AXIS2_PLACEMENT_3D('',#6229,#5015,#5016);
#4083=AXIS2_PLACEMENT_3D('',#6230,#5017,#5018);
#4084=AXIS2_PLACEMENT_3D('',#6233,#5020,#5021);
#4085=AXIS2_PLACEMENT_3D('',#6234,#5022,#5023);
#4086=AXIS2_PLACEMENT_3D('',#6237,#5025,#5026);
#4087=AXIS2_PLACEMENT_3D('',#6238,#5027,#5028);
#4088=AXIS2_PLACEMENT_3D('',#6241,#5029,#5030);
#4089=AXIS2_PLACEMENT_3D('',#6242,#5031,#5032);
#4090=AXIS2_PLACEMENT_3D('',#6245,#5034,#5035);
#4091=AXIS2_PLACEMENT_3D('',#6246,#5036,#5037);
#4092=AXIS2_PLACEMENT_3D('',#6249,#5039,#5040);
#4093=AXIS2_PLACEMENT_3D('',#6250,#5041,#5042);
#4094=AXIS2_PLACEMENT_3D('',#6253,#5043,#5044);
#4095=AXIS2_PLACEMENT_3D('',#6254,#5045,#5046);
#4096=AXIS2_PLACEMENT_3D('',#6257,#5048,#5049);
#4097=AXIS2_PLACEMENT_3D('',#6258,#5050,#5051);
#4098=AXIS2_PLACEMENT_3D('',#6261,#5053,#5054);
#4099=AXIS2_PLACEMENT_3D('',#6262,#5055,#5056);
#4100=AXIS2_PLACEMENT_3D('',#6265,#5058,#5059);
#4101=AXIS2_PLACEMENT_3D('',#6266,#5060,#5061);
#4102=AXIS2_PLACEMENT_3D('',#6269,#5063,#5064);
#4103=AXIS2_PLACEMENT_3D('',#6270,#5065,#5066);
#4104=AXIS2_PLACEMENT_3D('',#6273,#5068,#5069);
#4105=AXIS2_PLACEMENT_3D('',#6274,#5070,#5071);
#4106=AXIS2_PLACEMENT_3D('',#6277,#5073,#5074);
#4107=AXIS2_PLACEMENT_3D('',#6278,#5075,#5076);
#4108=AXIS2_PLACEMENT_3D('',#6284,#5080,#5081);
#4109=AXIS2_PLACEMENT_3D('',#6286,#5082,#5083);
#4110=AXIS2_PLACEMENT_3D('',#6288,#5085,#5086);
#4111=AXIS2_PLACEMENT_3D('',#6290,#5088,#5089);
#4112=AXIS2_PLACEMENT_3D('',#6294,#5092,#5093);
#4113=AXIS2_PLACEMENT_3D('',#6296,#5094,#5095);
#4114=AXIS2_PLACEMENT_3D('',#6298,#5097,#5098);
#4115=AXIS2_PLACEMENT_3D('',#6300,#5100,#5101);
#4116=AXIS2_PLACEMENT_3D('',#6306,#5105,#5106);
#4117=AXIS2_PLACEMENT_3D('',#6310,#5109,#5110);
#4118=AXIS2_PLACEMENT_3D('',#6311,#5111,#5112);
#4119=AXIS2_PLACEMENT_3D('',#6312,#5113,#5114);
#4120=AXIS2_PLACEMENT_3D('',#6318,#5118,#5119);
#4121=AXIS2_PLACEMENT_3D('',#6319,#5120,#5121);
#4122=AXIS2_PLACEMENT_3D('',#6320,#5122,#5123);
#4123=AXIS2_PLACEMENT_3D('',#6322,#5124,#5125);
#4124=AXIS2_PLACEMENT_3D('',#6323,#5126,#5127);
#4125=AXIS2_PLACEMENT_3D('',#6325,#5128,#5129);
#4126=AXIS2_PLACEMENT_3D('',#6326,#5130,#5131);
#4127=AXIS2_PLACEMENT_3D('',#6328,#5132,#5133);
#4128=AXIS2_PLACEMENT_3D('',#6329,#5134,#5135);
#4129=AXIS2_PLACEMENT_3D('',#6331,#5136,#5137);
#4130=AXIS2_PLACEMENT_3D('',#6332,#5138,#5139);
#4131=AXIS2_PLACEMENT_3D('',#6334,#5140,#5141);
#4132=AXIS2_PLACEMENT_3D('',#6336,#5143,#5144);
#4133=AXIS2_PLACEMENT_3D('',#6339,#5145,#5146);
#4134=AXIS2_PLACEMENT_3D('',#6340,#5147,#5148);
#4135=AXIS2_PLACEMENT_3D('',#6342,#5150,#5151);
#4136=AXIS2_PLACEMENT_3D('',#6343,#5152,#5153);
#4137=AXIS2_PLACEMENT_3D('',#6345,#5154,#5155);
#4138=AXIS2_PLACEMENT_3D('',#6347,#5157,#5158);
#4139=AXIS2_PLACEMENT_3D('',#6350,#5159,#5160);
#4140=AXIS2_PLACEMENT_3D('',#6351,#5161,#5162);
#4141=AXIS2_PLACEMENT_3D('',#6353,#5164,#5165);
#4142=AXIS2_PLACEMENT_3D('',#6354,#5166,#5167);
#4143=AXIS2_PLACEMENT_3D('',#6356,#5168,#5169);
#4144=AXIS2_PLACEMENT_3D('',#6358,#5171,#5172);
#4145=AXIS2_PLACEMENT_3D('',#6361,#5173,#5174);
#4146=AXIS2_PLACEMENT_3D('',#6362,#5175,#5176);
#4147=AXIS2_PLACEMENT_3D('',#6364,#5178,#5179);
#4148=AXIS2_PLACEMENT_3D('',#6365,#5180,#5181);
#4149=AXIS2_PLACEMENT_3D('',#6367,#5182,#5183);
#4150=AXIS2_PLACEMENT_3D('',#6369,#5185,#5186);
#4151=AXIS2_PLACEMENT_3D('',#6372,#5187,#5188);
#4152=AXIS2_PLACEMENT_3D('',#6373,#5189,#5190);
#4153=AXIS2_PLACEMENT_3D('',#6375,#5192,#5193);
#4154=AXIS2_PLACEMENT_3D('',#6376,#5194,#5195);
#4155=AXIS2_PLACEMENT_3D('',#6379,#5196,#5197);
#4156=AXIS2_PLACEMENT_3D('',#6383,#5199,#5200);
#4157=AXIS2_PLACEMENT_3D('',#6385,#5202,#5203);
#4158=AXIS2_PLACEMENT_3D('',#6387,#5204,#5205);
#4159=AXIS2_PLACEMENT_3D('',#6389,#5206,#5207);
#4160=AXIS2_PLACEMENT_3D('',#6391,#5209,#5210);
#4161=AXIS2_PLACEMENT_3D('',#6397,#5214,#5215);
#4162=AXIS2_PLACEMENT_3D('',#6399,#5216,#5217);
#4163=AXIS2_PLACEMENT_3D('',#6401,#5218,#5219);
#4164=AXIS2_PLACEMENT_3D('',#6403,#5221,#5222);
#4165=AXIS2_PLACEMENT_3D('',#6409,#5226,#5227);
#4166=AXIS2_PLACEMENT_3D('',#6411,#5228,#5229);
#4167=AXIS2_PLACEMENT_3D('',#6413,#5230,#5231);
#4168=AXIS2_PLACEMENT_3D('',#6415,#5233,#5234);
#4169=AXIS2_PLACEMENT_3D('',#6421,#5238,#5239);
#4170=AXIS2_PLACEMENT_3D('',#6423,#5240,#5241);
#4171=AXIS2_PLACEMENT_3D('',#6425,#5242,#5243);
#4172=AXIS2_PLACEMENT_3D('',#6427,#5245,#5246);
#4173=AXIS2_PLACEMENT_3D('',#6429,#5247,#5248);
#4174=AXIS2_PLACEMENT_3D('',#6431,#5249,#5250);
#4175=AXIS2_PLACEMENT_3D('',#6433,#5252,#5253);
#4176=AXIS2_PLACEMENT_3D('',#6435,#5254,#5255);
#4177=AXIS2_PLACEMENT_3D('',#6437,#5256,#5257);
#4178=AXIS2_PLACEMENT_3D('',#6439,#5259,#5260);
#4179=AXIS2_PLACEMENT_3D('',#6445,#5264,#5265);
#4180=AXIS2_PLACEMENT_3D('',#6447,#5266,#5267);
#4181=AXIS2_PLACEMENT_3D('',#6449,#5268,#5269);
#4182=AXIS2_PLACEMENT_3D('',#6451,#5271,#5272);
#4183=AXIS2_PLACEMENT_3D('',#6457,#5276,#5277);
#4184=AXIS2_PLACEMENT_3D('',#6459,#5278,#5279);
#4185=AXIS2_PLACEMENT_3D('',#6461,#5280,#5281);
#4186=AXIS2_PLACEMENT_3D('',#6463,#5283,#5284);
#4187=AXIS2_PLACEMENT_3D('',#6469,#5288,#5289);
#4188=AXIS2_PLACEMENT_3D('',#6470,#5290,#5291);
#4189=AXIS2_PLACEMENT_3D('',#6471,#5292,#5293);
#4190=AXIS2_PLACEMENT_3D('',#6472,#5294,#5295);
#4191=AXIS2_PLACEMENT_3D('',#6474,#5296,#5297);
#4192=AXIS2_PLACEMENT_3D('',#6476,#5299,#5300);
#4193=AXIS2_PLACEMENT_3D('',#6477,#5301,#5302);
#4194=AXIS2_PLACEMENT_3D('',#6479,#5304,#5305);
#4195=AXIS2_PLACEMENT_3D('',#6480,#5306,#5307);
#4196=AXIS2_PLACEMENT_3D('',#6483,#5308,#5309);
#4197=AXIS2_PLACEMENT_3D('',#6485,#5310,#5311);
#4198=AXIS2_PLACEMENT_3D('',#6487,#5312,#5313);
#4199=AXIS2_PLACEMENT_3D('',#6488,#5314,#5315);
#4200=AXIS2_PLACEMENT_3D('',#6489,#5316,#5317);
#4201=AXIS2_PLACEMENT_3D('',#6492,#5318,#5319);
#4202=AXIS2_PLACEMENT_3D('',#6495,#5322,#5323);
#4203=AXIS2_PLACEMENT_3D('',#6498,#5324,#5325);
#4204=AXIS2_PLACEMENT_3D('',#6499,#5326,#5327);
#4205=AXIS2_PLACEMENT_3D('',#6500,#5328,#5329);
#4206=AXIS2_PLACEMENT_3D('',#6501,#5330,#5331);
#4207=AXIS2_PLACEMENT_3D('',#6504,#5332,#5333);
#4208=AXIS2_PLACEMENT_3D('',#6507,#5336,#5337);
#4209=AXIS2_PLACEMENT_3D('',#6510,#5338,#5339);
#4210=AXIS2_PLACEMENT_3D('',#6511,#5340,#5341);
#4211=AXIS2_PLACEMENT_3D('',#6512,#5342,#5343);
#4212=AXIS2_PLACEMENT_3D('',#6513,#5344,#5345);
#4213=AXIS2_PLACEMENT_3D('',#6516,#5346,#5347);
#4214=AXIS2_PLACEMENT_3D('',#6517,#5348,#5349);
#4215=AXIS2_PLACEMENT_3D('',#6518,#5350,#5351);
#4216=AXIS2_PLACEMENT_3D('',#6519,#5352,#5353);
#4217=AXIS2_PLACEMENT_3D('',#6522,#5354,#5355);
#4218=AXIS2_PLACEMENT_3D('',#6523,#5356,#5357);
#4219=AXIS2_PLACEMENT_3D('',#6524,#5358,#5359);
#4220=AXIS2_PLACEMENT_3D('',#6525,#5360,#5361);
#4221=AXIS2_PLACEMENT_3D('',#6528,#5362,#5363);
#4222=AXIS2_PLACEMENT_3D('',#6531,#5366,#5367);
#4223=AXIS2_PLACEMENT_3D('',#6534,#5368,#5369);
#4224=AXIS2_PLACEMENT_3D('',#6535,#5370,#5371);
#4225=AXIS2_PLACEMENT_3D('',#6536,#5372,#5373);
#4226=AXIS2_PLACEMENT_3D('',#6537,#5374,#5375);
#4227=AXIS2_PLACEMENT_3D('',#6540,#5376,#5377);
#4228=AXIS2_PLACEMENT_3D('',#6543,#5380,#5381);
#4229=AXIS2_PLACEMENT_3D('',#6546,#5382,#5383);
#4230=AXIS2_PLACEMENT_3D('',#6547,#5384,#5385);
#4231=AXIS2_PLACEMENT_3D('',#6548,#5386,#5387);
#4232=AXIS2_PLACEMENT_3D('',#6549,#5388,#5389);
#4233=AXIS2_PLACEMENT_3D('',#6552,#5390,#5391);
#4234=AXIS2_PLACEMENT_3D('',#6555,#5394,#5395);
#4235=AXIS2_PLACEMENT_3D('',#6558,#5396,#5397);
#4236=AXIS2_PLACEMENT_3D('',#6559,#5398,#5399);
#4237=AXIS2_PLACEMENT_3D('',#6560,#5400,#5401);
#4238=AXIS2_PLACEMENT_3D('',#6561,#5402,#5403);
#4239=AXIS2_PLACEMENT_3D('',#6564,#5404,#5405);
#4240=AXIS2_PLACEMENT_3D('',#6565,#5406,#5407);
#4241=AXIS2_PLACEMENT_3D('',#6566,#5408,#5409);
#4242=AXIS2_PLACEMENT_3D('',#6567,#5410,#5411);
#4243=AXIS2_PLACEMENT_3D('',#6570,#5412,#5413);
#4244=AXIS2_PLACEMENT_3D('',#6571,#5414,#5415);
#4245=AXIS2_PLACEMENT_3D('',#6572,#5416,#5417);
#4246=AXIS2_PLACEMENT_3D('',#6573,#5418,#5419);
#4247=AXIS2_PLACEMENT_3D('',#6576,#5422,#5423);
#4248=AXIS2_PLACEMENT_3D('',#6582,#5427,#5428);
#4249=AXIS2_PLACEMENT_3D('',#6585,#5430,#5431);
#4250=AXIS2_PLACEMENT_3D('',#6586,#5432,#5433);
#4251=AXIS2_PLACEMENT_3D('',#6590,#5436,#5437);
#4252=AXIS2_PLACEMENT_3D('',#6593,#5439,#5440);
#4253=AXIS2_PLACEMENT_3D('',#6594,#5441,#5442);
#4254=AXIS2_PLACEMENT_3D('',#6597,#5444,#5445);
#4255=AXIS2_PLACEMENT_3D('',#6598,#5446,#5447);
#4256=AXIS2_PLACEMENT_3D('',#6601,#5449,#5450);
#4257=AXIS2_PLACEMENT_3D('',#6602,#5451,#5452);
#4258=AXIS2_PLACEMENT_3D('',#6606,#5455,#5456);
#4259=AXIS2_PLACEMENT_3D('',#6609,#5458,#5459);
#4260=AXIS2_PLACEMENT_3D('',#6610,#5460,#5461);
#4261=AXIS2_PLACEMENT_3D('',#6611,#5462,#5463);
#4262=AXIS2_PLACEMENT_3D('',#6612,#5464,#5465);
#4263=AXIS2_PLACEMENT_3D('',#6614,#5467,#5468);
#4264=AXIS2_PLACEMENT_3D('',#6615,#5469,#5470);
#4265=AXIS2_PLACEMENT_3D('',#6616,#5471,#5472);
#4266=AXIS2_PLACEMENT_3D('',#6617,#5473,#5474);
#4267=AXIS2_PLACEMENT_3D('',#6618,#5475,#5476);
#4268=AXIS2_PLACEMENT_3D('',#6622,#5478,#5479);
#4269=AXIS2_PLACEMENT_3D('',#6624,#5481,#5482);
#4270=AXIS2_PLACEMENT_3D('',#6626,#5483,#5484);
#4271=AXIS2_PLACEMENT_3D('',#6628,#5486,#5487);
#4272=AXIS2_PLACEMENT_3D('',#6630,#5488,#5489);
#4273=AXIS2_PLACEMENT_3D('',#6632,#5491,#5492);
#4274=AXIS2_PLACEMENT_3D('',#6636,#5495,#5496);
#4275=AXIS2_PLACEMENT_3D('',#6638,#5497,#5498);
#4276=AXIS2_PLACEMENT_3D('',#6640,#5500,#5501);
#4277=AXIS2_PLACEMENT_3D('',#6643,#5503,#5504);
#4278=AXIS2_PLACEMENT_3D('',#6644,#5505,#5506);
#4279=AXIS2_PLACEMENT_3D('',#6646,#5508,#5509);
#4280=AXIS2_PLACEMENT_3D('',#6648,#5511,#5512);
#4281=DIRECTION('axis',(0.,0.,1.));
#4282=DIRECTION('refdir',(1.,0.,0.));
#4283=DIRECTION('center_axis',(-0.866025403784438,0.,0.500000000000001));
#4284=DIRECTION('ref_axis',(0.5,0.,0.866025403784438));
#4285=DIRECTION('',(0.,1.,0.));
#4286=DIRECTION('',(0.500000000000001,0.,0.866025403784438));
#4287=DIRECTION('',(-0.353553390593274,-0.707106781186547,-0.612372435695794));
#4288=DIRECTION('center_axis',(0.866025403784438,0.,-0.500000000000001));
#4289=DIRECTION('ref_axis',(-0.5,0.,-0.866025403784438));
#4290=DIRECTION('',(0.,-1.,0.));
#4291=DIRECTION('',(0.353553390593274,0.707106781186547,0.612372435695794));
#4292=DIRECTION('',(-0.500000000000001,0.,-0.866025403784438));
#4293=DIRECTION('center_axis',(0.,1.,0.));
#4294=DIRECTION('ref_axis',(0.500000000000001,0.,0.866025403784438));
#4295=DIRECTION('center_axis',(0.,1.,0.));
#4296=DIRECTION('ref_axis',(-1.,0.,-3.21827578452214E-16));
#4297=DIRECTION('',(0.866025403784438,0.,-0.5));
#4298=DIRECTION('center_axis',(0.353553390593274,-0.707106781186548,0.612372435695794));
#4299=DIRECTION('ref_axis',(-0.353553390593274,-0.707106781186547,-0.612372435695794));
#4300=DIRECTION('center_axis',(0.353553390593274,-0.707106781186548,0.612372435695794));
#4301=DIRECTION('ref_axis',(-0.353553390593274,-0.707106781186548,-0.612372435695794));
#4302=DIRECTION('center_axis',(0.353553390593274,-0.707106781186548,0.612372435695794));
#4303=DIRECTION('ref_axis',(-0.353553390593274,-0.707106781186548,-0.612372435695794));
#4304=DIRECTION('center_axis',(0.866025403784439,0.,0.5));
#4305=DIRECTION('ref_axis',(0.5,0.,-0.866025403784439));
#4306=DIRECTION('',(0.,1.,0.));
#4307=DIRECTION('',(0.5,0.,-0.866025403784439));
#4308=DIRECTION('',(-0.353553390593274,-0.707106781186548,0.612372435695795));
#4309=DIRECTION('center_axis',(-0.866025403784439,0.,-0.5));
#4310=DIRECTION('ref_axis',(-0.5,0.,0.866025403784439));
#4311=DIRECTION('',(0.,-1.,0.));
#4312=DIRECTION('',(0.353553390593274,0.707106781186548,-0.612372435695795));
#4313=DIRECTION('',(-0.5,0.,0.866025403784439));
#4314=DIRECTION('center_axis',(0.,1.,0.));
#4315=DIRECTION('ref_axis',(0.5,0.,-0.866025403784439));
#4316=DIRECTION('center_axis',(0.,1.,0.));
#4317=DIRECTION('ref_axis',(-1.,0.,-3.21827578452214E-16));
#4318=DIRECTION('',(-0.866025403784439,0.,-0.5));
#4319=DIRECTION('center_axis',(0.353553390593274,-0.707106781186548,-0.612372435695795));
#4320=DIRECTION('ref_axis',(-0.353553390593274,-0.707106781186548,0.612372435695795));
#4321=DIRECTION('center_axis',(0.353553390593274,-0.707106781186548,-0.612372435695795));
#4322=DIRECTION('ref_axis',(-0.353553390593274,-0.707106781186547,0.612372435695795));
#4323=DIRECTION('center_axis',(0.353553390593274,-0.707106781186548,-0.612372435695795));
#4324=DIRECTION('ref_axis',(-0.353553390593274,-0.707106781186547,0.612372435695795));
#4325=DIRECTION('center_axis',(0.,1.,0.));
#4326=DIRECTION('ref_axis',(-1.,0.,-3.21827578452214E-16));
#4327=DIRECTION('center_axis',(0.,-1.,0.));
#4328=DIRECTION('ref_axis',(-1.,0.,-3.21827578452214E-16));
#4329=DIRECTION('center_axis',(-0.707106781186548,-0.707106781186548,0.));
#4330=DIRECTION('ref_axis',(-0.707106781186548,0.707106781186548,-2.27566463096406E-16));
#4331=DIRECTION('',(0.,-1.,0.));
#4332=DIRECTION('center_axis',(0.,1.,0.));
#4333=DIRECTION('ref_axis',(-1.,0.,-3.21827578452214E-16));
#4334=DIRECTION('',(0.,1.,0.));
#4335=DIRECTION('center_axis',(-0.707106781186548,-0.707106781186548,0.));
#4336=DIRECTION('ref_axis',(-0.707106781186548,0.707106781186548,-2.27566463096406E-16));
#4337=DIRECTION('center_axis',(0.,-1.,0.));
#4338=DIRECTION('ref_axis',(-1.,0.,-3.21827578452214E-16));
#4339=DIRECTION('center_axis',(0.,-1.,0.));
#4340=DIRECTION('ref_axis',(-1.,0.,-3.21827578452214E-16));
#4341=DIRECTION('',(0.,-1.,0.));
#4342=DIRECTION('center_axis',(0.,-1.,0.));
#4343=DIRECTION('ref_axis',(1.,0.,0.));
#4344=DIRECTION('center_axis',(0.,-1.,0.));
#4345=DIRECTION('ref_axis',(-1.,0.,-3.21827578452214E-16));
#4346=DIRECTION('center_axis',(0.,0.,-1.));
#4347=DIRECTION('ref_axis',(-1.,0.,0.));
#4348=DIRECTION('',(-1.,0.,2.96059473233375E-16));
#4349=DIRECTION('',(0.707106781186548,-0.707106781186548,-2.09345661157837E-16));
#4350=DIRECTION('center_axis',(0.,0.,1.));
#4351=DIRECTION('ref_axis',(1.,0.,0.));
#4352=DIRECTION('',(-0.707106781186548,0.707106781186548,2.09345661157837E-16));
#4353=DIRECTION('',(1.,0.,-2.96059473233375E-16));
#4354=DIRECTION('center_axis',(0.,1.,0.));
#4355=DIRECTION('ref_axis',(-1.,0.,2.96059473233375E-16));
#4356=DIRECTION('',(0.,0.,1.));
#4357=DIRECTION('center_axis',(-0.707106781186548,-0.707106781186548,0.));
#4358=DIRECTION('ref_axis',(0.707106781186548,-0.707106781186548,-2.09345661157837E-16));
#4359=DIRECTION('center_axis',(0.,-1.,0.));
#4360=DIRECTION('ref_axis',(-0.5,0.,0.866025403784438));
#4361=DIRECTION('center_axis',(0.,1.,0.));
#4362=DIRECTION('ref_axis',(-1.,0.,-3.21827578452214E-16));
#4363=DIRECTION('',(0.5,0.,-0.866025403784438));
#4364=DIRECTION('',(0.866025403784438,0.,0.5));
#4365=DIRECTION('',(-0.5,0.,0.866025403784438));
#4366=DIRECTION('center_axis',(0.866025403784438,0.,0.500000000000001));
#4367=DIRECTION('ref_axis',(0.5,0.,-0.866025403784438));
#4368=DIRECTION('',(0.,-1.,0.));
#4369=DIRECTION('',(-0.353553390593274,-0.707106781186547,0.612372435695794));
#4370=DIRECTION('center_axis',(-0.353553390593274,0.707106781186548,0.612372435695794));
#4371=DIRECTION('ref_axis',(0.353553390593274,0.707106781186547,-0.612372435695794));
#4372=DIRECTION('center_axis',(0.353553390593274,-0.707106781186548,-0.612372435695794));
#4373=DIRECTION('ref_axis',(-0.353553390593274,-0.707106781186548,0.612372435695794));
#4374=DIRECTION('',(0.353553390593274,0.707106781186547,-0.612372435695794));
#4375=DIRECTION('center_axis',(0.353553390593274,-0.707106781186548,-0.612372435695794));
#4376=DIRECTION('ref_axis',(-0.353553390593274,-0.707106781186548,0.612372435695794));
#4377=DIRECTION('center_axis',(-0.866025403784438,0.,-0.500000000000001));
#4378=DIRECTION('ref_axis',(-0.5,0.,0.866025403784438));
#4379=DIRECTION('',(0.,1.,0.));
#4380=DIRECTION('center_axis',(0.,-1.,0.));
#4381=DIRECTION('ref_axis',(-0.5,0.,-0.866025403784439));
#4382=DIRECTION('center_axis',(0.,1.,0.));
#4383=DIRECTION('ref_axis',(-1.,0.,-3.21827578452214E-16));
#4384=DIRECTION('',(0.5,0.,0.866025403784439));
#4385=DIRECTION('',(-0.866025403784439,0.,0.5));
#4386=DIRECTION('',(-0.5,0.,-0.866025403784439));
#4387=DIRECTION('center_axis',(-0.866025403784439,0.,0.5));
#4388=DIRECTION('ref_axis',(0.5,0.,0.866025403784439));
#4389=DIRECTION('',(0.,-1.,0.));
#4390=DIRECTION('',(-0.353553390593274,-0.707106781186547,-0.612372435695795));
#4391=DIRECTION('center_axis',(-0.353553390593274,0.707106781186548,-0.612372435695795));
#4392=DIRECTION('ref_axis',(0.353553390593274,0.707106781186547,0.612372435695795));
#4393=DIRECTION('center_axis',(0.353553390593274,-0.707106781186548,0.612372435695795));
#4394=DIRECTION('ref_axis',(-0.353553390593274,-0.707106781186548,-0.612372435695794));
#4395=DIRECTION('',(0.353553390593274,0.707106781186547,0.612372435695795));
#4396=DIRECTION('center_axis',(0.353553390593274,-0.707106781186548,0.612372435695795));
#4397=DIRECTION('ref_axis',(-0.353553390593274,-0.707106781186548,-0.612372435695794));
#4398=DIRECTION('center_axis',(0.866025403784439,0.,-0.5));
#4399=DIRECTION('ref_axis',(-0.5,0.,-0.866025403784439));
#4400=DIRECTION('',(0.,1.,0.));
#4401=DIRECTION('center_axis',(0.,1.,0.));
#4402=DIRECTION('ref_axis',(-1.,0.,-3.21827578452214E-16));
#4403=DIRECTION('center_axis',(0.,-1.,0.));
#4404=DIRECTION('ref_axis',(-1.,0.,-3.21827578452214E-16));
#4405=DIRECTION('center_axis',(-0.707106781186548,-0.707106781186548,0.));
#4406=DIRECTION('ref_axis',(-0.707106781186548,0.707106781186548,-2.27566463096406E-16));
#4407=DIRECTION('',(0.,-1.,0.));
#4408=DIRECTION('center_axis',(0.,1.,0.));
#4409=DIRECTION('ref_axis',(-1.,0.,-3.21827578452214E-16));
#4410=DIRECTION('',(0.,1.,0.));
#4411=DIRECTION('center_axis',(-0.707106781186548,-0.707106781186548,0.));
#4412=DIRECTION('ref_axis',(-0.707106781186548,0.707106781186548,-2.27566463096406E-16));
#4413=DIRECTION('center_axis',(0.,-1.,0.));
#4414=DIRECTION('ref_axis',(-1.,0.,-3.21827578452214E-16));
#4415=DIRECTION('center_axis',(0.,-1.,0.));
#4416=DIRECTION('ref_axis',(-1.,0.,-3.21827578452214E-16));
#4417=DIRECTION('',(0.,-1.,0.));
#4418=DIRECTION('center_axis',(0.,-1.,0.));
#4419=DIRECTION('ref_axis',(1.,0.,0.));
#4420=DIRECTION('center_axis',(0.,-1.,0.));
#4421=DIRECTION('ref_axis',(-1.,0.,-3.21827578452214E-16));
#4422=DIRECTION('center_axis',(0.,-1.,0.));
#4423=DIRECTION('ref_axis',(1.,0.,0.));
#4424=DIRECTION('',(-1.,0.,0.));
#4425=DIRECTION('',(0.,0.,-1.));
#4426=DIRECTION('',(1.,0.,0.));
#4427=DIRECTION('center_axis',(0.,0.,-1.));
#4428=DIRECTION('ref_axis',(-1.,0.,0.));
#4429=DIRECTION('',(0.707106781186548,-0.707106781186548,0.));
#4430=DIRECTION('center_axis',(0.707106781186548,0.707106781186548,0.));
#4431=DIRECTION('ref_axis',(-0.707106781186548,0.707106781186548,0.));
#4432=DIRECTION('',(-0.707106781186548,0.707106781186548,0.));
#4433=DIRECTION('center_axis',(0.,0.,1.));
#4434=DIRECTION('ref_axis',(1.,0.,0.));
#4435=DIRECTION('center_axis',(-0.866025403784438,0.,-0.500000000000001));
#4436=DIRECTION('ref_axis',(-0.5,0.,0.866025403784438));
#4437=DIRECTION('',(0.,1.,0.));
#4438=DIRECTION('',(-0.500000000000001,0.,0.866025403784438));
#4439=DIRECTION('',(0.353553390593274,0.707106781186547,-0.612372435695794));
#4440=DIRECTION('center_axis',(0.,-1.,0.));
#4441=DIRECTION('ref_axis',(0.500000000000001,0.,-0.866025403784438));
#4442=DIRECTION('center_axis',(0.,1.,0.));
#4443=DIRECTION('ref_axis',(-1.,0.,-3.21827578452214E-16));
#4444=DIRECTION('',(0.500000000000001,0.,-0.866025403784438));
#4445=DIRECTION('',(0.866025403784438,0.,0.5));
#4446=DIRECTION('center_axis',(-0.353553390593274,0.707106781186548,0.612372435695794));
#4447=DIRECTION('ref_axis',(-0.353553390593274,-0.707106781186547,0.612372435695794));
#4448=DIRECTION('center_axis',(0.353553390593274,-0.707106781186548,-0.612372435695794));
#4449=DIRECTION('ref_axis',(-0.353553390593274,-0.707106781186548,0.612372435695794));
#4450=DIRECTION('',(-0.353553390593274,-0.707106781186547,0.612372435695794));
#4451=DIRECTION('center_axis',(0.353553390593274,-0.707106781186548,-0.612372435695794));
#4452=DIRECTION('ref_axis',(-0.353553390593274,-0.707106781186548,0.612372435695794));
#4453=DIRECTION('center_axis',(0.866025403784438,0.,0.500000000000001));
#4454=DIRECTION('ref_axis',(0.5,0.,-0.866025403784438));
#4455=DIRECTION('',(0.,-1.,0.));
#4456=DIRECTION('center_axis',(0.866025403784439,0.,-0.5));
#4457=DIRECTION('ref_axis',(-0.5,0.,-0.866025403784439));
#4458=DIRECTION('',(0.,1.,0.));
#4459=DIRECTION('',(-0.5,0.,-0.866025403784439));
#4460=DIRECTION('',(0.353553390593274,0.707106781186548,0.612372435695795));
#4461=DIRECTION('center_axis',(0.,-1.,0.));
#4462=DIRECTION('ref_axis',(0.5,0.,0.866025403784439));
#4463=DIRECTION('center_axis',(0.,1.,0.));
#4464=DIRECTION('ref_axis',(-1.,0.,-3.21827578452214E-16));
#4465=DIRECTION('',(0.5,0.,0.866025403784439));
#4466=DIRECTION('',(-0.866025403784439,0.,0.5));
#4467=DIRECTION('center_axis',(-0.353553390593274,0.707106781186548,-0.612372435695795));
#4468=DIRECTION('ref_axis',(-0.353553390593274,-0.707106781186548,-0.612372435695795));
#4469=DIRECTION('center_axis',(0.353553390593274,-0.707106781186548,0.612372435695795));
#4470=DIRECTION('ref_axis',(-0.353553390593274,-0.707106781186548,-0.612372435695795));
#4471=DIRECTION('',(-0.353553390593274,-0.707106781186548,-0.612372435695795));
#4472=DIRECTION('center_axis',(0.353553390593274,-0.707106781186548,0.612372435695795));
#4473=DIRECTION('ref_axis',(-0.353553390593274,-0.707106781186548,-0.612372435695795));
#4474=DIRECTION('center_axis',(-0.866025403784439,0.,0.5));
#4475=DIRECTION('ref_axis',(0.5,0.,0.866025403784439));
#4476=DIRECTION('',(0.,-1.,0.));
#4477=DIRECTION('center_axis',(0.,1.,0.));
#4478=DIRECTION('ref_axis',(-1.,0.,-3.21827578452214E-16));
#4479=DIRECTION('center_axis',(0.,-1.,0.));
#4480=DIRECTION('ref_axis',(-1.,0.,-3.21827578452214E-16));
#4481=DIRECTION('center_axis',(-0.707106781186548,-0.707106781186548,0.));
#4482=DIRECTION('ref_axis',(-0.707106781186548,0.707106781186548,-2.27566463096406E-16));
#4483=DIRECTION('',(0.,-1.,0.));
#4484=DIRECTION('center_axis',(0.,1.,0.));
#4485=DIRECTION('ref_axis',(-1.,0.,-3.21827578452214E-16));
#4486=DIRECTION('',(0.,1.,0.));
#4487=DIRECTION('center_axis',(-0.707106781186548,-0.707106781186548,0.));
#4488=DIRECTION('ref_axis',(-0.707106781186548,0.707106781186548,-2.27566463096406E-16));
#4489=DIRECTION('center_axis',(0.,-1.,0.));
#4490=DIRECTION('ref_axis',(-1.,0.,-3.21827578452214E-16));
#4491=DIRECTION('center_axis',(0.,-1.,0.));
#4492=DIRECTION('ref_axis',(-1.,0.,-3.21827578452214E-16));
#4493=DIRECTION('',(0.,-1.,0.));
#4494=DIRECTION('center_axis',(0.,-1.,0.));
#4495=DIRECTION('ref_axis',(1.,0.,0.));
#4496=DIRECTION('center_axis',(0.,-1.,0.));
#4497=DIRECTION('ref_axis',(-1.,0.,-3.21827578452214E-16));
#4498=DIRECTION('center_axis',(0.,0.,1.));
#4499=DIRECTION('ref_axis',(1.,0.,0.));
#4500=DIRECTION('',(1.,0.,2.96059473233375E-16));
#4501=DIRECTION('',(-0.707106781186548,0.707106781186548,-2.09345661157837E-16));
#4502=DIRECTION('center_axis',(0.,-1.,0.));
#4503=DIRECTION('ref_axis',(-1.,0.,-2.96059473233375E-16));
#4504=DIRECTION('',(-1.,0.,-2.96059473233375E-16));
#4505=DIRECTION('',(0.,0.,-1.));
#4506=DIRECTION('center_axis',(0.707106781186548,0.707106781186548,0.));
#4507=DIRECTION('ref_axis',(0.707106781186548,-0.707106781186548,2.09345661157837E-16));
#4508=DIRECTION('',(0.707106781186548,-0.707106781186548,2.09345661157837E-16));
#4509=DIRECTION('center_axis',(0.,0.,-1.));
#4510=DIRECTION('ref_axis',(-1.,0.,0.));
#4511=DIRECTION('center_axis',(0.,-1.,0.));
#4512=DIRECTION('ref_axis',(-1.,0.,0.));
#4513=DIRECTION('center_axis',(0.,1.,0.));
#4514=DIRECTION('ref_axis',(-1.,0.,0.));
#4515=DIRECTION('center_axis',(0.,1.,0.));
#4516=DIRECTION('ref_axis',(-1.,0.,0.));
#4517=DIRECTION('',(0.707106781186547,-0.707106781186547,-8.65956056235493E-17));
#4518=DIRECTION('center_axis',(0.,1.,0.));
#4519=DIRECTION('ref_axis',(1.,0.,0.));
#4520=DIRECTION('center_axis',(0.,1.,0.));
#4521=DIRECTION('ref_axis',(1.,0.,0.));
#4522=DIRECTION('center_axis',(0.,-1.,0.));
#4523=DIRECTION('ref_axis',(1.,0.,0.));
#4524=DIRECTION('center_axis',(0.,-1.,0.));
#4525=DIRECTION('ref_axis',(1.,0.,0.));
#4526=DIRECTION('center_axis',(0.,-1.,0.));
#4527=DIRECTION('ref_axis',(1.,0.,0.));
#4528=DIRECTION('',(0.,-1.,0.));
#4529=DIRECTION('center_axis',(0.,-1.,0.));
#4530=DIRECTION('ref_axis',(-1.,0.,0.));
#4531=DIRECTION('center_axis',(0.,1.,0.));
#4532=DIRECTION('ref_axis',(-1.,0.,0.));
#4533=DIRECTION('center_axis',(0.,1.,0.));
#4534=DIRECTION('ref_axis',(-1.,0.,0.));
#4535=DIRECTION('',(0.707106781186547,-0.707106781186547,-8.65956056235493E-17));
#4536=DIRECTION('center_axis',(0.,1.,0.));
#4537=DIRECTION('ref_axis',(1.,0.,0.));
#4538=DIRECTION('center_axis',(0.,1.,0.));
#4539=DIRECTION('ref_axis',(1.,0.,0.));
#4540=DIRECTION('center_axis',(0.,-1.,0.));
#4541=DIRECTION('ref_axis',(1.,0.,0.));
#4542=DIRECTION('center_axis',(0.,-1.,0.));
#4543=DIRECTION('ref_axis',(1.,0.,0.));
#4544=DIRECTION('center_axis',(0.,-1.,0.));
#4545=DIRECTION('ref_axis',(1.,0.,0.));
#4546=DIRECTION('',(0.,-1.,0.));
#4547=DIRECTION('center_axis',(0.,1.,0.));
#4548=DIRECTION('ref_axis',(1.,0.,0.));
#4549=DIRECTION('center_axis',(0.,1.,0.));
#4550=DIRECTION('ref_axis',(1.,0.,0.));
#4551=DIRECTION('center_axis',(0.,1.,0.));
#4552=DIRECTION('ref_axis',(1.,0.,0.));
#4553=DIRECTION('',(0.,1.,0.));
#4554=DIRECTION('center_axis',(0.,1.,0.));
#4555=DIRECTION('ref_axis',(1.,0.,0.));
#4556=DIRECTION('center_axis',(0.,1.,0.));
#4557=DIRECTION('ref_axis',(1.,0.,0.));
#4558=DIRECTION('center_axis',(0.,1.,0.));
#4559=DIRECTION('ref_axis',(1.,0.,0.));
#4560=DIRECTION('',(0.,1.,0.));
#4561=DIRECTION('center_axis',(0.,-1.,0.));
#4562=DIRECTION('ref_axis',(7.04481399828022E-16,0.,-1.));
#4563=DIRECTION('center_axis',(0.,-1.,0.));
#4564=DIRECTION('ref_axis',(1.,0.,0.));
#4565=DIRECTION('',(0.,-1.,0.));
#4566=DIRECTION('center_axis',(0.,1.,0.));
#4567=DIRECTION('ref_axis',(1.,0.,0.));
#4568=DIRECTION('',(0.,1.,0.));
#4569=DIRECTION('center_axis',(0.,-1.,0.));
#4570=DIRECTION('ref_axis',(2.83276944882399E-16,0.,1.));
#4571=DIRECTION('center_axis',(0.,-1.,0.));
#4572=DIRECTION('ref_axis',(1.,0.,0.));
#4573=DIRECTION('',(0.,-1.,0.));
#4574=DIRECTION('center_axis',(0.,1.,0.));
#4575=DIRECTION('ref_axis',(1.,0.,0.));
#4576=DIRECTION('',(0.,1.,0.));
#4577=DIRECTION('center_axis',(0.,1.,0.));
#4578=DIRECTION('ref_axis',(1.,0.,0.));
#4579=DIRECTION('center_axis',(0.,1.,0.));
#4580=DIRECTION('ref_axis',(-0.218643803199068,0.,0.975804738317378));
#4581=DIRECTION('',(0.,1.,0.));
#4582=DIRECTION('center_axis',(0.,-1.,0.));
#4583=DIRECTION('ref_axis',(1.,0.,0.));
#4584=DIRECTION('center_axis',(1.,-5.19774699472732E-12,0.));
#4585=DIRECTION('ref_axis',(5.19774699472732E-12,1.,-2.30826335588899E-27));
#4586=DIRECTION('',(5.19774699472732E-12,1.,-2.30826335588899E-27));
#4587=DIRECTION('',(0.,0.,1.));
#4588=DIRECTION('',(5.19774699472732E-12,1.,-2.30826335588899E-27));
#4589=DIRECTION('',(0.,0.,1.));
#4590=DIRECTION('center_axis',(0.,0.,1.));
#4591=DIRECTION('ref_axis',(1.,0.,0.));
#4592=DIRECTION('',(-1.,0.,4.44089209850063E-16));
#4593=DIRECTION('',(1.,-5.19762011202793E-12,-4.44089209850063E-16));
#4594=DIRECTION('',(-4.93432455388958E-16,-1.,0.));
#4595=DIRECTION('center_axis',(-1.,0.,0.));
#4596=DIRECTION('ref_axis',(0.,-1.,0.));
#4597=DIRECTION('',(0.,-1.,0.));
#4598=DIRECTION('',(0.,0.,1.));
#4599=DIRECTION('',(0.,-1.,0.));
#4600=DIRECTION('',(0.,0.,1.));
#4601=DIRECTION('center_axis',(0.,0.,1.));
#4602=DIRECTION('ref_axis',(1.,0.,0.));
#4603=DIRECTION('',(-2.46716227694479E-16,1.,0.));
#4604=DIRECTION('',(1.,0.,-4.44089209850063E-16));
#4605=DIRECTION('',(-1.,0.,4.44089209850063E-16));
#4606=DIRECTION('center_axis',(4.44089209850063E-16,0.,1.));
#4607=DIRECTION('ref_axis',(1.,0.,-4.44089209850063E-16));
#4608=DIRECTION('',(0.,-1.,0.));
#4609=DIRECTION('',(1.,0.,-4.44089209850063E-16));
#4610=DIRECTION('',(0.,1.,0.));
#4611=DIRECTION('',(-1.,0.,5.24439430566348E-16));
#4612=DIRECTION('',(1.,-5.19762011202793E-12,-4.44089209850063E-16));
#4613=DIRECTION('',(-1.,0.,4.44089209850063E-16));
#4614=DIRECTION('center_axis',(-1.,-2.46716227694479E-16,0.));
#4615=DIRECTION('ref_axis',(-2.46716227694479E-16,1.,1.09564014614029E-31));
#4616=DIRECTION('',(0.,0.,-1.));
#4617=DIRECTION('',(-2.46716227694479E-16,1.,1.09564014614029E-31));
#4618=DIRECTION('',(0.,0.,-1.));
#4619=DIRECTION('center_axis',(1.,0.,0.));
#4620=DIRECTION('ref_axis',(1.5419764230905E-16,0.,1.));
#4621=DIRECTION('center_axis',(1.,0.,-3.1720657846433E-16));
#4622=DIRECTION('ref_axis',(3.1720657846433E-16,0.,1.));
#4623=DIRECTION('',(0.70710678118655,-8.65956056235491E-17,-0.707106781186545));
#4624=DIRECTION('center_axis',(-1.,0.,3.1720657846433E-16));
#4625=DIRECTION('ref_axis',(0.,0.,1.));
#4626=DIRECTION('center_axis',(-1.,0.,3.1720657846433E-16));
#4627=DIRECTION('ref_axis',(0.,0.,1.));
#4628=DIRECTION('center_axis',(-1.,0.,0.));
#4629=DIRECTION('ref_axis',(0.,0.,-1.));
#4630=DIRECTION('',(1.,0.,0.));
#4631=DIRECTION('center_axis',(1.,0.,-3.1720657846433E-16));
#4632=DIRECTION('ref_axis',(-3.3006630461829E-16,0.,-1.));
#4633=DIRECTION('center_axis',(1.,0.,-3.1720657846433E-16));
#4634=DIRECTION('ref_axis',(-3.1720657846433E-16,0.,-1.));
#4635=DIRECTION('center_axis',(1.,0.,-3.1720657846433E-16));
#4636=DIRECTION('ref_axis',(-3.1720657846433E-16,0.,-1.));
#4637=DIRECTION('center_axis',(1.,0.,-3.1720657846433E-16));
#4638=DIRECTION('ref_axis',(-3.35161667811368E-16,0.,-1.));
#4639=DIRECTION('center_axis',(-5.31577429394213E-32,-1.,-1.67580833905684E-16));
#4640=DIRECTION('ref_axis',(3.35161667811368E-16,-1.67580833905684E-16,
1.));
#4641=DIRECTION('center_axis',(-1.,0.,3.1720657846433E-16));
#4642=DIRECTION('ref_axis',(-3.1720657846433E-16,0.,-1.));
#4643=DIRECTION('center_axis',(-1.,0.,3.1720657846433E-16));
#4644=DIRECTION('ref_axis',(-3.1720657846433E-16,0.,-1.));
#4645=DIRECTION('center_axis',(2.93166006428795E-14,0.,1.));
#4646=DIRECTION('ref_axis',(1.,0.,-2.93166006428795E-14));
#4647=DIRECTION('',(0.,-1.,0.));
#4648=DIRECTION('',(-1.,0.,2.93166006428795E-14));
#4649=DIRECTION('',(0.,1.,0.));
#4650=DIRECTION('',(-1.,0.,2.93166006428795E-14));
#4651=DIRECTION('',(0.,-1.,0.));
#4652=DIRECTION('center_axis',(0.,1.,0.));
#4653=DIRECTION('ref_axis',(0.707106781186549,0.,-0.707106781186546));
#4654=DIRECTION('center_axis',(0.,-1.,0.));
#4655=DIRECTION('ref_axis',(0.707106781186549,0.,-0.707106781186546));
#4656=DIRECTION('',(0.,-1.,0.));
#4657=DIRECTION('center_axis',(0.,-1.,0.));
#4658=DIRECTION('ref_axis',(0.707106781186549,0.,-0.707106781186546));
#4659=DIRECTION('',(0.,1.,0.));
#4660=DIRECTION('center_axis',(1.,0.,0.));
#4661=DIRECTION('ref_axis',(0.,0.,-1.));
#4662=DIRECTION('',(0.,0.,-1.));
#4663=DIRECTION('',(0.,-1.,0.));
#4664=DIRECTION('',(0.,0.,-1.));
#4665=DIRECTION('center_axis',(0.,1.,0.));
#4666=DIRECTION('ref_axis',(-0.707106781186553,0.,-0.707106781186542));
#4667=DIRECTION('center_axis',(0.,-1.,0.));
#4668=DIRECTION('ref_axis',(-0.707106781186553,0.,-0.707106781186542));
#4669=DIRECTION('',(0.,-1.,0.));
#4670=DIRECTION('center_axis',(0.,-1.,0.));
#4671=DIRECTION('ref_axis',(-0.707106781186553,0.,-0.707106781186542));
#4672=DIRECTION('',(0.,1.,0.));
#4673=DIRECTION('center_axis',(-1.2299089970919E-16,0.,-1.));
#4674=DIRECTION('ref_axis',(-1.,0.,1.2299089970919E-16));
#4675=DIRECTION('',(-1.,0.,1.2299089970919E-16));
#4676=DIRECTION('',(-1.,0.,1.2299089970919E-16));
#4677=DIRECTION('center_axis',(0.,1.,0.));
#4678=DIRECTION('ref_axis',(-0.707106781186553,0.,0.707106781186542));
#4679=DIRECTION('center_axis',(0.,-1.,0.));
#4680=DIRECTION('ref_axis',(-0.707106781186553,0.,0.707106781186542));
#4681=DIRECTION('',(0.,-1.,0.));
#4682=DIRECTION('center_axis',(0.,-1.,0.));
#4683=DIRECTION('ref_axis',(-0.707106781186553,0.,0.707106781186542));
#4684=DIRECTION('',(0.,1.,0.));
#4685=DIRECTION('center_axis',(-1.,0.,0.));
#4686=DIRECTION('ref_axis',(0.,0.,1.));
#4687=DIRECTION('',(0.,0.,1.));
#4688=DIRECTION('',(0.,0.,1.));
#4689=DIRECTION('center_axis',(0.,1.,0.));
#4690=DIRECTION('ref_axis',(0.707106781186549,0.,0.707106781186546));
#4691=DIRECTION('center_axis',(0.,-1.,0.));
#4692=DIRECTION('ref_axis',(0.707106781186549,0.,0.707106781186546));
#4693=DIRECTION('center_axis',(0.,-1.,0.));
#4694=DIRECTION('ref_axis',(0.707106781186549,0.,0.707106781186546));
#4695=DIRECTION('',(0.,1.,0.));
#4696=DIRECTION('center_axis',(3.68972699127569E-16,0.,1.));
#4697=DIRECTION('ref_axis',(1.,0.,-3.68972699127569E-16));
#4698=DIRECTION('',(1.,0.,-3.68972699127569E-16));
#4699=DIRECTION('',(1.,0.,-3.68972699127569E-16));
#4700=DIRECTION('center_axis',(0.,1.,0.));
#4701=DIRECTION('ref_axis',(0.,0.,1.));
#4702=DIRECTION('center_axis',(0.,1.,0.));
#4703=DIRECTION('ref_axis',(1.,0.,-1.29795925289417E-15));
#4704=DIRECTION('center_axis',(0.,1.,0.));
#4705=DIRECTION('ref_axis',(1.,0.,-1.29795925289417E-15));
#4706=DIRECTION('center_axis',(0.,1.,0.));
#4707=DIRECTION('ref_axis',(1.,0.,-1.29795925289417E-15));
#4708=DIRECTION('',(0.,-1.,0.));
#4709=DIRECTION('center_axis',(0.,-1.,0.));
#4710=DIRECTION('ref_axis',(1.,0.,-1.29795925289417E-15));
#4711=DIRECTION('center_axis',(0.,-1.,0.));
#4712=DIRECTION('ref_axis',(1.,0.,-1.29795925289417E-15));
#4713=DIRECTION('center_axis',(0.,1.,0.));
#4714=DIRECTION('ref_axis',(0.,0.,1.));
#4715=DIRECTION('center_axis',(0.,1.,0.));
#4716=DIRECTION('ref_axis',(1.,0.,-1.29795925289417E-15));
#4717=DIRECTION('center_axis',(0.,1.,0.));
#4718=DIRECTION('ref_axis',(1.,0.,-1.29795925289417E-15));
#4719=DIRECTION('center_axis',(0.,1.,0.));
#4720=DIRECTION('ref_axis',(1.,0.,-1.29795925289417E-15));
#4721=DIRECTION('',(0.,-1.,0.));
#4722=DIRECTION('center_axis',(0.,-1.,0.));
#4723=DIRECTION('ref_axis',(1.,0.,-1.29795925289417E-15));
#4724=DIRECTION('center_axis',(0.,-1.,0.));
#4725=DIRECTION('ref_axis',(1.,0.,-1.29795925289417E-15));
#4726=DIRECTION('center_axis',(0.,1.,0.));
#4727=DIRECTION('ref_axis',(0.,0.,1.));
#4728=DIRECTION('center_axis',(0.,1.,0.));
#4729=DIRECTION('ref_axis',(1.,0.,-1.29795925289417E-15));
#4730=DIRECTION('center_axis',(0.,1.,0.));
#4731=DIRECTION('ref_axis',(1.,0.,-1.29795925289417E-15));
#4732=DIRECTION('center_axis',(0.,1.,0.));
#4733=DIRECTION('ref_axis',(1.,0.,-1.29795925289417E-15));
#4734=DIRECTION('',(0.,-1.,0.));
#4735=DIRECTION('center_axis',(0.,-1.,0.));
#4736=DIRECTION('ref_axis',(1.,0.,-1.29795925289417E-15));
#4737=DIRECTION('center_axis',(0.,-1.,0.));
#4738=DIRECTION('ref_axis',(1.,0.,-1.29795925289417E-15));
#4739=DIRECTION('center_axis',(0.,1.,0.));
#4740=DIRECTION('ref_axis',(0.,0.,1.));
#4741=DIRECTION('center_axis',(0.,1.,0.));
#4742=DIRECTION('ref_axis',(1.,0.,-1.29795925289417E-15));
#4743=DIRECTION('center_axis',(0.,1.,0.));
#4744=DIRECTION('ref_axis',(1.,0.,-1.29795925289417E-15));
#4745=DIRECTION('center_axis',(0.,1.,0.));
#4746=DIRECTION('ref_axis',(1.,0.,-1.29795925289417E-15));
#4747=DIRECTION('',(0.,-1.,0.));
#4748=DIRECTION('center_axis',(0.,-1.,0.));
#4749=DIRECTION('ref_axis',(1.,0.,-1.29795925289417E-15));
#4750=DIRECTION('center_axis',(0.,-1.,0.));
#4751=DIRECTION('ref_axis',(1.,0.,-1.29795925289417E-15));
#4752=DIRECTION('center_axis',(0.,1.,0.));
#4753=DIRECTION('ref_axis',(0.,0.,1.));
#4754=DIRECTION('center_axis',(1.,0.,0.));
#4755=DIRECTION('ref_axis',(0.,0.,-1.));
#4756=DIRECTION('center_axis',(-1.,0.,3.1720657846433E-16));
#4757=DIRECTION('ref_axis',(-3.1720657846433E-16,0.,-1.));
#4758=DIRECTION('',(-1.,0.,0.));
#4759=DIRECTION('center_axis',(-1.,0.,3.1720657846433E-16));
#4760=DIRECTION('ref_axis',(3.1720657846433E-16,0.,1.));
#4761=DIRECTION('center_axis',(-1.,0.,3.1720657846433E-16));
#4762=DIRECTION('ref_axis',(0.,0.,-1.));
#4763=DIRECTION('center_axis',(0.,-1.,0.));
#4764=DIRECTION('ref_axis',(-1.,0.,5.66553889764798E-16));
#4765=DIRECTION('center_axis',(0.,-1.,0.));
#4766=DIRECTION('ref_axis',(1.,0.,0.));
#4767=DIRECTION('',(0.,-1.,0.));
#4768=DIRECTION('center_axis',(0.,1.,0.));
#4769=DIRECTION('ref_axis',(1.,0.,0.));
#4770=DIRECTION('',(0.,1.,0.));
#4771=DIRECTION('center_axis',(0.,-1.,0.));
#4772=DIRECTION('ref_axis',(1.,0.,0.));
#4773=DIRECTION('center_axis',(0.,-1.,0.));
#4774=DIRECTION('ref_axis',(1.,0.,0.));
#4775=DIRECTION('',(0.,-1.,0.));
#4776=DIRECTION('center_axis',(0.,1.,0.));
#4777=DIRECTION('ref_axis',(1.,0.,0.));
#4778=DIRECTION('',(0.,1.,0.));
#4779=DIRECTION('center_axis',(0.,-1.,0.));
#4780=DIRECTION('ref_axis',(-1.,0.,5.66553889764798E-16));
#4781=DIRECTION('center_axis',(0.,-1.,0.));
#4782=DIRECTION('ref_axis',(1.,0.,0.));
#4783=DIRECTION('',(0.,-1.,0.));
#4784=DIRECTION('center_axis',(0.,1.,0.));
#4785=DIRECTION('ref_axis',(1.,0.,0.));
#4786=DIRECTION('',(0.,1.,0.));
#4787=DIRECTION('center_axis',(0.,-1.,0.));
#4788=DIRECTION('ref_axis',(1.,0.,0.));
#4789=DIRECTION('center_axis',(0.,-1.,0.));
#4790=DIRECTION('ref_axis',(1.,0.,0.));
#4791=DIRECTION('',(0.,-1.,0.));
#4792=DIRECTION('center_axis',(0.,1.,0.));
#4793=DIRECTION('ref_axis',(1.,0.,0.));
#4794=DIRECTION('',(0.,1.,0.));
#4795=DIRECTION('center_axis',(0.,1.,0.));
#4796=DIRECTION('ref_axis',(1.,0.,0.));
#4797=DIRECTION('center_axis',(0.,-1.,0.));
#4798=DIRECTION('ref_axis',(1.,0.,0.));
#4799=DIRECTION('',(0.,1.,0.));
#4800=DIRECTION('center_axis',(0.,1.,0.));
#4801=DIRECTION('ref_axis',(-0.218643803199068,0.,0.975804738317378));
#4802=DIRECTION('center_axis',(2.96059473233375E-16,0.,1.));
#4803=DIRECTION('ref_axis',(1.,0.,-2.96059473233375E-16));
#4804=DIRECTION('',(1.,0.,-2.96059473233375E-16));
#4805=DIRECTION('',(0.,1.,0.));
#4806=DIRECTION('',(-1.,0.,3.17692440850878E-16));
#4807=DIRECTION('center_axis',(2.96059473233375E-16,0.,1.));
#4808=DIRECTION('ref_axis',(1.,0.,-2.96059473233375E-16));
#4809=DIRECTION('',(-1.,0.,3.17692440850878E-16));
#4810=DIRECTION('',(0.,1.,0.));
#4811=DIRECTION('',(1.,0.,-2.96059473233375E-16));
#4812=DIRECTION('center_axis',(0.,1.,0.));
#4813=DIRECTION('ref_axis',(1.,0.,0.));
#4814=DIRECTION('center_axis',(0.,-1.,0.));
#4815=DIRECTION('ref_axis',(1.,0.,0.));
#4816=DIRECTION('',(0.,1.,0.));
#4817=DIRECTION('center_axis',(0.,1.,0.));
#4818=DIRECTION('ref_axis',(0.218643803199069,0.,-0.975804738317378));
#4819=DIRECTION('center_axis',(0.,1.,0.));
#4820=DIRECTION('ref_axis',(1.,0.,0.));
#4821=DIRECTION('center_axis',(0.,1.,0.));
#4822=DIRECTION('ref_axis',(0.218643803199069,0.,-0.975804738317378));
#4823=DIRECTION('',(0.,1.,0.));
#4824=DIRECTION('center_axis',(0.,-1.,0.));
#4825=DIRECTION('ref_axis',(1.,0.,0.));
#4826=DIRECTION('center_axis',(1.,0.,-3.1720657846433E-16));
#4827=DIRECTION('ref_axis',(-3.1720657846433E-16,0.,-1.));
#4828=DIRECTION('',(-3.1720657846433E-16,0.,-1.));
#4829=DIRECTION('',(0.,1.,0.));
#4830=DIRECTION('',(3.37420723170391E-16,0.,1.));
#4831=DIRECTION('center_axis',(1.,0.,-3.1720657846433E-16));
#4832=DIRECTION('ref_axis',(-3.1720657846433E-16,0.,-1.));
#4833=DIRECTION('',(-3.1720657846433E-16,0.,-1.));
#4834=DIRECTION('',(3.37420723170391E-16,0.,1.));
#4835=DIRECTION('center_axis',(1.,0.,-3.1720657846433E-16));
#4836=DIRECTION('ref_axis',(-3.1720657846433E-16,0.,-1.));
#4837=DIRECTION('',(-3.1720657846433E-16,0.,-1.));
#4838=DIRECTION('',(3.37420723170391E-16,0.,1.));
#4839=DIRECTION('center_axis',(2.96059473233375E-16,0.,-1.));
#4840=DIRECTION('ref_axis',(-1.,0.,-2.96059473233375E-16));
#4841=DIRECTION('',(-1.,0.,-2.96059473233375E-16));
#4842=DIRECTION('',(0.,1.,0.));
#4843=DIRECTION('',(1.,0.,3.17692440850878E-16));
#4844=DIRECTION('center_axis',(2.96059473233375E-16,0.,-1.));
#4845=DIRECTION('ref_axis',(-1.,0.,-2.96059473233375E-16));
#4846=DIRECTION('',(1.,0.,3.17692440850878E-16));
#4847=DIRECTION('',(0.,-1.,0.));
#4848=DIRECTION('',(-1.,0.,-2.96059473233375E-16));
#4849=DIRECTION('center_axis',(1.,0.,0.));
#4850=DIRECTION('ref_axis',(0.,0.,1.));
#4851=DIRECTION('center_axis',(1.,0.,0.));
#4852=DIRECTION('ref_axis',(0.,0.,1.));
#4853=DIRECTION('center_axis',(1.,0.,0.));
#4854=DIRECTION('ref_axis',(0.,0.,1.));
#4855=DIRECTION('',(1.,0.,0.));
#4856=DIRECTION('center_axis',(-1.,0.,0.));
#4857=DIRECTION('ref_axis',(0.,0.,1.));
#4858=DIRECTION('center_axis',(-1.,0.,0.));
#4859=DIRECTION('ref_axis',(0.,0.,1.));
#4860=DIRECTION('center_axis',(1.,0.,0.));
#4861=DIRECTION('ref_axis',(0.,0.,1.));
#4862=DIRECTION('center_axis',(1.,0.,0.));
#4863=DIRECTION('ref_axis',(0.,0.,1.));
#4864=DIRECTION('center_axis',(1.,0.,0.));
#4865=DIRECTION('ref_axis',(0.,0.,1.));
#4866=DIRECTION('',(1.,0.,0.));
#4867=DIRECTION('center_axis',(-1.,0.,0.));
#4868=DIRECTION('ref_axis',(0.,0.,1.));
#4869=DIRECTION('center_axis',(-1.,0.,0.));
#4870=DIRECTION('ref_axis',(0.,0.,1.));
#4871=DIRECTION('center_axis',(1.,0.,0.));
#4872=DIRECTION('ref_axis',(0.,0.,1.));
#4873=DIRECTION('center_axis',(1.,0.,0.));
#4874=DIRECTION('ref_axis',(0.,0.,1.));
#4875=DIRECTION('center_axis',(1.,0.,0.));
#4876=DIRECTION('ref_axis',(0.,0.,1.));
#4877=DIRECTION('',(1.,0.,0.));
#4878=DIRECTION('center_axis',(-1.,0.,0.));
#4879=DIRECTION('ref_axis',(0.,0.,1.));
#4880=DIRECTION('center_axis',(-1.,0.,0.));
#4881=DIRECTION('ref_axis',(0.,0.,1.));
#4882=DIRECTION('center_axis',(1.,0.,0.));
#4883=DIRECTION('ref_axis',(0.,0.,1.));
#4884=DIRECTION('center_axis',(1.,0.,0.));
#4885=DIRECTION('ref_axis',(0.,0.,1.));
#4886=DIRECTION('center_axis',(1.,0.,0.));
#4887=DIRECTION('ref_axis',(0.,0.,1.));
#4888=DIRECTION('',(1.,0.,0.));
#4889=DIRECTION('center_axis',(-1.,0.,0.));
#4890=DIRECTION('ref_axis',(0.,0.,1.));
#4891=DIRECTION('center_axis',(-1.,0.,0.));
#4892=DIRECTION('ref_axis',(0.,0.,1.));
#4893=DIRECTION('center_axis',(3.28954970259306E-16,-1.,0.));
#4894=DIRECTION('ref_axis',(-1.,-3.28954970259306E-16,4.44089209850063E-16));
#4895=DIRECTION('',(-1.,-3.28954970259306E-16,4.44089209850063E-16));
#4896=DIRECTION('',(0.,0.,-1.));
#4897=DIRECTION('center_axis',(1.,-4.93432455388958E-16,0.));
#4898=DIRECTION('ref_axis',(-4.93432455388958E-16,-1.,2.19128029228059E-31));
#4899=DIRECTION('',(-4.93432455388958E-16,-1.,2.19128029228059E-31));
#4900=DIRECTION('',(0.,0.,-1.));
#4901=DIRECTION('center_axis',(-1.2335811384724E-16,1.,0.));
#4902=DIRECTION('ref_axis',(1.,1.2335811384724E-16,-4.44089209850063E-16));
#4903=DIRECTION('',(1.,1.2335811384724E-16,-4.44089209850063E-16));
#4904=DIRECTION('center_axis',(-1.,0.,0.));
#4905=DIRECTION('ref_axis',(0.,0.,-1.));
#4906=DIRECTION('center_axis',(-1.,0.,3.1720657846433E-16));
#4907=DIRECTION('ref_axis',(0.,0.,-1.));
#4908=DIRECTION('center_axis',(-1.,0.,3.1720657846433E-16));
#4909=DIRECTION('ref_axis',(0.,0.,-1.));
#4910=DIRECTION('',(-1.,0.,0.));
#4911=DIRECTION('center_axis',(0.,1.,0.));
#4912=DIRECTION('ref_axis',(0.,0.,1.));
#4913=DIRECTION('center_axis',(0.,1.,0.));
#4914=DIRECTION('ref_axis',(0.,0.,1.));
#4915=DIRECTION('center_axis',(0.,1.,0.));
#4916=DIRECTION('ref_axis',(0.,0.,1.));
#4917=DIRECTION('center_axis',(0.,1.,0.));
#4918=DIRECTION('ref_axis',(1.,0.,3.21827578452214E-16));
#4919=DIRECTION('center_axis',(0.,1.,0.));
#4920=DIRECTION('ref_axis',(1.,0.,3.21827578452214E-16));
#4921=DIRECTION('center_axis',(0.,1.,0.));
#4922=DIRECTION('ref_axis',(1.,0.,3.21827578452214E-16));
#4923=DIRECTION('',(0.,-1.,0.));
#4924=DIRECTION('center_axis',(0.,-1.,0.));
#4925=DIRECTION('ref_axis',(1.,0.,3.21827578452214E-16));
#4926=DIRECTION('center_axis',(0.,-1.,0.));
#4927=DIRECTION('ref_axis',(1.,0.,3.21827578452214E-16));
#4928=DIRECTION('center_axis',(0.,1.,0.));
#4929=DIRECTION('ref_axis',(0.,0.,1.));
#4930=DIRECTION('center_axis',(0.,1.,0.));
#4931=DIRECTION('ref_axis',(1.,0.,3.21827578452214E-16));
#4932=DIRECTION('center_axis',(0.,1.,0.));
#4933=DIRECTION('ref_axis',(1.,0.,3.21827578452214E-16));
#4934=DIRECTION('center_axis',(0.,1.,0.));
#4935=DIRECTION('ref_axis',(1.,0.,3.21827578452214E-16));
#4936=DIRECTION('',(0.,-1.,0.));
#4937=DIRECTION('center_axis',(0.,-1.,0.));
#4938=DIRECTION('ref_axis',(1.,0.,3.21827578452214E-16));
#4939=DIRECTION('center_axis',(0.,-1.,0.));
#4940=DIRECTION('ref_axis',(1.,0.,3.21827578452214E-16));
#4941=DIRECTION('center_axis',(0.,1.,0.));
#4942=DIRECTION('ref_axis',(0.,0.,1.));
#4943=DIRECTION('center_axis',(0.,1.,0.));
#4944=DIRECTION('ref_axis',(1.,0.,3.21827578452214E-16));
#4945=DIRECTION('center_axis',(0.,1.,0.));
#4946=DIRECTION('ref_axis',(1.,0.,3.21827578452214E-16));
#4947=DIRECTION('center_axis',(0.,1.,0.));
#4948=DIRECTION('ref_axis',(1.,0.,3.21827578452214E-16));
#4949=DIRECTION('',(0.,-1.,0.));
#4950=DIRECTION('center_axis',(0.,-1.,0.));
#4951=DIRECTION('ref_axis',(1.,0.,3.21827578452214E-16));
#4952=DIRECTION('center_axis',(0.,-1.,0.));
#4953=DIRECTION('ref_axis',(1.,0.,3.21827578452214E-16));
#4954=DIRECTION('center_axis',(0.,1.,0.));
#4955=DIRECTION('ref_axis',(0.,0.,1.));
#4956=DIRECTION('center_axis',(0.,1.,0.));
#4957=DIRECTION('ref_axis',(0.,0.,1.));
#4958=DIRECTION('center_axis',(0.,1.,0.));
#4959=DIRECTION('ref_axis',(-0.109989230569683,0.,0.993932778993977));
#4960=DIRECTION('',(-4.11906452004839E-15,0.,-1.));
#4961=DIRECTION('center_axis',(0.,-1.,0.));
#4962=DIRECTION('ref_axis',(1.,0.,3.21827578452214E-16));
#4963=DIRECTION('',(1.,0.,1.7458485310319E-14));
#4964=DIRECTION('center_axis',(0.,-1.,0.));
#4965=DIRECTION('ref_axis',(1.,0.,3.21827578452214E-16));
#4966=DIRECTION('',(3.21827578452214E-16,0.,-1.));
#4967=DIRECTION('',(-1.,0.,-4.44089209850063E-16));
#4968=DIRECTION('center_axis',(0.,1.,0.));
#4969=DIRECTION('ref_axis',(-0.109989230569683,0.,-0.993932778993977));
#4970=DIRECTION('center_axis',(0.,-1.,0.));
#4971=DIRECTION('ref_axis',(0.109989230569683,0.,-0.993932778993977));
#4972=DIRECTION('',(-3.21827578452214E-16,0.,1.));
#4973=DIRECTION('center_axis',(0.,-1.,0.));
#4974=DIRECTION('ref_axis',(1.,0.,3.21827578452214E-16));
#4975=DIRECTION('',(-1.,0.,-2.24898470100668E-14));
#4976=DIRECTION('',(0.,0.,1.));
#4977=DIRECTION('',(1.,0.,3.21827578452214E-16));
#4978=DIRECTION('center_axis',(0.,-1.,0.));
#4979=DIRECTION('ref_axis',(1.,0.,3.21827578452214E-16));
#4980=DIRECTION('',(-3.21827578452214E-16,0.,1.));
#4981=DIRECTION('center_axis',(0.,1.,0.));
#4982=DIRECTION('ref_axis',(0.109989230569683,0.,0.993932778993977));
#4983=DIRECTION('center_axis',(0.,-1.,0.));
#4984=DIRECTION('ref_axis',(1.,0.,3.21827578452214E-16));
#4985=DIRECTION('center_axis',(0.,-1.,0.));
#4986=DIRECTION('ref_axis',(1.,0.,3.21827578452214E-16));
#4987=DIRECTION('center_axis',(0.,-1.,0.));
#4988=DIRECTION('ref_axis',(1.,0.,3.21827578452214E-16));
#4989=DIRECTION('center_axis',(0.,-1.,0.));
#4990=DIRECTION('ref_axis',(1.,0.,3.21827578452214E-16));
#4991=DIRECTION('center_axis',(0.,-1.,0.));
#4992=DIRECTION('ref_axis',(1.,0.,3.21827578452214E-16));
#4993=DIRECTION('center_axis',(0.,-1.,0.));
#4994=DIRECTION('ref_axis',(1.,0.,3.21827578452214E-16));
#4995=DIRECTION('center_axis',(0.,-1.,0.));
#4996=DIRECTION('ref_axis',(1.,0.,3.21827578452214E-16));
#4997=DIRECTION('center_axis',(0.,-1.,0.));
#4998=DIRECTION('ref_axis',(1.,0.,3.21827578452214E-16));
#4999=DIRECTION('center_axis',(0.,-1.,0.));
#5000=DIRECTION('ref_axis',(-1.,0.,0.));
#5001=DIRECTION('center_axis',(0.,-1.,0.));
#5002=DIRECTION('ref_axis',(-1.,0.,0.));
#5003=DIRECTION('center_axis',(0.,-1.,0.));
#5004=DIRECTION('ref_axis',(-1.,0.,0.));
#5005=DIRECTION('',(-0.707106781186547,0.707106781186547,-8.65956056235493E-17));
#5006=DIRECTION('center_axis',(0.,1.,0.));
#5007=DIRECTION('ref_axis',(-1.,0.,0.));
#5008=DIRECTION('center_axis',(0.,-1.,0.));
#5009=DIRECTION('ref_axis',(1.,0.,0.));
#5010=DIRECTION('',(0.,-1.,0.));
#5011=DIRECTION('center_axis',(0.,1.,0.));
#5012=DIRECTION('ref_axis',(1.,0.,0.));
#5013=DIRECTION('center_axis',(0.,-1.,0.));
#5014=DIRECTION('ref_axis',(-1.,0.,0.));
#5015=DIRECTION('center_axis',(0.,-1.,0.));
#5016=DIRECTION('ref_axis',(-1.,0.,0.));
#5017=DIRECTION('center_axis',(0.,-1.,0.));
#5018=DIRECTION('ref_axis',(-1.,0.,0.));
#5019=DIRECTION('',(-0.707106781186547,0.707106781186547,-8.65956056235493E-17));
#5020=DIRECTION('center_axis',(0.,1.,0.));
#5021=DIRECTION('ref_axis',(-1.,0.,0.));
#5022=DIRECTION('center_axis',(0.,-1.,0.));
#5023=DIRECTION('ref_axis',(1.,0.,0.));
#5024=DIRECTION('',(0.,-1.,0.));
#5025=DIRECTION('center_axis',(0.,1.,0.));
#5026=DIRECTION('ref_axis',(1.,0.,0.));
#5027=DIRECTION('center_axis',(0.,-1.,0.));
#5028=DIRECTION('ref_axis',(-1.,0.,0.));
#5029=DIRECTION('center_axis',(0.,-1.,0.));
#5030=DIRECTION('ref_axis',(-1.,0.,0.));
#5031=DIRECTION('center_axis',(0.,-1.,0.));
#5032=DIRECTION('ref_axis',(-1.,0.,0.));
#5033=DIRECTION('',(-0.707106781186547,0.707106781186547,-8.65956056235493E-17));
#5034=DIRECTION('center_axis',(0.,1.,0.));
#5035=DIRECTION('ref_axis',(-1.,0.,0.));
#5036=DIRECTION('center_axis',(0.,-1.,0.));
#5037=DIRECTION('ref_axis',(1.,0.,0.));
#5038=DIRECTION('',(0.,-1.,0.));
#5039=DIRECTION('center_axis',(0.,1.,0.));
#5040=DIRECTION('ref_axis',(1.,0.,0.));
#5041=DIRECTION('center_axis',(0.,-1.,0.));
#5042=DIRECTION('ref_axis',(-1.,0.,0.));
#5043=DIRECTION('center_axis',(0.,-1.,0.));
#5044=DIRECTION('ref_axis',(-1.,0.,0.));
#5045=DIRECTION('center_axis',(0.,-1.,0.));
#5046=DIRECTION('ref_axis',(-1.,0.,0.));
#5047=DIRECTION('',(-0.707106781186547,0.707106781186547,-8.65956056235493E-17));
#5048=DIRECTION('center_axis',(0.,1.,0.));
#5049=DIRECTION('ref_axis',(-1.,0.,0.));
#5050=DIRECTION('center_axis',(0.,-1.,0.));
#5051=DIRECTION('ref_axis',(1.,0.,0.));
#5052=DIRECTION('',(0.,-1.,0.));
#5053=DIRECTION('center_axis',(0.,1.,0.));
#5054=DIRECTION('ref_axis',(1.,0.,0.));
#5055=DIRECTION('center_axis',(0.,-1.,0.));
#5056=DIRECTION('ref_axis',(-1.,0.,0.));
#5057=DIRECTION('',(0.,1.,0.));
#5058=DIRECTION('center_axis',(0.,-1.,0.));
#5059=DIRECTION('ref_axis',(-1.,0.,0.));
#5060=DIRECTION('center_axis',(0.,-1.,0.));
#5061=DIRECTION('ref_axis',(-1.,0.,0.));
#5062=DIRECTION('',(0.,1.,0.));
#5063=DIRECTION('center_axis',(0.,-1.,0.));
#5064=DIRECTION('ref_axis',(-1.,0.,0.));
#5065=DIRECTION('center_axis',(0.,-1.,0.));
#5066=DIRECTION('ref_axis',(-1.,0.,0.));
#5067=DIRECTION('',(0.,1.,0.));
#5068=DIRECTION('center_axis',(0.,-1.,0.));
#5069=DIRECTION('ref_axis',(-1.,0.,0.));
#5070=DIRECTION('center_axis',(0.,-1.,0.));
#5071=DIRECTION('ref_axis',(-1.,0.,0.));
#5072=DIRECTION('',(0.,1.,0.));
#5073=DIRECTION('center_axis',(0.,-1.,0.));
#5074=DIRECTION('ref_axis',(-1.,0.,0.));
#5075=DIRECTION('center_axis',(3.21827578452214E-16,0.,-1.));
#5076=DIRECTION('ref_axis',(-1.,0.,-3.21827578452214E-16));
#5077=DIRECTION('',(1.,0.,3.21827578452214E-16));
#5078=DIRECTION('',(0.,1.,0.));
#5079=DIRECTION('',(0.,-1.,0.));
#5080=DIRECTION('center_axis',(0.,1.,0.));
#5081=DIRECTION('ref_axis',(1.,0.,3.21827578452214E-16));
#5082=DIRECTION('center_axis',(0.,-1.,0.));
#5083=DIRECTION('ref_axis',(1.,0.,3.21827578452214E-16));
#5084=DIRECTION('',(0.,1.,0.));
#5085=DIRECTION('center_axis',(1.,0.,3.21827578452214E-16));
#5086=DIRECTION('ref_axis',(3.21827578452214E-16,0.,-1.));
#5087=DIRECTION('',(-3.21827578452214E-16,0.,1.));
#5088=DIRECTION('center_axis',(1.7458485310319E-14,0.,-1.));
#5089=DIRECTION('ref_axis',(-1.,0.,-1.7458485310319E-14));
#5090=DIRECTION('',(1.,0.,1.7458485310319E-14));
#5091=DIRECTION('',(0.,1.,0.));
#5092=DIRECTION('center_axis',(0.,1.,0.));
#5093=DIRECTION('ref_axis',(1.,0.,3.21827578452214E-16));
#5094=DIRECTION('center_axis',(0.,-1.,0.));
#5095=DIRECTION('ref_axis',(1.,0.,3.21827578452214E-16));
#5096=DIRECTION('',(0.,1.,0.));
#5097=DIRECTION('center_axis',(-1.,0.,4.11906452004839E-15));
#5098=DIRECTION('ref_axis',(4.11906452004839E-15,0.,1.));
#5099=DIRECTION('',(-4.11906452004839E-15,0.,-1.));
#5100=DIRECTION('center_axis',(-2.24898470100668E-14,0.,1.));
#5101=DIRECTION('ref_axis',(1.,0.,2.24898470100668E-14));
#5102=DIRECTION('',(-1.,0.,-2.24898470100668E-14));
#5103=DIRECTION('',(0.,1.,0.));
#5104=DIRECTION('',(0.,1.,0.));
#5105=DIRECTION('center_axis',(1.,0.,3.21827578452214E-16));
#5106=DIRECTION('ref_axis',(3.21827578452214E-16,0.,-1.));
#5107=DIRECTION('',(-3.21827578452214E-16,0.,1.));
#5108=DIRECTION('',(0.,1.,0.));
#5109=DIRECTION('center_axis',(0.,1.,0.));
#5110=DIRECTION('ref_axis',(1.,0.,3.21827578452214E-16));
#5111=DIRECTION('center_axis',(0.,-1.,0.));
#5112=DIRECTION('ref_axis',(1.,0.,3.21827578452214E-16));
#5113=DIRECTION('center_axis',(-1.,0.,-3.21827578452214E-16));
#5114=DIRECTION('ref_axis',(-3.21827578452214E-16,0.,1.));
#5115=DIRECTION('',(3.21827578452214E-16,0.,-1.));
#5116=DIRECTION('',(0.,1.,0.));
#5117=DIRECTION('',(0.,1.,0.));
#5118=DIRECTION('center_axis',(0.,1.,0.));
#5119=DIRECTION('ref_axis',(1.,0.,3.21827578452214E-16));
#5120=DIRECTION('center_axis',(0.,-1.,0.));
#5121=DIRECTION('ref_axis',(1.,0.,3.21827578452214E-16));
#5122=DIRECTION('center_axis',(0.,1.,0.));
#5123=DIRECTION('ref_axis',(0.,0.,1.));
#5124=DIRECTION('center_axis',(0.,-1.,0.));
#5125=DIRECTION('ref_axis',(1.,0.,0.));
#5126=DIRECTION('center_axis',(0.,1.,0.));
#5127=DIRECTION('ref_axis',(0.,0.,1.));
#5128=DIRECTION('center_axis',(0.,-1.,0.));
#5129=DIRECTION('ref_axis',(1.,0.,0.));
#5130=DIRECTION('center_axis',(0.,1.,0.));
#5131=DIRECTION('ref_axis',(0.,0.,1.));
#5132=DIRECTION('center_axis',(0.,-1.,0.));
#5133=DIRECTION('ref_axis',(1.,0.,0.));
#5134=DIRECTION('center_axis',(0.,1.,0.));
#5135=DIRECTION('ref_axis',(0.,0.,1.));
#5136=DIRECTION('center_axis',(0.,-1.,0.));
#5137=DIRECTION('ref_axis',(1.,0.,0.));
#5138=DIRECTION('center_axis',(0.,1.,0.));
#5139=DIRECTION('ref_axis',(-1.,0.,-3.21827578452214E-16));
#5140=DIRECTION('center_axis',(0.,-1.,0.));
#5141=DIRECTION('ref_axis',(-1.,0.,-3.21827578452214E-16));
#5142=DIRECTION('',(0.,-1.,0.));
#5143=DIRECTION('center_axis',(0.,1.,0.));
#5144=DIRECTION('ref_axis',(1.,0.,3.21827578452214E-16));
#5145=DIRECTION('center_axis',(0.,1.,0.));
#5146=DIRECTION('ref_axis',(1.,0.,3.21827578452214E-16));
#5147=DIRECTION('center_axis',(0.,1.,0.));
#5148=DIRECTION('ref_axis',(1.,0.,3.21827578452214E-16));
#5149=DIRECTION('',(0.,-1.,0.));
#5150=DIRECTION('center_axis',(0.,1.,0.));
#5151=DIRECTION('ref_axis',(0.,0.,1.));
#5152=DIRECTION('center_axis',(0.,1.,0.));
#5153=DIRECTION('ref_axis',(-1.,0.,-3.21827578452214E-16));
#5154=DIRECTION('center_axis',(0.,-1.,0.));
#5155=DIRECTION('ref_axis',(-1.,0.,-3.21827578452214E-16));
#5156=DIRECTION('',(0.,-1.,0.));
#5157=DIRECTION('center_axis',(0.,1.,0.));
#5158=DIRECTION('ref_axis',(1.,0.,3.21827578452214E-16));
#5159=DIRECTION('center_axis',(0.,1.,0.));
#5160=DIRECTION('ref_axis',(1.,0.,3.21827578452214E-16));
#5161=DIRECTION('center_axis',(0.,1.,0.));
#5162=DIRECTION('ref_axis',(1.,0.,3.21827578452214E-16));
#5163=DIRECTION('',(0.,-1.,0.));
#5164=DIRECTION('center_axis',(0.,1.,0.));
#5165=DIRECTION('ref_axis',(0.,0.,1.));
#5166=DIRECTION('center_axis',(0.,1.,0.));
#5167=DIRECTION('ref_axis',(-1.,0.,-3.21827578452214E-16));
#5168=DIRECTION('center_axis',(0.,-1.,0.));
#5169=DIRECTION('ref_axis',(-1.,0.,-3.21827578452214E-16));
#5170=DIRECTION('',(0.,-1.,0.));
#5171=DIRECTION('center_axis',(0.,1.,0.));
#5172=DIRECTION('ref_axis',(1.,0.,3.21827578452214E-16));
#5173=DIRECTION('center_axis',(0.,1.,0.));
#5174=DIRECTION('ref_axis',(1.,0.,3.21827578452214E-16));
#5175=DIRECTION('center_axis',(0.,1.,0.));
#5176=DIRECTION('ref_axis',(1.,0.,3.21827578452214E-16));
#5177=DIRECTION('',(0.,-1.,0.));
#5178=DIRECTION('center_axis',(0.,1.,0.));
#5179=DIRECTION('ref_axis',(0.,0.,1.));
#5180=DIRECTION('center_axis',(0.,1.,0.));
#5181=DIRECTION('ref_axis',(-1.,0.,-3.21827578452214E-16));
#5182=DIRECTION('center_axis',(0.,-1.,0.));
#5183=DIRECTION('ref_axis',(-1.,0.,-3.21827578452214E-16));
#5184=DIRECTION('',(0.,-1.,0.));
#5185=DIRECTION('center_axis',(0.,1.,0.));
#5186=DIRECTION('ref_axis',(1.,0.,3.21827578452214E-16));
#5187=DIRECTION('center_axis',(0.,1.,0.));
#5188=DIRECTION('ref_axis',(1.,0.,3.21827578452214E-16));
#5189=DIRECTION('center_axis',(0.,1.,0.));
#5190=DIRECTION('ref_axis',(1.,0.,3.21827578452214E-16));
#5191=DIRECTION('',(0.,-1.,0.));
#5192=DIRECTION('center_axis',(0.,1.,0.));
#5193=DIRECTION('ref_axis',(0.,0.,1.));
#5194=DIRECTION('center_axis',(0.,1.,0.));
#5195=DIRECTION('ref_axis',(0.218643803199068,0.,-0.975804738317378));
#5196=DIRECTION('center_axis',(0.,1.,0.));
#5197=DIRECTION('ref_axis',(0.218643803199068,0.,-0.975804738317378));
#5198=DIRECTION('',(0.,1.,0.));
#5199=DIRECTION('center_axis',(0.,-1.,0.));
#5200=DIRECTION('ref_axis',(0.218643803199068,0.,-0.975804738317378));
#5201=DIRECTION('',(0.,1.,0.));
#5202=DIRECTION('center_axis',(0.,1.,0.));
#5203=DIRECTION('ref_axis',(5.22457893941253E-16,0.,-1.));
#5204=DIRECTION('center_axis',(0.,-1.,0.));
#5205=DIRECTION('ref_axis',(5.22457893941253E-16,0.,-1.));
#5206=DIRECTION('center_axis',(0.,1.,0.));
#5207=DIRECTION('ref_axis',(5.22457893941253E-16,0.,-1.));
#5208=DIRECTION('',(0.,1.,0.));
#5209=DIRECTION('center_axis',(0.,0.,-1.));
#5210=DIRECTION('ref_axis',(-1.,0.,0.));
#5211=DIRECTION('',(1.,0.,0.));
#5212=DIRECTION('',(-1.,0.,0.));
#5213=DIRECTION('',(0.,1.,0.));
#5214=DIRECTION('center_axis',(0.,1.,0.));
#5215=DIRECTION('ref_axis',(1.,0.,0.));
#5216=DIRECTION('center_axis',(0.,-1.,0.));
#5217=DIRECTION('ref_axis',(1.,0.,0.));
#5218=DIRECTION('center_axis',(0.,1.,0.));
#5219=DIRECTION('ref_axis',(1.,0.,0.));
#5220=DIRECTION('',(0.,1.,0.));
#5221=DIRECTION('center_axis',(1.,0.,-4.4082384801293E-16));
#5222=DIRECTION('ref_axis',(-4.4082384801293E-16,0.,-1.));
#5223=DIRECTION('',(4.4082384801293E-16,0.,1.));
#5224=DIRECTION('',(-4.4082384801293E-16,0.,-1.));
#5225=DIRECTION('',(0.,1.,0.));
#5226=DIRECTION('center_axis',(0.,1.,0.));
#5227=DIRECTION('ref_axis',(6.34413156928676E-16,0.,1.));
#5228=DIRECTION('center_axis',(0.,-1.,0.));
#5229=DIRECTION('ref_axis',(6.34413156928676E-16,0.,1.));
#5230=DIRECTION('center_axis',(0.,1.,0.));
#5231=DIRECTION('ref_axis',(6.34413156928676E-16,0.,1.));
#5232=DIRECTION('',(0.,1.,0.));
#5233=DIRECTION('center_axis',(5.24439430566348E-16,0.,1.));
#5234=DIRECTION('ref_axis',(1.,0.,-5.24439430566348E-16));
#5235=DIRECTION('',(-1.,0.,5.24439430566348E-16));
#5236=DIRECTION('',(1.,0.,-5.24439430566348E-16));
#5237=DIRECTION('',(0.,1.,0.));
#5238=DIRECTION('center_axis',(0.,1.,0.));
#5239=DIRECTION('ref_axis',(-0.21864380319907,0.,0.975804738317378));
#5240=DIRECTION('center_axis',(0.,-1.,0.));
#5241=DIRECTION('ref_axis',(-0.21864380319907,0.,0.975804738317378));
#5242=DIRECTION('center_axis',(0.,1.,0.));
#5243=DIRECTION('ref_axis',(-0.21864380319907,0.,0.975804738317378));
#5244=DIRECTION('',(0.,1.,0.));
#5245=DIRECTION('center_axis',(0.,1.,0.));
#5246=DIRECTION('ref_axis',(-0.218643803199069,0.,0.975804738317378));
#5247=DIRECTION('center_axis',(0.,1.,0.));
#5248=DIRECTION('ref_axis',(-0.218643803199069,0.,0.975804738317378));
#5249=DIRECTION('center_axis',(0.,-1.,0.));
#5250=DIRECTION('ref_axis',(-0.218643803199069,0.,0.975804738317378));
#5251=DIRECTION('',(0.,1.,0.));
#5252=DIRECTION('center_axis',(0.,1.,0.));
#5253=DIRECTION('ref_axis',(0.,0.,1.));
#5254=DIRECTION('center_axis',(0.,-1.,0.));
#5255=DIRECTION('ref_axis',(0.,0.,1.));
#5256=DIRECTION('center_axis',(0.,1.,0.));
#5257=DIRECTION('ref_axis',(0.,0.,1.));
#5258=DIRECTION('',(0.,1.,0.));
#5259=DIRECTION('center_axis',(5.2948740141813E-16,0.,1.));
#5260=DIRECTION('ref_axis',(1.,0.,-5.2948740141813E-16));
#5261=DIRECTION('',(-1.,0.,5.2948740141813E-16));
#5262=DIRECTION('',(1.,0.,-5.2948740141813E-16));
#5263=DIRECTION('',(0.,1.,0.));
#5264=DIRECTION('center_axis',(0.,1.,0.));
#5265=DIRECTION('ref_axis',(-1.,0.,0.));
#5266=DIRECTION('center_axis',(0.,-1.,0.));
#5267=DIRECTION('ref_axis',(-1.,0.,0.));
#5268=DIRECTION('center_axis',(0.,1.,0.));
#5269=DIRECTION('ref_axis',(-1.,0.,0.));
#5270=DIRECTION('',(0.,1.,0.));
#5271=DIRECTION('center_axis',(-1.,0.,0.));
#5272=DIRECTION('ref_axis',(0.,0.,1.));
#5273=DIRECTION('',(0.,0.,-1.));
#5274=DIRECTION('',(0.,0.,1.));
#5275=DIRECTION('',(0.,1.,0.));
#5276=DIRECTION('center_axis',(0.,1.,0.));
#5277=DIRECTION('ref_axis',(0.,0.,-1.));
#5278=DIRECTION('center_axis',(0.,-1.,0.));
#5279=DIRECTION('ref_axis',(0.,0.,-1.));
#5280=DIRECTION('center_axis',(0.,1.,0.));
#5281=DIRECTION('ref_axis',(0.,0.,-1.));
#5282=DIRECTION('',(0.,1.,0.));
#5283=DIRECTION('center_axis',(1.05897480283626E-16,0.,-1.));
#5284=DIRECTION('ref_axis',(-1.,0.,-1.05897480283626E-16));
#5285=DIRECTION('',(1.,0.,1.05897480283626E-16));
#5286=DIRECTION('',(-1.,0.,-1.05897480283626E-16));
#5287=DIRECTION('',(0.,1.,0.));
#5288=DIRECTION('center_axis',(0.,1.,0.));
#5289=DIRECTION('ref_axis',(0.218643803199069,0.,-0.975804738317378));
#5290=DIRECTION('center_axis',(0.,-1.,0.));
#5291=DIRECTION('ref_axis',(0.218643803199069,0.,-0.975804738317378));
#5292=DIRECTION('center_axis',(0.,1.,0.));
#5293=DIRECTION('ref_axis',(0.218643803199069,0.,-0.975804738317378));
#5294=DIRECTION('center_axis',(0.,1.,0.));
#5295=DIRECTION('ref_axis',(0.,0.,1.));
#5296=DIRECTION('center_axis',(0.,-1.,0.));
#5297=DIRECTION('ref_axis',(-6.3441315692866E-16,0.,1.));
#5298=DIRECTION('',(1.,0.,5.24439430566347E-16));
#5299=DIRECTION('center_axis',(0.,-1.,0.));
#5300=DIRECTION('ref_axis',(0.218643803199069,0.,-0.975804738317378));
#5301=DIRECTION('center_axis',(0.,-1.,0.));
#5302=DIRECTION('ref_axis',(0.,0.,-1.));
#5303=DIRECTION('',(0.,0.,-1.));
#5304=DIRECTION('center_axis',(0.,-1.,0.));
#5305=DIRECTION('ref_axis',(-0.218643803199069,0.,0.975804738317378));
#5306=DIRECTION('center_axis',(0.,1.,0.));
#5307=DIRECTION('ref_axis',(0.,0.,1.));
#5308=DIRECTION('center_axis',(-1.,0.,0.));
#5309=DIRECTION('ref_axis',(0.,0.,-1.));
#5310=DIRECTION('center_axis',(0.,1.,0.));
#5311=DIRECTION('ref_axis',(-0.707106781186547,0.,-0.707106781186548));
#5312=DIRECTION('center_axis',(0.,0.,-1.));
#5313=DIRECTION('ref_axis',(0.,-1.,0.));
#5314=DIRECTION('center_axis',(0.,-1.,0.));
#5315=DIRECTION('ref_axis',(-0.707106781186547,0.,-0.707106781186548));
#5316=DIRECTION('center_axis',(0.,0.,1.));
#5317=DIRECTION('ref_axis',(-0.707106781186553,-0.707106781186543,0.));
#5318=DIRECTION('center_axis',(-8.88178419700113E-15,0.,-1.));
#5319=DIRECTION('ref_axis',(0.,-1.,0.));
#5320=DIRECTION('',(0.,0.,-1.));
#5321=DIRECTION('',(0.,0.,1.));
#5322=DIRECTION('center_axis',(0.,1.,0.));
#5323=DIRECTION('ref_axis',(0.,0.,1.));
#5324=DIRECTION('center_axis',(-1.,0.,0.));
#5325=DIRECTION('ref_axis',(0.,-1.,0.));
#5326=DIRECTION('center_axis',(0.,-1.,0.));
#5327=DIRECTION('ref_axis',(-0.707106781186547,0.,0.707106781186548));
#5328=DIRECTION('center_axis',(0.,1.,0.));
#5329=DIRECTION('ref_axis',(-0.707106781186547,0.,0.707106781186548));
#5330=DIRECTION('center_axis',(1.,0.,-2.96059473233375E-16));
#5331=DIRECTION('ref_axis',(0.,-0.707106781186555,0.70710678118654));
#5332=DIRECTION('center_axis',(-1.,0.,0.));
#5333=DIRECTION('ref_axis',(0.,-1.,0.));
#5334=DIRECTION('',(-1.,0.,2.96059473233375E-16));
#5335=DIRECTION('',(1.,0.,-2.96059473233375E-16));
#5336=DIRECTION('center_axis',(0.,1.,0.));
#5337=DIRECTION('ref_axis',(0.,0.,1.));
#5338=DIRECTION('center_axis',(-0.975804738317377,0.,0.218643803199076));
#5339=DIRECTION('ref_axis',(0.,-1.,0.));
#5340=DIRECTION('center_axis',(0.,-1.,0.));
#5341=DIRECTION('ref_axis',(0.109989230569683,0.,0.993932778993977));
#5342=DIRECTION('center_axis',(0.,1.,0.));
#5343=DIRECTION('ref_axis',(0.109989230569683,0.,0.993932778993977));
#5344=DIRECTION('center_axis',(0.,-1.,0.));
#5345=DIRECTION('ref_axis',(0.,0.,-1.));
#5346=DIRECTION('center_axis',(-0.975804738317379,0.,-0.218643803199063));
#5347=DIRECTION('ref_axis',(0.,-1.,0.));
#5348=DIRECTION('center_axis',(0.,1.,0.));
#5349=DIRECTION('ref_axis',(5.04551102245939E-16,0.,-1.));
#5350=DIRECTION('center_axis',(0.,-1.,0.));
#5351=DIRECTION('ref_axis',(5.04551102245939E-16,0.,-1.));
#5352=DIRECTION('center_axis',(0.,1.,0.));
#5353=DIRECTION('ref_axis',(0.,0.,1.));
#5354=DIRECTION('center_axis',(-1.,0.,0.));
#5355=DIRECTION('ref_axis',(0.,-1.,0.));
#5356=DIRECTION('center_axis',(0.,-1.,0.));
#5357=DIRECTION('ref_axis',(-0.109989230569683,0.,0.993932778993977));
#5358=DIRECTION('center_axis',(0.,1.,0.));
#5359=DIRECTION('ref_axis',(-0.109989230569683,0.,0.993932778993977));
#5360=DIRECTION('center_axis',(1.,0.,-4.44089209850063E-16));
#5361=DIRECTION('ref_axis',(0.,-0.707106781186549,0.707106781186546));
#5362=DIRECTION('center_axis',(-1.,0.,0.));
#5363=DIRECTION('ref_axis',(0.,-1.,0.));
#5364=DIRECTION('',(-1.,0.,4.44089209850063E-16));
#5365=DIRECTION('',(1.,0.,-4.44089209850063E-16));
#5366=DIRECTION('center_axis',(0.,1.,0.));
#5367=DIRECTION('ref_axis',(0.,0.,1.));
#5368=DIRECTION('center_axis',(0.,0.,1.));
#5369=DIRECTION('ref_axis',(0.,-1.,0.));
#5370=DIRECTION('center_axis',(0.,-1.,0.));
#5371=DIRECTION('ref_axis',(0.707106781186547,0.,0.707106781186548));
#5372=DIRECTION('center_axis',(0.,1.,0.));
#5373=DIRECTION('ref_axis',(0.707106781186547,0.,0.707106781186548));
#5374=DIRECTION('center_axis',(-3.1720657846433E-16,0.,-1.));
#5375=DIRECTION('ref_axis',(0.707106781186546,-0.707106781186549,0.));
#5376=DIRECTION('center_axis',(0.,0.,1.));
#5377=DIRECTION('ref_axis',(0.,-1.,0.));
#5378=DIRECTION('',(3.1720657846433E-16,0.,1.));
#5379=DIRECTION('',(-3.1720657846433E-16,0.,-1.));
#5380=DIRECTION('center_axis',(0.,1.,0.));
#5381=DIRECTION('ref_axis',(0.,0.,1.));
#5382=DIRECTION('center_axis',(1.,0.,1.11022302462516E-15));
#5383=DIRECTION('ref_axis',(0.,-1.,0.));
#5384=DIRECTION('center_axis',(0.,-1.,0.));
#5385=DIRECTION('ref_axis',(0.707106781186547,0.,-0.707106781186548));
#5386=DIRECTION('center_axis',(0.,1.,0.));
#5387=DIRECTION('ref_axis',(0.707106781186547,0.,-0.707106781186548));
#5388=DIRECTION('center_axis',(-1.,0.,-4.44089209850063E-16));
#5389=DIRECTION('ref_axis',(0.,-0.707106781186555,-0.70710678118654));
#5390=DIRECTION('center_axis',(1.,0.,0.));
#5391=DIRECTION('ref_axis',(0.,-1.,0.));
#5392=DIRECTION('',(1.,0.,4.44089209850063E-16));
#5393=DIRECTION('',(-1.,0.,-4.44089209850063E-16));
#5394=DIRECTION('center_axis',(0.,1.,0.));
#5395=DIRECTION('ref_axis',(0.,0.,1.));
#5396=DIRECTION('center_axis',(0.975804738317378,0.,-0.218643803199068));
#5397=DIRECTION('ref_axis',(0.,-1.,0.));
#5398=DIRECTION('center_axis',(0.,-1.,0.));
#5399=DIRECTION('ref_axis',(-0.109989230569683,0.,-0.993932778993977));
#5400=DIRECTION('center_axis',(0.,1.,0.));
#5401=DIRECTION('ref_axis',(-0.109989230569683,0.,-0.993932778993977));
#5402=DIRECTION('center_axis',(0.,-1.,0.));
#5403=DIRECTION('ref_axis',(-1.13484042277347E-16,0.,1.));
#5404=DIRECTION('center_axis',(0.975804738317379,0.,0.218643803199063));
#5405=DIRECTION('ref_axis',(0.,-1.,0.));
#5406=DIRECTION('center_axis',(0.,1.,0.));
#5407=DIRECTION('ref_axis',(7.2078728892277E-17,0.,1.));
#5408=DIRECTION('center_axis',(0.,-1.,0.));
#5409=DIRECTION('ref_axis',(7.2078728892277E-17,0.,1.));
#5410=DIRECTION('center_axis',(0.,1.,0.));
#5411=DIRECTION('ref_axis',(0.,0.,1.));
#5412=DIRECTION('center_axis',(1.,0.,0.));
#5413=DIRECTION('ref_axis',(0.,-1.,0.));
#5414=DIRECTION('center_axis',(0.,-1.,0.));
#5415=DIRECTION('ref_axis',(0.109989230569683,0.,-0.993932778993977));
#5416=DIRECTION('center_axis',(0.,1.,0.));
#5417=DIRECTION('ref_axis',(0.109989230569683,0.,-0.993932778993977));
#5418=DIRECTION('center_axis',(-1.,0.,-2.96059473233375E-16));
#5419=DIRECTION('ref_axis',(0.,-0.707106781186549,-0.707106781186546));
#5420=DIRECTION('',(1.,0.,2.96059473233375E-16));
#5421=DIRECTION('',(-1.,0.,-2.96059473233375E-16));
#5422=DIRECTION('center_axis',(1.,0.,-3.1720657846433E-16));
#5423=DIRECTION('ref_axis',(-3.1720657846433E-16,0.,-1.));
#5424=DIRECTION('',(0.,-1.,0.));
#5425=DIRECTION('',(-3.1720657846433E-16,0.,-1.));
#5426=DIRECTION('',(0.,1.,0.));
#5427=DIRECTION('center_axis',(0.,1.,0.));
#5428=DIRECTION('ref_axis',(0.707106781186548,0.,-0.707106781186547));
#5429=DIRECTION('',(0.,1.,0.));
#5430=DIRECTION('center_axis',(0.,-1.,0.));
#5431=DIRECTION('ref_axis',(0.707106781186548,0.,-0.707106781186547));
#5432=DIRECTION('center_axis',(4.44089209850063E-16,0.,-1.));
#5433=DIRECTION('ref_axis',(-1.,0.,-4.44089209850063E-16));
#5434=DIRECTION('',(0.,-1.,0.));
#5435=DIRECTION('',(-1.,0.,-4.44089209850063E-16));
#5436=DIRECTION('center_axis',(0.,1.,0.));
#5437=DIRECTION('ref_axis',(-0.109989230569683,0.,-0.993932778993977));
#5438=DIRECTION('',(0.,1.,0.));
#5439=DIRECTION('center_axis',(0.,-1.,0.));
#5440=DIRECTION('ref_axis',(-0.109989230569683,0.,-0.993932778993977));
#5441=DIRECTION('center_axis',(0.,1.,0.));
#5442=DIRECTION('ref_axis',(1.,0.,0.));
#5443=DIRECTION('',(0.,-1.,0.));
#5444=DIRECTION('center_axis',(0.,-1.,0.));
#5445=DIRECTION('ref_axis',(1.,0.,0.));
#5446=DIRECTION('center_axis',(0.,1.,0.));
#5447=DIRECTION('ref_axis',(0.109989230569683,0.,-0.993932778993977));
#5448=DIRECTION('',(0.,1.,0.));
#5449=DIRECTION('center_axis',(0.,-1.,0.));
#5450=DIRECTION('ref_axis',(0.109989230569683,0.,-0.993932778993977));
#5451=DIRECTION('center_axis',(2.96059473233375E-16,0.,-1.));
#5452=DIRECTION('ref_axis',(-1.,0.,-2.96059473233375E-16));
#5453=DIRECTION('',(0.,-1.,0.));
#5454=DIRECTION('',(-1.,0.,-2.96059473233375E-16));
#5455=DIRECTION('center_axis',(0.,1.,0.));
#5456=DIRECTION('ref_axis',(-0.707106781186547,0.,-0.707106781186547));
#5457=DIRECTION('',(0.,1.,0.));
#5458=DIRECTION('center_axis',(0.,-1.,0.));
#5459=DIRECTION('ref_axis',(-0.707106781186547,0.,-0.707106781186547));
#5460=DIRECTION('center_axis',(0.,1.,0.));
#5461=DIRECTION('ref_axis',(0.,0.,1.));
#5462=DIRECTION('center_axis',(0.,1.,0.));
#5463=DIRECTION('ref_axis',(0.109989230569683,0.,-0.993932778993977));
#5464=DIRECTION('center_axis',(0.,1.,0.));
#5465=DIRECTION('ref_axis',(-0.109989230569683,0.,-0.993932778993977));
#5466=DIRECTION('',(0.,1.,0.));
#5467=DIRECTION('center_axis',(0.,1.,0.));
#5468=DIRECTION('ref_axis',(-0.109989230569683,0.,0.993932778993977));
#5469=DIRECTION('center_axis',(0.,1.,0.));
#5470=DIRECTION('ref_axis',(0.109989230569683,0.,0.993932778993977));
#5471=DIRECTION('center_axis',(-1.,0.,0.));
#5472=DIRECTION('ref_axis',(0.,0.,1.));
#5473=DIRECTION('center_axis',(4.44089209850063E-16,0.,-1.));
#5474=DIRECTION('ref_axis',(-1.,0.,-4.44089209850063E-16));
#5475=DIRECTION('center_axis',(0.,1.,0.));
#5476=DIRECTION('ref_axis',(-0.109989230569683,0.,0.993932778993977));
#5477=DIRECTION('',(0.,1.,0.));
#5478=DIRECTION('center_axis',(0.,-1.,0.));
#5479=DIRECTION('ref_axis',(-0.109989230569683,0.,0.993932778993977));
#5480=DIRECTION('',(0.,-1.,0.));
#5481=DIRECTION('center_axis',(0.,1.,0.));
#5482=DIRECTION('ref_axis',(1.,0.,0.));
#5483=DIRECTION('center_axis',(0.,-1.,0.));
#5484=DIRECTION('ref_axis',(1.,0.,0.));
#5485=DIRECTION('',(0.,1.,0.));
#5486=DIRECTION('center_axis',(0.,1.,0.));
#5487=DIRECTION('ref_axis',(0.109989230569683,0.,0.993932778993977));
#5488=DIRECTION('center_axis',(0.,-1.,0.));
#5489=DIRECTION('ref_axis',(0.109989230569683,0.,0.993932778993977));
#5490=DIRECTION('',(0.,-1.,0.));
#5491=DIRECTION('center_axis',(-1.,0.,0.));
#5492=DIRECTION('ref_axis',(0.,0.,1.));
#5493=DIRECTION('',(0.,-1.,0.));
#5494=DIRECTION('',(0.,0.,1.));
#5495=DIRECTION('center_axis',(0.,1.,0.));
#5496=DIRECTION('ref_axis',(0.707106781186548,0.,0.707106781186547));
#5497=DIRECTION('center_axis',(0.,-1.,0.));
#5498=DIRECTION('ref_axis',(0.707106781186548,0.,0.707106781186547));
#5499=DIRECTION('',(0.,-1.,0.));
#5500=DIRECTION('center_axis',(0.,1.,0.));
#5501=DIRECTION('ref_axis',(-0.707106781186547,0.,0.707106781186547));
#5502=DIRECTION('',(0.,1.,0.));
#5503=DIRECTION('center_axis',(0.,-1.,0.));
#5504=DIRECTION('ref_axis',(-0.707106781186547,0.,0.707106781186547));
#5505=DIRECTION('center_axis',(2.96059473233375E-16,0.,1.));
#5506=DIRECTION('ref_axis',(1.,0.,-2.96059473233375E-16));
#5507=DIRECTION('',(1.,0.,-2.96059473233375E-16));
#5508=DIRECTION('center_axis',(4.44089209850063E-16,0.,1.));
#5509=DIRECTION('ref_axis',(1.,0.,-4.44089209850063E-16));
#5510=DIRECTION('',(1.,0.,-4.44089209850063E-16));
#5511=DIRECTION('center_axis',(0.,1.,0.));
#5512=DIRECTION('ref_axis',(0.,0.,1.));
#5513=CARTESIAN_POINT('',(0.,0.,0.));
#5514=CARTESIAN_POINT('Origin',(-160.108974596216,5.3,39.2035553080336));
#5515=CARTESIAN_POINT('',(-160.03342315544,5.1,39.3344142420423));
#5516=CARTESIAN_POINT('',(-160.03342315544,5.45110288155165,39.3344142420423));
#5517=CARTESIAN_POINT('',(-160.03342315544,3.,39.3344142420423));
#5518=CARTESIAN_POINT('',(-160.208974596216,5.1,39.0303502272767));
#5519=CARTESIAN_POINT('',(-160.208974596216,5.1,39.0303502272767));
#5520=CARTESIAN_POINT('',(-160.008974596216,5.5,39.3767603887904));
#5521=CARTESIAN_POINT('Origin',(-161.841025403784,5.3,40.2035553080335));
#5522=CARTESIAN_POINT('',(-161.765473963009,5.45110288155164,40.3344142420423));
#5523=CARTESIAN_POINT('',(-161.765473963009,5.1,40.3344142420423));
#5524=CARTESIAN_POINT('',(-161.765473963009,3.,40.3344142420423));
#5525=CARTESIAN_POINT('',(-161.941025403784,5.1,40.0303502272767));
#5526=CARTESIAN_POINT('',(-161.741025403784,5.5,40.3767603887904));
#5527=CARTESIAN_POINT('',(-161.941025403784,5.1,40.0303502272767));
#5528=CARTESIAN_POINT('Origin',(-161.075,5.1,39.5303502272767));
#5529=CARTESIAN_POINT('Origin',(-166.,5.1,31.));
#5530=CARTESIAN_POINT('',(-161.075,5.1,39.5303502272767));
#5531=CARTESIAN_POINT('Origin',(-160.875,5.5,39.8767603887904));
#5532=CARTESIAN_POINT('',(-160.875,5.5,39.8767603887904));
#5533=CARTESIAN_POINT('Origin',(-166.,-4.74999999999996,31.));
#5534=CARTESIAN_POINT('Origin',(-166.,-4.74999999999996,31.));
#5535=CARTESIAN_POINT('Origin',(-161.841025403784,5.3,21.7964446919664));
#5536=CARTESIAN_POINT('',(-161.765473963009,5.1,21.6655857579576));
#5537=CARTESIAN_POINT('',(-161.765473963009,5.45110288155163,21.6655857579576));
#5538=CARTESIAN_POINT('',(-161.765473963009,3.,21.6655857579576));
#5539=CARTESIAN_POINT('',(-161.941025403784,5.1,21.9696497727232));
#5540=CARTESIAN_POINT('',(-161.941025403784,5.1,21.9696497727232));
#5541=CARTESIAN_POINT('',(-161.741025403784,5.5,21.6232396112095));
#5542=CARTESIAN_POINT('Origin',(-160.108974596216,5.3,22.7964446919664));
#5543=CARTESIAN_POINT('',(-160.03342315544,5.45110288155163,22.6655857579576));
#5544=CARTESIAN_POINT('',(-160.03342315544,5.1,22.6655857579576));
#5545=CARTESIAN_POINT('',(-160.03342315544,3.,22.6655857579576));
#5546=CARTESIAN_POINT('',(-160.208974596216,5.1,22.9696497727232));
#5547=CARTESIAN_POINT('',(-160.008974596216,5.5,22.6232396112095));
#5548=CARTESIAN_POINT('',(-160.208974596216,5.1,22.9696497727232));
#5549=CARTESIAN_POINT('Origin',(-161.075,5.1,22.4696497727232));
#5550=CARTESIAN_POINT('Origin',(-166.,5.1,31.));
#5551=CARTESIAN_POINT('',(-161.075,5.1,22.4696497727232));
#5552=CARTESIAN_POINT('Origin',(-160.875,5.5,22.1232396112095));
#5553=CARTESIAN_POINT('',(-160.875,5.5,22.1232396112095));
#5554=CARTESIAN_POINT('Origin',(-166.,-4.74999999999997,31.));
#5555=CARTESIAN_POINT('Origin',(-166.,-4.74999999999997,31.));
#5556=CARTESIAN_POINT('Origin',(-166.,3.,31.));
#5557=CARTESIAN_POINT('',(-176.25,5.5,31.));
#5558=CARTESIAN_POINT('Origin',(-166.,5.5,31.));
#5559=CARTESIAN_POINT('',(-176.201102881552,5.45110288155153,30.));
#5560=CARTESIAN_POINT('Origin',(-166.,-4.75000000000006,31.));
#5561=CARTESIAN_POINT('',(-176.201102881552,5.1,30.));
#5562=CARTESIAN_POINT('',(-176.201102881552,3.,30.));
#5563=CARTESIAN_POINT('',(-176.201102881552,5.1,32.));
#5564=CARTESIAN_POINT('Origin',(-166.,5.1,31.));
#5565=CARTESIAN_POINT('',(-176.201102881552,5.45110288155153,32.));
#5566=CARTESIAN_POINT('',(-176.201102881552,3.,32.));
#5567=CARTESIAN_POINT('Origin',(-166.,-4.75000000000006,31.));
#5568=CARTESIAN_POINT('Origin',(-166.,5.5,31.));
#5569=CARTESIAN_POINT('',(-155.75,5.50000000000004,31.));
#5570=CARTESIAN_POINT('Origin',(-166.,5.5,31.));
#5571=CARTESIAN_POINT('',(-155.75,2.,31.));
#5572=CARTESIAN_POINT('',(-155.75,3.,31.));
#5573=CARTESIAN_POINT('Origin',(-166.,2.,31.));
#5574=CARTESIAN_POINT('Origin',(-166.,5.5,31.));
#5575=CARTESIAN_POINT('Origin',(-176.05,5.3,32.));
#5576=CARTESIAN_POINT('',(-175.85,5.1,32.));
#5577=CARTESIAN_POINT('',(-175.85,5.1,32.));
#5578=CARTESIAN_POINT('',(-176.25,5.5,32.));
#5579=CARTESIAN_POINT('Origin',(-176.05,5.3,30.));
#5580=CARTESIAN_POINT('',(-175.85,5.1,30.));
#5581=CARTESIAN_POINT('',(-176.25,5.5,30.));
#5582=CARTESIAN_POINT('',(-175.85,5.1,30.));
#5583=CARTESIAN_POINT('Origin',(-175.85,5.1,31.));
#5584=CARTESIAN_POINT('',(-175.85,5.1,31.));
#5585=CARTESIAN_POINT('Origin',(-176.25,5.5,31.));
#5586=CARTESIAN_POINT('Origin',(-14.875,5.1,-8.87676038879049));
#5587=CARTESIAN_POINT('',(-14.0334231554398,5.1,-8.3344142420423));
#5588=CARTESIAN_POINT('',(-15.7654739630086,5.1,-9.3344142420423));
#5589=CARTESIAN_POINT('Origin',(-20.,5.1,0.));
#5590=CARTESIAN_POINT('',(-14.2089745962156,5.1,-8.03035022727671));
#5591=CARTESIAN_POINT('',(-14.0089745962156,5.1,-8.37676038879049));
#5592=CARTESIAN_POINT('',(-15.9410254037844,5.1,-9.03035022727672));
#5593=CARTESIAN_POINT('',(-15.075,5.1,-8.53035022727671));
#5594=CARTESIAN_POINT('',(-15.7410254037844,5.1,-9.37676038879049));
#5595=CARTESIAN_POINT('Origin',(-14.1089745962156,5.3,-8.2035553080336));
#5596=CARTESIAN_POINT('',(-14.0334231554398,5.45110288155159,-8.3344142420423));
#5597=CARTESIAN_POINT('',(-14.0334231554398,3.,-8.3344142420423));
#5598=CARTESIAN_POINT('',(-14.2089745962156,5.1,-8.03035022727671));
#5599=CARTESIAN_POINT('Origin',(-15.075,5.1,-8.53035022727671));
#5600=CARTESIAN_POINT('',(-15.7654739630086,5.45110288155159,-9.33441424204231));
#5601=CARTESIAN_POINT('',(-14.875,5.5,-8.87676038879049));
#5602=CARTESIAN_POINT('Origin',(-20.,-4.75,0.));
#5603=CARTESIAN_POINT('',(-15.9410254037844,5.1,-9.03035022727672));
#5604=CARTESIAN_POINT('Origin',(-20.,-4.75,0.));
#5605=CARTESIAN_POINT('Origin',(-15.8410254037844,5.3,-9.2035553080336));
#5606=CARTESIAN_POINT('',(-15.7654739630086,3.,-9.3344142420423));
#5607=CARTESIAN_POINT('Origin',(-14.875,5.1,8.8767603887905));
#5608=CARTESIAN_POINT('',(-15.7654739630086,5.1,9.33441424204231));
#5609=CARTESIAN_POINT('',(-14.0334231554398,5.1,8.33441424204231));
#5610=CARTESIAN_POINT('Origin',(-20.,5.1,0.));
#5611=CARTESIAN_POINT('',(-15.9410254037844,5.1,9.03035022727672));
#5612=CARTESIAN_POINT('',(-15.7410254037844,5.1,9.37676038879049));
#5613=CARTESIAN_POINT('',(-14.2089745962156,5.1,8.03035022727672));
#5614=CARTESIAN_POINT('',(-15.075,5.1,8.53035022727672));
#5615=CARTESIAN_POINT('',(-14.0089745962156,5.1,8.3767603887905));
#5616=CARTESIAN_POINT('Origin',(-15.8410254037844,5.3,9.20355530803361));
#5617=CARTESIAN_POINT('',(-15.7654739630086,5.45110288155158,9.33441424204231));
#5618=CARTESIAN_POINT('',(-15.7654739630086,3.,9.33441424204231));
#5619=CARTESIAN_POINT('',(-15.9410254037844,5.1,9.03035022727672));
#5620=CARTESIAN_POINT('Origin',(-15.075,5.1,8.53035022727672));
#5621=CARTESIAN_POINT('',(-14.0334231554398,5.45110288155158,8.33441424204231));
#5622=CARTESIAN_POINT('',(-14.875,5.5,8.8767603887905));
#5623=CARTESIAN_POINT('Origin',(-20.,-4.75,0.));
#5624=CARTESIAN_POINT('',(-14.2089745962156,5.1,8.03035022727672));
#5625=CARTESIAN_POINT('Origin',(-20.,-4.75,0.));
#5626=CARTESIAN_POINT('Origin',(-14.1089745962156,5.3,8.20355530803361));
#5627=CARTESIAN_POINT('',(-14.0334231554398,3.,8.33441424204231));
#5628=CARTESIAN_POINT('Origin',(-20.,3.,0.));
#5629=CARTESIAN_POINT('',(-30.25,5.5,0.));
#5630=CARTESIAN_POINT('Origin',(-20.,5.5,0.));
#5631=CARTESIAN_POINT('',(-30.2011028815516,5.45110288155158,-1.));
#5632=CARTESIAN_POINT('Origin',(-20.,-4.75,0.));
#5633=CARTESIAN_POINT('',(-30.2011028815516,5.1,-1.));
#5634=CARTESIAN_POINT('',(-30.2011028815516,3.,-1.));
#5635=CARTESIAN_POINT('',(-30.2011028815516,5.1,1.));
#5636=CARTESIAN_POINT('Origin',(-20.,5.1,0.));
#5637=CARTESIAN_POINT('',(-30.2011028815516,5.45110288155158,1.));
#5638=CARTESIAN_POINT('',(-30.2011028815516,3.,1.));
#5639=CARTESIAN_POINT('Origin',(-20.,-4.75,0.));
#5640=CARTESIAN_POINT('Origin',(-20.,5.5,0.));
#5641=CARTESIAN_POINT('',(-9.75,5.5,2.04346971000916E-15));
#5642=CARTESIAN_POINT('Origin',(-20.,5.5,0.));
#5643=CARTESIAN_POINT('',(-9.75,2.,0.));
#5644=CARTESIAN_POINT('',(-9.75,3.,2.04346971000916E-15));
#5645=CARTESIAN_POINT('Origin',(-20.,2.,0.));
#5646=CARTESIAN_POINT('Origin',(-20.,5.5,0.));
#5647=CARTESIAN_POINT('Origin',(-30.25,5.1,0.));
#5648=CARTESIAN_POINT('',(-29.85,5.1,-1.));
#5649=CARTESIAN_POINT('',(-30.25,5.1,-1.));
#5650=CARTESIAN_POINT('',(-29.85,5.1,1.));
#5651=CARTESIAN_POINT('',(-29.85,5.1,0.));
#5652=CARTESIAN_POINT('',(-30.25,5.1,1.));
#5653=CARTESIAN_POINT('Origin',(-30.05,5.3,-1.));
#5654=CARTESIAN_POINT('',(-29.85,5.1,-1.));
#5655=CARTESIAN_POINT('Origin',(-29.85,5.1,0.));
#5656=CARTESIAN_POINT('',(-29.85,5.1,1.));
#5657=CARTESIAN_POINT('Origin',(-30.05,5.3,1.));
#5658=CARTESIAN_POINT('Origin',(-161.841025403784,5.3,-40.2035553080335));
#5659=CARTESIAN_POINT('',(-161.765473963009,5.1,-40.3344142420423));
#5660=CARTESIAN_POINT('',(-161.765473963009,5.45110288155161,-40.3344142420423));
#5661=CARTESIAN_POINT('',(-161.765473963009,3.,-40.3344142420423));
#5662=CARTESIAN_POINT('',(-161.941025403784,5.1,-40.0303502272767));
#5663=CARTESIAN_POINT('',(-161.941025403784,5.1,-40.0303502272767));
#5664=CARTESIAN_POINT('',(-161.741025403784,5.5,-40.3767603887904));
#5665=CARTESIAN_POINT('Origin',(-161.075,5.1,-39.5303502272767));
#5666=CARTESIAN_POINT('',(-160.03342315544,5.1,-39.3344142420423));
#5667=CARTESIAN_POINT('Origin',(-166.,5.1,-31.));
#5668=CARTESIAN_POINT('',(-160.208974596216,5.1,-39.0303502272767));
#5669=CARTESIAN_POINT('',(-160.208974596216,5.1,-39.0303502272767));
#5670=CARTESIAN_POINT('',(-161.075,5.1,-39.5303502272767));
#5671=CARTESIAN_POINT('Origin',(-160.875,5.5,-39.8767603887904));
#5672=CARTESIAN_POINT('',(-160.875,5.5,-39.8767603887905));
#5673=CARTESIAN_POINT('Origin',(-166.,-4.74999999999999,-31.));
#5674=CARTESIAN_POINT('',(-160.03342315544,5.45110288155161,-39.3344142420423));
#5675=CARTESIAN_POINT('',(-160.008974596216,5.5,-39.3767603887904));
#5676=CARTESIAN_POINT('Origin',(-166.,-4.74999999999999,-31.));
#5677=CARTESIAN_POINT('Origin',(-160.108974596216,5.3,-39.2035553080336));
#5678=CARTESIAN_POINT('',(-160.03342315544,3.,-39.3344142420423));
#5679=CARTESIAN_POINT('Origin',(-160.108974596216,5.3,-22.7964446919664));
#5680=CARTESIAN_POINT('',(-160.03342315544,5.1,-22.6655857579577));
#5681=CARTESIAN_POINT('',(-160.03342315544,5.45110288155161,-22.6655857579576));
#5682=CARTESIAN_POINT('',(-160.03342315544,3.,-22.6655857579576));
#5683=CARTESIAN_POINT('',(-160.208974596216,5.1,-22.9696497727232));
#5684=CARTESIAN_POINT('',(-160.208974596216,5.1,-22.9696497727232));
#5685=CARTESIAN_POINT('',(-160.008974596216,5.5,-22.6232396112095));
#5686=CARTESIAN_POINT('Origin',(-161.075,5.1,-22.4696497727232));
#5687=CARTESIAN_POINT('',(-161.765473963009,5.1,-21.6655857579577));
#5688=CARTESIAN_POINT('Origin',(-166.,5.1,-31.));
#5689=CARTESIAN_POINT('',(-161.941025403784,5.1,-21.9696497727232));
#5690=CARTESIAN_POINT('',(-161.941025403784,5.1,-21.9696497727232));
#5691=CARTESIAN_POINT('',(-161.075,5.1,-22.4696497727232));
#5692=CARTESIAN_POINT('Origin',(-160.875,5.5,-22.1232396112095));
#5693=CARTESIAN_POINT('',(-160.875,5.5,-22.1232396112095));
#5694=CARTESIAN_POINT('Origin',(-166.,-4.75,-31.));
#5695=CARTESIAN_POINT('',(-161.765473963009,5.45110288155159,-21.6655857579577));
#5696=CARTESIAN_POINT('',(-161.741025403784,5.5,-21.6232396112095));
#5697=CARTESIAN_POINT('Origin',(-166.,-4.75,-31.));
#5698=CARTESIAN_POINT('Origin',(-161.841025403784,5.3,-21.7964446919664));
#5699=CARTESIAN_POINT('',(-161.765473963009,3.,-21.6655857579577));
#5700=CARTESIAN_POINT('Origin',(-166.,3.,-31.));
#5701=CARTESIAN_POINT('',(-176.25,5.5,-31.));
#5702=CARTESIAN_POINT('Origin',(-166.,5.5,-31.));
#5703=CARTESIAN_POINT('',(-176.201102881552,5.4511028815516,-32.));
#5704=CARTESIAN_POINT('Origin',(-166.,-4.74999999999999,-31.));
#5705=CARTESIAN_POINT('',(-176.201102881552,5.1,-32.));
#5706=CARTESIAN_POINT('',(-176.201102881552,3.,-32.));
#5707=CARTESIAN_POINT('',(-176.201102881552,5.1,-30.));
#5708=CARTESIAN_POINT('Origin',(-166.,5.1,-31.));
#5709=CARTESIAN_POINT('',(-176.201102881552,5.4511028815516,-30.));
#5710=CARTESIAN_POINT('',(-176.201102881552,3.,-30.));
#5711=CARTESIAN_POINT('Origin',(-166.,-4.74999999999999,-31.));
#5712=CARTESIAN_POINT('Origin',(-166.,5.5,-31.));
#5713=CARTESIAN_POINT('',(-155.75,5.50000000000003,-31.));
#5714=CARTESIAN_POINT('Origin',(-166.,5.5,-31.));
#5715=CARTESIAN_POINT('',(-155.75,2.,-31.));
#5716=CARTESIAN_POINT('',(-155.75,3.,-31.));
#5717=CARTESIAN_POINT('Origin',(-166.,2.,-31.));
#5718=CARTESIAN_POINT('Origin',(-166.,5.5,-31.));
#5719=CARTESIAN_POINT('Origin',(-176.05,5.3,-30.));
#5720=CARTESIAN_POINT('',(-175.85,5.1,-30.));
#5721=CARTESIAN_POINT('',(-175.85,5.1,-30.));
#5722=CARTESIAN_POINT('',(-176.25,5.5,-30.));
#5723=CARTESIAN_POINT('Origin',(-175.85,5.1,-31.));
#5724=CARTESIAN_POINT('',(-175.85,5.1,-32.));
#5725=CARTESIAN_POINT('',(-175.85,5.1,-32.));
#5726=CARTESIAN_POINT('',(-175.85,5.1,-31.));
#5727=CARTESIAN_POINT('Origin',(-176.25,5.5,-31.));
#5728=CARTESIAN_POINT('',(-176.25,5.5,-32.));
#5729=CARTESIAN_POINT('Origin',(-176.05,5.3,-32.));
#5730=CARTESIAN_POINT('Origin',(-68.,25.125,47.276625594005));
#5731=CARTESIAN_POINT('',(-66.,25.75,47.276625594005));
#5732=CARTESIAN_POINT('',(-70.,25.75,47.276625594005));
#5733=CARTESIAN_POINT('Origin',(-68.,25.75,47.276625594005));
#5734=CARTESIAN_POINT('Origin',(-68.,25.75,47.276625594005));
#5735=CARTESIAN_POINT('',(-64.75,24.5,47.276625594005));
#5736=CARTESIAN_POINT('',(-65.375,25.125,47.276625594005));
#5737=CARTESIAN_POINT('',(-71.25,24.5,47.276625594005));
#5738=CARTESIAN_POINT('Origin',(-68.,24.5,47.276625594005));
#5739=CARTESIAN_POINT('Origin',(-68.,24.5,47.276625594005));
#5740=CARTESIAN_POINT('Origin',(-68.,29.,47.276625594005));
#5741=CARTESIAN_POINT('',(-66.,29.,47.276625594005));
#5742=CARTESIAN_POINT('',(-70.,29.,47.276625594005));
#5743=CARTESIAN_POINT('Origin',(-68.,29.,47.276625594005));
#5744=CARTESIAN_POINT('Origin',(-68.,29.,47.276625594005));
#5745=CARTESIAN_POINT('',(-70.,29.,47.276625594005));
#5746=CARTESIAN_POINT('Origin',(-68.,25.125,-47.2766255940051));
#5747=CARTESIAN_POINT('',(-66.,25.75,-47.2766255940051));
#5748=CARTESIAN_POINT('',(-70.,25.75,-47.2766255940051));
#5749=CARTESIAN_POINT('Origin',(-68.,25.75,-47.2766255940051));
#5750=CARTESIAN_POINT('Origin',(-68.,25.75,-47.2766255940051));
#5751=CARTESIAN_POINT('',(-64.75,24.5,-47.2766255940051));
#5752=CARTESIAN_POINT('',(-65.375,25.125,-47.2766255940051));
#5753=CARTESIAN_POINT('',(-71.25,24.5,-47.2766255940051));
#5754=CARTESIAN_POINT('Origin',(-68.,24.5,-47.2766255940051));
#5755=CARTESIAN_POINT('Origin',(-68.,24.5,-47.2766255940051));
#5756=CARTESIAN_POINT('Origin',(-68.,29.,-47.2766255940051));
#5757=CARTESIAN_POINT('',(-66.,29.,-47.2766255940051));
#5758=CARTESIAN_POINT('',(-70.,29.,-47.2766255940051));
#5759=CARTESIAN_POINT('Origin',(-68.,29.,-47.2766255940051));
#5760=CARTESIAN_POINT('Origin',(-68.,29.,-47.2766255940051));
#5761=CARTESIAN_POINT('',(-70.,29.,-47.2766255940051));
#5762=CARTESIAN_POINT('Origin',(-68.,0.,-47.2766255940051));
#5763=CARTESIAN_POINT('',(-64.75,0.,-47.2766255940051));
#5764=CARTESIAN_POINT('',(-71.25,0.,-47.2766255940051));
#5765=CARTESIAN_POINT('Origin',(-68.,0.,-47.2766255940051));
#5766=CARTESIAN_POINT('Origin',(-68.,0.,-47.2766255940051));
#5767=CARTESIAN_POINT('',(-71.25,0.,-47.2766255940051));
#5768=CARTESIAN_POINT('Origin',(-68.,0.,47.276625594005));
#5769=CARTESIAN_POINT('',(-64.75,0.,47.276625594005));
#5770=CARTESIAN_POINT('',(-71.25,0.,47.276625594005));
#5771=CARTESIAN_POINT('Origin',(-68.,0.,47.276625594005));
#5772=CARTESIAN_POINT('Origin',(-68.,0.,47.276625594005));
#5773=CARTESIAN_POINT('',(-71.25,0.,47.276625594005));
#5774=CARTESIAN_POINT('Origin',(-67.9999999999999,29.,49.776625594005));
#5775=CARTESIAN_POINT('',(-75.4966893742116,3.,49.9994448628794));
#5776=CARTESIAN_POINT('',(-60.5033106257883,3.,49.9994448628794));
#5777=CARTESIAN_POINT('Origin',(-67.9999999999999,3.,49.776625594005));
#5778=CARTESIAN_POINT('',(-75.4966893742116,29.,49.9994448628794));
#5779=CARTESIAN_POINT('',(-75.4966893742116,29.,49.9994448628794));
#5780=CARTESIAN_POINT('',(-60.5033106257883,29.,49.9994448628794));
#5781=CARTESIAN_POINT('Origin',(-67.9999999999999,29.,49.776625594005));
#5782=CARTESIAN_POINT('',(-60.5033106257882,29.,49.9994448628794));
#5783=CARTESIAN_POINT('Origin',(-68.,29.,-49.7766255940051));
#5784=CARTESIAN_POINT('',(-60.5033106257883,3.,-49.9994448628794));
#5785=CARTESIAN_POINT('',(-75.4966893742117,3.,-49.9994448628794));
#5786=CARTESIAN_POINT('Origin',(-68.,3.,-49.7766255940051));
#5787=CARTESIAN_POINT('',(-60.5033106257883,29.,-49.9994448628794));
#5788=CARTESIAN_POINT('',(-60.5033106257883,29.,-49.9994448628794));
#5789=CARTESIAN_POINT('',(-75.4966893742117,29.,-49.9994448628794));
#5790=CARTESIAN_POINT('Origin',(-68.,29.,-49.7766255940051));
#5791=CARTESIAN_POINT('',(-75.4966893742117,29.,-49.9994448628794));
#5792=CARTESIAN_POINT('Origin',(-68.,0.,-176.));
#5793=CARTESIAN_POINT('',(-95.5979586327467,29.,-52.8306331682217));
#5794=CARTESIAN_POINT('Origin',(-68.,29.,-176.));
#5795=CARTESIAN_POINT('',(-95.5979586327467,3.,-52.8306331682217));
#5796=CARTESIAN_POINT('',(-95.5979586327467,28.,-52.8306331682217));
#5797=CARTESIAN_POINT('Origin',(-68.,3.,-176.));
#5798=CARTESIAN_POINT('Origin',(-12.7499999999725,15.999999999987,53.));
#5799=CARTESIAN_POINT('',(-12.7499999999725,15.999999999987,53.));
#5800=CARTESIAN_POINT('',(-12.7499999999257,25.,53.));
#5801=CARTESIAN_POINT('',(-12.7500000000141,7.99999999992268,53.));
#5802=CARTESIAN_POINT('',(-12.7499999999725,15.999999999987,54.5));
#5803=CARTESIAN_POINT('',(-12.7499999999725,15.999999999987,53.));
#5804=CARTESIAN_POINT('',(-12.7499999999257,25.,54.5));
#5805=CARTESIAN_POINT('',(-12.7499999999127,27.4999999999855,54.5));
#5806=CARTESIAN_POINT('',(-12.7499999999257,25.,53.));
#5807=CARTESIAN_POINT('Origin',(-13.9999999999628,20.4999999999935,54.5));
#5808=CARTESIAN_POINT('',(-15.25,25.,54.5));
#5809=CARTESIAN_POINT('',(-15.25,25.,54.5));
#5810=CARTESIAN_POINT('',(-15.25,16.,54.5));
#5811=CARTESIAN_POINT('',(-12.7499999999725,15.999999999987,54.5));
#5812=CARTESIAN_POINT('',(-15.25,22.7499999999968,54.5));
#5813=CARTESIAN_POINT('Origin',(-31.2500000000146,25.,53.));
#5814=CARTESIAN_POINT('',(-31.2500000000146,25.,53.));
#5815=CARTESIAN_POINT('',(-31.2500000000146,16.,53.));
#5816=CARTESIAN_POINT('',(-31.2500000000146,12.5,53.));
#5817=CARTESIAN_POINT('',(-31.2500000000146,25.,54.5));
#5818=CARTESIAN_POINT('',(-31.2500000000146,25.,53.));
#5819=CARTESIAN_POINT('',(-31.2500000000146,16.,54.5));
#5820=CARTESIAN_POINT('',(-31.2500000000146,13.5000000000145,54.5));
#5821=CARTESIAN_POINT('',(-31.2500000000146,16.,53.));
#5822=CARTESIAN_POINT('Origin',(-30.0000000000073,20.5,54.5));
#5823=CARTESIAN_POINT('',(-28.75,16.,54.5));
#5824=CARTESIAN_POINT('',(-28.75,25.,54.5));
#5825=CARTESIAN_POINT('',(-28.75,18.25,54.5));
#5826=CARTESIAN_POINT('',(-28.75,16.,54.5));
#5827=CARTESIAN_POINT('',(-31.2500000000146,25.,54.5));
#5828=CARTESIAN_POINT('Origin',(-39.9999999999999,0.,53.));
#5829=CARTESIAN_POINT('',(-11.5,29.,53.));
#5830=CARTESIAN_POINT('',(-11.5,3.,53.));
#5831=CARTESIAN_POINT('',(-11.5,1.5,53.));
#5832=CARTESIAN_POINT('',(-38.8715347448597,3.,53.));
#5833=CARTESIAN_POINT('',(-66.4999999999999,3.,53.));
#5834=CARTESIAN_POINT('',(-38.8715347448597,29.,53.));
#5835=CARTESIAN_POINT('',(-38.8715347448597,0.,53.));
#5836=CARTESIAN_POINT('',(-4.99999999999998,29.,53.));
#5837=CARTESIAN_POINT('',(-27.6249999999584,16.0000000000643,53.));
#5838=CARTESIAN_POINT('',(-26.3749999999628,25.,53.));
#5839=CARTESIAN_POINT('Origin',(-28.75,16.,56.));
#5840=CARTESIAN_POINT('',(-28.75,25.,56.));
#5841=CARTESIAN_POINT('',(-28.75,25.,56.));
#5842=CARTESIAN_POINT('',(-28.75,16.,56.));
#5843=CARTESIAN_POINT('',(-28.75,8.,56.));
#5844=CARTESIAN_POINT('',(-28.75,16.,56.));
#5845=CARTESIAN_POINT('Origin',(-8.55000000000001,16.091438824744,-34.1705771712116));
#5846=CARTESIAN_POINT('',(-8.80000000000001,16.091438824744,-42.9205771712116));
#5847=CARTESIAN_POINT('Origin',(-8.80000000000001,16.091438824744,-34.1705771712116));
#5848=CARTESIAN_POINT('',(-8.30000000000001,16.091438824744,-43.4205771712116));
#5849=CARTESIAN_POINT('',(-8.55000000000001,16.091438824744,-43.1705771712116));
#5850=CARTESIAN_POINT('',(-8.30000000000001,16.091438824744,-24.9205771712116));
#5851=CARTESIAN_POINT('Origin',(-8.30000000000001,16.091438824744,-34.1705771712116));
#5852=CARTESIAN_POINT('Origin',(-8.30000000000001,16.091438824744,-34.1705771712116));
#5853=CARTESIAN_POINT('Origin',(-1.08391318686314E-14,16.091438824744,-34.1705771712116));
#5854=CARTESIAN_POINT('',(-4.99999999999998,16.091438824744,-24.9205771712116));
#5855=CARTESIAN_POINT('',(-1.08391318686314E-14,16.091438824744,-24.9205771712116));
#5856=CARTESIAN_POINT('Origin',(-4.99999999999998,16.091438824744,-34.1705771712116));
#5857=CARTESIAN_POINT('Origin',(-8.80000000000001,16.091438824744,-34.1705771712116));
#5858=CARTESIAN_POINT('',(-8.80000000000001,16.091438824744,-30.6705771712116));
#5859=CARTESIAN_POINT('Origin',(-8.80000000000001,16.091438824744,-34.1705771712116));
#5860=CARTESIAN_POINT('Origin',(-4.99999999999998,16.091438824744,-34.1705771712116));
#5861=CARTESIAN_POINT('',(-3.00000000000001,16.091438824744,-22.9205771712116));
#5862=CARTESIAN_POINT('Origin',(-4.99999999999998,16.091438824744,-22.9205771712116));
#5863=CARTESIAN_POINT('',(-3.00000000000002,20.52023227052,-44.5121577377716));
#5864=CARTESIAN_POINT('Origin',(-3.00000000000001,16.091438824744,-34.1705771712116));
#5865=CARTESIAN_POINT('',(-3.00000000000002,11.662645378968,-44.5121577377716));
#5866=CARTESIAN_POINT('Ctrl Pts',(-2.99999999999999,11.662645378968,-44.5121577377716));
#5867=CARTESIAN_POINT('Ctrl Pts',(-2.99999999999999,12.0930364456766,-44.5121577377716));
#5868=CARTESIAN_POINT('Ctrl Pts',(-3.0261117402863,12.6088452225067,-44.5121577377716));
#5869=CARTESIAN_POINT('Ctrl Pts',(-3.12019906241103,13.9921629276281,-44.5121577377716));
#5870=CARTESIAN_POINT('Ctrl Pts',(-3.2182104128297,15.1353161708256,-44.5121577377716));
#5871=CARTESIAN_POINT('Ctrl Pts',(-3.2182104128297,17.0475614786624,-44.5121577377716));
#5872=CARTESIAN_POINT('Ctrl Pts',(-3.12019906241103,18.1907147218599,-44.5121577377716));
#5873=CARTESIAN_POINT('Ctrl Pts',(-3.0261117402863,19.5740324269813,-44.5121577377716));
#5874=CARTESIAN_POINT('Ctrl Pts',(-2.99999999999999,20.0898412038114,-44.5121577377716));
#5875=CARTESIAN_POINT('Ctrl Pts',(-2.99999999999999,20.52023227052,-44.5121577377716));
#5876=CARTESIAN_POINT('Origin',(-3.00000000000001,16.091438824744,-34.1705771712116));
#5877=CARTESIAN_POINT('Origin',(-4.60263017170123,3.,-44.5121577377715));
#5878=CARTESIAN_POINT('',(-3.00000000000002,29.,-44.5121577377716));
#5879=CARTESIAN_POINT('',(-3.00000000000002,1.5,-44.5121577377716));
#5880=CARTESIAN_POINT('',(-4.60263017170123,29.,-44.5121577377715));
#5881=CARTESIAN_POINT('',(-48.8013150858513,29.,-44.5121577377702));
#5882=CARTESIAN_POINT('',(-4.60263017170123,3.,-44.5121577377715));
#5883=CARTESIAN_POINT('',(-4.60263017170123,3.,-44.5121577377715));
#5884=CARTESIAN_POINT('',(-3.00000000000002,3.,-44.5121577377716));
#5885=CARTESIAN_POINT('',(-48.8013150858513,3.,-44.5121577377702));
#5886=CARTESIAN_POINT('',(-3.00000000000002,1.5,-44.5121577377716));
#5887=CARTESIAN_POINT('Origin',(-123.,0.,-37.0000000000001));
#5888=CARTESIAN_POINT('',(-123.,0.2,-40.0000000000001));
#5889=CARTESIAN_POINT('',(-120.,0.2,-37.0000000000001));
#5890=CARTESIAN_POINT('Origin',(-123.,0.2,-37.0000000000001));
#5891=CARTESIAN_POINT('',(-123.,0.,-40.0000000000001));
#5892=CARTESIAN_POINT('',(-123.,0.,-40.0000000000001));
#5893=CARTESIAN_POINT('',(-120.,0.,-37.0000000000001));
#5894=CARTESIAN_POINT('Origin',(-123.,0.,-37.0000000000001));
#5895=CARTESIAN_POINT('',(-120.,0.,-37.0000000000001));
#5896=CARTESIAN_POINT('Origin',(-120.,0.,40.));
#5897=CARTESIAN_POINT('',(-120.,0.,37.));
#5898=CARTESIAN_POINT('',(-120.,0.,20.));
#5899=CARTESIAN_POINT('',(-120.,0.2,37.));
#5900=CARTESIAN_POINT('',(-120.,0.,37.));
#5901=CARTESIAN_POINT('',(-120.,0.2,-40.0000000000001));
#5902=CARTESIAN_POINT('Origin',(-167.,0.,-37.0000000000001));
#5903=CARTESIAN_POINT('',(-170.,0.2,-37.0000000000001));
#5904=CARTESIAN_POINT('',(-167.,0.2,-40.0000000000001));
#5905=CARTESIAN_POINT('Origin',(-167.,0.2,-37.0000000000001));
#5906=CARTESIAN_POINT('',(-170.,0.,-37.0000000000001));
#5907=CARTESIAN_POINT('',(-170.,0.,-37.0000000000001));
#5908=CARTESIAN_POINT('',(-167.,0.,-40.0000000000001));
#5909=CARTESIAN_POINT('Origin',(-167.,0.,-37.0000000000001));
#5910=CARTESIAN_POINT('',(-167.,0.,-40.0000000000001));
#5911=CARTESIAN_POINT('Origin',(-120.,0.,-40.0000000000001));
#5912=CARTESIAN_POINT('',(-170.,0.2,-40.0000000000001));
#5913=CARTESIAN_POINT('',(-106.5,0.,-40.0000000000001));
#5914=CARTESIAN_POINT('Origin',(-167.,0.,37.));
#5915=CARTESIAN_POINT('',(-167.,0.2,40.));
#5916=CARTESIAN_POINT('',(-170.,0.2,37.));
#5917=CARTESIAN_POINT('Origin',(-167.,0.2,37.));
#5918=CARTESIAN_POINT('',(-167.,0.,40.));
#5919=CARTESIAN_POINT('',(-167.,0.,40.));
#5920=CARTESIAN_POINT('',(-170.,0.,37.));
#5921=CARTESIAN_POINT('Origin',(-167.,0.,37.));
#5922=CARTESIAN_POINT('',(-170.,0.,37.));
#5923=CARTESIAN_POINT('Origin',(-170.,0.,-40.0000000000001));
#5924=CARTESIAN_POINT('',(-170.,0.2,40.));
#5925=CARTESIAN_POINT('',(-170.,0.,-20.));
#5926=CARTESIAN_POINT('Origin',(-123.,0.,37.));
#5927=CARTESIAN_POINT('',(-123.,0.2,40.));
#5928=CARTESIAN_POINT('Origin',(-123.,0.2,37.));
#5929=CARTESIAN_POINT('',(-123.,0.,40.));
#5930=CARTESIAN_POINT('Origin',(-123.,0.,37.));
#5931=CARTESIAN_POINT('',(-123.,0.,40.));
#5932=CARTESIAN_POINT('Origin',(-170.,0.,40.));
#5933=CARTESIAN_POINT('',(-97.7850294777735,0.2,40.));
#5934=CARTESIAN_POINT('',(-131.5,0.,40.));
#5935=CARTESIAN_POINT('Origin',(-145.,0.2,-2.66453525910038E-14));
#5936=CARTESIAN_POINT('Origin',(-96.,3.,-26.));
#5937=CARTESIAN_POINT('',(-92.,8.,-26.));
#5938=CARTESIAN_POINT('',(-100.,8.,-26.));
#5939=CARTESIAN_POINT('Origin',(-96.,8.,-26.));
#5940=CARTESIAN_POINT('Origin',(-96.,8.,-26.));
#5941=CARTESIAN_POINT('',(-100.,3.,-26.));
#5942=CARTESIAN_POINT('',(-100.,3.,-26.));
#5943=CARTESIAN_POINT('',(-92.,3.,-26.));
#5944=CARTESIAN_POINT('Origin',(-96.,3.,-26.));
#5945=CARTESIAN_POINT('Origin',(-96.,3.,-26.));
#5946=CARTESIAN_POINT('Origin',(-96.,8.,-26.));
#5947=CARTESIAN_POINT('Origin',(-45.,3.,21.));
#5948=CARTESIAN_POINT('',(-41.,8.,21.));
#5949=CARTESIAN_POINT('',(-49.,8.,21.));
#5950=CARTESIAN_POINT('Origin',(-45.,8.,21.));
#5951=CARTESIAN_POINT('Origin',(-45.,8.,21.));
#5952=CARTESIAN_POINT('',(-49.,3.,21.));
#5953=CARTESIAN_POINT('',(-49.,3.,21.));
#5954=CARTESIAN_POINT('',(-41.,3.,21.));
#5955=CARTESIAN_POINT('Origin',(-45.,3.,21.));
#5956=CARTESIAN_POINT('Origin',(-45.,3.,21.));
#5957=CARTESIAN_POINT('Origin',(-45.,8.,21.));
#5958=CARTESIAN_POINT('Origin',(-96.,3.,26.));
#5959=CARTESIAN_POINT('',(-92.,8.,26.));
#5960=CARTESIAN_POINT('',(-100.,8.,26.));
#5961=CARTESIAN_POINT('Origin',(-96.,8.,26.));
#5962=CARTESIAN_POINT('Origin',(-96.,8.,26.));
#5963=CARTESIAN_POINT('',(-100.,3.,26.));
#5964=CARTESIAN_POINT('',(-100.,3.,26.));
#5965=CARTESIAN_POINT('',(-92.,3.,26.));
#5966=CARTESIAN_POINT('Origin',(-96.,3.,26.));
#5967=CARTESIAN_POINT('Origin',(-96.,3.,26.));
#5968=CARTESIAN_POINT('Origin',(-96.,8.,26.));
#5969=CARTESIAN_POINT('Origin',(-45.,3.,-21.));
#5970=CARTESIAN_POINT('',(-41.,8.,-21.));
#5971=CARTESIAN_POINT('',(-49.,8.,-21.));
#5972=CARTESIAN_POINT('Origin',(-45.,8.,-21.));
#5973=CARTESIAN_POINT('Origin',(-45.,8.,-21.));
#5974=CARTESIAN_POINT('',(-49.,3.,-21.));
#5975=CARTESIAN_POINT('',(-49.,3.,-21.));
#5976=CARTESIAN_POINT('',(-41.,3.,-21.));
#5977=CARTESIAN_POINT('Origin',(-45.,3.,-21.));
#5978=CARTESIAN_POINT('Origin',(-45.,3.,-21.));
#5979=CARTESIAN_POINT('Origin',(-45.,8.,-21.));
#5980=CARTESIAN_POINT('Origin',(-8.80000000000001,16.091438824744,-34.1705771712116));
#5981=CARTESIAN_POINT('',(-6.80000000000001,16.091438824744,-30.6705771712116));
#5982=CARTESIAN_POINT('Origin',(-6.80000000000001,16.091438824744,-34.1705771712116));
#5983=CARTESIAN_POINT('',(-8.80000000000001,16.091438824744,-30.6705771712116));
#5984=CARTESIAN_POINT('Origin',(-6.80000000000001,16.091438824744,-34.1705771712116));
#5985=CARTESIAN_POINT('',(-6.80000000000001,16.091438824744,-26.9205771712116));
#5986=CARTESIAN_POINT('Origin',(-6.80000000000001,16.091438824744,-34.1705771712116));
#5987=CARTESIAN_POINT('Origin',(-3.,29.,-17.5));
#5988=CARTESIAN_POINT('',(-3.,3.,-15.));
#5989=CARTESIAN_POINT('',(-3.00000000000001,3.,-20.));
#5990=CARTESIAN_POINT('Origin',(-3.,3.,-17.5));
#5991=CARTESIAN_POINT('',(-3.,29.,-15.));
#5992=CARTESIAN_POINT('',(-3.00000000000001,29.,-15.));
#5993=CARTESIAN_POINT('',(-3.00000000000001,29.,-20.));
#5994=CARTESIAN_POINT('Origin',(-3.,29.,-17.5));
#5995=CARTESIAN_POINT('',(-3.00000000000001,29.,-20.));
#5996=CARTESIAN_POINT('Origin',(-161.,29.,53.));
#5997=CARTESIAN_POINT('',(-163.5,3.,53.));
#5998=CARTESIAN_POINT('',(-158.5,3.,53.));
#5999=CARTESIAN_POINT('Origin',(-161.,3.,53.));
#6000=CARTESIAN_POINT('',(-163.5,29.,53.));
#6001=CARTESIAN_POINT('',(-163.5,29.,53.));
#6002=CARTESIAN_POINT('',(-158.5,29.,53.));
#6003=CARTESIAN_POINT('Origin',(-161.,29.,53.));
#6004=CARTESIAN_POINT('',(-158.5,29.,53.));
#6005=CARTESIAN_POINT('Origin',(-2.99999999999998,29.,17.5));
#6006=CARTESIAN_POINT('',(-2.99999999999999,3.,20.));
#6007=CARTESIAN_POINT('',(-2.99999999999999,3.,15.));
#6008=CARTESIAN_POINT('Origin',(-2.99999999999998,3.,17.5));
#6009=CARTESIAN_POINT('',(-2.99999999999999,29.,20.));
#6010=CARTESIAN_POINT('',(-2.99999999999999,29.,20.));
#6011=CARTESIAN_POINT('',(-2.99999999999999,29.,15.));
#6012=CARTESIAN_POINT('Origin',(-2.99999999999998,29.,17.5));
#6013=CARTESIAN_POINT('',(-3.,29.,15.));
#6014=CARTESIAN_POINT('Origin',(-161.,29.,-53.));
#6015=CARTESIAN_POINT('',(-158.5,3.,-53.));
#6016=CARTESIAN_POINT('',(-163.5,3.,-53.));
#6017=CARTESIAN_POINT('Origin',(-161.,3.,-53.));
#6018=CARTESIAN_POINT('',(-158.5,29.,-53.));
#6019=CARTESIAN_POINT('',(-158.5,29.,-53.));
#6020=CARTESIAN_POINT('',(-163.5,29.,-53.));
#6021=CARTESIAN_POINT('Origin',(-161.,29.,-53.));
#6022=CARTESIAN_POINT('',(-163.5,29.,-53.));
#6023=CARTESIAN_POINT('Origin',(-68.,0.,-176.));
#6024=CARTESIAN_POINT('',(-40.4020413672533,3.,-52.8306331682217));
#6025=CARTESIAN_POINT('Origin',(-68.,3.,-176.));
#6026=CARTESIAN_POINT('',(-40.4020413672533,29.,-52.8306331682217));
#6027=CARTESIAN_POINT('',(-40.4020413672533,28.,-52.8306331682217));
#6028=CARTESIAN_POINT('Origin',(-68.,29.,-176.));
#6029=CARTESIAN_POINT('Origin',(-186.,0.,53.));
#6030=CARTESIAN_POINT('',(-174.502371696064,3.,53.));
#6031=CARTESIAN_POINT('',(-139.5,3.,53.));
#6032=CARTESIAN_POINT('',(-174.502371696064,29.,53.));
#6033=CARTESIAN_POINT('',(-174.502371696064,1.5,53.));
#6034=CARTESIAN_POINT('',(-97.1284652551402,29.,53.));
#6035=CARTESIAN_POINT('Origin',(-186.,0.,53.));
#6036=CARTESIAN_POINT('',(-97.1284652551402,29.,53.));
#6037=CARTESIAN_POINT('',(-97.1284652551402,29.,53.));
#6038=CARTESIAN_POINT('',(-97.1284652551402,3.,53.));
#6039=CARTESIAN_POINT('',(-97.1284652551402,28.,53.));
#6040=CARTESIAN_POINT('',(-139.5,3.,53.));
#6041=CARTESIAN_POINT('Origin',(-68.,0.,176.));
#6042=CARTESIAN_POINT('',(-95.5979586327467,3.,52.8306331682217));
#6043=CARTESIAN_POINT('Origin',(-68.,3.,176.));
#6044=CARTESIAN_POINT('',(-95.5979586327467,29.,52.8306331682217));
#6045=CARTESIAN_POINT('',(-95.5979586327467,28.,52.8306331682217));
#6046=CARTESIAN_POINT('Origin',(-68.,29.,176.));
#6047=CARTESIAN_POINT('Origin',(-68.,0.,176.));
#6048=CARTESIAN_POINT('',(-40.4020413672532,29.,52.8306331682217));
#6049=CARTESIAN_POINT('Origin',(-68.,29.,176.));
#6050=CARTESIAN_POINT('',(-40.4020413672532,3.,52.8306331682217));
#6051=CARTESIAN_POINT('',(-40.4020413672532,28.,52.8306331682217));
#6052=CARTESIAN_POINT('Origin',(-68.,3.,176.));
#6053=CARTESIAN_POINT('Origin',(-2.99999999999998,0.,56.));
#6054=CARTESIAN_POINT('',(-2.99999999999998,3.,44.5004118029593));
#6055=CARTESIAN_POINT('',(-2.99999999999999,3.,28.));
#6056=CARTESIAN_POINT('',(-2.99999999999998,29.,44.5004118029593));
#6057=CARTESIAN_POINT('',(-2.99999999999999,1.5,44.5004118029593));
#6058=CARTESIAN_POINT('',(-3.00000000000002,29.,-51.));
#6059=CARTESIAN_POINT('Origin',(-2.99999999999998,0.,56.));
#6060=CARTESIAN_POINT('',(-2.99999999999999,3.,28.));
#6061=CARTESIAN_POINT('',(-3.00000000000002,29.,-51.));
#6062=CARTESIAN_POINT('Origin',(-2.99999999999998,0.,56.));
#6063=CARTESIAN_POINT('',(-2.99999999999999,3.,28.));
#6064=CARTESIAN_POINT('',(-3.00000000000002,29.,-51.));
#6065=CARTESIAN_POINT('Origin',(-96.,0.,-53.));
#6066=CARTESIAN_POINT('',(-97.1284652551402,3.,-53.));
#6067=CARTESIAN_POINT('',(-94.5,3.,-53.));
#6068=CARTESIAN_POINT('',(-97.1284652551402,29.,-53.));
#6069=CARTESIAN_POINT('',(-97.1284652551402,0.,-53.));
#6070=CARTESIAN_POINT('',(-181.,29.,-53.));
#6071=CARTESIAN_POINT('Origin',(-96.,0.,-53.));
#6072=CARTESIAN_POINT('',(-174.502371696064,29.,-53.));
#6073=CARTESIAN_POINT('',(-181.,29.,-53.));
#6074=CARTESIAN_POINT('',(-174.502371696064,3.,-53.));
#6075=CARTESIAN_POINT('',(-174.502371696064,1.5,-53.));
#6076=CARTESIAN_POINT('',(-94.5,3.,-53.));
#6077=CARTESIAN_POINT('Origin',(-186.,15.,11.5));
#6078=CARTESIAN_POINT('',(-186.,15.,17.5));
#6079=CARTESIAN_POINT('',(-186.,15.,5.49999999999999));
#6080=CARTESIAN_POINT('Origin',(-186.,15.,11.5));
#6081=CARTESIAN_POINT('Origin',(-186.,15.,11.5));
#6082=CARTESIAN_POINT('',(-183.,15.,5.49999999999999));
#6083=CARTESIAN_POINT('',(-186.,15.,5.49999999999999));
#6084=CARTESIAN_POINT('',(-183.,15.,17.5));
#6085=CARTESIAN_POINT('Origin',(-183.,15.,11.5));
#6086=CARTESIAN_POINT('Origin',(-183.,15.,11.5));
#6087=CARTESIAN_POINT('Origin',(-186.,15.,-11.5));
#6088=CARTESIAN_POINT('',(-186.,15.,-5.5));
#6089=CARTESIAN_POINT('',(-186.,15.,-17.5));
#6090=CARTESIAN_POINT('Origin',(-186.,15.,-11.5));
#6091=CARTESIAN_POINT('Origin',(-186.,15.,-11.5));
#6092=CARTESIAN_POINT('',(-183.,15.,-17.5));
#6093=CARTESIAN_POINT('',(-186.,15.,-17.5));
#6094=CARTESIAN_POINT('',(-183.,15.,-5.5));
#6095=CARTESIAN_POINT('Origin',(-183.,15.,-11.5));
#6096=CARTESIAN_POINT('Origin',(-183.,15.,-11.5));
#6097=CARTESIAN_POINT('Origin',(-186.,15.,34.5));
#6098=CARTESIAN_POINT('',(-186.,15.,40.5));
#6099=CARTESIAN_POINT('',(-186.,15.,28.5));
#6100=CARTESIAN_POINT('Origin',(-186.,15.,34.5));
#6101=CARTESIAN_POINT('Origin',(-186.,15.,34.5));
#6102=CARTESIAN_POINT('',(-183.,15.,28.5));
#6103=CARTESIAN_POINT('',(-186.,15.,28.5));
#6104=CARTESIAN_POINT('',(-183.,15.,40.5));
#6105=CARTESIAN_POINT('Origin',(-183.,15.,34.5));
#6106=CARTESIAN_POINT('Origin',(-183.,15.,34.5));
#6107=CARTESIAN_POINT('Origin',(-186.,15.,-34.5));
#6108=CARTESIAN_POINT('',(-186.,15.,-28.5));
#6109=CARTESIAN_POINT('',(-186.,15.,-40.5));
#6110=CARTESIAN_POINT('Origin',(-186.,15.,-34.5));
#6111=CARTESIAN_POINT('Origin',(-186.,15.,-34.5));
#6112=CARTESIAN_POINT('',(-183.,15.,-40.5));
#6113=CARTESIAN_POINT('',(-186.,15.,-40.5));
#6114=CARTESIAN_POINT('',(-183.,15.,-28.5));
#6115=CARTESIAN_POINT('Origin',(-183.,15.,-34.5));
#6116=CARTESIAN_POINT('Origin',(-183.,15.,-34.5));
#6117=CARTESIAN_POINT('Origin',(-15.25,16.,56.));
#6118=CARTESIAN_POINT('',(-15.25,16.,56.));
#6119=CARTESIAN_POINT('',(-27.625,16.,56.));
#6120=CARTESIAN_POINT('',(-15.25,16.,56.));
#6121=CARTESIAN_POINT('Origin',(-15.25,25.,56.));
#6122=CARTESIAN_POINT('',(-15.25,25.,56.));
#6123=CARTESIAN_POINT('',(-15.25,12.5,56.));
#6124=CARTESIAN_POINT('',(-15.25,25.,56.));
#6125=CARTESIAN_POINT('Origin',(-28.75,25.,56.));
#6126=CARTESIAN_POINT('',(-34.3749999999999,25.,56.));
#6127=CARTESIAN_POINT('Origin',(-1.08391318686314E-14,16.091438824744,-34.1705771712116));
#6128=CARTESIAN_POINT('',(-1.31388795624978E-14,16.091438824744,-41.4205771712116));
#6129=CARTESIAN_POINT('',(1.77635683940025E-14,16.091438824744,-26.9205771712116));
#6130=CARTESIAN_POINT('Origin',(1.77635683940025E-14,16.091438824744,-34.1705771712116));
#6131=CARTESIAN_POINT('Origin',(1.77635683940025E-14,16.091438824744,-34.1705771712116));
#6132=CARTESIAN_POINT('',(-1.08391318686314E-14,16.091438824744,-26.9205771712116));
#6133=CARTESIAN_POINT('Origin',(-20.,2.,0.));
#6134=CARTESIAN_POINT('Origin',(-166.,2.,31.));
#6135=CARTESIAN_POINT('Origin',(-166.,2.,-31.));
#6136=CARTESIAN_POINT('Origin',(-20.,3.,0.));
#6137=CARTESIAN_POINT('',(-6.75000000000001,5.5,4.26421541449183E-15));
#6138=CARTESIAN_POINT('',(-33.25,5.5,-2.64155840562159E-15));
#6139=CARTESIAN_POINT('Origin',(-20.,5.5,0.));
#6140=CARTESIAN_POINT('Origin',(-20.,5.5,0.));
#6141=CARTESIAN_POINT('',(-33.25,3.,-2.64155840562159E-15));
#6142=CARTESIAN_POINT('',(-33.25,3.,-2.64155840562159E-15));
#6143=CARTESIAN_POINT('',(-6.75000000000001,3.,4.26421541449183E-15));
#6144=CARTESIAN_POINT('Origin',(-20.,3.,0.));
#6145=CARTESIAN_POINT('Origin',(-20.,3.,0.));
#6146=CARTESIAN_POINT('Origin',(-20.,5.5,0.));
#6147=CARTESIAN_POINT('Origin',(-166.,3.,31.));
#6148=CARTESIAN_POINT('',(-152.75,5.5,31.));
#6149=CARTESIAN_POINT('',(-179.25,5.5,31.));
#6150=CARTESIAN_POINT('Origin',(-166.,5.5,31.));
#6151=CARTESIAN_POINT('Origin',(-166.,5.5,31.));
#6152=CARTESIAN_POINT('',(-179.25,3.,31.));
#6153=CARTESIAN_POINT('',(-179.25,3.,31.));
#6154=CARTESIAN_POINT('',(-152.75,3.,31.));
#6155=CARTESIAN_POINT('Origin',(-166.,3.,31.));
#6156=CARTESIAN_POINT('Origin',(-166.,3.,31.));
#6157=CARTESIAN_POINT('Origin',(-166.,5.5,31.));
#6158=CARTESIAN_POINT('Origin',(-166.,3.,-31.));
#6159=CARTESIAN_POINT('',(-152.75,5.5,-31.));
#6160=CARTESIAN_POINT('',(-179.25,5.5,-31.));
#6161=CARTESIAN_POINT('Origin',(-166.,5.5,-31.));
#6162=CARTESIAN_POINT('Origin',(-166.,5.5,-31.));
#6163=CARTESIAN_POINT('',(-179.25,3.,-31.));
#6164=CARTESIAN_POINT('',(-179.25,3.,-31.));
#6165=CARTESIAN_POINT('',(-152.75,3.,-31.));
#6166=CARTESIAN_POINT('Origin',(-166.,3.,-31.));
#6167=CARTESIAN_POINT('Origin',(-166.,3.,-31.));
#6168=CARTESIAN_POINT('Origin',(-166.,5.5,-31.));
#6169=CARTESIAN_POINT('Origin',(-93.,3.,0.));
#6170=CARTESIAN_POINT('Origin',(-38.8715347448597,3.,46.));
#6171=CARTESIAN_POINT('',(-11.5,3.,51.));
#6172=CARTESIAN_POINT('',(-11.5000000000001,3.,25.4999999999998));
#6173=CARTESIAN_POINT('',(-5.07316603645177,3.,44.5004118029593));
#6174=CARTESIAN_POINT('Origin',(-4.99999999999997,3.,51.));
#6175=CARTESIAN_POINT('',(-48.0000000000004,3.,44.5004118029586));
#6176=CARTESIAN_POINT('',(-11.5,3.,-51.));
#6177=CARTESIAN_POINT('Origin',(-5.00000000000002,3.,-51.));
#6178=CARTESIAN_POINT('',(-11.5,3.,-53.));
#6179=CARTESIAN_POINT('',(-11.5,3.,-26.5));
#6180=CARTESIAN_POINT('',(-38.8715347448598,3.,-53.));
#6181=CARTESIAN_POINT('',(-46.5,3.,-53.));
#6182=CARTESIAN_POINT('Origin',(-38.8715347448598,3.,-46.));
#6183=CARTESIAN_POINT('Origin',(-97.1284652551402,3.,-46.));
#6184=CARTESIAN_POINT('',(-174.502371696064,3.,-50.824425446364));
#6185=CARTESIAN_POINT('',(-174.502371696064,3.,-25.412212723182));
#6186=CARTESIAN_POINT('',(-181.397369828297,3.,-44.5121577377714));
#6187=CARTESIAN_POINT('Origin',(-181.,3.,-51.));
#6188=CARTESIAN_POINT('',(-183.,3.,-44.5121577377714));
#6189=CARTESIAN_POINT('',(-137.999999999999,3.,-44.5121577377705));
#6190=CARTESIAN_POINT('',(-183.,3.,44.5004118029595));
#6191=CARTESIAN_POINT('',(-183.,3.,-28.));
#6192=CARTESIAN_POINT('',(-181.073166036464,3.,44.5004118029595));
#6193=CARTESIAN_POINT('',(-137.036583018232,3.,44.5004118029595));
#6194=CARTESIAN_POINT('',(-174.502371696064,3.,50.8244254463669));
#6195=CARTESIAN_POINT('Origin',(-181.,3.,51.));
#6196=CARTESIAN_POINT('',(-174.502371696064,3.,26.5));
#6197=CARTESIAN_POINT('Origin',(-97.1284652551402,3.,46.));
#6198=CARTESIAN_POINT('',(-12.9999999999999,3.,46.));
#6199=CARTESIAN_POINT('',(-21.,3.,46.));
#6200=CARTESIAN_POINT('Origin',(-17.,3.,46.));
#6201=CARTESIAN_POINT('Origin',(-17.,3.,46.));
#6202=CARTESIAN_POINT('',(-145.,3.,46.0000000000001));
#6203=CARTESIAN_POINT('',(-153.,3.,46.0000000000001));
#6204=CARTESIAN_POINT('Origin',(-149.,3.,46.0000000000001));
#6205=CARTESIAN_POINT('Origin',(-149.,3.,46.0000000000001));
#6206=CARTESIAN_POINT('',(-13.,3.,-46.));
#6207=CARTESIAN_POINT('',(-21.,3.,-46.));
#6208=CARTESIAN_POINT('Origin',(-17.,3.,-46.));
#6209=CARTESIAN_POINT('Origin',(-17.,3.,-46.));
#6210=CARTESIAN_POINT('',(-145.,3.,-46.));
#6211=CARTESIAN_POINT('',(-153.,3.,-46.));
#6212=CARTESIAN_POINT('Origin',(-149.,3.,-46.));
#6213=CARTESIAN_POINT('Origin',(-149.,3.,-46.));
#6214=CARTESIAN_POINT('Origin',(-5.74999999999994,25.375,-50.25));
#6215=CARTESIAN_POINT('',(-2.49999999999994,24.75,-50.25));
#6216=CARTESIAN_POINT('',(-8.99999999999994,24.75,-50.25));
#6217=CARTESIAN_POINT('Origin',(-5.74999999999994,24.75,-50.25));
#6218=CARTESIAN_POINT('Origin',(-5.74999999999994,24.75,-50.25));
#6219=CARTESIAN_POINT('',(-3.74999999999994,26.,-50.25));
#6220=CARTESIAN_POINT('',(-3.12499999999994,25.375,-50.25));
#6221=CARTESIAN_POINT('Origin',(-5.74999999999994,26.,-50.25));
#6222=CARTESIAN_POINT('Origin',(-5.74999999999994,29.,-50.25));
#6223=CARTESIAN_POINT('',(-8.99999999999994,0.,-50.25));
#6224=CARTESIAN_POINT('',(-8.99999999999994,29.,-50.25));
#6225=CARTESIAN_POINT('Origin',(-5.74999999999994,0.,-50.25));
#6226=CARTESIAN_POINT('Origin',(-5.74999999999993,25.375,50.2500000000001));
#6227=CARTESIAN_POINT('',(-2.49999999999993,24.75,50.2500000000001));
#6228=CARTESIAN_POINT('',(-8.99999999999993,24.75,50.2500000000001));
#6229=CARTESIAN_POINT('Origin',(-5.74999999999993,24.75,50.2500000000001));
#6230=CARTESIAN_POINT('Origin',(-5.74999999999993,24.75,50.2500000000001));
#6231=CARTESIAN_POINT('',(-3.74999999999993,26.,50.2500000000001));
#6232=CARTESIAN_POINT('',(-3.12499999999993,25.375,50.2500000000001));
#6233=CARTESIAN_POINT('Origin',(-5.74999999999993,26.,50.2500000000001));
#6234=CARTESIAN_POINT('Origin',(-5.74999999999993,29.,50.2500000000001));
#6235=CARTESIAN_POINT('',(-8.99999999999993,0.,50.2500000000001));
#6236=CARTESIAN_POINT('',(-8.99999999999993,29.,50.2500000000001));
#6237=CARTESIAN_POINT('Origin',(-5.74999999999993,0.,50.2500000000001));
#6238=CARTESIAN_POINT('Origin',(-180.25,25.375,50.2500000000001));
#6239=CARTESIAN_POINT('',(-177.,24.75,50.2500000000001));
#6240=CARTESIAN_POINT('',(-183.5,24.75,50.2500000000001));
#6241=CARTESIAN_POINT('Origin',(-180.25,24.75,50.2500000000001));
#6242=CARTESIAN_POINT('Origin',(-180.25,24.75,50.2500000000001));
#6243=CARTESIAN_POINT('',(-178.25,26.,50.2500000000001));
#6244=CARTESIAN_POINT('',(-177.625,25.375,50.2500000000001));
#6245=CARTESIAN_POINT('Origin',(-180.25,26.,50.2500000000001));
#6246=CARTESIAN_POINT('Origin',(-180.25,29.,50.2500000000001));
#6247=CARTESIAN_POINT('',(-183.5,0.,50.2500000000001));
#6248=CARTESIAN_POINT('',(-183.5,29.,50.2500000000001));
#6249=CARTESIAN_POINT('Origin',(-180.25,0.,50.2500000000001));
#6250=CARTESIAN_POINT('Origin',(-180.25,25.375,-50.2499999999999));
#6251=CARTESIAN_POINT('',(-177.,24.75,-50.2499999999999));
#6252=CARTESIAN_POINT('',(-183.5,24.75,-50.2499999999999));
#6253=CARTESIAN_POINT('Origin',(-180.25,24.75,-50.2499999999999));
#6254=CARTESIAN_POINT('Origin',(-180.25,24.75,-50.2499999999999));
#6255=CARTESIAN_POINT('',(-178.25,26.,-50.2499999999999));
#6256=CARTESIAN_POINT('',(-177.625,25.375,-50.2499999999999));
#6257=CARTESIAN_POINT('Origin',(-180.25,26.,-50.2499999999999));
#6258=CARTESIAN_POINT('Origin',(-180.25,29.,-50.2499999999999));
#6259=CARTESIAN_POINT('',(-183.5,0.,-50.2499999999999));
#6260=CARTESIAN_POINT('',(-183.5,29.,-50.2499999999999));
#6261=CARTESIAN_POINT('Origin',(-180.25,0.,-50.2499999999999));
#6262=CARTESIAN_POINT('Origin',(-5.74999999999994,29.,-50.25));
#6263=CARTESIAN_POINT('',(-3.74999999999994,29.,-50.25));
#6264=CARTESIAN_POINT('',(-3.74999999999994,29.,-50.25));
#6265=CARTESIAN_POINT('Origin',(-5.74999999999994,29.,-50.25));
#6266=CARTESIAN_POINT('Origin',(-180.25,29.,-50.2499999999999));
#6267=CARTESIAN_POINT('',(-178.25,29.,-50.2499999999999));
#6268=CARTESIAN_POINT('',(-178.25,29.,-50.2499999999999));
#6269=CARTESIAN_POINT('Origin',(-180.25,29.,-50.2499999999999));
#6270=CARTESIAN_POINT('Origin',(-5.74999999999993,29.,50.2500000000001));
#6271=CARTESIAN_POINT('',(-3.74999999999993,29.,50.2500000000001));
#6272=CARTESIAN_POINT('',(-3.74999999999993,29.,50.2500000000001));
#6273=CARTESIAN_POINT('Origin',(-5.74999999999993,29.,50.2500000000001));
#6274=CARTESIAN_POINT('Origin',(-180.25,29.,50.2500000000001));
#6275=CARTESIAN_POINT('',(-178.25,29.,50.2500000000001));
#6276=CARTESIAN_POINT('',(-178.25,29.,50.2500000000001));
#6277=CARTESIAN_POINT('Origin',(-180.25,29.,50.2500000000001));
#6278=CARTESIAN_POINT('Origin',(-181.073166036464,3.,44.5004118029595));
#6279=CARTESIAN_POINT('',(-183.,29.,44.5004118029595));
#6280=CARTESIAN_POINT('',(-181.073166036464,29.,44.5004118029595));
#6281=CARTESIAN_POINT('',(-137.036583018232,29.,44.5004118029595));
#6282=CARTESIAN_POINT('',(-181.073166036464,3.,44.5004118029595));
#6283=CARTESIAN_POINT('',(-183.,1.5,44.5004118029595));
#6284=CARTESIAN_POINT('Origin',(-181.,3.,51.));
#6285=CARTESIAN_POINT('',(-174.502371696064,29.,50.8244254463669));
#6286=CARTESIAN_POINT('Origin',(-181.,29.,51.));
#6287=CARTESIAN_POINT('',(-174.502371696064,3.,50.8244254463669));
#6288=CARTESIAN_POINT('Origin',(-174.502371696064,3.,53.));
#6289=CARTESIAN_POINT('',(-174.502371696064,29.,26.5));
#6290=CARTESIAN_POINT('Origin',(-2.99999999999998,3.,44.5004118029593));
#6291=CARTESIAN_POINT('',(-5.07316603645177,29.,44.5004118029593));
#6292=CARTESIAN_POINT('',(-48.0000000000004,29.,44.5004118029586));
#6293=CARTESIAN_POINT('',(-5.07316603645177,3.,44.5004118029593));
#6294=CARTESIAN_POINT('Origin',(-4.99999999999997,3.,51.));
#6295=CARTESIAN_POINT('',(-11.5,29.,51.));
#6296=CARTESIAN_POINT('Origin',(-4.99999999999997,29.,51.));
#6297=CARTESIAN_POINT('',(-11.5,3.,51.));
#6298=CARTESIAN_POINT('Origin',(-11.5,3.,51.));
#6299=CARTESIAN_POINT('',(-11.5000000000001,29.,25.4999999999998));
#6300=CARTESIAN_POINT('Origin',(-183.,3.,-44.5121577377715));
#6301=CARTESIAN_POINT('',(-181.397369828297,29.,-44.5121577377714));
#6302=CARTESIAN_POINT('',(-183.,29.,-44.5121577377714));
#6303=CARTESIAN_POINT('',(-137.999999999999,29.,-44.5121577377705));
#6304=CARTESIAN_POINT('',(-183.,1.5,-44.5121577377715));
#6305=CARTESIAN_POINT('',(-181.397369828297,3.,-44.5121577377714));
#6306=CARTESIAN_POINT('Origin',(-174.502371696064,3.,-50.824425446364));
#6307=CARTESIAN_POINT('',(-174.502371696064,29.,-50.824425446364));
#6308=CARTESIAN_POINT('',(-174.502371696064,29.,-25.412212723182));
#6309=CARTESIAN_POINT('',(-174.502371696064,3.,-50.824425446364));
#6310=CARTESIAN_POINT('Origin',(-181.,3.,-51.));
#6311=CARTESIAN_POINT('Origin',(-181.,29.,-51.));
#6312=CARTESIAN_POINT('Origin',(-11.5,3.,-53.));
#6313=CARTESIAN_POINT('',(-11.5,29.,-51.));
#6314=CARTESIAN_POINT('',(-11.5,29.,-53.));
#6315=CARTESIAN_POINT('',(-11.5,29.,-26.5));
#6316=CARTESIAN_POINT('',(-11.5,1.5,-53.));
#6317=CARTESIAN_POINT('',(-11.5,3.,-51.));
#6318=CARTESIAN_POINT('Origin',(-5.00000000000002,3.,-51.));
#6319=CARTESIAN_POINT('Origin',(-5.00000000000002,29.,-51.));
#6320=CARTESIAN_POINT('Origin',(-149.,2.5,46.0000000000001));
#6321=CARTESIAN_POINT('',(-146.9,2.5,46.0000000000001));
#6322=CARTESIAN_POINT('Origin',(-149.,2.5,46.0000000000001));
#6323=CARTESIAN_POINT('Origin',(-17.,2.5,46.));
#6324=CARTESIAN_POINT('',(-14.8999999999999,2.5,46.));
#6325=CARTESIAN_POINT('Origin',(-17.,2.5,46.));
#6326=CARTESIAN_POINT('Origin',(-149.,2.5,-46.));
#6327=CARTESIAN_POINT('',(-146.9,2.5,-46.));
#6328=CARTESIAN_POINT('Origin',(-149.,2.5,-46.));
#6329=CARTESIAN_POINT('Origin',(-17.,2.5,-46.));
#6330=CARTESIAN_POINT('',(-14.9,2.5,-46.));
#6331=CARTESIAN_POINT('Origin',(-17.,2.5,-46.));
#6332=CARTESIAN_POINT('Origin',(-17.,3.,46.));
#6333=CARTESIAN_POINT('',(-14.8999999999999,8.,46.));
#6334=CARTESIAN_POINT('Origin',(-17.,8.,46.));
#6335=CARTESIAN_POINT('',(-14.8999999999999,3.,46.));
#6336=CARTESIAN_POINT('Origin',(-17.,3.,46.));
#6337=CARTESIAN_POINT('',(-12.9999999999999,8.,46.));
#6338=CARTESIAN_POINT('',(-21.,8.,46.));
#6339=CARTESIAN_POINT('Origin',(-17.,8.,46.));
#6340=CARTESIAN_POINT('Origin',(-17.,8.,46.));
#6341=CARTESIAN_POINT('',(-21.,3.,46.));
#6342=CARTESIAN_POINT('Origin',(-17.,8.,46.));
#6343=CARTESIAN_POINT('Origin',(-149.,3.,46.0000000000001));
#6344=CARTESIAN_POINT('',(-146.9,8.,46.0000000000001));
#6345=CARTESIAN_POINT('Origin',(-149.,8.,46.0000000000001));
#6346=CARTESIAN_POINT('',(-146.9,3.,46.0000000000001));
#6347=CARTESIAN_POINT('Origin',(-149.,3.,46.0000000000001));
#6348=CARTESIAN_POINT('',(-145.,8.,46.0000000000001));
#6349=CARTESIAN_POINT('',(-153.,8.,46.0000000000001));
#6350=CARTESIAN_POINT('Origin',(-149.,8.,46.0000000000001));
#6351=CARTESIAN_POINT('Origin',(-149.,8.,46.0000000000001));
#6352=CARTESIAN_POINT('',(-153.,3.,46.0000000000001));
#6353=CARTESIAN_POINT('Origin',(-149.,8.,46.0000000000001));
#6354=CARTESIAN_POINT('Origin',(-17.,3.,-46.));
#6355=CARTESIAN_POINT('',(-14.9,8.,-46.));
#6356=CARTESIAN_POINT('Origin',(-17.,8.,-46.));
#6357=CARTESIAN_POINT('',(-14.9,3.,-46.));
#6358=CARTESIAN_POINT('Origin',(-17.,3.,-46.));
#6359=CARTESIAN_POINT('',(-13.,8.,-46.));
#6360=CARTESIAN_POINT('',(-21.,8.,-46.));
#6361=CARTESIAN_POINT('Origin',(-17.,8.,-46.));
#6362=CARTESIAN_POINT('Origin',(-17.,8.,-46.));
#6363=CARTESIAN_POINT('',(-21.,3.,-46.));
#6364=CARTESIAN_POINT('Origin',(-17.,8.,-46.));
#6365=CARTESIAN_POINT('Origin',(-149.,3.,-46.));
#6366=CARTESIAN_POINT('',(-146.9,8.,-46.));
#6367=CARTESIAN_POINT('Origin',(-149.,8.,-46.));
#6368=CARTESIAN_POINT('',(-146.9,3.,-46.));
#6369=CARTESIAN_POINT('Origin',(-149.,3.,-46.));
#6370=CARTESIAN_POINT('',(-145.,8.,-46.));
#6371=CARTESIAN_POINT('',(-153.,8.,-46.));
#6372=CARTESIAN_POINT('Origin',(-149.,8.,-46.));
#6373=CARTESIAN_POINT('Origin',(-149.,8.,-46.));
#6374=CARTESIAN_POINT('',(-153.,3.,-46.));
#6375=CARTESIAN_POINT('Origin',(-149.,8.,-46.));
#6376=CARTESIAN_POINT('Origin',(-68.,28.,-176.));
#6377=CARTESIAN_POINT('',(-95.2699929279481,28.,-54.2943402756977));
#6378=CARTESIAN_POINT('',(-40.7300070720519,28.,-54.2943402756977));
#6379=CARTESIAN_POINT('Origin',(-68.,28.,-176.));
#6380=CARTESIAN_POINT('',(-95.2699929279481,29.,-54.2943402756977));
#6381=CARTESIAN_POINT('',(-95.2699929279481,28.,-54.2943402756977));
#6382=CARTESIAN_POINT('',(-40.7300070720519,29.,-54.2943402756977));
#6383=CARTESIAN_POINT('Origin',(-68.,29.,-176.));
#6384=CARTESIAN_POINT('',(-40.7300070720519,28.,-54.2943402756977));
#6385=CARTESIAN_POINT('Origin',(-38.8715347448598,28.,-46.));
#6386=CARTESIAN_POINT('',(-38.8715347448598,28.,-54.5));
#6387=CARTESIAN_POINT('Origin',(-38.8715347448598,28.,-46.));
#6388=CARTESIAN_POINT('',(-38.8715347448598,29.,-54.5));
#6389=CARTESIAN_POINT('Origin',(-38.8715347448598,29.,-46.));
#6390=CARTESIAN_POINT('',(-38.8715347448598,28.,-54.5));
#6391=CARTESIAN_POINT('Origin',(-5.00000000000002,28.,-54.5));
#6392=CARTESIAN_POINT('',(-5.00000000000002,28.,-54.5));
#6393=CARTESIAN_POINT('',(-49.,28.,-54.5));
#6394=CARTESIAN_POINT('',(-5.00000000000002,29.,-54.5));
#6395=CARTESIAN_POINT('',(-5.00000000000002,29.,-54.5));
#6396=CARTESIAN_POINT('',(-5.00000000000002,28.,-54.5));
#6397=CARTESIAN_POINT('Origin',(-5.00000000000002,28.,-51.));
#6398=CARTESIAN_POINT('',(-1.50000000000002,28.,-51.));
#6399=CARTESIAN_POINT('Origin',(-5.00000000000002,28.,-51.));
#6400=CARTESIAN_POINT('',(-1.50000000000002,29.,-51.));
#6401=CARTESIAN_POINT('Origin',(-5.00000000000002,29.,-51.));
#6402=CARTESIAN_POINT('',(-1.50000000000002,28.,-51.));
#6403=CARTESIAN_POINT('Origin',(-1.49999999999998,28.,51.));
#6404=CARTESIAN_POINT('',(-1.49999999999998,28.,51.));
#6405=CARTESIAN_POINT('',(-1.49999999999999,28.,25.5));
#6406=CARTESIAN_POINT('',(-1.49999999999999,29.,51.));
#6407=CARTESIAN_POINT('',(-1.49999999999998,29.,51.));
#6408=CARTESIAN_POINT('',(-1.49999999999998,28.,51.));
#6409=CARTESIAN_POINT('Origin',(-4.99999999999998,28.,51.));
#6410=CARTESIAN_POINT('',(-4.99999999999998,28.,54.4999999999999));
#6411=CARTESIAN_POINT('Origin',(-4.99999999999998,28.,51.));
#6412=CARTESIAN_POINT('',(-4.99999999999998,29.,54.4999999999999));
#6413=CARTESIAN_POINT('Origin',(-4.99999999999998,29.,51.));
#6414=CARTESIAN_POINT('',(-4.99999999999998,28.,54.4999999999999));
#6415=CARTESIAN_POINT('Origin',(-38.8715347448597,28.,54.4999999999999));
#6416=CARTESIAN_POINT('',(-38.8715347448597,28.,54.4999999999999));
#6417=CARTESIAN_POINT('',(-65.9357673724299,28.,54.4999999999999));
#6418=CARTESIAN_POINT('',(-38.8715347448597,29.,54.4999999999999));
#6419=CARTESIAN_POINT('',(-38.8715347448597,29.,54.4999999999999));
#6420=CARTESIAN_POINT('',(-38.8715347448597,28.,54.4999999999999));
#6421=CARTESIAN_POINT('Origin',(-38.8715347448597,28.,46.));
#6422=CARTESIAN_POINT('',(-40.7300070720518,28.,54.2943402756977));
#6423=CARTESIAN_POINT('Origin',(-38.8715347448597,28.,46.));
#6424=CARTESIAN_POINT('',(-40.7300070720518,29.,54.2943402756977));
#6425=CARTESIAN_POINT('Origin',(-38.8715347448597,29.,46.));
#6426=CARTESIAN_POINT('',(-40.7300070720518,28.,54.2943402756977));
#6427=CARTESIAN_POINT('Origin',(-68.,28.,176.));
#6428=CARTESIAN_POINT('',(-95.2699929279481,28.,54.2943402756977));
#6429=CARTESIAN_POINT('Origin',(-68.,28.,176.));
#6430=CARTESIAN_POINT('',(-95.2699929279481,29.,54.2943402756977));
#6431=CARTESIAN_POINT('Origin',(-68.,29.,176.));
#6432=CARTESIAN_POINT('',(-95.2699929279481,28.,54.2943402756977));
#6433=CARTESIAN_POINT('Origin',(-97.1284652551402,28.,46.));
#6434=CARTESIAN_POINT('',(-97.1284652551402,28.,54.5));
#6435=CARTESIAN_POINT('Origin',(-97.1284652551402,28.,46.));
#6436=CARTESIAN_POINT('',(-97.1284652551402,29.,54.5));
#6437=CARTESIAN_POINT('Origin',(-97.1284652551402,29.,46.));
#6438=CARTESIAN_POINT('',(-97.1284652551402,28.,54.5));
#6439=CARTESIAN_POINT('Origin',(-181.,28.,54.5));
#6440=CARTESIAN_POINT('',(-181.,28.,54.5));
#6441=CARTESIAN_POINT('',(-137.,28.,54.5));
#6442=CARTESIAN_POINT('',(-181.,29.,54.5));
#6443=CARTESIAN_POINT('',(-181.,29.,54.5));
#6444=CARTESIAN_POINT('',(-181.,28.,54.5));
#6445=CARTESIAN_POINT('Origin',(-181.,28.,51.));
#6446=CARTESIAN_POINT('',(-184.5,28.,51.));
#6447=CARTESIAN_POINT('Origin',(-181.,28.,51.));
#6448=CARTESIAN_POINT('',(-184.5,29.,51.));
#6449=CARTESIAN_POINT('Origin',(-181.,29.,51.));
#6450=CARTESIAN_POINT('',(-184.5,28.,51.));
#6451=CARTESIAN_POINT('Origin',(-184.5,28.,-51.));
#6452=CARTESIAN_POINT('',(-184.5,28.,-51.));
#6453=CARTESIAN_POINT('',(-184.5,28.,-25.5));
#6454=CARTESIAN_POINT('',(-184.5,29.,-51.));
#6455=CARTESIAN_POINT('',(-184.5,29.,-51.));
#6456=CARTESIAN_POINT('',(-184.5,28.,-51.));
#6457=CARTESIAN_POINT('Origin',(-181.,28.,-51.));
#6458=CARTESIAN_POINT('',(-181.,28.,-54.5));
#6459=CARTESIAN_POINT('Origin',(-181.,28.,-51.));
#6460=CARTESIAN_POINT('',(-181.,29.,-54.5));
#6461=CARTESIAN_POINT('Origin',(-181.,29.,-51.));
#6462=CARTESIAN_POINT('',(-181.,28.,-54.5));
#6463=CARTESIAN_POINT('Origin',(-97.1284652551402,28.,-54.5));
#6464=CARTESIAN_POINT('',(-97.1284652551402,28.,-54.5));
#6465=CARTESIAN_POINT('',(-95.0642326275701,28.,-54.5));
#6466=CARTESIAN_POINT('',(-97.1284652551402,29.,-54.5));
#6467=CARTESIAN_POINT('',(-97.1284652551402,29.,-54.5));
#6468=CARTESIAN_POINT('',(-97.1284652551402,28.,-54.5));
#6469=CARTESIAN_POINT('Origin',(-97.1284652551402,28.,-46.));
#6470=CARTESIAN_POINT('Origin',(-97.1284652551402,28.,-46.));
#6471=CARTESIAN_POINT('Origin',(-97.1284652551402,29.,-46.));
#6472=CARTESIAN_POINT('Origin',(-93.,29.,0.));
#6473=CARTESIAN_POINT('',(-38.8715347448598,29.,-53.));
#6474=CARTESIAN_POINT('Origin',(-38.8715347448598,29.,-46.));
#6475=CARTESIAN_POINT('',(-38.8715347448598,29.,-53.));
#6476=CARTESIAN_POINT('Origin',(-38.8715347448597,29.,46.));
#6477=CARTESIAN_POINT('Origin',(-97.1284652551402,29.,46.));
#6478=CARTESIAN_POINT('',(-183.,29.,51.));
#6479=CARTESIAN_POINT('Origin',(-97.1284652551402,29.,-46.));
#6480=CARTESIAN_POINT('Origin',(-181.,1.,-51.));
#6481=CARTESIAN_POINT('',(-181.,1.,-56.));
#6482=CARTESIAN_POINT('',(-181.,0.,-55.));
#6483=CARTESIAN_POINT('Origin',(-181.,1.,-55.));
#6484=CARTESIAN_POINT('',(-185.,0.,-51.));
#6485=CARTESIAN_POINT('Origin',(-181.,0.,-51.));
#6486=CARTESIAN_POINT('',(-186.,1.,-51.));
#6487=CARTESIAN_POINT('Origin',(-185.,1.,-51.));
#6488=CARTESIAN_POINT('Origin',(-181.,1.,-51.));
#6489=CARTESIAN_POINT('Origin',(-185.,1.,-28.));
#6490=CARTESIAN_POINT('',(-185.,0.,51.));
#6491=CARTESIAN_POINT('',(-186.,1.,51.));
#6492=CARTESIAN_POINT('Origin',(-185.,1.,51.));
#6493=CARTESIAN_POINT('',(-186.,1.,-28.));
#6494=CARTESIAN_POINT('',(-185.,0.,-28.));
#6495=CARTESIAN_POINT('Origin',(-181.,1.,51.));
#6496=CARTESIAN_POINT('',(-181.,0.,55.));
#6497=CARTESIAN_POINT('',(-181.,1.,56.));
#6498=CARTESIAN_POINT('Origin',(-181.,1.,55.));
#6499=CARTESIAN_POINT('Origin',(-181.,1.,51.));
#6500=CARTESIAN_POINT('Origin',(-181.,0.,51.));
#6501=CARTESIAN_POINT('Origin',(-139.5,1.,55.));
#6502=CARTESIAN_POINT('',(-97.1284652551402,0.,55.));
#6503=CARTESIAN_POINT('',(-97.1284652551402,1.,56.));
#6504=CARTESIAN_POINT('Origin',(-97.1284652551402,1.,55.));
#6505=CARTESIAN_POINT('',(-139.5,1.,56.));
#6506=CARTESIAN_POINT('',(-139.5,0.,55.));
#6507=CARTESIAN_POINT('Origin',(-97.1284652551402,1.,46.));
#6508=CARTESIAN_POINT('',(-95.1606710263486,0.,54.7822426448564));
#6509=CARTESIAN_POINT('',(-94.9420272231495,1.,55.7580473831738));
#6510=CARTESIAN_POINT('Origin',(-95.1606710263486,1.,54.7822426448564));
#6511=CARTESIAN_POINT('Origin',(-97.1284652551402,1.,46.));
#6512=CARTESIAN_POINT('Origin',(-97.1284652551402,0.,46.));
#6513=CARTESIAN_POINT('Origin',(-68.,1.,176.));
#6514=CARTESIAN_POINT('',(-40.8393289736514,0.,54.7822426448564));
#6515=CARTESIAN_POINT('',(-41.0579727768504,1.,55.7580473831738));
#6516=CARTESIAN_POINT('Origin',(-40.8393289736514,1.,54.7822426448564));
#6517=CARTESIAN_POINT('Origin',(-68.,1.,176.));
#6518=CARTESIAN_POINT('Origin',(-68.,0.,176.));
#6519=CARTESIAN_POINT('Origin',(-38.8715347448597,1.,46.));
#6520=CARTESIAN_POINT('',(-38.8715347448597,0.,55.));
#6521=CARTESIAN_POINT('',(-38.8715347448597,1.,56.));
#6522=CARTESIAN_POINT('Origin',(-38.8715347448597,1.,55.));
#6523=CARTESIAN_POINT('Origin',(-38.8715347448597,1.,46.));
#6524=CARTESIAN_POINT('Origin',(-38.8715347448597,0.,46.));
#6525=CARTESIAN_POINT('Origin',(-66.4999999999999,1.,55.));
#6526=CARTESIAN_POINT('',(-4.99999999999998,0.,55.));
#6527=CARTESIAN_POINT('',(-4.99999999999998,1.,56.));
#6528=CARTESIAN_POINT('Origin',(-4.99999999999998,1.,55.));
#6529=CARTESIAN_POINT('',(-66.4999999999999,1.,56.));
#6530=CARTESIAN_POINT('',(-66.4999999999999,0.,55.));
#6531=CARTESIAN_POINT('Origin',(-4.99999999999998,1.,51.));
#6532=CARTESIAN_POINT('',(-0.999999999999986,0.,51.));
#6533=CARTESIAN_POINT('',(1.66533453693773E-14,1.,51.));
#6534=CARTESIAN_POINT('Origin',(-0.999999999999986,1.,51.));
#6535=CARTESIAN_POINT('Origin',(-4.99999999999998,1.,51.));
#6536=CARTESIAN_POINT('Origin',(-4.99999999999998,0.,51.));
#6537=CARTESIAN_POINT('Origin',(-0.999999999999988,1.,28.));
#6538=CARTESIAN_POINT('',(-1.00000000000001,0.,-51.));
#6539=CARTESIAN_POINT('',(-1.66533453693773E-14,1.,-51.));
#6540=CARTESIAN_POINT('Origin',(-1.00000000000001,1.,-51.));
#6541=CARTESIAN_POINT('',(8.88178419700125E-15,1.,28.));
#6542=CARTESIAN_POINT('',(-0.999999999999988,0.,28.));
#6543=CARTESIAN_POINT('Origin',(-5.00000000000002,1.,-51.));
#6544=CARTESIAN_POINT('',(-5.00000000000002,0.,-55.));
#6545=CARTESIAN_POINT('',(-5.00000000000001,1.,-56.));
#6546=CARTESIAN_POINT('Origin',(-5.00000000000002,1.,-55.));
#6547=CARTESIAN_POINT('Origin',(-5.00000000000002,1.,-51.));
#6548=CARTESIAN_POINT('Origin',(-5.00000000000002,0.,-51.));
#6549=CARTESIAN_POINT('Origin',(-46.5,1.,-55.));
#6550=CARTESIAN_POINT('',(-38.8715347448598,0.,-55.));
#6551=CARTESIAN_POINT('',(-38.8715347448598,1.,-56.));
#6552=CARTESIAN_POINT('Origin',(-38.8715347448598,1.,-55.));
#6553=CARTESIAN_POINT('',(-46.5,1.,-56.));
#6554=CARTESIAN_POINT('',(-46.5,0.,-55.));
#6555=CARTESIAN_POINT('Origin',(-38.8715347448598,1.,-46.));
#6556=CARTESIAN_POINT('',(-40.8393289736515,0.,-54.7822426448564));
#6557=CARTESIAN_POINT('',(-41.0579727768505,1.,-55.7580473831738));
#6558=CARTESIAN_POINT('Origin',(-40.8393289736515,1.,-54.7822426448564));
#6559=CARTESIAN_POINT('Origin',(-38.8715347448598,1.,-46.));
#6560=CARTESIAN_POINT('Origin',(-38.8715347448598,0.,-46.));
#6561=CARTESIAN_POINT('Origin',(-68.,1.,-176.));
#6562=CARTESIAN_POINT('',(-95.1606710263485,0.,-54.7822426448564));
#6563=CARTESIAN_POINT('',(-94.9420272231495,1.,-55.7580473831738));
#6564=CARTESIAN_POINT('Origin',(-95.1606710263485,1.,-54.7822426448564));
#6565=CARTESIAN_POINT('Origin',(-68.,1.,-176.));
#6566=CARTESIAN_POINT('Origin',(-68.,0.,-176.));
#6567=CARTESIAN_POINT('Origin',(-97.1284652551402,1.,-46.));
#6568=CARTESIAN_POINT('',(-97.1284652551402,0.,-55.));
#6569=CARTESIAN_POINT('',(-97.1284652551402,1.,-56.));
#6570=CARTESIAN_POINT('Origin',(-97.1284652551402,1.,-55.));
#6571=CARTESIAN_POINT('Origin',(-97.1284652551402,1.,-46.));
#6572=CARTESIAN_POINT('Origin',(-97.1284652551402,0.,-46.));
#6573=CARTESIAN_POINT('Origin',(-94.5,1.,-55.));
#6574=CARTESIAN_POINT('',(-94.5,1.,-56.));
#6575=CARTESIAN_POINT('',(-94.5,0.,-55.));
#6576=CARTESIAN_POINT('Origin',(1.77635683940025E-14,0.,56.));
#6577=CARTESIAN_POINT('',(-1.61775355016809E-14,28.,-51.));
#6578=CARTESIAN_POINT('',(-1.66533453693773E-14,0.,-51.));
#6579=CARTESIAN_POINT('',(1.61775355016809E-14,28.,51.));
#6580=CARTESIAN_POINT('',(1.77635683940025E-14,28.,56.));
#6581=CARTESIAN_POINT('',(1.66533453693773E-14,0.,51.));
#6582=CARTESIAN_POINT('Origin',(-5.00000000000002,0.,-51.));
#6583=CARTESIAN_POINT('',(-5.00000000000001,28.,-56.));
#6584=CARTESIAN_POINT('',(-5.00000000000001,0.,-56.));
#6585=CARTESIAN_POINT('Origin',(-5.00000000000002,28.,-51.));
#6586=CARTESIAN_POINT('Origin',(1.77635683940025E-14,0.,-56.));
#6587=CARTESIAN_POINT('',(-38.8715347448598,28.,-56.));
#6588=CARTESIAN_POINT('',(-38.8715347448598,0.,-56.));
#6589=CARTESIAN_POINT('',(1.77635683940025E-14,28.,-56.));
#6590=CARTESIAN_POINT('Origin',(-38.8715347448598,0.,-46.));
#6591=CARTESIAN_POINT('',(-41.0579727768505,28.,-55.7580473831738));
#6592=CARTESIAN_POINT('',(-41.0579727768505,0.,-55.7580473831738));
#6593=CARTESIAN_POINT('Origin',(-38.8715347448598,28.,-46.));
#6594=CARTESIAN_POINT('Origin',(-68.,0.,-176.));
#6595=CARTESIAN_POINT('',(-94.9420272231495,28.,-55.7580473831738));
#6596=CARTESIAN_POINT('',(-94.9420272231495,0.,-55.7580473831738));
#6597=CARTESIAN_POINT('Origin',(-68.,28.,-176.));
#6598=CARTESIAN_POINT('Origin',(-97.1284652551402,0.,-46.));
#6599=CARTESIAN_POINT('',(-97.1284652551402,28.,-56.));
#6600=CARTESIAN_POINT('',(-97.1284652551402,0.,-56.));
#6601=CARTESIAN_POINT('Origin',(-97.1284652551402,28.,-46.));
#6602=CARTESIAN_POINT('Origin',(-96.,0.,-56.));
#6603=CARTESIAN_POINT('',(-181.,28.,-56.));
#6604=CARTESIAN_POINT('',(-181.,0.,-56.));
#6605=CARTESIAN_POINT('',(-96.,28.,-56.));
#6606=CARTESIAN_POINT('Origin',(-181.,0.,-51.));
#6607=CARTESIAN_POINT('',(-186.,28.,-51.));
#6608=CARTESIAN_POINT('',(-186.,0.,-51.));
#6609=CARTESIAN_POINT('Origin',(-181.,28.,-51.));
#6610=CARTESIAN_POINT('Origin',(-93.,0.,0.));
#6611=CARTESIAN_POINT('Origin',(-97.1284652551402,0.,-46.));
#6612=CARTESIAN_POINT('Origin',(-38.8715347448598,0.,-46.));
#6613=CARTESIAN_POINT('',(-38.8715347448598,28.,-53.));
#6614=CARTESIAN_POINT('Origin',(-38.8715347448597,0.,46.));
#6615=CARTESIAN_POINT('Origin',(-97.1284652551402,0.,46.));
#6616=CARTESIAN_POINT('Origin',(-183.,0.,-56.));
#6617=CARTESIAN_POINT('Origin',(1.64313007644523E-14,0.,-53.));
#6618=CARTESIAN_POINT('Origin',(-38.8715347448597,0.,46.));
#6619=CARTESIAN_POINT('',(-38.8715347448597,28.,56.));
#6620=CARTESIAN_POINT('',(-38.8715347448597,0.,56.));
#6621=CARTESIAN_POINT('',(-41.0579727768504,28.,55.7580473831738));
#6622=CARTESIAN_POINT('Origin',(-38.8715347448597,28.,46.));
#6623=CARTESIAN_POINT('',(-41.0579727768504,0.,55.7580473831738));
#6624=CARTESIAN_POINT('Origin',(-68.,0.,176.));
#6625=CARTESIAN_POINT('',(-94.9420272231495,28.,55.7580473831738));
#6626=CARTESIAN_POINT('Origin',(-68.,28.,176.));
#6627=CARTESIAN_POINT('',(-94.9420272231495,0.,55.7580473831738));
#6628=CARTESIAN_POINT('Origin',(-97.1284652551402,0.,46.));
#6629=CARTESIAN_POINT('',(-97.1284652551402,28.,56.));
#6630=CARTESIAN_POINT('Origin',(-97.1284652551402,28.,46.));
#6631=CARTESIAN_POINT('',(-97.1284652551402,0.,56.));
#6632=CARTESIAN_POINT('Origin',(-186.,0.,-56.));
#6633=CARTESIAN_POINT('',(-186.,28.,51.));
#6634=CARTESIAN_POINT('',(-186.,0.,51.));
#6635=CARTESIAN_POINT('',(-186.,28.,-56.));
#6636=CARTESIAN_POINT('Origin',(-4.99999999999998,0.,51.));
#6637=CARTESIAN_POINT('',(-4.99999999999998,28.,56.));
#6638=CARTESIAN_POINT('Origin',(-4.99999999999998,28.,51.));
#6639=CARTESIAN_POINT('',(-4.99999999999998,0.,56.));
#6640=CARTESIAN_POINT('Origin',(-181.,0.,51.));
#6641=CARTESIAN_POINT('',(-181.,28.,56.));
#6642=CARTESIAN_POINT('',(-181.,0.,56.));
#6643=CARTESIAN_POINT('Origin',(-181.,28.,51.));
#6644=CARTESIAN_POINT('Origin',(-186.,0.,56.));
#6645=CARTESIAN_POINT('',(-186.,28.,56.));
#6646=CARTESIAN_POINT('Origin',(-39.9999999999999,0.,56.));
#6647=CARTESIAN_POINT('',(-40.,28.,56.));
#6648=CARTESIAN_POINT('Origin',(-93.,28.,0.));
#6649=UNCERTAINTY_MEASURE_WITH_UNIT(LENGTH_MEASURE(0.01),#6653,
'DISTANCE_ACCURACY_VALUE',
'Maximum model space distance between geometric entities at asserted c
onnectivities');
#6650=UNCERTAINTY_MEASURE_WITH_UNIT(LENGTH_MEASURE(0.01),#6653,
'DISTANCE_ACCURACY_VALUE',
'Maximum model space distance between geometric entities at asserted c
onnectivities');
#6651=(
GEOMETRIC_REPRESENTATION_CONTEXT(3)
GLOBAL_UNCERTAINTY_ASSIGNED_CONTEXT((#6649))
GLOBAL_UNIT_ASSIGNED_CONTEXT((#6653,#6655,#6656))
REPRESENTATION_CONTEXT('','3D')
);
#6652=(
GEOMETRIC_REPRESENTATION_CONTEXT(3)
GLOBAL_UNCERTAINTY_ASSIGNED_CONTEXT((#6650))
GLOBAL_UNIT_ASSIGNED_CONTEXT((#6653,#6655,#6656))
REPRESENTATION_CONTEXT('','3D')
);
#6653=(
LENGTH_UNIT()
NAMED_UNIT(*)
SI_UNIT(.MILLI.,.METRE.)
);
#6654=(
LENGTH_UNIT()
NAMED_UNIT(*)
SI_UNIT(.CENTI.,.METRE.)
);
#6655=(
NAMED_UNIT(*)
PLANE_ANGLE_UNIT()
SI_UNIT($,.RADIAN.)
);
#6656=(
NAMED_UNIT(*)
SI_UNIT($,.STERADIAN.)
SOLID_ANGLE_UNIT()
);
#6657=SHAPE_DEFINITION_REPRESENTATION(#6658,#6659);
#6658=PRODUCT_DEFINITION_SHAPE('',$,#6661);
#6659=SHAPE_REPRESENTATION('',(#3806),#6651);
#6660=PRODUCT_DEFINITION_CONTEXT('part definition',#6665,'design');
#6661=PRODUCT_DEFINITION('H\X2\1ED9\X0\p Master','H\X2\1ED9\X0\p Maste
r',#6662,#6660);
#6662=PRODUCT_DEFINITION_FORMATION('',$,#6667);
#6663=PRODUCT_RELATED_PRODUCT_CATEGORY('H\X2\1ED9\X0\p Master',
'H\X2\1ED9\X0\p Master',(#6667));
#6664=APPLICATION_PROTOCOL_DEFINITION('international standard',
'automotive_design',2009,#6665);
#6665=APPLICATION_CONTEXT(
'Core Data for Automotive Mechanical Design Process');
#6666=PRODUCT_CONTEXT('part definition',#6665,'mechanical');
#6667=PRODUCT('H\X2\1ED9\X0\p Master','H\X2\1ED9\X0\p Master',$,(#6666));
#6668=PRESENTATION_STYLE_ASSIGNMENT((#6670));
#6669=PRESENTATION_STYLE_ASSIGNMENT((#6671));
#6670=SURFACE_STYLE_USAGE(.BOTH.,#6676);
#6671=SURFACE_STYLE_USAGE(.BOTH.,#6677);
#6672=SURFACE_STYLE_RENDERING_WITH_PROPERTIES($,#6684,(#6674));
#6673=SURFACE_STYLE_RENDERING_WITH_PROPERTIES($,#6685,(#6675));
#6674=SURFACE_STYLE_TRANSPARENT(0.);
#6675=SURFACE_STYLE_TRANSPARENT(0.);
#6676=SURFACE_SIDE_STYLE('',(#6678,#6672));
#6677=SURFACE_SIDE_STYLE('',(#6679,#6673));
#6678=SURFACE_STYLE_FILL_AREA(#6680);
#6679=SURFACE_STYLE_FILL_AREA(#6681);
#6680=FILL_AREA_STYLE('',(#6682));
#6681=FILL_AREA_STYLE('',(#6683));
#6682=FILL_AREA_STYLE_COLOUR('',#6684);
#6683=FILL_AREA_STYLE_COLOUR('',#6685);
#6684=COLOUR_RGB('',0.0941176470588235,0.145098039215686,0.972549019607843);
#6685=COLOUR_RGB('',0.96078431372549,0.96078431372549,0.96078431372549);
ENDSEC;
END-ISO-10303-21;
