ISO-10303-21;
HEADER;
/* Generated by software containing ST-Developer
 * from STEP Tools, Inc. (www.steptools.com) 
 */

FILE_DESCRIPTION(
/* description */ (''),
/* implementation_level */ '2;1');

FILE_NAME(
/* name */ 
'D:\\6. THI\\12. H\X2\1ED9\X0\p EVN\\12. H\X2\1ED9\X0\p EVN\\Master\\M
aster_G\X2\1EED\X0\i Kh\X\E1ch_26.07.15\\3D Step\\N\X2\1EAF\X0\p Maste
r_SLA_M\X\E0u xanh C\X\F4 ban_SL01.stp',
/* time_stamp */ '2026-07-15T10:50:57+07:00',
/* author */ ('PC'),
/* organization */ (''),
/* preprocessor_version */ 'ST-DEVELOPER v18',
/* originating_system */ 'Autodesk Inventor 2020',
/* authorisation */ '');

FILE_SCHEMA (('AUTOMOTIVE_DESIGN { 1 0 10303 214 3 1 1 }'));
ENDSEC;

DATA;
#10=MECHANICAL_DESIGN_GEOMETRIC_PRESENTATION_REPRESENTATION('',(#24,#25),
#3970);
#11=SHAPE_REPRESENTATION_RELATIONSHIP('SRR','None',#3977,#12);
#12=ADVANCED_BREP_SHAPE_REPRESENTATION('',(#13),#3969);
#13=MANIFOLD_SOLID_BREP('Solid1',#2248);
#14=TOROIDAL_SURFACE('',#2489,4.,1.);
#15=TOROIDAL_SURFACE('',#2495,4.,1.);
#16=TOROIDAL_SURFACE('',#2500,9.,1.);
#17=TOROIDAL_SURFACE('',#2503,124.223374405995,1.);
#18=TOROIDAL_SURFACE('',#2506,9.,1.);
#19=TOROIDAL_SURFACE('',#2511,4.,1.);
#20=TOROIDAL_SURFACE('',#2516,4.,1.);
#21=TOROIDAL_SURFACE('',#2521,9.,1.);
#22=TOROIDAL_SURFACE('',#2524,124.223374405995,1.);
#23=TOROIDAL_SURFACE('',#2527,9.,1.);
#24=STYLED_ITEM('',(#3987),#2148);
#25=STYLED_ITEM('',(#3986),#13);
#26=FACE_BOUND('',#225,.T.);
#27=FACE_BOUND('',#228,.T.);
#28=FACE_BOUND('',#231,.T.);
#29=FACE_BOUND('',#234,.T.);
#30=FACE_BOUND('',#237,.T.);
#31=FACE_BOUND('',#245,.T.);
#32=FACE_BOUND('',#246,.T.);
#33=FACE_BOUND('',#247,.T.);
#34=FACE_BOUND('',#248,.T.);
#35=FACE_BOUND('',#249,.T.);
#36=FACE_BOUND('',#250,.T.);
#37=FACE_BOUND('',#251,.T.);
#38=FACE_BOUND('',#252,.T.);
#39=FACE_BOUND('',#257,.T.);
#40=FACE_BOUND('',#259,.T.);
#41=FACE_BOUND('',#260,.T.);
#42=FACE_BOUND('',#261,.T.);
#43=FACE_BOUND('',#262,.T.);
#44=FACE_BOUND('',#263,.T.);
#45=FACE_BOUND('',#306,.T.);
#46=FACE_BOUND('',#307,.T.);
#47=FACE_BOUND('',#308,.T.);
#48=FACE_BOUND('',#309,.T.);
#49=FACE_BOUND('',#310,.T.);
#50=FACE_BOUND('',#328,.T.);
#51=PLANE('',#2273);
#52=PLANE('',#2281);
#53=PLANE('',#2289);
#54=PLANE('',#2297);
#55=PLANE('',#2305);
#56=PLANE('',#2313);
#57=PLANE('',#2319);
#58=PLANE('',#2326);
#59=PLANE('',#2357);
#60=PLANE('',#2362);
#61=PLANE('',#2377);
#62=PLANE('',#2393);
#63=PLANE('',#2396);
#64=PLANE('',#2398);
#65=PLANE('',#2399);
#66=PLANE('',#2400);
#67=PLANE('',#2401);
#68=PLANE('',#2402);
#69=PLANE('',#2405);
#70=PLANE('',#2414);
#71=PLANE('',#2418);
#72=PLANE('',#2422);
#73=PLANE('',#2426);
#74=PLANE('',#2427);
#75=PLANE('',#2430);
#76=PLANE('',#2431);
#77=PLANE('',#2433);
#78=PLANE('',#2436);
#79=PLANE('',#2437);
#80=PLANE('',#2439);
#81=PLANE('',#2440);
#82=PLANE('',#2441);
#83=PLANE('',#2442);
#84=PLANE('',#2443);
#85=PLANE('',#2444);
#86=PLANE('',#2445);
#87=PLANE('',#2452);
#88=PLANE('',#2459);
#89=PLANE('',#2462);
#90=PLANE('',#2465);
#91=PLANE('',#2472);
#92=PLANE('',#2475);
#93=PLANE('',#2478);
#94=PLANE('',#2531);
#95=PLANE('',#2533);
#96=PLANE('',#2537);
#97=PLANE('',#2542);
#98=PLANE('',#2546);
#99=PLANE('',#2550);
#100=PLANE('',#2552);
#101=PLANE('',#2554);
#102=FACE_OUTER_BOUND('',#223,.T.);
#103=FACE_OUTER_BOUND('',#224,.T.);
#104=FACE_OUTER_BOUND('',#226,.T.);
#105=FACE_OUTER_BOUND('',#227,.T.);
#106=FACE_OUTER_BOUND('',#229,.T.);
#107=FACE_OUTER_BOUND('',#230,.T.);
#108=FACE_OUTER_BOUND('',#232,.T.);
#109=FACE_OUTER_BOUND('',#233,.T.);
#110=FACE_OUTER_BOUND('',#235,.T.);
#111=FACE_OUTER_BOUND('',#236,.T.);
#112=FACE_OUTER_BOUND('',#238,.T.);
#113=FACE_OUTER_BOUND('',#239,.T.);
#114=FACE_OUTER_BOUND('',#240,.T.);
#115=FACE_OUTER_BOUND('',#241,.T.);
#116=FACE_OUTER_BOUND('',#242,.T.);
#117=FACE_OUTER_BOUND('',#243,.T.);
#118=FACE_OUTER_BOUND('',#244,.T.);
#119=FACE_OUTER_BOUND('',#253,.T.);
#120=FACE_OUTER_BOUND('',#254,.T.);
#121=FACE_OUTER_BOUND('',#255,.T.);
#122=FACE_OUTER_BOUND('',#256,.T.);
#123=FACE_OUTER_BOUND('',#258,.T.);
#124=FACE_OUTER_BOUND('',#264,.T.);
#125=FACE_OUTER_BOUND('',#265,.T.);
#126=FACE_OUTER_BOUND('',#266,.T.);
#127=FACE_OUTER_BOUND('',#267,.T.);
#128=FACE_OUTER_BOUND('',#268,.T.);
#129=FACE_OUTER_BOUND('',#269,.T.);
#130=FACE_OUTER_BOUND('',#270,.T.);
#131=FACE_OUTER_BOUND('',#271,.T.);
#132=FACE_OUTER_BOUND('',#272,.T.);
#133=FACE_OUTER_BOUND('',#273,.T.);
#134=FACE_OUTER_BOUND('',#274,.T.);
#135=FACE_OUTER_BOUND('',#275,.T.);
#136=FACE_OUTER_BOUND('',#276,.T.);
#137=FACE_OUTER_BOUND('',#277,.T.);
#138=FACE_OUTER_BOUND('',#278,.T.);
#139=FACE_OUTER_BOUND('',#279,.T.);
#140=FACE_OUTER_BOUND('',#280,.T.);
#141=FACE_OUTER_BOUND('',#281,.T.);
#142=FACE_OUTER_BOUND('',#282,.T.);
#143=FACE_OUTER_BOUND('',#283,.T.);
#144=FACE_OUTER_BOUND('',#284,.T.);
#145=FACE_OUTER_BOUND('',#285,.T.);
#146=FACE_OUTER_BOUND('',#286,.T.);
#147=FACE_OUTER_BOUND('',#287,.T.);
#148=FACE_OUTER_BOUND('',#288,.T.);
#149=FACE_OUTER_BOUND('',#289,.T.);
#150=FACE_OUTER_BOUND('',#290,.T.);
#151=FACE_OUTER_BOUND('',#291,.T.);
#152=FACE_OUTER_BOUND('',#292,.T.);
#153=FACE_OUTER_BOUND('',#293,.T.);
#154=FACE_OUTER_BOUND('',#294,.T.);
#155=FACE_OUTER_BOUND('',#295,.T.);
#156=FACE_OUTER_BOUND('',#296,.T.);
#157=FACE_OUTER_BOUND('',#297,.T.);
#158=FACE_OUTER_BOUND('',#298,.T.);
#159=FACE_OUTER_BOUND('',#299,.T.);
#160=FACE_OUTER_BOUND('',#300,.T.);
#161=FACE_OUTER_BOUND('',#301,.T.);
#162=FACE_OUTER_BOUND('',#302,.T.);
#163=FACE_OUTER_BOUND('',#303,.T.);
#164=FACE_OUTER_BOUND('',#304,.T.);
#165=FACE_OUTER_BOUND('',#305,.T.);
#166=FACE_OUTER_BOUND('',#311,.T.);
#167=FACE_OUTER_BOUND('',#312,.T.);
#168=FACE_OUTER_BOUND('',#313,.T.);
#169=FACE_OUTER_BOUND('',#314,.T.);
#170=FACE_OUTER_BOUND('',#315,.T.);
#171=FACE_OUTER_BOUND('',#316,.T.);
#172=FACE_OUTER_BOUND('',#317,.T.);
#173=FACE_OUTER_BOUND('',#318,.T.);
#174=FACE_OUTER_BOUND('',#319,.T.);
#175=FACE_OUTER_BOUND('',#320,.T.);
#176=FACE_OUTER_BOUND('',#321,.T.);
#177=FACE_OUTER_BOUND('',#322,.T.);
#178=FACE_OUTER_BOUND('',#323,.T.);
#179=FACE_OUTER_BOUND('',#324,.T.);
#180=FACE_OUTER_BOUND('',#325,.T.);
#181=FACE_OUTER_BOUND('',#326,.T.);
#182=FACE_OUTER_BOUND('',#327,.T.);
#183=FACE_OUTER_BOUND('',#329,.T.);
#184=FACE_OUTER_BOUND('',#330,.T.);
#185=FACE_OUTER_BOUND('',#331,.T.);
#186=FACE_OUTER_BOUND('',#332,.T.);
#187=FACE_OUTER_BOUND('',#333,.T.);
#188=FACE_OUTER_BOUND('',#334,.T.);
#189=FACE_OUTER_BOUND('',#335,.T.);
#190=FACE_OUTER_BOUND('',#336,.T.);
#191=FACE_OUTER_BOUND('',#337,.T.);
#192=FACE_OUTER_BOUND('',#338,.T.);
#193=FACE_OUTER_BOUND('',#339,.T.);
#194=FACE_OUTER_BOUND('',#340,.T.);
#195=FACE_OUTER_BOUND('',#341,.T.);
#196=FACE_OUTER_BOUND('',#342,.T.);
#197=FACE_OUTER_BOUND('',#343,.T.);
#198=FACE_OUTER_BOUND('',#344,.T.);
#199=FACE_OUTER_BOUND('',#345,.T.);
#200=FACE_OUTER_BOUND('',#346,.T.);
#201=FACE_OUTER_BOUND('',#347,.T.);
#202=FACE_OUTER_BOUND('',#348,.T.);
#203=FACE_OUTER_BOUND('',#349,.T.);
#204=FACE_OUTER_BOUND('',#350,.T.);
#205=FACE_OUTER_BOUND('',#351,.T.);
#206=FACE_OUTER_BOUND('',#352,.T.);
#207=FACE_OUTER_BOUND('',#353,.T.);
#208=FACE_OUTER_BOUND('',#354,.T.);
#209=FACE_OUTER_BOUND('',#355,.T.);
#210=FACE_OUTER_BOUND('',#356,.T.);
#211=FACE_OUTER_BOUND('',#357,.T.);
#212=FACE_OUTER_BOUND('',#358,.T.);
#213=FACE_OUTER_BOUND('',#359,.T.);
#214=FACE_OUTER_BOUND('',#360,.T.);
#215=FACE_OUTER_BOUND('',#361,.T.);
#216=FACE_OUTER_BOUND('',#362,.T.);
#217=FACE_OUTER_BOUND('',#363,.T.);
#218=FACE_OUTER_BOUND('',#364,.T.);
#219=FACE_OUTER_BOUND('',#365,.T.);
#220=FACE_OUTER_BOUND('',#366,.T.);
#221=FACE_OUTER_BOUND('',#367,.T.);
#222=FACE_OUTER_BOUND('',#368,.T.);
#223=EDGE_LOOP('',(#1411,#1412,#1413,#1414,#1415,#1416));
#224=EDGE_LOOP('',(#1417,#1418));
#225=EDGE_LOOP('',(#1419,#1420));
#226=EDGE_LOOP('',(#1421,#1422,#1423,#1424,#1425,#1426));
#227=EDGE_LOOP('',(#1427,#1428));
#228=EDGE_LOOP('',(#1429,#1430));
#229=EDGE_LOOP('',(#1431,#1432,#1433,#1434,#1435,#1436));
#230=EDGE_LOOP('',(#1437,#1438));
#231=EDGE_LOOP('',(#1439,#1440));
#232=EDGE_LOOP('',(#1441,#1442,#1443,#1444,#1445,#1446));
#233=EDGE_LOOP('',(#1447,#1448));
#234=EDGE_LOOP('',(#1449,#1450));
#235=EDGE_LOOP('',(#1451,#1452,#1453,#1454,#1455,#1456));
#236=EDGE_LOOP('',(#1457,#1458));
#237=EDGE_LOOP('',(#1459,#1460));
#238=EDGE_LOOP('',(#1461,#1462,#1463,#1464,#1465,#1466));
#239=EDGE_LOOP('',(#1467,#1468));
#240=EDGE_LOOP('',(#1469,#1470,#1471,#1472,#1473,#1474));
#241=EDGE_LOOP('',(#1475,#1476));
#242=EDGE_LOOP('',(#1477,#1478,#1479,#1480));
#243=EDGE_LOOP('',(#1481,#1482,#1483,#1484));
#244=EDGE_LOOP('',(#1485,#1486,#1487,#1488,#1489,#1490,#1491,#1492,#1493,
#1494,#1495,#1496,#1497,#1498,#1499,#1500));
#245=EDGE_LOOP('',(#1501,#1502));
#246=EDGE_LOOP('',(#1503,#1504));
#247=EDGE_LOOP('',(#1505,#1506,#1507,#1508,#1509,#1510,#1511,#1512,#1513,
#1514));
#248=EDGE_LOOP('',(#1515,#1516));
#249=EDGE_LOOP('',(#1517,#1518));
#250=EDGE_LOOP('',(#1519,#1520));
#251=EDGE_LOOP('',(#1521,#1522));
#252=EDGE_LOOP('',(#1523,#1524,#1525,#1526,#1527,#1528,#1529,#1530,#1531,
#1532,#1533,#1534,#1535,#1536,#1537,#1538,#1539,#1540,#1541,#1542,#1543,
#1544));
#253=EDGE_LOOP('',(#1545,#1546,#1547,#1548));
#254=EDGE_LOOP('',(#1549,#1550,#1551,#1552));
#255=EDGE_LOOP('',(#1553,#1554,#1555,#1556));
#256=EDGE_LOOP('',(#1557,#1558,#1559,#1560,#1561,#1562,#1563,#1564,#1565,
#1566,#1567,#1568,#1569,#1570,#1571,#1572));
#257=EDGE_LOOP('',(#1573,#1574,#1575,#1576,#1577,#1578,#1579,#1580));
#258=EDGE_LOOP('',(#1581,#1582,#1583,#1584,#1585,#1586,#1587,#1588));
#259=EDGE_LOOP('',(#1589,#1590));
#260=EDGE_LOOP('',(#1591,#1592));
#261=EDGE_LOOP('',(#1593,#1594));
#262=EDGE_LOOP('',(#1595,#1596));
#263=EDGE_LOOP('',(#1597,#1598));
#264=EDGE_LOOP('',(#1599,#1600,#1601,#1602));
#265=EDGE_LOOP('',(#1603,#1604,#1605,#1606));
#266=EDGE_LOOP('',(#1607,#1608,#1609,#1610));
#267=EDGE_LOOP('',(#1611,#1612,#1613,#1614));
#268=EDGE_LOOP('',(#1615,#1616,#1617,#1618));
#269=EDGE_LOOP('',(#1619,#1620,#1621,#1622));
#270=EDGE_LOOP('',(#1623,#1624,#1625,#1626));
#271=EDGE_LOOP('',(#1627,#1628,#1629,#1630));
#272=EDGE_LOOP('',(#1631,#1632,#1633,#1634));
#273=EDGE_LOOP('',(#1635,#1636,#1637,#1638));
#274=EDGE_LOOP('',(#1639,#1640,#1641,#1642,#1643,#1644,#1645,#1646,#1647,
#1648));
#275=EDGE_LOOP('',(#1649,#1650,#1651,#1652));
#276=EDGE_LOOP('',(#1653,#1654,#1655,#1656,#1657,#1658));
#277=EDGE_LOOP('',(#1659,#1660,#1661,#1662,#1663,#1664));
#278=EDGE_LOOP('',(#1665,#1666,#1667,#1668,#1669,#1670));
#279=EDGE_LOOP('',(#1671,#1672,#1673,#1674,#1675,#1676));
#280=EDGE_LOOP('',(#1677,#1678,#1679,#1680,#1681,#1682));
#281=EDGE_LOOP('',(#1683,#1684,#1685,#1686,#1687,#1688));
#282=EDGE_LOOP('',(#1689,#1690));
#283=EDGE_LOOP('',(#1691,#1692,#1693,#1694,#1695,#1696));
#284=EDGE_LOOP('',(#1697,#1698));
#285=EDGE_LOOP('',(#1699,#1700,#1701,#1702,#1703,#1704));
#286=EDGE_LOOP('',(#1705,#1706));
#287=EDGE_LOOP('',(#1707,#1708,#1709,#1710,#1711,#1712));
#288=EDGE_LOOP('',(#1713,#1714));
#289=EDGE_LOOP('',(#1715,#1716,#1717,#1718));
#290=EDGE_LOOP('',(#1719,#1720,#1721,#1722));
#291=EDGE_LOOP('',(#1723,#1724,#1725,#1726));
#292=EDGE_LOOP('',(#1727,#1728,#1729,#1730));
#293=EDGE_LOOP('',(#1731,#1732,#1733,#1734));
#294=EDGE_LOOP('',(#1735,#1736,#1737,#1738));
#295=EDGE_LOOP('',(#1739,#1740,#1741,#1742));
#296=EDGE_LOOP('',(#1743,#1744,#1745,#1746));
#297=EDGE_LOOP('',(#1747,#1748,#1749,#1750));
#298=EDGE_LOOP('',(#1751,#1752,#1753,#1754));
#299=EDGE_LOOP('',(#1755,#1756,#1757,#1758));
#300=EDGE_LOOP('',(#1759,#1760,#1761,#1762));
#301=EDGE_LOOP('',(#1763,#1764,#1765,#1766));
#302=EDGE_LOOP('',(#1767,#1768,#1769,#1770));
#303=EDGE_LOOP('',(#1771,#1772,#1773,#1774));
#304=EDGE_LOOP('',(#1775,#1776,#1777,#1778));
#305=EDGE_LOOP('',(#1779,#1780,#1781,#1782,#1783,#1784,#1785,#1786,#1787,
#1788,#1789,#1790,#1791,#1792,#1793,#1794,#1795,#1796,#1797,#1798,#1799,
#1800));
#306=EDGE_LOOP('',(#1801,#1802));
#307=EDGE_LOOP('',(#1803,#1804));
#308=EDGE_LOOP('',(#1805,#1806));
#309=EDGE_LOOP('',(#1807,#1808));
#310=EDGE_LOOP('',(#1809,#1810));
#311=EDGE_LOOP('',(#1811,#1812,#1813,#1814));
#312=EDGE_LOOP('',(#1815,#1816,#1817,#1818));
#313=EDGE_LOOP('',(#1819,#1820,#1821,#1822));
#314=EDGE_LOOP('',(#1823,#1824,#1825,#1826));
#315=EDGE_LOOP('',(#1827,#1828,#1829,#1830));
#316=EDGE_LOOP('',(#1831,#1832,#1833,#1834));
#317=EDGE_LOOP('',(#1835,#1836,#1837,#1838));
#318=EDGE_LOOP('',(#1839,#1840,#1841,#1842));
#319=EDGE_LOOP('',(#1843,#1844,#1845,#1846));
#320=EDGE_LOOP('',(#1847,#1848,#1849,#1850));
#321=EDGE_LOOP('',(#1851,#1852,#1853,#1854));
#322=EDGE_LOOP('',(#1855,#1856,#1857,#1858));
#323=EDGE_LOOP('',(#1859,#1860,#1861,#1862));
#324=EDGE_LOOP('',(#1863,#1864,#1865,#1866));
#325=EDGE_LOOP('',(#1867,#1868,#1869,#1870));
#326=EDGE_LOOP('',(#1871,#1872,#1873,#1874));
#327=EDGE_LOOP('',(#1875,#1876,#1877,#1878,#1879,#1880,#1881,#1882,#1883,
#1884,#1885,#1886,#1887,#1888,#1889,#1890));
#328=EDGE_LOOP('',(#1891,#1892,#1893,#1894,#1895,#1896,#1897,#1898,#1899,
#1900,#1901,#1902,#1903,#1904,#1905,#1906));
#329=EDGE_LOOP('',(#1907,#1908,#1909,#1910));
#330=EDGE_LOOP('',(#1911,#1912,#1913,#1914));
#331=EDGE_LOOP('',(#1915,#1916,#1917,#1918));
#332=EDGE_LOOP('',(#1919,#1920,#1921,#1922));
#333=EDGE_LOOP('',(#1923,#1924,#1925,#1926));
#334=EDGE_LOOP('',(#1927,#1928,#1929,#1930));
#335=EDGE_LOOP('',(#1931,#1932,#1933,#1934));
#336=EDGE_LOOP('',(#1935,#1936,#1937,#1938));
#337=EDGE_LOOP('',(#1939,#1940,#1941,#1942));
#338=EDGE_LOOP('',(#1943,#1944,#1945,#1946));
#339=EDGE_LOOP('',(#1947,#1948,#1949,#1950));
#340=EDGE_LOOP('',(#1951,#1952,#1953,#1954));
#341=EDGE_LOOP('',(#1955,#1956,#1957,#1958));
#342=EDGE_LOOP('',(#1959,#1960,#1961,#1962));
#343=EDGE_LOOP('',(#1963,#1964,#1965,#1966));
#344=EDGE_LOOP('',(#1967,#1968,#1969,#1970));
#345=EDGE_LOOP('',(#1971,#1972,#1973,#1974));
#346=EDGE_LOOP('',(#1975,#1976,#1977,#1978));
#347=EDGE_LOOP('',(#1979,#1980,#1981,#1982));
#348=EDGE_LOOP('',(#1983,#1984,#1985,#1986));
#349=EDGE_LOOP('',(#1987,#1988,#1989,#1990));
#350=EDGE_LOOP('',(#1991,#1992,#1993,#1994));
#351=EDGE_LOOP('',(#1995,#1996,#1997,#1998));
#352=EDGE_LOOP('',(#1999,#2000,#2001,#2002));
#353=EDGE_LOOP('',(#2003,#2004,#2005,#2006));
#354=EDGE_LOOP('',(#2007,#2008,#2009,#2010));
#355=EDGE_LOOP('',(#2011,#2012,#2013,#2014));
#356=EDGE_LOOP('',(#2015,#2016,#2017,#2018));
#357=EDGE_LOOP('',(#2019,#2020,#2021,#2022));
#358=EDGE_LOOP('',(#2023,#2024,#2025,#2026));
#359=EDGE_LOOP('',(#2027,#2028,#2029,#2030));
#360=EDGE_LOOP('',(#2031,#2032,#2033,#2034));
#361=EDGE_LOOP('',(#2035,#2036,#2037,#2038));
#362=EDGE_LOOP('',(#2039,#2040,#2041,#2042));
#363=EDGE_LOOP('',(#2043,#2044,#2045,#2046));
#364=EDGE_LOOP('',(#2047,#2048,#2049,#2050));
#365=EDGE_LOOP('',(#2051,#2052,#2053,#2054));
#366=EDGE_LOOP('',(#2055,#2056,#2057,#2058));
#367=EDGE_LOOP('',(#2059,#2060,#2061,#2062));
#368=EDGE_LOOP('',(#2063,#2064,#2065,#2066));
#369=LINE('',#3300,#531);
#370=LINE('',#3315,#532);
#371=LINE('',#3330,#533);
#372=LINE('',#3345,#534);
#373=LINE('',#3360,#535);
#374=LINE('',#3375,#536);
#375=LINE('',#3386,#537);
#376=LINE('',#3396,#538);
#377=LINE('',#3399,#539);
#378=LINE('',#3405,#540);
#379=LINE('',#3408,#541);
#380=LINE('',#3412,#542);
#381=LINE('',#3420,#543);
#382=LINE('',#3424,#544);
#383=LINE('',#3428,#545);
#384=LINE('',#3436,#546);
#385=LINE('',#3440,#547);
#386=LINE('',#3444,#548);
#387=LINE('',#3446,#549);
#388=LINE('',#3450,#550);
#389=LINE('',#3452,#551);
#390=LINE('',#3454,#552);
#391=LINE('',#3458,#553);
#392=LINE('',#3460,#554);
#393=LINE('',#3461,#555);
#394=LINE('',#3483,#556);
#395=LINE('',#3485,#557);
#396=LINE('',#3489,#558);
#397=LINE('',#3491,#559);
#398=LINE('',#3493,#560);
#399=LINE('',#3497,#561);
#400=LINE('',#3499,#562);
#401=LINE('',#3508,#563);
#402=LINE('',#3510,#564);
#403=LINE('',#3512,#565);
#404=LINE('',#3519,#566);
#405=LINE('',#3521,#567);
#406=LINE('',#3523,#568);
#407=LINE('',#3524,#569);
#408=LINE('',#3528,#570);
#409=LINE('',#3531,#571);
#410=LINE('',#3538,#572);
#411=LINE('',#3546,#573);
#412=LINE('',#3550,#574);
#413=LINE('',#3554,#575);
#414=LINE('',#3562,#576);
#415=LINE('',#3565,#577);
#416=LINE('',#3568,#578);
#417=LINE('',#3572,#579);
#418=LINE('',#3577,#580);
#419=LINE('',#3582,#581);
#420=LINE('',#3586,#582);
#421=LINE('',#3591,#583);
#422=LINE('',#3614,#584);
#423=LINE('',#3615,#585);
#424=LINE('',#3617,#586);
#425=LINE('',#3620,#587);
#426=LINE('',#3622,#588);
#427=LINE('',#3624,#589);
#428=LINE('',#3628,#590);
#429=LINE('',#3630,#591);
#430=LINE('',#3631,#592);
#431=LINE('',#3634,#593);
#432=LINE('',#3636,#594);
#433=LINE('',#3637,#595);
#434=LINE('',#3640,#596);
#435=LINE('',#3641,#597);
#436=LINE('',#3644,#598);
#437=LINE('',#3646,#599);
#438=LINE('',#3650,#600);
#439=LINE('',#3652,#601);
#440=LINE('',#3654,#602);
#441=LINE('',#3657,#603);
#442=LINE('',#3659,#604);
#443=LINE('',#3661,#605);
#444=LINE('',#3663,#606);
#445=LINE('',#3665,#607);
#446=LINE('',#3667,#608);
#447=LINE('',#3669,#609);
#448=LINE('',#3672,#610);
#449=LINE('',#3679,#611);
#450=LINE('',#3686,#612);
#451=LINE('',#3693,#613);
#452=LINE('',#3700,#614);
#453=LINE('',#3702,#615);
#454=LINE('',#3703,#616);
#455=LINE('',#3706,#617);
#456=LINE('',#3710,#618);
#457=LINE('',#3711,#619);
#458=LINE('',#3713,#620);
#459=LINE('',#3715,#621);
#460=LINE('',#3717,#622);
#461=LINE('',#3720,#623);
#462=LINE('',#3723,#624);
#463=LINE('',#3726,#625);
#464=LINE('',#3727,#626);
#465=LINE('',#3730,#627);
#466=LINE('',#3731,#628);
#467=LINE('',#3733,#629);
#468=LINE('',#3734,#630);
#469=LINE('',#3737,#631);
#470=LINE('',#3739,#632);
#471=LINE('',#3742,#633);
#472=LINE('',#3743,#634);
#473=LINE('',#3747,#635);
#474=LINE('',#3748,#636);
#475=LINE('',#3754,#637);
#476=LINE('',#3760,#638);
#477=LINE('',#3764,#639);
#478=LINE('',#3766,#640);
#479=LINE('',#3767,#641);
#480=LINE('',#3771,#642);
#481=LINE('',#3775,#643);
#482=LINE('',#3779,#644);
#483=LINE('',#3782,#645);
#484=LINE('',#3783,#646);
#485=LINE('',#3787,#647);
#486=LINE('',#3790,#648);
#487=LINE('',#3791,#649);
#488=LINE('',#3795,#650);
#489=LINE('',#3798,#651);
#490=LINE('',#3799,#652);
#491=LINE('',#3803,#653);
#492=LINE('',#3807,#654);
#493=LINE('',#3811,#655);
#494=LINE('',#3814,#656);
#495=LINE('',#3815,#657);
#496=LINE('',#3819,#658);
#497=LINE('',#3822,#659);
#498=LINE('',#3823,#660);
#499=LINE('',#3831,#661);
#500=LINE('',#3839,#662);
#501=LINE('',#3843,#663);
#502=LINE('',#3847,#664);
#503=LINE('',#3855,#665);
#504=LINE('',#3858,#666);
#505=LINE('',#3868,#667);
#506=LINE('',#3876,#668);
#507=LINE('',#3892,#669);
#508=LINE('',#3900,#670);
#509=LINE('',#3908,#671);
#510=LINE('',#3922,#672);
#511=LINE('',#3924,#673);
#512=LINE('',#3925,#674);
#513=LINE('',#3927,#675);
#514=LINE('',#3929,#676);
#515=LINE('',#3931,#677);
#516=LINE('',#3933,#678);
#517=LINE('',#3935,#679);
#518=LINE('',#3937,#680);
#519=LINE('',#3939,#681);
#520=LINE('',#3942,#682);
#521=LINE('',#3944,#683);
#522=LINE('',#3947,#684);
#523=LINE('',#3950,#685);
#524=LINE('',#3953,#686);
#525=LINE('',#3954,#687);
#526=LINE('',#3956,#688);
#527=LINE('',#3958,#689);
#528=LINE('',#3960,#690);
#529=LINE('',#3962,#691);
#530=LINE('',#3965,#692);
#531=VECTOR('',#2563,3.49999999999999);
#532=VECTOR('',#2580,3.5);
#533=VECTOR('',#2597,3.50000000000001);
#534=VECTOR('',#2614,3.50000000000001);
#535=VECTOR('',#2631,3.5);
#536=VECTOR('',#2648,2.1);
#537=VECTOR('',#2661,2.1);
#538=VECTOR('',#2672,10.);
#539=VECTOR('',#2675,10.);
#540=VECTOR('',#2680,10.);
#541=VECTOR('',#2683,10.);
#542=VECTOR('',#2686,10.);
#543=VECTOR('',#2693,10.);
#544=VECTOR('',#2696,10.);
#545=VECTOR('',#2699,10.);
#546=VECTOR('',#2706,10.);
#547=VECTOR('',#2709,10.);
#548=VECTOR('',#2712,10.);
#549=VECTOR('',#2713,10.);
#550=VECTOR('',#2716,10.);
#551=VECTOR('',#2717,10.);
#552=VECTOR('',#2718,10.);
#553=VECTOR('',#2721,10.);
#554=VECTOR('',#2722,10.);
#555=VECTOR('',#2723,10.);
#556=VECTOR('',#2744,10.);
#557=VECTOR('',#2745,10.);
#558=VECTOR('',#2748,10.);
#559=VECTOR('',#2749,10.);
#560=VECTOR('',#2750,10.);
#561=VECTOR('',#2753,10.);
#562=VECTOR('',#2754,10.);
#563=VECTOR('',#2763,10.);
#564=VECTOR('',#2764,10.);
#565=VECTOR('',#2765,10.);
#566=VECTOR('',#2772,10.);
#567=VECTOR('',#2773,10.);
#568=VECTOR('',#2774,10.);
#569=VECTOR('',#2775,10.);
#570=VECTOR('',#2780,10.);
#571=VECTOR('',#2783,10.);
#572=VECTOR('',#2790,10.);
#573=VECTOR('',#2797,10.);
#574=VECTOR('',#2800,10.);
#575=VECTOR('',#2803,10.);
#576=VECTOR('',#2810,10.);
#577=VECTOR('',#2813,10.);
#578=VECTOR('',#2814,10.);
#579=VECTOR('',#2817,10.);
#580=VECTOR('',#2822,10.);
#581=VECTOR('',#2827,10.);
#582=VECTOR('',#2830,10.);
#583=VECTOR('',#2835,10.);
#584=VECTOR('',#2860,10.);
#585=VECTOR('',#2861,10.);
#586=VECTOR('',#2864,10.);
#587=VECTOR('',#2869,10.);
#588=VECTOR('',#2872,10.);
#589=VECTOR('',#2875,10.);
#590=VECTOR('',#2880,10.);
#591=VECTOR('',#2881,10.);
#592=VECTOR('',#2882,10.);
#593=VECTOR('',#2885,10.);
#594=VECTOR('',#2886,10.);
#595=VECTOR('',#2887,10.);
#596=VECTOR('',#2890,10.);
#597=VECTOR('',#2891,10.);
#598=VECTOR('',#2894,10.);
#599=VECTOR('',#2895,10.);
#600=VECTOR('',#2898,10.);
#601=VECTOR('',#2899,10.);
#602=VECTOR('',#2900,10.);
#603=VECTOR('',#2903,10.);
#604=VECTOR('',#2906,10.);
#605=VECTOR('',#2909,2.);
#606=VECTOR('',#2912,2.);
#607=VECTOR('',#2915,2.);
#608=VECTOR('',#2918,2.);
#609=VECTOR('',#2921,2.);
#610=VECTOR('',#2924,2.1);
#611=VECTOR('',#2933,2.1);
#612=VECTOR('',#2942,2.1);
#613=VECTOR('',#2951,2.1);
#614=VECTOR('',#2960,10.);
#615=VECTOR('',#2961,10.);
#616=VECTOR('',#2962,10.);
#617=VECTOR('',#2965,10.);
#618=VECTOR('',#2970,10.);
#619=VECTOR('',#2971,10.);
#620=VECTOR('',#2974,10.);
#621=VECTOR('',#2977,10.);
#622=VECTOR('',#2980,10.);
#623=VECTOR('',#2983,10.);
#624=VECTOR('',#2986,10.);
#625=VECTOR('',#2989,10.);
#626=VECTOR('',#2990,10.);
#627=VECTOR('',#2993,10.);
#628=VECTOR('',#2994,10.);
#629=VECTOR('',#2997,10.);
#630=VECTOR('',#2998,10.);
#631=VECTOR('',#3003,10.);
#632=VECTOR('',#3006,10.);
#633=VECTOR('',#3009,10.);
#634=VECTOR('',#3010,10.);
#635=VECTOR('',#3015,10.);
#636=VECTOR('',#3016,10.);
#637=VECTOR('',#3023,10.);
#638=VECTOR('',#3030,10.);
#639=VECTOR('',#3035,10.);
#640=VECTOR('',#3036,10.);
#641=VECTOR('',#3037,10.);
#642=VECTOR('',#3042,10.);
#643=VECTOR('',#3047,10.);
#644=VECTOR('',#3052,10.);
#645=VECTOR('',#3055,10.);
#646=VECTOR('',#3056,10.);
#647=VECTOR('',#3061,10.);
#648=VECTOR('',#3064,10.);
#649=VECTOR('',#3065,10.);
#650=VECTOR('',#3070,10.);
#651=VECTOR('',#3073,10.);
#652=VECTOR('',#3074,10.);
#653=VECTOR('',#3079,10.);
#654=VECTOR('',#3084,10.);
#655=VECTOR('',#3089,10.);
#656=VECTOR('',#3092,10.);
#657=VECTOR('',#3093,10.);
#658=VECTOR('',#3098,10.);
#659=VECTOR('',#3101,10.);
#660=VECTOR('',#3102,10.);
#661=VECTOR('',#3111,10.);
#662=VECTOR('',#3118,10.);
#663=VECTOR('',#3121,10.);
#664=VECTOR('',#3124,10.);
#665=VECTOR('',#3131,10.);
#666=VECTOR('',#3134,10.);
#667=VECTOR('',#3147,10.);
#668=VECTOR('',#3158,10.);
#669=VECTOR('',#3181,10.);
#670=VECTOR('',#3192,10.);
#671=VECTOR('',#3203,10.);
#672=VECTOR('',#3224,10.);
#673=VECTOR('',#3227,10.);
#674=VECTOR('',#3228,10.);
#675=VECTOR('',#3231,10.);
#676=VECTOR('',#3234,10.);
#677=VECTOR('',#3237,10.);
#678=VECTOR('',#3240,10.);
#679=VECTOR('',#3243,10.);
#680=VECTOR('',#3246,10.);
#681=VECTOR('',#3249,10.);
#682=VECTOR('',#3254,10.);
#683=VECTOR('',#3257,10.);
#684=VECTOR('',#3262,10.);
#685=VECTOR('',#3267,10.);
#686=VECTOR('',#3272,10.);
#687=VECTOR('',#3273,10.);
#688=VECTOR('',#3276,10.);
#689=VECTOR('',#3279,10.);
#690=VECTOR('',#3282,10.);
#691=VECTOR('',#3285,10.);
#692=VECTOR('',#3290,10.);
#693=CIRCLE('',#2269,3.49999999999999);
#694=CIRCLE('',#2270,3.49999999999999);
#695=CIRCLE('',#2271,3.49999999999999);
#696=CIRCLE('',#2272,3.49999999999999);
#697=CIRCLE('',#2274,2.);
#698=CIRCLE('',#2275,2.);
#699=CIRCLE('',#2277,3.5);
#700=CIRCLE('',#2278,3.5);
#701=CIRCLE('',#2279,3.5);
#702=CIRCLE('',#2280,3.5);
#703=CIRCLE('',#2282,2.);
#704=CIRCLE('',#2283,2.);
#705=CIRCLE('',#2285,3.50000000000001);
#706=CIRCLE('',#2286,3.50000000000001);
#707=CIRCLE('',#2287,3.50000000000001);
#708=CIRCLE('',#2288,3.50000000000001);
#709=CIRCLE('',#2290,2.);
#710=CIRCLE('',#2291,2.);
#711=CIRCLE('',#2293,3.50000000000001);
#712=CIRCLE('',#2294,3.50000000000001);
#713=CIRCLE('',#2295,3.50000000000001);
#714=CIRCLE('',#2296,3.50000000000001);
#715=CIRCLE('',#2298,2.);
#716=CIRCLE('',#2299,2.);
#717=CIRCLE('',#2301,3.5);
#718=CIRCLE('',#2302,3.5);
#719=CIRCLE('',#2303,3.5);
#720=CIRCLE('',#2304,3.5);
#721=CIRCLE('',#2306,2.);
#722=CIRCLE('',#2307,2.);
#723=CIRCLE('',#2309,2.1);
#724=CIRCLE('',#2310,2.1);
#725=CIRCLE('',#2311,2.1);
#726=CIRCLE('',#2312,2.1);
#727=CIRCLE('',#2315,2.1);
#728=CIRCLE('',#2316,2.1);
#729=CIRCLE('',#2317,2.1);
#730=CIRCLE('',#2318,2.1);
#731=CIRCLE('',#2321,7.50000000000002);
#732=CIRCLE('',#2322,7.50000000000002);
#733=CIRCLE('',#2324,7.50000000000002);
#734=CIRCLE('',#2325,7.50000000000002);
#735=CIRCLE('',#2327,8.75);
#736=CIRCLE('',#2328,124.473374405995);
#737=CIRCLE('',#2329,8.74999999999999);
#738=CIRCLE('',#2330,3.75);
#739=CIRCLE('',#2331,3.75);
#740=CIRCLE('',#2332,8.75);
#741=CIRCLE('',#2333,124.473374405995);
#742=CIRCLE('',#2334,8.75);
#743=CIRCLE('',#2335,3.75);
#744=CIRCLE('',#2336,3.75);
#745=CIRCLE('',#2337,6.49999999999999);
#746=CIRCLE('',#2338,6.5);
#747=CIRCLE('',#2339,2.1);
#748=CIRCLE('',#2340,2.1);
#749=CIRCLE('',#2341,2.1);
#750=CIRCLE('',#2342,2.1);
#751=CIRCLE('',#2343,2.1);
#752=CIRCLE('',#2344,2.1);
#753=CIRCLE('',#2345,2.1);
#754=CIRCLE('',#2346,2.1);
#755=CIRCLE('',#2347,126.223374405995);
#756=CIRCLE('',#2348,7.);
#757=CIRCLE('',#2349,6.5);
#758=CIRCLE('',#2350,6.49999999999999);
#759=CIRCLE('',#2351,7.);
#760=CIRCLE('',#2352,126.223374405995);
#761=CIRCLE('',#2353,126.223374405995);
#762=CIRCLE('',#2354,7.);
#763=CIRCLE('',#2355,7.);
#764=CIRCLE('',#2356,126.223374405995);
#765=CIRCLE('',#2359,126.223374405995);
#766=CIRCLE('',#2361,126.223374405995);
#767=CIRCLE('',#2363,4.);
#768=CIRCLE('',#2364,9.);
#769=CIRCLE('',#2365,124.223374405995);
#770=CIRCLE('',#2366,9.);
#771=CIRCLE('',#2367,4.);
#772=CIRCLE('',#2368,4.);
#773=CIRCLE('',#2369,9.);
#774=CIRCLE('',#2370,124.223374405995);
#775=CIRCLE('',#2371,9.);
#776=CIRCLE('',#2372,4.);
#777=CIRCLE('',#2373,3.);
#778=CIRCLE('',#2374,3.);
#779=CIRCLE('',#2375,3.);
#780=CIRCLE('',#2376,3.);
#781=CIRCLE('',#2378,3.);
#782=CIRCLE('',#2379,3.);
#783=CIRCLE('',#2380,3.);
#784=CIRCLE('',#2381,3.);
#785=CIRCLE('',#2382,2.);
#786=CIRCLE('',#2383,2.);
#787=CIRCLE('',#2384,2.);
#788=CIRCLE('',#2385,2.);
#789=CIRCLE('',#2386,2.);
#790=CIRCLE('',#2387,2.);
#791=CIRCLE('',#2388,2.);
#792=CIRCLE('',#2389,2.);
#793=CIRCLE('',#2390,2.);
#794=CIRCLE('',#2391,2.);
#795=CIRCLE('',#2403,6.5);
#796=CIRCLE('',#2404,6.49999999999999);
#797=CIRCLE('',#2412,2.1);
#798=CIRCLE('',#2413,2.1);
#799=CIRCLE('',#2416,2.1);
#800=CIRCLE('',#2417,2.1);
#801=CIRCLE('',#2420,2.1);
#802=CIRCLE('',#2421,2.1);
#803=CIRCLE('',#2424,2.1);
#804=CIRCLE('',#2425,2.1);
#805=CIRCLE('',#2429,6.5);
#806=CIRCLE('',#2435,6.49999999999999);
#807=CIRCLE('',#2446,126.223374405995);
#808=CIRCLE('',#2447,7.);
#809=CIRCLE('',#2448,7.);
#810=CIRCLE('',#2449,126.223374405995);
#811=CIRCLE('',#2450,7.);
#812=CIRCLE('',#2451,7.);
#813=CIRCLE('',#2454,8.75);
#814=CIRCLE('',#2456,124.473374405995);
#815=CIRCLE('',#2458,8.74999999999999);
#816=CIRCLE('',#2461,3.75);
#817=CIRCLE('',#2464,3.75);
#818=CIRCLE('',#2467,8.75);
#819=CIRCLE('',#2469,124.473374405995);
#820=CIRCLE('',#2471,8.75);
#821=CIRCLE('',#2474,3.75);
#822=CIRCLE('',#2477,3.75);
#823=CIRCLE('',#2479,5.);
#824=CIRCLE('',#2480,10.);
#825=CIRCLE('',#2481,123.223374405995);
#826=CIRCLE('',#2482,10.);
#827=CIRCLE('',#2483,5.);
#828=CIRCLE('',#2484,5.);
#829=CIRCLE('',#2485,10.);
#830=CIRCLE('',#2486,123.223374405995);
#831=CIRCLE('',#2487,10.);
#832=CIRCLE('',#2488,5.);
#833=CIRCLE('',#2490,1.00000000000001);
#834=CIRCLE('',#2491,1.);
#835=CIRCLE('',#2492,5.);
#836=CIRCLE('',#2494,1.);
#837=CIRCLE('',#2496,1.);
#838=CIRCLE('',#2497,5.);
#839=CIRCLE('',#2499,1.);
#840=CIRCLE('',#2501,1.);
#841=CIRCLE('',#2502,10.);
#842=CIRCLE('',#2504,1.);
#843=CIRCLE('',#2505,123.223374405995);
#844=CIRCLE('',#2507,1.);
#845=CIRCLE('',#2508,10.);
#846=CIRCLE('',#2510,1.);
#847=CIRCLE('',#2512,1.);
#848=CIRCLE('',#2513,5.);
#849=CIRCLE('',#2515,1.);
#850=CIRCLE('',#2517,1.);
#851=CIRCLE('',#2518,5.);
#852=CIRCLE('',#2520,1.);
#853=CIRCLE('',#2522,1.);
#854=CIRCLE('',#2523,10.);
#855=CIRCLE('',#2525,1.);
#856=CIRCLE('',#2526,123.223374405995);
#857=CIRCLE('',#2528,1.);
#858=CIRCLE('',#2529,10.);
#859=VERTEX_POINT('',#3295);
#860=VERTEX_POINT('',#3296);
#861=VERTEX_POINT('',#3299);
#862=VERTEX_POINT('',#3301);
#863=VERTEX_POINT('',#3305);
#864=VERTEX_POINT('',#3306);
#865=VERTEX_POINT('',#3310);
#866=VERTEX_POINT('',#3311);
#867=VERTEX_POINT('',#3314);
#868=VERTEX_POINT('',#3316);
#869=VERTEX_POINT('',#3320);
#870=VERTEX_POINT('',#3321);
#871=VERTEX_POINT('',#3325);
#872=VERTEX_POINT('',#3326);
#873=VERTEX_POINT('',#3329);
#874=VERTEX_POINT('',#3331);
#875=VERTEX_POINT('',#3335);
#876=VERTEX_POINT('',#3336);
#877=VERTEX_POINT('',#3340);
#878=VERTEX_POINT('',#3341);
#879=VERTEX_POINT('',#3344);
#880=VERTEX_POINT('',#3346);
#881=VERTEX_POINT('',#3350);
#882=VERTEX_POINT('',#3351);
#883=VERTEX_POINT('',#3355);
#884=VERTEX_POINT('',#3356);
#885=VERTEX_POINT('',#3359);
#886=VERTEX_POINT('',#3361);
#887=VERTEX_POINT('',#3365);
#888=VERTEX_POINT('',#3366);
#889=VERTEX_POINT('',#3370);
#890=VERTEX_POINT('',#3371);
#891=VERTEX_POINT('',#3374);
#892=VERTEX_POINT('',#3376);
#893=VERTEX_POINT('',#3381);
#894=VERTEX_POINT('',#3382);
#895=VERTEX_POINT('',#3385);
#896=VERTEX_POINT('',#3387);
#897=VERTEX_POINT('',#3392);
#898=VERTEX_POINT('',#3393);
#899=VERTEX_POINT('',#3395);
#900=VERTEX_POINT('',#3397);
#901=VERTEX_POINT('',#3401);
#902=VERTEX_POINT('',#3402);
#903=VERTEX_POINT('',#3404);
#904=VERTEX_POINT('',#3406);
#905=VERTEX_POINT('',#3410);
#906=VERTEX_POINT('',#3411);
#907=VERTEX_POINT('',#3413);
#908=VERTEX_POINT('',#3415);
#909=VERTEX_POINT('',#3417);
#910=VERTEX_POINT('',#3419);
#911=VERTEX_POINT('',#3421);
#912=VERTEX_POINT('',#3423);
#913=VERTEX_POINT('',#3425);
#914=VERTEX_POINT('',#3427);
#915=VERTEX_POINT('',#3429);
#916=VERTEX_POINT('',#3431);
#917=VERTEX_POINT('',#3433);
#918=VERTEX_POINT('',#3435);
#919=VERTEX_POINT('',#3437);
#920=VERTEX_POINT('',#3439);
#921=VERTEX_POINT('',#3442);
#922=VERTEX_POINT('',#3443);
#923=VERTEX_POINT('',#3445);
#924=VERTEX_POINT('',#3447);
#925=VERTEX_POINT('',#3449);
#926=VERTEX_POINT('',#3451);
#927=VERTEX_POINT('',#3453);
#928=VERTEX_POINT('',#3455);
#929=VERTEX_POINT('',#3457);
#930=VERTEX_POINT('',#3459);
#931=VERTEX_POINT('',#3462);
#932=VERTEX_POINT('',#3463);
#933=VERTEX_POINT('',#3466);
#934=VERTEX_POINT('',#3467);
#935=VERTEX_POINT('',#3470);
#936=VERTEX_POINT('',#3471);
#937=VERTEX_POINT('',#3474);
#938=VERTEX_POINT('',#3475);
#939=VERTEX_POINT('',#3478);
#940=VERTEX_POINT('',#3480);
#941=VERTEX_POINT('',#3482);
#942=VERTEX_POINT('',#3484);
#943=VERTEX_POINT('',#3486);
#944=VERTEX_POINT('',#3488);
#945=VERTEX_POINT('',#3490);
#946=VERTEX_POINT('',#3492);
#947=VERTEX_POINT('',#3494);
#948=VERTEX_POINT('',#3496);
#949=VERTEX_POINT('',#3498);
#950=VERTEX_POINT('',#3500);
#951=VERTEX_POINT('',#3503);
#952=VERTEX_POINT('',#3505);
#953=VERTEX_POINT('',#3507);
#954=VERTEX_POINT('',#3509);
#955=VERTEX_POINT('',#3511);
#956=VERTEX_POINT('',#3513);
#957=VERTEX_POINT('',#3517);
#958=VERTEX_POINT('',#3518);
#959=VERTEX_POINT('',#3520);
#960=VERTEX_POINT('',#3522);
#961=VERTEX_POINT('',#3526);
#962=VERTEX_POINT('',#3530);
#963=VERTEX_POINT('',#3534);
#964=VERTEX_POINT('',#3535);
#965=VERTEX_POINT('',#3537);
#966=VERTEX_POINT('',#3539);
#967=VERTEX_POINT('',#3541);
#968=VERTEX_POINT('',#3543);
#969=VERTEX_POINT('',#3545);
#970=VERTEX_POINT('',#3547);
#971=VERTEX_POINT('',#3549);
#972=VERTEX_POINT('',#3551);
#973=VERTEX_POINT('',#3553);
#974=VERTEX_POINT('',#3555);
#975=VERTEX_POINT('',#3557);
#976=VERTEX_POINT('',#3559);
#977=VERTEX_POINT('',#3561);
#978=VERTEX_POINT('',#3563);
#979=VERTEX_POINT('',#3566);
#980=VERTEX_POINT('',#3567);
#981=VERTEX_POINT('',#3569);
#982=VERTEX_POINT('',#3571);
#983=VERTEX_POINT('',#3574);
#984=VERTEX_POINT('',#3576);
#985=VERTEX_POINT('',#3580);
#986=VERTEX_POINT('',#3581);
#987=VERTEX_POINT('',#3583);
#988=VERTEX_POINT('',#3585);
#989=VERTEX_POINT('',#3588);
#990=VERTEX_POINT('',#3590);
#991=VERTEX_POINT('',#3593);
#992=VERTEX_POINT('',#3594);
#993=VERTEX_POINT('',#3597);
#994=VERTEX_POINT('',#3598);
#995=VERTEX_POINT('',#3601);
#996=VERTEX_POINT('',#3602);
#997=VERTEX_POINT('',#3605);
#998=VERTEX_POINT('',#3606);
#999=VERTEX_POINT('',#3609);
#1000=VERTEX_POINT('',#3610);
#1001=VERTEX_POINT('',#3627);
#1002=VERTEX_POINT('',#3629);
#1003=VERTEX_POINT('',#3633);
#1004=VERTEX_POINT('',#3635);
#1005=VERTEX_POINT('',#3639);
#1006=VERTEX_POINT('',#3643);
#1007=VERTEX_POINT('',#3645);
#1008=VERTEX_POINT('',#3647);
#1009=VERTEX_POINT('',#3649);
#1010=VERTEX_POINT('',#3651);
#1011=VERTEX_POINT('',#3653);
#1012=VERTEX_POINT('',#3655);
#1013=VERTEX_POINT('',#3671);
#1014=VERTEX_POINT('',#3673);
#1015=VERTEX_POINT('',#3678);
#1016=VERTEX_POINT('',#3680);
#1017=VERTEX_POINT('',#3685);
#1018=VERTEX_POINT('',#3687);
#1019=VERTEX_POINT('',#3692);
#1020=VERTEX_POINT('',#3694);
#1021=VERTEX_POINT('',#3699);
#1022=VERTEX_POINT('',#3701);
#1023=VERTEX_POINT('',#3705);
#1024=VERTEX_POINT('',#3709);
#1025=VERTEX_POINT('',#3719);
#1026=VERTEX_POINT('',#3721);
#1027=VERTEX_POINT('',#3725);
#1028=VERTEX_POINT('',#3729);
#1029=VERTEX_POINT('',#3741);
#1030=VERTEX_POINT('',#3746);
#1031=VERTEX_POINT('',#3750);
#1032=VERTEX_POINT('',#3753);
#1033=VERTEX_POINT('',#3755);
#1034=VERTEX_POINT('',#3759);
#1035=VERTEX_POINT('',#3763);
#1036=VERTEX_POINT('',#3765);
#1037=VERTEX_POINT('',#3769);
#1038=VERTEX_POINT('',#3773);
#1039=VERTEX_POINT('',#3777);
#1040=VERTEX_POINT('',#3781);
#1041=VERTEX_POINT('',#3785);
#1042=VERTEX_POINT('',#3789);
#1043=VERTEX_POINT('',#3793);
#1044=VERTEX_POINT('',#3797);
#1045=VERTEX_POINT('',#3801);
#1046=VERTEX_POINT('',#3805);
#1047=VERTEX_POINT('',#3809);
#1048=VERTEX_POINT('',#3813);
#1049=VERTEX_POINT('',#3817);
#1050=VERTEX_POINT('',#3821);
#1051=VERTEX_POINT('',#3827);
#1052=VERTEX_POINT('',#3828);
#1053=VERTEX_POINT('',#3830);
#1054=VERTEX_POINT('',#3832);
#1055=VERTEX_POINT('',#3834);
#1056=VERTEX_POINT('',#3836);
#1057=VERTEX_POINT('',#3838);
#1058=VERTEX_POINT('',#3840);
#1059=VERTEX_POINT('',#3842);
#1060=VERTEX_POINT('',#3844);
#1061=VERTEX_POINT('',#3846);
#1062=VERTEX_POINT('',#3848);
#1063=VERTEX_POINT('',#3850);
#1064=VERTEX_POINT('',#3852);
#1065=VERTEX_POINT('',#3854);
#1066=VERTEX_POINT('',#3856);
#1067=VERTEX_POINT('',#3860);
#1068=VERTEX_POINT('',#3862);
#1069=VERTEX_POINT('',#3866);
#1070=VERTEX_POINT('',#3870);
#1071=VERTEX_POINT('',#3874);
#1072=VERTEX_POINT('',#3878);
#1073=VERTEX_POINT('',#3882);
#1074=VERTEX_POINT('',#3886);
#1075=VERTEX_POINT('',#3890);
#1076=VERTEX_POINT('',#3894);
#1077=VERTEX_POINT('',#3898);
#1078=VERTEX_POINT('',#3902);
#1079=VERTEX_POINT('',#3906);
#1080=VERTEX_POINT('',#3910);
#1081=VERTEX_POINT('',#3914);
#1082=VERTEX_POINT('',#3918);
#1083=EDGE_CURVE('',#859,#860,#693,.T.);
#1084=EDGE_CURVE('',#860,#859,#694,.T.);
#1085=EDGE_CURVE('',#860,#861,#369,.T.);
#1086=EDGE_CURVE('',#862,#861,#695,.T.);
#1087=EDGE_CURVE('',#861,#862,#696,.T.);
#1088=EDGE_CURVE('',#863,#864,#697,.T.);
#1089=EDGE_CURVE('',#864,#863,#698,.T.);
#1090=EDGE_CURVE('',#865,#866,#699,.T.);
#1091=EDGE_CURVE('',#866,#865,#700,.T.);
#1092=EDGE_CURVE('',#866,#867,#370,.T.);
#1093=EDGE_CURVE('',#868,#867,#701,.T.);
#1094=EDGE_CURVE('',#867,#868,#702,.T.);
#1095=EDGE_CURVE('',#869,#870,#703,.T.);
#1096=EDGE_CURVE('',#870,#869,#704,.T.);
#1097=EDGE_CURVE('',#871,#872,#705,.T.);
#1098=EDGE_CURVE('',#872,#871,#706,.T.);
#1099=EDGE_CURVE('',#872,#873,#371,.T.);
#1100=EDGE_CURVE('',#874,#873,#707,.T.);
#1101=EDGE_CURVE('',#873,#874,#708,.T.);
#1102=EDGE_CURVE('',#875,#876,#709,.T.);
#1103=EDGE_CURVE('',#876,#875,#710,.T.);
#1104=EDGE_CURVE('',#877,#878,#711,.T.);
#1105=EDGE_CURVE('',#878,#877,#712,.T.);
#1106=EDGE_CURVE('',#878,#879,#372,.T.);
#1107=EDGE_CURVE('',#880,#879,#713,.T.);
#1108=EDGE_CURVE('',#879,#880,#714,.T.);
#1109=EDGE_CURVE('',#881,#882,#715,.T.);
#1110=EDGE_CURVE('',#882,#881,#716,.T.);
#1111=EDGE_CURVE('',#883,#884,#717,.T.);
#1112=EDGE_CURVE('',#884,#883,#718,.T.);
#1113=EDGE_CURVE('',#884,#885,#373,.T.);
#1114=EDGE_CURVE('',#886,#885,#719,.T.);
#1115=EDGE_CURVE('',#885,#886,#720,.T.);
#1116=EDGE_CURVE('',#887,#888,#721,.T.);
#1117=EDGE_CURVE('',#888,#887,#722,.T.);
#1118=EDGE_CURVE('',#889,#890,#723,.T.);
#1119=EDGE_CURVE('',#890,#889,#724,.T.);
#1120=EDGE_CURVE('',#890,#891,#374,.T.);
#1121=EDGE_CURVE('',#891,#892,#725,.T.);
#1122=EDGE_CURVE('',#892,#891,#726,.T.);
#1123=EDGE_CURVE('',#893,#894,#727,.T.);
#1124=EDGE_CURVE('',#894,#893,#728,.T.);
#1125=EDGE_CURVE('',#894,#895,#375,.T.);
#1126=EDGE_CURVE('',#895,#896,#729,.T.);
#1127=EDGE_CURVE('',#896,#895,#730,.T.);
#1128=EDGE_CURVE('',#897,#898,#731,.T.);
#1129=EDGE_CURVE('',#899,#897,#376,.T.);
#1130=EDGE_CURVE('',#900,#899,#732,.T.);
#1131=EDGE_CURVE('',#898,#900,#377,.T.);
#1132=EDGE_CURVE('',#901,#902,#733,.T.);
#1133=EDGE_CURVE('',#903,#901,#378,.T.);
#1134=EDGE_CURVE('',#904,#903,#734,.T.);
#1135=EDGE_CURVE('',#902,#904,#379,.T.);
#1136=EDGE_CURVE('',#905,#906,#380,.T.);
#1137=EDGE_CURVE('',#906,#907,#735,.T.);
#1138=EDGE_CURVE('',#907,#908,#736,.T.);
#1139=EDGE_CURVE('',#908,#909,#737,.T.);
#1140=EDGE_CURVE('',#909,#910,#381,.T.);
#1141=EDGE_CURVE('',#910,#911,#738,.T.);
#1142=EDGE_CURVE('',#911,#912,#382,.T.);
#1143=EDGE_CURVE('',#912,#913,#739,.T.);
#1144=EDGE_CURVE('',#913,#914,#383,.T.);
#1145=EDGE_CURVE('',#914,#915,#740,.T.);
#1146=EDGE_CURVE('',#915,#916,#741,.T.);
#1147=EDGE_CURVE('',#916,#917,#742,.T.);
#1148=EDGE_CURVE('',#917,#918,#384,.T.);
#1149=EDGE_CURVE('',#918,#919,#743,.T.);
#1150=EDGE_CURVE('',#919,#920,#385,.T.);
#1151=EDGE_CURVE('',#920,#905,#744,.T.);
#1152=EDGE_CURVE('',#921,#922,#386,.T.);
#1153=EDGE_CURVE('',#923,#922,#387,.T.);
#1154=EDGE_CURVE('',#924,#923,#745,.T.);
#1155=EDGE_CURVE('',#925,#924,#388,.T.);
#1156=EDGE_CURVE('',#925,#926,#389,.T.);
#1157=EDGE_CURVE('',#927,#926,#390,.T.);
#1158=EDGE_CURVE('',#928,#927,#746,.T.);
#1159=EDGE_CURVE('',#929,#928,#391,.T.);
#1160=EDGE_CURVE('',#929,#930,#392,.T.);
#1161=EDGE_CURVE('',#921,#930,#393,.T.);
#1162=EDGE_CURVE('',#931,#932,#747,.T.);
#1163=EDGE_CURVE('',#932,#931,#748,.T.);
#1164=EDGE_CURVE('',#933,#934,#749,.T.);
#1165=EDGE_CURVE('',#934,#933,#750,.T.);
#1166=EDGE_CURVE('',#935,#936,#751,.T.);
#1167=EDGE_CURVE('',#936,#935,#752,.T.);
#1168=EDGE_CURVE('',#937,#938,#753,.T.);
#1169=EDGE_CURVE('',#938,#937,#754,.T.);
#1170=EDGE_CURVE('',#903,#939,#755,.T.);
#1171=EDGE_CURVE('',#939,#940,#756,.T.);
#1172=EDGE_CURVE('',#940,#941,#394,.T.);
#1173=EDGE_CURVE('',#942,#941,#395,.T.);
#1174=EDGE_CURVE('',#943,#942,#757,.T.);
#1175=EDGE_CURVE('',#944,#943,#396,.T.);
#1176=EDGE_CURVE('',#944,#945,#397,.T.);
#1177=EDGE_CURVE('',#946,#945,#398,.T.);
#1178=EDGE_CURVE('',#947,#946,#758,.T.);
#1179=EDGE_CURVE('',#948,#947,#399,.T.);
#1180=EDGE_CURVE('',#948,#949,#400,.T.);
#1181=EDGE_CURVE('',#949,#950,#759,.T.);
#1182=EDGE_CURVE('',#950,#900,#760,.T.);
#1183=EDGE_CURVE('',#899,#951,#761,.T.);
#1184=EDGE_CURVE('',#951,#952,#762,.T.);
#1185=EDGE_CURVE('',#952,#953,#401,.T.);
#1186=EDGE_CURVE('',#954,#953,#402,.T.);
#1187=EDGE_CURVE('',#954,#955,#403,.T.);
#1188=EDGE_CURVE('',#955,#956,#763,.T.);
#1189=EDGE_CURVE('',#956,#904,#764,.T.);
#1190=EDGE_CURVE('',#957,#958,#404,.T.);
#1191=EDGE_CURVE('',#959,#958,#405,.T.);
#1192=EDGE_CURVE('',#960,#959,#406,.T.);
#1193=EDGE_CURVE('',#960,#957,#407,.T.);
#1194=EDGE_CURVE('',#897,#961,#765,.T.);
#1195=EDGE_CURVE('',#961,#951,#408,.T.);
#1196=EDGE_CURVE('',#956,#962,#409,.T.);
#1197=EDGE_CURVE('',#962,#902,#766,.T.);
#1198=EDGE_CURVE('',#963,#964,#767,.T.);
#1199=EDGE_CURVE('',#965,#963,#410,.T.);
#1200=EDGE_CURVE('',#966,#965,#768,.T.);
#1201=EDGE_CURVE('',#967,#966,#769,.T.);
#1202=EDGE_CURVE('',#968,#967,#770,.T.);
#1203=EDGE_CURVE('',#969,#968,#411,.T.);
#1204=EDGE_CURVE('',#970,#969,#771,.T.);
#1205=EDGE_CURVE('',#971,#970,#412,.T.);
#1206=EDGE_CURVE('',#972,#971,#772,.T.);
#1207=EDGE_CURVE('',#973,#972,#413,.T.);
#1208=EDGE_CURVE('',#974,#973,#773,.T.);
#1209=EDGE_CURVE('',#975,#974,#774,.T.);
#1210=EDGE_CURVE('',#976,#975,#775,.T.);
#1211=EDGE_CURVE('',#977,#976,#414,.T.);
#1212=EDGE_CURVE('',#978,#977,#776,.T.);
#1213=EDGE_CURVE('',#964,#978,#415,.T.);
#1214=EDGE_CURVE('',#979,#980,#416,.T.);
#1215=EDGE_CURVE('',#980,#981,#777,.T.);
#1216=EDGE_CURVE('',#981,#982,#417,.T.);
#1217=EDGE_CURVE('',#982,#960,#778,.T.);
#1218=EDGE_CURVE('',#959,#983,#779,.T.);
#1219=EDGE_CURVE('',#983,#984,#418,.T.);
#1220=EDGE_CURVE('',#984,#979,#780,.T.);
#1221=EDGE_CURVE('',#985,#986,#419,.T.);
#1222=EDGE_CURVE('',#987,#985,#781,.T.);
#1223=EDGE_CURVE('',#988,#987,#420,.T.);
#1224=EDGE_CURVE('',#958,#988,#782,.T.);
#1225=EDGE_CURVE('',#989,#957,#783,.T.);
#1226=EDGE_CURVE('',#990,#989,#421,.T.);
#1227=EDGE_CURVE('',#986,#990,#784,.T.);
#1228=EDGE_CURVE('',#991,#992,#785,.T.);
#1229=EDGE_CURVE('',#992,#991,#786,.T.);
#1230=EDGE_CURVE('',#993,#994,#787,.T.);
#1231=EDGE_CURVE('',#994,#993,#788,.T.);
#1232=EDGE_CURVE('',#995,#996,#789,.T.);
#1233=EDGE_CURVE('',#996,#995,#790,.T.);
#1234=EDGE_CURVE('',#997,#998,#791,.T.);
#1235=EDGE_CURVE('',#998,#997,#792,.T.);
#1236=EDGE_CURVE('',#999,#1000,#793,.T.);
#1237=EDGE_CURVE('',#1000,#999,#794,.T.);
#1238=EDGE_CURVE('',#984,#987,#422,.T.);
#1239=EDGE_CURVE('',#979,#985,#423,.T.);
#1240=EDGE_CURVE('',#983,#988,#424,.T.);
#1241=EDGE_CURVE('',#982,#989,#425,.T.);
#1242=EDGE_CURVE('',#981,#990,#426,.T.);
#1243=EDGE_CURVE('',#980,#986,#427,.T.);
#1244=EDGE_CURVE('',#1001,#930,#428,.T.);
#1245=EDGE_CURVE('',#1002,#1001,#429,.T.);
#1246=EDGE_CURVE('',#921,#1002,#430,.T.);
#1247=EDGE_CURVE('',#1003,#953,#431,.T.);
#1248=EDGE_CURVE('',#1004,#1003,#432,.T.);
#1249=EDGE_CURVE('',#954,#1004,#433,.T.);
#1250=EDGE_CURVE('',#1002,#1005,#434,.T.);
#1251=EDGE_CURVE('',#1005,#922,#435,.T.);
#1252=EDGE_CURVE('',#1006,#1001,#436,.T.);
#1253=EDGE_CURVE('',#1006,#1007,#437,.T.);
#1254=EDGE_CURVE('',#1007,#1008,#795,.T.);
#1255=EDGE_CURVE('',#1008,#1009,#438,.T.);
#1256=EDGE_CURVE('',#1010,#1009,#439,.T.);
#1257=EDGE_CURVE('',#1010,#1011,#440,.T.);
#1258=EDGE_CURVE('',#1011,#1012,#796,.T.);
#1259=EDGE_CURVE('',#1012,#1005,#441,.T.);
#1260=EDGE_CURVE('',#929,#1006,#442,.T.);
#1261=EDGE_CURVE('',#992,#864,#443,.T.);
#1262=EDGE_CURVE('',#994,#870,#444,.T.);
#1263=EDGE_CURVE('',#996,#888,#445,.T.);
#1264=EDGE_CURVE('',#998,#882,#446,.T.);
#1265=EDGE_CURVE('',#1000,#876,#447,.T.);
#1266=EDGE_CURVE('',#932,#1013,#448,.T.);
#1267=EDGE_CURVE('',#1013,#1014,#797,.T.);
#1268=EDGE_CURVE('',#1014,#1013,#798,.T.);
#1269=EDGE_CURVE('',#934,#1015,#449,.T.);
#1270=EDGE_CURVE('',#1015,#1016,#799,.T.);
#1271=EDGE_CURVE('',#1016,#1015,#800,.T.);
#1272=EDGE_CURVE('',#936,#1017,#450,.T.);
#1273=EDGE_CURVE('',#1017,#1018,#801,.T.);
#1274=EDGE_CURVE('',#1018,#1017,#802,.T.);
#1275=EDGE_CURVE('',#938,#1019,#451,.T.);
#1276=EDGE_CURVE('',#1019,#1020,#803,.T.);
#1277=EDGE_CURVE('',#1020,#1019,#804,.T.);
#1278=EDGE_CURVE('',#1021,#943,#452,.T.);
#1279=EDGE_CURVE('',#1022,#1021,#453,.T.);
#1280=EDGE_CURVE('',#944,#1022,#454,.T.);
#1281=EDGE_CURVE('',#1023,#942,#455,.T.);
#1282=EDGE_CURVE('',#1021,#1023,#805,.T.);
#1283=EDGE_CURVE('',#1024,#941,#456,.T.);
#1284=EDGE_CURVE('',#1023,#1024,#457,.T.);
#1285=EDGE_CURVE('',#1012,#923,#458,.T.);
#1286=EDGE_CURVE('',#1011,#924,#459,.T.);
#1287=EDGE_CURVE('',#925,#1010,#460,.T.);
#1288=EDGE_CURVE('',#1025,#946,#461,.T.);
#1289=EDGE_CURVE('',#1026,#1025,#806,.T.);
#1290=EDGE_CURVE('',#1026,#947,#462,.T.);
#1291=EDGE_CURVE('',#1027,#945,#463,.T.);
#1292=EDGE_CURVE('',#1025,#1027,#464,.T.);
#1293=EDGE_CURVE('',#1028,#1026,#465,.T.);
#1294=EDGE_CURVE('',#948,#1028,#466,.T.);
#1295=EDGE_CURVE('',#1008,#927,#467,.T.);
#1296=EDGE_CURVE('',#1007,#928,#468,.T.);
#1297=EDGE_CURVE('',#1009,#926,#469,.T.);
#1298=EDGE_CURVE('',#1022,#1027,#470,.T.);
#1299=EDGE_CURVE('',#1028,#1029,#471,.T.);
#1300=EDGE_CURVE('',#1029,#949,#472,.T.);
#1301=EDGE_CURVE('',#1004,#1030,#473,.T.);
#1302=EDGE_CURVE('',#1030,#955,#474,.T.);
#1303=EDGE_CURVE('',#1031,#898,#807,.T.);
#1304=EDGE_CURVE('',#1029,#1031,#808,.T.);
#1305=EDGE_CURVE('',#1032,#1024,#475,.T.);
#1306=EDGE_CURVE('',#1033,#1032,#809,.T.);
#1307=EDGE_CURVE('',#901,#1033,#810,.T.);
#1308=EDGE_CURVE('',#1030,#962,#811,.T.);
#1309=EDGE_CURVE('',#1034,#1003,#476,.T.);
#1310=EDGE_CURVE('',#961,#1034,#812,.T.);
#1311=EDGE_CURVE('',#905,#1035,#477,.T.);
#1312=EDGE_CURVE('',#1036,#1035,#478,.T.);
#1313=EDGE_CURVE('',#906,#1036,#479,.T.);
#1314=EDGE_CURVE('',#1037,#1036,#813,.T.);
#1315=EDGE_CURVE('',#907,#1037,#480,.T.);
#1316=EDGE_CURVE('',#1038,#1037,#814,.T.);
#1317=EDGE_CURVE('',#908,#1038,#481,.T.);
#1318=EDGE_CURVE('',#1039,#1038,#815,.T.);
#1319=EDGE_CURVE('',#909,#1039,#482,.T.);
#1320=EDGE_CURVE('',#1040,#1039,#483,.T.);
#1321=EDGE_CURVE('',#910,#1040,#484,.T.);
#1322=EDGE_CURVE('',#1041,#1040,#816,.T.);
#1323=EDGE_CURVE('',#911,#1041,#485,.T.);
#1324=EDGE_CURVE('',#1042,#1041,#486,.T.);
#1325=EDGE_CURVE('',#912,#1042,#487,.T.);
#1326=EDGE_CURVE('',#1043,#1042,#817,.T.);
#1327=EDGE_CURVE('',#913,#1043,#488,.T.);
#1328=EDGE_CURVE('',#1044,#1043,#489,.T.);
#1329=EDGE_CURVE('',#914,#1044,#490,.T.);
#1330=EDGE_CURVE('',#1045,#1044,#818,.T.);
#1331=EDGE_CURVE('',#915,#1045,#491,.T.);
#1332=EDGE_CURVE('',#1046,#1045,#819,.T.);
#1333=EDGE_CURVE('',#916,#1046,#492,.T.);
#1334=EDGE_CURVE('',#1047,#1046,#820,.T.);
#1335=EDGE_CURVE('',#917,#1047,#493,.T.);
#1336=EDGE_CURVE('',#1048,#1047,#494,.T.);
#1337=EDGE_CURVE('',#918,#1048,#495,.T.);
#1338=EDGE_CURVE('',#1049,#1048,#821,.T.);
#1339=EDGE_CURVE('',#919,#1049,#496,.T.);
#1340=EDGE_CURVE('',#1050,#1049,#497,.T.);
#1341=EDGE_CURVE('',#920,#1050,#498,.T.);
#1342=EDGE_CURVE('',#1035,#1050,#822,.T.);
#1343=EDGE_CURVE('',#1051,#1052,#823,.T.);
#1344=EDGE_CURVE('',#1052,#1053,#499,.T.);
#1345=EDGE_CURVE('',#1053,#1054,#824,.T.);
#1346=EDGE_CURVE('',#1054,#1055,#825,.T.);
#1347=EDGE_CURVE('',#1055,#1056,#826,.T.);
#1348=EDGE_CURVE('',#1056,#1057,#500,.T.);
#1349=EDGE_CURVE('',#1057,#1058,#827,.T.);
#1350=EDGE_CURVE('',#1058,#1059,#501,.T.);
#1351=EDGE_CURVE('',#1059,#1060,#828,.T.);
#1352=EDGE_CURVE('',#1060,#1061,#502,.T.);
#1353=EDGE_CURVE('',#1061,#1062,#829,.T.);
#1354=EDGE_CURVE('',#1062,#1063,#830,.T.);
#1355=EDGE_CURVE('',#1063,#1064,#831,.T.);
#1356=EDGE_CURVE('',#1064,#1065,#503,.T.);
#1357=EDGE_CURVE('',#1065,#1066,#832,.T.);
#1358=EDGE_CURVE('',#1066,#1051,#504,.T.);
#1359=EDGE_CURVE('',#1067,#963,#833,.T.);
#1360=EDGE_CURVE('',#964,#1068,#834,.T.);
#1361=EDGE_CURVE('',#1068,#1067,#835,.T.);
#1362=EDGE_CURVE('',#978,#1069,#836,.T.);
#1363=EDGE_CURVE('',#1069,#1068,#505,.T.);
#1364=EDGE_CURVE('',#977,#1070,#837,.T.);
#1365=EDGE_CURVE('',#1070,#1069,#838,.T.);
#1366=EDGE_CURVE('',#976,#1071,#839,.T.);
#1367=EDGE_CURVE('',#1071,#1070,#506,.T.);
#1368=EDGE_CURVE('',#975,#1072,#840,.T.);
#1369=EDGE_CURVE('',#1072,#1071,#841,.T.);
#1370=EDGE_CURVE('',#974,#1073,#842,.T.);
#1371=EDGE_CURVE('',#1073,#1072,#843,.T.);
#1372=EDGE_CURVE('',#973,#1074,#844,.T.);
#1373=EDGE_CURVE('',#1074,#1073,#845,.T.);
#1374=EDGE_CURVE('',#972,#1075,#846,.T.);
#1375=EDGE_CURVE('',#1075,#1074,#507,.T.);
#1376=EDGE_CURVE('',#971,#1076,#847,.T.);
#1377=EDGE_CURVE('',#1076,#1075,#848,.T.);
#1378=EDGE_CURVE('',#970,#1077,#849,.T.);
#1379=EDGE_CURVE('',#1077,#1076,#508,.T.);
#1380=EDGE_CURVE('',#969,#1078,#850,.T.);
#1381=EDGE_CURVE('',#1078,#1077,#851,.T.);
#1382=EDGE_CURVE('',#968,#1079,#852,.T.);
#1383=EDGE_CURVE('',#1079,#1078,#509,.T.);
#1384=EDGE_CURVE('',#967,#1080,#853,.T.);
#1385=EDGE_CURVE('',#1080,#1079,#854,.T.);
#1386=EDGE_CURVE('',#966,#1081,#855,.T.);
#1387=EDGE_CURVE('',#1081,#1080,#856,.T.);
#1388=EDGE_CURVE('',#965,#1082,#857,.T.);
#1389=EDGE_CURVE('',#1082,#1081,#858,.T.);
#1390=EDGE_CURVE('',#1067,#1082,#510,.T.);
#1391=EDGE_CURVE('',#1059,#1077,#511,.T.);
#1392=EDGE_CURVE('',#1076,#1058,#512,.T.);
#1393=EDGE_CURVE('',#1078,#1060,#513,.T.);
#1394=EDGE_CURVE('',#1061,#1079,#514,.T.);
#1395=EDGE_CURVE('',#1080,#1062,#515,.T.);
#1396=EDGE_CURVE('',#1063,#1081,#516,.T.);
#1397=EDGE_CURVE('',#1082,#1064,#517,.T.);
#1398=EDGE_CURVE('',#1065,#1067,#518,.T.);
#1399=EDGE_CURVE('',#1068,#1066,#519,.T.);
#1400=EDGE_CURVE('',#1033,#939,#520,.T.);
#1401=EDGE_CURVE('',#940,#1032,#521,.T.);
#1402=EDGE_CURVE('',#950,#1031,#522,.T.);
#1403=EDGE_CURVE('',#952,#1034,#523,.T.);
#1404=EDGE_CURVE('',#1074,#1056,#524,.T.);
#1405=EDGE_CURVE('',#1055,#1073,#525,.T.);
#1406=EDGE_CURVE('',#1072,#1054,#526,.T.);
#1407=EDGE_CURVE('',#1053,#1071,#527,.T.);
#1408=EDGE_CURVE('',#1070,#1052,#528,.T.);
#1409=EDGE_CURVE('',#1057,#1075,#529,.T.);
#1410=EDGE_CURVE('',#1051,#1069,#530,.T.);
#1411=ORIENTED_EDGE('',*,*,#1083,.F.);
#1412=ORIENTED_EDGE('',*,*,#1084,.F.);
#1413=ORIENTED_EDGE('',*,*,#1085,.T.);
#1414=ORIENTED_EDGE('',*,*,#1086,.F.);
#1415=ORIENTED_EDGE('',*,*,#1087,.F.);
#1416=ORIENTED_EDGE('',*,*,#1085,.F.);
#1417=ORIENTED_EDGE('',*,*,#1083,.T.);
#1418=ORIENTED_EDGE('',*,*,#1084,.T.);
#1419=ORIENTED_EDGE('',*,*,#1088,.T.);
#1420=ORIENTED_EDGE('',*,*,#1089,.T.);
#1421=ORIENTED_EDGE('',*,*,#1090,.F.);
#1422=ORIENTED_EDGE('',*,*,#1091,.F.);
#1423=ORIENTED_EDGE('',*,*,#1092,.T.);
#1424=ORIENTED_EDGE('',*,*,#1093,.F.);
#1425=ORIENTED_EDGE('',*,*,#1094,.F.);
#1426=ORIENTED_EDGE('',*,*,#1092,.F.);
#1427=ORIENTED_EDGE('',*,*,#1090,.T.);
#1428=ORIENTED_EDGE('',*,*,#1091,.T.);
#1429=ORIENTED_EDGE('',*,*,#1095,.T.);
#1430=ORIENTED_EDGE('',*,*,#1096,.T.);
#1431=ORIENTED_EDGE('',*,*,#1097,.F.);
#1432=ORIENTED_EDGE('',*,*,#1098,.F.);
#1433=ORIENTED_EDGE('',*,*,#1099,.T.);
#1434=ORIENTED_EDGE('',*,*,#1100,.F.);
#1435=ORIENTED_EDGE('',*,*,#1101,.F.);
#1436=ORIENTED_EDGE('',*,*,#1099,.F.);
#1437=ORIENTED_EDGE('',*,*,#1097,.T.);
#1438=ORIENTED_EDGE('',*,*,#1098,.T.);
#1439=ORIENTED_EDGE('',*,*,#1102,.T.);
#1440=ORIENTED_EDGE('',*,*,#1103,.T.);
#1441=ORIENTED_EDGE('',*,*,#1104,.F.);
#1442=ORIENTED_EDGE('',*,*,#1105,.F.);
#1443=ORIENTED_EDGE('',*,*,#1106,.T.);
#1444=ORIENTED_EDGE('',*,*,#1107,.F.);
#1445=ORIENTED_EDGE('',*,*,#1108,.F.);
#1446=ORIENTED_EDGE('',*,*,#1106,.F.);
#1447=ORIENTED_EDGE('',*,*,#1104,.T.);
#1448=ORIENTED_EDGE('',*,*,#1105,.T.);
#1449=ORIENTED_EDGE('',*,*,#1109,.T.);
#1450=ORIENTED_EDGE('',*,*,#1110,.T.);
#1451=ORIENTED_EDGE('',*,*,#1111,.F.);
#1452=ORIENTED_EDGE('',*,*,#1112,.F.);
#1453=ORIENTED_EDGE('',*,*,#1113,.T.);
#1454=ORIENTED_EDGE('',*,*,#1114,.F.);
#1455=ORIENTED_EDGE('',*,*,#1115,.F.);
#1456=ORIENTED_EDGE('',*,*,#1113,.F.);
#1457=ORIENTED_EDGE('',*,*,#1111,.T.);
#1458=ORIENTED_EDGE('',*,*,#1112,.T.);
#1459=ORIENTED_EDGE('',*,*,#1116,.T.);
#1460=ORIENTED_EDGE('',*,*,#1117,.T.);
#1461=ORIENTED_EDGE('',*,*,#1118,.F.);
#1462=ORIENTED_EDGE('',*,*,#1119,.F.);
#1463=ORIENTED_EDGE('',*,*,#1120,.T.);
#1464=ORIENTED_EDGE('',*,*,#1121,.T.);
#1465=ORIENTED_EDGE('',*,*,#1122,.T.);
#1466=ORIENTED_EDGE('',*,*,#1120,.F.);
#1467=ORIENTED_EDGE('',*,*,#1122,.F.);
#1468=ORIENTED_EDGE('',*,*,#1121,.F.);
#1469=ORIENTED_EDGE('',*,*,#1123,.F.);
#1470=ORIENTED_EDGE('',*,*,#1124,.F.);
#1471=ORIENTED_EDGE('',*,*,#1125,.T.);
#1472=ORIENTED_EDGE('',*,*,#1126,.T.);
#1473=ORIENTED_EDGE('',*,*,#1127,.T.);
#1474=ORIENTED_EDGE('',*,*,#1125,.F.);
#1475=ORIENTED_EDGE('',*,*,#1127,.F.);
#1476=ORIENTED_EDGE('',*,*,#1126,.F.);
#1477=ORIENTED_EDGE('',*,*,#1128,.F.);
#1478=ORIENTED_EDGE('',*,*,#1129,.F.);
#1479=ORIENTED_EDGE('',*,*,#1130,.F.);
#1480=ORIENTED_EDGE('',*,*,#1131,.F.);
#1481=ORIENTED_EDGE('',*,*,#1132,.F.);
#1482=ORIENTED_EDGE('',*,*,#1133,.F.);
#1483=ORIENTED_EDGE('',*,*,#1134,.F.);
#1484=ORIENTED_EDGE('',*,*,#1135,.F.);
#1485=ORIENTED_EDGE('',*,*,#1136,.T.);
#1486=ORIENTED_EDGE('',*,*,#1137,.T.);
#1487=ORIENTED_EDGE('',*,*,#1138,.T.);
#1488=ORIENTED_EDGE('',*,*,#1139,.T.);
#1489=ORIENTED_EDGE('',*,*,#1140,.T.);
#1490=ORIENTED_EDGE('',*,*,#1141,.T.);
#1491=ORIENTED_EDGE('',*,*,#1142,.T.);
#1492=ORIENTED_EDGE('',*,*,#1143,.T.);
#1493=ORIENTED_EDGE('',*,*,#1144,.T.);
#1494=ORIENTED_EDGE('',*,*,#1145,.T.);
#1495=ORIENTED_EDGE('',*,*,#1146,.T.);
#1496=ORIENTED_EDGE('',*,*,#1147,.T.);
#1497=ORIENTED_EDGE('',*,*,#1148,.T.);
#1498=ORIENTED_EDGE('',*,*,#1149,.T.);
#1499=ORIENTED_EDGE('',*,*,#1150,.T.);
#1500=ORIENTED_EDGE('',*,*,#1151,.T.);
#1501=ORIENTED_EDGE('',*,*,#1118,.T.);
#1502=ORIENTED_EDGE('',*,*,#1119,.T.);
#1503=ORIENTED_EDGE('',*,*,#1123,.T.);
#1504=ORIENTED_EDGE('',*,*,#1124,.T.);
#1505=ORIENTED_EDGE('',*,*,#1152,.T.);
#1506=ORIENTED_EDGE('',*,*,#1153,.F.);
#1507=ORIENTED_EDGE('',*,*,#1154,.F.);
#1508=ORIENTED_EDGE('',*,*,#1155,.F.);
#1509=ORIENTED_EDGE('',*,*,#1156,.T.);
#1510=ORIENTED_EDGE('',*,*,#1157,.F.);
#1511=ORIENTED_EDGE('',*,*,#1158,.F.);
#1512=ORIENTED_EDGE('',*,*,#1159,.F.);
#1513=ORIENTED_EDGE('',*,*,#1160,.T.);
#1514=ORIENTED_EDGE('',*,*,#1161,.F.);
#1515=ORIENTED_EDGE('',*,*,#1162,.T.);
#1516=ORIENTED_EDGE('',*,*,#1163,.T.);
#1517=ORIENTED_EDGE('',*,*,#1164,.T.);
#1518=ORIENTED_EDGE('',*,*,#1165,.T.);
#1519=ORIENTED_EDGE('',*,*,#1166,.T.);
#1520=ORIENTED_EDGE('',*,*,#1167,.T.);
#1521=ORIENTED_EDGE('',*,*,#1168,.T.);
#1522=ORIENTED_EDGE('',*,*,#1169,.T.);
#1523=ORIENTED_EDGE('',*,*,#1134,.T.);
#1524=ORIENTED_EDGE('',*,*,#1170,.T.);
#1525=ORIENTED_EDGE('',*,*,#1171,.T.);
#1526=ORIENTED_EDGE('',*,*,#1172,.T.);
#1527=ORIENTED_EDGE('',*,*,#1173,.F.);
#1528=ORIENTED_EDGE('',*,*,#1174,.F.);
#1529=ORIENTED_EDGE('',*,*,#1175,.F.);
#1530=ORIENTED_EDGE('',*,*,#1176,.T.);
#1531=ORIENTED_EDGE('',*,*,#1177,.F.);
#1532=ORIENTED_EDGE('',*,*,#1178,.F.);
#1533=ORIENTED_EDGE('',*,*,#1179,.F.);
#1534=ORIENTED_EDGE('',*,*,#1180,.T.);
#1535=ORIENTED_EDGE('',*,*,#1181,.T.);
#1536=ORIENTED_EDGE('',*,*,#1182,.T.);
#1537=ORIENTED_EDGE('',*,*,#1130,.T.);
#1538=ORIENTED_EDGE('',*,*,#1183,.T.);
#1539=ORIENTED_EDGE('',*,*,#1184,.T.);
#1540=ORIENTED_EDGE('',*,*,#1185,.T.);
#1541=ORIENTED_EDGE('',*,*,#1186,.F.);
#1542=ORIENTED_EDGE('',*,*,#1187,.T.);
#1543=ORIENTED_EDGE('',*,*,#1188,.T.);
#1544=ORIENTED_EDGE('',*,*,#1189,.T.);
#1545=ORIENTED_EDGE('',*,*,#1190,.T.);
#1546=ORIENTED_EDGE('',*,*,#1191,.F.);
#1547=ORIENTED_EDGE('',*,*,#1192,.F.);
#1548=ORIENTED_EDGE('',*,*,#1193,.T.);
#1549=ORIENTED_EDGE('',*,*,#1129,.T.);
#1550=ORIENTED_EDGE('',*,*,#1194,.T.);
#1551=ORIENTED_EDGE('',*,*,#1195,.T.);
#1552=ORIENTED_EDGE('',*,*,#1183,.F.);
#1553=ORIENTED_EDGE('',*,*,#1135,.T.);
#1554=ORIENTED_EDGE('',*,*,#1189,.F.);
#1555=ORIENTED_EDGE('',*,*,#1196,.T.);
#1556=ORIENTED_EDGE('',*,*,#1197,.T.);
#1557=ORIENTED_EDGE('',*,*,#1198,.F.);
#1558=ORIENTED_EDGE('',*,*,#1199,.F.);
#1559=ORIENTED_EDGE('',*,*,#1200,.F.);
#1560=ORIENTED_EDGE('',*,*,#1201,.F.);
#1561=ORIENTED_EDGE('',*,*,#1202,.F.);
#1562=ORIENTED_EDGE('',*,*,#1203,.F.);
#1563=ORIENTED_EDGE('',*,*,#1204,.F.);
#1564=ORIENTED_EDGE('',*,*,#1205,.F.);
#1565=ORIENTED_EDGE('',*,*,#1206,.F.);
#1566=ORIENTED_EDGE('',*,*,#1207,.F.);
#1567=ORIENTED_EDGE('',*,*,#1208,.F.);
#1568=ORIENTED_EDGE('',*,*,#1209,.F.);
#1569=ORIENTED_EDGE('',*,*,#1210,.F.);
#1570=ORIENTED_EDGE('',*,*,#1211,.F.);
#1571=ORIENTED_EDGE('',*,*,#1212,.F.);
#1572=ORIENTED_EDGE('',*,*,#1213,.F.);
#1573=ORIENTED_EDGE('',*,*,#1214,.T.);
#1574=ORIENTED_EDGE('',*,*,#1215,.T.);
#1575=ORIENTED_EDGE('',*,*,#1216,.T.);
#1576=ORIENTED_EDGE('',*,*,#1217,.T.);
#1577=ORIENTED_EDGE('',*,*,#1192,.T.);
#1578=ORIENTED_EDGE('',*,*,#1218,.T.);
#1579=ORIENTED_EDGE('',*,*,#1219,.T.);
#1580=ORIENTED_EDGE('',*,*,#1220,.T.);
#1581=ORIENTED_EDGE('',*,*,#1221,.F.);
#1582=ORIENTED_EDGE('',*,*,#1222,.F.);
#1583=ORIENTED_EDGE('',*,*,#1223,.F.);
#1584=ORIENTED_EDGE('',*,*,#1224,.F.);
#1585=ORIENTED_EDGE('',*,*,#1190,.F.);
#1586=ORIENTED_EDGE('',*,*,#1225,.F.);
#1587=ORIENTED_EDGE('',*,*,#1226,.F.);
#1588=ORIENTED_EDGE('',*,*,#1227,.F.);
#1589=ORIENTED_EDGE('',*,*,#1228,.F.);
#1590=ORIENTED_EDGE('',*,*,#1229,.F.);
#1591=ORIENTED_EDGE('',*,*,#1230,.F.);
#1592=ORIENTED_EDGE('',*,*,#1231,.F.);
#1593=ORIENTED_EDGE('',*,*,#1232,.F.);
#1594=ORIENTED_EDGE('',*,*,#1233,.F.);
#1595=ORIENTED_EDGE('',*,*,#1234,.F.);
#1596=ORIENTED_EDGE('',*,*,#1235,.F.);
#1597=ORIENTED_EDGE('',*,*,#1236,.F.);
#1598=ORIENTED_EDGE('',*,*,#1237,.F.);
#1599=ORIENTED_EDGE('',*,*,#1220,.F.);
#1600=ORIENTED_EDGE('',*,*,#1238,.T.);
#1601=ORIENTED_EDGE('',*,*,#1222,.T.);
#1602=ORIENTED_EDGE('',*,*,#1239,.F.);
#1603=ORIENTED_EDGE('',*,*,#1219,.F.);
#1604=ORIENTED_EDGE('',*,*,#1240,.T.);
#1605=ORIENTED_EDGE('',*,*,#1223,.T.);
#1606=ORIENTED_EDGE('',*,*,#1238,.F.);
#1607=ORIENTED_EDGE('',*,*,#1218,.F.);
#1608=ORIENTED_EDGE('',*,*,#1191,.T.);
#1609=ORIENTED_EDGE('',*,*,#1224,.T.);
#1610=ORIENTED_EDGE('',*,*,#1240,.F.);
#1611=ORIENTED_EDGE('',*,*,#1217,.F.);
#1612=ORIENTED_EDGE('',*,*,#1241,.T.);
#1613=ORIENTED_EDGE('',*,*,#1225,.T.);
#1614=ORIENTED_EDGE('',*,*,#1193,.F.);
#1615=ORIENTED_EDGE('',*,*,#1216,.F.);
#1616=ORIENTED_EDGE('',*,*,#1242,.T.);
#1617=ORIENTED_EDGE('',*,*,#1226,.T.);
#1618=ORIENTED_EDGE('',*,*,#1241,.F.);
#1619=ORIENTED_EDGE('',*,*,#1215,.F.);
#1620=ORIENTED_EDGE('',*,*,#1243,.T.);
#1621=ORIENTED_EDGE('',*,*,#1227,.T.);
#1622=ORIENTED_EDGE('',*,*,#1242,.F.);
#1623=ORIENTED_EDGE('',*,*,#1214,.F.);
#1624=ORIENTED_EDGE('',*,*,#1239,.T.);
#1625=ORIENTED_EDGE('',*,*,#1221,.T.);
#1626=ORIENTED_EDGE('',*,*,#1243,.F.);
#1627=ORIENTED_EDGE('',*,*,#1161,.T.);
#1628=ORIENTED_EDGE('',*,*,#1244,.F.);
#1629=ORIENTED_EDGE('',*,*,#1245,.F.);
#1630=ORIENTED_EDGE('',*,*,#1246,.F.);
#1631=ORIENTED_EDGE('',*,*,#1186,.T.);
#1632=ORIENTED_EDGE('',*,*,#1247,.F.);
#1633=ORIENTED_EDGE('',*,*,#1248,.F.);
#1634=ORIENTED_EDGE('',*,*,#1249,.F.);
#1635=ORIENTED_EDGE('',*,*,#1246,.T.);
#1636=ORIENTED_EDGE('',*,*,#1250,.T.);
#1637=ORIENTED_EDGE('',*,*,#1251,.T.);
#1638=ORIENTED_EDGE('',*,*,#1152,.F.);
#1639=ORIENTED_EDGE('',*,*,#1245,.T.);
#1640=ORIENTED_EDGE('',*,*,#1252,.F.);
#1641=ORIENTED_EDGE('',*,*,#1253,.T.);
#1642=ORIENTED_EDGE('',*,*,#1254,.T.);
#1643=ORIENTED_EDGE('',*,*,#1255,.T.);
#1644=ORIENTED_EDGE('',*,*,#1256,.F.);
#1645=ORIENTED_EDGE('',*,*,#1257,.T.);
#1646=ORIENTED_EDGE('',*,*,#1258,.T.);
#1647=ORIENTED_EDGE('',*,*,#1259,.T.);
#1648=ORIENTED_EDGE('',*,*,#1250,.F.);
#1649=ORIENTED_EDGE('',*,*,#1244,.T.);
#1650=ORIENTED_EDGE('',*,*,#1160,.F.);
#1651=ORIENTED_EDGE('',*,*,#1260,.T.);
#1652=ORIENTED_EDGE('',*,*,#1252,.T.);
#1653=ORIENTED_EDGE('',*,*,#1228,.T.);
#1654=ORIENTED_EDGE('',*,*,#1261,.T.);
#1655=ORIENTED_EDGE('',*,*,#1088,.F.);
#1656=ORIENTED_EDGE('',*,*,#1089,.F.);
#1657=ORIENTED_EDGE('',*,*,#1261,.F.);
#1658=ORIENTED_EDGE('',*,*,#1229,.T.);
#1659=ORIENTED_EDGE('',*,*,#1230,.T.);
#1660=ORIENTED_EDGE('',*,*,#1262,.T.);
#1661=ORIENTED_EDGE('',*,*,#1095,.F.);
#1662=ORIENTED_EDGE('',*,*,#1096,.F.);
#1663=ORIENTED_EDGE('',*,*,#1262,.F.);
#1664=ORIENTED_EDGE('',*,*,#1231,.T.);
#1665=ORIENTED_EDGE('',*,*,#1232,.T.);
#1666=ORIENTED_EDGE('',*,*,#1263,.T.);
#1667=ORIENTED_EDGE('',*,*,#1116,.F.);
#1668=ORIENTED_EDGE('',*,*,#1117,.F.);
#1669=ORIENTED_EDGE('',*,*,#1263,.F.);
#1670=ORIENTED_EDGE('',*,*,#1233,.T.);
#1671=ORIENTED_EDGE('',*,*,#1234,.T.);
#1672=ORIENTED_EDGE('',*,*,#1264,.T.);
#1673=ORIENTED_EDGE('',*,*,#1109,.F.);
#1674=ORIENTED_EDGE('',*,*,#1110,.F.);
#1675=ORIENTED_EDGE('',*,*,#1264,.F.);
#1676=ORIENTED_EDGE('',*,*,#1235,.T.);
#1677=ORIENTED_EDGE('',*,*,#1236,.T.);
#1678=ORIENTED_EDGE('',*,*,#1265,.T.);
#1679=ORIENTED_EDGE('',*,*,#1102,.F.);
#1680=ORIENTED_EDGE('',*,*,#1103,.F.);
#1681=ORIENTED_EDGE('',*,*,#1265,.F.);
#1682=ORIENTED_EDGE('',*,*,#1237,.T.);
#1683=ORIENTED_EDGE('',*,*,#1162,.F.);
#1684=ORIENTED_EDGE('',*,*,#1163,.F.);
#1685=ORIENTED_EDGE('',*,*,#1266,.T.);
#1686=ORIENTED_EDGE('',*,*,#1267,.T.);
#1687=ORIENTED_EDGE('',*,*,#1268,.T.);
#1688=ORIENTED_EDGE('',*,*,#1266,.F.);
#1689=ORIENTED_EDGE('',*,*,#1268,.F.);
#1690=ORIENTED_EDGE('',*,*,#1267,.F.);
#1691=ORIENTED_EDGE('',*,*,#1164,.F.);
#1692=ORIENTED_EDGE('',*,*,#1165,.F.);
#1693=ORIENTED_EDGE('',*,*,#1269,.T.);
#1694=ORIENTED_EDGE('',*,*,#1270,.T.);
#1695=ORIENTED_EDGE('',*,*,#1271,.T.);
#1696=ORIENTED_EDGE('',*,*,#1269,.F.);
#1697=ORIENTED_EDGE('',*,*,#1271,.F.);
#1698=ORIENTED_EDGE('',*,*,#1270,.F.);
#1699=ORIENTED_EDGE('',*,*,#1166,.F.);
#1700=ORIENTED_EDGE('',*,*,#1167,.F.);
#1701=ORIENTED_EDGE('',*,*,#1272,.T.);
#1702=ORIENTED_EDGE('',*,*,#1273,.T.);
#1703=ORIENTED_EDGE('',*,*,#1274,.T.);
#1704=ORIENTED_EDGE('',*,*,#1272,.F.);
#1705=ORIENTED_EDGE('',*,*,#1274,.F.);
#1706=ORIENTED_EDGE('',*,*,#1273,.F.);
#1707=ORIENTED_EDGE('',*,*,#1168,.F.);
#1708=ORIENTED_EDGE('',*,*,#1169,.F.);
#1709=ORIENTED_EDGE('',*,*,#1275,.T.);
#1710=ORIENTED_EDGE('',*,*,#1276,.T.);
#1711=ORIENTED_EDGE('',*,*,#1277,.T.);
#1712=ORIENTED_EDGE('',*,*,#1275,.F.);
#1713=ORIENTED_EDGE('',*,*,#1277,.F.);
#1714=ORIENTED_EDGE('',*,*,#1276,.F.);
#1715=ORIENTED_EDGE('',*,*,#1175,.T.);
#1716=ORIENTED_EDGE('',*,*,#1278,.F.);
#1717=ORIENTED_EDGE('',*,*,#1279,.F.);
#1718=ORIENTED_EDGE('',*,*,#1280,.F.);
#1719=ORIENTED_EDGE('',*,*,#1174,.T.);
#1720=ORIENTED_EDGE('',*,*,#1281,.F.);
#1721=ORIENTED_EDGE('',*,*,#1282,.F.);
#1722=ORIENTED_EDGE('',*,*,#1278,.T.);
#1723=ORIENTED_EDGE('',*,*,#1173,.T.);
#1724=ORIENTED_EDGE('',*,*,#1283,.F.);
#1725=ORIENTED_EDGE('',*,*,#1284,.F.);
#1726=ORIENTED_EDGE('',*,*,#1281,.T.);
#1727=ORIENTED_EDGE('',*,*,#1153,.T.);
#1728=ORIENTED_EDGE('',*,*,#1251,.F.);
#1729=ORIENTED_EDGE('',*,*,#1259,.F.);
#1730=ORIENTED_EDGE('',*,*,#1285,.T.);
#1731=ORIENTED_EDGE('',*,*,#1154,.T.);
#1732=ORIENTED_EDGE('',*,*,#1285,.F.);
#1733=ORIENTED_EDGE('',*,*,#1258,.F.);
#1734=ORIENTED_EDGE('',*,*,#1286,.T.);
#1735=ORIENTED_EDGE('',*,*,#1155,.T.);
#1736=ORIENTED_EDGE('',*,*,#1286,.F.);
#1737=ORIENTED_EDGE('',*,*,#1257,.F.);
#1738=ORIENTED_EDGE('',*,*,#1287,.F.);
#1739=ORIENTED_EDGE('',*,*,#1178,.T.);
#1740=ORIENTED_EDGE('',*,*,#1288,.F.);
#1741=ORIENTED_EDGE('',*,*,#1289,.F.);
#1742=ORIENTED_EDGE('',*,*,#1290,.T.);
#1743=ORIENTED_EDGE('',*,*,#1177,.T.);
#1744=ORIENTED_EDGE('',*,*,#1291,.F.);
#1745=ORIENTED_EDGE('',*,*,#1292,.F.);
#1746=ORIENTED_EDGE('',*,*,#1288,.T.);
#1747=ORIENTED_EDGE('',*,*,#1179,.T.);
#1748=ORIENTED_EDGE('',*,*,#1290,.F.);
#1749=ORIENTED_EDGE('',*,*,#1293,.F.);
#1750=ORIENTED_EDGE('',*,*,#1294,.F.);
#1751=ORIENTED_EDGE('',*,*,#1158,.T.);
#1752=ORIENTED_EDGE('',*,*,#1295,.F.);
#1753=ORIENTED_EDGE('',*,*,#1254,.F.);
#1754=ORIENTED_EDGE('',*,*,#1296,.T.);
#1755=ORIENTED_EDGE('',*,*,#1159,.T.);
#1756=ORIENTED_EDGE('',*,*,#1296,.F.);
#1757=ORIENTED_EDGE('',*,*,#1253,.F.);
#1758=ORIENTED_EDGE('',*,*,#1260,.F.);
#1759=ORIENTED_EDGE('',*,*,#1157,.T.);
#1760=ORIENTED_EDGE('',*,*,#1297,.F.);
#1761=ORIENTED_EDGE('',*,*,#1255,.F.);
#1762=ORIENTED_EDGE('',*,*,#1295,.T.);
#1763=ORIENTED_EDGE('',*,*,#1280,.T.);
#1764=ORIENTED_EDGE('',*,*,#1298,.T.);
#1765=ORIENTED_EDGE('',*,*,#1291,.T.);
#1766=ORIENTED_EDGE('',*,*,#1176,.F.);
#1767=ORIENTED_EDGE('',*,*,#1294,.T.);
#1768=ORIENTED_EDGE('',*,*,#1299,.T.);
#1769=ORIENTED_EDGE('',*,*,#1300,.T.);
#1770=ORIENTED_EDGE('',*,*,#1180,.F.);
#1771=ORIENTED_EDGE('',*,*,#1287,.T.);
#1772=ORIENTED_EDGE('',*,*,#1256,.T.);
#1773=ORIENTED_EDGE('',*,*,#1297,.T.);
#1774=ORIENTED_EDGE('',*,*,#1156,.F.);
#1775=ORIENTED_EDGE('',*,*,#1249,.T.);
#1776=ORIENTED_EDGE('',*,*,#1301,.T.);
#1777=ORIENTED_EDGE('',*,*,#1302,.T.);
#1778=ORIENTED_EDGE('',*,*,#1187,.F.);
#1779=ORIENTED_EDGE('',*,*,#1128,.T.);
#1780=ORIENTED_EDGE('',*,*,#1303,.F.);
#1781=ORIENTED_EDGE('',*,*,#1304,.F.);
#1782=ORIENTED_EDGE('',*,*,#1299,.F.);
#1783=ORIENTED_EDGE('',*,*,#1293,.T.);
#1784=ORIENTED_EDGE('',*,*,#1289,.T.);
#1785=ORIENTED_EDGE('',*,*,#1292,.T.);
#1786=ORIENTED_EDGE('',*,*,#1298,.F.);
#1787=ORIENTED_EDGE('',*,*,#1279,.T.);
#1788=ORIENTED_EDGE('',*,*,#1282,.T.);
#1789=ORIENTED_EDGE('',*,*,#1284,.T.);
#1790=ORIENTED_EDGE('',*,*,#1305,.F.);
#1791=ORIENTED_EDGE('',*,*,#1306,.F.);
#1792=ORIENTED_EDGE('',*,*,#1307,.F.);
#1793=ORIENTED_EDGE('',*,*,#1132,.T.);
#1794=ORIENTED_EDGE('',*,*,#1197,.F.);
#1795=ORIENTED_EDGE('',*,*,#1308,.F.);
#1796=ORIENTED_EDGE('',*,*,#1301,.F.);
#1797=ORIENTED_EDGE('',*,*,#1248,.T.);
#1798=ORIENTED_EDGE('',*,*,#1309,.F.);
#1799=ORIENTED_EDGE('',*,*,#1310,.F.);
#1800=ORIENTED_EDGE('',*,*,#1194,.F.);
#1801=ORIENTED_EDGE('',*,*,#1086,.T.);
#1802=ORIENTED_EDGE('',*,*,#1087,.T.);
#1803=ORIENTED_EDGE('',*,*,#1093,.T.);
#1804=ORIENTED_EDGE('',*,*,#1094,.T.);
#1805=ORIENTED_EDGE('',*,*,#1100,.T.);
#1806=ORIENTED_EDGE('',*,*,#1101,.T.);
#1807=ORIENTED_EDGE('',*,*,#1107,.T.);
#1808=ORIENTED_EDGE('',*,*,#1108,.T.);
#1809=ORIENTED_EDGE('',*,*,#1114,.T.);
#1810=ORIENTED_EDGE('',*,*,#1115,.T.);
#1811=ORIENTED_EDGE('',*,*,#1136,.F.);
#1812=ORIENTED_EDGE('',*,*,#1311,.T.);
#1813=ORIENTED_EDGE('',*,*,#1312,.F.);
#1814=ORIENTED_EDGE('',*,*,#1313,.F.);
#1815=ORIENTED_EDGE('',*,*,#1137,.F.);
#1816=ORIENTED_EDGE('',*,*,#1313,.T.);
#1817=ORIENTED_EDGE('',*,*,#1314,.F.);
#1818=ORIENTED_EDGE('',*,*,#1315,.F.);
#1819=ORIENTED_EDGE('',*,*,#1138,.F.);
#1820=ORIENTED_EDGE('',*,*,#1315,.T.);
#1821=ORIENTED_EDGE('',*,*,#1316,.F.);
#1822=ORIENTED_EDGE('',*,*,#1317,.F.);
#1823=ORIENTED_EDGE('',*,*,#1139,.F.);
#1824=ORIENTED_EDGE('',*,*,#1317,.T.);
#1825=ORIENTED_EDGE('',*,*,#1318,.F.);
#1826=ORIENTED_EDGE('',*,*,#1319,.F.);
#1827=ORIENTED_EDGE('',*,*,#1140,.F.);
#1828=ORIENTED_EDGE('',*,*,#1319,.T.);
#1829=ORIENTED_EDGE('',*,*,#1320,.F.);
#1830=ORIENTED_EDGE('',*,*,#1321,.F.);
#1831=ORIENTED_EDGE('',*,*,#1141,.F.);
#1832=ORIENTED_EDGE('',*,*,#1321,.T.);
#1833=ORIENTED_EDGE('',*,*,#1322,.F.);
#1834=ORIENTED_EDGE('',*,*,#1323,.F.);
#1835=ORIENTED_EDGE('',*,*,#1142,.F.);
#1836=ORIENTED_EDGE('',*,*,#1323,.T.);
#1837=ORIENTED_EDGE('',*,*,#1324,.F.);
#1838=ORIENTED_EDGE('',*,*,#1325,.F.);
#1839=ORIENTED_EDGE('',*,*,#1143,.F.);
#1840=ORIENTED_EDGE('',*,*,#1325,.T.);
#1841=ORIENTED_EDGE('',*,*,#1326,.F.);
#1842=ORIENTED_EDGE('',*,*,#1327,.F.);
#1843=ORIENTED_EDGE('',*,*,#1144,.F.);
#1844=ORIENTED_EDGE('',*,*,#1327,.T.);
#1845=ORIENTED_EDGE('',*,*,#1328,.F.);
#1846=ORIENTED_EDGE('',*,*,#1329,.F.);
#1847=ORIENTED_EDGE('',*,*,#1145,.F.);
#1848=ORIENTED_EDGE('',*,*,#1329,.T.);
#1849=ORIENTED_EDGE('',*,*,#1330,.F.);
#1850=ORIENTED_EDGE('',*,*,#1331,.F.);
#1851=ORIENTED_EDGE('',*,*,#1146,.F.);
#1852=ORIENTED_EDGE('',*,*,#1331,.T.);
#1853=ORIENTED_EDGE('',*,*,#1332,.F.);
#1854=ORIENTED_EDGE('',*,*,#1333,.F.);
#1855=ORIENTED_EDGE('',*,*,#1147,.F.);
#1856=ORIENTED_EDGE('',*,*,#1333,.T.);
#1857=ORIENTED_EDGE('',*,*,#1334,.F.);
#1858=ORIENTED_EDGE('',*,*,#1335,.F.);
#1859=ORIENTED_EDGE('',*,*,#1148,.F.);
#1860=ORIENTED_EDGE('',*,*,#1335,.T.);
#1861=ORIENTED_EDGE('',*,*,#1336,.F.);
#1862=ORIENTED_EDGE('',*,*,#1337,.F.);
#1863=ORIENTED_EDGE('',*,*,#1149,.F.);
#1864=ORIENTED_EDGE('',*,*,#1337,.T.);
#1865=ORIENTED_EDGE('',*,*,#1338,.F.);
#1866=ORIENTED_EDGE('',*,*,#1339,.F.);
#1867=ORIENTED_EDGE('',*,*,#1150,.F.);
#1868=ORIENTED_EDGE('',*,*,#1339,.T.);
#1869=ORIENTED_EDGE('',*,*,#1340,.F.);
#1870=ORIENTED_EDGE('',*,*,#1341,.F.);
#1871=ORIENTED_EDGE('',*,*,#1151,.F.);
#1872=ORIENTED_EDGE('',*,*,#1341,.T.);
#1873=ORIENTED_EDGE('',*,*,#1342,.F.);
#1874=ORIENTED_EDGE('',*,*,#1311,.F.);
#1875=ORIENTED_EDGE('',*,*,#1343,.T.);
#1876=ORIENTED_EDGE('',*,*,#1344,.T.);
#1877=ORIENTED_EDGE('',*,*,#1345,.T.);
#1878=ORIENTED_EDGE('',*,*,#1346,.T.);
#1879=ORIENTED_EDGE('',*,*,#1347,.T.);
#1880=ORIENTED_EDGE('',*,*,#1348,.T.);
#1881=ORIENTED_EDGE('',*,*,#1349,.T.);
#1882=ORIENTED_EDGE('',*,*,#1350,.T.);
#1883=ORIENTED_EDGE('',*,*,#1351,.T.);
#1884=ORIENTED_EDGE('',*,*,#1352,.T.);
#1885=ORIENTED_EDGE('',*,*,#1353,.T.);
#1886=ORIENTED_EDGE('',*,*,#1354,.T.);
#1887=ORIENTED_EDGE('',*,*,#1355,.T.);
#1888=ORIENTED_EDGE('',*,*,#1356,.T.);
#1889=ORIENTED_EDGE('',*,*,#1357,.T.);
#1890=ORIENTED_EDGE('',*,*,#1358,.T.);
#1891=ORIENTED_EDGE('',*,*,#1342,.T.);
#1892=ORIENTED_EDGE('',*,*,#1340,.T.);
#1893=ORIENTED_EDGE('',*,*,#1338,.T.);
#1894=ORIENTED_EDGE('',*,*,#1336,.T.);
#1895=ORIENTED_EDGE('',*,*,#1334,.T.);
#1896=ORIENTED_EDGE('',*,*,#1332,.T.);
#1897=ORIENTED_EDGE('',*,*,#1330,.T.);
#1898=ORIENTED_EDGE('',*,*,#1328,.T.);
#1899=ORIENTED_EDGE('',*,*,#1326,.T.);
#1900=ORIENTED_EDGE('',*,*,#1324,.T.);
#1901=ORIENTED_EDGE('',*,*,#1322,.T.);
#1902=ORIENTED_EDGE('',*,*,#1320,.T.);
#1903=ORIENTED_EDGE('',*,*,#1318,.T.);
#1904=ORIENTED_EDGE('',*,*,#1316,.T.);
#1905=ORIENTED_EDGE('',*,*,#1314,.T.);
#1906=ORIENTED_EDGE('',*,*,#1312,.T.);
#1907=ORIENTED_EDGE('',*,*,#1359,.T.);
#1908=ORIENTED_EDGE('',*,*,#1198,.T.);
#1909=ORIENTED_EDGE('',*,*,#1360,.T.);
#1910=ORIENTED_EDGE('',*,*,#1361,.T.);
#1911=ORIENTED_EDGE('',*,*,#1362,.T.);
#1912=ORIENTED_EDGE('',*,*,#1363,.T.);
#1913=ORIENTED_EDGE('',*,*,#1360,.F.);
#1914=ORIENTED_EDGE('',*,*,#1213,.T.);
#1915=ORIENTED_EDGE('',*,*,#1364,.T.);
#1916=ORIENTED_EDGE('',*,*,#1365,.T.);
#1917=ORIENTED_EDGE('',*,*,#1362,.F.);
#1918=ORIENTED_EDGE('',*,*,#1212,.T.);
#1919=ORIENTED_EDGE('',*,*,#1366,.T.);
#1920=ORIENTED_EDGE('',*,*,#1367,.T.);
#1921=ORIENTED_EDGE('',*,*,#1364,.F.);
#1922=ORIENTED_EDGE('',*,*,#1211,.T.);
#1923=ORIENTED_EDGE('',*,*,#1368,.T.);
#1924=ORIENTED_EDGE('',*,*,#1369,.T.);
#1925=ORIENTED_EDGE('',*,*,#1366,.F.);
#1926=ORIENTED_EDGE('',*,*,#1210,.T.);
#1927=ORIENTED_EDGE('',*,*,#1370,.T.);
#1928=ORIENTED_EDGE('',*,*,#1371,.T.);
#1929=ORIENTED_EDGE('',*,*,#1368,.F.);
#1930=ORIENTED_EDGE('',*,*,#1209,.T.);
#1931=ORIENTED_EDGE('',*,*,#1372,.T.);
#1932=ORIENTED_EDGE('',*,*,#1373,.T.);
#1933=ORIENTED_EDGE('',*,*,#1370,.F.);
#1934=ORIENTED_EDGE('',*,*,#1208,.T.);
#1935=ORIENTED_EDGE('',*,*,#1374,.T.);
#1936=ORIENTED_EDGE('',*,*,#1375,.T.);
#1937=ORIENTED_EDGE('',*,*,#1372,.F.);
#1938=ORIENTED_EDGE('',*,*,#1207,.T.);
#1939=ORIENTED_EDGE('',*,*,#1376,.T.);
#1940=ORIENTED_EDGE('',*,*,#1377,.T.);
#1941=ORIENTED_EDGE('',*,*,#1374,.F.);
#1942=ORIENTED_EDGE('',*,*,#1206,.T.);
#1943=ORIENTED_EDGE('',*,*,#1378,.T.);
#1944=ORIENTED_EDGE('',*,*,#1379,.T.);
#1945=ORIENTED_EDGE('',*,*,#1376,.F.);
#1946=ORIENTED_EDGE('',*,*,#1205,.T.);
#1947=ORIENTED_EDGE('',*,*,#1380,.T.);
#1948=ORIENTED_EDGE('',*,*,#1381,.T.);
#1949=ORIENTED_EDGE('',*,*,#1378,.F.);
#1950=ORIENTED_EDGE('',*,*,#1204,.T.);
#1951=ORIENTED_EDGE('',*,*,#1382,.T.);
#1952=ORIENTED_EDGE('',*,*,#1383,.T.);
#1953=ORIENTED_EDGE('',*,*,#1380,.F.);
#1954=ORIENTED_EDGE('',*,*,#1203,.T.);
#1955=ORIENTED_EDGE('',*,*,#1384,.T.);
#1956=ORIENTED_EDGE('',*,*,#1385,.T.);
#1957=ORIENTED_EDGE('',*,*,#1382,.F.);
#1958=ORIENTED_EDGE('',*,*,#1202,.T.);
#1959=ORIENTED_EDGE('',*,*,#1386,.T.);
#1960=ORIENTED_EDGE('',*,*,#1387,.T.);
#1961=ORIENTED_EDGE('',*,*,#1384,.F.);
#1962=ORIENTED_EDGE('',*,*,#1201,.T.);
#1963=ORIENTED_EDGE('',*,*,#1388,.T.);
#1964=ORIENTED_EDGE('',*,*,#1389,.T.);
#1965=ORIENTED_EDGE('',*,*,#1386,.F.);
#1966=ORIENTED_EDGE('',*,*,#1200,.T.);
#1967=ORIENTED_EDGE('',*,*,#1359,.F.);
#1968=ORIENTED_EDGE('',*,*,#1390,.T.);
#1969=ORIENTED_EDGE('',*,*,#1388,.F.);
#1970=ORIENTED_EDGE('',*,*,#1199,.T.);
#1971=ORIENTED_EDGE('',*,*,#1379,.F.);
#1972=ORIENTED_EDGE('',*,*,#1391,.F.);
#1973=ORIENTED_EDGE('',*,*,#1350,.F.);
#1974=ORIENTED_EDGE('',*,*,#1392,.F.);
#1975=ORIENTED_EDGE('',*,*,#1381,.F.);
#1976=ORIENTED_EDGE('',*,*,#1393,.T.);
#1977=ORIENTED_EDGE('',*,*,#1351,.F.);
#1978=ORIENTED_EDGE('',*,*,#1391,.T.);
#1979=ORIENTED_EDGE('',*,*,#1383,.F.);
#1980=ORIENTED_EDGE('',*,*,#1394,.F.);
#1981=ORIENTED_EDGE('',*,*,#1352,.F.);
#1982=ORIENTED_EDGE('',*,*,#1393,.F.);
#1983=ORIENTED_EDGE('',*,*,#1385,.F.);
#1984=ORIENTED_EDGE('',*,*,#1395,.T.);
#1985=ORIENTED_EDGE('',*,*,#1353,.F.);
#1986=ORIENTED_EDGE('',*,*,#1394,.T.);
#1987=ORIENTED_EDGE('',*,*,#1387,.F.);
#1988=ORIENTED_EDGE('',*,*,#1396,.F.);
#1989=ORIENTED_EDGE('',*,*,#1354,.F.);
#1990=ORIENTED_EDGE('',*,*,#1395,.F.);
#1991=ORIENTED_EDGE('',*,*,#1389,.F.);
#1992=ORIENTED_EDGE('',*,*,#1397,.T.);
#1993=ORIENTED_EDGE('',*,*,#1355,.F.);
#1994=ORIENTED_EDGE('',*,*,#1396,.T.);
#1995=ORIENTED_EDGE('',*,*,#1390,.F.);
#1996=ORIENTED_EDGE('',*,*,#1398,.F.);
#1997=ORIENTED_EDGE('',*,*,#1356,.F.);
#1998=ORIENTED_EDGE('',*,*,#1397,.F.);
#1999=ORIENTED_EDGE('',*,*,#1361,.F.);
#2000=ORIENTED_EDGE('',*,*,#1399,.T.);
#2001=ORIENTED_EDGE('',*,*,#1357,.F.);
#2002=ORIENTED_EDGE('',*,*,#1398,.T.);
#2003=ORIENTED_EDGE('',*,*,#1188,.F.);
#2004=ORIENTED_EDGE('',*,*,#1302,.F.);
#2005=ORIENTED_EDGE('',*,*,#1308,.T.);
#2006=ORIENTED_EDGE('',*,*,#1196,.F.);
#2007=ORIENTED_EDGE('',*,*,#1133,.T.);
#2008=ORIENTED_EDGE('',*,*,#1307,.T.);
#2009=ORIENTED_EDGE('',*,*,#1400,.T.);
#2010=ORIENTED_EDGE('',*,*,#1170,.F.);
#2011=ORIENTED_EDGE('',*,*,#1171,.F.);
#2012=ORIENTED_EDGE('',*,*,#1400,.F.);
#2013=ORIENTED_EDGE('',*,*,#1306,.T.);
#2014=ORIENTED_EDGE('',*,*,#1401,.F.);
#2015=ORIENTED_EDGE('',*,*,#1283,.T.);
#2016=ORIENTED_EDGE('',*,*,#1172,.F.);
#2017=ORIENTED_EDGE('',*,*,#1401,.T.);
#2018=ORIENTED_EDGE('',*,*,#1305,.T.);
#2019=ORIENTED_EDGE('',*,*,#1181,.F.);
#2020=ORIENTED_EDGE('',*,*,#1300,.F.);
#2021=ORIENTED_EDGE('',*,*,#1304,.T.);
#2022=ORIENTED_EDGE('',*,*,#1402,.F.);
#2023=ORIENTED_EDGE('',*,*,#1131,.T.);
#2024=ORIENTED_EDGE('',*,*,#1182,.F.);
#2025=ORIENTED_EDGE('',*,*,#1402,.T.);
#2026=ORIENTED_EDGE('',*,*,#1303,.T.);
#2027=ORIENTED_EDGE('',*,*,#1184,.F.);
#2028=ORIENTED_EDGE('',*,*,#1195,.F.);
#2029=ORIENTED_EDGE('',*,*,#1310,.T.);
#2030=ORIENTED_EDGE('',*,*,#1403,.F.);
#2031=ORIENTED_EDGE('',*,*,#1247,.T.);
#2032=ORIENTED_EDGE('',*,*,#1185,.F.);
#2033=ORIENTED_EDGE('',*,*,#1403,.T.);
#2034=ORIENTED_EDGE('',*,*,#1309,.T.);
#2035=ORIENTED_EDGE('',*,*,#1373,.F.);
#2036=ORIENTED_EDGE('',*,*,#1404,.T.);
#2037=ORIENTED_EDGE('',*,*,#1347,.F.);
#2038=ORIENTED_EDGE('',*,*,#1405,.T.);
#2039=ORIENTED_EDGE('',*,*,#1371,.F.);
#2040=ORIENTED_EDGE('',*,*,#1405,.F.);
#2041=ORIENTED_EDGE('',*,*,#1346,.F.);
#2042=ORIENTED_EDGE('',*,*,#1406,.F.);
#2043=ORIENTED_EDGE('',*,*,#1369,.F.);
#2044=ORIENTED_EDGE('',*,*,#1406,.T.);
#2045=ORIENTED_EDGE('',*,*,#1345,.F.);
#2046=ORIENTED_EDGE('',*,*,#1407,.T.);
#2047=ORIENTED_EDGE('',*,*,#1367,.F.);
#2048=ORIENTED_EDGE('',*,*,#1407,.F.);
#2049=ORIENTED_EDGE('',*,*,#1344,.F.);
#2050=ORIENTED_EDGE('',*,*,#1408,.F.);
#2051=ORIENTED_EDGE('',*,*,#1377,.F.);
#2052=ORIENTED_EDGE('',*,*,#1392,.T.);
#2053=ORIENTED_EDGE('',*,*,#1349,.F.);
#2054=ORIENTED_EDGE('',*,*,#1409,.T.);
#2055=ORIENTED_EDGE('',*,*,#1375,.F.);
#2056=ORIENTED_EDGE('',*,*,#1409,.F.);
#2057=ORIENTED_EDGE('',*,*,#1348,.F.);
#2058=ORIENTED_EDGE('',*,*,#1404,.F.);
#2059=ORIENTED_EDGE('',*,*,#1365,.F.);
#2060=ORIENTED_EDGE('',*,*,#1408,.T.);
#2061=ORIENTED_EDGE('',*,*,#1343,.F.);
#2062=ORIENTED_EDGE('',*,*,#1410,.T.);
#2063=ORIENTED_EDGE('',*,*,#1363,.F.);
#2064=ORIENTED_EDGE('',*,*,#1410,.F.);
#2065=ORIENTED_EDGE('',*,*,#1358,.F.);
#2066=ORIENTED_EDGE('',*,*,#1399,.F.);
#2067=CYLINDRICAL_SURFACE('',#2268,3.49999999999999);
#2068=CYLINDRICAL_SURFACE('',#2276,3.5);
#2069=CYLINDRICAL_SURFACE('',#2284,3.50000000000001);
#2070=CYLINDRICAL_SURFACE('',#2292,3.50000000000001);
#2071=CYLINDRICAL_SURFACE('',#2300,3.5);
#2072=CYLINDRICAL_SURFACE('',#2308,2.1);
#2073=CYLINDRICAL_SURFACE('',#2314,2.1);
#2074=CYLINDRICAL_SURFACE('',#2320,7.50000000000002);
#2075=CYLINDRICAL_SURFACE('',#2323,7.50000000000001);
#2076=CYLINDRICAL_SURFACE('',#2358,126.223374405995);
#2077=CYLINDRICAL_SURFACE('',#2360,126.223374405995);
#2078=CYLINDRICAL_SURFACE('',#2392,3.);
#2079=CYLINDRICAL_SURFACE('',#2394,3.);
#2080=CYLINDRICAL_SURFACE('',#2395,3.);
#2081=CYLINDRICAL_SURFACE('',#2397,3.);
#2082=CYLINDRICAL_SURFACE('',#2406,2.);
#2083=CYLINDRICAL_SURFACE('',#2407,2.);
#2084=CYLINDRICAL_SURFACE('',#2408,2.);
#2085=CYLINDRICAL_SURFACE('',#2409,2.);
#2086=CYLINDRICAL_SURFACE('',#2410,2.);
#2087=CYLINDRICAL_SURFACE('',#2411,2.1);
#2088=CYLINDRICAL_SURFACE('',#2415,2.1);
#2089=CYLINDRICAL_SURFACE('',#2419,2.1);
#2090=CYLINDRICAL_SURFACE('',#2423,2.1);
#2091=CYLINDRICAL_SURFACE('',#2428,6.5);
#2092=CYLINDRICAL_SURFACE('',#2432,6.49999999999999);
#2093=CYLINDRICAL_SURFACE('',#2434,6.49999999999999);
#2094=CYLINDRICAL_SURFACE('',#2438,6.5);
#2095=CYLINDRICAL_SURFACE('',#2453,8.75);
#2096=CYLINDRICAL_SURFACE('',#2455,124.473374405995);
#2097=CYLINDRICAL_SURFACE('',#2457,8.74999999999999);
#2098=CYLINDRICAL_SURFACE('',#2460,3.75);
#2099=CYLINDRICAL_SURFACE('',#2463,3.75);
#2100=CYLINDRICAL_SURFACE('',#2466,8.75);
#2101=CYLINDRICAL_SURFACE('',#2468,124.473374405995);
#2102=CYLINDRICAL_SURFACE('',#2470,8.75);
#2103=CYLINDRICAL_SURFACE('',#2473,3.75);
#2104=CYLINDRICAL_SURFACE('',#2476,3.75);
#2105=CYLINDRICAL_SURFACE('',#2493,1.);
#2106=CYLINDRICAL_SURFACE('',#2498,1.);
#2107=CYLINDRICAL_SURFACE('',#2509,1.);
#2108=CYLINDRICAL_SURFACE('',#2514,1.);
#2109=CYLINDRICAL_SURFACE('',#2519,1.);
#2110=CYLINDRICAL_SURFACE('',#2530,1.);
#2111=CYLINDRICAL_SURFACE('',#2532,5.);
#2112=CYLINDRICAL_SURFACE('',#2534,10.);
#2113=CYLINDRICAL_SURFACE('',#2535,123.223374405995);
#2114=CYLINDRICAL_SURFACE('',#2536,10.);
#2115=CYLINDRICAL_SURFACE('',#2538,5.);
#2116=CYLINDRICAL_SURFACE('',#2539,7.);
#2117=CYLINDRICAL_SURFACE('',#2540,126.223374405995);
#2118=CYLINDRICAL_SURFACE('',#2541,7.);
#2119=CYLINDRICAL_SURFACE('',#2543,7.);
#2120=CYLINDRICAL_SURFACE('',#2544,126.223374405995);
#2121=CYLINDRICAL_SURFACE('',#2545,7.);
#2122=CYLINDRICAL_SURFACE('',#2547,10.);
#2123=CYLINDRICAL_SURFACE('',#2548,123.223374405995);
#2124=CYLINDRICAL_SURFACE('',#2549,10.);
#2125=CYLINDRICAL_SURFACE('',#2551,5.);
#2126=CYLINDRICAL_SURFACE('',#2553,5.);
#2127=ADVANCED_FACE('',(#102),#2067,.T.);
#2128=ADVANCED_FACE('',(#103,#26),#51,.T.);
#2129=ADVANCED_FACE('',(#104),#2068,.T.);
#2130=ADVANCED_FACE('',(#105,#27),#52,.T.);
#2131=ADVANCED_FACE('',(#106),#2069,.T.);
#2132=ADVANCED_FACE('',(#107,#28),#53,.T.);
#2133=ADVANCED_FACE('',(#108),#2070,.T.);
#2134=ADVANCED_FACE('',(#109,#29),#54,.T.);
#2135=ADVANCED_FACE('',(#110),#2071,.T.);
#2136=ADVANCED_FACE('',(#111,#30),#55,.T.);
#2137=ADVANCED_FACE('',(#112),#2072,.F.);
#2138=ADVANCED_FACE('',(#113),#56,.T.);
#2139=ADVANCED_FACE('',(#114),#2073,.F.);
#2140=ADVANCED_FACE('',(#115),#57,.T.);
#2141=ADVANCED_FACE('',(#116),#2074,.T.);
#2142=ADVANCED_FACE('',(#117),#2075,.T.);
#2143=ADVANCED_FACE('',(#118,#31,#32,#33,#34,#35,#36,#37,#38),#58,.T.);
#2144=ADVANCED_FACE('',(#119),#59,.F.);
#2145=ADVANCED_FACE('',(#120),#2076,.T.);
#2146=ADVANCED_FACE('',(#121),#2077,.T.);
#2147=ADVANCED_FACE('',(#122,#39),#60,.F.);
#2148=ADVANCED_FACE('',(#123,#40,#41,#42,#43,#44),#61,.T.);
#2149=ADVANCED_FACE('',(#124),#2078,.F.);
#2150=ADVANCED_FACE('',(#125),#62,.F.);
#2151=ADVANCED_FACE('',(#126),#2079,.F.);
#2152=ADVANCED_FACE('',(#127),#2080,.F.);
#2153=ADVANCED_FACE('',(#128),#63,.F.);
#2154=ADVANCED_FACE('',(#129),#2081,.F.);
#2155=ADVANCED_FACE('',(#130),#64,.F.);
#2156=ADVANCED_FACE('',(#131),#65,.T.);
#2157=ADVANCED_FACE('',(#132),#66,.T.);
#2158=ADVANCED_FACE('',(#133),#67,.F.);
#2159=ADVANCED_FACE('',(#134),#68,.T.);
#2160=ADVANCED_FACE('',(#135),#69,.F.);
#2161=ADVANCED_FACE('',(#136),#2082,.F.);
#2162=ADVANCED_FACE('',(#137),#2083,.F.);
#2163=ADVANCED_FACE('',(#138),#2084,.F.);
#2164=ADVANCED_FACE('',(#139),#2085,.F.);
#2165=ADVANCED_FACE('',(#140),#2086,.F.);
#2166=ADVANCED_FACE('',(#141),#2087,.F.);
#2167=ADVANCED_FACE('',(#142),#70,.T.);
#2168=ADVANCED_FACE('',(#143),#2088,.F.);
#2169=ADVANCED_FACE('',(#144),#71,.T.);
#2170=ADVANCED_FACE('',(#145),#2089,.F.);
#2171=ADVANCED_FACE('',(#146),#72,.T.);
#2172=ADVANCED_FACE('',(#147),#2090,.F.);
#2173=ADVANCED_FACE('',(#148),#73,.T.);
#2174=ADVANCED_FACE('',(#149),#74,.T.);
#2175=ADVANCED_FACE('',(#150),#2091,.T.);
#2176=ADVANCED_FACE('',(#151),#75,.T.);
#2177=ADVANCED_FACE('',(#152),#76,.T.);
#2178=ADVANCED_FACE('',(#153),#2092,.T.);
#2179=ADVANCED_FACE('',(#154),#77,.T.);
#2180=ADVANCED_FACE('',(#155),#2093,.T.);
#2181=ADVANCED_FACE('',(#156),#78,.T.);
#2182=ADVANCED_FACE('',(#157),#79,.T.);
#2183=ADVANCED_FACE('',(#158),#2094,.T.);
#2184=ADVANCED_FACE('',(#159),#80,.T.);
#2185=ADVANCED_FACE('',(#160),#81,.T.);
#2186=ADVANCED_FACE('',(#161),#82,.F.);
#2187=ADVANCED_FACE('',(#162),#83,.F.);
#2188=ADVANCED_FACE('',(#163),#84,.F.);
#2189=ADVANCED_FACE('',(#164),#85,.F.);
#2190=ADVANCED_FACE('',(#165,#45,#46,#47,#48,#49),#86,.T.);
#2191=ADVANCED_FACE('',(#166),#87,.T.);
#2192=ADVANCED_FACE('',(#167),#2095,.F.);
#2193=ADVANCED_FACE('',(#168),#2096,.T.);
#2194=ADVANCED_FACE('',(#169),#2097,.F.);
#2195=ADVANCED_FACE('',(#170),#88,.T.);
#2196=ADVANCED_FACE('',(#171),#2098,.F.);
#2197=ADVANCED_FACE('',(#172),#89,.T.);
#2198=ADVANCED_FACE('',(#173),#2099,.F.);
#2199=ADVANCED_FACE('',(#174),#90,.T.);
#2200=ADVANCED_FACE('',(#175),#2100,.F.);
#2201=ADVANCED_FACE('',(#176),#2101,.T.);
#2202=ADVANCED_FACE('',(#177),#2102,.F.);
#2203=ADVANCED_FACE('',(#178),#91,.T.);
#2204=ADVANCED_FACE('',(#179),#2103,.F.);
#2205=ADVANCED_FACE('',(#180),#92,.T.);
#2206=ADVANCED_FACE('',(#181),#2104,.F.);
#2207=ADVANCED_FACE('',(#182,#50),#93,.T.);
#2208=ADVANCED_FACE('',(#183),#14,.T.);
#2209=ADVANCED_FACE('',(#184),#2105,.T.);
#2210=ADVANCED_FACE('',(#185),#15,.T.);
#2211=ADVANCED_FACE('',(#186),#2106,.T.);
#2212=ADVANCED_FACE('',(#187),#16,.T.);
#2213=ADVANCED_FACE('',(#188),#17,.T.);
#2214=ADVANCED_FACE('',(#189),#18,.T.);
#2215=ADVANCED_FACE('',(#190),#2107,.T.);
#2216=ADVANCED_FACE('',(#191),#19,.T.);
#2217=ADVANCED_FACE('',(#192),#2108,.T.);
#2218=ADVANCED_FACE('',(#193),#20,.T.);
#2219=ADVANCED_FACE('',(#194),#2109,.T.);
#2220=ADVANCED_FACE('',(#195),#21,.T.);
#2221=ADVANCED_FACE('',(#196),#22,.T.);
#2222=ADVANCED_FACE('',(#197),#23,.T.);
#2223=ADVANCED_FACE('',(#198),#2110,.T.);
#2224=ADVANCED_FACE('',(#199),#94,.T.);
#2225=ADVANCED_FACE('',(#200),#2111,.T.);
#2226=ADVANCED_FACE('',(#201),#95,.T.);
#2227=ADVANCED_FACE('',(#202),#2112,.T.);
#2228=ADVANCED_FACE('',(#203),#2113,.F.);
#2229=ADVANCED_FACE('',(#204),#2114,.T.);
#2230=ADVANCED_FACE('',(#205),#96,.T.);
#2231=ADVANCED_FACE('',(#206),#2115,.T.);
#2232=ADVANCED_FACE('',(#207),#2116,.F.);
#2233=ADVANCED_FACE('',(#208),#2117,.T.);
#2234=ADVANCED_FACE('',(#209),#2118,.F.);
#2235=ADVANCED_FACE('',(#210),#97,.F.);
#2236=ADVANCED_FACE('',(#211),#2119,.F.);
#2237=ADVANCED_FACE('',(#212),#2120,.T.);
#2238=ADVANCED_FACE('',(#213),#2121,.F.);
#2239=ADVANCED_FACE('',(#214),#98,.F.);
#2240=ADVANCED_FACE('',(#215),#2122,.T.);
#2241=ADVANCED_FACE('',(#216),#2123,.F.);
#2242=ADVANCED_FACE('',(#217),#2124,.T.);
#2243=ADVANCED_FACE('',(#218),#99,.T.);
#2244=ADVANCED_FACE('',(#219),#2125,.T.);
#2245=ADVANCED_FACE('',(#220),#100,.T.);
#2246=ADVANCED_FACE('',(#221),#2126,.T.);
#2247=ADVANCED_FACE('',(#222),#101,.T.);
#2248=CLOSED_SHELL('',(#2127,#2128,#2129,#2130,#2131,#2132,#2133,#2134,
#2135,#2136,#2137,#2138,#2139,#2140,#2141,#2142,#2143,#2144,#2145,#2146,
#2147,#2148,#2149,#2150,#2151,#2152,#2153,#2154,#2155,#2156,#2157,#2158,
#2159,#2160,#2161,#2162,#2163,#2164,#2165,#2166,#2167,#2168,#2169,#2170,
#2171,#2172,#2173,#2174,#2175,#2176,#2177,#2178,#2179,#2180,#2181,#2182,
#2183,#2184,#2185,#2186,#2187,#2188,#2189,#2190,#2191,#2192,#2193,#2194,
#2195,#2196,#2197,#2198,#2199,#2200,#2201,#2202,#2203,#2204,#2205,#2206,
#2207,#2208,#2209,#2210,#2211,#2212,#2213,#2214,#2215,#2216,#2217,#2218,
#2219,#2220,#2221,#2222,#2223,#2224,#2225,#2226,#2227,#2228,#2229,#2230,
#2231,#2232,#2233,#2234,#2235,#2236,#2237,#2238,#2239,#2240,#2241,#2242,
#2243,#2244,#2245,#2246,#2247));
#2249=DERIVED_UNIT_ELEMENT(#2251,1.);
#2250=DERIVED_UNIT_ELEMENT(#3972,3.);
#2251=(
MASS_UNIT()
NAMED_UNIT(*)
SI_UNIT($,.GRAM.)
);
#2252=DERIVED_UNIT((#2249,#2250));
#2253=MEASURE_REPRESENTATION_ITEM('density measure',
POSITIVE_RATIO_MEASURE(1.06),#2252);
#2254=PROPERTY_DEFINITION_REPRESENTATION(#2259,#2256);
#2255=PROPERTY_DEFINITION_REPRESENTATION(#2260,#2257);
#2256=REPRESENTATION('material name',(#2258),#3969);
#2257=REPRESENTATION('density',(#2253),#3969);
#2258=DESCRIPTIVE_REPRESENTATION_ITEM('ABS Plastic','ABS Plastic');
#2259=PROPERTY_DEFINITION('material property','material name',#3979);
#2260=PROPERTY_DEFINITION('material property','density of part',#3979);
#2261=DATE_TIME_ROLE('creation_date');
#2262=APPLIED_DATE_AND_TIME_ASSIGNMENT(#2263,#2261,(#3979));
#2263=DATE_AND_TIME(#2264,#2265);
#2264=CALENDAR_DATE(2026,25,6);
#2265=LOCAL_TIME(1,0,37.,#2266);
#2266=COORDINATED_UNIVERSAL_TIME_OFFSET(0,0,.BEHIND.);
#2267=AXIS2_PLACEMENT_3D('placement',#3293,#2555,#2556);
#2268=AXIS2_PLACEMENT_3D('',#3294,#2557,#2558);
#2269=AXIS2_PLACEMENT_3D('',#3297,#2559,#2560);
#2270=AXIS2_PLACEMENT_3D('',#3298,#2561,#2562);
#2271=AXIS2_PLACEMENT_3D('',#3302,#2564,#2565);
#2272=AXIS2_PLACEMENT_3D('',#3303,#2566,#2567);
#2273=AXIS2_PLACEMENT_3D('',#3304,#2568,#2569);
#2274=AXIS2_PLACEMENT_3D('',#3307,#2570,#2571);
#2275=AXIS2_PLACEMENT_3D('',#3308,#2572,#2573);
#2276=AXIS2_PLACEMENT_3D('',#3309,#2574,#2575);
#2277=AXIS2_PLACEMENT_3D('',#3312,#2576,#2577);
#2278=AXIS2_PLACEMENT_3D('',#3313,#2578,#2579);
#2279=AXIS2_PLACEMENT_3D('',#3317,#2581,#2582);
#2280=AXIS2_PLACEMENT_3D('',#3318,#2583,#2584);
#2281=AXIS2_PLACEMENT_3D('',#3319,#2585,#2586);
#2282=AXIS2_PLACEMENT_3D('',#3322,#2587,#2588);
#2283=AXIS2_PLACEMENT_3D('',#3323,#2589,#2590);
#2284=AXIS2_PLACEMENT_3D('',#3324,#2591,#2592);
#2285=AXIS2_PLACEMENT_3D('',#3327,#2593,#2594);
#2286=AXIS2_PLACEMENT_3D('',#3328,#2595,#2596);
#2287=AXIS2_PLACEMENT_3D('',#3332,#2598,#2599);
#2288=AXIS2_PLACEMENT_3D('',#3333,#2600,#2601);
#2289=AXIS2_PLACEMENT_3D('',#3334,#2602,#2603);
#2290=AXIS2_PLACEMENT_3D('',#3337,#2604,#2605);
#2291=AXIS2_PLACEMENT_3D('',#3338,#2606,#2607);
#2292=AXIS2_PLACEMENT_3D('',#3339,#2608,#2609);
#2293=AXIS2_PLACEMENT_3D('',#3342,#2610,#2611);
#2294=AXIS2_PLACEMENT_3D('',#3343,#2612,#2613);
#2295=AXIS2_PLACEMENT_3D('',#3347,#2615,#2616);
#2296=AXIS2_PLACEMENT_3D('',#3348,#2617,#2618);
#2297=AXIS2_PLACEMENT_3D('',#3349,#2619,#2620);
#2298=AXIS2_PLACEMENT_3D('',#3352,#2621,#2622);
#2299=AXIS2_PLACEMENT_3D('',#3353,#2623,#2624);
#2300=AXIS2_PLACEMENT_3D('',#3354,#2625,#2626);
#2301=AXIS2_PLACEMENT_3D('',#3357,#2627,#2628);
#2302=AXIS2_PLACEMENT_3D('',#3358,#2629,#2630);
#2303=AXIS2_PLACEMENT_3D('',#3362,#2632,#2633);
#2304=AXIS2_PLACEMENT_3D('',#3363,#2634,#2635);
#2305=AXIS2_PLACEMENT_3D('',#3364,#2636,#2637);
#2306=AXIS2_PLACEMENT_3D('',#3367,#2638,#2639);
#2307=AXIS2_PLACEMENT_3D('',#3368,#2640,#2641);
#2308=AXIS2_PLACEMENT_3D('',#3369,#2642,#2643);
#2309=AXIS2_PLACEMENT_3D('',#3372,#2644,#2645);
#2310=AXIS2_PLACEMENT_3D('',#3373,#2646,#2647);
#2311=AXIS2_PLACEMENT_3D('',#3377,#2649,#2650);
#2312=AXIS2_PLACEMENT_3D('',#3378,#2651,#2652);
#2313=AXIS2_PLACEMENT_3D('',#3379,#2653,#2654);
#2314=AXIS2_PLACEMENT_3D('',#3380,#2655,#2656);
#2315=AXIS2_PLACEMENT_3D('',#3383,#2657,#2658);
#2316=AXIS2_PLACEMENT_3D('',#3384,#2659,#2660);
#2317=AXIS2_PLACEMENT_3D('',#3388,#2662,#2663);
#2318=AXIS2_PLACEMENT_3D('',#3389,#2664,#2665);
#2319=AXIS2_PLACEMENT_3D('',#3390,#2666,#2667);
#2320=AXIS2_PLACEMENT_3D('',#3391,#2668,#2669);
#2321=AXIS2_PLACEMENT_3D('',#3394,#2670,#2671);
#2322=AXIS2_PLACEMENT_3D('',#3398,#2673,#2674);
#2323=AXIS2_PLACEMENT_3D('',#3400,#2676,#2677);
#2324=AXIS2_PLACEMENT_3D('',#3403,#2678,#2679);
#2325=AXIS2_PLACEMENT_3D('',#3407,#2681,#2682);
#2326=AXIS2_PLACEMENT_3D('',#3409,#2684,#2685);
#2327=AXIS2_PLACEMENT_3D('',#3414,#2687,#2688);
#2328=AXIS2_PLACEMENT_3D('',#3416,#2689,#2690);
#2329=AXIS2_PLACEMENT_3D('',#3418,#2691,#2692);
#2330=AXIS2_PLACEMENT_3D('',#3422,#2694,#2695);
#2331=AXIS2_PLACEMENT_3D('',#3426,#2697,#2698);
#2332=AXIS2_PLACEMENT_3D('',#3430,#2700,#2701);
#2333=AXIS2_PLACEMENT_3D('',#3432,#2702,#2703);
#2334=AXIS2_PLACEMENT_3D('',#3434,#2704,#2705);
#2335=AXIS2_PLACEMENT_3D('',#3438,#2707,#2708);
#2336=AXIS2_PLACEMENT_3D('',#3441,#2710,#2711);
#2337=AXIS2_PLACEMENT_3D('',#3448,#2714,#2715);
#2338=AXIS2_PLACEMENT_3D('',#3456,#2719,#2720);
#2339=AXIS2_PLACEMENT_3D('',#3464,#2724,#2725);
#2340=AXIS2_PLACEMENT_3D('',#3465,#2726,#2727);
#2341=AXIS2_PLACEMENT_3D('',#3468,#2728,#2729);
#2342=AXIS2_PLACEMENT_3D('',#3469,#2730,#2731);
#2343=AXIS2_PLACEMENT_3D('',#3472,#2732,#2733);
#2344=AXIS2_PLACEMENT_3D('',#3473,#2734,#2735);
#2345=AXIS2_PLACEMENT_3D('',#3476,#2736,#2737);
#2346=AXIS2_PLACEMENT_3D('',#3477,#2738,#2739);
#2347=AXIS2_PLACEMENT_3D('',#3479,#2740,#2741);
#2348=AXIS2_PLACEMENT_3D('',#3481,#2742,#2743);
#2349=AXIS2_PLACEMENT_3D('',#3487,#2746,#2747);
#2350=AXIS2_PLACEMENT_3D('',#3495,#2751,#2752);
#2351=AXIS2_PLACEMENT_3D('',#3501,#2755,#2756);
#2352=AXIS2_PLACEMENT_3D('',#3502,#2757,#2758);
#2353=AXIS2_PLACEMENT_3D('',#3504,#2759,#2760);
#2354=AXIS2_PLACEMENT_3D('',#3506,#2761,#2762);
#2355=AXIS2_PLACEMENT_3D('',#3514,#2766,#2767);
#2356=AXIS2_PLACEMENT_3D('',#3515,#2768,#2769);
#2357=AXIS2_PLACEMENT_3D('',#3516,#2770,#2771);
#2358=AXIS2_PLACEMENT_3D('',#3525,#2776,#2777);
#2359=AXIS2_PLACEMENT_3D('',#3527,#2778,#2779);
#2360=AXIS2_PLACEMENT_3D('',#3529,#2781,#2782);
#2361=AXIS2_PLACEMENT_3D('',#3532,#2784,#2785);
#2362=AXIS2_PLACEMENT_3D('',#3533,#2786,#2787);
#2363=AXIS2_PLACEMENT_3D('',#3536,#2788,#2789);
#2364=AXIS2_PLACEMENT_3D('',#3540,#2791,#2792);
#2365=AXIS2_PLACEMENT_3D('',#3542,#2793,#2794);
#2366=AXIS2_PLACEMENT_3D('',#3544,#2795,#2796);
#2367=AXIS2_PLACEMENT_3D('',#3548,#2798,#2799);
#2368=AXIS2_PLACEMENT_3D('',#3552,#2801,#2802);
#2369=AXIS2_PLACEMENT_3D('',#3556,#2804,#2805);
#2370=AXIS2_PLACEMENT_3D('',#3558,#2806,#2807);
#2371=AXIS2_PLACEMENT_3D('',#3560,#2808,#2809);
#2372=AXIS2_PLACEMENT_3D('',#3564,#2811,#2812);
#2373=AXIS2_PLACEMENT_3D('',#3570,#2815,#2816);
#2374=AXIS2_PLACEMENT_3D('',#3573,#2818,#2819);
#2375=AXIS2_PLACEMENT_3D('',#3575,#2820,#2821);
#2376=AXIS2_PLACEMENT_3D('',#3578,#2823,#2824);
#2377=AXIS2_PLACEMENT_3D('',#3579,#2825,#2826);
#2378=AXIS2_PLACEMENT_3D('',#3584,#2828,#2829);
#2379=AXIS2_PLACEMENT_3D('',#3587,#2831,#2832);
#2380=AXIS2_PLACEMENT_3D('',#3589,#2833,#2834);
#2381=AXIS2_PLACEMENT_3D('',#3592,#2836,#2837);
#2382=AXIS2_PLACEMENT_3D('',#3595,#2838,#2839);
#2383=AXIS2_PLACEMENT_3D('',#3596,#2840,#2841);
#2384=AXIS2_PLACEMENT_3D('',#3599,#2842,#2843);
#2385=AXIS2_PLACEMENT_3D('',#3600,#2844,#2845);
#2386=AXIS2_PLACEMENT_3D('',#3603,#2846,#2847);
#2387=AXIS2_PLACEMENT_3D('',#3604,#2848,#2849);
#2388=AXIS2_PLACEMENT_3D('',#3607,#2850,#2851);
#2389=AXIS2_PLACEMENT_3D('',#3608,#2852,#2853);
#2390=AXIS2_PLACEMENT_3D('',#3611,#2854,#2855);
#2391=AXIS2_PLACEMENT_3D('',#3612,#2856,#2857);
#2392=AXIS2_PLACEMENT_3D('',#3613,#2858,#2859);
#2393=AXIS2_PLACEMENT_3D('',#3616,#2862,#2863);
#2394=AXIS2_PLACEMENT_3D('',#3618,#2865,#2866);
#2395=AXIS2_PLACEMENT_3D('',#3619,#2867,#2868);
#2396=AXIS2_PLACEMENT_3D('',#3621,#2870,#2871);
#2397=AXIS2_PLACEMENT_3D('',#3623,#2873,#2874);
#2398=AXIS2_PLACEMENT_3D('',#3625,#2876,#2877);
#2399=AXIS2_PLACEMENT_3D('',#3626,#2878,#2879);
#2400=AXIS2_PLACEMENT_3D('',#3632,#2883,#2884);
#2401=AXIS2_PLACEMENT_3D('',#3638,#2888,#2889);
#2402=AXIS2_PLACEMENT_3D('',#3642,#2892,#2893);
#2403=AXIS2_PLACEMENT_3D('',#3648,#2896,#2897);
#2404=AXIS2_PLACEMENT_3D('',#3656,#2901,#2902);
#2405=AXIS2_PLACEMENT_3D('',#3658,#2904,#2905);
#2406=AXIS2_PLACEMENT_3D('',#3660,#2907,#2908);
#2407=AXIS2_PLACEMENT_3D('',#3662,#2910,#2911);
#2408=AXIS2_PLACEMENT_3D('',#3664,#2913,#2914);
#2409=AXIS2_PLACEMENT_3D('',#3666,#2916,#2917);
#2410=AXIS2_PLACEMENT_3D('',#3668,#2919,#2920);
#2411=AXIS2_PLACEMENT_3D('',#3670,#2922,#2923);
#2412=AXIS2_PLACEMENT_3D('',#3674,#2925,#2926);
#2413=AXIS2_PLACEMENT_3D('',#3675,#2927,#2928);
#2414=AXIS2_PLACEMENT_3D('',#3676,#2929,#2930);
#2415=AXIS2_PLACEMENT_3D('',#3677,#2931,#2932);
#2416=AXIS2_PLACEMENT_3D('',#3681,#2934,#2935);
#2417=AXIS2_PLACEMENT_3D('',#3682,#2936,#2937);
#2418=AXIS2_PLACEMENT_3D('',#3683,#2938,#2939);
#2419=AXIS2_PLACEMENT_3D('',#3684,#2940,#2941);
#2420=AXIS2_PLACEMENT_3D('',#3688,#2943,#2944);
#2421=AXIS2_PLACEMENT_3D('',#3689,#2945,#2946);
#2422=AXIS2_PLACEMENT_3D('',#3690,#2947,#2948);
#2423=AXIS2_PLACEMENT_3D('',#3691,#2949,#2950);
#2424=AXIS2_PLACEMENT_3D('',#3695,#2952,#2953);
#2425=AXIS2_PLACEMENT_3D('',#3696,#2954,#2955);
#2426=AXIS2_PLACEMENT_3D('',#3697,#2956,#2957);
#2427=AXIS2_PLACEMENT_3D('',#3698,#2958,#2959);
#2428=AXIS2_PLACEMENT_3D('',#3704,#2963,#2964);
#2429=AXIS2_PLACEMENT_3D('',#3707,#2966,#2967);
#2430=AXIS2_PLACEMENT_3D('',#3708,#2968,#2969);
#2431=AXIS2_PLACEMENT_3D('',#3712,#2972,#2973);
#2432=AXIS2_PLACEMENT_3D('',#3714,#2975,#2976);
#2433=AXIS2_PLACEMENT_3D('',#3716,#2978,#2979);
#2434=AXIS2_PLACEMENT_3D('',#3718,#2981,#2982);
#2435=AXIS2_PLACEMENT_3D('',#3722,#2984,#2985);
#2436=AXIS2_PLACEMENT_3D('',#3724,#2987,#2988);
#2437=AXIS2_PLACEMENT_3D('',#3728,#2991,#2992);
#2438=AXIS2_PLACEMENT_3D('',#3732,#2995,#2996);
#2439=AXIS2_PLACEMENT_3D('',#3735,#2999,#3000);
#2440=AXIS2_PLACEMENT_3D('',#3736,#3001,#3002);
#2441=AXIS2_PLACEMENT_3D('',#3738,#3004,#3005);
#2442=AXIS2_PLACEMENT_3D('',#3740,#3007,#3008);
#2443=AXIS2_PLACEMENT_3D('',#3744,#3011,#3012);
#2444=AXIS2_PLACEMENT_3D('',#3745,#3013,#3014);
#2445=AXIS2_PLACEMENT_3D('',#3749,#3017,#3018);
#2446=AXIS2_PLACEMENT_3D('',#3751,#3019,#3020);
#2447=AXIS2_PLACEMENT_3D('',#3752,#3021,#3022);
#2448=AXIS2_PLACEMENT_3D('',#3756,#3024,#3025);
#2449=AXIS2_PLACEMENT_3D('',#3757,#3026,#3027);
#2450=AXIS2_PLACEMENT_3D('',#3758,#3028,#3029);
#2451=AXIS2_PLACEMENT_3D('',#3761,#3031,#3032);
#2452=AXIS2_PLACEMENT_3D('',#3762,#3033,#3034);
#2453=AXIS2_PLACEMENT_3D('',#3768,#3038,#3039);
#2454=AXIS2_PLACEMENT_3D('',#3770,#3040,#3041);
#2455=AXIS2_PLACEMENT_3D('',#3772,#3043,#3044);
#2456=AXIS2_PLACEMENT_3D('',#3774,#3045,#3046);
#2457=AXIS2_PLACEMENT_3D('',#3776,#3048,#3049);
#2458=AXIS2_PLACEMENT_3D('',#3778,#3050,#3051);
#2459=AXIS2_PLACEMENT_3D('',#3780,#3053,#3054);
#2460=AXIS2_PLACEMENT_3D('',#3784,#3057,#3058);
#2461=AXIS2_PLACEMENT_3D('',#3786,#3059,#3060);
#2462=AXIS2_PLACEMENT_3D('',#3788,#3062,#3063);
#2463=AXIS2_PLACEMENT_3D('',#3792,#3066,#3067);
#2464=AXIS2_PLACEMENT_3D('',#3794,#3068,#3069);
#2465=AXIS2_PLACEMENT_3D('',#3796,#3071,#3072);
#2466=AXIS2_PLACEMENT_3D('',#3800,#3075,#3076);
#2467=AXIS2_PLACEMENT_3D('',#3802,#3077,#3078);
#2468=AXIS2_PLACEMENT_3D('',#3804,#3080,#3081);
#2469=AXIS2_PLACEMENT_3D('',#3806,#3082,#3083);
#2470=AXIS2_PLACEMENT_3D('',#3808,#3085,#3086);
#2471=AXIS2_PLACEMENT_3D('',#3810,#3087,#3088);
#2472=AXIS2_PLACEMENT_3D('',#3812,#3090,#3091);
#2473=AXIS2_PLACEMENT_3D('',#3816,#3094,#3095);
#2474=AXIS2_PLACEMENT_3D('',#3818,#3096,#3097);
#2475=AXIS2_PLACEMENT_3D('',#3820,#3099,#3100);
#2476=AXIS2_PLACEMENT_3D('',#3824,#3103,#3104);
#2477=AXIS2_PLACEMENT_3D('',#3825,#3105,#3106);
#2478=AXIS2_PLACEMENT_3D('',#3826,#3107,#3108);
#2479=AXIS2_PLACEMENT_3D('',#3829,#3109,#3110);
#2480=AXIS2_PLACEMENT_3D('',#3833,#3112,#3113);
#2481=AXIS2_PLACEMENT_3D('',#3835,#3114,#3115);
#2482=AXIS2_PLACEMENT_3D('',#3837,#3116,#3117);
#2483=AXIS2_PLACEMENT_3D('',#3841,#3119,#3120);
#2484=AXIS2_PLACEMENT_3D('',#3845,#3122,#3123);
#2485=AXIS2_PLACEMENT_3D('',#3849,#3125,#3126);
#2486=AXIS2_PLACEMENT_3D('',#3851,#3127,#3128);
#2487=AXIS2_PLACEMENT_3D('',#3853,#3129,#3130);
#2488=AXIS2_PLACEMENT_3D('',#3857,#3132,#3133);
#2489=AXIS2_PLACEMENT_3D('',#3859,#3135,#3136);
#2490=AXIS2_PLACEMENT_3D('',#3861,#3137,#3138);
#2491=AXIS2_PLACEMENT_3D('',#3863,#3139,#3140);
#2492=AXIS2_PLACEMENT_3D('',#3864,#3141,#3142);
#2493=AXIS2_PLACEMENT_3D('',#3865,#3143,#3144);
#2494=AXIS2_PLACEMENT_3D('',#3867,#3145,#3146);
#2495=AXIS2_PLACEMENT_3D('',#3869,#3148,#3149);
#2496=AXIS2_PLACEMENT_3D('',#3871,#3150,#3151);
#2497=AXIS2_PLACEMENT_3D('',#3872,#3152,#3153);
#2498=AXIS2_PLACEMENT_3D('',#3873,#3154,#3155);
#2499=AXIS2_PLACEMENT_3D('',#3875,#3156,#3157);
#2500=AXIS2_PLACEMENT_3D('',#3877,#3159,#3160);
#2501=AXIS2_PLACEMENT_3D('',#3879,#3161,#3162);
#2502=AXIS2_PLACEMENT_3D('',#3880,#3163,#3164);
#2503=AXIS2_PLACEMENT_3D('',#3881,#3165,#3166);
#2504=AXIS2_PLACEMENT_3D('',#3883,#3167,#3168);
#2505=AXIS2_PLACEMENT_3D('',#3884,#3169,#3170);
#2506=AXIS2_PLACEMENT_3D('',#3885,#3171,#3172);
#2507=AXIS2_PLACEMENT_3D('',#3887,#3173,#3174);
#2508=AXIS2_PLACEMENT_3D('',#3888,#3175,#3176);
#2509=AXIS2_PLACEMENT_3D('',#3889,#3177,#3178);
#2510=AXIS2_PLACEMENT_3D('',#3891,#3179,#3180);
#2511=AXIS2_PLACEMENT_3D('',#3893,#3182,#3183);
#2512=AXIS2_PLACEMENT_3D('',#3895,#3184,#3185);
#2513=AXIS2_PLACEMENT_3D('',#3896,#3186,#3187);
#2514=AXIS2_PLACEMENT_3D('',#3897,#3188,#3189);
#2515=AXIS2_PLACEMENT_3D('',#3899,#3190,#3191);
#2516=AXIS2_PLACEMENT_3D('',#3901,#3193,#3194);
#2517=AXIS2_PLACEMENT_3D('',#3903,#3195,#3196);
#2518=AXIS2_PLACEMENT_3D('',#3904,#3197,#3198);
#2519=AXIS2_PLACEMENT_3D('',#3905,#3199,#3200);
#2520=AXIS2_PLACEMENT_3D('',#3907,#3201,#3202);
#2521=AXIS2_PLACEMENT_3D('',#3909,#3204,#3205);
#2522=AXIS2_PLACEMENT_3D('',#3911,#3206,#3207);
#2523=AXIS2_PLACEMENT_3D('',#3912,#3208,#3209);
#2524=AXIS2_PLACEMENT_3D('',#3913,#3210,#3211);
#2525=AXIS2_PLACEMENT_3D('',#3915,#3212,#3213);
#2526=AXIS2_PLACEMENT_3D('',#3916,#3214,#3215);
#2527=AXIS2_PLACEMENT_3D('',#3917,#3216,#3217);
#2528=AXIS2_PLACEMENT_3D('',#3919,#3218,#3219);
#2529=AXIS2_PLACEMENT_3D('',#3920,#3220,#3221);
#2530=AXIS2_PLACEMENT_3D('',#3921,#3222,#3223);
#2531=AXIS2_PLACEMENT_3D('',#3923,#3225,#3226);
#2532=AXIS2_PLACEMENT_3D('',#3926,#3229,#3230);
#2533=AXIS2_PLACEMENT_3D('',#3928,#3232,#3233);
#2534=AXIS2_PLACEMENT_3D('',#3930,#3235,#3236);
#2535=AXIS2_PLACEMENT_3D('',#3932,#3238,#3239);
#2536=AXIS2_PLACEMENT_3D('',#3934,#3241,#3242);
#2537=AXIS2_PLACEMENT_3D('',#3936,#3244,#3245);
#2538=AXIS2_PLACEMENT_3D('',#3938,#3247,#3248);
#2539=AXIS2_PLACEMENT_3D('',#3940,#3250,#3251);
#2540=AXIS2_PLACEMENT_3D('',#3941,#3252,#3253);
#2541=AXIS2_PLACEMENT_3D('',#3943,#3255,#3256);
#2542=AXIS2_PLACEMENT_3D('',#3945,#3258,#3259);
#2543=AXIS2_PLACEMENT_3D('',#3946,#3260,#3261);
#2544=AXIS2_PLACEMENT_3D('',#3948,#3263,#3264);
#2545=AXIS2_PLACEMENT_3D('',#3949,#3265,#3266);
#2546=AXIS2_PLACEMENT_3D('',#3951,#3268,#3269);
#2547=AXIS2_PLACEMENT_3D('',#3952,#3270,#3271);
#2548=AXIS2_PLACEMENT_3D('',#3955,#3274,#3275);
#2549=AXIS2_PLACEMENT_3D('',#3957,#3277,#3278);
#2550=AXIS2_PLACEMENT_3D('',#3959,#3280,#3281);
#2551=AXIS2_PLACEMENT_3D('',#3961,#3283,#3284);
#2552=AXIS2_PLACEMENT_3D('',#3963,#3286,#3287);
#2553=AXIS2_PLACEMENT_3D('',#3964,#3288,#3289);
#2554=AXIS2_PLACEMENT_3D('',#3966,#3291,#3292);
#2555=DIRECTION('axis',(0.,0.,1.));
#2556=DIRECTION('refdir',(1.,0.,0.));
#2557=DIRECTION('center_axis',(0.,1.,0.));
#2558=DIRECTION('ref_axis',(1.,0.,-3.21827578452215E-16));
#2559=DIRECTION('center_axis',(0.,1.,0.));
#2560=DIRECTION('ref_axis',(1.,0.,-3.21827578452215E-16));
#2561=DIRECTION('center_axis',(0.,1.,0.));
#2562=DIRECTION('ref_axis',(1.,0.,-3.21827578452215E-16));
#2563=DIRECTION('',(0.,-1.,0.));
#2564=DIRECTION('center_axis',(0.,-1.,0.));
#2565=DIRECTION('ref_axis',(1.,0.,-3.21827578452215E-16));
#2566=DIRECTION('center_axis',(0.,-1.,0.));
#2567=DIRECTION('ref_axis',(1.,0.,-3.21827578452215E-16));
#2568=DIRECTION('center_axis',(0.,1.,0.));
#2569=DIRECTION('ref_axis',(0.,0.,1.));
#2570=DIRECTION('center_axis',(0.,-1.,0.));
#2571=DIRECTION('ref_axis',(-1.,0.,3.21827578452215E-16));
#2572=DIRECTION('center_axis',(0.,-1.,0.));
#2573=DIRECTION('ref_axis',(-1.,0.,3.21827578452215E-16));
#2574=DIRECTION('center_axis',(0.,1.,0.));
#2575=DIRECTION('ref_axis',(1.,0.,-3.21827578452215E-16));
#2576=DIRECTION('center_axis',(0.,1.,0.));
#2577=DIRECTION('ref_axis',(1.,0.,-3.21827578452215E-16));
#2578=DIRECTION('center_axis',(0.,1.,0.));
#2579=DIRECTION('ref_axis',(1.,0.,-3.21827578452215E-16));
#2580=DIRECTION('',(0.,-1.,0.));
#2581=DIRECTION('center_axis',(0.,-1.,0.));
#2582=DIRECTION('ref_axis',(1.,0.,-3.21827578452215E-16));
#2583=DIRECTION('center_axis',(0.,-1.,0.));
#2584=DIRECTION('ref_axis',(1.,0.,-3.21827578452215E-16));
#2585=DIRECTION('center_axis',(0.,1.,0.));
#2586=DIRECTION('ref_axis',(0.,0.,1.));
#2587=DIRECTION('center_axis',(0.,-1.,0.));
#2588=DIRECTION('ref_axis',(-1.,0.,3.21827578452215E-16));
#2589=DIRECTION('center_axis',(0.,-1.,0.));
#2590=DIRECTION('ref_axis',(-1.,0.,3.21827578452215E-16));
#2591=DIRECTION('center_axis',(0.,1.,0.));
#2592=DIRECTION('ref_axis',(1.,0.,-3.21827578452215E-16));
#2593=DIRECTION('center_axis',(0.,1.,0.));
#2594=DIRECTION('ref_axis',(1.,0.,-3.21827578452215E-16));
#2595=DIRECTION('center_axis',(0.,1.,0.));
#2596=DIRECTION('ref_axis',(1.,0.,-3.21827578452215E-16));
#2597=DIRECTION('',(0.,-1.,0.));
#2598=DIRECTION('center_axis',(0.,-1.,0.));
#2599=DIRECTION('ref_axis',(1.,0.,-3.21827578452215E-16));
#2600=DIRECTION('center_axis',(0.,-1.,0.));
#2601=DIRECTION('ref_axis',(1.,0.,-3.21827578452215E-16));
#2602=DIRECTION('center_axis',(0.,1.,0.));
#2603=DIRECTION('ref_axis',(0.,0.,1.));
#2604=DIRECTION('center_axis',(0.,-1.,0.));
#2605=DIRECTION('ref_axis',(-1.,0.,3.21827578452215E-16));
#2606=DIRECTION('center_axis',(0.,-1.,0.));
#2607=DIRECTION('ref_axis',(-1.,0.,3.21827578452215E-16));
#2608=DIRECTION('center_axis',(0.,1.,0.));
#2609=DIRECTION('ref_axis',(1.,0.,-3.21827578452215E-16));
#2610=DIRECTION('center_axis',(0.,1.,0.));
#2611=DIRECTION('ref_axis',(1.,0.,-3.21827578452215E-16));
#2612=DIRECTION('center_axis',(0.,1.,0.));
#2613=DIRECTION('ref_axis',(1.,0.,-3.21827578452215E-16));
#2614=DIRECTION('',(0.,-1.,0.));
#2615=DIRECTION('center_axis',(0.,-1.,0.));
#2616=DIRECTION('ref_axis',(1.,0.,-3.21827578452215E-16));
#2617=DIRECTION('center_axis',(0.,-1.,0.));
#2618=DIRECTION('ref_axis',(1.,0.,-3.21827578452215E-16));
#2619=DIRECTION('center_axis',(0.,1.,0.));
#2620=DIRECTION('ref_axis',(0.,0.,1.));
#2621=DIRECTION('center_axis',(0.,-1.,0.));
#2622=DIRECTION('ref_axis',(-1.,0.,3.21827578452215E-16));
#2623=DIRECTION('center_axis',(0.,-1.,0.));
#2624=DIRECTION('ref_axis',(-1.,0.,3.21827578452215E-16));
#2625=DIRECTION('center_axis',(0.,1.,0.));
#2626=DIRECTION('ref_axis',(1.,0.,-3.21827578452215E-16));
#2627=DIRECTION('center_axis',(0.,1.,0.));
#2628=DIRECTION('ref_axis',(1.,0.,-3.21827578452215E-16));
#2629=DIRECTION('center_axis',(0.,1.,0.));
#2630=DIRECTION('ref_axis',(1.,0.,-3.21827578452215E-16));
#2631=DIRECTION('',(0.,-1.,0.));
#2632=DIRECTION('center_axis',(0.,-1.,0.));
#2633=DIRECTION('ref_axis',(1.,0.,-3.21827578452215E-16));
#2634=DIRECTION('center_axis',(0.,-1.,0.));
#2635=DIRECTION('ref_axis',(1.,0.,-3.21827578452215E-16));
#2636=DIRECTION('center_axis',(0.,1.,0.));
#2637=DIRECTION('ref_axis',(0.,0.,1.));
#2638=DIRECTION('center_axis',(0.,-1.,0.));
#2639=DIRECTION('ref_axis',(-1.,0.,3.21827578452215E-16));
#2640=DIRECTION('center_axis',(0.,-1.,0.));
#2641=DIRECTION('ref_axis',(-1.,0.,3.21827578452215E-16));
#2642=DIRECTION('center_axis',(0.,-1.,0.));
#2643=DIRECTION('ref_axis',(1.,0.,0.));
#2644=DIRECTION('center_axis',(0.,-1.,0.));
#2645=DIRECTION('ref_axis',(1.,0.,0.));
#2646=DIRECTION('center_axis',(0.,-1.,0.));
#2647=DIRECTION('ref_axis',(1.,0.,0.));
#2648=DIRECTION('',(0.,-1.,0.));
#2649=DIRECTION('center_axis',(0.,-1.,0.));
#2650=DIRECTION('ref_axis',(1.,0.,0.));
#2651=DIRECTION('center_axis',(0.,-1.,0.));
#2652=DIRECTION('ref_axis',(1.,0.,0.));
#2653=DIRECTION('center_axis',(0.,1.,0.));
#2654=DIRECTION('ref_axis',(0.,0.,1.));
#2655=DIRECTION('center_axis',(0.,-1.,0.));
#2656=DIRECTION('ref_axis',(1.,0.,0.));
#2657=DIRECTION('center_axis',(0.,-1.,0.));
#2658=DIRECTION('ref_axis',(1.,0.,0.));
#2659=DIRECTION('center_axis',(0.,-1.,0.));
#2660=DIRECTION('ref_axis',(1.,0.,0.));
#2661=DIRECTION('',(0.,-1.,0.));
#2662=DIRECTION('center_axis',(0.,-1.,0.));
#2663=DIRECTION('ref_axis',(1.,0.,0.));
#2664=DIRECTION('center_axis',(0.,-1.,0.));
#2665=DIRECTION('ref_axis',(1.,0.,0.));
#2666=DIRECTION('center_axis',(0.,1.,0.));
#2667=DIRECTION('ref_axis',(0.,0.,1.));
#2668=DIRECTION('center_axis',(0.,-1.,0.));
#2669=DIRECTION('ref_axis',(-9.25185853854295E-18,0.,-1.));
#2670=DIRECTION('center_axis',(0.,-1.,0.));
#2671=DIRECTION('ref_axis',(0.999558583228224,0.,0.0297092358499177));
#2672=DIRECTION('',(0.,-1.,0.));
#2673=DIRECTION('center_axis',(0.,1.,0.));
#2674=DIRECTION('ref_axis',(0.999558583228224,0.,0.0297092358499177));
#2675=DIRECTION('',(0.,1.,0.));
#2676=DIRECTION('center_axis',(0.,-1.,0.));
#2677=DIRECTION('ref_axis',(2.22044604925031E-15,0.,1.));
#2678=DIRECTION('center_axis',(0.,-1.,0.));
#2679=DIRECTION('ref_axis',(-0.999558583228224,0.,-0.02970923584992));
#2680=DIRECTION('',(0.,-1.,0.));
#2681=DIRECTION('center_axis',(0.,1.,0.));
#2682=DIRECTION('ref_axis',(-0.999558583228224,0.,-0.02970923584992));
#2683=DIRECTION('',(0.,1.,0.));
#2684=DIRECTION('center_axis',(0.,1.,0.));
#2685=DIRECTION('ref_axis',(0.,0.,1.));
#2686=DIRECTION('',(1.,0.,-5.2948740141813E-16));
#2687=DIRECTION('center_axis',(0.,1.,0.));
#2688=DIRECTION('ref_axis',(0.,0.,-1.));
#2689=DIRECTION('center_axis',(0.,-1.,0.));
#2690=DIRECTION('ref_axis',(0.218643803199068,0.,-0.975804738317378));
#2691=DIRECTION('center_axis',(0.,1.,0.));
#2692=DIRECTION('ref_axis',(0.218643803199069,0.,-0.975804738317378));
#2693=DIRECTION('',(1.,0.,-5.24439430566346E-16));
#2694=DIRECTION('center_axis',(0.,1.,0.));
#2695=DIRECTION('ref_axis',(-4.4408920985007E-16,0.,-1.));
#2696=DIRECTION('',(-4.35381578284375E-16,0.,-1.));
#2697=DIRECTION('center_axis',(0.,1.,0.));
#2698=DIRECTION('ref_axis',(-1.,0.,0.));
#2699=DIRECTION('',(-1.,0.,2.62219715283173E-16));
#2700=DIRECTION('center_axis',(0.,1.,0.));
#2701=DIRECTION('ref_axis',(0.,0.,1.));
#2702=DIRECTION('center_axis',(0.,-1.,0.));
#2703=DIRECTION('ref_axis',(-0.218643803199068,0.,0.975804738317378));
#2704=DIRECTION('center_axis',(0.,1.,0.));
#2705=DIRECTION('ref_axis',(-0.218643803199068,0.,0.975804738317378));
#2706=DIRECTION('',(-1.,0.,-3.17692440850878E-16));
#2707=DIRECTION('center_axis',(0.,1.,0.));
#2708=DIRECTION('ref_axis',(0.,0.,1.));
#2709=DIRECTION('',(0.,0.,1.));
#2710=DIRECTION('center_axis',(0.,1.,0.));
#2711=DIRECTION('ref_axis',(1.,0.,0.));
#2712=DIRECTION('',(-1.,0.,2.96059473233375E-16));
#2713=DIRECTION('',(3.21827578452215E-16,0.,1.));
#2714=DIRECTION('center_axis',(0.,-1.,0.));
#2715=DIRECTION('ref_axis',(1.,0.,-3.21827578452215E-16));
#2716=DIRECTION('',(1.,0.,8.55995661854907E-15));
#2717=DIRECTION('',(0.,0.,-1.));
#2718=DIRECTION('',(-1.,0.,3.21827578452215E-16));
#2719=DIRECTION('center_axis',(0.,-1.,0.));
#2720=DIRECTION('ref_axis',(1.,0.,-3.21827578452215E-16));
#2721=DIRECTION('',(3.21827578452215E-16,0.,1.));
#2722=DIRECTION('',(1.,0.,1.97372982155583E-16));
#2723=DIRECTION('',(-4.89408412357899E-16,0.,-1.));
#2724=DIRECTION('center_axis',(0.,-1.,0.));
#2725=DIRECTION('ref_axis',(1.,0.,0.));
#2726=DIRECTION('center_axis',(0.,-1.,0.));
#2727=DIRECTION('ref_axis',(1.,0.,0.));
#2728=DIRECTION('center_axis',(0.,-1.,0.));
#2729=DIRECTION('ref_axis',(1.,0.,0.));
#2730=DIRECTION('center_axis',(0.,-1.,0.));
#2731=DIRECTION('ref_axis',(1.,0.,0.));
#2732=DIRECTION('center_axis',(0.,-1.,0.));
#2733=DIRECTION('ref_axis',(1.,0.,0.));
#2734=DIRECTION('center_axis',(0.,-1.,0.));
#2735=DIRECTION('ref_axis',(1.,0.,0.));
#2736=DIRECTION('center_axis',(0.,-1.,0.));
#2737=DIRECTION('ref_axis',(1.,0.,0.));
#2738=DIRECTION('center_axis',(0.,-1.,0.));
#2739=DIRECTION('ref_axis',(1.,0.,0.));
#2740=DIRECTION('center_axis',(0.,1.,0.));
#2741=DIRECTION('ref_axis',(1.,0.,0.));
#2742=DIRECTION('center_axis',(0.,-1.,0.));
#2743=DIRECTION('ref_axis',(-0.109989230569683,0.,-0.993932778993977));
#2744=DIRECTION('',(1.,0.,2.22044604925031E-16));
#2745=DIRECTION('',(-3.21827578452215E-16,0.,-1.));
#2746=DIRECTION('center_axis',(0.,-1.,0.));
#2747=DIRECTION('ref_axis',(1.,0.,-3.21827578452215E-16));
#2748=DIRECTION('',(-1.,0.,3.21827578452215E-16));
#2749=DIRECTION('',(3.1720657846433E-16,0.,1.));
#2750=DIRECTION('',(1.,0.,-3.21827578452215E-16));
#2751=DIRECTION('center_axis',(0.,-1.,0.));
#2752=DIRECTION('ref_axis',(1.,0.,-3.21827578452215E-16));
#2753=DIRECTION('',(-3.21827578452215E-16,0.,-1.));
#2754=DIRECTION('',(-1.,0.,2.22044604925031E-16));
#2755=DIRECTION('center_axis',(0.,-1.,0.));
#2756=DIRECTION('ref_axis',(-0.109989230569683,0.,0.993932778993977));
#2757=DIRECTION('center_axis',(0.,1.,0.));
#2758=DIRECTION('ref_axis',(1.,0.,0.));
#2759=DIRECTION('center_axis',(0.,1.,0.));
#2760=DIRECTION('ref_axis',(1.,0.,0.));
#2761=DIRECTION('center_axis',(0.,-1.,0.));
#2762=DIRECTION('ref_axis',(0.109989230569683,0.,0.993932778993977));
#2763=DIRECTION('',(-1.,0.,2.96059473233375E-16));
#2764=DIRECTION('',(4.05617995405057E-16,0.,1.));
#2765=DIRECTION('',(1.,0.,1.97372982155583E-16));
#2766=DIRECTION('center_axis',(0.,-1.,0.));
#2767=DIRECTION('ref_axis',(0.109989230569683,0.,-0.993932778993977));
#2768=DIRECTION('center_axis',(0.,1.,0.));
#2769=DIRECTION('ref_axis',(1.,0.,0.));
#2770=DIRECTION('center_axis',(2.46761591267625E-16,0.,1.));
#2771=DIRECTION('ref_axis',(1.,0.,-2.46761591267625E-16));
#2772=DIRECTION('',(1.,0.,-2.46761591267625E-16));
#2773=DIRECTION('',(0.,1.,0.));
#2774=DIRECTION('',(1.,0.,-2.46761591267625E-16));
#2775=DIRECTION('',(0.,1.,0.));
#2776=DIRECTION('center_axis',(0.,1.,0.));
#2777=DIRECTION('ref_axis',(1.,0.,0.));
#2778=DIRECTION('center_axis',(0.,1.,0.));
#2779=DIRECTION('ref_axis',(-0.218643803199068,0.,0.975804738317378));
#2780=DIRECTION('',(0.,1.,0.));
#2781=DIRECTION('center_axis',(0.,1.,0.));
#2782=DIRECTION('ref_axis',(1.,0.,0.));
#2783=DIRECTION('',(0.,-1.,0.));
#2784=DIRECTION('center_axis',(0.,1.,0.));
#2785=DIRECTION('ref_axis',(0.218643803199068,0.,-0.975804738317378));
#2786=DIRECTION('center_axis',(0.,1.,0.));
#2787=DIRECTION('ref_axis',(0.,0.,1.));
#2788=DIRECTION('center_axis',(0.,1.,0.));
#2789=DIRECTION('ref_axis',(-0.707106781186547,0.,-0.707106781186548));
#2790=DIRECTION('',(-1.,0.,-1.97372982155583E-16));
#2791=DIRECTION('center_axis',(0.,1.,0.));
#2792=DIRECTION('ref_axis',(0.109989230569683,0.,-0.993932778993977));
#2793=DIRECTION('center_axis',(0.,-1.,0.));
#2794=DIRECTION('ref_axis',(-1.44157457784554E-16,0.,1.));
#2795=DIRECTION('center_axis',(0.,1.,0.));
#2796=DIRECTION('ref_axis',(-0.109989230569683,0.,-0.993932778993977));
#2797=DIRECTION('',(-1.,0.,-2.22044604925031E-16));
#2798=DIRECTION('center_axis',(0.,1.,0.));
#2799=DIRECTION('ref_axis',(0.707106781186547,0.,-0.707106781186548));
#2800=DIRECTION('',(-3.1720657846433E-16,0.,-1.));
#2801=DIRECTION('center_axis',(0.,1.,0.));
#2802=DIRECTION('ref_axis',(0.707106781186547,0.,0.707106781186548));
#2803=DIRECTION('',(1.,0.,-2.22044604925031E-16));
#2804=DIRECTION('center_axis',(0.,1.,0.));
#2805=DIRECTION('ref_axis',(-0.109989230569683,0.,0.993932778993977));
#2806=DIRECTION('center_axis',(0.,-1.,0.));
#2807=DIRECTION('ref_axis',(-1.44157457784554E-16,0.,-1.));
#2808=DIRECTION('center_axis',(0.,1.,0.));
#2809=DIRECTION('ref_axis',(0.109989230569683,0.,0.993932778993977));
#2810=DIRECTION('',(1.,0.,-2.96059473233375E-16));
#2811=DIRECTION('center_axis',(0.,1.,0.));
#2812=DIRECTION('ref_axis',(-0.707106781186547,0.,0.707106781186548));
#2813=DIRECTION('',(0.,0.,1.));
#2814=DIRECTION('',(-1.,0.,-8.07921007735888E-16));
#2815=DIRECTION('center_axis',(0.,1.,0.));
#2816=DIRECTION('ref_axis',(-1.,0.,0.));
#2817=DIRECTION('',(0.,0.,1.));
#2818=DIRECTION('center_axis',(0.,1.,0.));
#2819=DIRECTION('ref_axis',(0.,0.,1.));
#2820=DIRECTION('center_axis',(0.,1.,0.));
#2821=DIRECTION('ref_axis',(1.,0.,0.));
#2822=DIRECTION('',(-2.81069120158267E-16,0.,-1.));
#2823=DIRECTION('center_axis',(0.,1.,0.));
#2824=DIRECTION('ref_axis',(0.,0.,-1.));
#2825=DIRECTION('center_axis',(0.,-1.,0.));
#2826=DIRECTION('ref_axis',(0.,0.,-1.));
#2827=DIRECTION('',(-1.,0.,-8.07921007735888E-16));
#2828=DIRECTION('center_axis',(0.,1.,0.));
#2829=DIRECTION('ref_axis',(0.,0.,-1.));
#2830=DIRECTION('',(-2.81069120158267E-16,0.,-1.));
#2831=DIRECTION('center_axis',(0.,1.,0.));
#2832=DIRECTION('ref_axis',(1.,0.,0.));
#2833=DIRECTION('center_axis',(0.,1.,0.));
#2834=DIRECTION('ref_axis',(0.,0.,1.));
#2835=DIRECTION('',(0.,0.,1.));
#2836=DIRECTION('center_axis',(0.,1.,0.));
#2837=DIRECTION('ref_axis',(-1.,0.,0.));
#2838=DIRECTION('center_axis',(0.,-1.,0.));
#2839=DIRECTION('ref_axis',(1.,0.,0.));
#2840=DIRECTION('center_axis',(0.,-1.,0.));
#2841=DIRECTION('ref_axis',(1.,0.,0.));
#2842=DIRECTION('center_axis',(0.,-1.,0.));
#2843=DIRECTION('ref_axis',(1.,0.,0.));
#2844=DIRECTION('center_axis',(0.,-1.,0.));
#2845=DIRECTION('ref_axis',(1.,0.,0.));
#2846=DIRECTION('center_axis',(0.,-1.,0.));
#2847=DIRECTION('ref_axis',(1.,0.,0.));
#2848=DIRECTION('center_axis',(0.,-1.,0.));
#2849=DIRECTION('ref_axis',(1.,0.,0.));
#2850=DIRECTION('center_axis',(0.,-1.,0.));
#2851=DIRECTION('ref_axis',(1.,0.,0.));
#2852=DIRECTION('center_axis',(0.,-1.,0.));
#2853=DIRECTION('ref_axis',(1.,0.,0.));
#2854=DIRECTION('center_axis',(0.,-1.,0.));
#2855=DIRECTION('ref_axis',(1.,0.,0.));
#2856=DIRECTION('center_axis',(0.,-1.,0.));
#2857=DIRECTION('ref_axis',(1.,0.,0.));
#2858=DIRECTION('center_axis',(0.,1.,0.));
#2859=DIRECTION('ref_axis',(0.,0.,-1.));
#2860=DIRECTION('',(0.,1.,0.));
#2861=DIRECTION('',(0.,1.,0.));
#2862=DIRECTION('center_axis',(1.,0.,-2.81069120158267E-16));
#2863=DIRECTION('ref_axis',(-2.81069120158267E-16,0.,-1.));
#2864=DIRECTION('',(0.,1.,0.));
#2865=DIRECTION('center_axis',(0.,1.,0.));
#2866=DIRECTION('ref_axis',(1.,0.,0.));
#2867=DIRECTION('center_axis',(0.,1.,0.));
#2868=DIRECTION('ref_axis',(0.,0.,1.));
#2869=DIRECTION('',(0.,1.,0.));
#2870=DIRECTION('center_axis',(-1.,0.,0.));
#2871=DIRECTION('ref_axis',(0.,0.,1.));
#2872=DIRECTION('',(0.,1.,0.));
#2873=DIRECTION('center_axis',(0.,1.,0.));
#2874=DIRECTION('ref_axis',(-1.,0.,0.));
#2875=DIRECTION('',(0.,1.,0.));
#2876=DIRECTION('center_axis',(8.07921007735888E-16,0.,-1.));
#2877=DIRECTION('ref_axis',(-1.,0.,-8.07921007735888E-16));
#2878=DIRECTION('center_axis',(-1.,0.,4.89408412357899E-16));
#2879=DIRECTION('ref_axis',(4.89408412357899E-16,0.,1.));
#2880=DIRECTION('',(0.,1.,0.));
#2881=DIRECTION('',(-4.89408412357899E-16,0.,-1.));
#2882=DIRECTION('',(0.,-1.,0.));
#2883=DIRECTION('center_axis',(1.,0.,-4.05617995405057E-16));
#2884=DIRECTION('ref_axis',(-4.05617995405057E-16,0.,-1.));
#2885=DIRECTION('',(0.,1.,0.));
#2886=DIRECTION('',(4.05617995405057E-16,0.,1.));
#2887=DIRECTION('',(0.,-1.,0.));
#2888=DIRECTION('center_axis',(2.96059473233375E-16,0.,1.));
#2889=DIRECTION('ref_axis',(1.,0.,-2.96059473233375E-16));
#2890=DIRECTION('',(-1.,0.,3.21827578452215E-16));
#2891=DIRECTION('',(0.,1.,0.));
#2892=DIRECTION('center_axis',(0.,1.,0.));
#2893=DIRECTION('ref_axis',(0.,0.,1.));
#2894=DIRECTION('',(1.,0.,5.25352263816793E-16));
#2895=DIRECTION('',(3.21827578452215E-16,0.,1.));
#2896=DIRECTION('center_axis',(0.,-1.,0.));
#2897=DIRECTION('ref_axis',(1.,0.,-3.21827578452215E-16));
#2898=DIRECTION('',(-1.,0.,3.21827578452215E-16));
#2899=DIRECTION('',(-3.21827578452215E-16,0.,-1.));
#2900=DIRECTION('',(1.,0.,8.55995661854907E-15));
#2901=DIRECTION('center_axis',(0.,-1.,0.));
#2902=DIRECTION('ref_axis',(1.,0.,-3.21827578452215E-16));
#2903=DIRECTION('',(3.21827578452215E-16,0.,1.));
#2904=DIRECTION('center_axis',(1.97372982155583E-16,0.,-1.));
#2905=DIRECTION('ref_axis',(-1.,0.,-1.97372982155583E-16));
#2906=DIRECTION('',(0.,-1.,0.));
#2907=DIRECTION('center_axis',(0.,1.,0.));
#2908=DIRECTION('ref_axis',(1.,0.,0.));
#2909=DIRECTION('',(0.,1.,0.));
#2910=DIRECTION('center_axis',(0.,1.,0.));
#2911=DIRECTION('ref_axis',(1.,0.,0.));
#2912=DIRECTION('',(0.,1.,0.));
#2913=DIRECTION('center_axis',(0.,1.,0.));
#2914=DIRECTION('ref_axis',(1.,0.,0.));
#2915=DIRECTION('',(0.,1.,0.));
#2916=DIRECTION('center_axis',(0.,1.,0.));
#2917=DIRECTION('ref_axis',(1.,0.,0.));
#2918=DIRECTION('',(0.,1.,0.));
#2919=DIRECTION('center_axis',(0.,1.,0.));
#2920=DIRECTION('ref_axis',(1.,0.,0.));
#2921=DIRECTION('',(0.,1.,0.));
#2922=DIRECTION('center_axis',(0.,-1.,0.));
#2923=DIRECTION('ref_axis',(1.,0.,0.));
#2924=DIRECTION('',(0.,-1.,0.));
#2925=DIRECTION('center_axis',(0.,-1.,0.));
#2926=DIRECTION('ref_axis',(1.,0.,0.));
#2927=DIRECTION('center_axis',(0.,-1.,0.));
#2928=DIRECTION('ref_axis',(1.,0.,0.));
#2929=DIRECTION('center_axis',(0.,1.,0.));
#2930=DIRECTION('ref_axis',(0.,0.,1.));
#2931=DIRECTION('center_axis',(0.,-1.,0.));
#2932=DIRECTION('ref_axis',(1.,0.,0.));
#2933=DIRECTION('',(0.,-1.,0.));
#2934=DIRECTION('center_axis',(0.,-1.,0.));
#2935=DIRECTION('ref_axis',(1.,0.,0.));
#2936=DIRECTION('center_axis',(0.,-1.,0.));
#2937=DIRECTION('ref_axis',(1.,0.,0.));
#2938=DIRECTION('center_axis',(0.,1.,0.));
#2939=DIRECTION('ref_axis',(0.,0.,1.));
#2940=DIRECTION('center_axis',(0.,-1.,0.));
#2941=DIRECTION('ref_axis',(1.,0.,0.));
#2942=DIRECTION('',(0.,-1.,0.));
#2943=DIRECTION('center_axis',(0.,-1.,0.));
#2944=DIRECTION('ref_axis',(1.,0.,0.));
#2945=DIRECTION('center_axis',(0.,-1.,0.));
#2946=DIRECTION('ref_axis',(1.,0.,0.));
#2947=DIRECTION('center_axis',(0.,1.,0.));
#2948=DIRECTION('ref_axis',(0.,0.,1.));
#2949=DIRECTION('center_axis',(0.,-1.,0.));
#2950=DIRECTION('ref_axis',(1.,0.,0.));
#2951=DIRECTION('',(0.,-1.,0.));
#2952=DIRECTION('center_axis',(0.,-1.,0.));
#2953=DIRECTION('ref_axis',(1.,0.,0.));
#2954=DIRECTION('center_axis',(0.,-1.,0.));
#2955=DIRECTION('ref_axis',(1.,0.,0.));
#2956=DIRECTION('center_axis',(0.,1.,0.));
#2957=DIRECTION('ref_axis',(0.,0.,1.));
#2958=DIRECTION('center_axis',(3.21827578452215E-16,0.,1.));
#2959=DIRECTION('ref_axis',(1.,0.,-3.21827578452215E-16));
#2960=DIRECTION('',(0.,1.,0.));
#2961=DIRECTION('',(-1.,0.,3.21827578452215E-16));
#2962=DIRECTION('',(0.,-1.,0.));
#2963=DIRECTION('center_axis',(0.,1.,0.));
#2964=DIRECTION('ref_axis',(1.,0.,-3.21827578452215E-16));
#2965=DIRECTION('',(0.,1.,0.));
#2966=DIRECTION('center_axis',(0.,-1.,0.));
#2967=DIRECTION('ref_axis',(1.,0.,-3.21827578452215E-16));
#2968=DIRECTION('center_axis',(-1.,0.,3.21827578452215E-16));
#2969=DIRECTION('ref_axis',(3.21827578452215E-16,0.,1.));
#2970=DIRECTION('',(0.,1.,0.));
#2971=DIRECTION('',(-3.21827578452215E-16,0.,-1.));
#2972=DIRECTION('center_axis',(1.,0.,-3.21827578452215E-16));
#2973=DIRECTION('ref_axis',(-3.21827578452215E-16,0.,-1.));
#2974=DIRECTION('',(0.,1.,0.));
#2975=DIRECTION('center_axis',(0.,1.,0.));
#2976=DIRECTION('ref_axis',(1.,0.,-3.21827578452215E-16));
#2977=DIRECTION('',(0.,1.,0.));
#2978=DIRECTION('center_axis',(8.55995661854907E-15,0.,-1.));
#2979=DIRECTION('ref_axis',(-1.,0.,-8.55995661854907E-15));
#2980=DIRECTION('',(0.,-1.,0.));
#2981=DIRECTION('center_axis',(0.,1.,0.));
#2982=DIRECTION('ref_axis',(1.,0.,-3.21827578452215E-16));
#2983=DIRECTION('',(0.,1.,0.));
#2984=DIRECTION('center_axis',(0.,-1.,0.));
#2985=DIRECTION('ref_axis',(1.,0.,-3.21827578452215E-16));
#2986=DIRECTION('',(0.,1.,0.));
#2987=DIRECTION('center_axis',(-3.21827578452215E-16,0.,-1.));
#2988=DIRECTION('ref_axis',(-1.,0.,3.21827578452215E-16));
#2989=DIRECTION('',(0.,1.,0.));
#2990=DIRECTION('',(1.,0.,-3.21827578452215E-16));
#2991=DIRECTION('center_axis',(-1.,0.,3.21827578452215E-16));
#2992=DIRECTION('ref_axis',(3.21827578452215E-16,0.,1.));
#2993=DIRECTION('',(-3.21827578452215E-16,0.,-1.));
#2994=DIRECTION('',(0.,-1.,0.));
#2995=DIRECTION('center_axis',(0.,1.,0.));
#2996=DIRECTION('ref_axis',(1.,0.,-3.21827578452215E-16));
#2997=DIRECTION('',(0.,1.,0.));
#2998=DIRECTION('',(0.,1.,0.));
#2999=DIRECTION('center_axis',(1.,0.,-3.21827578452215E-16));
#3000=DIRECTION('ref_axis',(-3.21827578452215E-16,0.,-1.));
#3001=DIRECTION('center_axis',(3.21827578452215E-16,0.,1.));
#3002=DIRECTION('ref_axis',(1.,0.,-3.21827578452215E-16));
#3003=DIRECTION('',(0.,1.,0.));
#3004=DIRECTION('center_axis',(1.,0.,-3.1720657846433E-16));
#3005=DIRECTION('ref_axis',(-3.1720657846433E-16,0.,-1.));
#3006=DIRECTION('',(3.21827578452215E-16,0.,1.));
#3007=DIRECTION('center_axis',(2.22044604925031E-16,0.,1.));
#3008=DIRECTION('ref_axis',(1.,0.,-2.22044604925031E-16));
#3009=DIRECTION('',(-1.,0.,3.21827578452215E-16));
#3010=DIRECTION('',(0.,1.,0.));
#3011=DIRECTION('center_axis',(-1.,0.,0.));
#3012=DIRECTION('ref_axis',(0.,0.,1.));
#3013=DIRECTION('center_axis',(1.97372982155583E-16,0.,-1.));
#3014=DIRECTION('ref_axis',(-1.,0.,-1.97372982155583E-16));
#3015=DIRECTION('',(1.,0.,5.25352263816793E-16));
#3016=DIRECTION('',(0.,1.,0.));
#3017=DIRECTION('center_axis',(0.,1.,0.));
#3018=DIRECTION('ref_axis',(0.,0.,1.));
#3019=DIRECTION('center_axis',(0.,1.,0.));
#3020=DIRECTION('ref_axis',(-0.218643803199068,0.,0.975804738317378));
#3021=DIRECTION('center_axis',(0.,-1.,0.));
#3022=DIRECTION('ref_axis',(-0.218643803199069,0.,0.975804738317378));
#3023=DIRECTION('',(1.,0.,-3.21827578452215E-16));
#3024=DIRECTION('center_axis',(0.,-1.,0.));
#3025=DIRECTION('ref_axis',(1.58141189233376E-15,0.,-1.));
#3026=DIRECTION('center_axis',(0.,1.,0.));
#3027=DIRECTION('ref_axis',(0.218643803199068,0.,-0.975804738317378));
#3028=DIRECTION('center_axis',(0.,-1.,0.));
#3029=DIRECTION('ref_axis',(0.218643803199069,0.,-0.975804738317378));
#3030=DIRECTION('',(-1.,0.,3.21827578452215E-16));
#3031=DIRECTION('center_axis',(0.,-1.,0.));
#3032=DIRECTION('ref_axis',(3.21827578452215E-16,0.,1.));
#3033=DIRECTION('center_axis',(-5.2948740141813E-16,0.,-1.));
#3034=DIRECTION('ref_axis',(-1.,0.,5.2948740141813E-16));
#3035=DIRECTION('',(0.,1.,0.));
#3036=DIRECTION('',(-1.,0.,5.2948740141813E-16));
#3037=DIRECTION('',(0.,1.,0.));
#3038=DIRECTION('center_axis',(0.,1.,0.));
#3039=DIRECTION('ref_axis',(0.,0.,-1.));
#3040=DIRECTION('center_axis',(0.,-1.,0.));
#3041=DIRECTION('ref_axis',(0.,0.,-1.));
#3042=DIRECTION('',(0.,1.,0.));
#3043=DIRECTION('center_axis',(0.,1.,0.));
#3044=DIRECTION('ref_axis',(0.218643803199068,0.,-0.975804738317378));
#3045=DIRECTION('center_axis',(0.,1.,0.));
#3046=DIRECTION('ref_axis',(0.218643803199068,0.,-0.975804738317378));
#3047=DIRECTION('',(0.,1.,0.));
#3048=DIRECTION('center_axis',(0.,1.,0.));
#3049=DIRECTION('ref_axis',(0.218643803199069,0.,-0.975804738317378));
#3050=DIRECTION('center_axis',(0.,-1.,0.));
#3051=DIRECTION('ref_axis',(0.218643803199069,0.,-0.975804738317378));
#3052=DIRECTION('',(0.,1.,0.));
#3053=DIRECTION('center_axis',(-5.24439430566346E-16,0.,-1.));
#3054=DIRECTION('ref_axis',(-1.,0.,5.24439430566346E-16));
#3055=DIRECTION('',(-1.,0.,5.24439430566346E-16));
#3056=DIRECTION('',(0.,1.,0.));
#3057=DIRECTION('center_axis',(0.,1.,0.));
#3058=DIRECTION('ref_axis',(-4.4408920985007E-16,0.,-1.));
#3059=DIRECTION('center_axis',(0.,-1.,0.));
#3060=DIRECTION('ref_axis',(-4.4408920985007E-16,0.,-1.));
#3061=DIRECTION('',(0.,1.,0.));
#3062=DIRECTION('center_axis',(-1.,0.,4.35381578284375E-16));
#3063=DIRECTION('ref_axis',(4.35381578284375E-16,0.,1.));
#3064=DIRECTION('',(4.35381578284375E-16,0.,1.));
#3065=DIRECTION('',(0.,1.,0.));
#3066=DIRECTION('center_axis',(0.,1.,0.));
#3067=DIRECTION('ref_axis',(-1.,0.,0.));
#3068=DIRECTION('center_axis',(0.,-1.,0.));
#3069=DIRECTION('ref_axis',(-1.,0.,0.));
#3070=DIRECTION('',(0.,1.,0.));
#3071=DIRECTION('center_axis',(2.62219715283173E-16,0.,1.));
#3072=DIRECTION('ref_axis',(1.,0.,-2.62219715283173E-16));
#3073=DIRECTION('',(1.,0.,-2.62219715283173E-16));
#3074=DIRECTION('',(0.,1.,0.));
#3075=DIRECTION('center_axis',(0.,1.,0.));
#3076=DIRECTION('ref_axis',(0.,0.,1.));
#3077=DIRECTION('center_axis',(0.,-1.,0.));
#3078=DIRECTION('ref_axis',(0.,0.,1.));
#3079=DIRECTION('',(0.,1.,0.));
#3080=DIRECTION('center_axis',(0.,1.,0.));
#3081=DIRECTION('ref_axis',(-0.218643803199068,0.,0.975804738317378));
#3082=DIRECTION('center_axis',(0.,1.,0.));
#3083=DIRECTION('ref_axis',(-0.218643803199068,0.,0.975804738317378));
#3084=DIRECTION('',(0.,1.,0.));
#3085=DIRECTION('center_axis',(0.,1.,0.));
#3086=DIRECTION('ref_axis',(-0.218643803199068,0.,0.975804738317378));
#3087=DIRECTION('center_axis',(0.,-1.,0.));
#3088=DIRECTION('ref_axis',(-0.218643803199068,0.,0.975804738317378));
#3089=DIRECTION('',(0.,1.,0.));
#3090=DIRECTION('center_axis',(-3.17692440850878E-16,0.,1.));
#3091=DIRECTION('ref_axis',(1.,0.,3.17692440850878E-16));
#3092=DIRECTION('',(1.,0.,3.17692440850878E-16));
#3093=DIRECTION('',(0.,1.,0.));
#3094=DIRECTION('center_axis',(0.,1.,0.));
#3095=DIRECTION('ref_axis',(0.,0.,1.));
#3096=DIRECTION('center_axis',(0.,-1.,0.));
#3097=DIRECTION('ref_axis',(0.,0.,1.));
#3098=DIRECTION('',(0.,1.,0.));
#3099=DIRECTION('center_axis',(1.,0.,0.));
#3100=DIRECTION('ref_axis',(0.,0.,-1.));
#3101=DIRECTION('',(0.,0.,-1.));
#3102=DIRECTION('',(0.,1.,0.));
#3103=DIRECTION('center_axis',(0.,1.,0.));
#3104=DIRECTION('ref_axis',(1.,0.,0.));
#3105=DIRECTION('center_axis',(0.,-1.,0.));
#3106=DIRECTION('ref_axis',(1.,0.,0.));
#3107=DIRECTION('center_axis',(0.,1.,0.));
#3108=DIRECTION('ref_axis',(0.,0.,1.));
#3109=DIRECTION('center_axis',(0.,1.,0.));
#3110=DIRECTION('ref_axis',(-1.,0.,0.));
#3111=DIRECTION('',(1.,0.,-3.17692440850878E-16));
#3112=DIRECTION('center_axis',(0.,1.,0.));
#3113=DIRECTION('ref_axis',(0.,0.,1.));
#3114=DIRECTION('center_axis',(0.,-1.,0.));
#3115=DIRECTION('ref_axis',(-0.218643803199068,0.,0.975804738317378));
#3116=DIRECTION('center_axis',(0.,1.,0.));
#3117=DIRECTION('ref_axis',(-0.218643803199068,0.,0.975804738317378));
#3118=DIRECTION('',(1.,0.,-2.62219715283173E-16));
#3119=DIRECTION('center_axis',(0.,1.,0.));
#3120=DIRECTION('ref_axis',(4.44089209850063E-16,0.,1.));
#3121=DIRECTION('',(-3.1720657846433E-16,0.,-1.));
#3122=DIRECTION('center_axis',(0.,1.,0.));
#3123=DIRECTION('ref_axis',(1.,0.,0.));
#3124=DIRECTION('',(-1.,0.,-2.62219715283173E-16));
#3125=DIRECTION('center_axis',(0.,1.,0.));
#3126=DIRECTION('ref_axis',(4.44089209850062E-16,0.,-1.));
#3127=DIRECTION('center_axis',(0.,-1.,0.));
#3128=DIRECTION('ref_axis',(0.218643803199068,0.,-0.975804738317378));
#3129=DIRECTION('center_axis',(0.,1.,0.));
#3130=DIRECTION('ref_axis',(0.218643803199068,0.,-0.975804738317378));
#3131=DIRECTION('',(-1.,0.,-2.11794960567252E-16));
#3132=DIRECTION('center_axis',(0.,1.,0.));
#3133=DIRECTION('ref_axis',(0.,0.,-1.));
#3134=DIRECTION('',(0.,0.,1.));
#3135=DIRECTION('center_axis',(0.,1.,0.));
#3136=DIRECTION('ref_axis',(0.,0.,1.));
#3137=DIRECTION('center_axis',(-1.,0.,0.));
#3138=DIRECTION('ref_axis',(0.,0.,-1.));
#3139=DIRECTION('center_axis',(0.,0.,-1.));
#3140=DIRECTION('ref_axis',(0.,-1.,0.));
#3141=DIRECTION('center_axis',(0.,-1.,0.));
#3142=DIRECTION('ref_axis',(-0.707106781186547,0.,-0.707106781186548));
#3143=DIRECTION('center_axis',(0.,0.,1.));
#3144=DIRECTION('ref_axis',(-0.707106781186553,-0.707106781186543,0.));
#3145=DIRECTION('center_axis',(-8.88178419700113E-15,0.,-1.));
#3146=DIRECTION('ref_axis',(0.,-1.,0.));
#3147=DIRECTION('',(0.,0.,-1.));
#3148=DIRECTION('center_axis',(0.,1.,0.));
#3149=DIRECTION('ref_axis',(0.,0.,1.));
#3150=DIRECTION('center_axis',(-1.,0.,0.));
#3151=DIRECTION('ref_axis',(0.,-1.,0.));
#3152=DIRECTION('center_axis',(0.,-1.,0.));
#3153=DIRECTION('ref_axis',(-0.707106781186547,0.,0.707106781186548));
#3154=DIRECTION('center_axis',(1.,0.,-2.96059473233375E-16));
#3155=DIRECTION('ref_axis',(0.,-0.707106781186555,0.70710678118654));
#3156=DIRECTION('center_axis',(-1.,0.,0.));
#3157=DIRECTION('ref_axis',(0.,-1.,0.));
#3158=DIRECTION('',(-1.,0.,2.96059473233375E-16));
#3159=DIRECTION('center_axis',(0.,1.,0.));
#3160=DIRECTION('ref_axis',(0.,0.,1.));
#3161=DIRECTION('center_axis',(-0.975804738317377,0.,0.218643803199076));
#3162=DIRECTION('ref_axis',(0.,-1.,0.));
#3163=DIRECTION('center_axis',(0.,-1.,0.));
#3164=DIRECTION('ref_axis',(0.109989230569683,0.,0.993932778993977));
#3165=DIRECTION('center_axis',(0.,-1.,0.));
#3166=DIRECTION('ref_axis',(0.,0.,-1.));
#3167=DIRECTION('center_axis',(-0.975804738317379,0.,-0.218643803199063));
#3168=DIRECTION('ref_axis',(0.,-1.,0.));
#3169=DIRECTION('center_axis',(0.,1.,0.));
#3170=DIRECTION('ref_axis',(-1.44157457784554E-16,0.,-1.));
#3171=DIRECTION('center_axis',(0.,1.,0.));
#3172=DIRECTION('ref_axis',(0.,0.,1.));
#3173=DIRECTION('center_axis',(-1.,0.,4.44089209850052E-15));
#3174=DIRECTION('ref_axis',(0.,-1.,0.));
#3175=DIRECTION('center_axis',(0.,-1.,0.));
#3176=DIRECTION('ref_axis',(-0.109989230569683,0.,0.993932778993977));
#3177=DIRECTION('center_axis',(1.,0.,-2.22044604925031E-16));
#3178=DIRECTION('ref_axis',(0.,-0.707106781186543,0.707106781186553));
#3179=DIRECTION('center_axis',(-1.,0.,-1.11022302462515E-15));
#3180=DIRECTION('ref_axis',(0.,-1.,0.));
#3181=DIRECTION('',(-1.,0.,2.22044604925031E-16));
#3182=DIRECTION('center_axis',(0.,1.,0.));
#3183=DIRECTION('ref_axis',(0.,0.,1.));
#3184=DIRECTION('center_axis',(0.,0.,1.));
#3185=DIRECTION('ref_axis',(0.,-1.,0.));
#3186=DIRECTION('center_axis',(0.,-1.,0.));
#3187=DIRECTION('ref_axis',(0.707106781186547,0.,0.707106781186548));
#3188=DIRECTION('center_axis',(-3.1720657846433E-16,0.,-1.));
#3189=DIRECTION('ref_axis',(0.707106781186546,-0.707106781186549,0.));
#3190=DIRECTION('center_axis',(0.,0.,1.));
#3191=DIRECTION('ref_axis',(0.,-1.,0.));
#3192=DIRECTION('',(3.1720657846433E-16,0.,1.));
#3193=DIRECTION('center_axis',(0.,1.,0.));
#3194=DIRECTION('ref_axis',(0.,0.,1.));
#3195=DIRECTION('center_axis',(1.,0.,0.));
#3196=DIRECTION('ref_axis',(0.,-1.,0.));
#3197=DIRECTION('center_axis',(0.,-1.,0.));
#3198=DIRECTION('ref_axis',(0.707106781186547,0.,-0.707106781186548));
#3199=DIRECTION('center_axis',(-1.,0.,-2.22044604925031E-16));
#3200=DIRECTION('ref_axis',(0.,-0.707106781186549,-0.707106781186546));
#3201=DIRECTION('center_axis',(1.,0.,0.));
#3202=DIRECTION('ref_axis',(0.,-1.,0.));
#3203=DIRECTION('',(1.,0.,2.22044604925031E-16));
#3204=DIRECTION('center_axis',(0.,1.,0.));
#3205=DIRECTION('ref_axis',(0.,0.,1.));
#3206=DIRECTION('center_axis',(0.975804738317378,0.,-0.218643803199068));
#3207=DIRECTION('ref_axis',(0.,-1.,0.));
#3208=DIRECTION('center_axis',(0.,-1.,0.));
#3209=DIRECTION('ref_axis',(-0.109989230569683,0.,-0.993932778993977));
#3210=DIRECTION('center_axis',(0.,-1.,0.));
#3211=DIRECTION('ref_axis',(-1.13484042277347E-16,0.,1.));
#3212=DIRECTION('center_axis',(0.975804738317379,0.,0.218643803199063));
#3213=DIRECTION('ref_axis',(0.,-1.,0.));
#3214=DIRECTION('center_axis',(0.,1.,0.));
#3215=DIRECTION('ref_axis',(-1.44157457784554E-16,0.,1.));
#3216=DIRECTION('center_axis',(0.,1.,0.));
#3217=DIRECTION('ref_axis',(0.,0.,1.));
#3218=DIRECTION('center_axis',(1.,0.,0.));
#3219=DIRECTION('ref_axis',(0.,-1.,0.));
#3220=DIRECTION('center_axis',(0.,-1.,0.));
#3221=DIRECTION('ref_axis',(0.109989230569683,0.,-0.993932778993977));
#3222=DIRECTION('center_axis',(-1.,0.,-1.97372982155583E-16));
#3223=DIRECTION('ref_axis',(0.,-0.707106781186549,-0.707106781186546));
#3224=DIRECTION('',(1.,0.,1.97372982155583E-16));
#3225=DIRECTION('center_axis',(1.,0.,-3.1720657846433E-16));
#3226=DIRECTION('ref_axis',(-3.1720657846433E-16,0.,-1.));
#3227=DIRECTION('',(0.,-1.,0.));
#3228=DIRECTION('',(0.,1.,0.));
#3229=DIRECTION('center_axis',(0.,1.,0.));
#3230=DIRECTION('ref_axis',(0.707106781186548,0.,-0.707106781186547));
#3231=DIRECTION('',(0.,1.,0.));
#3232=DIRECTION('center_axis',(2.22044604925031E-16,0.,-1.));
#3233=DIRECTION('ref_axis',(-1.,0.,-2.22044604925031E-16));
#3234=DIRECTION('',(0.,-1.,0.));
#3235=DIRECTION('center_axis',(0.,1.,0.));
#3236=DIRECTION('ref_axis',(-0.109989230569683,0.,-0.993932778993977));
#3237=DIRECTION('',(0.,1.,0.));
#3238=DIRECTION('center_axis',(0.,1.,0.));
#3239=DIRECTION('ref_axis',(1.,0.,0.));
#3240=DIRECTION('',(0.,-1.,0.));
#3241=DIRECTION('center_axis',(0.,1.,0.));
#3242=DIRECTION('ref_axis',(0.109989230569683,0.,-0.993932778993977));
#3243=DIRECTION('',(0.,1.,0.));
#3244=DIRECTION('center_axis',(1.97372982155583E-16,0.,-1.));
#3245=DIRECTION('ref_axis',(-1.,0.,-1.97372982155583E-16));
#3246=DIRECTION('',(0.,-1.,0.));
#3247=DIRECTION('center_axis',(0.,1.,0.));
#3248=DIRECTION('ref_axis',(-0.707106781186547,0.,-0.707106781186547));
#3249=DIRECTION('',(0.,1.,0.));
#3250=DIRECTION('center_axis',(0.,1.,0.));
#3251=DIRECTION('ref_axis',(0.109989230569683,0.,-0.993932778993977));
#3252=DIRECTION('center_axis',(0.,1.,0.));
#3253=DIRECTION('ref_axis',(1.,0.,0.));
#3254=DIRECTION('',(0.,1.,0.));
#3255=DIRECTION('center_axis',(0.,1.,0.));
#3256=DIRECTION('ref_axis',(-0.109989230569683,0.,-0.993932778993977));
#3257=DIRECTION('',(0.,-1.,0.));
#3258=DIRECTION('center_axis',(2.22044604925031E-16,0.,-1.));
#3259=DIRECTION('ref_axis',(-1.,0.,-2.22044604925031E-16));
#3260=DIRECTION('center_axis',(0.,1.,0.));
#3261=DIRECTION('ref_axis',(-0.109989230569683,0.,0.993932778993977));
#3262=DIRECTION('',(0.,-1.,0.));
#3263=DIRECTION('center_axis',(0.,1.,0.));
#3264=DIRECTION('ref_axis',(1.,0.,0.));
#3265=DIRECTION('center_axis',(0.,1.,0.));
#3266=DIRECTION('ref_axis',(0.109989230569683,0.,0.993932778993977));
#3267=DIRECTION('',(0.,-1.,0.));
#3268=DIRECTION('center_axis',(2.96059473233375E-16,0.,1.));
#3269=DIRECTION('ref_axis',(1.,0.,-2.96059473233375E-16));
#3270=DIRECTION('center_axis',(0.,1.,0.));
#3271=DIRECTION('ref_axis',(-0.109989230569683,0.,0.993932778993977));
#3272=DIRECTION('',(0.,1.,0.));
#3273=DIRECTION('',(0.,-1.,0.));
#3274=DIRECTION('center_axis',(0.,1.,0.));
#3275=DIRECTION('ref_axis',(1.,0.,0.));
#3276=DIRECTION('',(0.,1.,0.));
#3277=DIRECTION('center_axis',(0.,1.,0.));
#3278=DIRECTION('ref_axis',(0.109989230569683,0.,0.993932778993977));
#3279=DIRECTION('',(0.,-1.,0.));
#3280=DIRECTION('center_axis',(2.96059473233375E-16,0.,1.));
#3281=DIRECTION('ref_axis',(1.,0.,-2.96059473233375E-16));
#3282=DIRECTION('',(0.,1.,0.));
#3283=DIRECTION('center_axis',(0.,1.,0.));
#3284=DIRECTION('ref_axis',(0.707106781186548,0.,0.707106781186547));
#3285=DIRECTION('',(0.,-1.,0.));
#3286=DIRECTION('center_axis',(2.22044604925031E-16,0.,1.));
#3287=DIRECTION('ref_axis',(1.,0.,-2.22044604925031E-16));
#3288=DIRECTION('center_axis',(0.,1.,0.));
#3289=DIRECTION('ref_axis',(-0.707106781186547,0.,0.707106781186547));
#3290=DIRECTION('',(0.,-1.,0.));
#3291=DIRECTION('center_axis',(-1.,0.,0.));
#3292=DIRECTION('ref_axis',(0.,0.,1.));
#3293=CARTESIAN_POINT('',(0.,0.,0.));
#3294=CARTESIAN_POINT('Origin',(-38.0160717683597,2.5,1.29718751651353E-5));
#3295=CARTESIAN_POINT('',(-34.5160717683597,3.5,1.29718751640089E-5));
#3296=CARTESIAN_POINT('',(-41.5160717683597,3.5,1.29718751666903E-5));
#3297=CARTESIAN_POINT('Origin',(-38.0160717683597,3.5,1.29718751651353E-5));
#3298=CARTESIAN_POINT('Origin',(-38.0160717683597,3.5,1.29718751651353E-5));
#3299=CARTESIAN_POINT('',(-41.5160717683597,2.5,1.29718751666903E-5));
#3300=CARTESIAN_POINT('',(-41.5160717683597,2.5,1.29718751666903E-5));
#3301=CARTESIAN_POINT('',(-34.5160717683597,2.5,1.29718751640089E-5));
#3302=CARTESIAN_POINT('Origin',(-38.0160717683597,2.5,1.29718751651353E-5));
#3303=CARTESIAN_POINT('Origin',(-38.0160717683597,2.5,1.29718751651353E-5));
#3304=CARTESIAN_POINT('Origin',(-38.0160717683597,3.5,1.29718751651353E-5));
#3305=CARTESIAN_POINT('',(-36.0160717683597,3.5,1.29718751642467E-5));
#3306=CARTESIAN_POINT('',(-40.0160717683597,3.5,1.29718751266612E-5));
#3307=CARTESIAN_POINT('Origin',(-38.0160717683597,3.5,1.29718751651353E-5));
#3308=CARTESIAN_POINT('Origin',(-38.0160717683597,3.5,1.29718751651353E-5));
#3309=CARTESIAN_POINT('Origin',(-38.0160717683597,2.5,25.0150581378912));
#3310=CARTESIAN_POINT('',(-34.5160717683597,3.5,25.0150581378912));
#3311=CARTESIAN_POINT('',(-41.5160717683597,3.5,25.0150581378912));
#3312=CARTESIAN_POINT('Origin',(-38.0160717683597,3.5,25.0150581378912));
#3313=CARTESIAN_POINT('Origin',(-38.0160717683597,3.5,25.0150581378912));
#3314=CARTESIAN_POINT('',(-41.5160717683597,2.5,25.0150581378912));
#3315=CARTESIAN_POINT('',(-41.5160717683597,2.5,25.0150581378912));
#3316=CARTESIAN_POINT('',(-34.5160717683597,2.5,25.0150581378912));
#3317=CARTESIAN_POINT('Origin',(-38.0160717683597,2.5,25.0150581378912));
#3318=CARTESIAN_POINT('Origin',(-38.0160717683597,2.5,25.0150581378912));
#3319=CARTESIAN_POINT('Origin',(-38.0160717683597,3.5,25.0150581378912));
#3320=CARTESIAN_POINT('',(-36.0160717683597,3.5,25.0150581378912));
#3321=CARTESIAN_POINT('',(-40.0160717683597,3.5,25.0150581378912));
#3322=CARTESIAN_POINT('Origin',(-38.0160717683597,3.5,25.0150581378912));
#3323=CARTESIAN_POINT('Origin',(-38.0160717683597,3.5,25.0150581378912));
#3324=CARTESIAN_POINT('Origin',(-28.0607495027396,2.5,-24.9857963542969));
#3325=CARTESIAN_POINT('',(-24.5607495027396,3.5,-24.9857963542969));
#3326=CARTESIAN_POINT('',(-31.5607495027396,3.5,-24.9857963542969));
#3327=CARTESIAN_POINT('Origin',(-28.0607495027396,3.5,-24.9857963542969));
#3328=CARTESIAN_POINT('Origin',(-28.0607495027396,3.5,-24.9857963542969));
#3329=CARTESIAN_POINT('',(-31.5607495027396,2.5,-24.9857963542969));
#3330=CARTESIAN_POINT('',(-31.5607495027396,2.5,-24.9857963542969));
#3331=CARTESIAN_POINT('',(-24.5607495027396,2.5,-24.9857963542969));
#3332=CARTESIAN_POINT('Origin',(-28.0607495027396,2.5,-24.9857963542969));
#3333=CARTESIAN_POINT('Origin',(-28.0607495027396,2.5,-24.9857963542969));
#3334=CARTESIAN_POINT('Origin',(-28.0607495027396,3.5,-24.9857963542969));
#3335=CARTESIAN_POINT('',(-26.0607495027396,3.5,-24.9857963542969));
#3336=CARTESIAN_POINT('',(-30.0607495027396,3.5,-24.9857963542969));
#3337=CARTESIAN_POINT('Origin',(-28.0607495027396,3.5,-24.9857963542969));
#3338=CARTESIAN_POINT('Origin',(-28.0607495027396,3.5,-24.9857963542969));
#3339=CARTESIAN_POINT('Origin',(-28.0685620027397,2.5,25.0000129718752));
#3340=CARTESIAN_POINT('',(-24.5685620027397,3.5,25.0000129718752));
#3341=CARTESIAN_POINT('',(-31.5685620027397,3.5,25.0000129718752));
#3342=CARTESIAN_POINT('Origin',(-28.0685620027397,3.5,25.0000129718752));
#3343=CARTESIAN_POINT('Origin',(-28.0685620027397,3.5,25.0000129718752));
#3344=CARTESIAN_POINT('',(-31.5685620027397,2.5,25.0000129718752));
#3345=CARTESIAN_POINT('',(-31.5685620027397,2.5,25.0000129718752));
#3346=CARTESIAN_POINT('',(-24.5685620027397,2.5,25.0000129718752));
#3347=CARTESIAN_POINT('Origin',(-28.0685620027397,2.5,25.0000129718752));
#3348=CARTESIAN_POINT('Origin',(-28.0685620027397,2.5,25.0000129718752));
#3349=CARTESIAN_POINT('Origin',(-28.0685620027397,3.5,25.0000129718752));
#3350=CARTESIAN_POINT('',(-26.0685620027397,3.5,25.0000129718752));
#3351=CARTESIAN_POINT('',(-30.0685620027397,3.5,25.0000129718752));
#3352=CARTESIAN_POINT('Origin',(-28.0685620027397,3.5,25.0000129718752));
#3353=CARTESIAN_POINT('Origin',(-28.0685620027397,3.5,25.0000129718752));
#3354=CARTESIAN_POINT('Origin',(-38.0160717683597,2.5,-24.9999870281249));
#3355=CARTESIAN_POINT('',(-34.5160717683597,3.5,-24.9999870281249));
#3356=CARTESIAN_POINT('',(-41.5160717683597,3.5,-24.9999870281249));
#3357=CARTESIAN_POINT('Origin',(-38.0160717683597,3.5,-24.9999870281249));
#3358=CARTESIAN_POINT('Origin',(-38.0160717683597,3.5,-24.9999870281249));
#3359=CARTESIAN_POINT('',(-41.5160717683597,2.5,-24.9999870281249));
#3360=CARTESIAN_POINT('',(-41.5160717683597,2.5,-24.9999870281249));
#3361=CARTESIAN_POINT('',(-34.5160717683597,2.5,-24.9999870281249));
#3362=CARTESIAN_POINT('Origin',(-38.0160717683597,2.5,-24.9999870281249));
#3363=CARTESIAN_POINT('Origin',(-38.0160717683597,2.5,-24.9999870281249));
#3364=CARTESIAN_POINT('Origin',(-38.0160717683597,3.5,-24.9999870281249));
#3365=CARTESIAN_POINT('',(-36.0160717683597,3.5,-24.9999870281249));
#3366=CARTESIAN_POINT('',(-40.0160717683597,3.5,-24.9999870281249));
#3367=CARTESIAN_POINT('Origin',(-38.0160717683597,3.5,-24.9999870281249));
#3368=CARTESIAN_POINT('Origin',(-38.0160717683597,3.5,-24.9999870281249));
#3369=CARTESIAN_POINT('Origin',(-67.9999999999997,6.,-47.276625594005));
#3370=CARTESIAN_POINT('',(-65.8999999999997,6.,-47.276625594005));
#3371=CARTESIAN_POINT('',(-70.0999999999997,6.,-47.276625594005));
#3372=CARTESIAN_POINT('Origin',(-67.9999999999997,6.,-47.276625594005));
#3373=CARTESIAN_POINT('Origin',(-67.9999999999997,6.,-47.276625594005));
#3374=CARTESIAN_POINT('',(-70.0999999999997,1.5,-47.276625594005));
#3375=CARTESIAN_POINT('',(-70.0999999999997,6.,-47.276625594005));
#3376=CARTESIAN_POINT('',(-65.8999999999997,1.5,-47.276625594005));
#3377=CARTESIAN_POINT('Origin',(-67.9999999999997,1.5,-47.276625594005));
#3378=CARTESIAN_POINT('Origin',(-67.9999999999997,1.5,-47.276625594005));
#3379=CARTESIAN_POINT('Origin',(-67.9999999999997,1.5,-47.276625594005));
#3380=CARTESIAN_POINT('Origin',(-67.9999999999997,6.,47.2766255940053));
#3381=CARTESIAN_POINT('',(-65.8999999999997,6.,47.2766255940053));
#3382=CARTESIAN_POINT('',(-70.0999999999997,6.,47.2766255940053));
#3383=CARTESIAN_POINT('Origin',(-67.9999999999997,6.,47.2766255940053));
#3384=CARTESIAN_POINT('Origin',(-67.9999999999997,6.,47.2766255940053));
#3385=CARTESIAN_POINT('',(-70.0999999999997,1.5,47.2766255940053));
#3386=CARTESIAN_POINT('',(-70.0999999999997,6.,47.2766255940053));
#3387=CARTESIAN_POINT('',(-65.8999999999997,1.5,47.2766255940053));
#3388=CARTESIAN_POINT('Origin',(-67.9999999999997,1.5,47.2766255940053));
#3389=CARTESIAN_POINT('Origin',(-67.9999999999997,1.5,47.2766255940053));
#3390=CARTESIAN_POINT('Origin',(-67.9999999999997,1.5,47.2766255940053));
#3391=CARTESIAN_POINT('Origin',(-67.9999999999997,6.,49.7766255940053));
#3392=CARTESIAN_POINT('',(-75.4966893742114,2.5,49.9994448628797));
#3393=CARTESIAN_POINT('',(-60.503310625788,2.5,49.9994448628797));
#3394=CARTESIAN_POINT('Origin',(-67.9999999999997,2.5,49.7766255940053));
#3395=CARTESIAN_POINT('',(-75.4966893742114,6.,49.9994448628797));
#3396=CARTESIAN_POINT('',(-75.4966893742114,6.,49.9994448628794));
#3397=CARTESIAN_POINT('',(-60.503310625788,6.,49.9994448628797));
#3398=CARTESIAN_POINT('Origin',(-67.9999999999997,6.,49.7766255940053));
#3399=CARTESIAN_POINT('',(-60.503310625788,6.,49.9994448628794));
#3400=CARTESIAN_POINT('Origin',(-67.9999999999997,6.,-49.776625594005));
#3401=CARTESIAN_POINT('',(-60.503310625788,2.5,-49.9994448628794));
#3402=CARTESIAN_POINT('',(-75.4966893742114,2.5,-49.9994448628794));
#3403=CARTESIAN_POINT('Origin',(-67.9999999999997,2.5,-49.776625594005));
#3404=CARTESIAN_POINT('',(-60.503310625788,6.,-49.9994448628794));
#3405=CARTESIAN_POINT('',(-60.503310625788,6.,-49.9994448628794));
#3406=CARTESIAN_POINT('',(-75.4966893742114,6.,-49.9994448628794));
#3407=CARTESIAN_POINT('Origin',(-67.9999999999997,6.,-49.776625594005));
#3408=CARTESIAN_POINT('',(-75.4966893742114,6.,-49.9994448628794));
#3409=CARTESIAN_POINT('Origin',(-67.9999999999997,6.,-46.1380352284422));
#3410=CARTESIAN_POINT('',(-181.,6.,54.75));
#3411=CARTESIAN_POINT('',(-97.1284652551402,6.,54.75));
#3412=CARTESIAN_POINT('',(-95.06423262757,6.,54.75));
#3413=CARTESIAN_POINT('',(-95.2153319771483,6.,54.538291460277));
#3414=CARTESIAN_POINT('Origin',(-97.1284652551402,6.,46.));
#3415=CARTESIAN_POINT('',(-40.7846680228517,6.,54.538291460277));
#3416=CARTESIAN_POINT('Origin',(-68.,6.,176.));
#3417=CARTESIAN_POINT('',(-38.8715347448599,6.,54.75));
#3418=CARTESIAN_POINT('Origin',(-38.8715347448599,6.,46.));
#3419=CARTESIAN_POINT('',(-4.99999999999998,6.,54.7499999999999));
#3420=CARTESIAN_POINT('',(-49.,6.,54.75));
#3421=CARTESIAN_POINT('',(-1.24999999999998,6.,51.));
#3422=CARTESIAN_POINT('Origin',(-4.99999999999998,6.,51.));
#3423=CARTESIAN_POINT('',(-1.25000000000002,6.,-51.));
#3424=CARTESIAN_POINT('',(-1.25000000000001,6.,-25.5));
#3425=CARTESIAN_POINT('',(-5.00000000000002,6.,-54.75));
#3426=CARTESIAN_POINT('Origin',(-5.00000000000002,6.,-51.));
#3427=CARTESIAN_POINT('',(-38.8715347448599,6.,-54.75));
#3428=CARTESIAN_POINT('',(-65.93576737243,6.,-54.75));
#3429=CARTESIAN_POINT('',(-40.7846680228517,6.,-54.538291460277));
#3430=CARTESIAN_POINT('Origin',(-38.8715347448599,6.,-46.));
#3431=CARTESIAN_POINT('',(-95.2153319771483,6.,-54.538291460277));
#3432=CARTESIAN_POINT('Origin',(-68.,6.,-176.));
#3433=CARTESIAN_POINT('',(-97.1284652551402,6.,-54.75));
#3434=CARTESIAN_POINT('Origin',(-97.1284652551402,6.,-46.));
#3435=CARTESIAN_POINT('',(-181.,6.,-54.75));
#3436=CARTESIAN_POINT('',(-137.,6.,-54.75));
#3437=CARTESIAN_POINT('',(-184.75,6.,-51.));
#3438=CARTESIAN_POINT('Origin',(-181.,6.,-51.));
#3439=CARTESIAN_POINT('',(-184.75,6.,51.));
#3440=CARTESIAN_POINT('',(-184.75,6.,25.5));
#3441=CARTESIAN_POINT('Origin',(-181.,6.,51.));
#3442=CARTESIAN_POINT('',(-105.,6.,53.));
#3443=CARTESIAN_POINT('',(-174.5,6.,53.));
#3444=CARTESIAN_POINT('',(-139.5,6.,53.));
#3445=CARTESIAN_POINT('',(-174.5,6.,51.));
#3446=CARTESIAN_POINT('',(-174.5,6.,26.5));
#3447=CARTESIAN_POINT('',(-181.,6.,44.5));
#3448=CARTESIAN_POINT('Origin',(-181.,6.,51.));
#3449=CARTESIAN_POINT('',(-183.,6.,44.5));
#3450=CARTESIAN_POINT('',(-137.,6.,44.5000000000004));
#3451=CARTESIAN_POINT('',(-183.,6.,-44.5));
#3452=CARTESIAN_POINT('',(-183.,6.,-28.));
#3453=CARTESIAN_POINT('',(-181.,6.,-44.5));
#3454=CARTESIAN_POINT('',(-138.,6.,-44.5));
#3455=CARTESIAN_POINT('',(-174.5,6.,-51.));
#3456=CARTESIAN_POINT('Origin',(-181.,6.,-51.));
#3457=CARTESIAN_POINT('',(-174.5,6.,-53.));
#3458=CARTESIAN_POINT('',(-174.5,6.,-25.5));
#3459=CARTESIAN_POINT('',(-105.,6.,-53.));
#3460=CARTESIAN_POINT('',(-94.5,6.,-53.));
#3461=CARTESIAN_POINT('',(-105.,6.,-26.5));
#3462=CARTESIAN_POINT('',(-3.65000000000008,6.,50.25));
#3463=CARTESIAN_POINT('',(-7.85000000000008,6.,50.25));
#3464=CARTESIAN_POINT('Origin',(-5.75000000000008,6.,50.25));
#3465=CARTESIAN_POINT('Origin',(-5.75000000000008,6.,50.25));
#3466=CARTESIAN_POINT('',(-3.65000000000006,6.,-50.25));
#3467=CARTESIAN_POINT('',(-7.85000000000006,6.,-50.25));
#3468=CARTESIAN_POINT('Origin',(-5.75000000000006,6.,-50.25));
#3469=CARTESIAN_POINT('Origin',(-5.75000000000006,6.,-50.25));
#3470=CARTESIAN_POINT('',(-178.15,6.,50.25));
#3471=CARTESIAN_POINT('',(-182.35,6.,50.25));
#3472=CARTESIAN_POINT('Origin',(-180.25,6.,50.25));
#3473=CARTESIAN_POINT('Origin',(-180.25,6.,50.25));
#3474=CARTESIAN_POINT('',(-178.15,6.,-50.25));
#3475=CARTESIAN_POINT('',(-182.35,6.,-50.25));
#3476=CARTESIAN_POINT('Origin',(-180.25,6.,-50.25));
#3477=CARTESIAN_POINT('Origin',(-180.25,6.,-50.25));
#3478=CARTESIAN_POINT('',(-40.4020413672534,6.,-52.8306331682216));
#3479=CARTESIAN_POINT('Origin',(-68.,6.,-176.));
#3480=CARTESIAN_POINT('',(-38.8715347448599,6.,-53.));
#3481=CARTESIAN_POINT('Origin',(-38.8715347448599,6.,-46.));
#3482=CARTESIAN_POINT('',(-11.5000000000001,6.,-53.0000000000001));
#3483=CARTESIAN_POINT('',(-46.5,6.,-53.));
#3484=CARTESIAN_POINT('',(-11.5000000000001,6.,-51.));
#3485=CARTESIAN_POINT('',(-11.5000000000001,6.,-26.5000000000001));
#3486=CARTESIAN_POINT('',(-5.00000000000009,6.,-44.5000000000001));
#3487=CARTESIAN_POINT('Origin',(-5.00000000000009,6.,-51.));
#3488=CARTESIAN_POINT('',(-3.0000000000001,6.,-44.5000000000001));
#3489=CARTESIAN_POINT('',(-49.0000000000001,6.,-44.5));
#3490=CARTESIAN_POINT('',(-3.00000000000003,6.,44.5));
#3491=CARTESIAN_POINT('',(-3.,6.,28.));
#3492=CARTESIAN_POINT('',(-5.00000000000003,6.,44.5));
#3493=CARTESIAN_POINT('',(-48.,6.,44.5));
#3494=CARTESIAN_POINT('',(-11.5000000000001,6.,51.));
#3495=CARTESIAN_POINT('Origin',(-5.00000000000003,6.,51.));
#3496=CARTESIAN_POINT('',(-11.5000000000001,6.,53.));
#3497=CARTESIAN_POINT('',(-11.5000000000001,6.,25.5));
#3498=CARTESIAN_POINT('',(-38.8715347448599,6.,53.));
#3499=CARTESIAN_POINT('',(-66.5,6.,53.));
#3500=CARTESIAN_POINT('',(-40.4020413672534,6.,52.8306331682216));
#3501=CARTESIAN_POINT('Origin',(-38.8715347448599,6.,46.));
#3502=CARTESIAN_POINT('Origin',(-68.,6.,176.));
#3503=CARTESIAN_POINT('',(-95.5979586327467,6.,52.8306331682217));
#3504=CARTESIAN_POINT('Origin',(-68.,6.,176.));
#3505=CARTESIAN_POINT('',(-97.1284652551402,6.,53.));
#3506=CARTESIAN_POINT('Origin',(-97.1284652551402,6.,46.));
#3507=CARTESIAN_POINT('',(-103.,6.,53.));
#3508=CARTESIAN_POINT('',(-139.5,6.,53.));
#3509=CARTESIAN_POINT('',(-103.,6.,-53.));
#3510=CARTESIAN_POINT('',(-103.,6.,26.5));
#3511=CARTESIAN_POINT('',(-97.1284652551402,6.,-53.));
#3512=CARTESIAN_POINT('',(-94.5,6.,-53.));
#3513=CARTESIAN_POINT('',(-95.5979586327467,6.,-52.8306331682217));
#3514=CARTESIAN_POINT('Origin',(-97.1284652551402,6.,-46.));
#3515=CARTESIAN_POINT('Origin',(-68.,6.,-176.));
#3516=CARTESIAN_POINT('Origin',(-169.5,0.,42.5000000000001));
#3517=CARTESIAN_POINT('',(-169.5,0.2,42.5000000000001));
#3518=CARTESIAN_POINT('',(-16.5,0.2,42.5));
#3519=CARTESIAN_POINT('',(-97.5132361655221,0.2,42.5000000000001));
#3520=CARTESIAN_POINT('',(-16.5,0.,42.5));
#3521=CARTESIAN_POINT('',(-16.5,0.,42.5));
#3522=CARTESIAN_POINT('',(-169.5,0.,42.5000000000001));
#3523=CARTESIAN_POINT('',(-131.25,0.,42.5000000000001));
#3524=CARTESIAN_POINT('',(-169.5,0.,42.5000000000001));
#3525=CARTESIAN_POINT('Origin',(-68.,0.,176.));
#3526=CARTESIAN_POINT('',(-95.5979586327467,2.5,52.8306331682217));
#3527=CARTESIAN_POINT('Origin',(-68.,2.5,176.));
#3528=CARTESIAN_POINT('',(-95.5979586327467,0.,52.8306331682217));
#3529=CARTESIAN_POINT('Origin',(-68.,0.,-176.));
#3530=CARTESIAN_POINT('',(-95.5979586327467,2.5,-52.8306331682217));
#3531=CARTESIAN_POINT('',(-95.5979586327467,0.,-52.8306331682217));
#3532=CARTESIAN_POINT('Origin',(-68.,2.5,-176.));
#3533=CARTESIAN_POINT('Origin',(-93.,0.,0.));
#3534=CARTESIAN_POINT('',(-181.,0.,-55.));
#3535=CARTESIAN_POINT('',(-185.,0.,-51.));
#3536=CARTESIAN_POINT('Origin',(-181.,0.,-51.));
#3537=CARTESIAN_POINT('',(-97.1284652551402,0.,-55.));
#3538=CARTESIAN_POINT('',(-94.5,0.,-55.));
#3539=CARTESIAN_POINT('',(-95.1606710263485,0.,-54.7822426448564));
#3540=CARTESIAN_POINT('Origin',(-97.1284652551402,0.,-46.));
#3541=CARTESIAN_POINT('',(-40.8393289736515,0.,-54.7822426448564));
#3542=CARTESIAN_POINT('Origin',(-68.,0.,-176.));
#3543=CARTESIAN_POINT('',(-38.8715347448599,0.,-55.));
#3544=CARTESIAN_POINT('Origin',(-38.8715347448599,0.,-46.));
#3545=CARTESIAN_POINT('',(-5.00000000000002,0.,-55.));
#3546=CARTESIAN_POINT('',(-46.5,0.,-55.));
#3547=CARTESIAN_POINT('',(-1.00000000000001,0.,-51.));
#3548=CARTESIAN_POINT('Origin',(-5.00000000000002,0.,-51.));
#3549=CARTESIAN_POINT('',(-0.999999999999984,0.,51.));
#3550=CARTESIAN_POINT('',(-0.999999999999988,0.,28.));
#3551=CARTESIAN_POINT('',(-4.99999999999998,0.,55.));
#3552=CARTESIAN_POINT('Origin',(-4.99999999999998,0.,51.));
#3553=CARTESIAN_POINT('',(-38.8715347448599,0.,55.));
#3554=CARTESIAN_POINT('',(-66.5,0.,55.));
#3555=CARTESIAN_POINT('',(-40.8393289736515,0.,54.7822426448564));
#3556=CARTESIAN_POINT('Origin',(-38.8715347448599,0.,46.));
#3557=CARTESIAN_POINT('',(-95.1606710263486,0.,54.7822426448564));
#3558=CARTESIAN_POINT('Origin',(-68.,0.,176.));
#3559=CARTESIAN_POINT('',(-97.1284652551402,0.,55.));
#3560=CARTESIAN_POINT('Origin',(-97.1284652551402,0.,46.));
#3561=CARTESIAN_POINT('',(-181.,0.,55.));
#3562=CARTESIAN_POINT('',(-139.5,0.,55.));
#3563=CARTESIAN_POINT('',(-185.,0.,51.));
#3564=CARTESIAN_POINT('Origin',(-181.,0.,51.));
#3565=CARTESIAN_POINT('',(-185.,0.,-28.));
#3566=CARTESIAN_POINT('',(-16.5,0.,-42.5));
#3567=CARTESIAN_POINT('',(-169.5,0.,-42.5));
#3568=CARTESIAN_POINT('',(-54.75,0.,-42.5));
#3569=CARTESIAN_POINT('',(-172.5,0.,-39.5));
#3570=CARTESIAN_POINT('Origin',(-169.5,0.,-39.5));
#3571=CARTESIAN_POINT('',(-172.5,0.,39.5000000000001));
#3572=CARTESIAN_POINT('',(-172.5,0.,-19.75));
#3573=CARTESIAN_POINT('Origin',(-169.5,0.,39.5000000000001));
#3574=CARTESIAN_POINT('',(-13.5,0.,39.5));
#3575=CARTESIAN_POINT('Origin',(-16.5,0.,39.5));
#3576=CARTESIAN_POINT('',(-13.5,0.,-39.5));
#3577=CARTESIAN_POINT('',(-13.5,0.,19.75));
#3578=CARTESIAN_POINT('Origin',(-16.5,0.,-39.5));
#3579=CARTESIAN_POINT('Origin',(-93.,0.2,2.66453525910038E-14));
#3580=CARTESIAN_POINT('',(-16.5,0.2,-42.5));
#3581=CARTESIAN_POINT('',(-169.5,0.2,-42.5));
#3582=CARTESIAN_POINT('',(-38.4867638344781,0.2,-42.5));
#3583=CARTESIAN_POINT('',(-13.5,0.2,-39.5));
#3584=CARTESIAN_POINT('Origin',(-16.5,0.2,-39.5));
#3585=CARTESIAN_POINT('',(-13.5,0.2,39.5));
#3586=CARTESIAN_POINT('',(-13.5,0.2,-39.5));
#3587=CARTESIAN_POINT('Origin',(-16.5,0.2,39.5));
#3588=CARTESIAN_POINT('',(-172.5,0.2,39.5000000000001));
#3589=CARTESIAN_POINT('Origin',(-169.5,0.2,39.5000000000001));
#3590=CARTESIAN_POINT('',(-172.5,0.2,-39.5));
#3591=CARTESIAN_POINT('',(-172.5,0.2,39.5000000000001));
#3592=CARTESIAN_POINT('Origin',(-169.5,0.2,-39.5));
#3593=CARTESIAN_POINT('',(-36.0160717683597,0.2,1.29718751296082E-5));
#3594=CARTESIAN_POINT('',(-40.0160717683597,0.2,1.29718751266612E-5));
#3595=CARTESIAN_POINT('Origin',(-38.0160717683597,0.2,1.29718751264163E-5));
#3596=CARTESIAN_POINT('Origin',(-38.0160717683597,0.2,1.29718751264163E-5));
#3597=CARTESIAN_POINT('',(-36.0160717683597,0.2,25.0150581378912));
#3598=CARTESIAN_POINT('',(-40.0160717683597,0.2,25.0150581378912));
#3599=CARTESIAN_POINT('Origin',(-38.0160717683597,0.2,25.0150581378912));
#3600=CARTESIAN_POINT('Origin',(-38.0160717683597,0.2,25.0150581378912));
#3601=CARTESIAN_POINT('',(-36.0160717683597,0.2,-24.9999870281249));
#3602=CARTESIAN_POINT('',(-40.0160717683597,0.2,-24.9999870281249));
#3603=CARTESIAN_POINT('Origin',(-38.0160717683597,0.2,-24.9999870281249));
#3604=CARTESIAN_POINT('Origin',(-38.0160717683597,0.2,-24.9999870281249));
#3605=CARTESIAN_POINT('',(-26.0685620027397,0.2,25.0000129718752));
#3606=CARTESIAN_POINT('',(-30.0685620027397,0.2,25.0000129718752));
#3607=CARTESIAN_POINT('Origin',(-28.0685620027397,0.2,25.0000129718752));
#3608=CARTESIAN_POINT('Origin',(-28.0685620027397,0.2,25.0000129718752));
#3609=CARTESIAN_POINT('',(-26.0607495027396,0.2,-24.9857963542969));
#3610=CARTESIAN_POINT('',(-30.0607495027396,0.2,-24.9857963542969));
#3611=CARTESIAN_POINT('Origin',(-28.0607495027396,0.2,-24.9857963542969));
#3612=CARTESIAN_POINT('Origin',(-28.0607495027396,0.2,-24.9857963542969));
#3613=CARTESIAN_POINT('Origin',(-16.5,0.,-39.5));
#3614=CARTESIAN_POINT('',(-13.5,0.,-39.5));
#3615=CARTESIAN_POINT('',(-16.5,0.,-42.5));
#3616=CARTESIAN_POINT('Origin',(-13.5,0.,39.5));
#3617=CARTESIAN_POINT('',(-13.5,0.,39.5));
#3618=CARTESIAN_POINT('Origin',(-16.5,0.,39.5));
#3619=CARTESIAN_POINT('Origin',(-169.5,0.,39.5000000000001));
#3620=CARTESIAN_POINT('',(-172.5,0.,39.5000000000001));
#3621=CARTESIAN_POINT('Origin',(-172.5,0.,-39.5));
#3622=CARTESIAN_POINT('',(-172.5,0.,-39.5));
#3623=CARTESIAN_POINT('Origin',(-169.5,0.,-39.5));
#3624=CARTESIAN_POINT('',(-169.5,0.,-42.5));
#3625=CARTESIAN_POINT('Origin',(-16.5,0.,-42.5));
#3626=CARTESIAN_POINT('Origin',(-105.,2.5,-53.));
#3627=CARTESIAN_POINT('',(-105.,2.5,-53.));
#3628=CARTESIAN_POINT('',(-105.,1.25,-53.));
#3629=CARTESIAN_POINT('',(-105.,2.5,53.));
#3630=CARTESIAN_POINT('',(-105.,2.5,-26.5));
#3631=CARTESIAN_POINT('',(-105.,1.25,53.));
#3632=CARTESIAN_POINT('Origin',(-103.,2.5,53.));
#3633=CARTESIAN_POINT('',(-103.,2.5,53.));
#3634=CARTESIAN_POINT('',(-103.,1.25,53.));
#3635=CARTESIAN_POINT('',(-103.,2.5,-53.));
#3636=CARTESIAN_POINT('',(-103.,2.5,26.5));
#3637=CARTESIAN_POINT('',(-103.,1.25,-53.));
#3638=CARTESIAN_POINT('Origin',(-186.,0.,53.));
#3639=CARTESIAN_POINT('',(-174.5,2.5,53.));
#3640=CARTESIAN_POINT('',(-181.,2.5,53.));
#3641=CARTESIAN_POINT('',(-174.5,1.25,53.));
#3642=CARTESIAN_POINT('Origin',(-93.,2.5,0.));
#3643=CARTESIAN_POINT('',(-174.5,2.5,-53.));
#3644=CARTESIAN_POINT('',(-97.1284652551402,2.5,-53.));
#3645=CARTESIAN_POINT('',(-174.5,2.5,-51.));
#3646=CARTESIAN_POINT('',(-174.5,2.5,-25.5));
#3647=CARTESIAN_POINT('',(-181.,2.5,-44.5));
#3648=CARTESIAN_POINT('Origin',(-181.,2.5,-51.));
#3649=CARTESIAN_POINT('',(-183.,2.5,-44.5));
#3650=CARTESIAN_POINT('',(-138.,2.5,-44.5));
#3651=CARTESIAN_POINT('',(-183.,2.5,44.5));
#3652=CARTESIAN_POINT('',(-183.,2.5,-51.));
#3653=CARTESIAN_POINT('',(-181.,2.5,44.5));
#3654=CARTESIAN_POINT('',(-137.,2.5,44.5000000000004));
#3655=CARTESIAN_POINT('',(-174.5,2.5,51.));
#3656=CARTESIAN_POINT('Origin',(-181.,2.5,51.));
#3657=CARTESIAN_POINT('',(-174.5,2.5,26.5));
#3658=CARTESIAN_POINT('Origin',(-96.,0.,-53.));
#3659=CARTESIAN_POINT('',(-174.5,1.25,-53.));
#3660=CARTESIAN_POINT('Origin',(-38.0160717683597,0.,1.29718751264163E-5));
#3661=CARTESIAN_POINT('',(-40.0160717683597,0.,1.29718751266612E-5));
#3662=CARTESIAN_POINT('Origin',(-38.0160717683597,0.,25.0150581378912));
#3663=CARTESIAN_POINT('',(-40.0160717683597,0.,25.0150581378912));
#3664=CARTESIAN_POINT('Origin',(-38.0160717683597,0.,-24.9999870281249));
#3665=CARTESIAN_POINT('',(-40.0160717683597,0.,-24.9999870281249));
#3666=CARTESIAN_POINT('Origin',(-28.0685620027397,0.,25.0000129718752));
#3667=CARTESIAN_POINT('',(-30.0685620027397,0.,25.0000129718752));
#3668=CARTESIAN_POINT('Origin',(-28.0607495027396,0.,-24.9857963542969));
#3669=CARTESIAN_POINT('',(-30.0607495027396,0.,-24.9857963542969));
#3670=CARTESIAN_POINT('Origin',(-5.75000000000008,6.,50.25));
#3671=CARTESIAN_POINT('',(-7.85000000000008,1.5,50.25));
#3672=CARTESIAN_POINT('',(-7.85000000000008,6.,50.25));
#3673=CARTESIAN_POINT('',(-3.65000000000008,1.5,50.25));
#3674=CARTESIAN_POINT('Origin',(-5.75000000000008,1.5,50.25));
#3675=CARTESIAN_POINT('Origin',(-5.75000000000008,1.5,50.25));
#3676=CARTESIAN_POINT('Origin',(-5.75000000000008,1.5,50.25));
#3677=CARTESIAN_POINT('Origin',(-5.75000000000006,6.,-50.25));
#3678=CARTESIAN_POINT('',(-7.85000000000006,1.5,-50.25));
#3679=CARTESIAN_POINT('',(-7.85000000000006,6.,-50.25));
#3680=CARTESIAN_POINT('',(-3.65000000000006,1.5,-50.25));
#3681=CARTESIAN_POINT('Origin',(-5.75000000000006,1.5,-50.25));
#3682=CARTESIAN_POINT('Origin',(-5.75000000000006,1.5,-50.25));
#3683=CARTESIAN_POINT('Origin',(-5.75000000000006,1.5,-50.25));
#3684=CARTESIAN_POINT('Origin',(-180.25,6.,50.25));
#3685=CARTESIAN_POINT('',(-182.35,1.5,50.25));
#3686=CARTESIAN_POINT('',(-182.35,6.,50.25));
#3687=CARTESIAN_POINT('',(-178.15,1.5,50.25));
#3688=CARTESIAN_POINT('Origin',(-180.25,1.5,50.25));
#3689=CARTESIAN_POINT('Origin',(-180.25,1.5,50.25));
#3690=CARTESIAN_POINT('Origin',(-180.25,1.5,50.25));
#3691=CARTESIAN_POINT('Origin',(-180.25,6.,-50.25));
#3692=CARTESIAN_POINT('',(-182.35,1.5,-50.25));
#3693=CARTESIAN_POINT('',(-182.35,6.,-50.25));
#3694=CARTESIAN_POINT('',(-178.15,1.5,-50.25));
#3695=CARTESIAN_POINT('Origin',(-180.25,1.5,-50.25));
#3696=CARTESIAN_POINT('Origin',(-180.25,1.5,-50.25));
#3697=CARTESIAN_POINT('Origin',(-180.25,1.5,-50.25));
#3698=CARTESIAN_POINT('Origin',(-5.00000000000009,2.5,-44.5000000000001));
#3699=CARTESIAN_POINT('',(-5.00000000000009,2.5,-44.5000000000001));
#3700=CARTESIAN_POINT('',(-5.00000000000009,2.5,-44.5000000000001));
#3701=CARTESIAN_POINT('',(-3.0000000000001,2.5,-44.5000000000001));
#3702=CARTESIAN_POINT('',(-49.0000000000001,2.5,-44.5));
#3703=CARTESIAN_POINT('',(-3.00000000000002,1.25,-44.5000000000001));
#3704=CARTESIAN_POINT('Origin',(-5.00000000000009,2.5,-51.));
#3705=CARTESIAN_POINT('',(-11.5000000000001,2.5,-51.));
#3706=CARTESIAN_POINT('',(-11.5000000000001,2.5,-51.));
#3707=CARTESIAN_POINT('Origin',(-5.00000000000009,2.5,-51.));
#3708=CARTESIAN_POINT('Origin',(-11.5000000000001,2.5,-53.0000000000001));
#3709=CARTESIAN_POINT('',(-11.5000000000001,2.5,-53.0000000000001));
#3710=CARTESIAN_POINT('',(-11.5000000000001,1.25,-53.));
#3711=CARTESIAN_POINT('',(-11.5000000000001,2.5,-26.5000000000001));
#3712=CARTESIAN_POINT('Origin',(-174.5,2.5,53.));
#3713=CARTESIAN_POINT('',(-174.5,2.5,51.));
#3714=CARTESIAN_POINT('Origin',(-181.,2.5,51.));
#3715=CARTESIAN_POINT('',(-181.,2.5,44.5));
#3716=CARTESIAN_POINT('Origin',(-181.,2.5,44.5));
#3717=CARTESIAN_POINT('',(-183.,1.25,44.5));
#3718=CARTESIAN_POINT('Origin',(-5.00000000000003,2.5,51.));
#3719=CARTESIAN_POINT('',(-5.00000000000003,2.5,44.5));
#3720=CARTESIAN_POINT('',(-5.00000000000003,2.5,44.5));
#3721=CARTESIAN_POINT('',(-11.5000000000001,2.5,51.));
#3722=CARTESIAN_POINT('Origin',(-5.00000000000003,2.5,51.));
#3723=CARTESIAN_POINT('',(-11.5000000000001,2.5,51.));
#3724=CARTESIAN_POINT('Origin',(-3.00000000000003,2.5,44.5));
#3725=CARTESIAN_POINT('',(-3.00000000000003,2.5,44.5));
#3726=CARTESIAN_POINT('',(-2.99999999999999,1.25,44.5));
#3727=CARTESIAN_POINT('',(-48.,2.5,44.5));
#3728=CARTESIAN_POINT('Origin',(-11.5000000000001,2.5,51.));
#3729=CARTESIAN_POINT('',(-11.5000000000001,2.5,53.));
#3730=CARTESIAN_POINT('',(-11.5000000000001,2.5,25.5));
#3731=CARTESIAN_POINT('',(-11.5000000000001,1.25,53.));
#3732=CARTESIAN_POINT('Origin',(-181.,2.5,-51.));
#3733=CARTESIAN_POINT('',(-181.,2.5,-44.5));
#3734=CARTESIAN_POINT('',(-174.5,2.5,-51.));
#3735=CARTESIAN_POINT('Origin',(-174.5,2.5,-51.));
#3736=CARTESIAN_POINT('Origin',(-183.,2.5,-44.5));
#3737=CARTESIAN_POINT('',(-183.,1.25,-44.5));
#3738=CARTESIAN_POINT('Origin',(-2.99999999999998,0.,56.));
#3739=CARTESIAN_POINT('',(-3.,2.5,51.));
#3740=CARTESIAN_POINT('Origin',(-40.,0.,53.));
#3741=CARTESIAN_POINT('',(-38.8715347448599,2.5,53.));
#3742=CARTESIAN_POINT('',(-38.8715347448599,2.5,53.));
#3743=CARTESIAN_POINT('',(-38.8715347448599,0.,53.));
#3744=CARTESIAN_POINT('Origin',(-183.,0.,-56.));
#3745=CARTESIAN_POINT('Origin',(-96.,0.,-53.));
#3746=CARTESIAN_POINT('',(-97.1284652551402,2.5,-53.));
#3747=CARTESIAN_POINT('',(-97.1284652551402,2.5,-53.));
#3748=CARTESIAN_POINT('',(-97.1284652551402,0.,-53.));
#3749=CARTESIAN_POINT('Origin',(-93.,2.5,0.));
#3750=CARTESIAN_POINT('',(-40.4020413672534,2.5,52.8306331682216));
#3751=CARTESIAN_POINT('Origin',(-68.,2.5,176.));
#3752=CARTESIAN_POINT('Origin',(-38.8715347448599,2.5,46.));
#3753=CARTESIAN_POINT('',(-38.8715347448599,2.5,-53.));
#3754=CARTESIAN_POINT('',(-5.00000000000002,2.5,-53.));
#3755=CARTESIAN_POINT('',(-40.4020413672534,2.5,-52.8306331682216));
#3756=CARTESIAN_POINT('Origin',(-38.8715347448599,2.5,-45.9999999999999));
#3757=CARTESIAN_POINT('Origin',(-68.,2.5,-176.));
#3758=CARTESIAN_POINT('Origin',(-97.1284652551402,2.5,-46.));
#3759=CARTESIAN_POINT('',(-97.1284652551402,2.5,53.));
#3760=CARTESIAN_POINT('',(-181.,2.5,53.));
#3761=CARTESIAN_POINT('Origin',(-97.1284652551402,2.5,46.));
#3762=CARTESIAN_POINT('Origin',(-97.1284652551402,6.,54.75));
#3763=CARTESIAN_POINT('',(-181.,7.,54.75));
#3764=CARTESIAN_POINT('',(-181.,6.,54.75));
#3765=CARTESIAN_POINT('',(-97.1284652551402,7.,54.75));
#3766=CARTESIAN_POINT('',(-97.1284652551402,7.,54.75));
#3767=CARTESIAN_POINT('',(-97.1284652551402,6.,54.75));
#3768=CARTESIAN_POINT('Origin',(-97.1284652551402,6.,46.));
#3769=CARTESIAN_POINT('',(-95.2153319771483,7.,54.538291460277));
#3770=CARTESIAN_POINT('Origin',(-97.1284652551402,7.,46.));
#3771=CARTESIAN_POINT('',(-95.2153319771483,6.,54.538291460277));
#3772=CARTESIAN_POINT('Origin',(-68.,6.,176.));
#3773=CARTESIAN_POINT('',(-40.7846680228517,7.,54.538291460277));
#3774=CARTESIAN_POINT('Origin',(-68.,7.,176.));
#3775=CARTESIAN_POINT('',(-40.7846680228517,6.,54.538291460277));
#3776=CARTESIAN_POINT('Origin',(-38.8715347448599,6.,46.));
#3777=CARTESIAN_POINT('',(-38.8715347448599,7.,54.75));
#3778=CARTESIAN_POINT('Origin',(-38.8715347448599,7.,46.));
#3779=CARTESIAN_POINT('',(-38.8715347448599,6.,54.75));
#3780=CARTESIAN_POINT('Origin',(-4.99999999999998,6.,54.7499999999999));
#3781=CARTESIAN_POINT('',(-5.,7.,54.7499999999999));
#3782=CARTESIAN_POINT('',(-4.99999999999998,7.,54.7499999999999));
#3783=CARTESIAN_POINT('',(-4.99999999999998,6.,54.7499999999999));
#3784=CARTESIAN_POINT('Origin',(-4.99999999999998,6.,51.));
#3785=CARTESIAN_POINT('',(-1.24999999999996,7.,51.));
#3786=CARTESIAN_POINT('Origin',(-4.99999999999998,7.,51.));
#3787=CARTESIAN_POINT('',(-1.24999999999998,6.,51.));
#3788=CARTESIAN_POINT('Origin',(-1.25000000000002,6.,-51.));
#3789=CARTESIAN_POINT('',(-1.25000000000004,7.,-51.));
#3790=CARTESIAN_POINT('',(-1.25000000000002,7.,-51.));
#3791=CARTESIAN_POINT('',(-1.25000000000002,6.,-51.));
#3792=CARTESIAN_POINT('Origin',(-5.00000000000002,6.,-51.));
#3793=CARTESIAN_POINT('',(-5.,7.,-54.75));
#3794=CARTESIAN_POINT('Origin',(-5.00000000000002,7.,-51.));
#3795=CARTESIAN_POINT('',(-5.00000000000002,6.,-54.75));
#3796=CARTESIAN_POINT('Origin',(-38.8715347448599,6.,-54.75));
#3797=CARTESIAN_POINT('',(-38.8715347448599,7.,-54.75));
#3798=CARTESIAN_POINT('',(-38.8715347448599,7.,-54.75));
#3799=CARTESIAN_POINT('',(-38.8715347448599,6.,-54.75));
#3800=CARTESIAN_POINT('Origin',(-38.8715347448599,6.,-46.));
#3801=CARTESIAN_POINT('',(-40.7846680228517,7.,-54.5382914602771));
#3802=CARTESIAN_POINT('Origin',(-38.8715347448599,7.,-46.));
#3803=CARTESIAN_POINT('',(-40.7846680228517,6.,-54.538291460277));
#3804=CARTESIAN_POINT('Origin',(-68.,6.,-176.));
#3805=CARTESIAN_POINT('',(-95.2153319771483,7.,-54.5382914602771));
#3806=CARTESIAN_POINT('Origin',(-68.,7.,-176.));
#3807=CARTESIAN_POINT('',(-95.2153319771483,6.,-54.538291460277));
#3808=CARTESIAN_POINT('Origin',(-97.1284652551402,6.,-46.));
#3809=CARTESIAN_POINT('',(-97.1284652551402,7.,-54.75));
#3810=CARTESIAN_POINT('Origin',(-97.1284652551402,7.,-46.));
#3811=CARTESIAN_POINT('',(-97.1284652551402,6.,-54.75));
#3812=CARTESIAN_POINT('Origin',(-181.,6.,-54.75));
#3813=CARTESIAN_POINT('',(-181.,7.,-54.75));
#3814=CARTESIAN_POINT('',(-181.,7.,-54.75));
#3815=CARTESIAN_POINT('',(-181.,6.,-54.75));
#3816=CARTESIAN_POINT('Origin',(-181.,6.,-51.));
#3817=CARTESIAN_POINT('',(-184.75,7.,-51.));
#3818=CARTESIAN_POINT('Origin',(-181.,7.,-51.));
#3819=CARTESIAN_POINT('',(-184.75,6.,-51.));
#3820=CARTESIAN_POINT('Origin',(-184.75,6.,51.));
#3821=CARTESIAN_POINT('',(-184.75,7.,51.));
#3822=CARTESIAN_POINT('',(-184.75,7.,51.));
#3823=CARTESIAN_POINT('',(-184.75,6.,51.));
#3824=CARTESIAN_POINT('Origin',(-181.,6.,51.));
#3825=CARTESIAN_POINT('Origin',(-181.,7.,51.));
#3826=CARTESIAN_POINT('Origin',(-93.,7.,0.));
#3827=CARTESIAN_POINT('',(-186.,7.,51.));
#3828=CARTESIAN_POINT('',(-181.,7.,56.));
#3829=CARTESIAN_POINT('Origin',(-181.,7.,51.));
#3830=CARTESIAN_POINT('',(-97.1284652551402,7.,56.));
#3831=CARTESIAN_POINT('',(-181.,7.,56.));
#3832=CARTESIAN_POINT('',(-94.9420272231495,7.,55.7580473831738));
#3833=CARTESIAN_POINT('Origin',(-97.1284652551402,7.,46.));
#3834=CARTESIAN_POINT('',(-41.0579727768506,7.,55.7580473831738));
#3835=CARTESIAN_POINT('Origin',(-68.,7.,176.));
#3836=CARTESIAN_POINT('',(-38.8715347448599,7.,56.));
#3837=CARTESIAN_POINT('Origin',(-38.8715347448599,7.,46.));
#3838=CARTESIAN_POINT('',(-5.,7.,56.));
#3839=CARTESIAN_POINT('',(-38.8715347448599,7.,56.));
#3840=CARTESIAN_POINT('',(0.,7.,51.));
#3841=CARTESIAN_POINT('Origin',(-4.99999999999998,7.,51.));
#3842=CARTESIAN_POINT('',(0.,7.,-51.));
#3843=CARTESIAN_POINT('',(1.61775355016809E-14,7.,51.));
#3844=CARTESIAN_POINT('',(-5.,7.,-56.));
#3845=CARTESIAN_POINT('Origin',(-5.00000000000002,7.,-51.));
#3846=CARTESIAN_POINT('',(-38.8715347448599,7.,-56.));
#3847=CARTESIAN_POINT('',(-5.00000000000002,7.,-56.));
#3848=CARTESIAN_POINT('',(-41.0579727768506,7.,-55.7580473831738));
#3849=CARTESIAN_POINT('Origin',(-38.8715347448599,7.,-46.));
#3850=CARTESIAN_POINT('',(-94.9420272231495,7.,-55.7580473831738));
#3851=CARTESIAN_POINT('Origin',(-68.,7.,-176.));
#3852=CARTESIAN_POINT('',(-97.1284652551402,7.,-56.));
#3853=CARTESIAN_POINT('Origin',(-97.1284652551402,7.,-46.));
#3854=CARTESIAN_POINT('',(-181.,7.,-56.));
#3855=CARTESIAN_POINT('',(-97.1284652551402,7.,-56.));
#3856=CARTESIAN_POINT('',(-186.,7.,-51.));
#3857=CARTESIAN_POINT('Origin',(-181.,7.,-51.));
#3858=CARTESIAN_POINT('',(-186.,7.,-51.));
#3859=CARTESIAN_POINT('Origin',(-181.,1.,-51.));
#3860=CARTESIAN_POINT('',(-181.,1.,-56.));
#3861=CARTESIAN_POINT('Origin',(-181.,1.,-55.));
#3862=CARTESIAN_POINT('',(-186.,1.,-51.));
#3863=CARTESIAN_POINT('Origin',(-185.,1.,-51.));
#3864=CARTESIAN_POINT('Origin',(-181.,1.,-51.));
#3865=CARTESIAN_POINT('Origin',(-185.,1.,-28.));
#3866=CARTESIAN_POINT('',(-186.,1.,51.));
#3867=CARTESIAN_POINT('Origin',(-185.,1.,51.));
#3868=CARTESIAN_POINT('',(-186.,1.,-28.));
#3869=CARTESIAN_POINT('Origin',(-181.,1.,51.));
#3870=CARTESIAN_POINT('',(-181.,1.,56.));
#3871=CARTESIAN_POINT('Origin',(-181.,1.,55.));
#3872=CARTESIAN_POINT('Origin',(-181.,1.,51.));
#3873=CARTESIAN_POINT('Origin',(-139.5,1.,55.));
#3874=CARTESIAN_POINT('',(-97.1284652551402,1.,56.));
#3875=CARTESIAN_POINT('Origin',(-97.1284652551402,1.,55.));
#3876=CARTESIAN_POINT('',(-139.5,1.,56.));
#3877=CARTESIAN_POINT('Origin',(-97.1284652551402,1.,46.));
#3878=CARTESIAN_POINT('',(-94.9420272231495,1.,55.7580473831738));
#3879=CARTESIAN_POINT('Origin',(-95.1606710263486,1.,54.7822426448564));
#3880=CARTESIAN_POINT('Origin',(-97.1284652551402,1.,46.));
#3881=CARTESIAN_POINT('Origin',(-68.,1.,176.));
#3882=CARTESIAN_POINT('',(-41.0579727768506,1.,55.7580473831738));
#3883=CARTESIAN_POINT('Origin',(-40.8393289736515,1.,54.7822426448564));
#3884=CARTESIAN_POINT('Origin',(-68.,1.,176.));
#3885=CARTESIAN_POINT('Origin',(-38.8715347448599,1.,46.));
#3886=CARTESIAN_POINT('',(-38.8715347448599,1.,56.));
#3887=CARTESIAN_POINT('Origin',(-38.8715347448599,1.,55.));
#3888=CARTESIAN_POINT('Origin',(-38.8715347448599,1.,46.));
#3889=CARTESIAN_POINT('Origin',(-66.5,1.,55.));
#3890=CARTESIAN_POINT('',(-4.99999999999998,1.,56.));
#3891=CARTESIAN_POINT('Origin',(-4.99999999999998,1.,55.));
#3892=CARTESIAN_POINT('',(-66.5,1.,56.));
#3893=CARTESIAN_POINT('Origin',(-4.99999999999998,1.,51.));
#3894=CARTESIAN_POINT('',(1.66533453693773E-14,1.,51.));
#3895=CARTESIAN_POINT('Origin',(-0.999999999999984,1.,51.));
#3896=CARTESIAN_POINT('Origin',(-4.99999999999998,1.,51.));
#3897=CARTESIAN_POINT('Origin',(-0.999999999999988,1.,28.));
#3898=CARTESIAN_POINT('',(-1.66533453693773E-14,1.,-51.));
#3899=CARTESIAN_POINT('Origin',(-1.00000000000001,1.,-51.));
#3900=CARTESIAN_POINT('',(8.88178419700125E-15,1.,28.));
#3901=CARTESIAN_POINT('Origin',(-5.00000000000002,1.,-51.));
#3902=CARTESIAN_POINT('',(-5.00000000000002,1.,-56.));
#3903=CARTESIAN_POINT('Origin',(-5.00000000000002,1.,-55.));
#3904=CARTESIAN_POINT('Origin',(-5.00000000000002,1.,-51.));
#3905=CARTESIAN_POINT('Origin',(-46.5,1.,-55.));
#3906=CARTESIAN_POINT('',(-38.8715347448599,1.,-56.));
#3907=CARTESIAN_POINT('Origin',(-38.8715347448599,1.,-55.));
#3908=CARTESIAN_POINT('',(-46.5,1.,-56.));
#3909=CARTESIAN_POINT('Origin',(-38.8715347448599,1.,-46.));
#3910=CARTESIAN_POINT('',(-41.0579727768506,1.,-55.7580473831738));
#3911=CARTESIAN_POINT('Origin',(-40.8393289736515,1.,-54.7822426448564));
#3912=CARTESIAN_POINT('Origin',(-38.8715347448599,1.,-46.));
#3913=CARTESIAN_POINT('Origin',(-68.,1.,-176.));
#3914=CARTESIAN_POINT('',(-94.9420272231495,1.,-55.7580473831738));
#3915=CARTESIAN_POINT('Origin',(-95.1606710263485,1.,-54.7822426448564));
#3916=CARTESIAN_POINT('Origin',(-68.,1.,-176.));
#3917=CARTESIAN_POINT('Origin',(-97.1284652551402,1.,-46.));
#3918=CARTESIAN_POINT('',(-97.1284652551402,1.,-56.));
#3919=CARTESIAN_POINT('Origin',(-97.1284652551402,1.,-55.));
#3920=CARTESIAN_POINT('Origin',(-97.1284652551402,1.,-46.));
#3921=CARTESIAN_POINT('Origin',(-94.5,1.,-55.));
#3922=CARTESIAN_POINT('',(-94.5,1.,-56.));
#3923=CARTESIAN_POINT('Origin',(1.77635683940025E-14,0.,56.));
#3924=CARTESIAN_POINT('',(-1.66533453693773E-14,0.,-51.));
#3925=CARTESIAN_POINT('',(1.66533453693773E-14,0.,51.));
#3926=CARTESIAN_POINT('Origin',(-5.00000000000002,0.,-51.));
#3927=CARTESIAN_POINT('',(-5.00000000000002,0.,-56.));
#3928=CARTESIAN_POINT('Origin',(1.77635683940025E-14,0.,-56.));
#3929=CARTESIAN_POINT('',(-38.8715347448599,0.,-56.));
#3930=CARTESIAN_POINT('Origin',(-38.8715347448599,0.,-46.));
#3931=CARTESIAN_POINT('',(-41.0579727768506,0.,-55.7580473831738));
#3932=CARTESIAN_POINT('Origin',(-68.,0.,-176.));
#3933=CARTESIAN_POINT('',(-94.9420272231495,0.,-55.7580473831738));
#3934=CARTESIAN_POINT('Origin',(-97.1284652551402,0.,-46.));
#3935=CARTESIAN_POINT('',(-97.1284652551402,0.,-56.));
#3936=CARTESIAN_POINT('Origin',(-96.,0.,-56.));
#3937=CARTESIAN_POINT('',(-181.,0.,-56.));
#3938=CARTESIAN_POINT('Origin',(-181.,0.,-51.));
#3939=CARTESIAN_POINT('',(-186.,0.,-51.));
#3940=CARTESIAN_POINT('Origin',(-97.1284652551402,0.,-46.));
#3941=CARTESIAN_POINT('Origin',(-68.,0.,-176.));
#3942=CARTESIAN_POINT('',(-40.4020413672534,0.,-52.8306331682216));
#3943=CARTESIAN_POINT('Origin',(-38.8715347448599,0.,-46.));
#3944=CARTESIAN_POINT('',(-38.8715347448599,0.,-53.));
#3945=CARTESIAN_POINT('Origin',(1.70974345792274E-14,0.,-53.));
#3946=CARTESIAN_POINT('Origin',(-38.8715347448599,0.,46.));
#3947=CARTESIAN_POINT('',(-40.4020413672534,0.,52.8306331682216));
#3948=CARTESIAN_POINT('Origin',(-68.,0.,176.));
#3949=CARTESIAN_POINT('Origin',(-97.1284652551402,0.,46.));
#3950=CARTESIAN_POINT('',(-97.1284652551402,0.,53.));
#3951=CARTESIAN_POINT('Origin',(-186.,0.,53.));
#3952=CARTESIAN_POINT('Origin',(-38.8715347448599,0.,46.));
#3953=CARTESIAN_POINT('',(-38.8715347448599,0.,56.));
#3954=CARTESIAN_POINT('',(-41.0579727768506,0.,55.7580473831738));
#3955=CARTESIAN_POINT('Origin',(-68.,0.,176.));
#3956=CARTESIAN_POINT('',(-94.9420272231495,0.,55.7580473831738));
#3957=CARTESIAN_POINT('Origin',(-97.1284652551402,0.,46.));
#3958=CARTESIAN_POINT('',(-97.1284652551402,0.,56.));
#3959=CARTESIAN_POINT('Origin',(-186.,0.,56.));
#3960=CARTESIAN_POINT('',(-181.,0.,56.));
#3961=CARTESIAN_POINT('Origin',(-4.99999999999998,0.,51.));
#3962=CARTESIAN_POINT('',(-4.99999999999998,0.,56.));
#3963=CARTESIAN_POINT('Origin',(-40.,0.,56.));
#3964=CARTESIAN_POINT('Origin',(-181.,0.,51.));
#3965=CARTESIAN_POINT('',(-186.,0.,51.));
#3966=CARTESIAN_POINT('Origin',(-186.,0.,-56.));
#3967=UNCERTAINTY_MEASURE_WITH_UNIT(LENGTH_MEASURE(0.01),#3971,
'DISTANCE_ACCURACY_VALUE',
'Maximum model space distance between geometric entities at asserted c
onnectivities');
#3968=UNCERTAINTY_MEASURE_WITH_UNIT(LENGTH_MEASURE(0.01),#3971,
'DISTANCE_ACCURACY_VALUE',
'Maximum model space distance between geometric entities at asserted c
onnectivities');
#3969=(
GEOMETRIC_REPRESENTATION_CONTEXT(3)
GLOBAL_UNCERTAINTY_ASSIGNED_CONTEXT((#3967))
GLOBAL_UNIT_ASSIGNED_CONTEXT((#3971,#3973,#3974))
REPRESENTATION_CONTEXT('','3D')
);
#3970=(
GEOMETRIC_REPRESENTATION_CONTEXT(3)
GLOBAL_UNCERTAINTY_ASSIGNED_CONTEXT((#3968))
GLOBAL_UNIT_ASSIGNED_CONTEXT((#3971,#3973,#3974))
REPRESENTATION_CONTEXT('','3D')
);
#3971=(
LENGTH_UNIT()
NAMED_UNIT(*)
SI_UNIT(.MILLI.,.METRE.)
);
#3972=(
LENGTH_UNIT()
NAMED_UNIT(*)
SI_UNIT(.CENTI.,.METRE.)
);
#3973=(
NAMED_UNIT(*)
PLANE_ANGLE_UNIT()
SI_UNIT($,.RADIAN.)
);
#3974=(
NAMED_UNIT(*)
SI_UNIT($,.STERADIAN.)
SOLID_ANGLE_UNIT()
);
#3975=SHAPE_DEFINITION_REPRESENTATION(#3976,#3977);
#3976=PRODUCT_DEFINITION_SHAPE('',$,#3979);
#3977=SHAPE_REPRESENTATION('',(#2267),#3969);
#3978=PRODUCT_DEFINITION_CONTEXT('part definition',#3983,'design');
#3979=PRODUCT_DEFINITION('H\X2\1ED9\X0\p Master','N\X2\1EAF\X0\p Maste
r',#3980,#3978);
#3980=PRODUCT_DEFINITION_FORMATION('',$,#3985);
#3981=PRODUCT_RELATED_PRODUCT_CATEGORY('N\X2\1EAF\X0\p Master',
'N\X2\1EAF\X0\p Master',(#3985));
#3982=APPLICATION_PROTOCOL_DEFINITION('international standard',
'automotive_design',2009,#3983);
#3983=APPLICATION_CONTEXT(
'Core Data for Automotive Mechanical Design Process');
#3984=PRODUCT_CONTEXT('part definition',#3983,'mechanical');
#3985=PRODUCT('H\X2\1ED9\X0\p Master','N\X2\1EAF\X0\p Master',$,(#3984));
#3986=PRESENTATION_STYLE_ASSIGNMENT((#3988));
#3987=PRESENTATION_STYLE_ASSIGNMENT((#3989));
#3988=SURFACE_STYLE_USAGE(.BOTH.,#3994);
#3989=SURFACE_STYLE_USAGE(.BOTH.,#3995);
#3990=SURFACE_STYLE_RENDERING_WITH_PROPERTIES($,#4002,(#3992));
#3991=SURFACE_STYLE_RENDERING_WITH_PROPERTIES($,#4003,(#3993));
#3992=SURFACE_STYLE_TRANSPARENT(0.);
#3993=SURFACE_STYLE_TRANSPARENT(0.);
#3994=SURFACE_SIDE_STYLE('',(#3996,#3990));
#3995=SURFACE_SIDE_STYLE('',(#3997,#3991));
#3996=SURFACE_STYLE_FILL_AREA(#3998);
#3997=SURFACE_STYLE_FILL_AREA(#3999);
#3998=FILL_AREA_STYLE('',(#4000));
#3999=FILL_AREA_STYLE('',(#4001));
#4000=FILL_AREA_STYLE_COLOUR('',#4002);
#4001=FILL_AREA_STYLE_COLOUR('',#4003);
#4002=COLOUR_RGB('',0.0941176470588235,0.145098039215686,0.972549019607843);
#4003=COLOUR_RGB('',0.96078431372549,0.96078431372549,0.96078431372549);
ENDSEC;
END-ISO-10303-21;
