ISO-10303-21;
HEADER;
/* Generated by software containing ST-Developer
 * from STEP Tools, Inc. (www.steptools.com) 
 */

FILE_DESCRIPTION(
/* description */ (''),
/* implementation_level */ '2;1');

FILE_NAME(
/* name */ 
'D:\\6. THI\\12. H\X2\1ED9\X0\p EVN\\12. H\X2\1ED9\X0\p EVN\\Slave\\Sl
ave_G\X2\1EED\X0\i Kh\X\E1ch_26.07.14\\3D Step\\Cover pin_SLA_M\X\E0u 
Xanh C\X\F4 Ban_SL01.stp',
/* time_stamp */ '2026-07-14T09:27:16+07:00',
/* author */ ('PC'),
/* organization */ (''),
/* preprocessor_version */ 'ST-DEVELOPER v18',
/* originating_system */ 'Autodesk Inventor 2020',
/* authorisation */ '');

FILE_SCHEMA (('AUTOMOTIVE_DESIGN { 1 0 10303 214 3 1 1 }'));
ENDSEC;

DATA;
#10=MECHANICAL_DESIGN_GEOMETRIC_PRESENTATION_REPRESENTATION('',(#13),#2353);
#11=SHAPE_REPRESENTATION_RELATIONSHIP('SRR','None',#2360,#12);
#12=ADVANCED_BREP_SHAPE_REPRESENTATION('',(#14),#2352);
#13=STYLED_ITEM('',(#2369),#14);
#14=MANIFOLD_SOLID_BREP('Solid1',#1383);
#15=FACE_BOUND('',#221,.T.);
#16=FACE_BOUND('',#231,.T.);
#17=FACE_BOUND('',#232,.T.);
#18=FACE_BOUND('',#233,.T.);
#19=FACE_BOUND('',#234,.T.);
#20=CONICAL_SURFACE('',#1486,2.75,0.785398163397449);
#21=CONICAL_SURFACE('',#1490,2.75,0.785398163397449);
#22=CONICAL_SURFACE('',#1494,2.75,0.785398163397449);
#23=CONICAL_SURFACE('',#1498,2.75,0.785398163397449);
#24=CONICAL_SURFACE('',#1504,4.75,0.785398163397447);
#25=CONICAL_SURFACE('',#1518,2.5,0.785398163397448);
#26=SPHERICAL_SURFACE('',#1438,0.5);
#27=SPHERICAL_SURFACE('',#1445,0.5);
#28=SPHERICAL_SURFACE('',#1462,0.5);
#29=SPHERICAL_SURFACE('',#1469,0.5);
#30=ELLIPSE('',#1432,0.503774501900011,0.5);
#31=ELLIPSE('',#1442,0.50377450190001,0.5);
#32=ELLIPSE('',#1456,0.50377450190001,0.5);
#33=ELLIPSE('',#1466,0.50377450190001,0.5);
#34=PLANE('',#1406);
#35=PLANE('',#1408);
#36=PLANE('',#1414);
#37=PLANE('',#1416);
#38=PLANE('',#1420);
#39=PLANE('',#1422);
#40=PLANE('',#1427);
#41=PLANE('',#1428);
#42=PLANE('',#1429);
#43=PLANE('',#1449);
#44=PLANE('',#1452);
#45=PLANE('',#1473);
#46=PLANE('',#1476);
#47=PLANE('',#1478);
#48=PLANE('',#1479);
#49=PLANE('',#1480);
#50=PLANE('',#1481);
#51=PLANE('',#1482);
#52=PLANE('',#1484);
#53=PLANE('',#1485);
#54=PLANE('',#1489);
#55=PLANE('',#1493);
#56=PLANE('',#1497);
#57=PLANE('',#1501);
#58=PLANE('',#1502);
#59=PLANE('',#1503);
#60=PLANE('',#1507);
#61=PLANE('',#1508);
#62=PLANE('',#1509);
#63=PLANE('',#1510);
#64=PLANE('',#1513);
#65=PLANE('',#1514);
#66=PLANE('',#1515);
#67=PLANE('',#1516);
#68=PLANE('',#1520);
#69=PLANE('',#1523);
#70=PLANE('',#1525);
#71=PLANE('',#1526);
#72=PLANE('',#1527);
#73=PLANE('',#1528);
#74=PLANE('',#1534);
#75=PLANE('',#1538);
#76=PLANE('',#1539);
#77=FACE_OUTER_BOUND('',#157,.T.);
#78=FACE_OUTER_BOUND('',#158,.T.);
#79=FACE_OUTER_BOUND('',#159,.T.);
#80=FACE_OUTER_BOUND('',#160,.T.);
#81=FACE_OUTER_BOUND('',#161,.T.);
#82=FACE_OUTER_BOUND('',#162,.T.);
#83=FACE_OUTER_BOUND('',#163,.T.);
#84=FACE_OUTER_BOUND('',#164,.T.);
#85=FACE_OUTER_BOUND('',#165,.T.);
#86=FACE_OUTER_BOUND('',#166,.T.);
#87=FACE_OUTER_BOUND('',#167,.T.);
#88=FACE_OUTER_BOUND('',#168,.T.);
#89=FACE_OUTER_BOUND('',#169,.T.);
#90=FACE_OUTER_BOUND('',#170,.T.);
#91=FACE_OUTER_BOUND('',#171,.T.);
#92=FACE_OUTER_BOUND('',#172,.T.);
#93=FACE_OUTER_BOUND('',#173,.T.);
#94=FACE_OUTER_BOUND('',#174,.T.);
#95=FACE_OUTER_BOUND('',#175,.T.);
#96=FACE_OUTER_BOUND('',#176,.T.);
#97=FACE_OUTER_BOUND('',#177,.T.);
#98=FACE_OUTER_BOUND('',#178,.T.);
#99=FACE_OUTER_BOUND('',#179,.T.);
#100=FACE_OUTER_BOUND('',#180,.T.);
#101=FACE_OUTER_BOUND('',#181,.T.);
#102=FACE_OUTER_BOUND('',#182,.T.);
#103=FACE_OUTER_BOUND('',#183,.T.);
#104=FACE_OUTER_BOUND('',#184,.T.);
#105=FACE_OUTER_BOUND('',#185,.T.);
#106=FACE_OUTER_BOUND('',#186,.T.);
#107=FACE_OUTER_BOUND('',#187,.T.);
#108=FACE_OUTER_BOUND('',#188,.T.);
#109=FACE_OUTER_BOUND('',#189,.T.);
#110=FACE_OUTER_BOUND('',#190,.T.);
#111=FACE_OUTER_BOUND('',#191,.T.);
#112=FACE_OUTER_BOUND('',#192,.T.);
#113=FACE_OUTER_BOUND('',#193,.T.);
#114=FACE_OUTER_BOUND('',#194,.T.);
#115=FACE_OUTER_BOUND('',#195,.T.);
#116=FACE_OUTER_BOUND('',#196,.T.);
#117=FACE_OUTER_BOUND('',#197,.T.);
#118=FACE_OUTER_BOUND('',#198,.T.);
#119=FACE_OUTER_BOUND('',#199,.T.);
#120=FACE_OUTER_BOUND('',#200,.T.);
#121=FACE_OUTER_BOUND('',#201,.T.);
#122=FACE_OUTER_BOUND('',#202,.T.);
#123=FACE_OUTER_BOUND('',#203,.T.);
#124=FACE_OUTER_BOUND('',#204,.T.);
#125=FACE_OUTER_BOUND('',#205,.T.);
#126=FACE_OUTER_BOUND('',#206,.T.);
#127=FACE_OUTER_BOUND('',#207,.T.);
#128=FACE_OUTER_BOUND('',#208,.T.);
#129=FACE_OUTER_BOUND('',#209,.T.);
#130=FACE_OUTER_BOUND('',#210,.T.);
#131=FACE_OUTER_BOUND('',#211,.T.);
#132=FACE_OUTER_BOUND('',#212,.T.);
#133=FACE_OUTER_BOUND('',#213,.T.);
#134=FACE_OUTER_BOUND('',#214,.T.);
#135=FACE_OUTER_BOUND('',#215,.T.);
#136=FACE_OUTER_BOUND('',#216,.T.);
#137=FACE_OUTER_BOUND('',#217,.T.);
#138=FACE_OUTER_BOUND('',#218,.T.);
#139=FACE_OUTER_BOUND('',#219,.T.);
#140=FACE_OUTER_BOUND('',#220,.T.);
#141=FACE_OUTER_BOUND('',#222,.T.);
#142=FACE_OUTER_BOUND('',#223,.T.);
#143=FACE_OUTER_BOUND('',#224,.T.);
#144=FACE_OUTER_BOUND('',#225,.T.);
#145=FACE_OUTER_BOUND('',#226,.T.);
#146=FACE_OUTER_BOUND('',#227,.T.);
#147=FACE_OUTER_BOUND('',#228,.T.);
#148=FACE_OUTER_BOUND('',#229,.T.);
#149=FACE_OUTER_BOUND('',#230,.T.);
#150=FACE_OUTER_BOUND('',#235,.T.);
#151=FACE_OUTER_BOUND('',#236,.T.);
#152=FACE_OUTER_BOUND('',#237,.T.);
#153=FACE_OUTER_BOUND('',#238,.T.);
#154=FACE_OUTER_BOUND('',#239,.T.);
#155=FACE_OUTER_BOUND('',#240,.T.);
#156=FACE_OUTER_BOUND('',#241,.T.);
#157=EDGE_LOOP('',(#886,#887,#888,#889));
#158=EDGE_LOOP('',(#890,#891,#892,#893));
#159=EDGE_LOOP('',(#894,#895,#896,#897));
#160=EDGE_LOOP('',(#898,#899,#900,#901));
#161=EDGE_LOOP('',(#902,#903,#904,#905));
#162=EDGE_LOOP('',(#906,#907,#908,#909));
#163=EDGE_LOOP('',(#910,#911,#912,#913));
#164=EDGE_LOOP('',(#914,#915,#916,#917));
#165=EDGE_LOOP('',(#918,#919,#920,#921));
#166=EDGE_LOOP('',(#922,#923,#924,#925));
#167=EDGE_LOOP('',(#926,#927,#928,#929));
#168=EDGE_LOOP('',(#930,#931,#932,#933));
#169=EDGE_LOOP('',(#934,#935,#936,#937));
#170=EDGE_LOOP('',(#938,#939,#940,#941));
#171=EDGE_LOOP('',(#942,#943,#944,#945));
#172=EDGE_LOOP('',(#946,#947,#948,#949));
#173=EDGE_LOOP('',(#950,#951,#952,#953));
#174=EDGE_LOOP('',(#954,#955,#956,#957));
#175=EDGE_LOOP('',(#958,#959,#960));
#176=EDGE_LOOP('',(#961,#962,#963,#964));
#177=EDGE_LOOP('',(#965,#966,#967,#968));
#178=EDGE_LOOP('',(#969,#970,#971));
#179=EDGE_LOOP('',(#972,#973,#974,#975));
#180=EDGE_LOOP('',(#976,#977,#978,#979));
#181=EDGE_LOOP('',(#980,#981,#982,#983));
#182=EDGE_LOOP('',(#984,#985,#986,#987,#988,#989,#990,#991));
#183=EDGE_LOOP('',(#992,#993,#994,#995));
#184=EDGE_LOOP('',(#996,#997,#998,#999));
#185=EDGE_LOOP('',(#1000,#1001,#1002,#1003));
#186=EDGE_LOOP('',(#1004,#1005,#1006));
#187=EDGE_LOOP('',(#1007,#1008,#1009,#1010));
#188=EDGE_LOOP('',(#1011,#1012,#1013,#1014));
#189=EDGE_LOOP('',(#1015,#1016,#1017));
#190=EDGE_LOOP('',(#1018,#1019,#1020,#1021));
#191=EDGE_LOOP('',(#1022,#1023,#1024,#1025));
#192=EDGE_LOOP('',(#1026,#1027,#1028,#1029));
#193=EDGE_LOOP('',(#1030,#1031,#1032,#1033,#1034,#1035,#1036,#1037));
#194=EDGE_LOOP('',(#1038,#1039,#1040,#1041));
#195=EDGE_LOOP('',(#1042,#1043,#1044,#1045));
#196=EDGE_LOOP('',(#1046,#1047,#1048,#1049));
#197=EDGE_LOOP('',(#1050,#1051,#1052,#1053));
#198=EDGE_LOOP('',(#1054,#1055,#1056,#1057,#1058,#1059,#1060,#1061));
#199=EDGE_LOOP('',(#1062,#1063,#1064,#1065));
#200=EDGE_LOOP('',(#1066,#1067,#1068,#1069));
#201=EDGE_LOOP('',(#1070,#1071,#1072,#1073));
#202=EDGE_LOOP('',(#1074,#1075,#1076,#1077));
#203=EDGE_LOOP('',(#1078,#1079,#1080,#1081));
#204=EDGE_LOOP('',(#1082,#1083,#1084,#1085));
#205=EDGE_LOOP('',(#1086,#1087,#1088,#1089));
#206=EDGE_LOOP('',(#1090,#1091,#1092,#1093));
#207=EDGE_LOOP('',(#1094,#1095,#1096,#1097));
#208=EDGE_LOOP('',(#1098,#1099,#1100,#1101));
#209=EDGE_LOOP('',(#1102,#1103,#1104,#1105));
#210=EDGE_LOOP('',(#1106,#1107,#1108,#1109));
#211=EDGE_LOOP('',(#1110,#1111,#1112,#1113));
#212=EDGE_LOOP('',(#1114,#1115,#1116,#1117));
#213=EDGE_LOOP('',(#1118,#1119,#1120,#1121));
#214=EDGE_LOOP('',(#1122,#1123,#1124,#1125));
#215=EDGE_LOOP('',(#1126,#1127,#1128,#1129));
#216=EDGE_LOOP('',(#1130,#1131,#1132,#1133));
#217=EDGE_LOOP('',(#1134,#1135,#1136,#1137));
#218=EDGE_LOOP('',(#1138,#1139,#1140,#1141));
#219=EDGE_LOOP('',(#1142,#1143,#1144,#1145));
#220=EDGE_LOOP('',(#1146,#1147,#1148,#1149,#1150,#1151,#1152,#1153,#1154,
#1155,#1156,#1157,#1158,#1159));
#221=EDGE_LOOP('',(#1160));
#222=EDGE_LOOP('',(#1161,#1162,#1163,#1164));
#223=EDGE_LOOP('',(#1165,#1166,#1167,#1168,#1169,#1170,#1171,#1172));
#224=EDGE_LOOP('',(#1173,#1174,#1175,#1176));
#225=EDGE_LOOP('',(#1177,#1178,#1179,#1180));
#226=EDGE_LOOP('',(#1181,#1182,#1183,#1184));
#227=EDGE_LOOP('',(#1185,#1186,#1187,#1188));
#228=EDGE_LOOP('',(#1189,#1190,#1191,#1192,#1193,#1194));
#229=EDGE_LOOP('',(#1195,#1196,#1197,#1198,#1199,#1200));
#230=EDGE_LOOP('',(#1201,#1202,#1203,#1204,#1205,#1206,#1207,#1208,#1209,
#1210,#1211,#1212,#1213,#1214,#1215,#1216,#1217,#1218,#1219,#1220,#1221,
#1222));
#231=EDGE_LOOP('',(#1223,#1224,#1225,#1226));
#232=EDGE_LOOP('',(#1227,#1228,#1229,#1230));
#233=EDGE_LOOP('',(#1231,#1232,#1233,#1234));
#234=EDGE_LOOP('',(#1235));
#235=EDGE_LOOP('',(#1236,#1237,#1238,#1239));
#236=EDGE_LOOP('',(#1240,#1241,#1242,#1243,#1244,#1245,#1246,#1247,#1248,
#1249,#1250,#1251,#1252,#1253,#1254,#1255));
#237=EDGE_LOOP('',(#1256,#1257,#1258,#1259));
#238=EDGE_LOOP('',(#1260,#1261,#1262,#1263));
#239=EDGE_LOOP('',(#1264,#1265,#1266,#1267));
#240=EDGE_LOOP('',(#1268,#1269,#1270,#1271));
#241=EDGE_LOOP('',(#1272,#1273,#1274,#1275));
#242=LINE('',#1960,#380);
#243=LINE('',#1963,#381);
#244=LINE('',#1966,#382);
#245=LINE('',#1969,#383);
#246=LINE('',#1972,#384);
#247=LINE('',#1973,#385);
#248=LINE('',#1977,#386);
#249=LINE('',#1983,#387);
#250=LINE('',#1986,#388);
#251=LINE('',#1989,#389);
#252=LINE('',#1992,#390);
#253=LINE('',#1995,#391);
#254=LINE('',#1996,#392);
#255=LINE('',#2002,#393);
#256=LINE('',#2005,#394);
#257=LINE('',#2008,#395);
#258=LINE('',#2011,#396);
#259=LINE('',#2014,#397);
#260=LINE('',#2015,#398);
#261=LINE('',#2019,#399);
#262=LINE('',#2023,#400);
#263=LINE('',#2025,#401);
#264=LINE('',#2027,#402);
#265=LINE('',#2029,#403);
#266=LINE('',#2033,#404);
#267=LINE('',#2037,#405);
#268=LINE('',#2041,#406);
#269=LINE('',#2044,#407);
#270=LINE('',#2049,#408);
#271=LINE('',#2052,#409);
#272=LINE('',#2058,#410);
#273=LINE('',#2062,#411);
#274=LINE('',#2066,#412);
#275=LINE('',#2068,#413);
#276=LINE('',#2073,#414);
#277=LINE('',#2076,#415);
#278=LINE('',#2079,#416);
#279=LINE('',#2080,#417);
#280=LINE('',#2083,#418);
#281=LINE('',#2087,#419);
#282=LINE('',#2089,#420);
#283=LINE('',#2091,#421);
#284=LINE('',#2094,#422);
#285=LINE('',#2098,#423);
#286=LINE('',#2102,#424);
#287=LINE('',#2106,#425);
#288=LINE('',#2109,#426);
#289=LINE('',#2114,#427);
#290=LINE('',#2117,#428);
#291=LINE('',#2123,#429);
#292=LINE('',#2127,#430);
#293=LINE('',#2131,#431);
#294=LINE('',#2133,#432);
#295=LINE('',#2138,#433);
#296=LINE('',#2141,#434);
#297=LINE('',#2144,#435);
#298=LINE('',#2145,#436);
#299=LINE('',#2148,#437);
#300=LINE('',#2152,#438);
#301=LINE('',#2154,#439);
#302=LINE('',#2156,#440);
#303=LINE('',#2159,#441);
#304=LINE('',#2161,#442);
#305=LINE('',#2162,#443);
#306=LINE('',#2164,#444);
#307=LINE('',#2165,#445);
#308=LINE('',#2170,#446);
#309=LINE('',#2174,#447);
#310=LINE('',#2176,#448);
#311=LINE('',#2177,#449);
#312=LINE('',#2181,#450);
#313=LINE('',#2183,#451);
#314=LINE('',#2185,#452);
#315=LINE('',#2186,#453);
#316=LINE('',#2190,#454);
#317=LINE('',#2192,#455);
#318=LINE('',#2194,#456);
#319=LINE('',#2195,#457);
#320=LINE('',#2199,#458);
#321=LINE('',#2205,#459);
#322=LINE('',#2206,#460);
#323=LINE('',#2207,#461);
#324=LINE('',#2211,#462);
#325=LINE('',#2217,#463);
#326=LINE('',#2218,#464);
#327=LINE('',#2219,#465);
#328=LINE('',#2223,#466);
#329=LINE('',#2229,#467);
#330=LINE('',#2230,#468);
#331=LINE('',#2231,#469);
#332=LINE('',#2235,#470);
#333=LINE('',#2240,#471);
#334=LINE('',#2242,#472);
#335=LINE('',#2243,#473);
#336=LINE('',#2245,#474);
#337=LINE('',#2246,#475);
#338=LINE('',#2249,#476);
#339=LINE('',#2251,#477);
#340=LINE('',#2252,#478);
#341=LINE('',#2256,#479);
#342=LINE('',#2260,#480);
#343=LINE('',#2261,#481);
#344=LINE('',#2264,#482);
#345=LINE('',#2266,#483);
#346=LINE('',#2267,#484);
#347=LINE('',#2270,#485);
#348=LINE('',#2271,#486);
#349=LINE('',#2274,#487);
#350=LINE('',#2275,#488);
#351=LINE('',#2278,#489);
#352=LINE('',#2282,#490);
#353=LINE('',#2283,#491);
#354=LINE('',#2286,#492);
#355=LINE('',#2287,#493);
#356=LINE('',#2290,#494);
#357=LINE('',#2291,#495);
#358=LINE('',#2297,#496);
#359=LINE('',#2301,#497);
#360=LINE('',#2305,#498);
#361=LINE('',#2307,#499);
#362=LINE('',#2308,#500);
#363=LINE('',#2310,#501);
#364=LINE('',#2311,#502);
#365=LINE('',#2313,#503);
#366=LINE('',#2315,#504);
#367=LINE('',#2316,#505);
#368=LINE('',#2318,#506);
#369=LINE('',#2325,#507);
#370=LINE('',#2328,#508);
#371=LINE('',#2329,#509);
#372=LINE('',#2331,#510);
#373=LINE('',#2335,#511);
#374=LINE('',#2338,#512);
#375=LINE('',#2339,#513);
#376=LINE('',#2341,#514);
#377=LINE('',#2343,#515);
#378=LINE('',#2345,#516);
#379=LINE('',#2347,#517);
#380=VECTOR('',#1546,2.);
#381=VECTOR('',#1549,10.);
#382=VECTOR('',#1552,10.);
#383=VECTOR('',#1555,10.);
#384=VECTOR('',#1558,10.);
#385=VECTOR('',#1559,2.);
#386=VECTOR('',#1564,10.);
#387=VECTOR('',#1569,2.);
#388=VECTOR('',#1572,10.);
#389=VECTOR('',#1575,10.);
#390=VECTOR('',#1578,10.);
#391=VECTOR('',#1581,10.);
#392=VECTOR('',#1582,2.);
#393=VECTOR('',#1587,2.);
#394=VECTOR('',#1590,10.);
#395=VECTOR('',#1593,10.);
#396=VECTOR('',#1596,10.);
#397=VECTOR('',#1599,10.);
#398=VECTOR('',#1600,2.);
#399=VECTOR('',#1605,10.);
#400=VECTOR('',#1610,10.);
#401=VECTOR('',#1613,10.);
#402=VECTOR('',#1616,10.);
#403=VECTOR('',#1619,10.);
#404=VECTOR('',#1622,10.);
#405=VECTOR('',#1625,10.);
#406=VECTOR('',#1630,10.);
#407=VECTOR('',#1633,10.);
#408=VECTOR('',#1638,10.);
#409=VECTOR('',#1641,10.);
#410=VECTOR('',#1648,10.);
#411=VECTOR('',#1651,10.);
#412=VECTOR('',#1656,10.);
#413=VECTOR('',#1659,10.);
#414=VECTOR('',#1666,10.);
#415=VECTOR('',#1669,10.);
#416=VECTOR('',#1672,10.);
#417=VECTOR('',#1673,10.);
#418=VECTOR('',#1676,10.);
#419=VECTOR('',#1681,10.);
#420=VECTOR('',#1682,10.);
#421=VECTOR('',#1683,10.);
#422=VECTOR('',#1686,10.);
#423=VECTOR('',#1689,10.);
#424=VECTOR('',#1692,10.);
#425=VECTOR('',#1697,10.);
#426=VECTOR('',#1700,10.);
#427=VECTOR('',#1705,10.);
#428=VECTOR('',#1708,10.);
#429=VECTOR('',#1715,10.);
#430=VECTOR('',#1718,10.);
#431=VECTOR('',#1723,10.);
#432=VECTOR('',#1726,10.);
#433=VECTOR('',#1733,10.);
#434=VECTOR('',#1736,10.);
#435=VECTOR('',#1739,10.);
#436=VECTOR('',#1740,10.);
#437=VECTOR('',#1743,10.);
#438=VECTOR('',#1748,10.);
#439=VECTOR('',#1749,10.);
#440=VECTOR('',#1750,10.);
#441=VECTOR('',#1753,10.);
#442=VECTOR('',#1756,10.);
#443=VECTOR('',#1757,10.);
#444=VECTOR('',#1760,10.);
#445=VECTOR('',#1761,10.);
#446=VECTOR('',#1768,10.);
#447=VECTOR('',#1771,10.);
#448=VECTOR('',#1772,10.);
#449=VECTOR('',#1773,10.);
#450=VECTOR('',#1776,10.);
#451=VECTOR('',#1777,10.);
#452=VECTOR('',#1778,10.);
#453=VECTOR('',#1779,10.);
#454=VECTOR('',#1782,10.);
#455=VECTOR('',#1783,10.);
#456=VECTOR('',#1784,10.);
#457=VECTOR('',#1785,10.);
#458=VECTOR('',#1788,10.);
#459=VECTOR('',#1795,10.);
#460=VECTOR('',#1796,10.);
#461=VECTOR('',#1797,10.);
#462=VECTOR('',#1800,10.);
#463=VECTOR('',#1807,10.);
#464=VECTOR('',#1808,10.);
#465=VECTOR('',#1809,10.);
#466=VECTOR('',#1812,10.);
#467=VECTOR('',#1819,10.);
#468=VECTOR('',#1820,10.);
#469=VECTOR('',#1821,10.);
#470=VECTOR('',#1824,10.);
#471=VECTOR('',#1831,10.);
#472=VECTOR('',#1832,10.);
#473=VECTOR('',#1833,10.);
#474=VECTOR('',#1836,10.);
#475=VECTOR('',#1837,10.);
#476=VECTOR('',#1840,10.);
#477=VECTOR('',#1841,10.);
#478=VECTOR('',#1842,10.);
#479=VECTOR('',#1845,10.);
#480=VECTOR('',#1852,10.);
#481=VECTOR('',#1853,10.);
#482=VECTOR('',#1856,10.);
#483=VECTOR('',#1857,10.);
#484=VECTOR('',#1858,10.);
#485=VECTOR('',#1861,10.);
#486=VECTOR('',#1862,10.);
#487=VECTOR('',#1865,10.);
#488=VECTOR('',#1866,10.);
#489=VECTOR('',#1869,10.);
#490=VECTOR('',#1874,10.);
#491=VECTOR('',#1875,10.);
#492=VECTOR('',#1878,10.);
#493=VECTOR('',#1879,10.);
#494=VECTOR('',#1882,10.);
#495=VECTOR('',#1883,10.);
#496=VECTOR('',#1890,2.5);
#497=VECTOR('',#1895,10.);
#498=VECTOR('',#1898,10.);
#499=VECTOR('',#1899,10.);
#500=VECTOR('',#1900,10.);
#501=VECTOR('',#1903,10.);
#502=VECTOR('',#1904,10.);
#503=VECTOR('',#1907,10.);
#504=VECTOR('',#1910,10.);
#505=VECTOR('',#1911,10.);
#506=VECTOR('',#1914,10.);
#507=VECTOR('',#1923,10.);
#508=VECTOR('',#1926,10.);
#509=VECTOR('',#1927,10.);
#510=VECTOR('',#1928,10.);
#511=VECTOR('',#1931,10.);
#512=VECTOR('',#1936,10.);
#513=VECTOR('',#1937,10.);
#514=VECTOR('',#1940,10.);
#515=VECTOR('',#1943,10.);
#516=VECTOR('',#1946,10.);
#517=VECTOR('',#1949,10.);
#518=CIRCLE('',#1404,2.);
#519=CIRCLE('',#1405,2.);
#520=CIRCLE('',#1407,2.);
#521=CIRCLE('',#1410,2.);
#522=CIRCLE('',#1412,2.);
#523=CIRCLE('',#1413,2.);
#524=CIRCLE('',#1415,2.);
#525=CIRCLE('',#1418,2.);
#526=CIRCLE('',#1419,2.);
#527=CIRCLE('',#1421,2.);
#528=CIRCLE('',#1424,2.);
#529=CIRCLE('',#1426,2.);
#530=CIRCLE('',#1431,0.5);
#531=CIRCLE('',#1434,0.500000000000001);
#532=CIRCLE('',#1436,0.499999999999998);
#533=CIRCLE('',#1437,0.5);
#534=CIRCLE('',#1439,0.499999999999996);
#535=CIRCLE('',#1441,0.5);
#536=CIRCLE('',#1444,0.5);
#537=CIRCLE('',#1446,0.499999999999997);
#538=CIRCLE('',#1448,0.5);
#539=CIRCLE('',#1451,0.5);
#540=CIRCLE('',#1453,5.);
#541=CIRCLE('',#1455,0.5);
#542=CIRCLE('',#1458,0.500000000000001);
#543=CIRCLE('',#1460,0.499999999999998);
#544=CIRCLE('',#1461,0.5);
#545=CIRCLE('',#1463,0.500000000000002);
#546=CIRCLE('',#1465,0.5);
#547=CIRCLE('',#1468,0.499999999999998);
#548=CIRCLE('',#1470,0.500000000000002);
#549=CIRCLE('',#1472,0.5);
#550=CIRCLE('',#1475,0.5);
#551=CIRCLE('',#1477,5.);
#552=CIRCLE('',#1483,5.);
#553=CIRCLE('',#1487,3.);
#554=CIRCLE('',#1488,2.5);
#555=CIRCLE('',#1491,3.);
#556=CIRCLE('',#1492,2.5);
#557=CIRCLE('',#1495,3.);
#558=CIRCLE('',#1496,2.5);
#559=CIRCLE('',#1499,3.);
#560=CIRCLE('',#1500,2.5);
#561=CIRCLE('',#1505,4.5);
#562=CIRCLE('',#1506,5.);
#563=CIRCLE('',#1512,5.);
#564=CIRCLE('',#1517,3.25);
#565=CIRCLE('',#1519,1.75);
#566=CIRCLE('',#1521,5.);
#567=CIRCLE('',#1529,3.);
#568=CIRCLE('',#1530,3.);
#569=CIRCLE('',#1531,3.);
#570=CIRCLE('',#1532,3.);
#571=VERTEX_POINT('',#1956);
#572=VERTEX_POINT('',#1957);
#573=VERTEX_POINT('',#1959);
#574=VERTEX_POINT('',#1961);
#575=VERTEX_POINT('',#1965);
#576=VERTEX_POINT('',#1967);
#577=VERTEX_POINT('',#1971);
#578=VERTEX_POINT('',#1975);
#579=VERTEX_POINT('',#1979);
#580=VERTEX_POINT('',#1980);
#581=VERTEX_POINT('',#1982);
#582=VERTEX_POINT('',#1984);
#583=VERTEX_POINT('',#1988);
#584=VERTEX_POINT('',#1990);
#585=VERTEX_POINT('',#1994);
#586=VERTEX_POINT('',#1998);
#587=VERTEX_POINT('',#1999);
#588=VERTEX_POINT('',#2001);
#589=VERTEX_POINT('',#2003);
#590=VERTEX_POINT('',#2007);
#591=VERTEX_POINT('',#2009);
#592=VERTEX_POINT('',#2013);
#593=VERTEX_POINT('',#2017);
#594=VERTEX_POINT('',#2021);
#595=VERTEX_POINT('',#2031);
#596=VERTEX_POINT('',#2032);
#597=VERTEX_POINT('',#2034);
#598=VERTEX_POINT('',#2036);
#599=VERTEX_POINT('',#2040);
#600=VERTEX_POINT('',#2042);
#601=VERTEX_POINT('',#2046);
#602=VERTEX_POINT('',#2048);
#603=VERTEX_POINT('',#2050);
#604=VERTEX_POINT('',#2056);
#605=VERTEX_POINT('',#2057);
#606=VERTEX_POINT('',#2059);
#607=VERTEX_POINT('',#2061);
#608=VERTEX_POINT('',#2065);
#609=VERTEX_POINT('',#2072);
#610=VERTEX_POINT('',#2074);
#611=VERTEX_POINT('',#2078);
#612=VERTEX_POINT('',#2082);
#613=VERTEX_POINT('',#2086);
#614=VERTEX_POINT('',#2088);
#615=VERTEX_POINT('',#2090);
#616=VERTEX_POINT('',#2092);
#617=VERTEX_POINT('',#2096);
#618=VERTEX_POINT('',#2097);
#619=VERTEX_POINT('',#2099);
#620=VERTEX_POINT('',#2101);
#621=VERTEX_POINT('',#2105);
#622=VERTEX_POINT('',#2107);
#623=VERTEX_POINT('',#2111);
#624=VERTEX_POINT('',#2113);
#625=VERTEX_POINT('',#2115);
#626=VERTEX_POINT('',#2121);
#627=VERTEX_POINT('',#2122);
#628=VERTEX_POINT('',#2124);
#629=VERTEX_POINT('',#2126);
#630=VERTEX_POINT('',#2130);
#631=VERTEX_POINT('',#2137);
#632=VERTEX_POINT('',#2139);
#633=VERTEX_POINT('',#2143);
#634=VERTEX_POINT('',#2147);
#635=VERTEX_POINT('',#2151);
#636=VERTEX_POINT('',#2153);
#637=VERTEX_POINT('',#2155);
#638=VERTEX_POINT('',#2157);
#639=VERTEX_POINT('',#2169);
#640=VERTEX_POINT('',#2171);
#641=VERTEX_POINT('',#2173);
#642=VERTEX_POINT('',#2175);
#643=VERTEX_POINT('',#2179);
#644=VERTEX_POINT('',#2180);
#645=VERTEX_POINT('',#2182);
#646=VERTEX_POINT('',#2184);
#647=VERTEX_POINT('',#2188);
#648=VERTEX_POINT('',#2189);
#649=VERTEX_POINT('',#2191);
#650=VERTEX_POINT('',#2193);
#651=VERTEX_POINT('',#2197);
#652=VERTEX_POINT('',#2198);
#653=VERTEX_POINT('',#2203);
#654=VERTEX_POINT('',#2204);
#655=VERTEX_POINT('',#2209);
#656=VERTEX_POINT('',#2210);
#657=VERTEX_POINT('',#2215);
#658=VERTEX_POINT('',#2216);
#659=VERTEX_POINT('',#2221);
#660=VERTEX_POINT('',#2222);
#661=VERTEX_POINT('',#2227);
#662=VERTEX_POINT('',#2228);
#663=VERTEX_POINT('',#2233);
#664=VERTEX_POINT('',#2234);
#665=VERTEX_POINT('',#2239);
#666=VERTEX_POINT('',#2241);
#667=VERTEX_POINT('',#2248);
#668=VERTEX_POINT('',#2250);
#669=VERTEX_POINT('',#2254);
#670=VERTEX_POINT('',#2255);
#671=VERTEX_POINT('',#2263);
#672=VERTEX_POINT('',#2265);
#673=VERTEX_POINT('',#2269);
#674=VERTEX_POINT('',#2273);
#675=VERTEX_POINT('',#2277);
#676=VERTEX_POINT('',#2281);
#677=VERTEX_POINT('',#2285);
#678=VERTEX_POINT('',#2289);
#679=VERTEX_POINT('',#2293);
#680=VERTEX_POINT('',#2296);
#681=VERTEX_POINT('',#2300);
#682=VERTEX_POINT('',#2302);
#683=VERTEX_POINT('',#2304);
#684=VERTEX_POINT('',#2306);
#685=VERTEX_POINT('',#2322);
#686=VERTEX_POINT('',#2324);
#687=VERTEX_POINT('',#2326);
#688=VERTEX_POINT('',#2330);
#689=VERTEX_POINT('',#2332);
#690=VERTEX_POINT('',#2334);
#691=EDGE_CURVE('',#571,#572,#518,.T.);
#692=EDGE_CURVE('',#572,#573,#242,.T.);
#693=EDGE_CURVE('',#573,#574,#519,.T.);
#694=EDGE_CURVE('',#571,#574,#243,.T.);
#695=EDGE_CURVE('',#575,#573,#244,.T.);
#696=EDGE_CURVE('',#576,#575,#520,.T.);
#697=EDGE_CURVE('',#574,#576,#245,.T.);
#698=EDGE_CURVE('',#572,#577,#246,.T.);
#699=EDGE_CURVE('',#575,#577,#247,.T.);
#700=EDGE_CURVE('',#577,#578,#521,.T.);
#701=EDGE_CURVE('',#576,#578,#248,.T.);
#702=EDGE_CURVE('',#579,#580,#522,.T.);
#703=EDGE_CURVE('',#580,#581,#249,.T.);
#704=EDGE_CURVE('',#581,#582,#523,.T.);
#705=EDGE_CURVE('',#579,#582,#250,.T.);
#706=EDGE_CURVE('',#583,#581,#251,.T.);
#707=EDGE_CURVE('',#584,#583,#524,.T.);
#708=EDGE_CURVE('',#582,#584,#252,.T.);
#709=EDGE_CURVE('',#580,#585,#253,.T.);
#710=EDGE_CURVE('',#583,#585,#254,.T.);
#711=EDGE_CURVE('',#586,#587,#525,.T.);
#712=EDGE_CURVE('',#587,#588,#255,.T.);
#713=EDGE_CURVE('',#588,#589,#526,.T.);
#714=EDGE_CURVE('',#586,#589,#256,.T.);
#715=EDGE_CURVE('',#590,#588,#257,.T.);
#716=EDGE_CURVE('',#591,#590,#527,.T.);
#717=EDGE_CURVE('',#589,#591,#258,.T.);
#718=EDGE_CURVE('',#587,#592,#259,.T.);
#719=EDGE_CURVE('',#590,#592,#260,.T.);
#720=EDGE_CURVE('',#592,#593,#528,.T.);
#721=EDGE_CURVE('',#591,#593,#261,.T.);
#722=EDGE_CURVE('',#585,#594,#529,.T.);
#723=EDGE_CURVE('',#584,#594,#262,.T.);
#724=EDGE_CURVE('',#593,#586,#263,.T.);
#725=EDGE_CURVE('',#594,#579,#264,.T.);
#726=EDGE_CURVE('',#578,#571,#265,.T.);
#727=EDGE_CURVE('',#595,#596,#266,.T.);
#728=EDGE_CURVE('',#596,#597,#530,.F.);
#729=EDGE_CURVE('',#597,#598,#267,.T.);
#730=EDGE_CURVE('',#598,#595,#30,.T.);
#731=EDGE_CURVE('',#598,#599,#268,.T.);
#732=EDGE_CURVE('',#599,#600,#531,.T.);
#733=EDGE_CURVE('',#600,#595,#269,.T.);
#734=EDGE_CURVE('',#601,#599,#532,.T.);
#735=EDGE_CURVE('',#599,#602,#270,.T.);
#736=EDGE_CURVE('',#602,#603,#533,.T.);
#737=EDGE_CURVE('',#603,#601,#271,.T.);
#738=EDGE_CURVE('',#601,#600,#534,.T.);
#739=EDGE_CURVE('',#604,#605,#272,.T.);
#740=EDGE_CURVE('',#605,#606,#535,.F.);
#741=EDGE_CURVE('',#606,#607,#273,.T.);
#742=EDGE_CURVE('',#607,#604,#31,.T.);
#743=EDGE_CURVE('',#607,#608,#274,.T.);
#744=EDGE_CURVE('',#608,#602,#536,.T.);
#745=EDGE_CURVE('',#602,#604,#275,.T.);
#746=EDGE_CURVE('',#608,#603,#537,.T.);
#747=EDGE_CURVE('',#601,#609,#276,.T.);
#748=EDGE_CURVE('',#609,#610,#538,.T.);
#749=EDGE_CURVE('',#610,#600,#277,.T.);
#750=EDGE_CURVE('',#611,#603,#278,.T.);
#751=EDGE_CURVE('',#611,#609,#279,.T.);
#752=EDGE_CURVE('',#608,#612,#280,.T.);
#753=EDGE_CURVE('',#612,#611,#539,.T.);
#754=EDGE_CURVE('',#606,#613,#281,.T.);
#755=EDGE_CURVE('',#614,#613,#282,.T.);
#756=EDGE_CURVE('',#614,#615,#283,.T.);
#757=EDGE_CURVE('',#616,#615,#540,.T.);
#758=EDGE_CURVE('',#616,#612,#284,.T.);
#759=EDGE_CURVE('',#617,#618,#285,.T.);
#760=EDGE_CURVE('',#618,#619,#541,.F.);
#761=EDGE_CURVE('',#619,#620,#286,.T.);
#762=EDGE_CURVE('',#620,#617,#32,.T.);
#763=EDGE_CURVE('',#620,#621,#287,.T.);
#764=EDGE_CURVE('',#621,#622,#542,.T.);
#765=EDGE_CURVE('',#622,#617,#288,.T.);
#766=EDGE_CURVE('',#623,#621,#543,.T.);
#767=EDGE_CURVE('',#621,#624,#289,.T.);
#768=EDGE_CURVE('',#624,#625,#544,.T.);
#769=EDGE_CURVE('',#625,#623,#290,.T.);
#770=EDGE_CURVE('',#623,#622,#545,.T.);
#771=EDGE_CURVE('',#626,#627,#291,.T.);
#772=EDGE_CURVE('',#627,#628,#546,.F.);
#773=EDGE_CURVE('',#628,#629,#292,.T.);
#774=EDGE_CURVE('',#629,#626,#33,.T.);
#775=EDGE_CURVE('',#629,#630,#293,.T.);
#776=EDGE_CURVE('',#630,#624,#547,.T.);
#777=EDGE_CURVE('',#624,#626,#294,.T.);
#778=EDGE_CURVE('',#630,#625,#548,.T.);
#779=EDGE_CURVE('',#623,#631,#295,.T.);
#780=EDGE_CURVE('',#631,#632,#549,.T.);
#781=EDGE_CURVE('',#632,#622,#296,.T.);
#782=EDGE_CURVE('',#633,#625,#297,.T.);
#783=EDGE_CURVE('',#633,#631,#298,.T.);
#784=EDGE_CURVE('',#630,#634,#299,.T.);
#785=EDGE_CURVE('',#634,#633,#550,.T.);
#786=EDGE_CURVE('',#628,#635,#300,.T.);
#787=EDGE_CURVE('',#636,#635,#301,.T.);
#788=EDGE_CURVE('',#636,#637,#302,.T.);
#789=EDGE_CURVE('',#638,#637,#551,.T.);
#790=EDGE_CURVE('',#638,#634,#303,.T.);
#791=EDGE_CURVE('',#627,#619,#304,.T.);
#792=EDGE_CURVE('',#626,#620,#305,.T.);
#793=EDGE_CURVE('',#605,#597,#306,.T.);
#794=EDGE_CURVE('',#604,#598,#307,.T.);
#795=EDGE_CURVE('',#639,#632,#308,.T.);
#796=EDGE_CURVE('',#640,#639,#552,.T.);
#797=EDGE_CURVE('',#640,#641,#309,.T.);
#798=EDGE_CURVE('',#642,#641,#310,.T.);
#799=EDGE_CURVE('',#642,#618,#311,.T.);
#800=EDGE_CURVE('',#643,#644,#312,.T.);
#801=EDGE_CURVE('',#644,#645,#313,.T.);
#802=EDGE_CURVE('',#645,#646,#314,.T.);
#803=EDGE_CURVE('',#646,#643,#315,.T.);
#804=EDGE_CURVE('',#647,#648,#316,.T.);
#805=EDGE_CURVE('',#648,#649,#317,.T.);
#806=EDGE_CURVE('',#649,#650,#318,.T.);
#807=EDGE_CURVE('',#650,#647,#319,.T.);
#808=EDGE_CURVE('',#651,#652,#320,.T.);
#809=EDGE_CURVE('',#652,#649,#553,.T.);
#810=EDGE_CURVE('',#648,#651,#554,.T.);
#811=EDGE_CURVE('',#653,#654,#321,.T.);
#812=EDGE_CURVE('',#654,#652,#322,.T.);
#813=EDGE_CURVE('',#651,#653,#323,.T.);
#814=EDGE_CURVE('',#655,#656,#324,.T.);
#815=EDGE_CURVE('',#656,#654,#555,.T.);
#816=EDGE_CURVE('',#653,#655,#556,.T.);
#817=EDGE_CURVE('',#657,#658,#325,.T.);
#818=EDGE_CURVE('',#658,#656,#326,.T.);
#819=EDGE_CURVE('',#655,#657,#327,.T.);
#820=EDGE_CURVE('',#659,#660,#328,.T.);
#821=EDGE_CURVE('',#660,#658,#557,.T.);
#822=EDGE_CURVE('',#657,#659,#558,.T.);
#823=EDGE_CURVE('',#661,#662,#329,.T.);
#824=EDGE_CURVE('',#662,#660,#330,.T.);
#825=EDGE_CURVE('',#659,#661,#331,.T.);
#826=EDGE_CURVE('',#663,#664,#332,.T.);
#827=EDGE_CURVE('',#664,#662,#559,.T.);
#828=EDGE_CURVE('',#661,#663,#560,.T.);
#829=EDGE_CURVE('',#665,#664,#333,.T.);
#830=EDGE_CURVE('',#663,#666,#334,.T.);
#831=EDGE_CURVE('',#666,#665,#335,.T.);
#832=EDGE_CURVE('',#646,#647,#336,.T.);
#833=EDGE_CURVE('',#650,#643,#337,.T.);
#834=EDGE_CURVE('',#667,#665,#338,.T.);
#835=EDGE_CURVE('',#666,#668,#339,.T.);
#836=EDGE_CURVE('',#668,#667,#340,.T.);
#837=EDGE_CURVE('',#669,#670,#341,.T.);
#838=EDGE_CURVE('',#670,#645,#561,.T.);
#839=EDGE_CURVE('',#644,#669,#562,.T.);
#840=EDGE_CURVE('',#668,#670,#342,.T.);
#841=EDGE_CURVE('',#669,#667,#343,.T.);
#842=EDGE_CURVE('',#671,#665,#344,.T.);
#843=EDGE_CURVE('',#672,#671,#345,.T.);
#844=EDGE_CURVE('',#664,#672,#346,.T.);
#845=EDGE_CURVE('',#667,#673,#347,.T.);
#846=EDGE_CURVE('',#673,#671,#348,.T.);
#847=EDGE_CURVE('',#669,#674,#349,.T.);
#848=EDGE_CURVE('',#673,#674,#350,.T.);
#849=EDGE_CURVE('',#644,#675,#351,.T.);
#850=EDGE_CURVE('',#674,#675,#563,.T.);
#851=EDGE_CURVE('',#676,#643,#352,.T.);
#852=EDGE_CURVE('',#675,#676,#353,.T.);
#853=EDGE_CURVE('',#650,#677,#354,.T.);
#854=EDGE_CURVE('',#677,#676,#355,.T.);
#855=EDGE_CURVE('',#678,#649,#356,.T.);
#856=EDGE_CURVE('',#677,#678,#357,.T.);
#857=EDGE_CURVE('',#679,#679,#564,.T.);
#858=EDGE_CURVE('',#679,#680,#358,.T.);
#859=EDGE_CURVE('',#680,#680,#565,.T.);
#860=EDGE_CURVE('',#681,#610,#359,.T.);
#861=EDGE_CURVE('',#682,#681,#566,.T.);
#862=EDGE_CURVE('',#682,#683,#360,.T.);
#863=EDGE_CURVE('',#684,#683,#361,.T.);
#864=EDGE_CURVE('',#684,#596,#362,.T.);
#865=EDGE_CURVE('',#639,#638,#363,.T.);
#866=EDGE_CURVE('',#637,#640,#364,.T.);
#867=EDGE_CURVE('',#641,#636,#365,.T.);
#868=EDGE_CURVE('',#681,#616,#366,.T.);
#869=EDGE_CURVE('',#615,#682,#367,.T.);
#870=EDGE_CURVE('',#683,#614,#368,.T.);
#871=EDGE_CURVE('',#685,#678,#567,.T.);
#872=EDGE_CURVE('',#685,#686,#369,.T.);
#873=EDGE_CURVE('',#687,#686,#568,.T.);
#874=EDGE_CURVE('',#687,#684,#370,.T.);
#875=EDGE_CURVE('',#613,#642,#371,.T.);
#876=EDGE_CURVE('',#635,#688,#372,.T.);
#877=EDGE_CURVE('',#689,#688,#569,.T.);
#878=EDGE_CURVE('',#689,#690,#373,.T.);
#879=EDGE_CURVE('',#672,#690,#570,.T.);
#880=EDGE_CURVE('',#660,#689,#374,.T.);
#881=EDGE_CURVE('',#688,#658,#375,.T.);
#882=EDGE_CURVE('',#656,#687,#376,.T.);
#883=EDGE_CURVE('',#686,#654,#377,.T.);
#884=EDGE_CURVE('',#690,#662,#378,.T.);
#885=EDGE_CURVE('',#652,#685,#379,.T.);
#886=ORIENTED_EDGE('',*,*,#691,.T.);
#887=ORIENTED_EDGE('',*,*,#692,.T.);
#888=ORIENTED_EDGE('',*,*,#693,.T.);
#889=ORIENTED_EDGE('',*,*,#694,.F.);
#890=ORIENTED_EDGE('',*,*,#693,.F.);
#891=ORIENTED_EDGE('',*,*,#695,.F.);
#892=ORIENTED_EDGE('',*,*,#696,.F.);
#893=ORIENTED_EDGE('',*,*,#697,.F.);
#894=ORIENTED_EDGE('',*,*,#692,.F.);
#895=ORIENTED_EDGE('',*,*,#698,.T.);
#896=ORIENTED_EDGE('',*,*,#699,.F.);
#897=ORIENTED_EDGE('',*,*,#695,.T.);
#898=ORIENTED_EDGE('',*,*,#696,.T.);
#899=ORIENTED_EDGE('',*,*,#699,.T.);
#900=ORIENTED_EDGE('',*,*,#700,.T.);
#901=ORIENTED_EDGE('',*,*,#701,.F.);
#902=ORIENTED_EDGE('',*,*,#702,.T.);
#903=ORIENTED_EDGE('',*,*,#703,.T.);
#904=ORIENTED_EDGE('',*,*,#704,.T.);
#905=ORIENTED_EDGE('',*,*,#705,.F.);
#906=ORIENTED_EDGE('',*,*,#704,.F.);
#907=ORIENTED_EDGE('',*,*,#706,.F.);
#908=ORIENTED_EDGE('',*,*,#707,.F.);
#909=ORIENTED_EDGE('',*,*,#708,.F.);
#910=ORIENTED_EDGE('',*,*,#703,.F.);
#911=ORIENTED_EDGE('',*,*,#709,.T.);
#912=ORIENTED_EDGE('',*,*,#710,.F.);
#913=ORIENTED_EDGE('',*,*,#706,.T.);
#914=ORIENTED_EDGE('',*,*,#711,.T.);
#915=ORIENTED_EDGE('',*,*,#712,.T.);
#916=ORIENTED_EDGE('',*,*,#713,.T.);
#917=ORIENTED_EDGE('',*,*,#714,.F.);
#918=ORIENTED_EDGE('',*,*,#713,.F.);
#919=ORIENTED_EDGE('',*,*,#715,.F.);
#920=ORIENTED_EDGE('',*,*,#716,.F.);
#921=ORIENTED_EDGE('',*,*,#717,.F.);
#922=ORIENTED_EDGE('',*,*,#712,.F.);
#923=ORIENTED_EDGE('',*,*,#718,.T.);
#924=ORIENTED_EDGE('',*,*,#719,.F.);
#925=ORIENTED_EDGE('',*,*,#715,.T.);
#926=ORIENTED_EDGE('',*,*,#716,.T.);
#927=ORIENTED_EDGE('',*,*,#719,.T.);
#928=ORIENTED_EDGE('',*,*,#720,.T.);
#929=ORIENTED_EDGE('',*,*,#721,.F.);
#930=ORIENTED_EDGE('',*,*,#707,.T.);
#931=ORIENTED_EDGE('',*,*,#710,.T.);
#932=ORIENTED_EDGE('',*,*,#722,.T.);
#933=ORIENTED_EDGE('',*,*,#723,.F.);
#934=ORIENTED_EDGE('',*,*,#711,.F.);
#935=ORIENTED_EDGE('',*,*,#724,.F.);
#936=ORIENTED_EDGE('',*,*,#720,.F.);
#937=ORIENTED_EDGE('',*,*,#718,.F.);
#938=ORIENTED_EDGE('',*,*,#702,.F.);
#939=ORIENTED_EDGE('',*,*,#725,.F.);
#940=ORIENTED_EDGE('',*,*,#722,.F.);
#941=ORIENTED_EDGE('',*,*,#709,.F.);
#942=ORIENTED_EDGE('',*,*,#691,.F.);
#943=ORIENTED_EDGE('',*,*,#726,.F.);
#944=ORIENTED_EDGE('',*,*,#700,.F.);
#945=ORIENTED_EDGE('',*,*,#698,.F.);
#946=ORIENTED_EDGE('',*,*,#727,.T.);
#947=ORIENTED_EDGE('',*,*,#728,.T.);
#948=ORIENTED_EDGE('',*,*,#729,.T.);
#949=ORIENTED_EDGE('',*,*,#730,.T.);
#950=ORIENTED_EDGE('',*,*,#731,.T.);
#951=ORIENTED_EDGE('',*,*,#732,.T.);
#952=ORIENTED_EDGE('',*,*,#733,.T.);
#953=ORIENTED_EDGE('',*,*,#730,.F.);
#954=ORIENTED_EDGE('',*,*,#734,.T.);
#955=ORIENTED_EDGE('',*,*,#735,.T.);
#956=ORIENTED_EDGE('',*,*,#736,.T.);
#957=ORIENTED_EDGE('',*,*,#737,.T.);
#958=ORIENTED_EDGE('',*,*,#734,.F.);
#959=ORIENTED_EDGE('',*,*,#738,.T.);
#960=ORIENTED_EDGE('',*,*,#732,.F.);
#961=ORIENTED_EDGE('',*,*,#739,.T.);
#962=ORIENTED_EDGE('',*,*,#740,.T.);
#963=ORIENTED_EDGE('',*,*,#741,.T.);
#964=ORIENTED_EDGE('',*,*,#742,.T.);
#965=ORIENTED_EDGE('',*,*,#743,.T.);
#966=ORIENTED_EDGE('',*,*,#744,.T.);
#967=ORIENTED_EDGE('',*,*,#745,.T.);
#968=ORIENTED_EDGE('',*,*,#742,.F.);
#969=ORIENTED_EDGE('',*,*,#744,.F.);
#970=ORIENTED_EDGE('',*,*,#746,.T.);
#971=ORIENTED_EDGE('',*,*,#736,.F.);
#972=ORIENTED_EDGE('',*,*,#738,.F.);
#973=ORIENTED_EDGE('',*,*,#747,.T.);
#974=ORIENTED_EDGE('',*,*,#748,.T.);
#975=ORIENTED_EDGE('',*,*,#749,.T.);
#976=ORIENTED_EDGE('',*,*,#737,.F.);
#977=ORIENTED_EDGE('',*,*,#750,.F.);
#978=ORIENTED_EDGE('',*,*,#751,.T.);
#979=ORIENTED_EDGE('',*,*,#747,.F.);
#980=ORIENTED_EDGE('',*,*,#746,.F.);
#981=ORIENTED_EDGE('',*,*,#752,.T.);
#982=ORIENTED_EDGE('',*,*,#753,.T.);
#983=ORIENTED_EDGE('',*,*,#750,.T.);
#984=ORIENTED_EDGE('',*,*,#743,.F.);
#985=ORIENTED_EDGE('',*,*,#741,.F.);
#986=ORIENTED_EDGE('',*,*,#754,.T.);
#987=ORIENTED_EDGE('',*,*,#755,.F.);
#988=ORIENTED_EDGE('',*,*,#756,.T.);
#989=ORIENTED_EDGE('',*,*,#757,.F.);
#990=ORIENTED_EDGE('',*,*,#758,.T.);
#991=ORIENTED_EDGE('',*,*,#752,.F.);
#992=ORIENTED_EDGE('',*,*,#759,.T.);
#993=ORIENTED_EDGE('',*,*,#760,.T.);
#994=ORIENTED_EDGE('',*,*,#761,.T.);
#995=ORIENTED_EDGE('',*,*,#762,.T.);
#996=ORIENTED_EDGE('',*,*,#763,.T.);
#997=ORIENTED_EDGE('',*,*,#764,.T.);
#998=ORIENTED_EDGE('',*,*,#765,.T.);
#999=ORIENTED_EDGE('',*,*,#762,.F.);
#1000=ORIENTED_EDGE('',*,*,#766,.T.);
#1001=ORIENTED_EDGE('',*,*,#767,.T.);
#1002=ORIENTED_EDGE('',*,*,#768,.T.);
#1003=ORIENTED_EDGE('',*,*,#769,.T.);
#1004=ORIENTED_EDGE('',*,*,#766,.F.);
#1005=ORIENTED_EDGE('',*,*,#770,.T.);
#1006=ORIENTED_EDGE('',*,*,#764,.F.);
#1007=ORIENTED_EDGE('',*,*,#771,.T.);
#1008=ORIENTED_EDGE('',*,*,#772,.T.);
#1009=ORIENTED_EDGE('',*,*,#773,.T.);
#1010=ORIENTED_EDGE('',*,*,#774,.T.);
#1011=ORIENTED_EDGE('',*,*,#775,.T.);
#1012=ORIENTED_EDGE('',*,*,#776,.T.);
#1013=ORIENTED_EDGE('',*,*,#777,.T.);
#1014=ORIENTED_EDGE('',*,*,#774,.F.);
#1015=ORIENTED_EDGE('',*,*,#776,.F.);
#1016=ORIENTED_EDGE('',*,*,#778,.T.);
#1017=ORIENTED_EDGE('',*,*,#768,.F.);
#1018=ORIENTED_EDGE('',*,*,#770,.F.);
#1019=ORIENTED_EDGE('',*,*,#779,.T.);
#1020=ORIENTED_EDGE('',*,*,#780,.T.);
#1021=ORIENTED_EDGE('',*,*,#781,.T.);
#1022=ORIENTED_EDGE('',*,*,#769,.F.);
#1023=ORIENTED_EDGE('',*,*,#782,.F.);
#1024=ORIENTED_EDGE('',*,*,#783,.T.);
#1025=ORIENTED_EDGE('',*,*,#779,.F.);
#1026=ORIENTED_EDGE('',*,*,#778,.F.);
#1027=ORIENTED_EDGE('',*,*,#784,.T.);
#1028=ORIENTED_EDGE('',*,*,#785,.T.);
#1029=ORIENTED_EDGE('',*,*,#782,.T.);
#1030=ORIENTED_EDGE('',*,*,#775,.F.);
#1031=ORIENTED_EDGE('',*,*,#773,.F.);
#1032=ORIENTED_EDGE('',*,*,#786,.T.);
#1033=ORIENTED_EDGE('',*,*,#787,.F.);
#1034=ORIENTED_EDGE('',*,*,#788,.T.);
#1035=ORIENTED_EDGE('',*,*,#789,.F.);
#1036=ORIENTED_EDGE('',*,*,#790,.T.);
#1037=ORIENTED_EDGE('',*,*,#784,.F.);
#1038=ORIENTED_EDGE('',*,*,#761,.F.);
#1039=ORIENTED_EDGE('',*,*,#791,.F.);
#1040=ORIENTED_EDGE('',*,*,#771,.F.);
#1041=ORIENTED_EDGE('',*,*,#792,.T.);
#1042=ORIENTED_EDGE('',*,*,#729,.F.);
#1043=ORIENTED_EDGE('',*,*,#793,.F.);
#1044=ORIENTED_EDGE('',*,*,#739,.F.);
#1045=ORIENTED_EDGE('',*,*,#794,.T.);
#1046=ORIENTED_EDGE('',*,*,#763,.F.);
#1047=ORIENTED_EDGE('',*,*,#792,.F.);
#1048=ORIENTED_EDGE('',*,*,#777,.F.);
#1049=ORIENTED_EDGE('',*,*,#767,.F.);
#1050=ORIENTED_EDGE('',*,*,#731,.F.);
#1051=ORIENTED_EDGE('',*,*,#794,.F.);
#1052=ORIENTED_EDGE('',*,*,#745,.F.);
#1053=ORIENTED_EDGE('',*,*,#735,.F.);
#1054=ORIENTED_EDGE('',*,*,#765,.F.);
#1055=ORIENTED_EDGE('',*,*,#781,.F.);
#1056=ORIENTED_EDGE('',*,*,#795,.F.);
#1057=ORIENTED_EDGE('',*,*,#796,.F.);
#1058=ORIENTED_EDGE('',*,*,#797,.T.);
#1059=ORIENTED_EDGE('',*,*,#798,.F.);
#1060=ORIENTED_EDGE('',*,*,#799,.T.);
#1061=ORIENTED_EDGE('',*,*,#759,.F.);
#1062=ORIENTED_EDGE('',*,*,#800,.T.);
#1063=ORIENTED_EDGE('',*,*,#801,.T.);
#1064=ORIENTED_EDGE('',*,*,#802,.T.);
#1065=ORIENTED_EDGE('',*,*,#803,.T.);
#1066=ORIENTED_EDGE('',*,*,#804,.T.);
#1067=ORIENTED_EDGE('',*,*,#805,.T.);
#1068=ORIENTED_EDGE('',*,*,#806,.T.);
#1069=ORIENTED_EDGE('',*,*,#807,.T.);
#1070=ORIENTED_EDGE('',*,*,#808,.T.);
#1071=ORIENTED_EDGE('',*,*,#809,.T.);
#1072=ORIENTED_EDGE('',*,*,#805,.F.);
#1073=ORIENTED_EDGE('',*,*,#810,.T.);
#1074=ORIENTED_EDGE('',*,*,#811,.T.);
#1075=ORIENTED_EDGE('',*,*,#812,.T.);
#1076=ORIENTED_EDGE('',*,*,#808,.F.);
#1077=ORIENTED_EDGE('',*,*,#813,.T.);
#1078=ORIENTED_EDGE('',*,*,#814,.T.);
#1079=ORIENTED_EDGE('',*,*,#815,.T.);
#1080=ORIENTED_EDGE('',*,*,#811,.F.);
#1081=ORIENTED_EDGE('',*,*,#816,.T.);
#1082=ORIENTED_EDGE('',*,*,#817,.T.);
#1083=ORIENTED_EDGE('',*,*,#818,.T.);
#1084=ORIENTED_EDGE('',*,*,#814,.F.);
#1085=ORIENTED_EDGE('',*,*,#819,.T.);
#1086=ORIENTED_EDGE('',*,*,#820,.T.);
#1087=ORIENTED_EDGE('',*,*,#821,.T.);
#1088=ORIENTED_EDGE('',*,*,#817,.F.);
#1089=ORIENTED_EDGE('',*,*,#822,.T.);
#1090=ORIENTED_EDGE('',*,*,#823,.T.);
#1091=ORIENTED_EDGE('',*,*,#824,.T.);
#1092=ORIENTED_EDGE('',*,*,#820,.F.);
#1093=ORIENTED_EDGE('',*,*,#825,.T.);
#1094=ORIENTED_EDGE('',*,*,#826,.T.);
#1095=ORIENTED_EDGE('',*,*,#827,.T.);
#1096=ORIENTED_EDGE('',*,*,#823,.F.);
#1097=ORIENTED_EDGE('',*,*,#828,.T.);
#1098=ORIENTED_EDGE('',*,*,#829,.T.);
#1099=ORIENTED_EDGE('',*,*,#826,.F.);
#1100=ORIENTED_EDGE('',*,*,#830,.T.);
#1101=ORIENTED_EDGE('',*,*,#831,.T.);
#1102=ORIENTED_EDGE('',*,*,#832,.T.);
#1103=ORIENTED_EDGE('',*,*,#807,.F.);
#1104=ORIENTED_EDGE('',*,*,#833,.T.);
#1105=ORIENTED_EDGE('',*,*,#803,.F.);
#1106=ORIENTED_EDGE('',*,*,#834,.T.);
#1107=ORIENTED_EDGE('',*,*,#831,.F.);
#1108=ORIENTED_EDGE('',*,*,#835,.T.);
#1109=ORIENTED_EDGE('',*,*,#836,.T.);
#1110=ORIENTED_EDGE('',*,*,#837,.T.);
#1111=ORIENTED_EDGE('',*,*,#838,.T.);
#1112=ORIENTED_EDGE('',*,*,#801,.F.);
#1113=ORIENTED_EDGE('',*,*,#839,.T.);
#1114=ORIENTED_EDGE('',*,*,#840,.T.);
#1115=ORIENTED_EDGE('',*,*,#837,.F.);
#1116=ORIENTED_EDGE('',*,*,#841,.T.);
#1117=ORIENTED_EDGE('',*,*,#836,.F.);
#1118=ORIENTED_EDGE('',*,*,#829,.F.);
#1119=ORIENTED_EDGE('',*,*,#842,.F.);
#1120=ORIENTED_EDGE('',*,*,#843,.F.);
#1121=ORIENTED_EDGE('',*,*,#844,.F.);
#1122=ORIENTED_EDGE('',*,*,#834,.F.);
#1123=ORIENTED_EDGE('',*,*,#845,.T.);
#1124=ORIENTED_EDGE('',*,*,#846,.T.);
#1125=ORIENTED_EDGE('',*,*,#842,.T.);
#1126=ORIENTED_EDGE('',*,*,#841,.F.);
#1127=ORIENTED_EDGE('',*,*,#847,.T.);
#1128=ORIENTED_EDGE('',*,*,#848,.F.);
#1129=ORIENTED_EDGE('',*,*,#845,.F.);
#1130=ORIENTED_EDGE('',*,*,#839,.F.);
#1131=ORIENTED_EDGE('',*,*,#849,.T.);
#1132=ORIENTED_EDGE('',*,*,#850,.F.);
#1133=ORIENTED_EDGE('',*,*,#847,.F.);
#1134=ORIENTED_EDGE('',*,*,#800,.F.);
#1135=ORIENTED_EDGE('',*,*,#851,.F.);
#1136=ORIENTED_EDGE('',*,*,#852,.F.);
#1137=ORIENTED_EDGE('',*,*,#849,.F.);
#1138=ORIENTED_EDGE('',*,*,#833,.F.);
#1139=ORIENTED_EDGE('',*,*,#853,.T.);
#1140=ORIENTED_EDGE('',*,*,#854,.T.);
#1141=ORIENTED_EDGE('',*,*,#851,.T.);
#1142=ORIENTED_EDGE('',*,*,#806,.F.);
#1143=ORIENTED_EDGE('',*,*,#855,.F.);
#1144=ORIENTED_EDGE('',*,*,#856,.F.);
#1145=ORIENTED_EDGE('',*,*,#853,.F.);
#1146=ORIENTED_EDGE('',*,*,#804,.F.);
#1147=ORIENTED_EDGE('',*,*,#832,.F.);
#1148=ORIENTED_EDGE('',*,*,#802,.F.);
#1149=ORIENTED_EDGE('',*,*,#838,.F.);
#1150=ORIENTED_EDGE('',*,*,#840,.F.);
#1151=ORIENTED_EDGE('',*,*,#835,.F.);
#1152=ORIENTED_EDGE('',*,*,#830,.F.);
#1153=ORIENTED_EDGE('',*,*,#828,.F.);
#1154=ORIENTED_EDGE('',*,*,#825,.F.);
#1155=ORIENTED_EDGE('',*,*,#822,.F.);
#1156=ORIENTED_EDGE('',*,*,#819,.F.);
#1157=ORIENTED_EDGE('',*,*,#816,.F.);
#1158=ORIENTED_EDGE('',*,*,#813,.F.);
#1159=ORIENTED_EDGE('',*,*,#810,.F.);
#1160=ORIENTED_EDGE('',*,*,#857,.F.);
#1161=ORIENTED_EDGE('',*,*,#857,.T.);
#1162=ORIENTED_EDGE('',*,*,#858,.T.);
#1163=ORIENTED_EDGE('',*,*,#859,.F.);
#1164=ORIENTED_EDGE('',*,*,#858,.F.);
#1165=ORIENTED_EDGE('',*,*,#733,.F.);
#1166=ORIENTED_EDGE('',*,*,#749,.F.);
#1167=ORIENTED_EDGE('',*,*,#860,.F.);
#1168=ORIENTED_EDGE('',*,*,#861,.F.);
#1169=ORIENTED_EDGE('',*,*,#862,.T.);
#1170=ORIENTED_EDGE('',*,*,#863,.F.);
#1171=ORIENTED_EDGE('',*,*,#864,.T.);
#1172=ORIENTED_EDGE('',*,*,#727,.F.);
#1173=ORIENTED_EDGE('',*,*,#796,.T.);
#1174=ORIENTED_EDGE('',*,*,#865,.T.);
#1175=ORIENTED_EDGE('',*,*,#789,.T.);
#1176=ORIENTED_EDGE('',*,*,#866,.T.);
#1177=ORIENTED_EDGE('',*,*,#866,.F.);
#1178=ORIENTED_EDGE('',*,*,#788,.F.);
#1179=ORIENTED_EDGE('',*,*,#867,.F.);
#1180=ORIENTED_EDGE('',*,*,#797,.F.);
#1181=ORIENTED_EDGE('',*,*,#861,.T.);
#1182=ORIENTED_EDGE('',*,*,#868,.T.);
#1183=ORIENTED_EDGE('',*,*,#757,.T.);
#1184=ORIENTED_EDGE('',*,*,#869,.T.);
#1185=ORIENTED_EDGE('',*,*,#869,.F.);
#1186=ORIENTED_EDGE('',*,*,#756,.F.);
#1187=ORIENTED_EDGE('',*,*,#870,.F.);
#1188=ORIENTED_EDGE('',*,*,#862,.F.);
#1189=ORIENTED_EDGE('',*,*,#780,.F.);
#1190=ORIENTED_EDGE('',*,*,#783,.F.);
#1191=ORIENTED_EDGE('',*,*,#785,.F.);
#1192=ORIENTED_EDGE('',*,*,#790,.F.);
#1193=ORIENTED_EDGE('',*,*,#865,.F.);
#1194=ORIENTED_EDGE('',*,*,#795,.T.);
#1195=ORIENTED_EDGE('',*,*,#748,.F.);
#1196=ORIENTED_EDGE('',*,*,#751,.F.);
#1197=ORIENTED_EDGE('',*,*,#753,.F.);
#1198=ORIENTED_EDGE('',*,*,#758,.F.);
#1199=ORIENTED_EDGE('',*,*,#868,.F.);
#1200=ORIENTED_EDGE('',*,*,#860,.T.);
#1201=ORIENTED_EDGE('',*,*,#856,.T.);
#1202=ORIENTED_EDGE('',*,*,#871,.F.);
#1203=ORIENTED_EDGE('',*,*,#872,.T.);
#1204=ORIENTED_EDGE('',*,*,#873,.F.);
#1205=ORIENTED_EDGE('',*,*,#874,.T.);
#1206=ORIENTED_EDGE('',*,*,#863,.T.);
#1207=ORIENTED_EDGE('',*,*,#870,.T.);
#1208=ORIENTED_EDGE('',*,*,#755,.T.);
#1209=ORIENTED_EDGE('',*,*,#875,.T.);
#1210=ORIENTED_EDGE('',*,*,#798,.T.);
#1211=ORIENTED_EDGE('',*,*,#867,.T.);
#1212=ORIENTED_EDGE('',*,*,#787,.T.);
#1213=ORIENTED_EDGE('',*,*,#876,.T.);
#1214=ORIENTED_EDGE('',*,*,#877,.F.);
#1215=ORIENTED_EDGE('',*,*,#878,.T.);
#1216=ORIENTED_EDGE('',*,*,#879,.F.);
#1217=ORIENTED_EDGE('',*,*,#843,.T.);
#1218=ORIENTED_EDGE('',*,*,#846,.F.);
#1219=ORIENTED_EDGE('',*,*,#848,.T.);
#1220=ORIENTED_EDGE('',*,*,#850,.T.);
#1221=ORIENTED_EDGE('',*,*,#852,.T.);
#1222=ORIENTED_EDGE('',*,*,#854,.F.);
#1223=ORIENTED_EDGE('',*,*,#714,.T.);
#1224=ORIENTED_EDGE('',*,*,#717,.T.);
#1225=ORIENTED_EDGE('',*,*,#721,.T.);
#1226=ORIENTED_EDGE('',*,*,#724,.T.);
#1227=ORIENTED_EDGE('',*,*,#708,.T.);
#1228=ORIENTED_EDGE('',*,*,#723,.T.);
#1229=ORIENTED_EDGE('',*,*,#725,.T.);
#1230=ORIENTED_EDGE('',*,*,#705,.T.);
#1231=ORIENTED_EDGE('',*,*,#697,.T.);
#1232=ORIENTED_EDGE('',*,*,#701,.T.);
#1233=ORIENTED_EDGE('',*,*,#726,.T.);
#1234=ORIENTED_EDGE('',*,*,#694,.T.);
#1235=ORIENTED_EDGE('',*,*,#859,.T.);
#1236=ORIENTED_EDGE('',*,*,#821,.F.);
#1237=ORIENTED_EDGE('',*,*,#880,.T.);
#1238=ORIENTED_EDGE('',*,*,#877,.T.);
#1239=ORIENTED_EDGE('',*,*,#881,.T.);
#1240=ORIENTED_EDGE('',*,*,#818,.F.);
#1241=ORIENTED_EDGE('',*,*,#881,.F.);
#1242=ORIENTED_EDGE('',*,*,#876,.F.);
#1243=ORIENTED_EDGE('',*,*,#786,.F.);
#1244=ORIENTED_EDGE('',*,*,#772,.F.);
#1245=ORIENTED_EDGE('',*,*,#791,.T.);
#1246=ORIENTED_EDGE('',*,*,#760,.F.);
#1247=ORIENTED_EDGE('',*,*,#799,.F.);
#1248=ORIENTED_EDGE('',*,*,#875,.F.);
#1249=ORIENTED_EDGE('',*,*,#754,.F.);
#1250=ORIENTED_EDGE('',*,*,#740,.F.);
#1251=ORIENTED_EDGE('',*,*,#793,.T.);
#1252=ORIENTED_EDGE('',*,*,#728,.F.);
#1253=ORIENTED_EDGE('',*,*,#864,.F.);
#1254=ORIENTED_EDGE('',*,*,#874,.F.);
#1255=ORIENTED_EDGE('',*,*,#882,.F.);
#1256=ORIENTED_EDGE('',*,*,#815,.F.);
#1257=ORIENTED_EDGE('',*,*,#882,.T.);
#1258=ORIENTED_EDGE('',*,*,#873,.T.);
#1259=ORIENTED_EDGE('',*,*,#883,.T.);
#1260=ORIENTED_EDGE('',*,*,#827,.F.);
#1261=ORIENTED_EDGE('',*,*,#844,.T.);
#1262=ORIENTED_EDGE('',*,*,#879,.T.);
#1263=ORIENTED_EDGE('',*,*,#884,.T.);
#1264=ORIENTED_EDGE('',*,*,#809,.F.);
#1265=ORIENTED_EDGE('',*,*,#885,.T.);
#1266=ORIENTED_EDGE('',*,*,#871,.T.);
#1267=ORIENTED_EDGE('',*,*,#855,.T.);
#1268=ORIENTED_EDGE('',*,*,#812,.F.);
#1269=ORIENTED_EDGE('',*,*,#883,.F.);
#1270=ORIENTED_EDGE('',*,*,#872,.F.);
#1271=ORIENTED_EDGE('',*,*,#885,.F.);
#1272=ORIENTED_EDGE('',*,*,#824,.F.);
#1273=ORIENTED_EDGE('',*,*,#884,.F.);
#1274=ORIENTED_EDGE('',*,*,#878,.F.);
#1275=ORIENTED_EDGE('',*,*,#880,.F.);
#1276=CYLINDRICAL_SURFACE('',#1403,2.);
#1277=CYLINDRICAL_SURFACE('',#1409,2.);
#1278=CYLINDRICAL_SURFACE('',#1411,2.);
#1279=CYLINDRICAL_SURFACE('',#1417,2.);
#1280=CYLINDRICAL_SURFACE('',#1423,2.);
#1281=CYLINDRICAL_SURFACE('',#1425,2.);
#1282=CYLINDRICAL_SURFACE('',#1430,0.5);
#1283=CYLINDRICAL_SURFACE('',#1433,0.5);
#1284=CYLINDRICAL_SURFACE('',#1435,0.5);
#1285=CYLINDRICAL_SURFACE('',#1440,0.5);
#1286=CYLINDRICAL_SURFACE('',#1443,0.5);
#1287=CYLINDRICAL_SURFACE('',#1447,0.5);
#1288=CYLINDRICAL_SURFACE('',#1450,0.5);
#1289=CYLINDRICAL_SURFACE('',#1454,0.5);
#1290=CYLINDRICAL_SURFACE('',#1457,0.5);
#1291=CYLINDRICAL_SURFACE('',#1459,0.5);
#1292=CYLINDRICAL_SURFACE('',#1464,0.5);
#1293=CYLINDRICAL_SURFACE('',#1467,0.5);
#1294=CYLINDRICAL_SURFACE('',#1471,0.5);
#1295=CYLINDRICAL_SURFACE('',#1474,0.5);
#1296=CYLINDRICAL_SURFACE('',#1511,5.);
#1297=CYLINDRICAL_SURFACE('',#1522,5.);
#1298=CYLINDRICAL_SURFACE('',#1524,5.);
#1299=CYLINDRICAL_SURFACE('',#1533,3.);
#1300=CYLINDRICAL_SURFACE('',#1535,3.);
#1301=CYLINDRICAL_SURFACE('',#1536,3.);
#1302=CYLINDRICAL_SURFACE('',#1537,3.);
#1303=ADVANCED_FACE('',(#77),#1276,.T.);
#1304=ADVANCED_FACE('',(#78),#34,.T.);
#1305=ADVANCED_FACE('',(#79),#35,.T.);
#1306=ADVANCED_FACE('',(#80),#1277,.T.);
#1307=ADVANCED_FACE('',(#81),#1278,.T.);
#1308=ADVANCED_FACE('',(#82),#36,.T.);
#1309=ADVANCED_FACE('',(#83),#37,.T.);
#1310=ADVANCED_FACE('',(#84),#1279,.T.);
#1311=ADVANCED_FACE('',(#85),#38,.T.);
#1312=ADVANCED_FACE('',(#86),#39,.T.);
#1313=ADVANCED_FACE('',(#87),#1280,.T.);
#1314=ADVANCED_FACE('',(#88),#1281,.T.);
#1315=ADVANCED_FACE('',(#89),#40,.T.);
#1316=ADVANCED_FACE('',(#90),#41,.T.);
#1317=ADVANCED_FACE('',(#91),#42,.T.);
#1318=ADVANCED_FACE('',(#92),#1282,.T.);
#1319=ADVANCED_FACE('',(#93),#1283,.T.);
#1320=ADVANCED_FACE('',(#94),#1284,.T.);
#1321=ADVANCED_FACE('',(#95),#26,.T.);
#1322=ADVANCED_FACE('',(#96),#1285,.T.);
#1323=ADVANCED_FACE('',(#97),#1286,.T.);
#1324=ADVANCED_FACE('',(#98),#27,.T.);
#1325=ADVANCED_FACE('',(#99),#1287,.T.);
#1326=ADVANCED_FACE('',(#100),#43,.T.);
#1327=ADVANCED_FACE('',(#101),#1288,.T.);
#1328=ADVANCED_FACE('',(#102),#44,.T.);
#1329=ADVANCED_FACE('',(#103),#1289,.T.);
#1330=ADVANCED_FACE('',(#104),#1290,.T.);
#1331=ADVANCED_FACE('',(#105),#1291,.T.);
#1332=ADVANCED_FACE('',(#106),#28,.T.);
#1333=ADVANCED_FACE('',(#107),#1292,.T.);
#1334=ADVANCED_FACE('',(#108),#1293,.T.);
#1335=ADVANCED_FACE('',(#109),#29,.T.);
#1336=ADVANCED_FACE('',(#110),#1294,.T.);
#1337=ADVANCED_FACE('',(#111),#45,.T.);
#1338=ADVANCED_FACE('',(#112),#1295,.T.);
#1339=ADVANCED_FACE('',(#113),#46,.T.);
#1340=ADVANCED_FACE('',(#114),#47,.F.);
#1341=ADVANCED_FACE('',(#115),#48,.F.);
#1342=ADVANCED_FACE('',(#116),#49,.F.);
#1343=ADVANCED_FACE('',(#117),#50,.F.);
#1344=ADVANCED_FACE('',(#118),#51,.T.);
#1345=ADVANCED_FACE('',(#119),#52,.T.);
#1346=ADVANCED_FACE('',(#120),#53,.T.);
#1347=ADVANCED_FACE('',(#121),#20,.T.);
#1348=ADVANCED_FACE('',(#122),#54,.T.);
#1349=ADVANCED_FACE('',(#123),#21,.T.);
#1350=ADVANCED_FACE('',(#124),#55,.T.);
#1351=ADVANCED_FACE('',(#125),#22,.T.);
#1352=ADVANCED_FACE('',(#126),#56,.T.);
#1353=ADVANCED_FACE('',(#127),#23,.T.);
#1354=ADVANCED_FACE('',(#128),#57,.T.);
#1355=ADVANCED_FACE('',(#129),#58,.T.);
#1356=ADVANCED_FACE('',(#130),#59,.T.);
#1357=ADVANCED_FACE('',(#131),#24,.T.);
#1358=ADVANCED_FACE('',(#132),#60,.T.);
#1359=ADVANCED_FACE('',(#133),#61,.T.);
#1360=ADVANCED_FACE('',(#134),#62,.T.);
#1361=ADVANCED_FACE('',(#135),#63,.T.);
#1362=ADVANCED_FACE('',(#136),#1296,.T.);
#1363=ADVANCED_FACE('',(#137),#64,.T.);
#1364=ADVANCED_FACE('',(#138),#65,.T.);
#1365=ADVANCED_FACE('',(#139),#66,.T.);
#1366=ADVANCED_FACE('',(#140,#15),#67,.F.);
#1367=ADVANCED_FACE('',(#141),#25,.F.);
#1368=ADVANCED_FACE('',(#142),#68,.T.);
#1369=ADVANCED_FACE('',(#143),#1297,.T.);
#1370=ADVANCED_FACE('',(#144),#69,.T.);
#1371=ADVANCED_FACE('',(#145),#1298,.T.);
#1372=ADVANCED_FACE('',(#146),#70,.T.);
#1373=ADVANCED_FACE('',(#147),#71,.T.);
#1374=ADVANCED_FACE('',(#148),#72,.T.);
#1375=ADVANCED_FACE('',(#149,#16,#17,#18,#19),#73,.T.);
#1376=ADVANCED_FACE('',(#150),#1299,.T.);
#1377=ADVANCED_FACE('',(#151),#74,.T.);
#1378=ADVANCED_FACE('',(#152),#1300,.T.);
#1379=ADVANCED_FACE('',(#153),#1301,.T.);
#1380=ADVANCED_FACE('',(#154),#1302,.T.);
#1381=ADVANCED_FACE('',(#155),#75,.T.);
#1382=ADVANCED_FACE('',(#156),#76,.T.);
#1383=CLOSED_SHELL('',(#1303,#1304,#1305,#1306,#1307,#1308,#1309,#1310,
#1311,#1312,#1313,#1314,#1315,#1316,#1317,#1318,#1319,#1320,#1321,#1322,
#1323,#1324,#1325,#1326,#1327,#1328,#1329,#1330,#1331,#1332,#1333,#1334,
#1335,#1336,#1337,#1338,#1339,#1340,#1341,#1342,#1343,#1344,#1345,#1346,
#1347,#1348,#1349,#1350,#1351,#1352,#1353,#1354,#1355,#1356,#1357,#1358,
#1359,#1360,#1361,#1362,#1363,#1364,#1365,#1366,#1367,#1368,#1369,#1370,
#1371,#1372,#1373,#1374,#1375,#1376,#1377,#1378,#1379,#1380,#1381,#1382));
#1384=DERIVED_UNIT_ELEMENT(#1386,1.);
#1385=DERIVED_UNIT_ELEMENT(#2355,3.);
#1386=(
MASS_UNIT()
NAMED_UNIT(*)
SI_UNIT($,.GRAM.)
);
#1387=DERIVED_UNIT((#1384,#1385));
#1388=MEASURE_REPRESENTATION_ITEM('density measure',
POSITIVE_RATIO_MEASURE(1.06),#1387);
#1389=PROPERTY_DEFINITION_REPRESENTATION(#1394,#1391);
#1390=PROPERTY_DEFINITION_REPRESENTATION(#1395,#1392);
#1391=REPRESENTATION('material name',(#1393),#2352);
#1392=REPRESENTATION('density',(#1388),#2352);
#1393=DESCRIPTIVE_REPRESENTATION_ITEM('ABS Plastic','ABS Plastic');
#1394=PROPERTY_DEFINITION('material property','material name',#2362);
#1395=PROPERTY_DEFINITION('material property','density of part',#2362);
#1396=DATE_TIME_ROLE('creation_date');
#1397=APPLIED_DATE_AND_TIME_ASSIGNMENT(#1398,#1396,(#2362));
#1398=DATE_AND_TIME(#1399,#1400);
#1399=CALENDAR_DATE(2026,25,6);
#1400=LOCAL_TIME(8,22,57.,#1401);
#1401=COORDINATED_UNIVERSAL_TIME_OFFSET(0,0,.BEHIND.);
#1402=AXIS2_PLACEMENT_3D('placement',#1954,#1540,#1541);
#1403=AXIS2_PLACEMENT_3D('',#1955,#1542,#1543);
#1404=AXIS2_PLACEMENT_3D('',#1958,#1544,#1545);
#1405=AXIS2_PLACEMENT_3D('',#1962,#1547,#1548);
#1406=AXIS2_PLACEMENT_3D('',#1964,#1550,#1551);
#1407=AXIS2_PLACEMENT_3D('',#1968,#1553,#1554);
#1408=AXIS2_PLACEMENT_3D('',#1970,#1556,#1557);
#1409=AXIS2_PLACEMENT_3D('',#1974,#1560,#1561);
#1410=AXIS2_PLACEMENT_3D('',#1976,#1562,#1563);
#1411=AXIS2_PLACEMENT_3D('',#1978,#1565,#1566);
#1412=AXIS2_PLACEMENT_3D('',#1981,#1567,#1568);
#1413=AXIS2_PLACEMENT_3D('',#1985,#1570,#1571);
#1414=AXIS2_PLACEMENT_3D('',#1987,#1573,#1574);
#1415=AXIS2_PLACEMENT_3D('',#1991,#1576,#1577);
#1416=AXIS2_PLACEMENT_3D('',#1993,#1579,#1580);
#1417=AXIS2_PLACEMENT_3D('',#1997,#1583,#1584);
#1418=AXIS2_PLACEMENT_3D('',#2000,#1585,#1586);
#1419=AXIS2_PLACEMENT_3D('',#2004,#1588,#1589);
#1420=AXIS2_PLACEMENT_3D('',#2006,#1591,#1592);
#1421=AXIS2_PLACEMENT_3D('',#2010,#1594,#1595);
#1422=AXIS2_PLACEMENT_3D('',#2012,#1597,#1598);
#1423=AXIS2_PLACEMENT_3D('',#2016,#1601,#1602);
#1424=AXIS2_PLACEMENT_3D('',#2018,#1603,#1604);
#1425=AXIS2_PLACEMENT_3D('',#2020,#1606,#1607);
#1426=AXIS2_PLACEMENT_3D('',#2022,#1608,#1609);
#1427=AXIS2_PLACEMENT_3D('',#2024,#1611,#1612);
#1428=AXIS2_PLACEMENT_3D('',#2026,#1614,#1615);
#1429=AXIS2_PLACEMENT_3D('',#2028,#1617,#1618);
#1430=AXIS2_PLACEMENT_3D('',#2030,#1620,#1621);
#1431=AXIS2_PLACEMENT_3D('',#2035,#1623,#1624);
#1432=AXIS2_PLACEMENT_3D('',#2038,#1626,#1627);
#1433=AXIS2_PLACEMENT_3D('',#2039,#1628,#1629);
#1434=AXIS2_PLACEMENT_3D('',#2043,#1631,#1632);
#1435=AXIS2_PLACEMENT_3D('',#2045,#1634,#1635);
#1436=AXIS2_PLACEMENT_3D('',#2047,#1636,#1637);
#1437=AXIS2_PLACEMENT_3D('',#2051,#1639,#1640);
#1438=AXIS2_PLACEMENT_3D('',#2053,#1642,#1643);
#1439=AXIS2_PLACEMENT_3D('',#2054,#1644,#1645);
#1440=AXIS2_PLACEMENT_3D('',#2055,#1646,#1647);
#1441=AXIS2_PLACEMENT_3D('',#2060,#1649,#1650);
#1442=AXIS2_PLACEMENT_3D('',#2063,#1652,#1653);
#1443=AXIS2_PLACEMENT_3D('',#2064,#1654,#1655);
#1444=AXIS2_PLACEMENT_3D('',#2067,#1657,#1658);
#1445=AXIS2_PLACEMENT_3D('',#2069,#1660,#1661);
#1446=AXIS2_PLACEMENT_3D('',#2070,#1662,#1663);
#1447=AXIS2_PLACEMENT_3D('',#2071,#1664,#1665);
#1448=AXIS2_PLACEMENT_3D('',#2075,#1667,#1668);
#1449=AXIS2_PLACEMENT_3D('',#2077,#1670,#1671);
#1450=AXIS2_PLACEMENT_3D('',#2081,#1674,#1675);
#1451=AXIS2_PLACEMENT_3D('',#2084,#1677,#1678);
#1452=AXIS2_PLACEMENT_3D('',#2085,#1679,#1680);
#1453=AXIS2_PLACEMENT_3D('',#2093,#1684,#1685);
#1454=AXIS2_PLACEMENT_3D('',#2095,#1687,#1688);
#1455=AXIS2_PLACEMENT_3D('',#2100,#1690,#1691);
#1456=AXIS2_PLACEMENT_3D('',#2103,#1693,#1694);
#1457=AXIS2_PLACEMENT_3D('',#2104,#1695,#1696);
#1458=AXIS2_PLACEMENT_3D('',#2108,#1698,#1699);
#1459=AXIS2_PLACEMENT_3D('',#2110,#1701,#1702);
#1460=AXIS2_PLACEMENT_3D('',#2112,#1703,#1704);
#1461=AXIS2_PLACEMENT_3D('',#2116,#1706,#1707);
#1462=AXIS2_PLACEMENT_3D('',#2118,#1709,#1710);
#1463=AXIS2_PLACEMENT_3D('',#2119,#1711,#1712);
#1464=AXIS2_PLACEMENT_3D('',#2120,#1713,#1714);
#1465=AXIS2_PLACEMENT_3D('',#2125,#1716,#1717);
#1466=AXIS2_PLACEMENT_3D('',#2128,#1719,#1720);
#1467=AXIS2_PLACEMENT_3D('',#2129,#1721,#1722);
#1468=AXIS2_PLACEMENT_3D('',#2132,#1724,#1725);
#1469=AXIS2_PLACEMENT_3D('',#2134,#1727,#1728);
#1470=AXIS2_PLACEMENT_3D('',#2135,#1729,#1730);
#1471=AXIS2_PLACEMENT_3D('',#2136,#1731,#1732);
#1472=AXIS2_PLACEMENT_3D('',#2140,#1734,#1735);
#1473=AXIS2_PLACEMENT_3D('',#2142,#1737,#1738);
#1474=AXIS2_PLACEMENT_3D('',#2146,#1741,#1742);
#1475=AXIS2_PLACEMENT_3D('',#2149,#1744,#1745);
#1476=AXIS2_PLACEMENT_3D('',#2150,#1746,#1747);
#1477=AXIS2_PLACEMENT_3D('',#2158,#1751,#1752);
#1478=AXIS2_PLACEMENT_3D('',#2160,#1754,#1755);
#1479=AXIS2_PLACEMENT_3D('',#2163,#1758,#1759);
#1480=AXIS2_PLACEMENT_3D('',#2166,#1762,#1763);
#1481=AXIS2_PLACEMENT_3D('',#2167,#1764,#1765);
#1482=AXIS2_PLACEMENT_3D('',#2168,#1766,#1767);
#1483=AXIS2_PLACEMENT_3D('',#2172,#1769,#1770);
#1484=AXIS2_PLACEMENT_3D('',#2178,#1774,#1775);
#1485=AXIS2_PLACEMENT_3D('',#2187,#1780,#1781);
#1486=AXIS2_PLACEMENT_3D('',#2196,#1786,#1787);
#1487=AXIS2_PLACEMENT_3D('',#2200,#1789,#1790);
#1488=AXIS2_PLACEMENT_3D('',#2201,#1791,#1792);
#1489=AXIS2_PLACEMENT_3D('',#2202,#1793,#1794);
#1490=AXIS2_PLACEMENT_3D('',#2208,#1798,#1799);
#1491=AXIS2_PLACEMENT_3D('',#2212,#1801,#1802);
#1492=AXIS2_PLACEMENT_3D('',#2213,#1803,#1804);
#1493=AXIS2_PLACEMENT_3D('',#2214,#1805,#1806);
#1494=AXIS2_PLACEMENT_3D('',#2220,#1810,#1811);
#1495=AXIS2_PLACEMENT_3D('',#2224,#1813,#1814);
#1496=AXIS2_PLACEMENT_3D('',#2225,#1815,#1816);
#1497=AXIS2_PLACEMENT_3D('',#2226,#1817,#1818);
#1498=AXIS2_PLACEMENT_3D('',#2232,#1822,#1823);
#1499=AXIS2_PLACEMENT_3D('',#2236,#1825,#1826);
#1500=AXIS2_PLACEMENT_3D('',#2237,#1827,#1828);
#1501=AXIS2_PLACEMENT_3D('',#2238,#1829,#1830);
#1502=AXIS2_PLACEMENT_3D('',#2244,#1834,#1835);
#1503=AXIS2_PLACEMENT_3D('',#2247,#1838,#1839);
#1504=AXIS2_PLACEMENT_3D('',#2253,#1843,#1844);
#1505=AXIS2_PLACEMENT_3D('',#2257,#1846,#1847);
#1506=AXIS2_PLACEMENT_3D('',#2258,#1848,#1849);
#1507=AXIS2_PLACEMENT_3D('',#2259,#1850,#1851);
#1508=AXIS2_PLACEMENT_3D('',#2262,#1854,#1855);
#1509=AXIS2_PLACEMENT_3D('',#2268,#1859,#1860);
#1510=AXIS2_PLACEMENT_3D('',#2272,#1863,#1864);
#1511=AXIS2_PLACEMENT_3D('',#2276,#1867,#1868);
#1512=AXIS2_PLACEMENT_3D('',#2279,#1870,#1871);
#1513=AXIS2_PLACEMENT_3D('',#2280,#1872,#1873);
#1514=AXIS2_PLACEMENT_3D('',#2284,#1876,#1877);
#1515=AXIS2_PLACEMENT_3D('',#2288,#1880,#1881);
#1516=AXIS2_PLACEMENT_3D('',#2292,#1884,#1885);
#1517=AXIS2_PLACEMENT_3D('',#2294,#1886,#1887);
#1518=AXIS2_PLACEMENT_3D('',#2295,#1888,#1889);
#1519=AXIS2_PLACEMENT_3D('',#2298,#1891,#1892);
#1520=AXIS2_PLACEMENT_3D('',#2299,#1893,#1894);
#1521=AXIS2_PLACEMENT_3D('',#2303,#1896,#1897);
#1522=AXIS2_PLACEMENT_3D('',#2309,#1901,#1902);
#1523=AXIS2_PLACEMENT_3D('',#2312,#1905,#1906);
#1524=AXIS2_PLACEMENT_3D('',#2314,#1908,#1909);
#1525=AXIS2_PLACEMENT_3D('',#2317,#1912,#1913);
#1526=AXIS2_PLACEMENT_3D('',#2319,#1915,#1916);
#1527=AXIS2_PLACEMENT_3D('',#2320,#1917,#1918);
#1528=AXIS2_PLACEMENT_3D('',#2321,#1919,#1920);
#1529=AXIS2_PLACEMENT_3D('',#2323,#1921,#1922);
#1530=AXIS2_PLACEMENT_3D('',#2327,#1924,#1925);
#1531=AXIS2_PLACEMENT_3D('',#2333,#1929,#1930);
#1532=AXIS2_PLACEMENT_3D('',#2336,#1932,#1933);
#1533=AXIS2_PLACEMENT_3D('',#2337,#1934,#1935);
#1534=AXIS2_PLACEMENT_3D('',#2340,#1938,#1939);
#1535=AXIS2_PLACEMENT_3D('',#2342,#1941,#1942);
#1536=AXIS2_PLACEMENT_3D('',#2344,#1944,#1945);
#1537=AXIS2_PLACEMENT_3D('',#2346,#1947,#1948);
#1538=AXIS2_PLACEMENT_3D('',#2348,#1950,#1951);
#1539=AXIS2_PLACEMENT_3D('',#2349,#1952,#1953);
#1540=DIRECTION('axis',(0.,0.,1.));
#1541=DIRECTION('refdir',(1.,0.,0.));
#1542=DIRECTION('center_axis',(-1.,0.,0.));
#1543=DIRECTION('ref_axis',(0.,0.25,0.968245836551854));
#1544=DIRECTION('center_axis',(-1.,0.,-1.48029736616688E-16));
#1545=DIRECTION('ref_axis',(0.,0.25,0.968245836551854));
#1546=DIRECTION('',(-1.,0.,0.));
#1547=DIRECTION('center_axis',(1.,0.,2.96059473233375E-16));
#1548=DIRECTION('ref_axis',(0.,0.25,0.968245836551854));
#1549=DIRECTION('',(-1.,0.,0.));
#1550=DIRECTION('center_axis',(-1.,0.,-2.96059473233375E-16));
#1551=DIRECTION('ref_axis',(-2.96059473233375E-16,0.,1.));
#1552=DIRECTION('',(-2.96059473233375E-16,0.,1.));
#1553=DIRECTION('center_axis',(1.,0.,2.96059473233375E-16));
#1554=DIRECTION('ref_axis',(0.,0.25,-0.968245836551854));
#1555=DIRECTION('',(2.96059473233375E-16,0.,-1.));
#1556=DIRECTION('center_axis',(0.,1.,0.));
#1557=DIRECTION('ref_axis',(0.,0.,1.));
#1558=DIRECTION('',(1.48029736616688E-16,0.,-1.));
#1559=DIRECTION('',(1.,0.,0.));
#1560=DIRECTION('center_axis',(1.,0.,0.));
#1561=DIRECTION('ref_axis',(0.,0.25,-0.968245836551854));
#1562=DIRECTION('center_axis',(-1.,0.,-1.48029736616688E-16));
#1563=DIRECTION('ref_axis',(0.,0.25,-0.968245836551854));
#1564=DIRECTION('',(1.,0.,0.));
#1565=DIRECTION('center_axis',(1.,0.,0.));
#1566=DIRECTION('ref_axis',(0.,0.25,-0.968245836551854));
#1567=DIRECTION('center_axis',(1.,0.,6.47630097698008E-17));
#1568=DIRECTION('ref_axis',(0.,0.25,-0.968245836551854));
#1569=DIRECTION('',(1.,0.,0.));
#1570=DIRECTION('center_axis',(-1.,0.,5.55111512312578E-17));
#1571=DIRECTION('ref_axis',(0.,0.25,-0.968245836551854));
#1572=DIRECTION('',(1.,0.,0.));
#1573=DIRECTION('center_axis',(1.,0.,-5.55111512312578E-17));
#1574=DIRECTION('ref_axis',(-5.55111512312578E-17,0.,-1.));
#1575=DIRECTION('',(-5.55111512312578E-17,0.,-1.));
#1576=DIRECTION('center_axis',(-1.,0.,5.55111512312578E-17));
#1577=DIRECTION('ref_axis',(0.,0.25,0.968245836551854));
#1578=DIRECTION('',(5.55111512312578E-17,0.,1.));
#1579=DIRECTION('center_axis',(0.,1.,0.));
#1580=DIRECTION('ref_axis',(0.,0.,1.));
#1581=DIRECTION('',(-6.47630097698008E-17,0.,1.));
#1582=DIRECTION('',(-1.,0.,0.));
#1583=DIRECTION('center_axis',(1.,0.,0.));
#1584=DIRECTION('ref_axis',(0.,0.25,-0.968245836551854));
#1585=DIRECTION('center_axis',(1.,0.,7.40148683083438E-17));
#1586=DIRECTION('ref_axis',(0.,0.25,-0.968245836551854));
#1587=DIRECTION('',(1.,0.,0.));
#1588=DIRECTION('center_axis',(-1.,0.,1.48029736616688E-16));
#1589=DIRECTION('ref_axis',(0.,0.25,-0.968245836551854));
#1590=DIRECTION('',(1.,0.,0.));
#1591=DIRECTION('center_axis',(1.,0.,-1.48029736616688E-16));
#1592=DIRECTION('ref_axis',(-1.48029736616688E-16,0.,-1.));
#1593=DIRECTION('',(-1.48029736616688E-16,0.,-1.));
#1594=DIRECTION('center_axis',(-1.,0.,1.48029736616688E-16));
#1595=DIRECTION('ref_axis',(0.,0.25,0.968245836551854));
#1596=DIRECTION('',(1.48029736616688E-16,0.,1.));
#1597=DIRECTION('center_axis',(0.,1.,0.));
#1598=DIRECTION('ref_axis',(0.,0.,1.));
#1599=DIRECTION('',(-7.40148683083438E-17,0.,1.));
#1600=DIRECTION('',(-1.,0.,0.));
#1601=DIRECTION('center_axis',(-1.,0.,0.));
#1602=DIRECTION('ref_axis',(0.,0.25,0.968245836551854));
#1603=DIRECTION('center_axis',(1.,0.,7.40148683083438E-17));
#1604=DIRECTION('ref_axis',(0.,0.25,0.968245836551854));
#1605=DIRECTION('',(-1.,0.,0.));
#1606=DIRECTION('center_axis',(-1.,0.,0.));
#1607=DIRECTION('ref_axis',(0.,0.25,0.968245836551854));
#1608=DIRECTION('center_axis',(1.,0.,6.47630097698008E-17));
#1609=DIRECTION('ref_axis',(0.,0.25,0.968245836551854));
#1610=DIRECTION('',(-1.,0.,0.));
#1611=DIRECTION('center_axis',(-1.,0.,-7.40148683083438E-17));
#1612=DIRECTION('ref_axis',(-7.40148683083438E-17,0.,1.));
#1613=DIRECTION('',(7.40148683083438E-17,0.,-1.));
#1614=DIRECTION('center_axis',(-1.,0.,-6.47630097698008E-17));
#1615=DIRECTION('ref_axis',(-6.47630097698008E-17,0.,1.));
#1616=DIRECTION('',(6.47630097698008E-17,0.,-1.));
#1617=DIRECTION('center_axis',(1.,0.,1.48029736616688E-16));
#1618=DIRECTION('ref_axis',(1.48029736616688E-16,0.,-1.));
#1619=DIRECTION('',(-1.48029736616688E-16,0.,1.));
#1620=DIRECTION('center_axis',(1.48029736616687E-15,3.33013782942932E-15,
-1.));
#1621=DIRECTION('ref_axis',(0.707106781186546,-0.707106781186549,0.));
#1622=DIRECTION('',(-1.48029736616687E-15,-3.33013782942932E-15,1.));
#1623=DIRECTION('center_axis',(1.98845914858237E-16,0.,1.));
#1624=DIRECTION('ref_axis',(0.707106781186546,-0.707106781186549,0.));
#1625=DIRECTION('',(1.48029736616687E-15,3.33013782942932E-15,-1.));
#1626=DIRECTION('center_axis',(-2.71301345155002E-16,-0.122183263694517,
0.992507556683049));
#1627=DIRECTION('ref_axis',(-9.91157622037421E-15,0.992507556683049,0.122183263694517));
#1628=DIRECTION('center_axis',(1.43609938777255E-15,0.242535625033981,-0.97014250014592));
#1629=DIRECTION('ref_axis',(0.707106781186544,-0.685994340570451,-0.17149858514086));
#1630=DIRECTION('',(1.43609938777255E-15,0.242535625033981,-0.97014250014592));
#1631=DIRECTION('center_axis',(0.,-0.242535625033984,0.970142500145919));
#1632=DIRECTION('ref_axis',(0.,-0.970142500145919,-0.242535625033983));
#1633=DIRECTION('',(-1.43609938777255E-15,-0.242535625033981,0.97014250014592));
#1634=DIRECTION('center_axis',(-1.,0.,0.));
#1635=DIRECTION('ref_axis',(0.,-0.615412209403592,-0.788205438015363));
#1636=DIRECTION('center_axis',(-1.,0.,0.));
#1637=DIRECTION('ref_axis',(0.,0.,-1.));
#1638=DIRECTION('',(-1.,0.,0.));
#1639=DIRECTION('center_axis',(1.,0.,0.));
#1640=DIRECTION('ref_axis',(0.,-0.970142500145919,-0.242535625033984));
#1641=DIRECTION('',(1.,0.,0.));
#1642=DIRECTION('center_axis',(-0.325821791971279,-0.854365575687516,0.404845183936729));
#1643=DIRECTION('ref_axis',(0.535666108244954,-0.5196724574962,-0.665584222617668));
#1644=DIRECTION('center_axis',(0.,-1.,0.));
#1645=DIRECTION('ref_axis',(0.707106781186543,0.,-0.707106781186552));
#1646=DIRECTION('center_axis',(-7.40148683083436E-16,-3.33013782942932E-15,
1.));
#1647=DIRECTION('ref_axis',(-0.707106781186549,-0.707106781186546,0.));
#1648=DIRECTION('',(-7.40148683083436E-16,-3.33013782942932E-15,1.));
#1649=DIRECTION('center_axis',(1.98845914858237E-16,0.,1.));
#1650=DIRECTION('ref_axis',(-0.707106781186549,-0.707106781186546,0.));
#1651=DIRECTION('',(7.40148683083436E-16,3.33013782942932E-15,-1.));
#1652=DIRECTION('center_axis',(-6.78253362887404E-17,-0.1221832636945,0.992507556683051));
#1653=DIRECTION('ref_axis',(5.50674048095997E-15,-0.992507556683051,-0.1221832636945));
#1654=DIRECTION('center_axis',(-7.18049693886275E-16,-0.242535625033981,
0.97014250014592));
#1655=DIRECTION('ref_axis',(-0.707106781186547,-0.685994340570454,-0.171498585140836));
#1656=DIRECTION('',(7.18049693886274E-16,0.242535625033981,-0.97014250014592));
#1657=DIRECTION('center_axis',(0.,-0.242535625033984,0.970142500145919));
#1658=DIRECTION('ref_axis',(-1.,0.,0.));
#1659=DIRECTION('',(-7.18049693886274E-16,-0.242535625033981,0.97014250014592));
#1660=DIRECTION('center_axis',(0.325821791971279,-0.854365575687516,0.404845183936729));
#1661=DIRECTION('ref_axis',(-0.535666108244957,-0.519672457496198,-0.665584222617667));
#1662=DIRECTION('center_axis',(0.,-1.,0.));
#1663=DIRECTION('ref_axis',(-0.707106781186545,0.,-0.70710678118655));
#1664=DIRECTION('center_axis',(0.,-1.,0.));
#1665=DIRECTION('ref_axis',(0.707106781186541,0.,-0.707106781186554));
#1666=DIRECTION('',(0.,1.,0.));
#1667=DIRECTION('center_axis',(0.,-1.,0.));
#1668=DIRECTION('ref_axis',(0.707106781186541,0.,-0.707106781186554));
#1669=DIRECTION('',(0.,-1.,0.));
#1670=DIRECTION('center_axis',(0.,0.,-1.));
#1671=DIRECTION('ref_axis',(-1.,0.,0.));
#1672=DIRECTION('',(0.,-1.,0.));
#1673=DIRECTION('',(1.,0.,-1.98845914858237E-16));
#1674=DIRECTION('center_axis',(0.,1.,0.));
#1675=DIRECTION('ref_axis',(-0.707106781186541,0.,-0.707106781186554));
#1676=DIRECTION('',(0.,1.,0.));
#1677=DIRECTION('center_axis',(0.,-1.,0.));
#1678=DIRECTION('ref_axis',(-0.707106781186541,0.,-0.707106781186554));
#1679=DIRECTION('center_axis',(-1.,0.,-7.40148683083436E-16));
#1680=DIRECTION('ref_axis',(-7.40148683083436E-16,0.,1.));
#1681=DIRECTION('',(0.,-1.,0.));
#1682=DIRECTION('',(7.40148683083436E-16,0.,-1.));
#1683=DIRECTION('',(6.62009107532605E-16,0.447213595499956,-0.894427190999917));
#1684=DIRECTION('center_axis',(1.,0.,7.40148683083436E-16));
#1685=DIRECTION('ref_axis',(0.,0.97324898946773,0.22975292054736));
#1686=DIRECTION('',(0.,0.,-1.));
#1687=DIRECTION('center_axis',(1.48029736616688E-15,3.33013782942932E-15,
-1.));
#1688=DIRECTION('ref_axis',(0.707106781186546,-0.707106781186549,0.));
#1689=DIRECTION('',(-1.48029736616688E-15,-3.33013782942932E-15,1.));
#1690=DIRECTION('center_axis',(1.98845914858237E-16,0.,1.));
#1691=DIRECTION('ref_axis',(0.707106781186546,-0.707106781186549,0.));
#1692=DIRECTION('',(1.48029736616688E-15,3.33013782942932E-15,-1.));
#1693=DIRECTION('center_axis',(2.03476008866222E-16,-0.1221832636945,0.992507556683051));
#1694=DIRECTION('ref_axis',(-1.376824281578E-14,0.992507556683051,0.1221832636945));
#1695=DIRECTION('center_axis',(1.43609938777255E-15,0.242535625033981,-0.97014250014592));
#1696=DIRECTION('ref_axis',(0.707106781186547,-0.685994340570454,-0.171498585140836));
#1697=DIRECTION('',(1.43609938777255E-15,0.242535625033981,-0.97014250014592));
#1698=DIRECTION('center_axis',(0.,-0.242535625033983,0.970142500145919));
#1699=DIRECTION('ref_axis',(0.,-0.970142500145919,-0.242535625033983));
#1700=DIRECTION('',(-1.43609938777255E-15,-0.242535625033981,0.97014250014592));
#1701=DIRECTION('center_axis',(-1.,0.,0.));
#1702=DIRECTION('ref_axis',(0.,-0.615412209403592,-0.788205438015363));
#1703=DIRECTION('center_axis',(-1.,0.,0.));
#1704=DIRECTION('ref_axis',(0.,0.,-1.));
#1705=DIRECTION('',(-1.,0.,0.));
#1706=DIRECTION('center_axis',(1.,0.,0.));
#1707=DIRECTION('ref_axis',(0.,-0.970142500145919,-0.242535625033984));
#1708=DIRECTION('',(1.,0.,0.));
#1709=DIRECTION('center_axis',(-0.325821791971279,-0.854365575687516,0.404845183936729));
#1710=DIRECTION('ref_axis',(0.535666108244957,-0.519672457496198,-0.665584222617667));
#1711=DIRECTION('center_axis',(0.,-1.,0.));
#1712=DIRECTION('ref_axis',(0.707106781186552,0.,-0.707106781186543));
#1713=DIRECTION('center_axis',(0.,-3.33013782942932E-15,1.));
#1714=DIRECTION('ref_axis',(-0.707106781186546,-0.707106781186549,0.));
#1715=DIRECTION('',(0.,-3.33013782942932E-15,1.));
#1716=DIRECTION('center_axis',(1.98845914858237E-16,0.,1.));
#1717=DIRECTION('ref_axis',(-0.707106781186546,-0.707106781186549,0.));
#1718=DIRECTION('',(0.,3.33013782942932E-15,-1.));
#1719=DIRECTION('center_axis',(6.78253362887407E-17,-0.1221832636945,0.992507556683051));
#1720=DIRECTION('ref_axis',(5.50952370772008E-16,-0.992507556683051,-0.1221832636945));
#1721=DIRECTION('center_axis',(0.,-0.242535625033981,0.97014250014592));
#1722=DIRECTION('ref_axis',(-0.707106781186548,-0.685994340570454,-0.171498585140836));
#1723=DIRECTION('',(0.,0.242535625033981,-0.97014250014592));
#1724=DIRECTION('center_axis',(0.,-0.242535625033984,0.970142500145919));
#1725=DIRECTION('ref_axis',(-1.,0.,0.));
#1726=DIRECTION('',(0.,-0.242535625033981,0.97014250014592));
#1727=DIRECTION('center_axis',(0.325821791971279,-0.854365575687516,0.404845183936729));
#1728=DIRECTION('ref_axis',(-0.535666108244954,-0.5196724574962,-0.665584222617668));
#1729=DIRECTION('center_axis',(0.,-1.,0.));
#1730=DIRECTION('ref_axis',(-0.707106781186552,0.,-0.707106781186543));
#1731=DIRECTION('center_axis',(0.,-1.,0.));
#1732=DIRECTION('ref_axis',(0.707106781186554,0.,-0.707106781186541));
#1733=DIRECTION('',(0.,1.,0.));
#1734=DIRECTION('center_axis',(0.,-1.,0.));
#1735=DIRECTION('ref_axis',(0.707106781186554,0.,-0.707106781186541));
#1736=DIRECTION('',(0.,-1.,0.));
#1737=DIRECTION('center_axis',(0.,0.,-1.));
#1738=DIRECTION('ref_axis',(-1.,0.,0.));
#1739=DIRECTION('',(0.,-1.,0.));
#1740=DIRECTION('',(1.,0.,-1.98845914858237E-16));
#1741=DIRECTION('center_axis',(0.,1.,0.));
#1742=DIRECTION('ref_axis',(-0.707106781186554,0.,-0.707106781186541));
#1743=DIRECTION('',(0.,1.,0.));
#1744=DIRECTION('center_axis',(0.,-1.,0.));
#1745=DIRECTION('ref_axis',(-0.707106781186554,0.,-0.707106781186541));
#1746=DIRECTION('center_axis',(-1.,0.,0.));
#1747=DIRECTION('ref_axis',(0.,0.,1.));
#1748=DIRECTION('',(0.,-1.,0.));
#1749=DIRECTION('',(0.,0.,-1.));
#1750=DIRECTION('',(0.,0.447213595499956,-0.894427190999917));
#1751=DIRECTION('center_axis',(1.,0.,0.));
#1752=DIRECTION('ref_axis',(0.,0.97324898946773,0.22975292054736));
#1753=DIRECTION('',(0.,0.,-1.));
#1754=DIRECTION('center_axis',(0.,1.,3.33013782942932E-15));
#1755=DIRECTION('ref_axis',(0.,-3.33013782942932E-15,1.));
#1756=DIRECTION('',(1.,0.,0.));
#1757=DIRECTION('',(1.,0.,0.));
#1758=DIRECTION('center_axis',(0.,1.,3.33013782942932E-15));
#1759=DIRECTION('ref_axis',(0.,-3.33013782942932E-15,1.));
#1760=DIRECTION('',(1.,0.,0.));
#1761=DIRECTION('',(1.,0.,0.));
#1762=DIRECTION('center_axis',(0.,0.97014250014592,0.242535625033981));
#1763=DIRECTION('ref_axis',(0.,-0.242535625033981,0.97014250014592));
#1764=DIRECTION('center_axis',(0.,0.97014250014592,0.242535625033981));
#1765=DIRECTION('ref_axis',(0.,-0.242535625033981,0.97014250014592));
#1766=DIRECTION('center_axis',(1.,0.,1.48029736616688E-15));
#1767=DIRECTION('ref_axis',(1.48029736616688E-15,0.,-1.));
#1768=DIRECTION('',(1.48029736616688E-15,0.,-1.));
#1769=DIRECTION('center_axis',(-1.,0.,-1.48029736616688E-15));
#1770=DIRECTION('ref_axis',(0.,0.97324898946773,0.22975292054736));
#1771=DIRECTION('',(0.,-0.447213595499956,0.894427190999917));
#1772=DIRECTION('',(-1.48029736616688E-15,0.,1.));
#1773=DIRECTION('',(0.,1.,0.));
#1774=DIRECTION('center_axis',(0.707106781186547,-0.707106781186548,6.03881714878375E-17));
#1775=DIRECTION('ref_axis',(8.54017711250121E-17,0.,-1.));
#1776=DIRECTION('',(-8.54017711250121E-17,0.,1.));
#1777=DIRECTION('',(-0.707106781186547,-0.707106781186548,0.));
#1778=DIRECTION('',(8.54017711250121E-17,0.,-1.));
#1779=DIRECTION('',(0.678598344545847,0.678598344545847,0.281084637714821));
#1780=DIRECTION('center_axis',(0.,-0.707106781186546,0.707106781186549));
#1781=DIRECTION('ref_axis',(1.,0.,0.));
#1782=DIRECTION('',(1.,0.,0.));
#1783=DIRECTION('',(0.,0.707106781186549,0.707106781186546));
#1784=DIRECTION('',(-1.,0.,0.));
#1785=DIRECTION('',(-0.281084637714824,-0.678598344545848,-0.678598344545845));
#1786=DIRECTION('center_axis',(0.,1.,0.));
#1787=DIRECTION('ref_axis',(0.707106781186547,0.,0.707106781186547));
#1788=DIRECTION('',(0.707106781186546,0.707106781186549,0.));
#1789=DIRECTION('center_axis',(0.,-1.,0.));
#1790=DIRECTION('ref_axis',(0.707106781186548,0.,0.707106781186548));
#1791=DIRECTION('center_axis',(0.,1.,0.));
#1792=DIRECTION('ref_axis',(0.707106781186548,0.,0.707106781186548));
#1793=DIRECTION('center_axis',(0.707106781186549,-0.707106781186546,-1.57009245868378E-16));
#1794=DIRECTION('ref_axis',(-2.22044604925031E-16,0.,-1.));
#1795=DIRECTION('',(0.707106781186546,0.707106781186549,6.28036983473511E-15));
#1796=DIRECTION('',(2.22044604925031E-16,0.,1.));
#1797=DIRECTION('',(-2.22044604925031E-16,0.,-1.));
#1798=DIRECTION('center_axis',(0.,1.,0.));
#1799=DIRECTION('ref_axis',(0.707106781186547,0.,-0.707106781186547));
#1800=DIRECTION('',(0.,0.707106781186549,-0.707106781186546));
#1801=DIRECTION('center_axis',(0.,-1.,0.));
#1802=DIRECTION('ref_axis',(0.707106781186548,0.,-0.707106781186548));
#1803=DIRECTION('center_axis',(0.,1.,0.));
#1804=DIRECTION('ref_axis',(0.707106781186548,0.,-0.707106781186548));
#1805=DIRECTION('center_axis',(-1.40605294807503E-16,-0.707106781186543,
-0.707106781186552));
#1806=DIRECTION('ref_axis',(-1.,0.,1.98845914858237E-16));
#1807=DIRECTION('',(0.,0.707106781186552,-0.707106781186543));
#1808=DIRECTION('',(1.,0.,-1.98845914858237E-16));
#1809=DIRECTION('',(-1.,0.,1.98845914858237E-16));
#1810=DIRECTION('center_axis',(0.,1.,0.));
#1811=DIRECTION('ref_axis',(-0.707106781186548,0.,-0.707106781186546));
#1812=DIRECTION('',(-0.707106781186546,0.707106781186549,0.));
#1813=DIRECTION('center_axis',(0.,-1.,0.));
#1814=DIRECTION('ref_axis',(-0.707106781186549,0.,-0.707106781186546));
#1815=DIRECTION('center_axis',(0.,1.,0.));
#1816=DIRECTION('ref_axis',(-0.707106781186549,0.,-0.707106781186547));
#1817=DIRECTION('center_axis',(-0.707106781186549,-0.707106781186546,3.92523114670944E-17));
#1818=DIRECTION('ref_axis',(5.55111512312578E-17,0.,1.));
#1819=DIRECTION('',(-0.707106781186546,0.707106781186549,0.));
#1820=DIRECTION('',(-5.55111512312578E-17,0.,-1.));
#1821=DIRECTION('',(5.55111512312578E-17,0.,1.));
#1822=DIRECTION('center_axis',(0.,1.,0.));
#1823=DIRECTION('ref_axis',(-0.707106781186547,0.,0.707106781186547));
#1824=DIRECTION('',(0.,0.707106781186549,0.707106781186546));
#1825=DIRECTION('center_axis',(0.,-1.,0.));
#1826=DIRECTION('ref_axis',(-0.707106781186548,0.,0.707106781186548));
#1827=DIRECTION('center_axis',(0.,1.,0.));
#1828=DIRECTION('ref_axis',(-0.707106781186548,0.,0.707106781186548));
#1829=DIRECTION('center_axis',(0.,-0.707106781186546,0.707106781186549));
#1830=DIRECTION('ref_axis',(1.,0.,0.));
#1831=DIRECTION('',(-1.,0.,0.));
#1832=DIRECTION('',(1.,0.,0.));
#1833=DIRECTION('',(-0.281084637714816,0.678598344545849,0.678598344545847));
#1834=DIRECTION('center_axis',(0.499999999999997,-0.707106781186551,0.499999999999997));
#1835=DIRECTION('ref_axis',(0.707106781186547,0.,-0.707106781186547));
#1836=DIRECTION('',(0.707106781186548,0.,-0.707106781186548));
#1837=DIRECTION('',(-0.707106781186548,0.,0.707106781186548));
#1838=DIRECTION('center_axis',(-0.500000000000001,-0.707106781186547,0.5));
#1839=DIRECTION('ref_axis',(0.707106781186547,0.,0.707106781186548));
#1840=DIRECTION('',(-0.707106781186547,0.,-0.707106781186548));
#1841=DIRECTION('',(0.707106781186547,0.,0.707106781186548));
#1842=DIRECTION('',(-0.678598344545849,0.678598344545849,0.28108463771481));
#1843=DIRECTION('center_axis',(0.,1.,0.));
#1844=DIRECTION('ref_axis',(1.,0.,0.));
#1845=DIRECTION('',(0.707106781186547,-0.707106781186548,0.));
#1846=DIRECTION('center_axis',(0.,1.,0.));
#1847=DIRECTION('ref_axis',(1.,0.,0.));
#1848=DIRECTION('center_axis',(0.,-1.,0.));
#1849=DIRECTION('ref_axis',(1.,0.,0.));
#1850=DIRECTION('center_axis',(-0.707106781186548,-0.707106781186547,-2.4155268595135E-16));
#1851=DIRECTION('ref_axis',(-3.41607084500048E-16,0.,1.));
#1852=DIRECTION('',(-3.41607084500048E-16,0.,1.));
#1853=DIRECTION('',(3.41607084500048E-16,0.,-1.));
#1854=DIRECTION('center_axis',(0.,0.,1.));
#1855=DIRECTION('ref_axis',(1.,0.,0.));
#1856=DIRECTION('',(0.,-1.,0.));
#1857=DIRECTION('',(1.,0.,0.));
#1858=DIRECTION('',(0.,1.,0.));
#1859=DIRECTION('center_axis',(-0.707106781186548,0.,0.707106781186547));
#1860=DIRECTION('ref_axis',(0.707106781186547,0.,0.707106781186548));
#1861=DIRECTION('',(0.,1.,0.));
#1862=DIRECTION('',(-0.707106781186547,0.,-0.707106781186548));
#1863=DIRECTION('center_axis',(-1.,0.,-3.41607084500048E-16));
#1864=DIRECTION('ref_axis',(-3.41607084500048E-16,0.,1.));
#1865=DIRECTION('',(0.,1.,0.));
#1866=DIRECTION('',(-3.41607084500048E-16,0.,1.));
#1867=DIRECTION('center_axis',(0.,1.,0.));
#1868=DIRECTION('ref_axis',(1.,0.,0.));
#1869=DIRECTION('',(0.,1.,0.));
#1870=DIRECTION('center_axis',(0.,1.,0.));
#1871=DIRECTION('ref_axis',(1.,0.,0.));
#1872=DIRECTION('center_axis',(1.,0.,8.54017711250121E-17));
#1873=DIRECTION('ref_axis',(8.54017711250121E-17,0.,-1.));
#1874=DIRECTION('',(0.,-1.,0.));
#1875=DIRECTION('',(8.54017711250121E-17,0.,-1.));
#1876=DIRECTION('center_axis',(0.707106781186548,0.,0.707106781186548));
#1877=DIRECTION('ref_axis',(0.707106781186548,0.,-0.707106781186548));
#1878=DIRECTION('',(0.,1.,0.));
#1879=DIRECTION('',(-0.707106781186548,0.,0.707106781186548));
#1880=DIRECTION('center_axis',(0.,0.,1.));
#1881=DIRECTION('ref_axis',(1.,0.,0.));
#1882=DIRECTION('',(0.,-1.,0.));
#1883=DIRECTION('',(1.,0.,0.));
#1884=DIRECTION('center_axis',(0.,1.,0.));
#1885=DIRECTION('ref_axis',(0.,0.,1.));
#1886=DIRECTION('center_axis',(0.,-1.,0.));
#1887=DIRECTION('ref_axis',(-1.,0.,0.));
#1888=DIRECTION('center_axis',(0.,-1.,0.));
#1889=DIRECTION('ref_axis',(-1.,0.,0.));
#1890=DIRECTION('',(-0.707106781186548,0.707106781186548,-8.65956056235493E-17));
#1891=DIRECTION('center_axis',(0.,-1.,0.));
#1892=DIRECTION('ref_axis',(-1.,0.,0.));
#1893=DIRECTION('center_axis',(1.,0.,1.48029736616687E-15));
#1894=DIRECTION('ref_axis',(1.48029736616687E-15,0.,-1.));
#1895=DIRECTION('',(1.48029736616687E-15,0.,-1.));
#1896=DIRECTION('center_axis',(-1.,0.,-1.48029736616687E-15));
#1897=DIRECTION('ref_axis',(0.,0.97324898946773,0.22975292054736));
#1898=DIRECTION('',(-6.62009107532605E-16,-0.447213595499956,0.894427190999917));
#1899=DIRECTION('',(-1.48029736616687E-15,0.,1.));
#1900=DIRECTION('',(0.,1.,0.));
#1901=DIRECTION('center_axis',(1.,0.,0.));
#1902=DIRECTION('ref_axis',(0.,0.97324898946773,0.22975292054736));
#1903=DIRECTION('',(-1.,0.,0.));
#1904=DIRECTION('',(1.,0.,0.));
#1905=DIRECTION('center_axis',(0.,0.894427190999917,0.447213595499956));
#1906=DIRECTION('ref_axis',(0.,-0.447213595499956,0.894427190999917));
#1907=DIRECTION('',(-1.,0.,0.));
#1908=DIRECTION('center_axis',(1.,0.,8.88178419700125E-16));
#1909=DIRECTION('ref_axis',(0.,0.97324898946773,0.22975292054736));
#1910=DIRECTION('',(-1.,0.,-8.88178419700125E-16));
#1911=DIRECTION('',(1.,0.,8.88178419700125E-16));
#1912=DIRECTION('center_axis',(-3.97205464519562E-16,0.894427190999917,
0.447213595499956));
#1913=DIRECTION('ref_axis',(-6.62009107532605E-16,-0.447213595499956,0.894427190999917));
#1914=DIRECTION('',(-1.,0.,-8.88178419700125E-16));
#1915=DIRECTION('center_axis',(0.,1.,0.));
#1916=DIRECTION('ref_axis',(0.,0.,1.));
#1917=DIRECTION('center_axis',(0.,1.,0.));
#1918=DIRECTION('ref_axis',(0.,0.,1.));
#1919=DIRECTION('center_axis',(0.,1.,0.));
#1920=DIRECTION('ref_axis',(0.,0.,1.));
#1921=DIRECTION('center_axis',(0.,-1.,0.));
#1922=DIRECTION('ref_axis',(0.707106781186547,0.,0.707106781186547));
#1923=DIRECTION('',(-2.22044604925031E-16,0.,-1.));
#1924=DIRECTION('center_axis',(0.,-1.,0.));
#1925=DIRECTION('ref_axis',(0.707106781186547,0.,-0.707106781186547));
#1926=DIRECTION('',(-1.,0.,1.98845914858237E-16));
#1927=DIRECTION('',(-1.,0.,1.98845914858237E-16));
#1928=DIRECTION('',(-1.,0.,1.98845914858237E-16));
#1929=DIRECTION('center_axis',(0.,-1.,0.));
#1930=DIRECTION('ref_axis',(-0.707106781186548,0.,-0.707106781186547));
#1931=DIRECTION('',(5.55111512312578E-17,0.,1.));
#1932=DIRECTION('center_axis',(0.,-1.,0.));
#1933=DIRECTION('ref_axis',(-0.707106781186547,0.,0.707106781186547));
#1934=DIRECTION('center_axis',(0.,1.,0.));
#1935=DIRECTION('ref_axis',(-0.707106781186548,0.,-0.707106781186547));
#1936=DIRECTION('',(0.,1.,0.));
#1937=DIRECTION('',(0.,-1.,0.));
#1938=DIRECTION('center_axis',(-1.98845914858237E-16,0.,-1.));
#1939=DIRECTION('ref_axis',(-1.,0.,1.98845914858237E-16));
#1940=DIRECTION('',(0.,1.,0.));
#1941=DIRECTION('center_axis',(0.,1.,0.));
#1942=DIRECTION('ref_axis',(0.707106781186547,0.,-0.707106781186547));
#1943=DIRECTION('',(0.,-1.,0.));
#1944=DIRECTION('center_axis',(0.,1.,0.));
#1945=DIRECTION('ref_axis',(-0.707106781186547,0.,0.707106781186547));
#1946=DIRECTION('',(0.,-1.,0.));
#1947=DIRECTION('center_axis',(0.,1.,0.));
#1948=DIRECTION('ref_axis',(0.707106781186547,0.,0.707106781186547));
#1949=DIRECTION('',(0.,1.,0.));
#1950=DIRECTION('center_axis',(1.,0.,-2.22044604925031E-16));
#1951=DIRECTION('ref_axis',(-2.22044604925031E-16,0.,-1.));
#1952=DIRECTION('center_axis',(-1.,0.,5.55111512312578E-17));
#1953=DIRECTION('ref_axis',(5.55111512312578E-17,0.,1.));
#1954=CARTESIAN_POINT('',(0.,0.,0.));
#1955=CARTESIAN_POINT('Origin',(-10.5,1.,28.0635083268964));
#1956=CARTESIAN_POINT('',(-19.,1.5,30.0000000000001));
#1957=CARTESIAN_POINT('',(-19.,3.,28.0635083268964));
#1958=CARTESIAN_POINT('Origin',(-19.,1.,28.0635083268964));
#1959=CARTESIAN_POINT('',(-21.,3.,28.0635083268964));
#1960=CARTESIAN_POINT('',(-10.5,3.,28.0635083268964));
#1961=CARTESIAN_POINT('',(-21.,1.5,30.0000000000001));
#1962=CARTESIAN_POINT('Origin',(-21.,1.,28.0635083268964));
#1963=CARTESIAN_POINT('',(-10.5,1.5,30.0000000000001));
#1964=CARTESIAN_POINT('Origin',(-21.,1.5,-29.9999999999999));
#1965=CARTESIAN_POINT('',(-21.,3.,-28.0635083268962));
#1966=CARTESIAN_POINT('',(-21.,3.,-29.9999999999999));
#1967=CARTESIAN_POINT('',(-21.,1.5,-29.9999999999999));
#1968=CARTESIAN_POINT('Origin',(-21.,1.,-28.0635083268962));
#1969=CARTESIAN_POINT('',(-21.,1.5,-15.));
#1970=CARTESIAN_POINT('Origin',(-20.,3.,6.66133814775094E-14));
#1971=CARTESIAN_POINT('',(-19.,3.,-28.0635083268962));
#1972=CARTESIAN_POINT('',(-19.,3.,30.0000000000001));
#1973=CARTESIAN_POINT('',(-9.49999999999999,3.,-28.0635083268962));
#1974=CARTESIAN_POINT('Origin',(-9.49999999999999,1.,-28.0635083268962));
#1975=CARTESIAN_POINT('',(-19.,1.5,-29.9999999999999));
#1976=CARTESIAN_POINT('Origin',(-19.,1.,-28.0635083268962));
#1977=CARTESIAN_POINT('',(-9.49999999999999,1.5,-29.9999999999999));
#1978=CARTESIAN_POINT('Origin',(0.5,1.,-28.0635083268963));
#1979=CARTESIAN_POINT('',(-0.999999999999996,1.5,-30.));
#1980=CARTESIAN_POINT('',(-0.999999999999997,3.,-28.0635083268963));
#1981=CARTESIAN_POINT('Origin',(-0.999999999999996,1.,-28.0635083268963));
#1982=CARTESIAN_POINT('',(0.999999999999997,3.,-28.0635083268963));
#1983=CARTESIAN_POINT('',(0.5,3.,-28.0635083268963));
#1984=CARTESIAN_POINT('',(0.999999999999996,1.5,-30.));
#1985=CARTESIAN_POINT('Origin',(1.,1.,-28.0635083268963));
#1986=CARTESIAN_POINT('',(0.5,1.5,-30.));
#1987=CARTESIAN_POINT('Origin',(1.,1.5,30.));
#1988=CARTESIAN_POINT('',(1.,3.,28.0635083268963));
#1989=CARTESIAN_POINT('',(1.,3.,30.));
#1990=CARTESIAN_POINT('',(1.,1.5,30.));
#1991=CARTESIAN_POINT('Origin',(1.,1.,28.0635083268963));
#1992=CARTESIAN_POINT('',(0.999999999999999,1.5,15.));
#1993=CARTESIAN_POINT('Origin',(-2.77555756156289E-16,3.,0.));
#1994=CARTESIAN_POINT('',(-1.,3.,28.0635083268963));
#1995=CARTESIAN_POINT('',(-0.999999999999996,3.,-30.));
#1996=CARTESIAN_POINT('',(-0.499999999999998,3.,28.0635083268963));
#1997=CARTESIAN_POINT('Origin',(10.5,1.,-28.0635083268963));
#1998=CARTESIAN_POINT('',(19.,1.5,-30.0000000000001));
#1999=CARTESIAN_POINT('',(19.,3.,-28.0635083268963));
#2000=CARTESIAN_POINT('Origin',(19.,1.,-28.0635083268963));
#2001=CARTESIAN_POINT('',(21.,3.,-28.0635083268963));
#2002=CARTESIAN_POINT('',(10.5,3.,-28.0635083268963));
#2003=CARTESIAN_POINT('',(21.,1.5,-30.0000000000001));
#2004=CARTESIAN_POINT('Origin',(21.,1.,-28.0635083268963));
#2005=CARTESIAN_POINT('',(10.5,1.5,-30.0000000000001));
#2006=CARTESIAN_POINT('Origin',(21.,1.5,29.9999999999999));
#2007=CARTESIAN_POINT('',(21.,3.,28.0635083268962));
#2008=CARTESIAN_POINT('',(21.,3.,29.9999999999999));
#2009=CARTESIAN_POINT('',(21.,1.5,29.9999999999999));
#2010=CARTESIAN_POINT('Origin',(21.,1.,28.0635083268962));
#2011=CARTESIAN_POINT('',(21.,1.5,15.));
#2012=CARTESIAN_POINT('Origin',(20.,3.,-5.32907051820075E-14));
#2013=CARTESIAN_POINT('',(19.,3.,28.0635083268962));
#2014=CARTESIAN_POINT('',(19.,3.,-30.0000000000001));
#2015=CARTESIAN_POINT('',(9.5,3.,28.0635083268962));
#2016=CARTESIAN_POINT('Origin',(9.5,1.,28.0635083268962));
#2017=CARTESIAN_POINT('',(19.,1.5,29.9999999999999));
#2018=CARTESIAN_POINT('Origin',(19.,1.,28.0635083268962));
#2019=CARTESIAN_POINT('',(9.5,1.5,29.9999999999999));
#2020=CARTESIAN_POINT('Origin',(-0.499999999999998,1.,28.0635083268963));
#2021=CARTESIAN_POINT('',(-1.,1.5,30.));
#2022=CARTESIAN_POINT('Origin',(-0.999999999999996,1.,28.0635083268963));
#2023=CARTESIAN_POINT('',(-0.499999999999998,1.5,30.));
#2024=CARTESIAN_POINT('Origin',(19.,1.5,-30.0000000000001));
#2025=CARTESIAN_POINT('',(19.,1.5,-15.));
#2026=CARTESIAN_POINT('Origin',(-0.999999999999996,1.5,-30.));
#2027=CARTESIAN_POINT('',(-0.999999999999997,1.5,-15.));
#2028=CARTESIAN_POINT('Origin',(-19.,1.5,30.0000000000001));
#2029=CARTESIAN_POINT('',(-19.,1.5,15.));
#2030=CARTESIAN_POINT('Origin',(23.,2.25,-39.9846117967979));
#2031=CARTESIAN_POINT('',(23.5,2.25000000000001,-42.9076707807877));
#2032=CARTESIAN_POINT('',(23.5,2.25,-40.));
#2033=CARTESIAN_POINT('',(23.5,2.25,-39.9846117967979));
#2034=CARTESIAN_POINT('',(23.,1.75,-40.));
#2035=CARTESIAN_POINT('Origin',(23.,2.25,-40.));
#2036=CARTESIAN_POINT('',(23.,1.75000000000001,-42.9692235935959));
#2037=CARTESIAN_POINT('',(23.,1.75,-39.9846117967979));
#2038=CARTESIAN_POINT('Origin',(23.,2.25000000000001,-42.9076707807877));
#2039=CARTESIAN_POINT('Origin',(23.,1.77930376045434,-41.0248858225856));
#2040=CARTESIAN_POINT('',(23.,2.16301105472603,-44.621267812517));
#2041=CARTESIAN_POINT('',(23.,1.29423251038138,-41.1461536351026));
#2042=CARTESIAN_POINT('',(23.5,2.64808230479899,-44.5));
#2043=CARTESIAN_POINT('Origin',(23.,2.64808230479899,-44.5));
#2044=CARTESIAN_POINT('',(23.5,1.77930376045434,-41.0248858225856));
#2045=CARTESIAN_POINT('Origin',(-2.50000000000001,2.64808230479899,-44.5));
#2046=CARTESIAN_POINT('',(23.,2.64808230479899,-45.));
#2047=CARTESIAN_POINT('Origin',(23.,2.64808230479899,-44.5));
#2048=CARTESIAN_POINT('',(14.,2.16301105472603,-44.621267812517));
#2049=CARTESIAN_POINT('',(-2.50000000000001,2.16301105472603,-44.621267812517));
#2050=CARTESIAN_POINT('',(14.,2.64808230479899,-45.));
#2051=CARTESIAN_POINT('Origin',(14.,2.64808230479899,-44.5));
#2052=CARTESIAN_POINT('',(-2.50000000000001,2.64808230479899,-45.));
#2053=CARTESIAN_POINT('Origin',(23.,2.64808230479899,-44.5));
#2054=CARTESIAN_POINT('Origin',(23.,2.64808230479899,-44.5));
#2055=CARTESIAN_POINT('Origin',(14.,2.25000000000001,-41.4846117967979));
#2056=CARTESIAN_POINT('',(14.,1.75000000000001,-42.9692235935959));
#2057=CARTESIAN_POINT('',(14.,1.75,-40.));
#2058=CARTESIAN_POINT('',(14.,1.75000000000001,-41.4846117967979));
#2059=CARTESIAN_POINT('',(13.5,2.25,-40.));
#2060=CARTESIAN_POINT('Origin',(14.,2.25,-40.));
#2061=CARTESIAN_POINT('',(13.5,2.25000000000001,-42.9076707807877));
#2062=CARTESIAN_POINT('',(13.5,2.25000000000001,-41.4846117967979));
#2063=CARTESIAN_POINT('Origin',(14.,2.25000000000001,-42.9076707807877));
#2064=CARTESIAN_POINT('Origin',(14.,2.13224493692172,-42.4366505284697));
#2065=CARTESIAN_POINT('',(13.5,2.64808230479899,-44.5));
#2066=CARTESIAN_POINT('',(13.5,2.13224493692172,-42.4366505284697));
#2067=CARTESIAN_POINT('Origin',(14.,2.64808230479899,-44.5));
#2068=CARTESIAN_POINT('',(14.,1.64717368684876,-42.5579183409867));
#2069=CARTESIAN_POINT('Origin',(14.,2.64808230479899,-44.5));
#2070=CARTESIAN_POINT('Origin',(14.,2.64808230479899,-44.5));
#2071=CARTESIAN_POINT('Origin',(23.,2.,-44.5));
#2072=CARTESIAN_POINT('',(23.,3.5,-45.));
#2073=CARTESIAN_POINT('',(23.,2.,-45.));
#2074=CARTESIAN_POINT('',(23.5,3.5,-44.5));
#2075=CARTESIAN_POINT('Origin',(23.,3.5,-44.5));
#2076=CARTESIAN_POINT('',(23.5,2.,-44.5));
#2077=CARTESIAN_POINT('Origin',(18.5,2.5,-45.));
#2078=CARTESIAN_POINT('',(14.,3.5,-45.));
#2079=CARTESIAN_POINT('',(14.,2.,-45.));
#2080=CARTESIAN_POINT('',(13.5,3.5,-45.));
#2081=CARTESIAN_POINT('Origin',(14.,2.,-44.5));
#2082=CARTESIAN_POINT('',(13.5,3.5,-44.5));
#2083=CARTESIAN_POINT('',(13.5,2.,-44.5));
#2084=CARTESIAN_POINT('Origin',(14.,3.5,-44.5));
#2085=CARTESIAN_POINT('Origin',(13.5,1.5,-40.));
#2086=CARTESIAN_POINT('',(13.5,1.5,-40.));
#2087=CARTESIAN_POINT('',(13.5,1.625,-40.));
#2088=CARTESIAN_POINT('',(13.5,1.5,-33.));
#2089=CARTESIAN_POINT('',(13.5,1.5,-19.5));
#2090=CARTESIAN_POINT('',(13.5,2.97213595499958,-35.9442719099991));
#2091=CARTESIAN_POINT('',(13.5,1.5,-33.));
#2092=CARTESIAN_POINT('',(13.5,3.5,-38.1803398874989));
#2093=CARTESIAN_POINT('Origin',(13.5,-1.5,-38.1803398874989));
#2094=CARTESIAN_POINT('',(13.5,3.5,-40.));
#2095=CARTESIAN_POINT('Origin',(-14.,2.25,-39.9846117967979));
#2096=CARTESIAN_POINT('',(-13.5,2.25000000000001,-42.9076707807877));
#2097=CARTESIAN_POINT('',(-13.5,2.25,-40.));
#2098=CARTESIAN_POINT('',(-13.5,2.25,-39.9846117967979));
#2099=CARTESIAN_POINT('',(-14.,1.75,-40.));
#2100=CARTESIAN_POINT('Origin',(-14.,2.25,-40.0000000000001));
#2101=CARTESIAN_POINT('',(-14.,1.75000000000001,-42.9692235935959));
#2102=CARTESIAN_POINT('',(-14.,1.75,-39.9846117967979));
#2103=CARTESIAN_POINT('Origin',(-14.,2.25000000000001,-42.9076707807877));
#2104=CARTESIAN_POINT('Origin',(-14.,1.77930376045435,-41.0248858225856));
#2105=CARTESIAN_POINT('',(-14.,2.16301105472603,-44.621267812517));
#2106=CARTESIAN_POINT('',(-14.,1.29423251038139,-41.1461536351026));
#2107=CARTESIAN_POINT('',(-13.5,2.64808230479899,-44.5));
#2108=CARTESIAN_POINT('Origin',(-14.,2.64808230479899,-44.5));
#2109=CARTESIAN_POINT('',(-13.5,1.77930376045435,-41.0248858225856));
#2110=CARTESIAN_POINT('Origin',(-21.,2.64808230479899,-44.5));
#2111=CARTESIAN_POINT('',(-14.,2.64808230479899,-45.));
#2112=CARTESIAN_POINT('Origin',(-14.,2.64808230479899,-44.5));
#2113=CARTESIAN_POINT('',(-23.,2.16301105472603,-44.621267812517));
#2114=CARTESIAN_POINT('',(-21.,2.16301105472603,-44.621267812517));
#2115=CARTESIAN_POINT('',(-23.,2.64808230479899,-45.));
#2116=CARTESIAN_POINT('Origin',(-23.,2.64808230479899,-44.5));
#2117=CARTESIAN_POINT('',(-21.,2.64808230479899,-45.));
#2118=CARTESIAN_POINT('Origin',(-14.,2.64808230479899,-44.5));
#2119=CARTESIAN_POINT('Origin',(-14.,2.64808230479899,-44.5));
#2120=CARTESIAN_POINT('Origin',(-23.,2.25000000000001,-41.4846117967979));
#2121=CARTESIAN_POINT('',(-23.,1.75000000000001,-42.9692235935959));
#2122=CARTESIAN_POINT('',(-23.,1.75,-40.));
#2123=CARTESIAN_POINT('',(-23.,1.75000000000001,-41.4846117967979));
#2124=CARTESIAN_POINT('',(-23.5,2.25,-40.));
#2125=CARTESIAN_POINT('Origin',(-23.,2.25,-40.));
#2126=CARTESIAN_POINT('',(-23.5,2.25000000000001,-42.9076707807877));
#2127=CARTESIAN_POINT('',(-23.5,2.25000000000001,-41.4846117967979));
#2128=CARTESIAN_POINT('Origin',(-23.,2.25000000000001,-42.9076707807877));
#2129=CARTESIAN_POINT('Origin',(-23.,2.13224493692173,-42.4366505284697));
#2130=CARTESIAN_POINT('',(-23.5,2.64808230479898,-44.5));
#2131=CARTESIAN_POINT('',(-23.5,2.13224493692173,-42.4366505284697));
#2132=CARTESIAN_POINT('Origin',(-23.,2.64808230479898,-44.5));
#2133=CARTESIAN_POINT('',(-23.,1.64717368684877,-42.5579183409867));
#2134=CARTESIAN_POINT('Origin',(-23.,2.64808230479899,-44.5));
#2135=CARTESIAN_POINT('Origin',(-23.,2.64808230479899,-44.5));
#2136=CARTESIAN_POINT('Origin',(-14.,2.,-44.5));
#2137=CARTESIAN_POINT('',(-14.,3.5,-45.));
#2138=CARTESIAN_POINT('',(-14.,2.,-45.));
#2139=CARTESIAN_POINT('',(-13.5,3.5,-44.5));
#2140=CARTESIAN_POINT('Origin',(-14.,3.5,-44.5));
#2141=CARTESIAN_POINT('',(-13.5,2.,-44.5));
#2142=CARTESIAN_POINT('Origin',(-18.5,2.5,-45.));
#2143=CARTESIAN_POINT('',(-23.,3.5,-45.));
#2144=CARTESIAN_POINT('',(-23.,2.,-45.));
#2145=CARTESIAN_POINT('',(-23.5,3.5,-45.));
#2146=CARTESIAN_POINT('Origin',(-23.,2.,-44.5));
#2147=CARTESIAN_POINT('',(-23.5,3.5,-44.5));
#2148=CARTESIAN_POINT('',(-23.5,2.,-44.5));
#2149=CARTESIAN_POINT('Origin',(-23.,3.5,-44.5));
#2150=CARTESIAN_POINT('Origin',(-23.5,1.5,-40.));
#2151=CARTESIAN_POINT('',(-23.5,1.5,-40.));
#2152=CARTESIAN_POINT('',(-23.5,1.625,-40.));
#2153=CARTESIAN_POINT('',(-23.5,1.5,-33.));
#2154=CARTESIAN_POINT('',(-23.5,1.5,-17.5));
#2155=CARTESIAN_POINT('',(-23.5,2.97213595499958,-35.9442719099992));
#2156=CARTESIAN_POINT('',(-23.5,1.5,-33.));
#2157=CARTESIAN_POINT('',(-23.5,3.5,-38.180339887499));
#2158=CARTESIAN_POINT('Origin',(-23.5,-1.5,-38.180339887499));
#2159=CARTESIAN_POINT('',(-23.5,3.5,-40.));
#2160=CARTESIAN_POINT('Origin',(-23.5,1.75000000000001,-42.9692235935959));
#2161=CARTESIAN_POINT('',(-23.5,1.75,-40.));
#2162=CARTESIAN_POINT('',(-23.5,1.75000000000001,-42.9692235935959));
#2163=CARTESIAN_POINT('Origin',(-23.5,1.75000000000001,-42.9692235935959));
#2164=CARTESIAN_POINT('',(-23.5,1.75,-40.));
#2165=CARTESIAN_POINT('',(-23.5,1.75000000000001,-42.9692235935959));
#2166=CARTESIAN_POINT('Origin',(-23.5,2.25769410159581,-45.));
#2167=CARTESIAN_POINT('Origin',(-23.5,2.25769410159581,-45.));
#2168=CARTESIAN_POINT('Origin',(-13.5,1.5,-37.));
#2169=CARTESIAN_POINT('',(-13.5,3.5,-38.180339887499));
#2170=CARTESIAN_POINT('',(-13.5,3.5,-37.));
#2171=CARTESIAN_POINT('',(-13.5,2.97213595499958,-35.9442719099992));
#2172=CARTESIAN_POINT('Origin',(-13.5,-1.5,-38.180339887499));
#2173=CARTESIAN_POINT('',(-13.5,1.5,-33.));
#2174=CARTESIAN_POINT('',(-13.5,1.5,-33.));
#2175=CARTESIAN_POINT('',(-13.5,1.5,-40.));
#2176=CARTESIAN_POINT('',(-13.5,1.5,-18.5));
#2177=CARTESIAN_POINT('',(-13.5,1.625,-40.));
#2178=CARTESIAN_POINT('Origin',(4.75000000000001,0.25,22.));
#2179=CARTESIAN_POINT('',(5.,0.5,42.));
#2180=CARTESIAN_POINT('',(5.,0.5,44.));
#2181=CARTESIAN_POINT('',(5.00000000000001,0.5,22.));
#2182=CARTESIAN_POINT('',(4.5,0.,44.));
#2183=CARTESIAN_POINT('',(5.,0.5,44.));
#2184=CARTESIAN_POINT('',(4.5,0.,41.7928932188135));
#2185=CARTESIAN_POINT('',(4.50000000000001,0.,22.));
#2186=CARTESIAN_POINT('',(4.5,0.,41.7928932188135));
#2187=CARTESIAN_POINT('Origin',(-16.75,0.25,39.75));
#2188=CARTESIAN_POINT('',(6.79289321881345,0.,39.5));
#2189=CARTESIAN_POINT('',(30.5,0.,39.5));
#2190=CARTESIAN_POINT('',(-16.75,0.,39.5));
#2191=CARTESIAN_POINT('',(30.5,0.5,40.));
#2192=CARTESIAN_POINT('',(30.5,0.,39.5));
#2193=CARTESIAN_POINT('',(7.00000000000001,0.5,40.));
#2194=CARTESIAN_POINT('',(-16.75,0.5,40.));
#2195=CARTESIAN_POINT('',(7.00000000000001,0.5,40.));
#2196=CARTESIAN_POINT('Origin',(30.5,0.25,37.));
#2197=CARTESIAN_POINT('',(33.,0.,37.));
#2198=CARTESIAN_POINT('',(33.5,0.5,37.));
#2199=CARTESIAN_POINT('',(33.,0.,37.));
#2200=CARTESIAN_POINT('Origin',(30.5,0.5,37.));
#2201=CARTESIAN_POINT('Origin',(30.5,0.,37.));
#2202=CARTESIAN_POINT('Origin',(33.25,0.25,20.));
#2203=CARTESIAN_POINT('',(33.,0.,-37.));
#2204=CARTESIAN_POINT('',(33.5,0.5,-37.));
#2205=CARTESIAN_POINT('',(33.,0.,-37.));
#2206=CARTESIAN_POINT('',(33.5,0.5,20.));
#2207=CARTESIAN_POINT('',(33.,0.,20.));
#2208=CARTESIAN_POINT('Origin',(30.5,0.25,-37.));
#2209=CARTESIAN_POINT('',(30.5,0.,-39.5));
#2210=CARTESIAN_POINT('',(30.5,0.5,-40.));
#2211=CARTESIAN_POINT('',(30.5,0.,-39.5));
#2212=CARTESIAN_POINT('Origin',(30.5,0.5,-37.));
#2213=CARTESIAN_POINT('Origin',(30.5,0.,-37.));
#2214=CARTESIAN_POINT('Origin',(16.75,0.25,-39.75));
#2215=CARTESIAN_POINT('',(-30.5,0.,-39.5));
#2216=CARTESIAN_POINT('',(-30.5,0.5,-40.));
#2217=CARTESIAN_POINT('',(-30.5,0.,-39.5));
#2218=CARTESIAN_POINT('',(16.75,0.5,-40.));
#2219=CARTESIAN_POINT('',(16.75,0.,-39.5));
#2220=CARTESIAN_POINT('Origin',(-30.5,0.25,-37.));
#2221=CARTESIAN_POINT('',(-33.,0.,-37.));
#2222=CARTESIAN_POINT('',(-33.5,0.5,-37.));
#2223=CARTESIAN_POINT('',(-33.,0.,-37.));
#2224=CARTESIAN_POINT('Origin',(-30.5,0.5,-37.));
#2225=CARTESIAN_POINT('Origin',(-30.5,0.,-37.));
#2226=CARTESIAN_POINT('Origin',(-33.25,0.25,-20.));
#2227=CARTESIAN_POINT('',(-33.,0.,37.));
#2228=CARTESIAN_POINT('',(-33.5,0.5,37.));
#2229=CARTESIAN_POINT('',(-33.,0.,37.));
#2230=CARTESIAN_POINT('',(-33.5,0.5,-20.));
#2231=CARTESIAN_POINT('',(-33.,0.,-20.));
#2232=CARTESIAN_POINT('Origin',(-30.5,0.25,37.));
#2233=CARTESIAN_POINT('',(-30.5,0.,39.5));
#2234=CARTESIAN_POINT('',(-30.5,0.5,40.));
#2235=CARTESIAN_POINT('',(-30.5,0.,39.5));
#2236=CARTESIAN_POINT('Origin',(-30.5,0.5,37.));
#2237=CARTESIAN_POINT('Origin',(-30.5,0.,37.));
#2238=CARTESIAN_POINT('Origin',(-16.75,0.25,39.75));
#2239=CARTESIAN_POINT('',(-6.99999999999999,0.5,40.));
#2240=CARTESIAN_POINT('',(-16.75,0.5,40.));
#2241=CARTESIAN_POINT('',(-6.79289321881345,0.,39.5));
#2242=CARTESIAN_POINT('',(-16.75,0.,39.5));
#2243=CARTESIAN_POINT('',(-6.79289321881345,0.,39.5));
#2244=CARTESIAN_POINT('Origin',(14.5732233047034,0.25,32.0732233047034));
#2245=CARTESIAN_POINT('',(14.3964466094067,0.,31.8964466094067));
#2246=CARTESIAN_POINT('',(14.75,0.5,32.25));
#2247=CARTESIAN_POINT('Origin',(-14.5732233047034,0.25,32.0732233047034));
#2248=CARTESIAN_POINT('',(-5.,0.5,42.));
#2249=CARTESIAN_POINT('',(-14.75,0.5,32.25));
#2250=CARTESIAN_POINT('',(-4.5,0.,41.7928932188135));
#2251=CARTESIAN_POINT('',(-14.3964466094067,0.,31.8964466094067));
#2252=CARTESIAN_POINT('',(-4.5,0.,41.7928932188135));
#2253=CARTESIAN_POINT('Origin',(3.13978451111125E-15,0.25,44.));
#2254=CARTESIAN_POINT('',(-5.,0.5,44.));
#2255=CARTESIAN_POINT('',(-4.5,0.,44.));
#2256=CARTESIAN_POINT('',(-5.,0.5,44.));
#2257=CARTESIAN_POINT('Origin',(3.13978451111125E-15,0.,44.));
#2258=CARTESIAN_POINT('Origin',(3.13978451111125E-15,0.5,44.));
#2259=CARTESIAN_POINT('Origin',(-4.74999999999999,0.25,15.5));
#2260=CARTESIAN_POINT('',(-4.49999999999999,0.,15.5));
#2261=CARTESIAN_POINT('',(-4.99999999999999,0.5,15.5));
#2262=CARTESIAN_POINT('Origin',(-33.5,0.,40.));
#2263=CARTESIAN_POINT('',(-6.99999999999999,1.5,40.));
#2264=CARTESIAN_POINT('',(-6.99999999999999,0.,40.));
#2265=CARTESIAN_POINT('',(-30.5,1.5,40.));
#2266=CARTESIAN_POINT('',(-33.5,1.5,40.));
#2267=CARTESIAN_POINT('',(-30.5,0.,40.));
#2268=CARTESIAN_POINT('Origin',(-6.,0.,41.));
#2269=CARTESIAN_POINT('',(-5.,1.5,42.));
#2270=CARTESIAN_POINT('',(-5.,0.,42.));
#2271=CARTESIAN_POINT('',(-14.75,1.5,32.25));
#2272=CARTESIAN_POINT('Origin',(-4.99999999999999,0.,31.));
#2273=CARTESIAN_POINT('',(-5.,1.5,44.));
#2274=CARTESIAN_POINT('',(-5.,0.,44.));
#2275=CARTESIAN_POINT('',(-5.,1.5,44.));
#2276=CARTESIAN_POINT('Origin',(3.13978451111125E-15,0.,44.));
#2277=CARTESIAN_POINT('',(5.,1.5,44.));
#2278=CARTESIAN_POINT('',(5.,0.,44.));
#2279=CARTESIAN_POINT('Origin',(3.13978451111125E-15,1.5,44.));
#2280=CARTESIAN_POINT('Origin',(5.,0.,44.));
#2281=CARTESIAN_POINT('',(5.,1.5,42.));
#2282=CARTESIAN_POINT('',(5.,0.,42.));
#2283=CARTESIAN_POINT('',(5.00000000000001,1.5,31.));
#2284=CARTESIAN_POINT('Origin',(6.00000000000001,0.,41.));
#2285=CARTESIAN_POINT('',(7.00000000000001,1.5,40.));
#2286=CARTESIAN_POINT('',(7.00000000000001,0.,40.));
#2287=CARTESIAN_POINT('',(14.75,1.5,32.25));
#2288=CARTESIAN_POINT('Origin',(-33.5,0.,40.));
#2289=CARTESIAN_POINT('',(30.5,1.5,40.));
#2290=CARTESIAN_POINT('',(30.5,0.,40.));
#2291=CARTESIAN_POINT('',(-33.5,1.5,40.));
#2292=CARTESIAN_POINT('Origin',(4.44089209850063E-15,0.,4.44089209850063E-15));
#2293=CARTESIAN_POINT('',(3.25000000000001,0.,44.));
#2294=CARTESIAN_POINT('Origin',(7.7715611723761E-15,0.,44.));
#2295=CARTESIAN_POINT('Origin',(7.7715611723761E-15,0.75,44.));
#2296=CARTESIAN_POINT('',(1.75000000000001,1.5,44.));
#2297=CARTESIAN_POINT('',(2.50000000000001,0.75,44.));
#2298=CARTESIAN_POINT('Origin',(7.7715611723761E-15,1.5,44.));
#2299=CARTESIAN_POINT('Origin',(23.5,1.5,-37.));
#2300=CARTESIAN_POINT('',(23.5,3.5,-38.1803398874989));
#2301=CARTESIAN_POINT('',(23.5,3.5,-37.));
#2302=CARTESIAN_POINT('',(23.5,2.97213595499958,-35.9442719099991));
#2303=CARTESIAN_POINT('Origin',(23.5,-1.5,-38.1803398874989));
#2304=CARTESIAN_POINT('',(23.5,1.5,-32.9999999999999));
#2305=CARTESIAN_POINT('',(23.5,1.5,-32.9999999999999));
#2306=CARTESIAN_POINT('',(23.5,1.5,-40.));
#2307=CARTESIAN_POINT('',(23.5,1.5,-18.5));
#2308=CARTESIAN_POINT('',(23.5,1.625,-40.));
#2309=CARTESIAN_POINT('Origin',(-21.,-1.5,-38.180339887499));
#2310=CARTESIAN_POINT('',(-21.,3.5,-38.180339887499));
#2311=CARTESIAN_POINT('',(-21.,2.97213595499959,-35.9442719099992));
#2312=CARTESIAN_POINT('Origin',(-23.5,3.5,-37.));
#2313=CARTESIAN_POINT('',(-11.75,1.5,-33.));
#2314=CARTESIAN_POINT('Origin',(16.,-1.5,-38.1803398874989));
#2315=CARTESIAN_POINT('',(16.,3.5,-38.1803398874989));
#2316=CARTESIAN_POINT('',(16.,2.97213595499958,-35.9442719099991));
#2317=CARTESIAN_POINT('Origin',(13.5,3.5,-37.));
#2318=CARTESIAN_POINT('',(6.75000000000001,1.5,-33.));
#2319=CARTESIAN_POINT('Origin',(-18.5,3.5,-38.5));
#2320=CARTESIAN_POINT('Origin',(18.5,3.5,-38.5));
#2321=CARTESIAN_POINT('Origin',(4.44089209850063E-15,1.5,0.));
#2322=CARTESIAN_POINT('',(33.5,1.5,37.));
#2323=CARTESIAN_POINT('Origin',(30.5,1.5,37.));
#2324=CARTESIAN_POINT('',(33.5,1.5,-37.));
#2325=CARTESIAN_POINT('',(33.5,1.5,40.));
#2326=CARTESIAN_POINT('',(30.5,1.5,-40.));
#2327=CARTESIAN_POINT('Origin',(30.5,1.5,-37.));
#2328=CARTESIAN_POINT('',(33.5,1.5,-40.));
#2329=CARTESIAN_POINT('',(33.5,1.5,-40.));
#2330=CARTESIAN_POINT('',(-30.5,1.5,-40.));
#2331=CARTESIAN_POINT('',(33.5,1.5,-40.));
#2332=CARTESIAN_POINT('',(-33.5,1.5,-37.));
#2333=CARTESIAN_POINT('Origin',(-30.5,1.5,-37.));
#2334=CARTESIAN_POINT('',(-33.5,1.5,37.));
#2335=CARTESIAN_POINT('',(-33.5,1.5,-40.));
#2336=CARTESIAN_POINT('Origin',(-30.5,1.5,37.));
#2337=CARTESIAN_POINT('Origin',(-30.5,0.,-37.));
#2338=CARTESIAN_POINT('',(-33.5,0.,-37.));
#2339=CARTESIAN_POINT('',(-30.5,0.,-40.));
#2340=CARTESIAN_POINT('Origin',(33.5,0.,-40.));
#2341=CARTESIAN_POINT('',(30.5,0.,-40.));
#2342=CARTESIAN_POINT('Origin',(30.5,0.,-37.));
#2343=CARTESIAN_POINT('',(33.5,0.,-37.));
#2344=CARTESIAN_POINT('Origin',(-30.5,0.,37.));
#2345=CARTESIAN_POINT('',(-33.5,0.,37.));
#2346=CARTESIAN_POINT('Origin',(30.5,0.,37.));
#2347=CARTESIAN_POINT('',(33.5,0.,37.));
#2348=CARTESIAN_POINT('Origin',(33.5,0.,40.));
#2349=CARTESIAN_POINT('Origin',(-33.5,0.,-40.));
#2350=UNCERTAINTY_MEASURE_WITH_UNIT(LENGTH_MEASURE(0.01),#2354,
'DISTANCE_ACCURACY_VALUE',
'Maximum model space distance between geometric entities at asserted c
onnectivities');
#2351=UNCERTAINTY_MEASURE_WITH_UNIT(LENGTH_MEASURE(0.01),#2354,
'DISTANCE_ACCURACY_VALUE',
'Maximum model space distance between geometric entities at asserted c
onnectivities');
#2352=(
GEOMETRIC_REPRESENTATION_CONTEXT(3)
GLOBAL_UNCERTAINTY_ASSIGNED_CONTEXT((#2350))
GLOBAL_UNIT_ASSIGNED_CONTEXT((#2354,#2356,#2357))
REPRESENTATION_CONTEXT('','3D')
);
#2353=(
GEOMETRIC_REPRESENTATION_CONTEXT(3)
GLOBAL_UNCERTAINTY_ASSIGNED_CONTEXT((#2351))
GLOBAL_UNIT_ASSIGNED_CONTEXT((#2354,#2356,#2357))
REPRESENTATION_CONTEXT('','3D')
);
#2354=(
LENGTH_UNIT()
NAMED_UNIT(*)
SI_UNIT(.MILLI.,.METRE.)
);
#2355=(
LENGTH_UNIT()
NAMED_UNIT(*)
SI_UNIT(.CENTI.,.METRE.)
);
#2356=(
NAMED_UNIT(*)
PLANE_ANGLE_UNIT()
SI_UNIT($,.RADIAN.)
);
#2357=(
NAMED_UNIT(*)
SI_UNIT($,.STERADIAN.)
SOLID_ANGLE_UNIT()
);
#2358=SHAPE_DEFINITION_REPRESENTATION(#2359,#2360);
#2359=PRODUCT_DEFINITION_SHAPE('',$,#2362);
#2360=SHAPE_REPRESENTATION('',(#1402),#2352);
#2361=PRODUCT_DEFINITION_CONTEXT('part definition',#2366,'design');
#2362=PRODUCT_DEFINITION('Cover pin','Cover pin',#2363,#2361);
#2363=PRODUCT_DEFINITION_FORMATION('',$,#2368);
#2364=PRODUCT_RELATED_PRODUCT_CATEGORY('Cover pin','Cover pin',(#2368));
#2365=APPLICATION_PROTOCOL_DEFINITION('international standard',
'automotive_design',2009,#2366);
#2366=APPLICATION_CONTEXT(
'Core Data for Automotive Mechanical Design Process');
#2367=PRODUCT_CONTEXT('part definition',#2366,'mechanical');
#2368=PRODUCT('Cover pin','Cover pin',$,(#2367));
#2369=PRESENTATION_STYLE_ASSIGNMENT((#2370));
#2370=SURFACE_STYLE_USAGE(.BOTH.,#2373);
#2371=SURFACE_STYLE_RENDERING_WITH_PROPERTIES($,#2377,(#2372));
#2372=SURFACE_STYLE_TRANSPARENT(0.);
#2373=SURFACE_SIDE_STYLE('',(#2374,#2371));
#2374=SURFACE_STYLE_FILL_AREA(#2375);
#2375=FILL_AREA_STYLE('',(#2376));
#2376=FILL_AREA_STYLE_COLOUR('',#2377);
#2377=COLOUR_RGB('',0.0941176470588235,0.145098039215686,0.972549019607843);
ENDSEC;
END-ISO-10303-21;
