ISO-10303-21;
HEADER;
/* Generated by software containing ST-Developer
 * from STEP Tools, Inc. (www.steptools.com) 
 */

FILE_DESCRIPTION(
/* description */ (''),
/* implementation_level */ '2;1');

FILE_NAME(
/* name */ 
'D:\\6. THI\\12. H\X2\1ED9\X0\p EVN\\12. H\X2\1ED9\X0\p EVN\\Slave\\Sl
ave_G\X2\1EED\X0\i Kh\X\E1ch_26.07.14\\3D Step\\H\X2\1ED9\X0\p Slave_S
LA_M\X\E0u Xanh C\X\F4 Ban_SL01.stp',
/* time_stamp */ '2026-07-14T09:27:02+07:00',
/* author */ ('PC'),
/* organization */ (''),
/* preprocessor_version */ 'ST-DEVELOPER v18',
/* originating_system */ 'Autodesk Inventor 2020',
/* authorisation */ '');

FILE_SCHEMA (('AUTOMOTIVE_DESIGN { 1 0 10303 214 3 1 1 }'));
ENDSEC;

DATA;
#10=MECHANICAL_DESIGN_GEOMETRIC_PRESENTATION_REPRESENTATION('',(#13),#9677);
#11=SHAPE_REPRESENTATION_RELATIONSHIP('SRR','None',#9684,#12);
#12=ADVANCED_BREP_SHAPE_REPRESENTATION('',(#14),#9676);
#13=STYLED_ITEM('',(#9693),#14);
#14=MANIFOLD_SOLID_BREP('Solid1',#5554);
#15=TOROIDAL_SURFACE('',#5789,8.5,2.);
#16=TOROIDAL_SURFACE('',#6058,2.,1.);
#17=TOROIDAL_SURFACE('',#6062,8.5,1.);
#18=TOROIDAL_SURFACE('',#6065,2.,1.);
#19=TOROIDAL_SURFACE('',#6070,2.,1.);
#20=TOROIDAL_SURFACE('',#6073,8.5,1.);
#21=TOROIDAL_SURFACE('',#6076,2.,1.);
#22=TOROIDAL_SURFACE('',#6081,2.,1.);
#23=TOROIDAL_SURFACE('',#6084,8.5,1.);
#24=TOROIDAL_SURFACE('',#6087,2.,1.);
#25=TOROIDAL_SURFACE('',#6092,2.,1.);
#26=TOROIDAL_SURFACE('',#6095,8.5,1.);
#27=TOROIDAL_SURFACE('',#6098,2.,1.);
#28=TOROIDAL_SURFACE('',#6103,4.00000000000001,1.);
#29=TOROIDAL_SURFACE('',#6108,4.,1.);
#30=TOROIDAL_SURFACE('',#6113,2.,1.);
#31=TOROIDAL_SURFACE('',#6116,8.5,1.);
#32=TOROIDAL_SURFACE('',#6119,2.,1.);
#33=TOROIDAL_SURFACE('',#6124,2.,1.);
#34=TOROIDAL_SURFACE('',#6127,8.5,1.);
#35=TOROIDAL_SURFACE('',#6130,2.,1.);
#36=TOROIDAL_SURFACE('',#6135,2.,1.);
#37=TOROIDAL_SURFACE('',#6138,8.5,1.);
#38=TOROIDAL_SURFACE('',#6141,2.,1.);
#39=TOROIDAL_SURFACE('',#6146,2.,1.);
#40=TOROIDAL_SURFACE('',#6149,8.5,1.);
#41=TOROIDAL_SURFACE('',#6152,2.,1.);
#42=TOROIDAL_SURFACE('',#6157,3.99999999999999,1.);
#43=TOROIDAL_SURFACE('',#6162,3.99999999999997,1.);
#44=CONICAL_SURFACE('',#5773,2.625,0.785398163397449);
#45=CONICAL_SURFACE('',#5779,2.625,0.785398163397448);
#46=CONICAL_SURFACE('',#6013,2.625,0.785398163397448);
#47=CONICAL_SURFACE('',#6018,2.625,0.785398163397448);
#48=CONICAL_SURFACE('',#6023,2.625,0.785398163397448);
#49=CONICAL_SURFACE('',#6028,2.625,0.785398163397448);
#50=FACE_BOUND('',#528,.T.);
#51=FACE_BOUND('',#531,.T.);
#52=FACE_BOUND('',#532,.T.);
#53=FACE_BOUND('',#533,.T.);
#54=FACE_BOUND('',#534,.T.);
#55=FACE_BOUND('',#535,.T.);
#56=FACE_BOUND('',#536,.T.);
#57=FACE_BOUND('',#537,.T.);
#58=FACE_BOUND('',#539,.T.);
#59=FACE_BOUND('',#540,.T.);
#60=FACE_BOUND('',#549,.T.);
#61=FACE_BOUND('',#550,.T.);
#62=FACE_BOUND('',#551,.T.);
#63=FACE_BOUND('',#552,.T.);
#64=FACE_BOUND('',#553,.T.);
#65=FACE_BOUND('',#554,.T.);
#66=FACE_BOUND('',#555,.T.);
#67=FACE_BOUND('',#564,.T.);
#68=FACE_BOUND('',#565,.T.);
#69=FACE_BOUND('',#566,.T.);
#70=FACE_BOUND('',#567,.T.);
#71=FACE_BOUND('',#568,.T.);
#72=FACE_BOUND('',#580,.T.);
#73=FACE_BOUND('',#582,.T.);
#74=FACE_BOUND('',#597,.T.);
#75=FACE_BOUND('',#598,.T.);
#76=FACE_BOUND('',#603,.T.);
#77=FACE_BOUND('',#619,.T.);
#78=FACE_BOUND('',#623,.T.);
#79=FACE_BOUND('',#671,.T.);
#80=FACE_BOUND('',#701,.T.);
#81=FACE_BOUND('',#705,.T.);
#82=FACE_BOUND('',#715,.T.);
#83=FACE_BOUND('',#719,.T.);
#84=FACE_BOUND('',#723,.T.);
#85=FACE_BOUND('',#727,.T.);
#86=FACE_BOUND('',#819,.T.);
#87=FACE_BOUND('',#820,.T.);
#88=FACE_BOUND('',#823,.T.);
#89=FACE_BOUND('',#826,.T.);
#90=FACE_BOUND('',#844,.T.);
#91=FACE_BOUND('',#846,.T.);
#92=FACE_BOUND('',#847,.T.);
#93=PLANE('',#5577);
#94=PLANE('',#5581);
#95=PLANE('',#5586);
#96=PLANE('',#5592);
#97=PLANE('',#5596);
#98=PLANE('',#5597);
#99=PLANE('',#5598);
#100=PLANE('',#5602);
#101=PLANE('',#5606);
#102=PLANE('',#5613);
#103=PLANE('',#5614);
#104=PLANE('',#5658);
#105=PLANE('',#5665);
#106=PLANE('',#5666);
#107=PLANE('',#5667);
#108=PLANE('',#5674);
#109=PLANE('',#5675);
#110=PLANE('',#5676);
#111=PLANE('',#5729);
#112=PLANE('',#5734);
#113=PLANE('',#5735);
#114=PLANE('',#5736);
#115=PLANE('',#5741);
#116=PLANE('',#5757);
#117=PLANE('',#5793);
#118=PLANE('',#5794);
#119=PLANE('',#5796);
#120=PLANE('',#5797);
#121=PLANE('',#5798);
#122=PLANE('',#5799);
#123=PLANE('',#5801);
#124=PLANE('',#5803);
#125=PLANE('',#5805);
#126=PLANE('',#5806);
#127=PLANE('',#5808);
#128=PLANE('',#5809);
#129=PLANE('',#5812);
#130=PLANE('',#5814);
#131=PLANE('',#5815);
#132=PLANE('',#5819);
#133=PLANE('',#5821);
#134=PLANE('',#5823);
#135=PLANE('',#5826);
#136=PLANE('',#5829);
#137=PLANE('',#5833);
#138=PLANE('',#5837);
#139=PLANE('',#5838);
#140=PLANE('',#5845);
#141=PLANE('',#5849);
#142=PLANE('',#5856);
#143=PLANE('',#5863);
#144=PLANE('',#5866);
#145=PLANE('',#5869);
#146=PLANE('',#5876);
#147=PLANE('',#5883);
#148=PLANE('',#5890);
#149=PLANE('',#5897);
#150=PLANE('',#5900);
#151=PLANE('',#5903);
#152=PLANE('',#5910);
#153=PLANE('',#5917);
#154=PLANE('',#5918);
#155=PLANE('',#5919);
#156=PLANE('',#5922);
#157=PLANE('',#5923);
#158=PLANE('',#5925);
#159=PLANE('',#5928);
#160=PLANE('',#5933);
#161=PLANE('',#5936);
#162=PLANE('',#5937);
#163=PLANE('',#5938);
#164=PLANE('',#5939);
#165=PLANE('',#5940);
#166=PLANE('',#5941);
#167=PLANE('',#5942);
#168=PLANE('',#5945);
#169=PLANE('',#5947);
#170=PLANE('',#5951);
#171=PLANE('',#5954);
#172=PLANE('',#5955);
#173=PLANE('',#5956);
#174=PLANE('',#5958);
#175=PLANE('',#5965);
#176=PLANE('',#5971);
#177=PLANE('',#5978);
#178=PLANE('',#5980);
#179=PLANE('',#5982);
#180=PLANE('',#5984);
#181=PLANE('',#5991);
#182=PLANE('',#5997);
#183=PLANE('',#6003);
#184=PLANE('',#6009);
#185=PLANE('',#6037);
#186=PLANE('',#6038);
#187=PLANE('',#6040);
#188=PLANE('',#6041);
#189=PLANE('',#6042);
#190=PLANE('',#6043);
#191=PLANE('',#6044);
#192=PLANE('',#6045);
#193=PLANE('',#6046);
#194=PLANE('',#6047);
#195=PLANE('',#6053);
#196=PLANE('',#6054);
#197=PLANE('',#6055);
#198=PLANE('',#6057);
#199=PLANE('',#6170);
#200=PLANE('',#6177);
#201=PLANE('',#6184);
#202=PLANE('',#6191);
#203=PLANE('',#6194);
#204=PLANE('',#6197);
#205=PLANE('',#6200);
#206=PLANE('',#6216);
#207=PLANE('',#6220);
#208=PLANE('',#6224);
#209=PLANE('',#6228);
#210=PLANE('',#6231);
#211=PLANE('',#6232);
#212=PLANE('',#6237);
#213=FACE_OUTER_BOUND('',#511,.T.);
#214=FACE_OUTER_BOUND('',#512,.T.);
#215=FACE_OUTER_BOUND('',#513,.T.);
#216=FACE_OUTER_BOUND('',#514,.T.);
#217=FACE_OUTER_BOUND('',#515,.T.);
#218=FACE_OUTER_BOUND('',#516,.T.);
#219=FACE_OUTER_BOUND('',#517,.T.);
#220=FACE_OUTER_BOUND('',#518,.T.);
#221=FACE_OUTER_BOUND('',#519,.T.);
#222=FACE_OUTER_BOUND('',#520,.T.);
#223=FACE_OUTER_BOUND('',#521,.T.);
#224=FACE_OUTER_BOUND('',#522,.T.);
#225=FACE_OUTER_BOUND('',#523,.T.);
#226=FACE_OUTER_BOUND('',#524,.T.);
#227=FACE_OUTER_BOUND('',#525,.T.);
#228=FACE_OUTER_BOUND('',#526,.T.);
#229=FACE_OUTER_BOUND('',#527,.T.);
#230=FACE_OUTER_BOUND('',#529,.T.);
#231=FACE_OUTER_BOUND('',#530,.T.);
#232=FACE_OUTER_BOUND('',#538,.T.);
#233=FACE_OUTER_BOUND('',#541,.T.);
#234=FACE_OUTER_BOUND('',#542,.T.);
#235=FACE_OUTER_BOUND('',#543,.T.);
#236=FACE_OUTER_BOUND('',#544,.T.);
#237=FACE_OUTER_BOUND('',#545,.T.);
#238=FACE_OUTER_BOUND('',#546,.T.);
#239=FACE_OUTER_BOUND('',#547,.T.);
#240=FACE_OUTER_BOUND('',#548,.T.);
#241=FACE_OUTER_BOUND('',#556,.T.);
#242=FACE_OUTER_BOUND('',#557,.T.);
#243=FACE_OUTER_BOUND('',#558,.T.);
#244=FACE_OUTER_BOUND('',#559,.T.);
#245=FACE_OUTER_BOUND('',#560,.T.);
#246=FACE_OUTER_BOUND('',#561,.T.);
#247=FACE_OUTER_BOUND('',#562,.T.);
#248=FACE_OUTER_BOUND('',#563,.T.);
#249=FACE_OUTER_BOUND('',#569,.T.);
#250=FACE_OUTER_BOUND('',#570,.T.);
#251=FACE_OUTER_BOUND('',#571,.T.);
#252=FACE_OUTER_BOUND('',#572,.T.);
#253=FACE_OUTER_BOUND('',#573,.T.);
#254=FACE_OUTER_BOUND('',#574,.T.);
#255=FACE_OUTER_BOUND('',#575,.T.);
#256=FACE_OUTER_BOUND('',#576,.T.);
#257=FACE_OUTER_BOUND('',#577,.T.);
#258=FACE_OUTER_BOUND('',#578,.T.);
#259=FACE_OUTER_BOUND('',#579,.T.);
#260=FACE_OUTER_BOUND('',#581,.T.);
#261=FACE_OUTER_BOUND('',#583,.T.);
#262=FACE_OUTER_BOUND('',#584,.T.);
#263=FACE_OUTER_BOUND('',#585,.T.);
#264=FACE_OUTER_BOUND('',#586,.T.);
#265=FACE_OUTER_BOUND('',#587,.T.);
#266=FACE_OUTER_BOUND('',#588,.T.);
#267=FACE_OUTER_BOUND('',#589,.T.);
#268=FACE_OUTER_BOUND('',#590,.T.);
#269=FACE_OUTER_BOUND('',#591,.T.);
#270=FACE_OUTER_BOUND('',#592,.T.);
#271=FACE_OUTER_BOUND('',#593,.T.);
#272=FACE_OUTER_BOUND('',#594,.T.);
#273=FACE_OUTER_BOUND('',#595,.T.);
#274=FACE_OUTER_BOUND('',#596,.T.);
#275=FACE_OUTER_BOUND('',#599,.T.);
#276=FACE_OUTER_BOUND('',#600,.T.);
#277=FACE_OUTER_BOUND('',#601,.T.);
#278=FACE_OUTER_BOUND('',#602,.T.);
#279=FACE_OUTER_BOUND('',#604,.T.);
#280=FACE_OUTER_BOUND('',#605,.T.);
#281=FACE_OUTER_BOUND('',#606,.T.);
#282=FACE_OUTER_BOUND('',#607,.T.);
#283=FACE_OUTER_BOUND('',#608,.T.);
#284=FACE_OUTER_BOUND('',#609,.T.);
#285=FACE_OUTER_BOUND('',#610,.T.);
#286=FACE_OUTER_BOUND('',#611,.T.);
#287=FACE_OUTER_BOUND('',#612,.T.);
#288=FACE_OUTER_BOUND('',#613,.T.);
#289=FACE_OUTER_BOUND('',#614,.T.);
#290=FACE_OUTER_BOUND('',#615,.T.);
#291=FACE_OUTER_BOUND('',#616,.T.);
#292=FACE_OUTER_BOUND('',#617,.T.);
#293=FACE_OUTER_BOUND('',#618,.T.);
#294=FACE_OUTER_BOUND('',#620,.T.);
#295=FACE_OUTER_BOUND('',#621,.T.);
#296=FACE_OUTER_BOUND('',#622,.T.);
#297=FACE_OUTER_BOUND('',#624,.T.);
#298=FACE_OUTER_BOUND('',#625,.T.);
#299=FACE_OUTER_BOUND('',#626,.T.);
#300=FACE_OUTER_BOUND('',#627,.T.);
#301=FACE_OUTER_BOUND('',#628,.T.);
#302=FACE_OUTER_BOUND('',#629,.T.);
#303=FACE_OUTER_BOUND('',#630,.T.);
#304=FACE_OUTER_BOUND('',#631,.T.);
#305=FACE_OUTER_BOUND('',#632,.T.);
#306=FACE_OUTER_BOUND('',#633,.T.);
#307=FACE_OUTER_BOUND('',#634,.T.);
#308=FACE_OUTER_BOUND('',#635,.T.);
#309=FACE_OUTER_BOUND('',#636,.T.);
#310=FACE_OUTER_BOUND('',#637,.T.);
#311=FACE_OUTER_BOUND('',#638,.T.);
#312=FACE_OUTER_BOUND('',#639,.T.);
#313=FACE_OUTER_BOUND('',#640,.T.);
#314=FACE_OUTER_BOUND('',#641,.T.);
#315=FACE_OUTER_BOUND('',#642,.T.);
#316=FACE_OUTER_BOUND('',#643,.T.);
#317=FACE_OUTER_BOUND('',#644,.T.);
#318=FACE_OUTER_BOUND('',#645,.T.);
#319=FACE_OUTER_BOUND('',#646,.T.);
#320=FACE_OUTER_BOUND('',#647,.T.);
#321=FACE_OUTER_BOUND('',#648,.T.);
#322=FACE_OUTER_BOUND('',#649,.T.);
#323=FACE_OUTER_BOUND('',#650,.T.);
#324=FACE_OUTER_BOUND('',#651,.T.);
#325=FACE_OUTER_BOUND('',#652,.T.);
#326=FACE_OUTER_BOUND('',#653,.T.);
#327=FACE_OUTER_BOUND('',#654,.T.);
#328=FACE_OUTER_BOUND('',#655,.T.);
#329=FACE_OUTER_BOUND('',#656,.T.);
#330=FACE_OUTER_BOUND('',#657,.T.);
#331=FACE_OUTER_BOUND('',#658,.T.);
#332=FACE_OUTER_BOUND('',#659,.T.);
#333=FACE_OUTER_BOUND('',#660,.T.);
#334=FACE_OUTER_BOUND('',#661,.T.);
#335=FACE_OUTER_BOUND('',#662,.T.);
#336=FACE_OUTER_BOUND('',#663,.T.);
#337=FACE_OUTER_BOUND('',#664,.T.);
#338=FACE_OUTER_BOUND('',#665,.T.);
#339=FACE_OUTER_BOUND('',#666,.T.);
#340=FACE_OUTER_BOUND('',#667,.T.);
#341=FACE_OUTER_BOUND('',#668,.T.);
#342=FACE_OUTER_BOUND('',#669,.T.);
#343=FACE_OUTER_BOUND('',#670,.T.);
#344=FACE_OUTER_BOUND('',#672,.T.);
#345=FACE_OUTER_BOUND('',#673,.T.);
#346=FACE_OUTER_BOUND('',#674,.T.);
#347=FACE_OUTER_BOUND('',#675,.T.);
#348=FACE_OUTER_BOUND('',#676,.T.);
#349=FACE_OUTER_BOUND('',#677,.T.);
#350=FACE_OUTER_BOUND('',#678,.T.);
#351=FACE_OUTER_BOUND('',#679,.T.);
#352=FACE_OUTER_BOUND('',#680,.T.);
#353=FACE_OUTER_BOUND('',#681,.T.);
#354=FACE_OUTER_BOUND('',#682,.T.);
#355=FACE_OUTER_BOUND('',#683,.T.);
#356=FACE_OUTER_BOUND('',#684,.T.);
#357=FACE_OUTER_BOUND('',#685,.T.);
#358=FACE_OUTER_BOUND('',#686,.T.);
#359=FACE_OUTER_BOUND('',#687,.T.);
#360=FACE_OUTER_BOUND('',#688,.T.);
#361=FACE_OUTER_BOUND('',#689,.T.);
#362=FACE_OUTER_BOUND('',#690,.T.);
#363=FACE_OUTER_BOUND('',#691,.T.);
#364=FACE_OUTER_BOUND('',#692,.T.);
#365=FACE_OUTER_BOUND('',#693,.T.);
#366=FACE_OUTER_BOUND('',#694,.T.);
#367=FACE_OUTER_BOUND('',#695,.T.);
#368=FACE_OUTER_BOUND('',#696,.T.);
#369=FACE_OUTER_BOUND('',#697,.T.);
#370=FACE_OUTER_BOUND('',#698,.T.);
#371=FACE_OUTER_BOUND('',#699,.T.);
#372=FACE_OUTER_BOUND('',#700,.T.);
#373=FACE_OUTER_BOUND('',#702,.T.);
#374=FACE_OUTER_BOUND('',#703,.T.);
#375=FACE_OUTER_BOUND('',#704,.T.);
#376=FACE_OUTER_BOUND('',#706,.T.);
#377=FACE_OUTER_BOUND('',#707,.T.);
#378=FACE_OUTER_BOUND('',#708,.T.);
#379=FACE_OUTER_BOUND('',#709,.T.);
#380=FACE_OUTER_BOUND('',#710,.T.);
#381=FACE_OUTER_BOUND('',#711,.T.);
#382=FACE_OUTER_BOUND('',#712,.T.);
#383=FACE_OUTER_BOUND('',#713,.T.);
#384=FACE_OUTER_BOUND('',#714,.T.);
#385=FACE_OUTER_BOUND('',#716,.T.);
#386=FACE_OUTER_BOUND('',#717,.T.);
#387=FACE_OUTER_BOUND('',#718,.T.);
#388=FACE_OUTER_BOUND('',#720,.T.);
#389=FACE_OUTER_BOUND('',#721,.T.);
#390=FACE_OUTER_BOUND('',#722,.T.);
#391=FACE_OUTER_BOUND('',#724,.T.);
#392=FACE_OUTER_BOUND('',#725,.T.);
#393=FACE_OUTER_BOUND('',#726,.T.);
#394=FACE_OUTER_BOUND('',#728,.T.);
#395=FACE_OUTER_BOUND('',#729,.T.);
#396=FACE_OUTER_BOUND('',#730,.T.);
#397=FACE_OUTER_BOUND('',#731,.T.);
#398=FACE_OUTER_BOUND('',#732,.T.);
#399=FACE_OUTER_BOUND('',#733,.T.);
#400=FACE_OUTER_BOUND('',#734,.T.);
#401=FACE_OUTER_BOUND('',#735,.T.);
#402=FACE_OUTER_BOUND('',#736,.T.);
#403=FACE_OUTER_BOUND('',#737,.T.);
#404=FACE_OUTER_BOUND('',#738,.T.);
#405=FACE_OUTER_BOUND('',#739,.T.);
#406=FACE_OUTER_BOUND('',#740,.T.);
#407=FACE_OUTER_BOUND('',#741,.T.);
#408=FACE_OUTER_BOUND('',#742,.T.);
#409=FACE_OUTER_BOUND('',#743,.T.);
#410=FACE_OUTER_BOUND('',#744,.T.);
#411=FACE_OUTER_BOUND('',#745,.T.);
#412=FACE_OUTER_BOUND('',#746,.T.);
#413=FACE_OUTER_BOUND('',#747,.T.);
#414=FACE_OUTER_BOUND('',#748,.T.);
#415=FACE_OUTER_BOUND('',#749,.T.);
#416=FACE_OUTER_BOUND('',#750,.T.);
#417=FACE_OUTER_BOUND('',#751,.T.);
#418=FACE_OUTER_BOUND('',#752,.T.);
#419=FACE_OUTER_BOUND('',#753,.T.);
#420=FACE_OUTER_BOUND('',#754,.T.);
#421=FACE_OUTER_BOUND('',#755,.T.);
#422=FACE_OUTER_BOUND('',#756,.T.);
#423=FACE_OUTER_BOUND('',#757,.T.);
#424=FACE_OUTER_BOUND('',#758,.T.);
#425=FACE_OUTER_BOUND('',#759,.T.);
#426=FACE_OUTER_BOUND('',#760,.T.);
#427=FACE_OUTER_BOUND('',#761,.T.);
#428=FACE_OUTER_BOUND('',#762,.T.);
#429=FACE_OUTER_BOUND('',#763,.T.);
#430=FACE_OUTER_BOUND('',#764,.T.);
#431=FACE_OUTER_BOUND('',#765,.T.);
#432=FACE_OUTER_BOUND('',#766,.T.);
#433=FACE_OUTER_BOUND('',#767,.T.);
#434=FACE_OUTER_BOUND('',#768,.T.);
#435=FACE_OUTER_BOUND('',#769,.T.);
#436=FACE_OUTER_BOUND('',#770,.T.);
#437=FACE_OUTER_BOUND('',#771,.T.);
#438=FACE_OUTER_BOUND('',#772,.T.);
#439=FACE_OUTER_BOUND('',#773,.T.);
#440=FACE_OUTER_BOUND('',#774,.T.);
#441=FACE_OUTER_BOUND('',#775,.T.);
#442=FACE_OUTER_BOUND('',#776,.T.);
#443=FACE_OUTER_BOUND('',#777,.T.);
#444=FACE_OUTER_BOUND('',#778,.T.);
#445=FACE_OUTER_BOUND('',#779,.T.);
#446=FACE_OUTER_BOUND('',#780,.T.);
#447=FACE_OUTER_BOUND('',#781,.T.);
#448=FACE_OUTER_BOUND('',#782,.T.);
#449=FACE_OUTER_BOUND('',#783,.T.);
#450=FACE_OUTER_BOUND('',#784,.T.);
#451=FACE_OUTER_BOUND('',#785,.T.);
#452=FACE_OUTER_BOUND('',#786,.T.);
#453=FACE_OUTER_BOUND('',#787,.T.);
#454=FACE_OUTER_BOUND('',#788,.T.);
#455=FACE_OUTER_BOUND('',#789,.T.);
#456=FACE_OUTER_BOUND('',#790,.T.);
#457=FACE_OUTER_BOUND('',#791,.T.);
#458=FACE_OUTER_BOUND('',#792,.T.);
#459=FACE_OUTER_BOUND('',#793,.T.);
#460=FACE_OUTER_BOUND('',#794,.T.);
#461=FACE_OUTER_BOUND('',#795,.T.);
#462=FACE_OUTER_BOUND('',#796,.T.);
#463=FACE_OUTER_BOUND('',#797,.T.);
#464=FACE_OUTER_BOUND('',#798,.T.);
#465=FACE_OUTER_BOUND('',#799,.T.);
#466=FACE_OUTER_BOUND('',#800,.T.);
#467=FACE_OUTER_BOUND('',#801,.T.);
#468=FACE_OUTER_BOUND('',#802,.T.);
#469=FACE_OUTER_BOUND('',#803,.T.);
#470=FACE_OUTER_BOUND('',#804,.T.);
#471=FACE_OUTER_BOUND('',#805,.T.);
#472=FACE_OUTER_BOUND('',#806,.T.);
#473=FACE_OUTER_BOUND('',#807,.T.);
#474=FACE_OUTER_BOUND('',#808,.T.);
#475=FACE_OUTER_BOUND('',#809,.T.);
#476=FACE_OUTER_BOUND('',#810,.T.);
#477=FACE_OUTER_BOUND('',#811,.T.);
#478=FACE_OUTER_BOUND('',#812,.T.);
#479=FACE_OUTER_BOUND('',#813,.T.);
#480=FACE_OUTER_BOUND('',#814,.T.);
#481=FACE_OUTER_BOUND('',#815,.T.);
#482=FACE_OUTER_BOUND('',#816,.T.);
#483=FACE_OUTER_BOUND('',#817,.T.);
#484=FACE_OUTER_BOUND('',#818,.T.);
#485=FACE_OUTER_BOUND('',#821,.T.);
#486=FACE_OUTER_BOUND('',#822,.T.);
#487=FACE_OUTER_BOUND('',#824,.T.);
#488=FACE_OUTER_BOUND('',#825,.T.);
#489=FACE_OUTER_BOUND('',#827,.T.);
#490=FACE_OUTER_BOUND('',#828,.T.);
#491=FACE_OUTER_BOUND('',#829,.T.);
#492=FACE_OUTER_BOUND('',#830,.T.);
#493=FACE_OUTER_BOUND('',#831,.T.);
#494=FACE_OUTER_BOUND('',#832,.T.);
#495=FACE_OUTER_BOUND('',#833,.T.);
#496=FACE_OUTER_BOUND('',#834,.T.);
#497=FACE_OUTER_BOUND('',#835,.T.);
#498=FACE_OUTER_BOUND('',#836,.T.);
#499=FACE_OUTER_BOUND('',#837,.T.);
#500=FACE_OUTER_BOUND('',#838,.T.);
#501=FACE_OUTER_BOUND('',#839,.T.);
#502=FACE_OUTER_BOUND('',#840,.T.);
#503=FACE_OUTER_BOUND('',#841,.T.);
#504=FACE_OUTER_BOUND('',#842,.T.);
#505=FACE_OUTER_BOUND('',#843,.T.);
#506=FACE_OUTER_BOUND('',#845,.T.);
#507=FACE_OUTER_BOUND('',#848,.T.);
#508=FACE_OUTER_BOUND('',#849,.T.);
#509=FACE_OUTER_BOUND('',#850,.T.);
#510=FACE_OUTER_BOUND('',#851,.T.);
#511=EDGE_LOOP('',(#3477,#3478,#3479,#3480));
#512=EDGE_LOOP('',(#3481,#3482,#3483,#3484,#3485,#3486,#3487,#3488,#3489,
#3490,#3491,#3492,#3493,#3494));
#513=EDGE_LOOP('',(#3495,#3496,#3497,#3498));
#514=EDGE_LOOP('',(#3499,#3500,#3501,#3502));
#515=EDGE_LOOP('',(#3503,#3504,#3505,#3506));
#516=EDGE_LOOP('',(#3507,#3508,#3509,#3510));
#517=EDGE_LOOP('',(#3511,#3512,#3513,#3514));
#518=EDGE_LOOP('',(#3515,#3516,#3517,#3518));
#519=EDGE_LOOP('',(#3519,#3520,#3521,#3522));
#520=EDGE_LOOP('',(#3523,#3524,#3525,#3526));
#521=EDGE_LOOP('',(#3527,#3528,#3529,#3530));
#522=EDGE_LOOP('',(#3531,#3532,#3533,#3534,#3535,#3536,#3537,#3538,#3539,
#3540,#3541,#3542,#3543,#3544));
#523=EDGE_LOOP('',(#3545,#3546,#3547,#3548));
#524=EDGE_LOOP('',(#3549,#3550,#3551,#3552));
#525=EDGE_LOOP('',(#3553,#3554,#3555,#3556));
#526=EDGE_LOOP('',(#3557,#3558,#3559,#3560));
#527=EDGE_LOOP('',(#3561,#3562,#3563,#3564,#3565,#3566,#3567,#3568,#3569,
#3570,#3571,#3572,#3573,#3574,#3575,#3576,#3577,#3578,#3579,#3580,#3581,
#3582,#3583,#3584,#3585,#3586));
#528=EDGE_LOOP('',(#3587));
#529=EDGE_LOOP('',(#3588,#3589,#3590,#3591));
#530=EDGE_LOOP('',(#3592,#3593,#3594,#3595,#3596,#3597,#3598,#3599,#3600,
#3601,#3602,#3603,#3604,#3605,#3606,#3607,#3608,#3609,#3610,#3611,#3612,
#3613,#3614,#3615,#3616,#3617,#3618,#3619,#3620,#3621,#3622,#3623,#3624,
#3625,#3626,#3627,#3628,#3629,#3630,#3631));
#531=EDGE_LOOP('',(#3632,#3633,#3634,#3635,#3636,#3637,#3638,#3639,#3640,
#3641,#3642,#3643,#3644,#3645));
#532=EDGE_LOOP('',(#3646,#3647));
#533=EDGE_LOOP('',(#3648,#3649));
#534=EDGE_LOOP('',(#3650,#3651));
#535=EDGE_LOOP('',(#3652,#3653));
#536=EDGE_LOOP('',(#3654,#3655));
#537=EDGE_LOOP('',(#3656,#3657));
#538=EDGE_LOOP('',(#3658,#3659,#3660,#3661,#3662,#3663,#3664,#3665));
#539=EDGE_LOOP('',(#3666,#3667));
#540=EDGE_LOOP('',(#3668,#3669));
#541=EDGE_LOOP('',(#3670,#3671,#3672,#3673));
#542=EDGE_LOOP('',(#3674,#3675,#3676,#3677,#3678,#3679,#3680,#3681));
#543=EDGE_LOOP('',(#3682,#3683,#3684,#3685));
#544=EDGE_LOOP('',(#3686,#3687,#3688,#3689));
#545=EDGE_LOOP('',(#3690,#3691,#3692,#3693));
#546=EDGE_LOOP('',(#3694,#3695,#3696,#3697));
#547=EDGE_LOOP('',(#3698,#3699,#3700,#3701,#3702,#3703));
#548=EDGE_LOOP('',(#3704,#3705,#3706,#3707,#3708,#3709,#3710,#3711,#3712,
#3713,#3714,#3715,#3716,#3717,#3718,#3719,#3720,#3721,#3722,#3723,#3724,
#3725,#3726,#3727,#3728,#3729,#3730,#3731,#3732,#3733,#3734,#3735,#3736,
#3737,#3738,#3739,#3740,#3741,#3742,#3743));
#549=EDGE_LOOP('',(#3744,#3745,#3746,#3747,#3748,#3749,#3750,#3751,#3752,
#3753,#3754,#3755,#3756,#3757,#3758,#3759,#3760,#3761,#3762,#3763,#3764,
#3765,#3766,#3767,#3768,#3769,#3770,#3771,#3772,#3773,#3774,#3775,#3776,
#3777,#3778,#3779,#3780,#3781,#3782,#3783));
#550=EDGE_LOOP('',(#3784,#3785));
#551=EDGE_LOOP('',(#3786,#3787));
#552=EDGE_LOOP('',(#3788));
#553=EDGE_LOOP('',(#3789));
#554=EDGE_LOOP('',(#3790));
#555=EDGE_LOOP('',(#3791));
#556=EDGE_LOOP('',(#3792,#3793,#3794,#3795,#3796,#3797,#3798,#3799,#3800,
#3801,#3802,#3803,#3804,#3805,#3806,#3807));
#557=EDGE_LOOP('',(#3808,#3809,#3810,#3811,#3812,#3813));
#558=EDGE_LOOP('',(#3814,#3815,#3816,#3817));
#559=EDGE_LOOP('',(#3818,#3819,#3820,#3821));
#560=EDGE_LOOP('',(#3822,#3823,#3824,#3825));
#561=EDGE_LOOP('',(#3826,#3827,#3828,#3829,#3830));
#562=EDGE_LOOP('',(#3831,#3832,#3833,#3834,#3835,#3836,#3837,#3838,#3839,
#3840,#3841,#3842,#3843,#3844,#3845,#3846,#3847,#3848,#3849,#3850,#3851,
#3852,#3853,#3854,#3855,#3856,#3857,#3858,#3859,#3860,#3861,#3862,#3863,
#3864,#3865,#3866,#3867,#3868,#3869,#3870,#3871,#3872));
#563=EDGE_LOOP('',(#3873,#3874,#3875,#3876,#3877,#3878,#3879,#3880,#3881,
#3882,#3883,#3884,#3885,#3886,#3887,#3888,#3889,#3890,#3891,#3892));
#564=EDGE_LOOP('',(#3893,#3894));
#565=EDGE_LOOP('',(#3895,#3896));
#566=EDGE_LOOP('',(#3897,#3898));
#567=EDGE_LOOP('',(#3899,#3900));
#568=EDGE_LOOP('',(#3901,#3902));
#569=EDGE_LOOP('',(#3903,#3904,#3905,#3906));
#570=EDGE_LOOP('',(#3907,#3908,#3909,#3910,#3911,#3912));
#571=EDGE_LOOP('',(#3913,#3914,#3915,#3916,#3917,#3918));
#572=EDGE_LOOP('',(#3919,#3920,#3921,#3922,#3923,#3924));
#573=EDGE_LOOP('',(#3925,#3926,#3927,#3928,#3929,#3930));
#574=EDGE_LOOP('',(#3931,#3932,#3933,#3934,#3935,#3936));
#575=EDGE_LOOP('',(#3937,#3938,#3939,#3940,#3941,#3942));
#576=EDGE_LOOP('',(#3943,#3944,#3945,#3946,#3947));
#577=EDGE_LOOP('',(#3948,#3949,#3950,#3951));
#578=EDGE_LOOP('',(#3952,#3953,#3954,#3955));
#579=EDGE_LOOP('',(#3956,#3957,#3958,#3959));
#580=EDGE_LOOP('',(#3960));
#581=EDGE_LOOP('',(#3961));
#582=EDGE_LOOP('',(#3962));
#583=EDGE_LOOP('',(#3963,#3964,#3965,#3966));
#584=EDGE_LOOP('',(#3967,#3968,#3969,#3970));
#585=EDGE_LOOP('',(#3971,#3972,#3973,#3974));
#586=EDGE_LOOP('',(#3975,#3976,#3977,#3978));
#587=EDGE_LOOP('',(#3979,#3980,#3981,#3982));
#588=EDGE_LOOP('',(#3983,#3984,#3985,#3986));
#589=EDGE_LOOP('',(#3987,#3988,#3989,#3990));
#590=EDGE_LOOP('',(#3991,#3992,#3993,#3994));
#591=EDGE_LOOP('',(#3995,#3996,#3997,#3998));
#592=EDGE_LOOP('',(#3999,#4000,#4001,#4002));
#593=EDGE_LOOP('',(#4003,#4004,#4005,#4006));
#594=EDGE_LOOP('',(#4007,#4008,#4009,#4010));
#595=EDGE_LOOP('',(#4011,#4012,#4013,#4014));
#596=EDGE_LOOP('',(#4015,#4016,#4017,#4018));
#597=EDGE_LOOP('',(#4019));
#598=EDGE_LOOP('',(#4020));
#599=EDGE_LOOP('',(#4021,#4022,#4023,#4024));
#600=EDGE_LOOP('',(#4025,#4026,#4027,#4028));
#601=EDGE_LOOP('',(#4029,#4030,#4031,#4032));
#602=EDGE_LOOP('',(#4033,#4034,#4035,#4036));
#603=EDGE_LOOP('',(#4037,#4038,#4039,#4040));
#604=EDGE_LOOP('',(#4041,#4042,#4043,#4044));
#605=EDGE_LOOP('',(#4045,#4046,#4047,#4048));
#606=EDGE_LOOP('',(#4049,#4050,#4051,#4052));
#607=EDGE_LOOP('',(#4053,#4054,#4055,#4056));
#608=EDGE_LOOP('',(#4057,#4058,#4059,#4060));
#609=EDGE_LOOP('',(#4061,#4062,#4063,#4064));
#610=EDGE_LOOP('',(#4065,#4066,#4067,#4068));
#611=EDGE_LOOP('',(#4069,#4070,#4071,#4072));
#612=EDGE_LOOP('',(#4073,#4074,#4075,#4076));
#613=EDGE_LOOP('',(#4077,#4078,#4079,#4080));
#614=EDGE_LOOP('',(#4081,#4082,#4083,#4084));
#615=EDGE_LOOP('',(#4085,#4086,#4087,#4088));
#616=EDGE_LOOP('',(#4089,#4090,#4091,#4092));
#617=EDGE_LOOP('',(#4093,#4094,#4095,#4096));
#618=EDGE_LOOP('',(#4097,#4098,#4099,#4100,#4101,#4102));
#619=EDGE_LOOP('',(#4103));
#620=EDGE_LOOP('',(#4104,#4105,#4106,#4107));
#621=EDGE_LOOP('',(#4108,#4109,#4110,#4111));
#622=EDGE_LOOP('',(#4112,#4113,#4114,#4115,#4116,#4117));
#623=EDGE_LOOP('',(#4118));
#624=EDGE_LOOP('',(#4119,#4120,#4121,#4122,#4123,#4124));
#625=EDGE_LOOP('',(#4125,#4126));
#626=EDGE_LOOP('',(#4127,#4128,#4129,#4130));
#627=EDGE_LOOP('',(#4131,#4132,#4133,#4134));
#628=EDGE_LOOP('',(#4135,#4136,#4137,#4138));
#629=EDGE_LOOP('',(#4139,#4140,#4141,#4142));
#630=EDGE_LOOP('',(#4143,#4144,#4145,#4146));
#631=EDGE_LOOP('',(#4147,#4148,#4149,#4150));
#632=EDGE_LOOP('',(#4151,#4152,#4153,#4154));
#633=EDGE_LOOP('',(#4155,#4156,#4157,#4158));
#634=EDGE_LOOP('',(#4159,#4160,#4161,#4162));
#635=EDGE_LOOP('',(#4163,#4164,#4165,#4166));
#636=EDGE_LOOP('',(#4167,#4168,#4169,#4170));
#637=EDGE_LOOP('',(#4171,#4172,#4173,#4174));
#638=EDGE_LOOP('',(#4175,#4176,#4177,#4178));
#639=EDGE_LOOP('',(#4179,#4180,#4181,#4182));
#640=EDGE_LOOP('',(#4183,#4184,#4185,#4186));
#641=EDGE_LOOP('',(#4187,#4188,#4189,#4190));
#642=EDGE_LOOP('',(#4191,#4192,#4193,#4194));
#643=EDGE_LOOP('',(#4195,#4196,#4197,#4198));
#644=EDGE_LOOP('',(#4199,#4200,#4201,#4202));
#645=EDGE_LOOP('',(#4203,#4204,#4205,#4206));
#646=EDGE_LOOP('',(#4207,#4208,#4209,#4210));
#647=EDGE_LOOP('',(#4211,#4212,#4213,#4214));
#648=EDGE_LOOP('',(#4215,#4216,#4217,#4218));
#649=EDGE_LOOP('',(#4219,#4220,#4221,#4222));
#650=EDGE_LOOP('',(#4223,#4224,#4225,#4226));
#651=EDGE_LOOP('',(#4227,#4228,#4229,#4230));
#652=EDGE_LOOP('',(#4231,#4232,#4233,#4234));
#653=EDGE_LOOP('',(#4235,#4236,#4237,#4238));
#654=EDGE_LOOP('',(#4239,#4240,#4241,#4242));
#655=EDGE_LOOP('',(#4243,#4244,#4245,#4246));
#656=EDGE_LOOP('',(#4247,#4248,#4249,#4250));
#657=EDGE_LOOP('',(#4251,#4252,#4253,#4254));
#658=EDGE_LOOP('',(#4255,#4256,#4257,#4258));
#659=EDGE_LOOP('',(#4259,#4260,#4261,#4262));
#660=EDGE_LOOP('',(#4263,#4264,#4265,#4266));
#661=EDGE_LOOP('',(#4267,#4268,#4269,#4270));
#662=EDGE_LOOP('',(#4271,#4272,#4273,#4274));
#663=EDGE_LOOP('',(#4275,#4276,#4277,#4278));
#664=EDGE_LOOP('',(#4279,#4280,#4281,#4282));
#665=EDGE_LOOP('',(#4283,#4284,#4285,#4286));
#666=EDGE_LOOP('',(#4287,#4288,#4289,#4290));
#667=EDGE_LOOP('',(#4291,#4292,#4293,#4294));
#668=EDGE_LOOP('',(#4295,#4296,#4297,#4298));
#669=EDGE_LOOP('',(#4299,#4300,#4301,#4302));
#670=EDGE_LOOP('',(#4303,#4304,#4305,#4306));
#671=EDGE_LOOP('',(#4307,#4308,#4309,#4310));
#672=EDGE_LOOP('',(#4311,#4312,#4313,#4314));
#673=EDGE_LOOP('',(#4315,#4316,#4317,#4318));
#674=EDGE_LOOP('',(#4319,#4320,#4321,#4322));
#675=EDGE_LOOP('',(#4323,#4324,#4325,#4326));
#676=EDGE_LOOP('',(#4327,#4328,#4329,#4330));
#677=EDGE_LOOP('',(#4331,#4332,#4333,#4334));
#678=EDGE_LOOP('',(#4335,#4336,#4337,#4338));
#679=EDGE_LOOP('',(#4339,#4340,#4341,#4342));
#680=EDGE_LOOP('',(#4343,#4344,#4345,#4346,#4347,#4348,#4349));
#681=EDGE_LOOP('',(#4350,#4351,#4352,#4353,#4354,#4355,#4356));
#682=EDGE_LOOP('',(#4357,#4358,#4359,#4360,#4361,#4362,#4363));
#683=EDGE_LOOP('',(#4364,#4365,#4366,#4367));
#684=EDGE_LOOP('',(#4368,#4369,#4370,#4371,#4372,#4373,#4374,#4375));
#685=EDGE_LOOP('',(#4376,#4377,#4378,#4379,#4380,#4381,#4382,#4383));
#686=EDGE_LOOP('',(#4384,#4385,#4386,#4387));
#687=EDGE_LOOP('',(#4388,#4389,#4390,#4391));
#688=EDGE_LOOP('',(#4392,#4393,#4394,#4395,#4396,#4397));
#689=EDGE_LOOP('',(#4398,#4399,#4400,#4401));
#690=EDGE_LOOP('',(#4402,#4403,#4404,#4405));
#691=EDGE_LOOP('',(#4406,#4407,#4408,#4409));
#692=EDGE_LOOP('',(#4410,#4411,#4412,#4413));
#693=EDGE_LOOP('',(#4414,#4415,#4416,#4417));
#694=EDGE_LOOP('',(#4418,#4419,#4420,#4421,#4422,#4423));
#695=EDGE_LOOP('',(#4424,#4425,#4426,#4427,#4428,#4429,#4430));
#696=EDGE_LOOP('',(#4431));
#697=EDGE_LOOP('',(#4432));
#698=EDGE_LOOP('',(#4433,#4434,#4435,#4436));
#699=EDGE_LOOP('',(#4437,#4438,#4439,#4440,#4441,#4442));
#700=EDGE_LOOP('',(#4443,#4444));
#701=EDGE_LOOP('',(#4445));
#702=EDGE_LOOP('',(#4446,#4447,#4448,#4449));
#703=EDGE_LOOP('',(#4450,#4451,#4452,#4453,#4454,#4455));
#704=EDGE_LOOP('',(#4456,#4457));
#705=EDGE_LOOP('',(#4458));
#706=EDGE_LOOP('',(#4459,#4460,#4461,#4462,#4463));
#707=EDGE_LOOP('',(#4464,#4465,#4466,#4467,#4468));
#708=EDGE_LOOP('',(#4469));
#709=EDGE_LOOP('',(#4470));
#710=EDGE_LOOP('',(#4471));
#711=EDGE_LOOP('',(#4472));
#712=EDGE_LOOP('',(#4473,#4474,#4475,#4476));
#713=EDGE_LOOP('',(#4477,#4478,#4479,#4480,#4481,#4482));
#714=EDGE_LOOP('',(#4483,#4484));
#715=EDGE_LOOP('',(#4485));
#716=EDGE_LOOP('',(#4486,#4487,#4488,#4489));
#717=EDGE_LOOP('',(#4490,#4491,#4492,#4493,#4494,#4495));
#718=EDGE_LOOP('',(#4496,#4497));
#719=EDGE_LOOP('',(#4498));
#720=EDGE_LOOP('',(#4499,#4500,#4501,#4502));
#721=EDGE_LOOP('',(#4503,#4504,#4505,#4506,#4507,#4508));
#722=EDGE_LOOP('',(#4509,#4510));
#723=EDGE_LOOP('',(#4511));
#724=EDGE_LOOP('',(#4512,#4513,#4514,#4515));
#725=EDGE_LOOP('',(#4516,#4517,#4518,#4519,#4520,#4521));
#726=EDGE_LOOP('',(#4522,#4523));
#727=EDGE_LOOP('',(#4524));
#728=EDGE_LOOP('',(#4525,#4526,#4527,#4528,#4529));
#729=EDGE_LOOP('',(#4530,#4531,#4532,#4533,#4534));
#730=EDGE_LOOP('',(#4535,#4536,#4537,#4538));
#731=EDGE_LOOP('',(#4539,#4540,#4541,#4542,#4543));
#732=EDGE_LOOP('',(#4544,#4545,#4546,#4547));
#733=EDGE_LOOP('',(#4548,#4549,#4550,#4551,#4552));
#734=EDGE_LOOP('',(#4553,#4554,#4555,#4556));
#735=EDGE_LOOP('',(#4557,#4558,#4559,#4560,#4561));
#736=EDGE_LOOP('',(#4562,#4563,#4564,#4565));
#737=EDGE_LOOP('',(#4566,#4567,#4568,#4569,#4570,#4571));
#738=EDGE_LOOP('',(#4572,#4573,#4574,#4575,#4576,#4577));
#739=EDGE_LOOP('',(#4578,#4579,#4580,#4581,#4582,#4583));
#740=EDGE_LOOP('',(#4584,#4585,#4586,#4587,#4588,#4589));
#741=EDGE_LOOP('',(#4590,#4591,#4592,#4593));
#742=EDGE_LOOP('',(#4594,#4595,#4596,#4597));
#743=EDGE_LOOP('',(#4598,#4599,#4600,#4601));
#744=EDGE_LOOP('',(#4602,#4603,#4604,#4605));
#745=EDGE_LOOP('',(#4606,#4607,#4608,#4609));
#746=EDGE_LOOP('',(#4610,#4611,#4612,#4613));
#747=EDGE_LOOP('',(#4614,#4615,#4616,#4617));
#748=EDGE_LOOP('',(#4618,#4619,#4620,#4621));
#749=EDGE_LOOP('',(#4622,#4623,#4624,#4625,#4626,#4627,#4628,#4629));
#750=EDGE_LOOP('',(#4630,#4631,#4632,#4633));
#751=EDGE_LOOP('',(#4634,#4635,#4636,#4637,#4638,#4639,#4640,#4641,#4642,
#4643,#4644,#4645,#4646,#4647,#4648,#4649));
#752=EDGE_LOOP('',(#4650,#4651,#4652,#4653));
#753=EDGE_LOOP('',(#4654,#4655,#4656,#4657));
#754=EDGE_LOOP('',(#4658,#4659,#4660,#4661));
#755=EDGE_LOOP('',(#4662,#4663,#4664,#4665));
#756=EDGE_LOOP('',(#4666,#4667,#4668,#4669));
#757=EDGE_LOOP('',(#4670,#4671,#4672,#4673));
#758=EDGE_LOOP('',(#4674,#4675,#4676,#4677));
#759=EDGE_LOOP('',(#4678,#4679,#4680,#4681));
#760=EDGE_LOOP('',(#4682,#4683,#4684,#4685));
#761=EDGE_LOOP('',(#4686,#4687,#4688,#4689));
#762=EDGE_LOOP('',(#4690,#4691,#4692,#4693));
#763=EDGE_LOOP('',(#4694,#4695,#4696,#4697));
#764=EDGE_LOOP('',(#4698,#4699,#4700,#4701));
#765=EDGE_LOOP('',(#4702,#4703,#4704,#4705));
#766=EDGE_LOOP('',(#4706,#4707,#4708,#4709));
#767=EDGE_LOOP('',(#4710,#4711,#4712,#4713));
#768=EDGE_LOOP('',(#4714,#4715,#4716,#4717));
#769=EDGE_LOOP('',(#4718,#4719,#4720,#4721));
#770=EDGE_LOOP('',(#4722,#4723,#4724,#4725));
#771=EDGE_LOOP('',(#4726,#4727,#4728,#4729));
#772=EDGE_LOOP('',(#4730,#4731,#4732,#4733));
#773=EDGE_LOOP('',(#4734,#4735,#4736,#4737));
#774=EDGE_LOOP('',(#4738,#4739,#4740,#4741));
#775=EDGE_LOOP('',(#4742,#4743,#4744,#4745));
#776=EDGE_LOOP('',(#4746,#4747,#4748,#4749));
#777=EDGE_LOOP('',(#4750,#4751,#4752,#4753));
#778=EDGE_LOOP('',(#4754,#4755,#4756,#4757));
#779=EDGE_LOOP('',(#4758,#4759,#4760,#4761));
#780=EDGE_LOOP('',(#4762,#4763,#4764,#4765));
#781=EDGE_LOOP('',(#4766,#4767,#4768,#4769));
#782=EDGE_LOOP('',(#4770,#4771,#4772,#4773));
#783=EDGE_LOOP('',(#4774,#4775,#4776,#4777));
#784=EDGE_LOOP('',(#4778,#4779,#4780,#4781));
#785=EDGE_LOOP('',(#4782,#4783,#4784,#4785));
#786=EDGE_LOOP('',(#4786,#4787,#4788,#4789));
#787=EDGE_LOOP('',(#4790,#4791,#4792,#4793));
#788=EDGE_LOOP('',(#4794,#4795,#4796,#4797));
#789=EDGE_LOOP('',(#4798,#4799,#4800,#4801));
#790=EDGE_LOOP('',(#4802,#4803,#4804,#4805));
#791=EDGE_LOOP('',(#4806,#4807,#4808,#4809));
#792=EDGE_LOOP('',(#4810,#4811,#4812,#4813));
#793=EDGE_LOOP('',(#4814,#4815,#4816,#4817));
#794=EDGE_LOOP('',(#4818,#4819,#4820,#4821));
#795=EDGE_LOOP('',(#4822,#4823,#4824,#4825));
#796=EDGE_LOOP('',(#4826,#4827,#4828,#4829));
#797=EDGE_LOOP('',(#4830,#4831,#4832,#4833));
#798=EDGE_LOOP('',(#4834,#4835,#4836,#4837));
#799=EDGE_LOOP('',(#4838,#4839,#4840,#4841));
#800=EDGE_LOOP('',(#4842,#4843,#4844,#4845));
#801=EDGE_LOOP('',(#4846,#4847,#4848,#4849));
#802=EDGE_LOOP('',(#4850,#4851,#4852,#4853));
#803=EDGE_LOOP('',(#4854,#4855,#4856,#4857));
#804=EDGE_LOOP('',(#4858,#4859,#4860,#4861));
#805=EDGE_LOOP('',(#4862,#4863,#4864,#4865));
#806=EDGE_LOOP('',(#4866,#4867,#4868,#4869));
#807=EDGE_LOOP('',(#4870,#4871,#4872,#4873));
#808=EDGE_LOOP('',(#4874,#4875,#4876,#4877));
#809=EDGE_LOOP('',(#4878,#4879,#4880,#4881));
#810=EDGE_LOOP('',(#4882,#4883,#4884,#4885));
#811=EDGE_LOOP('',(#4886,#4887,#4888,#4889));
#812=EDGE_LOOP('',(#4890,#4891,#4892,#4893));
#813=EDGE_LOOP('',(#4894,#4895,#4896,#4897));
#814=EDGE_LOOP('',(#4898,#4899,#4900,#4901));
#815=EDGE_LOOP('',(#4902,#4903,#4904,#4905));
#816=EDGE_LOOP('',(#4906,#4907,#4908,#4909));
#817=EDGE_LOOP('',(#4910,#4911,#4912,#4913));
#818=EDGE_LOOP('',(#4914,#4915,#4916,#4917));
#819=EDGE_LOOP('',(#4918,#4919,#4920,#4921));
#820=EDGE_LOOP('',(#4922,#4923));
#821=EDGE_LOOP('',(#4924,#4925,#4926,#4927));
#822=EDGE_LOOP('',(#4928,#4929,#4930,#4931));
#823=EDGE_LOOP('',(#4932,#4933,#4934,#4935));
#824=EDGE_LOOP('',(#4936,#4937,#4938,#4939));
#825=EDGE_LOOP('',(#4940,#4941,#4942,#4943,#4944,#4945,#4946,#4947,#4948,
#4949,#4950,#4951,#4952,#4953,#4954,#4955,#4956,#4957,#4958,#4959,#4960,
#4961,#4962,#4963,#4964,#4965,#4966,#4967,#4968,#4969,#4970,#4971,#4972,
#4973,#4974,#4975,#4976,#4977,#4978,#4979));
#826=EDGE_LOOP('',(#4980,#4981,#4982,#4983,#4984,#4985,#4986,#4987,#4988,
#4989,#4990,#4991,#4992,#4993,#4994,#4995,#4996,#4997,#4998,#4999,#5000,
#5001,#5002,#5003,#5004,#5005,#5006,#5007,#5008,#5009,#5010,#5011,#5012,
#5013,#5014,#5015,#5016,#5017,#5018,#5019));
#827=EDGE_LOOP('',(#5020,#5021,#5022,#5023));
#828=EDGE_LOOP('',(#5024,#5025,#5026,#5027));
#829=EDGE_LOOP('',(#5028,#5029,#5030,#5031));
#830=EDGE_LOOP('',(#5032,#5033,#5034,#5035));
#831=EDGE_LOOP('',(#5036,#5037,#5038,#5039));
#832=EDGE_LOOP('',(#5040,#5041,#5042,#5043));
#833=EDGE_LOOP('',(#5044,#5045,#5046,#5047));
#834=EDGE_LOOP('',(#5048,#5049,#5050,#5051));
#835=EDGE_LOOP('',(#5052,#5053,#5054,#5055));
#836=EDGE_LOOP('',(#5056,#5057,#5058,#5059));
#837=EDGE_LOOP('',(#5060,#5061,#5062,#5063));
#838=EDGE_LOOP('',(#5064,#5065,#5066,#5067));
#839=EDGE_LOOP('',(#5068,#5069,#5070,#5071));
#840=EDGE_LOOP('',(#5072,#5073,#5074,#5075));
#841=EDGE_LOOP('',(#5076,#5077,#5078,#5079));
#842=EDGE_LOOP('',(#5080,#5081,#5082,#5083));
#843=EDGE_LOOP('',(#5084,#5085,#5086,#5087));
#844=EDGE_LOOP('',(#5088,#5089,#5090,#5091));
#845=EDGE_LOOP('',(#5092,#5093,#5094,#5095));
#846=EDGE_LOOP('',(#5096,#5097));
#847=EDGE_LOOP('',(#5098,#5099));
#848=EDGE_LOOP('',(#5100,#5101,#5102,#5103));
#849=EDGE_LOOP('',(#5104,#5105,#5106,#5107));
#850=EDGE_LOOP('',(#5108,#5109,#5110,#5111));
#851=EDGE_LOOP('',(#5112));
#852=LINE('',#8026,#1304);
#853=LINE('',#8029,#1305);
#854=LINE('',#8032,#1306);
#855=LINE('',#8036,#1307);
#856=LINE('',#8040,#1308);
#857=LINE('',#8044,#1309);
#858=LINE('',#8046,#1310);
#859=LINE('',#8048,#1311);
#860=LINE('',#8050,#1312);
#861=LINE('',#8052,#1313);
#862=LINE('',#8054,#1314);
#863=LINE('',#8055,#1315);
#864=LINE('',#8058,#1316);
#865=LINE('',#8059,#1317);
#866=LINE('',#8063,#1318);
#867=LINE('',#8066,#1319);
#868=LINE('',#8069,#1320);
#869=LINE('',#8072,#1321);
#870=LINE('',#8073,#1322);
#871=LINE('',#8077,#1323);
#872=LINE('',#8083,#1324);
#873=LINE('',#8086,#1325);
#874=LINE('',#8089,#1326);
#875=LINE('',#8091,#1327);
#876=LINE('',#8092,#1328);
#877=LINE('',#8097,#1329);
#878=LINE('',#8101,#1330);
#879=LINE('',#8103,#1331);
#880=LINE('',#8104,#1332);
#881=LINE('',#8107,#1333);
#882=LINE('',#8109,#1334);
#883=LINE('',#8111,#1335);
#884=LINE('',#8113,#1336);
#885=LINE('',#8115,#1337);
#886=LINE('',#8117,#1338);
#887=LINE('',#8118,#1339);
#888=LINE('',#8119,#1340);
#889=LINE('',#8126,#1341);
#890=LINE('',#8129,#1342);
#891=LINE('',#8132,#1343);
#892=LINE('',#8134,#1344);
#893=LINE('',#8135,#1345);
#894=LINE('',#8141,#1346);
#895=LINE('',#8144,#1347);
#896=LINE('',#8147,#1348);
#897=LINE('',#8149,#1349);
#898=LINE('',#8151,#1350);
#899=LINE('',#8155,#1351);
#900=LINE('',#8157,#1352);
#901=LINE('',#8158,#1353);
#902=LINE('',#8160,#1354);
#903=LINE('',#8164,#1355);
#904=LINE('',#8166,#1356);
#905=LINE('',#8168,#1357);
#906=LINE('',#8171,#1358);
#907=LINE('',#8175,#1359);
#908=LINE('',#8177,#1360);
#909=LINE('',#8179,#1361);
#910=LINE('',#8185,#1362);
#911=LINE('',#8186,#1363);
#912=LINE('',#8190,#1364);
#913=LINE('',#8194,#1365);
#914=LINE('',#8198,#1366);
#915=LINE('',#8206,#1367);
#916=LINE('',#8214,#1368);
#917=LINE('',#8222,#1369);
#918=LINE('',#8230,#1370);
#919=LINE('',#8234,#1371);
#920=LINE('',#8238,#1372);
#921=LINE('',#8246,#1373);
#922=LINE('',#8254,#1374);
#923=LINE('',#8262,#1375);
#924=LINE('',#8271,#1376);
#925=LINE('',#8274,#1377);
#926=LINE('',#8276,#1378);
#927=LINE('',#8278,#1379);
#928=LINE('',#8282,#1380);
#929=LINE('',#8284,#1381);
#930=LINE('',#8285,#1382);
#931=LINE('',#8312,#1383);
#932=LINE('',#8316,#1384);
#933=LINE('',#8327,#1385);
#934=LINE('',#8330,#1386);
#935=LINE('',#8332,#1387);
#936=LINE('',#8334,#1388);
#937=LINE('',#8336,#1389);
#938=LINE('',#8337,#1390);
#939=LINE('',#8341,#1391);
#940=LINE('',#8343,#1392);
#941=LINE('',#8345,#1393);
#942=LINE('',#8346,#1394);
#943=LINE('',#8354,#1395);
#944=LINE('',#8358,#1396);
#945=LINE('',#8360,#1397);
#946=LINE('',#8361,#1398);
#947=LINE('',#8364,#1399);
#948=LINE('',#8366,#1400);
#949=LINE('',#8367,#1401);
#950=LINE('',#8373,#1402);
#951=LINE('',#8381,#1403);
#952=LINE('',#8389,#1404);
#953=LINE('',#8393,#1405);
#954=LINE('',#8397,#1406);
#955=LINE('',#8405,#1407);
#956=LINE('',#8413,#1408);
#957=LINE('',#8421,#1409);
#958=LINE('',#8429,#1410);
#959=LINE('',#8433,#1411);
#960=LINE('',#8437,#1412);
#961=LINE('',#8445,#1413);
#962=LINE('',#8450,#1414);
#963=LINE('',#8456,#1415);
#964=LINE('',#8460,#1416);
#965=LINE('',#8464,#1417);
#966=LINE('',#8468,#1418);
#967=LINE('',#8470,#1419);
#968=LINE('',#8474,#1420);
#969=LINE('',#8476,#1421);
#970=LINE('',#8478,#1422);
#971=LINE('',#8482,#1423);
#972=LINE('',#8484,#1424);
#973=LINE('',#8488,#1425);
#974=LINE('',#8492,#1426);
#975=LINE('',#8496,#1427);
#976=LINE('',#8503,#1428);
#977=LINE('',#8505,#1429);
#978=LINE('',#8509,#1430);
#979=LINE('',#8511,#1431);
#980=LINE('',#8513,#1432);
#981=LINE('',#8517,#1433);
#982=LINE('',#8519,#1434);
#983=LINE('',#8539,#1435);
#984=LINE('',#8541,#1436);
#985=LINE('',#8545,#1437);
#986=LINE('',#8549,#1438);
#987=LINE('',#8551,#1439);
#988=LINE('',#8553,#1440);
#989=LINE('',#8557,#1441);
#990=LINE('',#8561,#1442);
#991=LINE('',#8562,#1443);
#992=LINE('',#8565,#1444);
#993=LINE('',#8566,#1445);
#994=LINE('',#8569,#1446);
#995=LINE('',#8570,#1447);
#996=LINE('',#8573,#1448);
#997=LINE('',#8574,#1449);
#998=LINE('',#8578,#1450);
#999=LINE('',#8581,#1451);
#1000=LINE('',#8585,#1452);
#1001=LINE('',#8589,#1453);
#1002=LINE('',#8592,#1454);
#1003=LINE('',#8594,#1455);
#1004=LINE('',#8598,#1456);
#1005=LINE('',#8601,#1457);
#1006=LINE('',#8607,#1458);
#1007=LINE('',#8611,#1459);
#1008=LINE('',#8615,#1460);
#1009=LINE('',#8619,#1461);
#1010=LINE('',#8621,#1462);
#1011=LINE('',#8625,#1463);
#1012=LINE('',#8627,#1464);
#1013=LINE('',#8629,#1465);
#1014=LINE('',#8633,#1466);
#1015=LINE('',#8635,#1467);
#1016=LINE('',#8639,#1468);
#1017=LINE('',#8643,#1469);
#1018=LINE('',#8647,#1470);
#1019=LINE('',#8651,#1471);
#1020=LINE('',#8653,#1472);
#1021=LINE('',#8657,#1473);
#1022=LINE('',#8659,#1474);
#1023=LINE('',#8661,#1475);
#1024=LINE('',#8665,#1476);
#1025=LINE('',#8667,#1477);
#1026=LINE('',#8670,#1478);
#1027=LINE('',#8673,#1479);
#1028=LINE('',#8695,#1480);
#1029=LINE('',#8702,#1481);
#1030=LINE('',#8707,#1482);
#1031=LINE('',#8714,#1483);
#1032=LINE('',#8719,#1484);
#1033=LINE('',#8721,#1485);
#1034=LINE('',#8723,#1486);
#1035=LINE('',#8725,#1487);
#1036=LINE('',#8727,#1488);
#1037=LINE('',#8735,#1489);
#1038=LINE('',#8736,#1490);
#1039=LINE('',#8743,#1491);
#1040=LINE('',#8745,#1492);
#1041=LINE('',#8747,#1493);
#1042=LINE('',#8748,#1494);
#1043=LINE('',#8751,#1495);
#1044=LINE('',#8753,#1496);
#1045=LINE('',#8754,#1497);
#1046=LINE('',#8758,#1498);
#1047=LINE('',#8760,#1499);
#1048=LINE('',#8762,#1500);
#1049=LINE('',#8763,#1501);
#1050=LINE('',#8766,#1502);
#1051=LINE('',#8768,#1503);
#1052=LINE('',#8769,#1504);
#1053=LINE('',#8771,#1505);
#1054=LINE('',#8772,#1506);
#1055=LINE('',#8774,#1507);
#1056=LINE('',#8776,#1508);
#1057=LINE('',#8778,#1509);
#1058=LINE('',#8780,#1510);
#1059=LINE('',#8782,#1511);
#1060=LINE('',#8784,#1512);
#1061=LINE('',#8786,#1513);
#1062=LINE('',#8788,#1514);
#1063=LINE('',#8790,#1515);
#1064=LINE('',#8796,#1516);
#1065=LINE('',#8798,#1517);
#1066=LINE('',#8800,#1518);
#1067=LINE('',#8802,#1519);
#1068=LINE('',#8807,#1520);
#1069=LINE('',#8810,#1521);
#1070=LINE('',#8812,#1522);
#1071=LINE('',#8814,#1523);
#1072=LINE('',#8816,#1524);
#1073=LINE('',#8818,#1525);
#1074=LINE('',#8820,#1526);
#1075=LINE('',#8826,#1527);
#1076=LINE('',#8827,#1528);
#1077=LINE('',#8830,#1529);
#1078=LINE('',#8831,#1530);
#1079=LINE('',#8835,#1531);
#1080=LINE('',#8837,#1532);
#1081=LINE('',#8843,#1533);
#1082=LINE('',#8846,#1534);
#1083=LINE('',#8849,#1535);
#1084=LINE('',#8851,#1536);
#1085=LINE('',#8852,#1537);
#1086=LINE('',#8858,#1538);
#1087=LINE('',#8861,#1539);
#1088=LINE('',#8864,#1540);
#1089=LINE('',#8866,#1541);
#1090=LINE('',#8867,#1542);
#1091=LINE('',#8870,#1543);
#1092=LINE('',#8876,#1544);
#1093=LINE('',#8880,#1545);
#1094=LINE('',#8886,#1546);
#1095=LINE('',#8890,#1547);
#1096=LINE('',#8893,#1548);
#1097=LINE('',#8896,#1549);
#1098=LINE('',#8900,#1550);
#1099=LINE('',#8904,#1551);
#1100=LINE('',#8905,#1552);
#1101=LINE('',#8908,#1553);
#1102=LINE('',#8912,#1554);
#1103=LINE('',#8916,#1555);
#1104=LINE('',#8920,#1556);
#1105=LINE('',#8921,#1557);
#1106=LINE('',#8924,#1558);
#1107=LINE('',#8928,#1559);
#1108=LINE('',#8929,#1560);
#1109=LINE('',#8932,#1561);
#1110=LINE('',#8936,#1562);
#1111=LINE('',#8937,#1563);
#1112=LINE('',#8940,#1564);
#1113=LINE('',#8944,#1565);
#1114=LINE('',#8948,#1566);
#1115=LINE('',#8952,#1567);
#1116=LINE('',#8953,#1568);
#1117=LINE('',#8956,#1569);
#1118=LINE('',#8960,#1570);
#1119=LINE('',#8964,#1571);
#1120=LINE('',#8968,#1572);
#1121=LINE('',#8969,#1573);
#1122=LINE('',#8972,#1574);
#1123=LINE('',#8976,#1575);
#1124=LINE('',#8980,#1576);
#1125=LINE('',#8984,#1577);
#1126=LINE('',#8985,#1578);
#1127=LINE('',#8988,#1579);
#1128=LINE('',#8992,#1580);
#1129=LINE('',#8996,#1581);
#1130=LINE('',#9000,#1582);
#1131=LINE('',#9001,#1583);
#1132=LINE('',#9004,#1584);
#1133=LINE('',#9008,#1585);
#1134=LINE('',#9009,#1586);
#1135=LINE('',#9012,#1587);
#1136=LINE('',#9016,#1588);
#1137=LINE('',#9017,#1589);
#1138=LINE('',#9020,#1590);
#1139=LINE('',#9024,#1591);
#1140=LINE('',#9028,#1592);
#1141=LINE('',#9032,#1593);
#1142=LINE('',#9033,#1594);
#1143=LINE('',#9036,#1595);
#1144=LINE('',#9040,#1596);
#1145=LINE('',#9044,#1597);
#1146=LINE('',#9047,#1598);
#1147=LINE('',#9049,#1599);
#1148=LINE('',#9052,#1600);
#1149=LINE('',#9053,#1601);
#1150=LINE('',#9056,#1602);
#1151=LINE('',#9059,#1603);
#1152=LINE('',#9061,#1604);
#1153=LINE('',#9062,#1605);
#1154=LINE('',#9063,#1606);
#1155=LINE('',#9065,#1607);
#1156=LINE('',#9071,#1608);
#1157=LINE('',#9072,#1609);
#1158=LINE('',#9075,#1610);
#1159=LINE('',#9076,#1611);
#1160=LINE('',#9080,#1612);
#1161=LINE('',#9085,#1613);
#1162=LINE('',#9086,#1614);
#1163=LINE('',#9089,#1615);
#1164=LINE('',#9090,#1616);
#1165=LINE('',#9094,#1617);
#1166=LINE('',#9097,#1618);
#1167=LINE('',#9099,#1619);
#1168=LINE('',#9101,#1620);
#1169=LINE('',#9102,#1621);
#1170=LINE('',#9105,#1622);
#1171=LINE('',#9107,#1623);
#1172=LINE('',#9109,#1624);
#1173=LINE('',#9110,#1625);
#1174=LINE('',#9112,#1626);
#1175=LINE('',#9114,#1627);
#1176=LINE('',#9115,#1628);
#1177=LINE('',#9118,#1629);
#1178=LINE('',#9120,#1630);
#1179=LINE('',#9121,#1631);
#1180=LINE('',#9124,#1632);
#1181=LINE('',#9125,#1633);
#1182=LINE('',#9128,#1634);
#1183=LINE('',#9129,#1635);
#1184=LINE('',#9131,#1636);
#1185=LINE('',#9136,#1637);
#1186=LINE('',#9137,#1638);
#1187=LINE('',#9140,#1639);
#1188=LINE('',#9142,#1640);
#1189=LINE('',#9143,#1641);
#1190=LINE('',#9145,#1642);
#1191=LINE('',#9150,#1643);
#1192=LINE('',#9153,#1644);
#1193=LINE('',#9154,#1645);
#1194=LINE('',#9158,#1646);
#1195=LINE('',#9160,#1647);
#1196=LINE('',#9170,#1648);
#1197=LINE('',#9176,#1649);
#1198=LINE('',#9181,#1650);
#1199=LINE('',#9187,#1651);
#1200=LINE('',#9194,#1652);
#1201=LINE('',#9200,#1653);
#1202=LINE('',#9216,#1654);
#1203=LINE('',#9222,#1655);
#1204=LINE('',#9227,#1656);
#1205=LINE('',#9233,#1657);
#1206=LINE('',#9238,#1658);
#1207=LINE('',#9244,#1659);
#1208=LINE('',#9249,#1660);
#1209=LINE('',#9255,#1661);
#1210=LINE('',#9262,#1662);
#1211=LINE('',#9267,#1663);
#1212=LINE('',#9272,#1664);
#1213=LINE('',#9277,#1665);
#1214=LINE('',#9282,#1666);
#1215=LINE('',#9287,#1667);
#1216=LINE('',#9292,#1668);
#1217=LINE('',#9297,#1669);
#1218=LINE('',#9302,#1670);
#1219=LINE('',#9304,#1671);
#1220=LINE('',#9306,#1672);
#1221=LINE('',#9308,#1673);
#1222=LINE('',#9310,#1674);
#1223=LINE('',#9313,#1675);
#1224=LINE('',#9314,#1676);
#1225=LINE('',#9316,#1677);
#1226=LINE('',#9318,#1678);
#1227=LINE('',#9320,#1679);
#1228=LINE('',#9322,#1680);
#1229=LINE('',#9326,#1681);
#1230=LINE('',#9327,#1682);
#1231=LINE('',#9328,#1683);
#1232=LINE('',#9330,#1684);
#1233=LINE('',#9332,#1685);
#1234=LINE('',#9333,#1686);
#1235=LINE('',#9339,#1687);
#1236=LINE('',#9340,#1688);
#1237=LINE('',#9344,#1689);
#1238=LINE('',#9346,#1690);
#1239=LINE('',#9365,#1691);
#1240=LINE('',#9381,#1692);
#1241=LINE('',#9397,#1693);
#1242=LINE('',#9413,#1694);
#1243=LINE('',#9421,#1695);
#1244=LINE('',#9429,#1696);
#1245=LINE('',#9445,#1697);
#1246=LINE('',#9461,#1698);
#1247=LINE('',#9477,#1699);
#1248=LINE('',#9493,#1700);
#1249=LINE('',#9501,#1701);
#1250=LINE('',#9507,#1702);
#1251=LINE('',#9510,#1703);
#1252=LINE('',#9513,#1704);
#1253=LINE('',#9516,#1705);
#1254=LINE('',#9520,#1706);
#1255=LINE('',#9521,#1707);
#1256=LINE('',#9524,#1708);
#1257=LINE('',#9528,#1709);
#1258=LINE('',#9532,#1710);
#1259=LINE('',#9536,#1711);
#1260=LINE('',#9537,#1712);
#1261=LINE('',#9540,#1713);
#1262=LINE('',#9544,#1714);
#1263=LINE('',#9548,#1715);
#1264=LINE('',#9552,#1716);
#1265=LINE('',#9553,#1717);
#1266=LINE('',#9556,#1718);
#1267=LINE('',#9560,#1719);
#1268=LINE('',#9564,#1720);
#1269=LINE('',#9568,#1721);
#1270=LINE('',#9569,#1722);
#1271=LINE('',#9572,#1723);
#1272=LINE('',#9576,#1724);
#1273=LINE('',#9577,#1725);
#1274=LINE('',#9580,#1726);
#1275=LINE('',#9584,#1727);
#1276=LINE('',#9585,#1728);
#1277=LINE('',#9588,#1729);
#1278=LINE('',#9596,#1730);
#1279=LINE('',#9604,#1731);
#1280=LINE('',#9612,#1732);
#1281=LINE('',#9620,#1733);
#1282=LINE('',#9624,#1734);
#1283=LINE('',#9628,#1735);
#1284=LINE('',#9631,#1736);
#1285=LINE('',#9633,#1737);
#1286=LINE('',#9635,#1738);
#1287=LINE('',#9636,#1739);
#1288=LINE('',#9638,#1740);
#1289=LINE('',#9640,#1741);
#1290=LINE('',#9642,#1742);
#1291=LINE('',#9644,#1743);
#1292=LINE('',#9646,#1744);
#1293=LINE('',#9648,#1745);
#1294=LINE('',#9650,#1746);
#1295=LINE('',#9652,#1747);
#1296=LINE('',#9654,#1748);
#1297=LINE('',#9656,#1749);
#1298=LINE('',#9658,#1750);
#1299=LINE('',#9660,#1751);
#1300=LINE('',#9663,#1752);
#1301=LINE('',#9665,#1753);
#1302=LINE('',#9666,#1754);
#1303=LINE('',#9672,#1755);
#1304=VECTOR('',#6244,10.);
#1305=VECTOR('',#6247,10.);
#1306=VECTOR('',#6250,10.);
#1307=VECTOR('',#6253,10.);
#1308=VECTOR('',#6256,10.);
#1309=VECTOR('',#6259,10.);
#1310=VECTOR('',#6260,10.);
#1311=VECTOR('',#6261,10.);
#1312=VECTOR('',#6262,10.);
#1313=VECTOR('',#6263,10.);
#1314=VECTOR('',#6264,10.);
#1315=VECTOR('',#6265,10.);
#1316=VECTOR('',#6268,10.);
#1317=VECTOR('',#6269,10.);
#1318=VECTOR('',#6274,10.);
#1319=VECTOR('',#6277,10.);
#1320=VECTOR('',#6280,10.);
#1321=VECTOR('',#6283,10.);
#1322=VECTOR('',#6284,10.);
#1323=VECTOR('',#6289,10.);
#1324=VECTOR('',#6294,10.);
#1325=VECTOR('',#6297,10.);
#1326=VECTOR('',#6300,10.);
#1327=VECTOR('',#6301,10.);
#1328=VECTOR('',#6302,10.);
#1329=VECTOR('',#6307,10.);
#1330=VECTOR('',#6312,10.);
#1331=VECTOR('',#6313,10.);
#1332=VECTOR('',#6314,10.);
#1333=VECTOR('',#6317,10.);
#1334=VECTOR('',#6318,10.);
#1335=VECTOR('',#6319,10.);
#1336=VECTOR('',#6320,10.);
#1337=VECTOR('',#6321,10.);
#1338=VECTOR('',#6322,10.);
#1339=VECTOR('',#6323,10.);
#1340=VECTOR('',#6324,10.);
#1341=VECTOR('',#6331,10.);
#1342=VECTOR('',#6334,10.);
#1343=VECTOR('',#6337,10.);
#1344=VECTOR('',#6338,10.);
#1345=VECTOR('',#6339,10.);
#1346=VECTOR('',#6344,10.);
#1347=VECTOR('',#6347,10.);
#1348=VECTOR('',#6350,10.);
#1349=VECTOR('',#6351,10.);
#1350=VECTOR('',#6352,10.);
#1351=VECTOR('',#6355,10.);
#1352=VECTOR('',#6356,10.);
#1353=VECTOR('',#6357,10.);
#1354=VECTOR('',#6358,10.);
#1355=VECTOR('',#6361,10.);
#1356=VECTOR('',#6362,10.);
#1357=VECTOR('',#6363,10.);
#1358=VECTOR('',#6366,10.);
#1359=VECTOR('',#6369,10.);
#1360=VECTOR('',#6370,10.);
#1361=VECTOR('',#6371,10.);
#1362=VECTOR('',#6378,10.);
#1363=VECTOR('',#6379,10.);
#1364=VECTOR('',#6382,10.);
#1365=VECTOR('',#6385,10.);
#1366=VECTOR('',#6388,10.);
#1367=VECTOR('',#6395,10.);
#1368=VECTOR('',#6402,10.);
#1369=VECTOR('',#6409,10.);
#1370=VECTOR('',#6416,10.);
#1371=VECTOR('',#6419,10.);
#1372=VECTOR('',#6422,10.);
#1373=VECTOR('',#6429,10.);
#1374=VECTOR('',#6436,10.);
#1375=VECTOR('',#6443,10.);
#1376=VECTOR('',#6452,10.);
#1377=VECTOR('',#6455,10.);
#1378=VECTOR('',#6456,10.);
#1379=VECTOR('',#6457,10.);
#1380=VECTOR('',#6460,10.);
#1381=VECTOR('',#6461,10.);
#1382=VECTOR('',#6462,10.);
#1383=VECTOR('',#6489,10.);
#1384=VECTOR('',#6492,10.);
#1385=VECTOR('',#6505,10.);
#1386=VECTOR('',#6508,10.);
#1387=VECTOR('',#6509,10.);
#1388=VECTOR('',#6510,10.);
#1389=VECTOR('',#6511,10.);
#1390=VECTOR('',#6512,10.);
#1391=VECTOR('',#6515,10.);
#1392=VECTOR('',#6516,10.);
#1393=VECTOR('',#6517,10.);
#1394=VECTOR('',#6518,10.);
#1395=VECTOR('',#6529,10.);
#1396=VECTOR('',#6534,10.);
#1397=VECTOR('',#6535,10.);
#1398=VECTOR('',#6536,10.);
#1399=VECTOR('',#6539,10.);
#1400=VECTOR('',#6540,10.);
#1401=VECTOR('',#6541,10.);
#1402=VECTOR('',#6546,10.);
#1403=VECTOR('',#6553,10.);
#1404=VECTOR('',#6560,10.);
#1405=VECTOR('',#6563,10.);
#1406=VECTOR('',#6566,10.);
#1407=VECTOR('',#6573,10.);
#1408=VECTOR('',#6580,10.);
#1409=VECTOR('',#6587,10.);
#1410=VECTOR('',#6594,10.);
#1411=VECTOR('',#6597,10.);
#1412=VECTOR('',#6600,10.);
#1413=VECTOR('',#6607,10.);
#1414=VECTOR('',#6612,10.);
#1415=VECTOR('',#6617,10.);
#1416=VECTOR('',#6620,10.);
#1417=VECTOR('',#6623,10.);
#1418=VECTOR('',#6626,10.);
#1419=VECTOR('',#6627,10.);
#1420=VECTOR('',#6630,10.);
#1421=VECTOR('',#6631,10.);
#1422=VECTOR('',#6632,10.);
#1423=VECTOR('',#6635,10.);
#1424=VECTOR('',#6636,10.);
#1425=VECTOR('',#6639,10.);
#1426=VECTOR('',#6642,10.);
#1427=VECTOR('',#6645,10.);
#1428=VECTOR('',#6652,10.);
#1429=VECTOR('',#6653,10.);
#1430=VECTOR('',#6656,10.);
#1431=VECTOR('',#6657,10.);
#1432=VECTOR('',#6658,10.);
#1433=VECTOR('',#6661,10.);
#1434=VECTOR('',#6662,10.);
#1435=VECTOR('',#6683,10.);
#1436=VECTOR('',#6684,10.);
#1437=VECTOR('',#6687,10.);
#1438=VECTOR('',#6690,10.);
#1439=VECTOR('',#6691,10.);
#1440=VECTOR('',#6692,10.);
#1441=VECTOR('',#6695,10.);
#1442=VECTOR('',#6698,10.);
#1443=VECTOR('',#6699,10.);
#1444=VECTOR('',#6702,10.);
#1445=VECTOR('',#6703,10.);
#1446=VECTOR('',#6706,10.);
#1447=VECTOR('',#6707,10.);
#1448=VECTOR('',#6710,10.);
#1449=VECTOR('',#6711,10.);
#1450=VECTOR('',#6716,10.);
#1451=VECTOR('',#6719,10.);
#1452=VECTOR('',#6724,10.);
#1453=VECTOR('',#6727,10.);
#1454=VECTOR('',#6730,10.);
#1455=VECTOR('',#6731,10.);
#1456=VECTOR('',#6734,10.);
#1457=VECTOR('',#6737,10.);
#1458=VECTOR('',#6742,10.);
#1459=VECTOR('',#6745,10.);
#1460=VECTOR('',#6748,10.);
#1461=VECTOR('',#6751,10.);
#1462=VECTOR('',#6752,10.);
#1463=VECTOR('',#6755,10.);
#1464=VECTOR('',#6756,10.);
#1465=VECTOR('',#6757,10.);
#1466=VECTOR('',#6760,10.);
#1467=VECTOR('',#6761,10.);
#1468=VECTOR('',#6764,10.);
#1469=VECTOR('',#6767,10.);
#1470=VECTOR('',#6770,10.);
#1471=VECTOR('',#6775,10.);
#1472=VECTOR('',#6776,10.);
#1473=VECTOR('',#6779,10.);
#1474=VECTOR('',#6780,10.);
#1475=VECTOR('',#6781,10.);
#1476=VECTOR('',#6784,10.);
#1477=VECTOR('',#6785,10.);
#1478=VECTOR('',#6788,10.);
#1479=VECTOR('',#6791,10.);
#1480=VECTOR('',#6814,10.);
#1481=VECTOR('',#6821,2.625);
#1482=VECTOR('',#6828,2.);
#1483=VECTOR('',#6835,2.625);
#1484=VECTOR('',#6842,2.);
#1485=VECTOR('',#6845,3.25);
#1486=VECTOR('',#6848,3.25);
#1487=VECTOR('',#6851,10.);
#1488=VECTOR('',#6854,10.);
#1489=VECTOR('',#6865,10.);
#1490=VECTOR('',#6866,10.);
#1491=VECTOR('',#6873,10.);
#1492=VECTOR('',#6874,10.);
#1493=VECTOR('',#6875,10.);
#1494=VECTOR('',#6876,10.);
#1495=VECTOR('',#6879,10.);
#1496=VECTOR('',#6880,10.);
#1497=VECTOR('',#6881,10.);
#1498=VECTOR('',#6884,10.);
#1499=VECTOR('',#6885,10.);
#1500=VECTOR('',#6886,10.);
#1501=VECTOR('',#6887,10.);
#1502=VECTOR('',#6890,10.);
#1503=VECTOR('',#6891,10.);
#1504=VECTOR('',#6892,10.);
#1505=VECTOR('',#6895,10.);
#1506=VECTOR('',#6896,10.);
#1507=VECTOR('',#6899,10.);
#1508=VECTOR('',#6902,10.);
#1509=VECTOR('',#6905,10.);
#1510=VECTOR('',#6908,10.);
#1511=VECTOR('',#6911,10.);
#1512=VECTOR('',#6914,10.);
#1513=VECTOR('',#6917,10.);
#1514=VECTOR('',#6920,10.);
#1515=VECTOR('',#6923,10.);
#1516=VECTOR('',#6930,10.);
#1517=VECTOR('',#6933,10.);
#1518=VECTOR('',#6936,10.);
#1519=VECTOR('',#6939,10.);
#1520=VECTOR('',#6942,10.);
#1521=VECTOR('',#6945,10.);
#1522=VECTOR('',#6948,10.);
#1523=VECTOR('',#6951,10.);
#1524=VECTOR('',#6954,10.);
#1525=VECTOR('',#6957,10.);
#1526=VECTOR('',#6960,10.);
#1527=VECTOR('',#6967,10.);
#1528=VECTOR('',#6968,10.);
#1529=VECTOR('',#6971,10.);
#1530=VECTOR('',#6972,10.);
#1531=VECTOR('',#6977,10.);
#1532=VECTOR('',#6980,10.);
#1533=VECTOR('',#6985,10.);
#1534=VECTOR('',#6988,10.);
#1535=VECTOR('',#6991,10.);
#1536=VECTOR('',#6992,10.);
#1537=VECTOR('',#6993,10.);
#1538=VECTOR('',#6998,10.);
#1539=VECTOR('',#7001,10.);
#1540=VECTOR('',#7004,10.);
#1541=VECTOR('',#7005,10.);
#1542=VECTOR('',#7006,10.);
#1543=VECTOR('',#7011,10.);
#1544=VECTOR('',#7018,3.);
#1545=VECTOR('',#7025,10.);
#1546=VECTOR('',#7032,4.);
#1547=VECTOR('',#7037,10.);
#1548=VECTOR('',#7040,10.);
#1549=VECTOR('',#7043,10.);
#1550=VECTOR('',#7048,10.);
#1551=VECTOR('',#7053,10.);
#1552=VECTOR('',#7054,10.);
#1553=VECTOR('',#7057,10.);
#1554=VECTOR('',#7062,10.);
#1555=VECTOR('',#7067,10.);
#1556=VECTOR('',#7072,10.);
#1557=VECTOR('',#7073,10.);
#1558=VECTOR('',#7076,10.);
#1559=VECTOR('',#7081,10.);
#1560=VECTOR('',#7082,10.);
#1561=VECTOR('',#7085,10.);
#1562=VECTOR('',#7090,10.);
#1563=VECTOR('',#7091,10.);
#1564=VECTOR('',#7094,10.);
#1565=VECTOR('',#7099,10.);
#1566=VECTOR('',#7104,10.);
#1567=VECTOR('',#7109,10.);
#1568=VECTOR('',#7110,10.);
#1569=VECTOR('',#7113,10.);
#1570=VECTOR('',#7118,10.);
#1571=VECTOR('',#7123,10.);
#1572=VECTOR('',#7128,10.);
#1573=VECTOR('',#7129,10.);
#1574=VECTOR('',#7132,10.);
#1575=VECTOR('',#7137,10.);
#1576=VECTOR('',#7142,10.);
#1577=VECTOR('',#7147,10.);
#1578=VECTOR('',#7148,10.);
#1579=VECTOR('',#7151,10.);
#1580=VECTOR('',#7156,10.);
#1581=VECTOR('',#7161,10.);
#1582=VECTOR('',#7166,10.);
#1583=VECTOR('',#7167,10.);
#1584=VECTOR('',#7170,10.);
#1585=VECTOR('',#7175,10.);
#1586=VECTOR('',#7176,10.);
#1587=VECTOR('',#7179,10.);
#1588=VECTOR('',#7184,10.);
#1589=VECTOR('',#7185,10.);
#1590=VECTOR('',#7188,10.);
#1591=VECTOR('',#7193,10.);
#1592=VECTOR('',#7198,10.);
#1593=VECTOR('',#7203,10.);
#1594=VECTOR('',#7204,10.);
#1595=VECTOR('',#7207,10.);
#1596=VECTOR('',#7212,10.);
#1597=VECTOR('',#7217,10.);
#1598=VECTOR('',#7222,10.);
#1599=VECTOR('',#7225,10.);
#1600=VECTOR('',#7228,10.);
#1601=VECTOR('',#7229,10.);
#1602=VECTOR('',#7232,10.);
#1603=VECTOR('',#7237,10.);
#1604=VECTOR('',#7240,10.);
#1605=VECTOR('',#7241,10.);
#1606=VECTOR('',#7242,10.);
#1607=VECTOR('',#7245,10.);
#1608=VECTOR('',#7252,10.);
#1609=VECTOR('',#7253,10.);
#1610=VECTOR('',#7256,10.);
#1611=VECTOR('',#7257,10.);
#1612=VECTOR('',#7262,10.);
#1613=VECTOR('',#7267,10.);
#1614=VECTOR('',#7268,10.);
#1615=VECTOR('',#7271,10.);
#1616=VECTOR('',#7272,10.);
#1617=VECTOR('',#7277,10.);
#1618=VECTOR('',#7280,10.);
#1619=VECTOR('',#7281,10.);
#1620=VECTOR('',#7282,10.);
#1621=VECTOR('',#7283,10.);
#1622=VECTOR('',#7286,10.);
#1623=VECTOR('',#7287,10.);
#1624=VECTOR('',#7288,10.);
#1625=VECTOR('',#7289,10.);
#1626=VECTOR('',#7292,10.);
#1627=VECTOR('',#7293,10.);
#1628=VECTOR('',#7294,10.);
#1629=VECTOR('',#7297,10.);
#1630=VECTOR('',#7298,10.);
#1631=VECTOR('',#7299,10.);
#1632=VECTOR('',#7302,10.);
#1633=VECTOR('',#7303,10.);
#1634=VECTOR('',#7306,10.);
#1635=VECTOR('',#7307,10.);
#1636=VECTOR('',#7310,10.);
#1637=VECTOR('',#7315,10.);
#1638=VECTOR('',#7316,10.);
#1639=VECTOR('',#7319,10.);
#1640=VECTOR('',#7322,10.);
#1641=VECTOR('',#7323,10.);
#1642=VECTOR('',#7326,10.);
#1643=VECTOR('',#7333,10.);
#1644=VECTOR('',#7336,10.);
#1645=VECTOR('',#7337,10.);
#1646=VECTOR('',#7344,10.);
#1647=VECTOR('',#7347,10.);
#1648=VECTOR('',#7360,2.1);
#1649=VECTOR('',#7367,4.);
#1650=VECTOR('',#7374,2.1);
#1651=VECTOR('',#7381,4.);
#1652=VECTOR('',#7390,6.);
#1653=VECTOR('',#7397,6.);
#1654=VECTOR('',#7418,2.1);
#1655=VECTOR('',#7425,4.);
#1656=VECTOR('',#7432,2.1);
#1657=VECTOR('',#7439,4.);
#1658=VECTOR('',#7446,2.1);
#1659=VECTOR('',#7453,4.);
#1660=VECTOR('',#7460,2.1);
#1661=VECTOR('',#7467,4.);
#1662=VECTOR('',#7476,3.5);
#1663=VECTOR('',#7481,2.625);
#1664=VECTOR('',#7488,2.);
#1665=VECTOR('',#7493,2.625);
#1666=VECTOR('',#7500,2.);
#1667=VECTOR('',#7505,2.625);
#1668=VECTOR('',#7512,2.);
#1669=VECTOR('',#7517,2.625);
#1670=VECTOR('',#7524,2.);
#1671=VECTOR('',#7527,3.25);
#1672=VECTOR('',#7530,3.25);
#1673=VECTOR('',#7533,3.25);
#1674=VECTOR('',#7536,3.25);
#1675=VECTOR('',#7541,10.);
#1676=VECTOR('',#7542,10.);
#1677=VECTOR('',#7545,10.);
#1678=VECTOR('',#7548,10.);
#1679=VECTOR('',#7551,10.);
#1680=VECTOR('',#7554,10.);
#1681=VECTOR('',#7561,10.);
#1682=VECTOR('',#7562,10.);
#1683=VECTOR('',#7563,10.);
#1684=VECTOR('',#7566,10.);
#1685=VECTOR('',#7569,10.);
#1686=VECTOR('',#7570,10.);
#1687=VECTOR('',#7581,10.);
#1688=VECTOR('',#7582,10.);
#1689=VECTOR('',#7589,10.);
#1690=VECTOR('',#7592,10.);
#1691=VECTOR('',#7619,10.);
#1692=VECTOR('',#7642,10.);
#1693=VECTOR('',#7665,10.);
#1694=VECTOR('',#7688,10.);
#1695=VECTOR('',#7699,10.);
#1696=VECTOR('',#7710,10.);
#1697=VECTOR('',#7733,10.);
#1698=VECTOR('',#7756,10.);
#1699=VECTOR('',#7779,10.);
#1700=VECTOR('',#7802,10.);
#1701=VECTOR('',#7813,10.);
#1702=VECTOR('',#7822,10.);
#1703=VECTOR('',#7825,10.);
#1704=VECTOR('',#7828,10.);
#1705=VECTOR('',#7831,10.);
#1706=VECTOR('',#7836,10.);
#1707=VECTOR('',#7837,10.);
#1708=VECTOR('',#7840,10.);
#1709=VECTOR('',#7845,10.);
#1710=VECTOR('',#7850,10.);
#1711=VECTOR('',#7855,10.);
#1712=VECTOR('',#7856,10.);
#1713=VECTOR('',#7859,10.);
#1714=VECTOR('',#7864,10.);
#1715=VECTOR('',#7869,10.);
#1716=VECTOR('',#7874,10.);
#1717=VECTOR('',#7875,10.);
#1718=VECTOR('',#7878,10.);
#1719=VECTOR('',#7883,10.);
#1720=VECTOR('',#7888,10.);
#1721=VECTOR('',#7893,10.);
#1722=VECTOR('',#7894,10.);
#1723=VECTOR('',#7897,10.);
#1724=VECTOR('',#7902,10.);
#1725=VECTOR('',#7903,10.);
#1726=VECTOR('',#7906,10.);
#1727=VECTOR('',#7911,10.);
#1728=VECTOR('',#7912,10.);
#1729=VECTOR('',#7915,10.);
#1730=VECTOR('',#7924,10.);
#1731=VECTOR('',#7931,10.);
#1732=VECTOR('',#7938,10.);
#1733=VECTOR('',#7945,10.);
#1734=VECTOR('',#7948,10.);
#1735=VECTOR('',#7951,10.);
#1736=VECTOR('',#7956,10.);
#1737=VECTOR('',#7959,10.);
#1738=VECTOR('',#7962,10.);
#1739=VECTOR('',#7963,10.);
#1740=VECTOR('',#7966,10.);
#1741=VECTOR('',#7969,10.);
#1742=VECTOR('',#7972,10.);
#1743=VECTOR('',#7975,10.);
#1744=VECTOR('',#7978,10.);
#1745=VECTOR('',#7981,10.);
#1746=VECTOR('',#7984,10.);
#1747=VECTOR('',#7987,10.);
#1748=VECTOR('',#7990,10.);
#1749=VECTOR('',#7993,10.);
#1750=VECTOR('',#7996,10.);
#1751=VECTOR('',#7999,10.);
#1752=VECTOR('',#8004,10.);
#1753=VECTOR('',#8007,10.);
#1754=VECTOR('',#8008,10.);
#1755=VECTOR('',#8017,2.1);
#1756=CIRCLE('',#5575,1.);
#1757=CIRCLE('',#5576,1.);
#1758=CIRCLE('',#5578,1.);
#1759=CIRCLE('',#5579,1.);
#1760=CIRCLE('',#5580,1.);
#1761=CIRCLE('',#5583,1.);
#1762=CIRCLE('',#5585,1.);
#1763=CIRCLE('',#5588,1.);
#1764=CIRCLE('',#5590,1.5);
#1765=CIRCLE('',#5591,1.5);
#1766=CIRCLE('',#5594,1.5);
#1767=CIRCLE('',#5595,1.5);
#1768=CIRCLE('',#5600,3.);
#1769=CIRCLE('',#5601,3.);
#1770=CIRCLE('',#5604,3.);
#1771=CIRCLE('',#5605,3.);
#1772=CIRCLE('',#5607,5.5);
#1773=CIRCLE('',#5608,3.);
#1774=CIRCLE('',#5609,1.5);
#1775=CIRCLE('',#5610,1.5);
#1776=CIRCLE('',#5611,3.);
#1777=CIRCLE('',#5612,2.1);
#1778=CIRCLE('',#5615,3.99999999999997);
#1779=CIRCLE('',#5616,3.99999999999999);
#1780=CIRCLE('',#5617,2.);
#1781=CIRCLE('',#5618,8.5);
#1782=CIRCLE('',#5619,2.);
#1783=CIRCLE('',#5620,2.);
#1784=CIRCLE('',#5621,8.5);
#1785=CIRCLE('',#5622,2.);
#1786=CIRCLE('',#5623,2.);
#1787=CIRCLE('',#5624,8.5);
#1788=CIRCLE('',#5625,2.);
#1789=CIRCLE('',#5626,2.);
#1790=CIRCLE('',#5627,8.5);
#1791=CIRCLE('',#5628,2.);
#1792=CIRCLE('',#5629,4.);
#1793=CIRCLE('',#5630,4.);
#1794=CIRCLE('',#5631,2.);
#1795=CIRCLE('',#5632,8.5);
#1796=CIRCLE('',#5633,2.);
#1797=CIRCLE('',#5634,2.);
#1798=CIRCLE('',#5635,8.5);
#1799=CIRCLE('',#5636,2.);
#1800=CIRCLE('',#5637,2.);
#1801=CIRCLE('',#5638,8.5);
#1802=CIRCLE('',#5639,2.);
#1803=CIRCLE('',#5640,2.);
#1804=CIRCLE('',#5641,8.5);
#1805=CIRCLE('',#5642,2.);
#1806=CIRCLE('',#5643,3.);
#1807=CIRCLE('',#5644,3.);
#1808=CIRCLE('',#5645,5.5);
#1809=CIRCLE('',#5646,3.25);
#1810=CIRCLE('',#5647,3.25);
#1811=CIRCLE('',#5648,3.25);
#1812=CIRCLE('',#5649,3.25);
#1813=CIRCLE('',#5650,3.25);
#1814=CIRCLE('',#5651,3.25);
#1815=CIRCLE('',#5652,3.25);
#1816=CIRCLE('',#5653,3.25);
#1817=CIRCLE('',#5654,3.25);
#1818=CIRCLE('',#5655,3.25);
#1819=CIRCLE('',#5656,3.25);
#1820=CIRCLE('',#5657,3.25);
#1821=CIRCLE('',#5659,1.5);
#1822=CIRCLE('',#5660,1.5);
#1823=CIRCLE('',#5661,4.);
#1824=CIRCLE('',#5662,4.);
#1825=CIRCLE('',#5663,4.);
#1826=CIRCLE('',#5664,4.);
#1827=CIRCLE('',#5669,2.28113658204737);
#1828=CIRCLE('',#5670,2.28113658204737);
#1829=CIRCLE('',#5672,2.28591545551946);
#1830=CIRCLE('',#5673,2.28591545551946);
#1831=CIRCLE('',#5677,1.5);
#1832=CIRCLE('',#5678,1.5);
#1833=CIRCLE('',#5679,9.);
#1834=CIRCLE('',#5680,1.5);
#1835=CIRCLE('',#5681,1.5);
#1836=CIRCLE('',#5682,9.);
#1837=CIRCLE('',#5683,1.5);
#1838=CIRCLE('',#5684,3.5);
#1839=CIRCLE('',#5685,3.5);
#1840=CIRCLE('',#5686,1.5);
#1841=CIRCLE('',#5687,9.);
#1842=CIRCLE('',#5688,1.5);
#1843=CIRCLE('',#5689,1.5);
#1844=CIRCLE('',#5690,9.);
#1845=CIRCLE('',#5691,1.5);
#1846=CIRCLE('',#5692,1.5);
#1847=CIRCLE('',#5693,9.00000000000001);
#1848=CIRCLE('',#5694,1.5);
#1849=CIRCLE('',#5695,1.5);
#1850=CIRCLE('',#5696,9.);
#1851=CIRCLE('',#5697,1.5);
#1852=CIRCLE('',#5698,3.49999999999999);
#1853=CIRCLE('',#5699,3.49999999999997);
#1854=CIRCLE('',#5700,1.5);
#1855=CIRCLE('',#5701,9.);
#1856=CIRCLE('',#5702,1.5);
#1857=CIRCLE('',#5703,1.5);
#1858=CIRCLE('',#5704,9.00000000000001);
#1859=CIRCLE('',#5705,7.5);
#1860=CIRCLE('',#5706,10.5);
#1861=CIRCLE('',#5707,10.5);
#1862=CIRCLE('',#5708,10.5);
#1863=CIRCLE('',#5709,10.5);
#1864=CIRCLE('',#5710,7.);
#1865=CIRCLE('',#5711,7.);
#1866=CIRCLE('',#5712,10.5);
#1867=CIRCLE('',#5713,10.5);
#1868=CIRCLE('',#5714,10.5);
#1869=CIRCLE('',#5715,10.5);
#1870=CIRCLE('',#5716,7.5);
#1871=CIRCLE('',#5717,7.5);
#1872=CIRCLE('',#5718,6.5);
#1873=CIRCLE('',#5719,6.5);
#1874=CIRCLE('',#5720,7.5);
#1875=CIRCLE('',#5721,2.);
#1876=CIRCLE('',#5722,2.);
#1877=CIRCLE('',#5723,2.);
#1878=CIRCLE('',#5724,2.);
#1879=CIRCLE('',#5725,2.);
#1880=CIRCLE('',#5726,2.);
#1881=CIRCLE('',#5727,2.);
#1882=CIRCLE('',#5728,2.);
#1883=CIRCLE('',#5730,2.);
#1884=CIRCLE('',#5731,2.);
#1885=CIRCLE('',#5732,2.);
#1886=CIRCLE('',#5733,2.);
#1887=CIRCLE('',#5738,7.5);
#1888=CIRCLE('',#5740,7.5);
#1889=CIRCLE('',#5742,2.);
#1890=CIRCLE('',#5743,2.);
#1891=CIRCLE('',#5744,2.);
#1892=CIRCLE('',#5745,2.);
#1893=CIRCLE('',#5746,7.5);
#1894=CIRCLE('',#5747,10.5);
#1895=CIRCLE('',#5748,10.5);
#1896=CIRCLE('',#5749,10.5);
#1897=CIRCLE('',#5750,10.5);
#1898=CIRCLE('',#5751,7.);
#1899=CIRCLE('',#5752,7.);
#1900=CIRCLE('',#5753,10.5);
#1901=CIRCLE('',#5754,10.5);
#1902=CIRCLE('',#5755,10.5);
#1903=CIRCLE('',#5756,10.5);
#1904=CIRCLE('',#5758,6.5);
#1905=CIRCLE('',#5759,6.5);
#1906=CIRCLE('',#5760,7.5);
#1907=CIRCLE('',#5761,4.);
#1908=CIRCLE('',#5762,4.);
#1909=CIRCLE('',#5763,4.);
#1910=CIRCLE('',#5764,4.);
#1911=CIRCLE('',#5765,4.);
#1912=CIRCLE('',#5766,4.);
#1913=CIRCLE('',#5767,4.);
#1914=CIRCLE('',#5768,4.);
#1915=CIRCLE('',#5769,4.);
#1916=CIRCLE('',#5770,4.);
#1917=CIRCLE('',#5771,4.);
#1918=CIRCLE('',#5774,2.);
#1919=CIRCLE('',#5775,2.);
#1920=CIRCLE('',#5776,3.25);
#1921=CIRCLE('',#5777,3.25);
#1922=CIRCLE('',#5780,2.);
#1923=CIRCLE('',#5781,2.);
#1924=CIRCLE('',#5782,3.25);
#1925=CIRCLE('',#5783,3.25);
#1926=CIRCLE('',#5790,6.5);
#1927=CIRCLE('',#5791,2.);
#1928=CIRCLE('',#5792,8.5);
#1929=CIRCLE('',#5795,3.5);
#1930=CIRCLE('',#5810,6.);
#1931=CIRCLE('',#5811,6.);
#1932=CIRCLE('',#5816,6.5);
#1933=CIRCLE('',#5817,6.5);
#1934=CIRCLE('',#5825,6.5);
#1935=CIRCLE('',#5828,6.5);
#1936=CIRCLE('',#5831,3.);
#1937=CIRCLE('',#5832,3.);
#1938=CIRCLE('',#5835,3.);
#1939=CIRCLE('',#5836,3.);
#1940=CIRCLE('',#5839,6.);
#1941=CIRCLE('',#5840,3.);
#1942=CIRCLE('',#5842,3.);
#1943=CIRCLE('',#5844,6.);
#1944=CIRCLE('',#5847,4.);
#1945=CIRCLE('',#5848,4.);
#1946=CIRCLE('',#5851,1.5);
#1947=CIRCLE('',#5853,9.00000000000001);
#1948=CIRCLE('',#5855,1.5);
#1949=CIRCLE('',#5858,1.5);
#1950=CIRCLE('',#5860,9.);
#1951=CIRCLE('',#5862,1.5);
#1952=CIRCLE('',#5865,3.49999999999997);
#1953=CIRCLE('',#5868,3.49999999999999);
#1954=CIRCLE('',#5871,1.5);
#1955=CIRCLE('',#5873,9.);
#1956=CIRCLE('',#5875,1.5);
#1957=CIRCLE('',#5878,1.5);
#1958=CIRCLE('',#5880,9.00000000000001);
#1959=CIRCLE('',#5882,1.5);
#1960=CIRCLE('',#5885,1.5);
#1961=CIRCLE('',#5887,9.);
#1962=CIRCLE('',#5889,1.5);
#1963=CIRCLE('',#5892,1.5);
#1964=CIRCLE('',#5894,9.);
#1965=CIRCLE('',#5896,1.5);
#1966=CIRCLE('',#5899,3.5);
#1967=CIRCLE('',#5902,3.5);
#1968=CIRCLE('',#5905,1.5);
#1969=CIRCLE('',#5907,9.);
#1970=CIRCLE('',#5909,1.5);
#1971=CIRCLE('',#5912,1.5);
#1972=CIRCLE('',#5914,9.);
#1973=CIRCLE('',#5916,1.5);
#1974=CIRCLE('',#5921,4.);
#1975=CIRCLE('',#5927,2.);
#1976=CIRCLE('',#5930,2.);
#1977=CIRCLE('',#5932,2.);
#1978=CIRCLE('',#5935,2.);
#1979=CIRCLE('',#5944,2.);
#1980=CIRCLE('',#5946,2.);
#1981=CIRCLE('',#5950,2.);
#1982=CIRCLE('',#5953,2.);
#1983=CIRCLE('',#5957,2.1);
#1984=CIRCLE('',#5959,2.1);
#1985=CIRCLE('',#5961,2.1);
#1986=CIRCLE('',#5963,4.);
#1987=CIRCLE('',#5964,4.);
#1988=CIRCLE('',#5967,2.1);
#1989=CIRCLE('',#5969,4.);
#1990=CIRCLE('',#5970,4.);
#1991=CIRCLE('',#5973,6.);
#1992=CIRCLE('',#5974,6.);
#1993=CIRCLE('',#5976,6.);
#1994=CIRCLE('',#5977,6.);
#1995=CIRCLE('',#5979,2.1);
#1996=CIRCLE('',#5981,2.1);
#1997=CIRCLE('',#5983,2.1);
#1998=CIRCLE('',#5985,2.1);
#1999=CIRCLE('',#5987,2.1);
#2000=CIRCLE('',#5989,4.);
#2001=CIRCLE('',#5990,4.);
#2002=CIRCLE('',#5993,2.1);
#2003=CIRCLE('',#5995,4.);
#2004=CIRCLE('',#5996,4.);
#2005=CIRCLE('',#5999,2.1);
#2006=CIRCLE('',#6001,4.);
#2007=CIRCLE('',#6002,4.);
#2008=CIRCLE('',#6005,2.1);
#2009=CIRCLE('',#6007,4.);
#2010=CIRCLE('',#6008,4.);
#2011=CIRCLE('',#6011,3.5);
#2012=CIRCLE('',#6012,3.5);
#2013=CIRCLE('',#6014,2.);
#2014=CIRCLE('',#6015,3.25);
#2015=CIRCLE('',#6016,3.25);
#2016=CIRCLE('',#6019,2.);
#2017=CIRCLE('',#6020,3.25);
#2018=CIRCLE('',#6021,3.25);
#2019=CIRCLE('',#6024,2.);
#2020=CIRCLE('',#6025,3.25);
#2021=CIRCLE('',#6026,3.25);
#2022=CIRCLE('',#6029,2.);
#2023=CIRCLE('',#6030,3.25);
#2024=CIRCLE('',#6031,3.25);
#2025=CIRCLE('',#6059,0.999999999999996);
#2026=CIRCLE('',#6060,1.);
#2027=CIRCLE('',#6061,3.);
#2028=CIRCLE('',#6063,1.);
#2029=CIRCLE('',#6064,7.5);
#2030=CIRCLE('',#6066,1.);
#2031=CIRCLE('',#6067,3.);
#2032=CIRCLE('',#6069,1.);
#2033=CIRCLE('',#6071,1.);
#2034=CIRCLE('',#6072,3.);
#2035=CIRCLE('',#6074,1.);
#2036=CIRCLE('',#6075,7.5);
#2037=CIRCLE('',#6077,1.);
#2038=CIRCLE('',#6078,3.);
#2039=CIRCLE('',#6080,1.);
#2040=CIRCLE('',#6082,1.);
#2041=CIRCLE('',#6083,3.);
#2042=CIRCLE('',#6085,1.);
#2043=CIRCLE('',#6086,7.5);
#2044=CIRCLE('',#6088,1.);
#2045=CIRCLE('',#6089,3.);
#2046=CIRCLE('',#6091,1.);
#2047=CIRCLE('',#6093,1.);
#2048=CIRCLE('',#6094,3.);
#2049=CIRCLE('',#6096,1.);
#2050=CIRCLE('',#6097,7.5);
#2051=CIRCLE('',#6099,1.);
#2052=CIRCLE('',#6100,3.);
#2053=CIRCLE('',#6102,1.);
#2054=CIRCLE('',#6104,1.);
#2055=CIRCLE('',#6105,5.);
#2056=CIRCLE('',#6107,1.);
#2057=CIRCLE('',#6109,1.);
#2058=CIRCLE('',#6110,5.);
#2059=CIRCLE('',#6112,1.);
#2060=CIRCLE('',#6114,1.);
#2061=CIRCLE('',#6115,3.);
#2062=CIRCLE('',#6117,1.);
#2063=CIRCLE('',#6118,7.5);
#2064=CIRCLE('',#6120,1.);
#2065=CIRCLE('',#6121,3.);
#2066=CIRCLE('',#6123,1.);
#2067=CIRCLE('',#6125,1.);
#2068=CIRCLE('',#6126,3.);
#2069=CIRCLE('',#6128,1.);
#2070=CIRCLE('',#6129,7.5);
#2071=CIRCLE('',#6131,1.);
#2072=CIRCLE('',#6132,3.);
#2073=CIRCLE('',#6134,1.);
#2074=CIRCLE('',#6136,1.);
#2075=CIRCLE('',#6137,3.);
#2076=CIRCLE('',#6139,1.);
#2077=CIRCLE('',#6140,7.5);
#2078=CIRCLE('',#6142,1.);
#2079=CIRCLE('',#6143,3.);
#2080=CIRCLE('',#6145,1.);
#2081=CIRCLE('',#6147,1.);
#2082=CIRCLE('',#6148,3.);
#2083=CIRCLE('',#6150,1.);
#2084=CIRCLE('',#6151,7.5);
#2085=CIRCLE('',#6153,1.);
#2086=CIRCLE('',#6154,3.);
#2087=CIRCLE('',#6156,1.);
#2088=CIRCLE('',#6158,1.);
#2089=CIRCLE('',#6159,4.99999999999999);
#2090=CIRCLE('',#6161,1.);
#2091=CIRCLE('',#6163,1.);
#2092=CIRCLE('',#6164,4.99999999999997);
#2093=CIRCLE('',#6167,7.5);
#2094=CIRCLE('',#6169,3.);
#2095=CIRCLE('',#6172,3.);
#2096=CIRCLE('',#6174,7.5);
#2097=CIRCLE('',#6176,3.);
#2098=CIRCLE('',#6179,3.);
#2099=CIRCLE('',#6181,7.5);
#2100=CIRCLE('',#6183,3.);
#2101=CIRCLE('',#6186,3.);
#2102=CIRCLE('',#6188,7.5);
#2103=CIRCLE('',#6190,3.);
#2104=CIRCLE('',#6193,4.99999999999999);
#2105=CIRCLE('',#6196,4.99999999999997);
#2106=CIRCLE('',#6199,3.);
#2107=CIRCLE('',#6201,7.5);
#2108=CIRCLE('',#6202,3.);
#2109=CIRCLE('',#6203,3.);
#2110=CIRCLE('',#6204,7.5);
#2111=CIRCLE('',#6205,3.);
#2112=CIRCLE('',#6206,3.);
#2113=CIRCLE('',#6207,7.5);
#2114=CIRCLE('',#6208,3.);
#2115=CIRCLE('',#6209,3.);
#2116=CIRCLE('',#6210,7.5);
#2117=CIRCLE('',#6211,3.);
#2118=CIRCLE('',#6212,5.);
#2119=CIRCLE('',#6213,5.);
#2120=CIRCLE('',#6214,3.);
#2121=CIRCLE('',#6236,2.1);
#2122=VERTEX_POINT('',#8022);
#2123=VERTEX_POINT('',#8023);
#2124=VERTEX_POINT('',#8025);
#2125=VERTEX_POINT('',#8027);
#2126=VERTEX_POINT('',#8031);
#2127=VERTEX_POINT('',#8033);
#2128=VERTEX_POINT('',#8035);
#2129=VERTEX_POINT('',#8037);
#2130=VERTEX_POINT('',#8039);
#2131=VERTEX_POINT('',#8041);
#2132=VERTEX_POINT('',#8043);
#2133=VERTEX_POINT('',#8045);
#2134=VERTEX_POINT('',#8047);
#2135=VERTEX_POINT('',#8049);
#2136=VERTEX_POINT('',#8051);
#2137=VERTEX_POINT('',#8053);
#2138=VERTEX_POINT('',#8057);
#2139=VERTEX_POINT('',#8061);
#2140=VERTEX_POINT('',#8065);
#2141=VERTEX_POINT('',#8067);
#2142=VERTEX_POINT('',#8071);
#2143=VERTEX_POINT('',#8075);
#2144=VERTEX_POINT('',#8079);
#2145=VERTEX_POINT('',#8080);
#2146=VERTEX_POINT('',#8082);
#2147=VERTEX_POINT('',#8084);
#2148=VERTEX_POINT('',#8088);
#2149=VERTEX_POINT('',#8090);
#2150=VERTEX_POINT('',#8094);
#2151=VERTEX_POINT('',#8096);
#2152=VERTEX_POINT('',#8100);
#2153=VERTEX_POINT('',#8102);
#2154=VERTEX_POINT('',#8106);
#2155=VERTEX_POINT('',#8108);
#2156=VERTEX_POINT('',#8110);
#2157=VERTEX_POINT('',#8112);
#2158=VERTEX_POINT('',#8114);
#2159=VERTEX_POINT('',#8116);
#2160=VERTEX_POINT('',#8122);
#2161=VERTEX_POINT('',#8123);
#2162=VERTEX_POINT('',#8125);
#2163=VERTEX_POINT('',#8127);
#2164=VERTEX_POINT('',#8131);
#2165=VERTEX_POINT('',#8133);
#2166=VERTEX_POINT('',#8137);
#2167=VERTEX_POINT('',#8138);
#2168=VERTEX_POINT('',#8140);
#2169=VERTEX_POINT('',#8142);
#2170=VERTEX_POINT('',#8146);
#2171=VERTEX_POINT('',#8148);
#2172=VERTEX_POINT('',#8150);
#2173=VERTEX_POINT('',#8152);
#2174=VERTEX_POINT('',#8154);
#2175=VERTEX_POINT('',#8156);
#2176=VERTEX_POINT('',#8159);
#2177=VERTEX_POINT('',#8161);
#2178=VERTEX_POINT('',#8163);
#2179=VERTEX_POINT('',#8165);
#2180=VERTEX_POINT('',#8167);
#2181=VERTEX_POINT('',#8169);
#2182=VERTEX_POINT('',#8172);
#2183=VERTEX_POINT('',#8174);
#2184=VERTEX_POINT('',#8176);
#2185=VERTEX_POINT('',#8178);
#2186=VERTEX_POINT('',#8181);
#2187=VERTEX_POINT('',#8184);
#2188=VERTEX_POINT('',#8188);
#2189=VERTEX_POINT('',#8189);
#2190=VERTEX_POINT('',#8191);
#2191=VERTEX_POINT('',#8193);
#2192=VERTEX_POINT('',#8195);
#2193=VERTEX_POINT('',#8197);
#2194=VERTEX_POINT('',#8199);
#2195=VERTEX_POINT('',#8201);
#2196=VERTEX_POINT('',#8203);
#2197=VERTEX_POINT('',#8205);
#2198=VERTEX_POINT('',#8207);
#2199=VERTEX_POINT('',#8209);
#2200=VERTEX_POINT('',#8211);
#2201=VERTEX_POINT('',#8213);
#2202=VERTEX_POINT('',#8215);
#2203=VERTEX_POINT('',#8217);
#2204=VERTEX_POINT('',#8219);
#2205=VERTEX_POINT('',#8221);
#2206=VERTEX_POINT('',#8223);
#2207=VERTEX_POINT('',#8225);
#2208=VERTEX_POINT('',#8227);
#2209=VERTEX_POINT('',#8229);
#2210=VERTEX_POINT('',#8231);
#2211=VERTEX_POINT('',#8233);
#2212=VERTEX_POINT('',#8235);
#2213=VERTEX_POINT('',#8237);
#2214=VERTEX_POINT('',#8239);
#2215=VERTEX_POINT('',#8241);
#2216=VERTEX_POINT('',#8243);
#2217=VERTEX_POINT('',#8245);
#2218=VERTEX_POINT('',#8247);
#2219=VERTEX_POINT('',#8249);
#2220=VERTEX_POINT('',#8251);
#2221=VERTEX_POINT('',#8253);
#2222=VERTEX_POINT('',#8255);
#2223=VERTEX_POINT('',#8257);
#2224=VERTEX_POINT('',#8259);
#2225=VERTEX_POINT('',#8261);
#2226=VERTEX_POINT('',#8263);
#2227=VERTEX_POINT('',#8265);
#2228=VERTEX_POINT('',#8268);
#2229=VERTEX_POINT('',#8270);
#2230=VERTEX_POINT('',#8273);
#2231=VERTEX_POINT('',#8275);
#2232=VERTEX_POINT('',#8277);
#2233=VERTEX_POINT('',#8279);
#2234=VERTEX_POINT('',#8281);
#2235=VERTEX_POINT('',#8283);
#2236=VERTEX_POINT('',#8286);
#2237=VERTEX_POINT('',#8287);
#2238=VERTEX_POINT('',#8290);
#2239=VERTEX_POINT('',#8291);
#2240=VERTEX_POINT('',#8294);
#2241=VERTEX_POINT('',#8295);
#2242=VERTEX_POINT('',#8298);
#2243=VERTEX_POINT('',#8299);
#2244=VERTEX_POINT('',#8302);
#2245=VERTEX_POINT('',#8303);
#2246=VERTEX_POINT('',#8306);
#2247=VERTEX_POINT('',#8307);
#2248=VERTEX_POINT('',#8311);
#2249=VERTEX_POINT('',#8313);
#2250=VERTEX_POINT('',#8315);
#2251=VERTEX_POINT('',#8318);
#2252=VERTEX_POINT('',#8319);
#2253=VERTEX_POINT('',#8322);
#2254=VERTEX_POINT('',#8323);
#2255=VERTEX_POINT('',#8329);
#2256=VERTEX_POINT('',#8331);
#2257=VERTEX_POINT('',#8333);
#2258=VERTEX_POINT('',#8335);
#2259=VERTEX_POINT('',#8339);
#2260=VERTEX_POINT('',#8340);
#2261=VERTEX_POINT('',#8342);
#2262=VERTEX_POINT('',#8344);
#2263=VERTEX_POINT('',#8351);
#2264=VERTEX_POINT('',#8353);
#2265=VERTEX_POINT('',#8357);
#2266=VERTEX_POINT('',#8359);
#2267=VERTEX_POINT('',#8363);
#2268=VERTEX_POINT('',#8365);
#2269=VERTEX_POINT('',#8369);
#2270=VERTEX_POINT('',#8370);
#2271=VERTEX_POINT('',#8372);
#2272=VERTEX_POINT('',#8374);
#2273=VERTEX_POINT('',#8376);
#2274=VERTEX_POINT('',#8378);
#2275=VERTEX_POINT('',#8380);
#2276=VERTEX_POINT('',#8382);
#2277=VERTEX_POINT('',#8384);
#2278=VERTEX_POINT('',#8386);
#2279=VERTEX_POINT('',#8388);
#2280=VERTEX_POINT('',#8390);
#2281=VERTEX_POINT('',#8392);
#2282=VERTEX_POINT('',#8394);
#2283=VERTEX_POINT('',#8396);
#2284=VERTEX_POINT('',#8398);
#2285=VERTEX_POINT('',#8400);
#2286=VERTEX_POINT('',#8402);
#2287=VERTEX_POINT('',#8404);
#2288=VERTEX_POINT('',#8406);
#2289=VERTEX_POINT('',#8408);
#2290=VERTEX_POINT('',#8410);
#2291=VERTEX_POINT('',#8412);
#2292=VERTEX_POINT('',#8414);
#2293=VERTEX_POINT('',#8416);
#2294=VERTEX_POINT('',#8418);
#2295=VERTEX_POINT('',#8420);
#2296=VERTEX_POINT('',#8422);
#2297=VERTEX_POINT('',#8424);
#2298=VERTEX_POINT('',#8426);
#2299=VERTEX_POINT('',#8428);
#2300=VERTEX_POINT('',#8430);
#2301=VERTEX_POINT('',#8432);
#2302=VERTEX_POINT('',#8434);
#2303=VERTEX_POINT('',#8436);
#2304=VERTEX_POINT('',#8438);
#2305=VERTEX_POINT('',#8440);
#2306=VERTEX_POINT('',#8442);
#2307=VERTEX_POINT('',#8444);
#2308=VERTEX_POINT('',#8446);
#2309=VERTEX_POINT('',#8449);
#2310=VERTEX_POINT('',#8451);
#2311=VERTEX_POINT('',#8453);
#2312=VERTEX_POINT('',#8455);
#2313=VERTEX_POINT('',#8457);
#2314=VERTEX_POINT('',#8459);
#2315=VERTEX_POINT('',#8461);
#2316=VERTEX_POINT('',#8463);
#2317=VERTEX_POINT('',#8465);
#2318=VERTEX_POINT('',#8467);
#2319=VERTEX_POINT('',#8469);
#2320=VERTEX_POINT('',#8471);
#2321=VERTEX_POINT('',#8473);
#2322=VERTEX_POINT('',#8475);
#2323=VERTEX_POINT('',#8477);
#2324=VERTEX_POINT('',#8479);
#2325=VERTEX_POINT('',#8481);
#2326=VERTEX_POINT('',#8483);
#2327=VERTEX_POINT('',#8485);
#2328=VERTEX_POINT('',#8487);
#2329=VERTEX_POINT('',#8489);
#2330=VERTEX_POINT('',#8491);
#2331=VERTEX_POINT('',#8493);
#2332=VERTEX_POINT('',#8495);
#2333=VERTEX_POINT('',#8497);
#2334=VERTEX_POINT('',#8500);
#2335=VERTEX_POINT('',#8502);
#2336=VERTEX_POINT('',#8504);
#2337=VERTEX_POINT('',#8506);
#2338=VERTEX_POINT('',#8508);
#2339=VERTEX_POINT('',#8510);
#2340=VERTEX_POINT('',#8512);
#2341=VERTEX_POINT('',#8514);
#2342=VERTEX_POINT('',#8516);
#2343=VERTEX_POINT('',#8518);
#2344=VERTEX_POINT('',#8521);
#2345=VERTEX_POINT('',#8522);
#2346=VERTEX_POINT('',#8525);
#2347=VERTEX_POINT('',#8526);
#2348=VERTEX_POINT('',#8529);
#2349=VERTEX_POINT('',#8531);
#2350=VERTEX_POINT('',#8533);
#2351=VERTEX_POINT('',#8535);
#2352=VERTEX_POINT('',#8538);
#2353=VERTEX_POINT('',#8540);
#2354=VERTEX_POINT('',#8542);
#2355=VERTEX_POINT('',#8544);
#2356=VERTEX_POINT('',#8546);
#2357=VERTEX_POINT('',#8548);
#2358=VERTEX_POINT('',#8550);
#2359=VERTEX_POINT('',#8552);
#2360=VERTEX_POINT('',#8554);
#2361=VERTEX_POINT('',#8556);
#2362=VERTEX_POINT('',#8558);
#2363=VERTEX_POINT('',#8560);
#2364=VERTEX_POINT('',#8564);
#2365=VERTEX_POINT('',#8568);
#2366=VERTEX_POINT('',#8572);
#2367=VERTEX_POINT('',#8576);
#2368=VERTEX_POINT('',#8580);
#2369=VERTEX_POINT('',#8584);
#2370=VERTEX_POINT('',#8586);
#2371=VERTEX_POINT('',#8588);
#2372=VERTEX_POINT('',#8590);
#2373=VERTEX_POINT('',#8593);
#2374=VERTEX_POINT('',#8595);
#2375=VERTEX_POINT('',#8597);
#2376=VERTEX_POINT('',#8599);
#2377=VERTEX_POINT('',#8602);
#2378=VERTEX_POINT('',#8604);
#2379=VERTEX_POINT('',#8606);
#2380=VERTEX_POINT('',#8608);
#2381=VERTEX_POINT('',#8610);
#2382=VERTEX_POINT('',#8612);
#2383=VERTEX_POINT('',#8614);
#2384=VERTEX_POINT('',#8616);
#2385=VERTEX_POINT('',#8618);
#2386=VERTEX_POINT('',#8620);
#2387=VERTEX_POINT('',#8622);
#2388=VERTEX_POINT('',#8624);
#2389=VERTEX_POINT('',#8626);
#2390=VERTEX_POINT('',#8628);
#2391=VERTEX_POINT('',#8630);
#2392=VERTEX_POINT('',#8632);
#2393=VERTEX_POINT('',#8634);
#2394=VERTEX_POINT('',#8636);
#2395=VERTEX_POINT('',#8638);
#2396=VERTEX_POINT('',#8640);
#2397=VERTEX_POINT('',#8642);
#2398=VERTEX_POINT('',#8644);
#2399=VERTEX_POINT('',#8646);
#2400=VERTEX_POINT('',#8650);
#2401=VERTEX_POINT('',#8652);
#2402=VERTEX_POINT('',#8654);
#2403=VERTEX_POINT('',#8656);
#2404=VERTEX_POINT('',#8658);
#2405=VERTEX_POINT('',#8660);
#2406=VERTEX_POINT('',#8662);
#2407=VERTEX_POINT('',#8664);
#2408=VERTEX_POINT('',#8666);
#2409=VERTEX_POINT('',#8669);
#2410=VERTEX_POINT('',#8671);
#2411=VERTEX_POINT('',#8674);
#2412=VERTEX_POINT('',#8675);
#2413=VERTEX_POINT('',#8678);
#2414=VERTEX_POINT('',#8679);
#2415=VERTEX_POINT('',#8682);
#2416=VERTEX_POINT('',#8683);
#2417=VERTEX_POINT('',#8686);
#2418=VERTEX_POINT('',#8687);
#2419=VERTEX_POINT('',#8690);
#2420=VERTEX_POINT('',#8691);
#2421=VERTEX_POINT('',#8697);
#2422=VERTEX_POINT('',#8698);
#2423=VERTEX_POINT('',#8701);
#2424=VERTEX_POINT('',#8703);
#2425=VERTEX_POINT('',#8709);
#2426=VERTEX_POINT('',#8710);
#2427=VERTEX_POINT('',#8713);
#2428=VERTEX_POINT('',#8715);
#2429=VERTEX_POINT('',#8729);
#2430=VERTEX_POINT('',#8731);
#2431=VERTEX_POINT('',#8738);
#2432=VERTEX_POINT('',#8741);
#2433=VERTEX_POINT('',#8742);
#2434=VERTEX_POINT('',#8744);
#2435=VERTEX_POINT('',#8746);
#2436=VERTEX_POINT('',#8750);
#2437=VERTEX_POINT('',#8752);
#2438=VERTEX_POINT('',#8756);
#2439=VERTEX_POINT('',#8757);
#2440=VERTEX_POINT('',#8759);
#2441=VERTEX_POINT('',#8761);
#2442=VERTEX_POINT('',#8765);
#2443=VERTEX_POINT('',#8767);
#2444=VERTEX_POINT('',#8791);
#2445=VERTEX_POINT('',#8793);
#2446=VERTEX_POINT('',#8803);
#2447=VERTEX_POINT('',#8804);
#2448=VERTEX_POINT('',#8806);
#2449=VERTEX_POINT('',#8808);
#2450=VERTEX_POINT('',#8823);
#2451=VERTEX_POINT('',#8824);
#2452=VERTEX_POINT('',#8829);
#2453=VERTEX_POINT('',#8833);
#2454=VERTEX_POINT('',#8839);
#2455=VERTEX_POINT('',#8840);
#2456=VERTEX_POINT('',#8842);
#2457=VERTEX_POINT('',#8844);
#2458=VERTEX_POINT('',#8848);
#2459=VERTEX_POINT('',#8850);
#2460=VERTEX_POINT('',#8854);
#2461=VERTEX_POINT('',#8855);
#2462=VERTEX_POINT('',#8857);
#2463=VERTEX_POINT('',#8859);
#2464=VERTEX_POINT('',#8863);
#2465=VERTEX_POINT('',#8865);
#2466=VERTEX_POINT('',#8871);
#2467=VERTEX_POINT('',#8874);
#2468=VERTEX_POINT('',#8882);
#2469=VERTEX_POINT('',#8883);
#2470=VERTEX_POINT('',#8889);
#2471=VERTEX_POINT('',#8891);
#2472=VERTEX_POINT('',#8895);
#2473=VERTEX_POINT('',#8899);
#2474=VERTEX_POINT('',#8903);
#2475=VERTEX_POINT('',#8907);
#2476=VERTEX_POINT('',#8911);
#2477=VERTEX_POINT('',#8915);
#2478=VERTEX_POINT('',#8919);
#2479=VERTEX_POINT('',#8923);
#2480=VERTEX_POINT('',#8927);
#2481=VERTEX_POINT('',#8931);
#2482=VERTEX_POINT('',#8935);
#2483=VERTEX_POINT('',#8939);
#2484=VERTEX_POINT('',#8943);
#2485=VERTEX_POINT('',#8947);
#2486=VERTEX_POINT('',#8951);
#2487=VERTEX_POINT('',#8955);
#2488=VERTEX_POINT('',#8959);
#2489=VERTEX_POINT('',#8963);
#2490=VERTEX_POINT('',#8967);
#2491=VERTEX_POINT('',#8971);
#2492=VERTEX_POINT('',#8975);
#2493=VERTEX_POINT('',#8979);
#2494=VERTEX_POINT('',#8983);
#2495=VERTEX_POINT('',#8987);
#2496=VERTEX_POINT('',#8991);
#2497=VERTEX_POINT('',#8995);
#2498=VERTEX_POINT('',#8999);
#2499=VERTEX_POINT('',#9003);
#2500=VERTEX_POINT('',#9007);
#2501=VERTEX_POINT('',#9011);
#2502=VERTEX_POINT('',#9015);
#2503=VERTEX_POINT('',#9019);
#2504=VERTEX_POINT('',#9023);
#2505=VERTEX_POINT('',#9027);
#2506=VERTEX_POINT('',#9031);
#2507=VERTEX_POINT('',#9035);
#2508=VERTEX_POINT('',#9039);
#2509=VERTEX_POINT('',#9043);
#2510=VERTEX_POINT('',#9051);
#2511=VERTEX_POINT('',#9055);
#2512=VERTEX_POINT('',#9068);
#2513=VERTEX_POINT('',#9069);
#2514=VERTEX_POINT('',#9074);
#2515=VERTEX_POINT('',#9078);
#2516=VERTEX_POINT('',#9082);
#2517=VERTEX_POINT('',#9083);
#2518=VERTEX_POINT('',#9088);
#2519=VERTEX_POINT('',#9092);
#2520=VERTEX_POINT('',#9096);
#2521=VERTEX_POINT('',#9098);
#2522=VERTEX_POINT('',#9100);
#2523=VERTEX_POINT('',#9104);
#2524=VERTEX_POINT('',#9106);
#2525=VERTEX_POINT('',#9108);
#2526=VERTEX_POINT('',#9113);
#2527=VERTEX_POINT('',#9117);
#2528=VERTEX_POINT('',#9119);
#2529=VERTEX_POINT('',#9123);
#2530=VERTEX_POINT('',#9127);
#2531=VERTEX_POINT('',#9133);
#2532=VERTEX_POINT('',#9134);
#2533=VERTEX_POINT('',#9139);
#2534=VERTEX_POINT('',#9148);
#2535=VERTEX_POINT('',#9152);
#2536=VERTEX_POINT('',#9162);
#2537=VERTEX_POINT('',#9165);
#2538=VERTEX_POINT('',#9168);
#2539=VERTEX_POINT('',#9172);
#2540=VERTEX_POINT('',#9173);
#2541=VERTEX_POINT('',#9179);
#2542=VERTEX_POINT('',#9183);
#2543=VERTEX_POINT('',#9184);
#2544=VERTEX_POINT('',#9190);
#2545=VERTEX_POINT('',#9191);
#2546=VERTEX_POINT('',#9196);
#2547=VERTEX_POINT('',#9197);
#2548=VERTEX_POINT('',#9202);
#2549=VERTEX_POINT('',#9205);
#2550=VERTEX_POINT('',#9208);
#2551=VERTEX_POINT('',#9211);
#2552=VERTEX_POINT('',#9214);
#2553=VERTEX_POINT('',#9218);
#2554=VERTEX_POINT('',#9219);
#2555=VERTEX_POINT('',#9225);
#2556=VERTEX_POINT('',#9229);
#2557=VERTEX_POINT('',#9230);
#2558=VERTEX_POINT('',#9236);
#2559=VERTEX_POINT('',#9240);
#2560=VERTEX_POINT('',#9241);
#2561=VERTEX_POINT('',#9247);
#2562=VERTEX_POINT('',#9251);
#2563=VERTEX_POINT('',#9252);
#2564=VERTEX_POINT('',#9258);
#2565=VERTEX_POINT('',#9259);
#2566=VERTEX_POINT('',#9264);
#2567=VERTEX_POINT('',#9266);
#2568=VERTEX_POINT('',#9268);
#2569=VERTEX_POINT('',#9274);
#2570=VERTEX_POINT('',#9276);
#2571=VERTEX_POINT('',#9278);
#2572=VERTEX_POINT('',#9284);
#2573=VERTEX_POINT('',#9286);
#2574=VERTEX_POINT('',#9288);
#2575=VERTEX_POINT('',#9294);
#2576=VERTEX_POINT('',#9296);
#2577=VERTEX_POINT('',#9298);
#2578=VERTEX_POINT('',#9349);
#2579=VERTEX_POINT('',#9351);
#2580=VERTEX_POINT('',#9355);
#2581=VERTEX_POINT('',#9359);
#2582=VERTEX_POINT('',#9363);
#2583=VERTEX_POINT('',#9367);
#2584=VERTEX_POINT('',#9371);
#2585=VERTEX_POINT('',#9375);
#2586=VERTEX_POINT('',#9379);
#2587=VERTEX_POINT('',#9383);
#2588=VERTEX_POINT('',#9387);
#2589=VERTEX_POINT('',#9391);
#2590=VERTEX_POINT('',#9395);
#2591=VERTEX_POINT('',#9399);
#2592=VERTEX_POINT('',#9403);
#2593=VERTEX_POINT('',#9407);
#2594=VERTEX_POINT('',#9411);
#2595=VERTEX_POINT('',#9415);
#2596=VERTEX_POINT('',#9419);
#2597=VERTEX_POINT('',#9423);
#2598=VERTEX_POINT('',#9427);
#2599=VERTEX_POINT('',#9431);
#2600=VERTEX_POINT('',#9435);
#2601=VERTEX_POINT('',#9439);
#2602=VERTEX_POINT('',#9443);
#2603=VERTEX_POINT('',#9447);
#2604=VERTEX_POINT('',#9451);
#2605=VERTEX_POINT('',#9455);
#2606=VERTEX_POINT('',#9459);
#2607=VERTEX_POINT('',#9463);
#2608=VERTEX_POINT('',#9467);
#2609=VERTEX_POINT('',#9471);
#2610=VERTEX_POINT('',#9475);
#2611=VERTEX_POINT('',#9479);
#2612=VERTEX_POINT('',#9483);
#2613=VERTEX_POINT('',#9487);
#2614=VERTEX_POINT('',#9491);
#2615=VERTEX_POINT('',#9495);
#2616=VERTEX_POINT('',#9499);
#2617=VERTEX_POINT('',#9503);
#2618=VERTEX_POINT('',#9509);
#2619=VERTEX_POINT('',#9511);
#2620=VERTEX_POINT('',#9515);
#2621=VERTEX_POINT('',#9519);
#2622=VERTEX_POINT('',#9523);
#2623=VERTEX_POINT('',#9527);
#2624=VERTEX_POINT('',#9531);
#2625=VERTEX_POINT('',#9535);
#2626=VERTEX_POINT('',#9539);
#2627=VERTEX_POINT('',#9543);
#2628=VERTEX_POINT('',#9547);
#2629=VERTEX_POINT('',#9551);
#2630=VERTEX_POINT('',#9555);
#2631=VERTEX_POINT('',#9559);
#2632=VERTEX_POINT('',#9563);
#2633=VERTEX_POINT('',#9567);
#2634=VERTEX_POINT('',#9571);
#2635=VERTEX_POINT('',#9575);
#2636=VERTEX_POINT('',#9579);
#2637=VERTEX_POINT('',#9583);
#2638=VERTEX_POINT('',#9587);
#2639=VERTEX_POINT('',#9591);
#2640=VERTEX_POINT('',#9593);
#2641=VERTEX_POINT('',#9595);
#2642=VERTEX_POINT('',#9597);
#2643=VERTEX_POINT('',#9599);
#2644=VERTEX_POINT('',#9601);
#2645=VERTEX_POINT('',#9603);
#2646=VERTEX_POINT('',#9605);
#2647=VERTEX_POINT('',#9607);
#2648=VERTEX_POINT('',#9609);
#2649=VERTEX_POINT('',#9611);
#2650=VERTEX_POINT('',#9613);
#2651=VERTEX_POINT('',#9615);
#2652=VERTEX_POINT('',#9617);
#2653=VERTEX_POINT('',#9619);
#2654=VERTEX_POINT('',#9621);
#2655=VERTEX_POINT('',#9623);
#2656=VERTEX_POINT('',#9625);
#2657=VERTEX_POINT('',#9627);
#2658=VERTEX_POINT('',#9670);
#2659=EDGE_CURVE('',#2122,#2123,#1756,.T.);
#2660=EDGE_CURVE('',#2123,#2124,#852,.T.);
#2661=EDGE_CURVE('',#2124,#2125,#1757,.T.);
#2662=EDGE_CURVE('',#2125,#2122,#853,.T.);
#2663=EDGE_CURVE('',#2124,#2126,#854,.T.);
#2664=EDGE_CURVE('',#2127,#2126,#1758,.T.);
#2665=EDGE_CURVE('',#2127,#2128,#855,.T.);
#2666=EDGE_CURVE('',#2129,#2128,#1759,.T.);
#2667=EDGE_CURVE('',#2129,#2130,#856,.T.);
#2668=EDGE_CURVE('',#2131,#2130,#1760,.T.);
#2669=EDGE_CURVE('',#2132,#2131,#857,.T.);
#2670=EDGE_CURVE('',#2132,#2133,#858,.T.);
#2671=EDGE_CURVE('',#2133,#2134,#859,.T.);
#2672=EDGE_CURVE('',#2134,#2135,#860,.T.);
#2673=EDGE_CURVE('',#2135,#2136,#861,.T.);
#2674=EDGE_CURVE('',#2136,#2137,#862,.T.);
#2675=EDGE_CURVE('',#2137,#2125,#863,.T.);
#2676=EDGE_CURVE('',#2138,#2123,#864,.T.);
#2677=EDGE_CURVE('',#2126,#2138,#865,.T.);
#2678=EDGE_CURVE('',#2138,#2139,#1761,.T.);
#2679=EDGE_CURVE('',#2139,#2127,#866,.T.);
#2680=EDGE_CURVE('',#2130,#2140,#867,.T.);
#2681=EDGE_CURVE('',#2140,#2141,#1762,.T.);
#2682=EDGE_CURVE('',#2141,#2131,#868,.T.);
#2683=EDGE_CURVE('',#2142,#2129,#869,.T.);
#2684=EDGE_CURVE('',#2140,#2142,#870,.T.);
#2685=EDGE_CURVE('',#2143,#2142,#1763,.T.);
#2686=EDGE_CURVE('',#2128,#2143,#871,.T.);
#2687=EDGE_CURVE('',#2144,#2145,#1764,.T.);
#2688=EDGE_CURVE('',#2144,#2146,#872,.T.);
#2689=EDGE_CURVE('',#2146,#2147,#1765,.T.);
#2690=EDGE_CURVE('',#2147,#2145,#873,.T.);
#2691=EDGE_CURVE('',#2148,#2144,#874,.T.);
#2692=EDGE_CURVE('',#2149,#2148,#875,.T.);
#2693=EDGE_CURVE('',#2146,#2149,#876,.T.);
#2694=EDGE_CURVE('',#2150,#2148,#1766,.T.);
#2695=EDGE_CURVE('',#2150,#2151,#877,.T.);
#2696=EDGE_CURVE('',#2151,#2149,#1767,.T.);
#2697=EDGE_CURVE('',#2152,#2150,#878,.T.);
#2698=EDGE_CURVE('',#2152,#2153,#879,.T.);
#2699=EDGE_CURVE('',#2151,#2153,#880,.T.);
#2700=EDGE_CURVE('',#2154,#2122,#881,.T.);
#2701=EDGE_CURVE('',#2154,#2155,#882,.T.);
#2702=EDGE_CURVE('',#2155,#2156,#883,.T.);
#2703=EDGE_CURVE('',#2157,#2156,#884,.T.);
#2704=EDGE_CURVE('',#2157,#2158,#885,.T.);
#2705=EDGE_CURVE('',#2158,#2159,#886,.T.);
#2706=EDGE_CURVE('',#2141,#2159,#887,.T.);
#2707=EDGE_CURVE('',#2139,#2143,#888,.T.);
#2708=EDGE_CURVE('',#2160,#2161,#1768,.T.);
#2709=EDGE_CURVE('',#2160,#2162,#889,.T.);
#2710=EDGE_CURVE('',#2162,#2163,#1769,.T.);
#2711=EDGE_CURVE('',#2163,#2161,#890,.T.);
#2712=EDGE_CURVE('',#2160,#2164,#891,.T.);
#2713=EDGE_CURVE('',#2165,#2164,#892,.T.);
#2714=EDGE_CURVE('',#2162,#2165,#893,.T.);
#2715=EDGE_CURVE('',#2166,#2167,#1770,.T.);
#2716=EDGE_CURVE('',#2166,#2168,#894,.T.);
#2717=EDGE_CURVE('',#2168,#2169,#1771,.T.);
#2718=EDGE_CURVE('',#2169,#2167,#895,.T.);
#2719=EDGE_CURVE('',#2170,#2161,#896,.T.);
#2720=EDGE_CURVE('',#2171,#2170,#897,.T.);
#2721=EDGE_CURVE('',#2172,#2171,#898,.T.);
#2722=EDGE_CURVE('',#2173,#2172,#1772,.T.);
#2723=EDGE_CURVE('',#2174,#2173,#899,.T.);
#2724=EDGE_CURVE('',#2175,#2174,#900,.T.);
#2725=EDGE_CURVE('',#2166,#2175,#901,.T.);
#2726=EDGE_CURVE('',#2176,#2167,#902,.T.);
#2727=EDGE_CURVE('',#2177,#2176,#1773,.T.);
#2728=EDGE_CURVE('',#2178,#2177,#903,.T.);
#2729=EDGE_CURVE('',#2178,#2179,#904,.T.);
#2730=EDGE_CURVE('',#2179,#2180,#905,.T.);
#2731=EDGE_CURVE('',#2180,#2181,#1774,.T.);
#2732=EDGE_CURVE('',#2181,#2147,#906,.T.);
#2733=EDGE_CURVE('',#2153,#2182,#1775,.T.);
#2734=EDGE_CURVE('',#2182,#2183,#907,.T.);
#2735=EDGE_CURVE('',#2183,#2184,#908,.T.);
#2736=EDGE_CURVE('',#2185,#2184,#909,.T.);
#2737=EDGE_CURVE('',#2164,#2185,#1776,.T.);
#2738=EDGE_CURVE('',#2186,#2186,#1777,.T.);
#2739=EDGE_CURVE('',#2187,#2169,#910,.T.);
#2740=EDGE_CURVE('',#2176,#2187,#911,.T.);
#2741=EDGE_CURVE('',#2188,#2189,#912,.T.);
#2742=EDGE_CURVE('',#2190,#2188,#1778,.T.);
#2743=EDGE_CURVE('',#2191,#2190,#913,.T.);
#2744=EDGE_CURVE('',#2192,#2191,#1779,.T.);
#2745=EDGE_CURVE('',#2193,#2192,#914,.T.);
#2746=EDGE_CURVE('',#2194,#2193,#1780,.T.);
#2747=EDGE_CURVE('',#2195,#2194,#1781,.T.);
#2748=EDGE_CURVE('',#2196,#2195,#1782,.T.);
#2749=EDGE_CURVE('',#2197,#2196,#915,.T.);
#2750=EDGE_CURVE('',#2198,#2197,#1783,.T.);
#2751=EDGE_CURVE('',#2199,#2198,#1784,.T.);
#2752=EDGE_CURVE('',#2200,#2199,#1785,.T.);
#2753=EDGE_CURVE('',#2201,#2200,#916,.T.);
#2754=EDGE_CURVE('',#2202,#2201,#1786,.T.);
#2755=EDGE_CURVE('',#2203,#2202,#1787,.T.);
#2756=EDGE_CURVE('',#2204,#2203,#1788,.T.);
#2757=EDGE_CURVE('',#2205,#2204,#917,.T.);
#2758=EDGE_CURVE('',#2206,#2205,#1789,.T.);
#2759=EDGE_CURVE('',#2207,#2206,#1790,.T.);
#2760=EDGE_CURVE('',#2208,#2207,#1791,.T.);
#2761=EDGE_CURVE('',#2209,#2208,#918,.T.);
#2762=EDGE_CURVE('',#2210,#2209,#1792,.T.);
#2763=EDGE_CURVE('',#2211,#2210,#919,.T.);
#2764=EDGE_CURVE('',#2212,#2211,#1793,.T.);
#2765=EDGE_CURVE('',#2213,#2212,#920,.T.);
#2766=EDGE_CURVE('',#2214,#2213,#1794,.T.);
#2767=EDGE_CURVE('',#2215,#2214,#1795,.T.);
#2768=EDGE_CURVE('',#2216,#2215,#1796,.T.);
#2769=EDGE_CURVE('',#2217,#2216,#921,.T.);
#2770=EDGE_CURVE('',#2218,#2217,#1797,.T.);
#2771=EDGE_CURVE('',#2219,#2218,#1798,.T.);
#2772=EDGE_CURVE('',#2220,#2219,#1799,.T.);
#2773=EDGE_CURVE('',#2221,#2220,#922,.T.);
#2774=EDGE_CURVE('',#2222,#2221,#1800,.T.);
#2775=EDGE_CURVE('',#2223,#2222,#1801,.T.);
#2776=EDGE_CURVE('',#2224,#2223,#1802,.T.);
#2777=EDGE_CURVE('',#2225,#2224,#923,.T.);
#2778=EDGE_CURVE('',#2226,#2225,#1803,.T.);
#2779=EDGE_CURVE('',#2227,#2226,#1804,.T.);
#2780=EDGE_CURVE('',#2189,#2227,#1805,.T.);
#2781=EDGE_CURVE('',#2228,#2165,#1806,.T.);
#2782=EDGE_CURVE('',#2228,#2229,#924,.T.);
#2783=EDGE_CURVE('',#2187,#2229,#1807,.T.);
#2784=EDGE_CURVE('',#2168,#2230,#925,.T.);
#2785=EDGE_CURVE('',#2230,#2231,#926,.T.);
#2786=EDGE_CURVE('',#2231,#2232,#927,.T.);
#2787=EDGE_CURVE('',#2232,#2233,#1808,.T.);
#2788=EDGE_CURVE('',#2233,#2234,#928,.T.);
#2789=EDGE_CURVE('',#2234,#2235,#929,.T.);
#2790=EDGE_CURVE('',#2235,#2163,#930,.T.);
#2791=EDGE_CURVE('',#2236,#2237,#1809,.T.);
#2792=EDGE_CURVE('',#2237,#2236,#1810,.T.);
#2793=EDGE_CURVE('',#2238,#2239,#1811,.T.);
#2794=EDGE_CURVE('',#2239,#2238,#1812,.T.);
#2795=EDGE_CURVE('',#2240,#2241,#1813,.T.);
#2796=EDGE_CURVE('',#2241,#2240,#1814,.T.);
#2797=EDGE_CURVE('',#2242,#2243,#1815,.T.);
#2798=EDGE_CURVE('',#2243,#2242,#1816,.T.);
#2799=EDGE_CURVE('',#2244,#2245,#1817,.T.);
#2800=EDGE_CURVE('',#2245,#2244,#1818,.T.);
#2801=EDGE_CURVE('',#2246,#2247,#1819,.T.);
#2802=EDGE_CURVE('',#2247,#2246,#1820,.T.);
#2803=EDGE_CURVE('',#2145,#2248,#931,.T.);
#2804=EDGE_CURVE('',#2248,#2249,#1821,.T.);
#2805=EDGE_CURVE('',#2249,#2250,#932,.T.);
#2806=EDGE_CURVE('',#2250,#2152,#1822,.T.);
#2807=EDGE_CURVE('',#2251,#2252,#1823,.T.);
#2808=EDGE_CURVE('',#2252,#2251,#1824,.T.);
#2809=EDGE_CURVE('',#2253,#2254,#1825,.T.);
#2810=EDGE_CURVE('',#2254,#2253,#1826,.T.);
#2811=EDGE_CURVE('',#2248,#2181,#933,.T.);
#2812=EDGE_CURVE('',#2159,#2255,#934,.T.);
#2813=EDGE_CURVE('',#2255,#2256,#935,.T.);
#2814=EDGE_CURVE('',#2256,#2257,#936,.T.);
#2815=EDGE_CURVE('',#2257,#2258,#937,.T.);
#2816=EDGE_CURVE('',#2258,#2132,#938,.T.);
#2817=EDGE_CURVE('',#2259,#2260,#939,.T.);
#2818=EDGE_CURVE('',#2259,#2261,#940,.T.);
#2819=EDGE_CURVE('',#2262,#2261,#941,.T.);
#2820=EDGE_CURVE('',#2260,#2262,#942,.T.);
#2821=EDGE_CURVE('',#2157,#2259,#1827,.T.);
#2822=EDGE_CURVE('',#2261,#2156,#1828,.T.);
#2823=EDGE_CURVE('',#2263,#2134,#1829,.T.);
#2824=EDGE_CURVE('',#2263,#2264,#943,.T.);
#2825=EDGE_CURVE('',#2135,#2264,#1830,.T.);
#2826=EDGE_CURVE('',#2265,#2263,#944,.T.);
#2827=EDGE_CURVE('',#2266,#2265,#945,.T.);
#2828=EDGE_CURVE('',#2264,#2266,#946,.T.);
#2829=EDGE_CURVE('',#2267,#2266,#947,.T.);
#2830=EDGE_CURVE('',#2268,#2267,#948,.T.);
#2831=EDGE_CURVE('',#2136,#2268,#949,.T.);
#2832=EDGE_CURVE('',#2269,#2270,#1831,.T.);
#2833=EDGE_CURVE('',#2270,#2271,#950,.T.);
#2834=EDGE_CURVE('',#2271,#2272,#1832,.T.);
#2835=EDGE_CURVE('',#2272,#2273,#1833,.T.);
#2836=EDGE_CURVE('',#2273,#2274,#1834,.T.);
#2837=EDGE_CURVE('',#2274,#2275,#951,.T.);
#2838=EDGE_CURVE('',#2275,#2276,#1835,.T.);
#2839=EDGE_CURVE('',#2276,#2277,#1836,.T.);
#2840=EDGE_CURVE('',#2277,#2278,#1837,.T.);
#2841=EDGE_CURVE('',#2278,#2279,#952,.T.);
#2842=EDGE_CURVE('',#2279,#2280,#1838,.T.);
#2843=EDGE_CURVE('',#2280,#2281,#953,.T.);
#2844=EDGE_CURVE('',#2281,#2282,#1839,.T.);
#2845=EDGE_CURVE('',#2282,#2283,#954,.T.);
#2846=EDGE_CURVE('',#2283,#2284,#1840,.T.);
#2847=EDGE_CURVE('',#2284,#2285,#1841,.T.);
#2848=EDGE_CURVE('',#2285,#2286,#1842,.T.);
#2849=EDGE_CURVE('',#2286,#2287,#955,.T.);
#2850=EDGE_CURVE('',#2287,#2288,#1843,.T.);
#2851=EDGE_CURVE('',#2288,#2289,#1844,.T.);
#2852=EDGE_CURVE('',#2289,#2290,#1845,.T.);
#2853=EDGE_CURVE('',#2290,#2291,#956,.T.);
#2854=EDGE_CURVE('',#2291,#2292,#1846,.T.);
#2855=EDGE_CURVE('',#2292,#2293,#1847,.T.);
#2856=EDGE_CURVE('',#2293,#2294,#1848,.T.);
#2857=EDGE_CURVE('',#2294,#2295,#957,.T.);
#2858=EDGE_CURVE('',#2295,#2296,#1849,.T.);
#2859=EDGE_CURVE('',#2296,#2297,#1850,.T.);
#2860=EDGE_CURVE('',#2297,#2298,#1851,.T.);
#2861=EDGE_CURVE('',#2298,#2299,#958,.T.);
#2862=EDGE_CURVE('',#2299,#2300,#1852,.T.);
#2863=EDGE_CURVE('',#2300,#2301,#959,.T.);
#2864=EDGE_CURVE('',#2301,#2302,#1853,.T.);
#2865=EDGE_CURVE('',#2302,#2303,#960,.T.);
#2866=EDGE_CURVE('',#2303,#2304,#1854,.T.);
#2867=EDGE_CURVE('',#2304,#2305,#1855,.T.);
#2868=EDGE_CURVE('',#2305,#2306,#1856,.T.);
#2869=EDGE_CURVE('',#2306,#2307,#961,.T.);
#2870=EDGE_CURVE('',#2307,#2308,#1857,.T.);
#2871=EDGE_CURVE('',#2308,#2269,#1858,.T.);
#2872=EDGE_CURVE('',#2262,#2309,#962,.T.);
#2873=EDGE_CURVE('',#2309,#2310,#1859,.T.);
#2874=EDGE_CURVE('',#2310,#2311,#1860,.T.);
#2875=EDGE_CURVE('',#2311,#2312,#963,.T.);
#2876=EDGE_CURVE('',#2312,#2313,#1861,.T.);
#2877=EDGE_CURVE('',#2313,#2314,#964,.T.);
#2878=EDGE_CURVE('',#2314,#2315,#1862,.T.);
#2879=EDGE_CURVE('',#2315,#2316,#965,.T.);
#2880=EDGE_CURVE('',#2316,#2317,#1863,.T.);
#2881=EDGE_CURVE('',#2317,#2318,#966,.T.);
#2882=EDGE_CURVE('',#2318,#2319,#967,.T.);
#2883=EDGE_CURVE('',#2319,#2320,#1864,.T.);
#2884=EDGE_CURVE('',#2320,#2321,#968,.T.);
#2885=EDGE_CURVE('',#2321,#2322,#969,.T.);
#2886=EDGE_CURVE('',#2322,#2323,#970,.T.);
#2887=EDGE_CURVE('',#2323,#2324,#1865,.T.);
#2888=EDGE_CURVE('',#2324,#2325,#971,.T.);
#2889=EDGE_CURVE('',#2325,#2326,#972,.T.);
#2890=EDGE_CURVE('',#2326,#2327,#1866,.T.);
#2891=EDGE_CURVE('',#2327,#2328,#973,.T.);
#2892=EDGE_CURVE('',#2328,#2329,#1867,.T.);
#2893=EDGE_CURVE('',#2329,#2330,#974,.T.);
#2894=EDGE_CURVE('',#2330,#2331,#1868,.T.);
#2895=EDGE_CURVE('',#2331,#2332,#975,.T.);
#2896=EDGE_CURVE('',#2332,#2333,#1869,.T.);
#2897=EDGE_CURVE('',#2333,#2267,#1870,.T.);
#2898=EDGE_CURVE('',#2265,#2334,#1871,.T.);
#2899=EDGE_CURVE('',#2334,#2335,#976,.T.);
#2900=EDGE_CURVE('',#2335,#2336,#977,.T.);
#2901=EDGE_CURVE('',#2336,#2337,#1872,.T.);
#2902=EDGE_CURVE('',#2337,#2338,#978,.T.);
#2903=EDGE_CURVE('',#2338,#2339,#979,.T.);
#2904=EDGE_CURVE('',#2339,#2340,#980,.T.);
#2905=EDGE_CURVE('',#2340,#2341,#1873,.T.);
#2906=EDGE_CURVE('',#2341,#2342,#981,.T.);
#2907=EDGE_CURVE('',#2342,#2343,#982,.T.);
#2908=EDGE_CURVE('',#2343,#2260,#1874,.T.);
#2909=EDGE_CURVE('',#2344,#2345,#1875,.T.);
#2910=EDGE_CURVE('',#2345,#2344,#1876,.T.);
#2911=EDGE_CURVE('',#2346,#2347,#1877,.T.);
#2912=EDGE_CURVE('',#2347,#2346,#1878,.T.);
#2913=EDGE_CURVE('',#2348,#2348,#1879,.T.);
#2914=EDGE_CURVE('',#2349,#2349,#1880,.T.);
#2915=EDGE_CURVE('',#2350,#2350,#1881,.T.);
#2916=EDGE_CURVE('',#2351,#2351,#1882,.T.);
#2917=EDGE_CURVE('',#2137,#2352,#983,.T.);
#2918=EDGE_CURVE('',#2352,#2353,#984,.T.);
#2919=EDGE_CURVE('',#2354,#2353,#1883,.T.);
#2920=EDGE_CURVE('',#2355,#2354,#985,.T.);
#2921=EDGE_CURVE('',#2356,#2355,#1884,.T.);
#2922=EDGE_CURVE('',#2357,#2356,#986,.T.);
#2923=EDGE_CURVE('',#2357,#2358,#987,.T.);
#2924=EDGE_CURVE('',#2358,#2359,#988,.T.);
#2925=EDGE_CURVE('',#2360,#2359,#1885,.T.);
#2926=EDGE_CURVE('',#2360,#2361,#989,.T.);
#2927=EDGE_CURVE('',#2362,#2361,#1886,.T.);
#2928=EDGE_CURVE('',#2363,#2362,#990,.T.);
#2929=EDGE_CURVE('',#2363,#2154,#991,.T.);
#2930=EDGE_CURVE('',#2364,#2155,#992,.T.);
#2931=EDGE_CURVE('',#2309,#2364,#993,.T.);
#2932=EDGE_CURVE('',#2365,#2259,#994,.T.);
#2933=EDGE_CURVE('',#2158,#2365,#995,.T.);
#2934=EDGE_CURVE('',#2366,#2133,#996,.T.);
#2935=EDGE_CURVE('',#2263,#2366,#997,.T.);
#2936=EDGE_CURVE('',#2367,#2364,#1887,.T.);
#2937=EDGE_CURVE('',#2310,#2367,#998,.T.);
#2938=EDGE_CURVE('',#2343,#2368,#999,.T.);
#2939=EDGE_CURVE('',#2365,#2368,#1888,.T.);
#2940=EDGE_CURVE('',#2363,#2369,#1000,.T.);
#2941=EDGE_CURVE('',#2369,#2370,#1889,.T.);
#2942=EDGE_CURVE('',#2370,#2371,#1001,.T.);
#2943=EDGE_CURVE('',#2371,#2372,#1890,.T.);
#2944=EDGE_CURVE('',#2372,#2358,#1002,.T.);
#2945=EDGE_CURVE('',#2357,#2373,#1003,.T.);
#2946=EDGE_CURVE('',#2373,#2374,#1891,.T.);
#2947=EDGE_CURVE('',#2374,#2375,#1004,.T.);
#2948=EDGE_CURVE('',#2375,#2376,#1892,.T.);
#2949=EDGE_CURVE('',#2376,#2352,#1005,.T.);
#2950=EDGE_CURVE('',#2268,#2377,#1893,.T.);
#2951=EDGE_CURVE('',#2378,#2377,#1894,.T.);
#2952=EDGE_CURVE('',#2379,#2378,#1006,.T.);
#2953=EDGE_CURVE('',#2380,#2379,#1895,.T.);
#2954=EDGE_CURVE('',#2381,#2380,#1007,.T.);
#2955=EDGE_CURVE('',#2382,#2381,#1896,.T.);
#2956=EDGE_CURVE('',#2383,#2382,#1008,.T.);
#2957=EDGE_CURVE('',#2384,#2383,#1897,.T.);
#2958=EDGE_CURVE('',#2385,#2384,#1009,.T.);
#2959=EDGE_CURVE('',#2386,#2385,#1010,.T.);
#2960=EDGE_CURVE('',#2387,#2386,#1898,.T.);
#2961=EDGE_CURVE('',#2388,#2387,#1011,.T.);
#2962=EDGE_CURVE('',#2389,#2388,#1012,.T.);
#2963=EDGE_CURVE('',#2390,#2389,#1013,.T.);
#2964=EDGE_CURVE('',#2391,#2390,#1899,.T.);
#2965=EDGE_CURVE('',#2392,#2391,#1014,.T.);
#2966=EDGE_CURVE('',#2393,#2392,#1015,.T.);
#2967=EDGE_CURVE('',#2394,#2393,#1900,.T.);
#2968=EDGE_CURVE('',#2395,#2394,#1016,.T.);
#2969=EDGE_CURVE('',#2396,#2395,#1901,.T.);
#2970=EDGE_CURVE('',#2397,#2396,#1017,.T.);
#2971=EDGE_CURVE('',#2398,#2397,#1902,.T.);
#2972=EDGE_CURVE('',#2399,#2398,#1018,.T.);
#2973=EDGE_CURVE('',#2367,#2399,#1903,.T.);
#2974=EDGE_CURVE('',#2400,#2368,#1019,.T.);
#2975=EDGE_CURVE('',#2401,#2400,#1020,.T.);
#2976=EDGE_CURVE('',#2402,#2401,#1904,.T.);
#2977=EDGE_CURVE('',#2403,#2402,#1021,.T.);
#2978=EDGE_CURVE('',#2404,#2403,#1022,.T.);
#2979=EDGE_CURVE('',#2405,#2404,#1023,.T.);
#2980=EDGE_CURVE('',#2406,#2405,#1905,.T.);
#2981=EDGE_CURVE('',#2407,#2406,#1024,.T.);
#2982=EDGE_CURVE('',#2408,#2407,#1025,.T.);
#2983=EDGE_CURVE('',#2408,#2366,#1906,.T.);
#2984=EDGE_CURVE('',#2409,#2258,#1026,.T.);
#2985=EDGE_CURVE('',#2410,#2409,#1907,.T.);
#2986=EDGE_CURVE('',#2255,#2410,#1027,.T.);
#2987=EDGE_CURVE('',#2411,#2412,#1908,.T.);
#2988=EDGE_CURVE('',#2412,#2411,#1909,.T.);
#2989=EDGE_CURVE('',#2413,#2414,#1910,.T.);
#2990=EDGE_CURVE('',#2414,#2413,#1911,.T.);
#2991=EDGE_CURVE('',#2415,#2416,#1912,.T.);
#2992=EDGE_CURVE('',#2416,#2415,#1913,.T.);
#2993=EDGE_CURVE('',#2417,#2418,#1914,.T.);
#2994=EDGE_CURVE('',#2418,#2417,#1915,.T.);
#2995=EDGE_CURVE('',#2419,#2420,#1916,.T.);
#2996=EDGE_CURVE('',#2420,#2419,#1917,.T.);
#2997=EDGE_CURVE('',#2377,#2333,#1028,.T.);
#2998=EDGE_CURVE('',#2421,#2422,#1918,.T.);
#2999=EDGE_CURVE('',#2422,#2421,#1919,.T.);
#3000=EDGE_CURVE('',#2421,#2423,#1029,.T.);
#3001=EDGE_CURVE('',#2424,#2423,#1920,.T.);
#3002=EDGE_CURVE('',#2423,#2424,#1921,.T.);
#3003=EDGE_CURVE('',#2347,#2422,#1030,.T.);
#3004=EDGE_CURVE('',#2425,#2426,#1922,.T.);
#3005=EDGE_CURVE('',#2426,#2425,#1923,.T.);
#3006=EDGE_CURVE('',#2425,#2427,#1031,.T.);
#3007=EDGE_CURVE('',#2428,#2427,#1924,.T.);
#3008=EDGE_CURVE('',#2427,#2428,#1925,.T.);
#3009=EDGE_CURVE('',#2345,#2426,#1032,.T.);
#3010=EDGE_CURVE('',#2247,#2428,#1033,.T.);
#3011=EDGE_CURVE('',#2245,#2424,#1034,.T.);
#3012=EDGE_CURVE('',#2334,#2408,#1035,.T.);
#3013=EDGE_CURVE('',#2332,#2378,#1036,.T.);
#3014=EDGE_CURVE('',#2429,#2429,#1926,.T.);
#3015=EDGE_CURVE('',#2429,#2430,#1927,.T.);
#3016=EDGE_CURVE('',#2430,#2430,#1928,.T.);
#3017=EDGE_CURVE('',#2403,#2339,#1037,.T.);
#3018=EDGE_CURVE('',#2338,#2404,#1038,.T.);
#3019=EDGE_CURVE('',#2431,#2431,#1929,.T.);
#3020=EDGE_CURVE('',#2432,#2433,#1039,.T.);
#3021=EDGE_CURVE('',#2433,#2434,#1040,.T.);
#3022=EDGE_CURVE('',#2434,#2435,#1041,.T.);
#3023=EDGE_CURVE('',#2432,#2435,#1042,.T.);
#3024=EDGE_CURVE('',#2433,#2436,#1043,.T.);
#3025=EDGE_CURVE('',#2437,#2436,#1044,.T.);
#3026=EDGE_CURVE('',#2437,#2434,#1045,.T.);
#3027=EDGE_CURVE('',#2438,#2439,#1046,.T.);
#3028=EDGE_CURVE('',#2440,#2439,#1047,.T.);
#3029=EDGE_CURVE('',#2440,#2441,#1048,.T.);
#3030=EDGE_CURVE('',#2438,#2441,#1049,.T.);
#3031=EDGE_CURVE('',#2439,#2442,#1050,.T.);
#3032=EDGE_CURVE('',#2443,#2442,#1051,.T.);
#3033=EDGE_CURVE('',#2443,#2440,#1052,.T.);
#3034=EDGE_CURVE('',#2313,#2397,#1053,.T.);
#3035=EDGE_CURVE('',#2312,#2398,#1054,.T.);
#3036=EDGE_CURVE('',#2314,#2396,#1055,.T.);
#3037=EDGE_CURVE('',#2315,#2395,#1056,.T.);
#3038=EDGE_CURVE('',#2316,#2394,#1057,.T.);
#3039=EDGE_CURVE('',#2317,#2393,#1058,.T.);
#3040=EDGE_CURVE('',#2318,#2392,#1059,.T.);
#3041=EDGE_CURVE('',#2319,#2391,#1060,.T.);
#3042=EDGE_CURVE('',#2320,#2390,#1061,.T.);
#3043=EDGE_CURVE('',#2321,#2389,#1062,.T.);
#3044=EDGE_CURVE('',#2322,#2388,#1063,.T.);
#3045=EDGE_CURVE('',#2444,#2444,#1930,.T.);
#3046=EDGE_CURVE('',#2445,#2445,#1931,.T.);
#3047=EDGE_CURVE('',#2323,#2387,#1064,.T.);
#3048=EDGE_CURVE('',#2324,#2386,#1065,.T.);
#3049=EDGE_CURVE('',#2325,#2385,#1066,.T.);
#3050=EDGE_CURVE('',#2326,#2384,#1067,.T.);
#3051=EDGE_CURVE('',#2446,#2447,#1932,.T.);
#3052=EDGE_CURVE('',#2447,#2448,#1068,.T.);
#3053=EDGE_CURVE('',#2448,#2449,#1933,.T.);
#3054=EDGE_CURVE('',#2449,#2446,#1069,.T.);
#3055=EDGE_CURVE('',#2327,#2383,#1070,.T.);
#3056=EDGE_CURVE('',#2328,#2382,#1071,.T.);
#3057=EDGE_CURVE('',#2329,#2381,#1072,.T.);
#3058=EDGE_CURVE('',#2330,#2380,#1073,.T.);
#3059=EDGE_CURVE('',#2331,#2379,#1074,.T.);
#3060=EDGE_CURVE('',#2450,#2451,#1934,.T.);
#3061=EDGE_CURVE('',#2449,#2450,#1075,.T.);
#3062=EDGE_CURVE('',#2448,#2451,#1076,.T.);
#3063=EDGE_CURVE('',#2451,#2452,#1077,.T.);
#3064=EDGE_CURVE('',#2447,#2452,#1078,.T.);
#3065=EDGE_CURVE('',#2452,#2453,#1935,.T.);
#3066=EDGE_CURVE('',#2446,#2453,#1079,.T.);
#3067=EDGE_CURVE('',#2453,#2450,#1080,.T.);
#3068=EDGE_CURVE('',#2454,#2455,#1936,.T.);
#3069=EDGE_CURVE('',#2455,#2456,#1081,.T.);
#3070=EDGE_CURVE('',#2456,#2457,#1937,.T.);
#3071=EDGE_CURVE('',#2457,#2454,#1082,.T.);
#3072=EDGE_CURVE('',#2458,#2455,#1083,.T.);
#3073=EDGE_CURVE('',#2459,#2458,#1084,.T.);
#3074=EDGE_CURVE('',#2456,#2459,#1085,.T.);
#3075=EDGE_CURVE('',#2460,#2461,#1938,.T.);
#3076=EDGE_CURVE('',#2461,#2462,#1086,.T.);
#3077=EDGE_CURVE('',#2462,#2463,#1939,.T.);
#3078=EDGE_CURVE('',#2463,#2460,#1087,.T.);
#3079=EDGE_CURVE('',#2464,#2461,#1088,.T.);
#3080=EDGE_CURVE('',#2465,#2464,#1089,.T.);
#3081=EDGE_CURVE('',#2462,#2465,#1090,.T.);
#3082=EDGE_CURVE('',#2465,#2458,#1940,.T.);
#3083=EDGE_CURVE('',#2463,#2454,#1091,.T.);
#3084=EDGE_CURVE('',#2466,#2466,#1941,.T.);
#3085=EDGE_CURVE('',#2467,#2467,#1942,.T.);
#3086=EDGE_CURVE('',#2467,#2466,#1092,.T.);
#3087=EDGE_CURVE('',#2459,#2464,#1943,.T.);
#3088=EDGE_CURVE('',#2457,#2460,#1093,.T.);
#3089=EDGE_CURVE('',#2468,#2469,#1944,.T.);
#3090=EDGE_CURVE('',#2469,#2468,#1945,.T.);
#3091=EDGE_CURVE('',#2469,#2412,#1094,.T.);
#3092=EDGE_CURVE('',#2269,#2470,#1095,.T.);
#3093=EDGE_CURVE('',#2470,#2471,#1946,.T.);
#3094=EDGE_CURVE('',#2270,#2471,#1096,.T.);
#3095=EDGE_CURVE('',#2308,#2472,#1097,.T.);
#3096=EDGE_CURVE('',#2472,#2470,#1947,.T.);
#3097=EDGE_CURVE('',#2307,#2473,#1098,.T.);
#3098=EDGE_CURVE('',#2473,#2472,#1948,.T.);
#3099=EDGE_CURVE('',#2306,#2474,#1099,.T.);
#3100=EDGE_CURVE('',#2474,#2473,#1100,.T.);
#3101=EDGE_CURVE('',#2305,#2475,#1101,.T.);
#3102=EDGE_CURVE('',#2475,#2474,#1949,.T.);
#3103=EDGE_CURVE('',#2304,#2476,#1102,.T.);
#3104=EDGE_CURVE('',#2476,#2475,#1950,.T.);
#3105=EDGE_CURVE('',#2303,#2477,#1103,.T.);
#3106=EDGE_CURVE('',#2477,#2476,#1951,.T.);
#3107=EDGE_CURVE('',#2302,#2478,#1104,.T.);
#3108=EDGE_CURVE('',#2478,#2477,#1105,.T.);
#3109=EDGE_CURVE('',#2301,#2479,#1106,.T.);
#3110=EDGE_CURVE('',#2479,#2478,#1952,.T.);
#3111=EDGE_CURVE('',#2300,#2480,#1107,.T.);
#3112=EDGE_CURVE('',#2480,#2479,#1108,.T.);
#3113=EDGE_CURVE('',#2299,#2481,#1109,.T.);
#3114=EDGE_CURVE('',#2481,#2480,#1953,.T.);
#3115=EDGE_CURVE('',#2298,#2482,#1110,.T.);
#3116=EDGE_CURVE('',#2482,#2481,#1111,.T.);
#3117=EDGE_CURVE('',#2297,#2483,#1112,.T.);
#3118=EDGE_CURVE('',#2483,#2482,#1954,.T.);
#3119=EDGE_CURVE('',#2296,#2484,#1113,.T.);
#3120=EDGE_CURVE('',#2484,#2483,#1955,.T.);
#3121=EDGE_CURVE('',#2295,#2485,#1114,.T.);
#3122=EDGE_CURVE('',#2485,#2484,#1956,.T.);
#3123=EDGE_CURVE('',#2294,#2486,#1115,.T.);
#3124=EDGE_CURVE('',#2486,#2485,#1116,.T.);
#3125=EDGE_CURVE('',#2293,#2487,#1117,.T.);
#3126=EDGE_CURVE('',#2487,#2486,#1957,.T.);
#3127=EDGE_CURVE('',#2292,#2488,#1118,.T.);
#3128=EDGE_CURVE('',#2488,#2487,#1958,.T.);
#3129=EDGE_CURVE('',#2291,#2489,#1119,.T.);
#3130=EDGE_CURVE('',#2489,#2488,#1959,.T.);
#3131=EDGE_CURVE('',#2290,#2490,#1120,.T.);
#3132=EDGE_CURVE('',#2490,#2489,#1121,.T.);
#3133=EDGE_CURVE('',#2289,#2491,#1122,.T.);
#3134=EDGE_CURVE('',#2491,#2490,#1960,.T.);
#3135=EDGE_CURVE('',#2288,#2492,#1123,.T.);
#3136=EDGE_CURVE('',#2492,#2491,#1961,.T.);
#3137=EDGE_CURVE('',#2287,#2493,#1124,.T.);
#3138=EDGE_CURVE('',#2493,#2492,#1962,.T.);
#3139=EDGE_CURVE('',#2286,#2494,#1125,.T.);
#3140=EDGE_CURVE('',#2494,#2493,#1126,.T.);
#3141=EDGE_CURVE('',#2285,#2495,#1127,.T.);
#3142=EDGE_CURVE('',#2495,#2494,#1963,.T.);
#3143=EDGE_CURVE('',#2284,#2496,#1128,.T.);
#3144=EDGE_CURVE('',#2496,#2495,#1964,.T.);
#3145=EDGE_CURVE('',#2283,#2497,#1129,.T.);
#3146=EDGE_CURVE('',#2497,#2496,#1965,.T.);
#3147=EDGE_CURVE('',#2282,#2498,#1130,.T.);
#3148=EDGE_CURVE('',#2498,#2497,#1131,.T.);
#3149=EDGE_CURVE('',#2281,#2499,#1132,.T.);
#3150=EDGE_CURVE('',#2499,#2498,#1966,.T.);
#3151=EDGE_CURVE('',#2280,#2500,#1133,.T.);
#3152=EDGE_CURVE('',#2500,#2499,#1134,.T.);
#3153=EDGE_CURVE('',#2279,#2501,#1135,.T.);
#3154=EDGE_CURVE('',#2501,#2500,#1967,.T.);
#3155=EDGE_CURVE('',#2278,#2502,#1136,.T.);
#3156=EDGE_CURVE('',#2502,#2501,#1137,.T.);
#3157=EDGE_CURVE('',#2277,#2503,#1138,.T.);
#3158=EDGE_CURVE('',#2503,#2502,#1968,.T.);
#3159=EDGE_CURVE('',#2276,#2504,#1139,.T.);
#3160=EDGE_CURVE('',#2504,#2503,#1969,.T.);
#3161=EDGE_CURVE('',#2275,#2505,#1140,.T.);
#3162=EDGE_CURVE('',#2505,#2504,#1970,.T.);
#3163=EDGE_CURVE('',#2274,#2506,#1141,.T.);
#3164=EDGE_CURVE('',#2506,#2505,#1142,.T.);
#3165=EDGE_CURVE('',#2273,#2507,#1143,.T.);
#3166=EDGE_CURVE('',#2507,#2506,#1971,.T.);
#3167=EDGE_CURVE('',#2272,#2508,#1144,.T.);
#3168=EDGE_CURVE('',#2508,#2507,#1972,.T.);
#3169=EDGE_CURVE('',#2271,#2509,#1145,.T.);
#3170=EDGE_CURVE('',#2509,#2508,#1973,.T.);
#3171=EDGE_CURVE('',#2471,#2509,#1146,.T.);
#3172=EDGE_CURVE('',#2400,#2342,#1147,.T.);
#3173=EDGE_CURVE('',#2410,#2510,#1148,.T.);
#3174=EDGE_CURVE('',#2256,#2510,#1149,.T.);
#3175=EDGE_CURVE('',#2409,#2511,#1150,.T.);
#3176=EDGE_CURVE('',#2510,#2511,#1974,.T.);
#3177=EDGE_CURVE('',#2511,#2257,#1151,.T.);
#3178=EDGE_CURVE('',#2335,#2407,#1152,.T.);
#3179=EDGE_CURVE('',#2442,#2432,#1153,.T.);
#3180=EDGE_CURVE('',#2435,#2443,#1154,.T.);
#3181=EDGE_CURVE('',#2311,#2399,#1155,.T.);
#3182=EDGE_CURVE('',#2512,#2513,#1975,.T.);
#3183=EDGE_CURVE('',#2513,#2354,#1156,.T.);
#3184=EDGE_CURVE('',#2353,#2512,#1157,.T.);
#3185=EDGE_CURVE('',#2514,#2513,#1158,.T.);
#3186=EDGE_CURVE('',#2355,#2514,#1159,.T.);
#3187=EDGE_CURVE('',#2514,#2515,#1976,.T.);
#3188=EDGE_CURVE('',#2515,#2356,#1160,.T.);
#3189=EDGE_CURVE('',#2516,#2517,#1977,.T.);
#3190=EDGE_CURVE('',#2517,#2360,#1161,.T.);
#3191=EDGE_CURVE('',#2359,#2516,#1162,.T.);
#3192=EDGE_CURVE('',#2517,#2518,#1163,.T.);
#3193=EDGE_CURVE('',#2361,#2518,#1164,.T.);
#3194=EDGE_CURVE('',#2518,#2519,#1978,.T.);
#3195=EDGE_CURVE('',#2519,#2362,#1165,.T.);
#3196=EDGE_CURVE('',#2520,#2515,#1166,.T.);
#3197=EDGE_CURVE('',#2521,#2520,#1167,.T.);
#3198=EDGE_CURVE('',#2521,#2522,#1168,.T.);
#3199=EDGE_CURVE('',#2373,#2522,#1169,.T.);
#3200=EDGE_CURVE('',#2523,#2372,#1170,.T.);
#3201=EDGE_CURVE('',#2523,#2524,#1171,.T.);
#3202=EDGE_CURVE('',#2525,#2524,#1172,.T.);
#3203=EDGE_CURVE('',#2516,#2525,#1173,.T.);
#3204=EDGE_CURVE('',#2179,#2519,#1174,.T.);
#3205=EDGE_CURVE('',#2178,#2526,#1175,.T.);
#3206=EDGE_CURVE('',#2369,#2526,#1176,.T.);
#3207=EDGE_CURVE('',#2527,#2436,#1177,.T.);
#3208=EDGE_CURVE('',#2528,#2527,#1178,.T.);
#3209=EDGE_CURVE('',#2528,#2437,#1179,.T.);
#3210=EDGE_CURVE('',#2529,#2438,#1180,.T.);
#3211=EDGE_CURVE('',#2527,#2529,#1181,.T.);
#3212=EDGE_CURVE('',#2530,#2528,#1182,.T.);
#3213=EDGE_CURVE('',#2530,#2441,#1183,.T.);
#3214=EDGE_CURVE('',#2529,#2530,#1184,.T.);
#3215=EDGE_CURVE('',#2531,#2532,#1979,.T.);
#3216=EDGE_CURVE('',#2531,#2376,#1185,.T.);
#3217=EDGE_CURVE('',#2532,#2375,#1186,.T.);
#3218=EDGE_CURVE('',#2532,#2533,#1187,.T.);
#3219=EDGE_CURVE('',#2533,#2522,#1980,.T.);
#3220=EDGE_CURVE('',#2184,#2521,#1188,.T.);
#3221=EDGE_CURVE('',#2531,#2184,#1189,.T.);
#3222=EDGE_CURVE('',#2533,#2374,#1190,.T.);
#3223=EDGE_CURVE('',#2534,#2526,#1981,.T.);
#3224=EDGE_CURVE('',#2534,#2370,#1191,.T.);
#3225=EDGE_CURVE('',#2535,#2534,#1192,.T.);
#3226=EDGE_CURVE('',#2535,#2371,#1193,.T.);
#3227=EDGE_CURVE('',#2523,#2535,#1982,.T.);
#3228=EDGE_CURVE('',#2524,#2178,#1194,.T.);
#3229=EDGE_CURVE('',#2512,#2183,#1195,.T.);
#3230=EDGE_CURVE('',#2536,#2536,#1983,.T.);
#3231=EDGE_CURVE('',#2537,#2537,#1984,.T.);
#3232=EDGE_CURVE('',#2538,#2538,#1985,.T.);
#3233=EDGE_CURVE('',#2538,#2537,#1196,.T.);
#3234=EDGE_CURVE('',#2539,#2540,#1986,.T.);
#3235=EDGE_CURVE('',#2540,#2539,#1987,.T.);
#3236=EDGE_CURVE('',#2540,#2252,#1197,.T.);
#3237=EDGE_CURVE('',#2541,#2541,#1988,.T.);
#3238=EDGE_CURVE('',#2541,#2536,#1198,.T.);
#3239=EDGE_CURVE('',#2542,#2543,#1989,.T.);
#3240=EDGE_CURVE('',#2543,#2542,#1990,.T.);
#3241=EDGE_CURVE('',#2543,#2254,#1199,.T.);
#3242=EDGE_CURVE('',#2544,#2545,#1991,.T.);
#3243=EDGE_CURVE('',#2545,#2544,#1992,.T.);
#3244=EDGE_CURVE('',#2545,#2444,#1200,.T.);
#3245=EDGE_CURVE('',#2546,#2547,#1993,.T.);
#3246=EDGE_CURVE('',#2547,#2546,#1994,.T.);
#3247=EDGE_CURVE('',#2547,#2445,#1201,.T.);
#3248=EDGE_CURVE('',#2548,#2548,#1995,.T.);
#3249=EDGE_CURVE('',#2549,#2549,#1996,.T.);
#3250=EDGE_CURVE('',#2550,#2550,#1997,.T.);
#3251=EDGE_CURVE('',#2551,#2551,#1998,.T.);
#3252=EDGE_CURVE('',#2552,#2552,#1999,.T.);
#3253=EDGE_CURVE('',#2552,#2551,#1202,.T.);
#3254=EDGE_CURVE('',#2553,#2554,#2000,.T.);
#3255=EDGE_CURVE('',#2554,#2553,#2001,.T.);
#3256=EDGE_CURVE('',#2554,#2416,#1203,.T.);
#3257=EDGE_CURVE('',#2555,#2555,#2002,.T.);
#3258=EDGE_CURVE('',#2555,#2550,#1204,.T.);
#3259=EDGE_CURVE('',#2556,#2557,#2003,.T.);
#3260=EDGE_CURVE('',#2557,#2556,#2004,.T.);
#3261=EDGE_CURVE('',#2557,#2418,#1205,.T.);
#3262=EDGE_CURVE('',#2558,#2558,#2005,.T.);
#3263=EDGE_CURVE('',#2558,#2549,#1206,.T.);
#3264=EDGE_CURVE('',#2559,#2560,#2006,.T.);
#3265=EDGE_CURVE('',#2560,#2559,#2007,.T.);
#3266=EDGE_CURVE('',#2560,#2414,#1207,.T.);
#3267=EDGE_CURVE('',#2561,#2561,#2008,.T.);
#3268=EDGE_CURVE('',#2561,#2548,#1208,.T.);
#3269=EDGE_CURVE('',#2562,#2563,#2009,.T.);
#3270=EDGE_CURVE('',#2563,#2562,#2010,.T.);
#3271=EDGE_CURVE('',#2563,#2420,#1209,.T.);
#3272=EDGE_CURVE('',#2564,#2565,#2011,.T.);
#3273=EDGE_CURVE('',#2565,#2564,#2012,.T.);
#3274=EDGE_CURVE('',#2565,#2431,#1210,.T.);
#3275=EDGE_CURVE('',#2566,#2566,#2013,.T.);
#3276=EDGE_CURVE('',#2566,#2567,#1211,.T.);
#3277=EDGE_CURVE('',#2568,#2567,#2014,.T.);
#3278=EDGE_CURVE('',#2567,#2568,#2015,.T.);
#3279=EDGE_CURVE('',#2566,#2350,#1212,.T.);
#3280=EDGE_CURVE('',#2569,#2569,#2016,.T.);
#3281=EDGE_CURVE('',#2569,#2570,#1213,.T.);
#3282=EDGE_CURVE('',#2571,#2570,#2017,.T.);
#3283=EDGE_CURVE('',#2570,#2571,#2018,.T.);
#3284=EDGE_CURVE('',#2569,#2349,#1214,.T.);
#3285=EDGE_CURVE('',#2572,#2572,#2019,.T.);
#3286=EDGE_CURVE('',#2572,#2573,#1215,.T.);
#3287=EDGE_CURVE('',#2574,#2573,#2020,.T.);
#3288=EDGE_CURVE('',#2573,#2574,#2021,.T.);
#3289=EDGE_CURVE('',#2572,#2348,#1216,.T.);
#3290=EDGE_CURVE('',#2575,#2575,#2022,.T.);
#3291=EDGE_CURVE('',#2575,#2576,#1217,.T.);
#3292=EDGE_CURVE('',#2577,#2576,#2023,.T.);
#3293=EDGE_CURVE('',#2576,#2577,#2024,.T.);
#3294=EDGE_CURVE('',#2575,#2351,#1218,.T.);
#3295=EDGE_CURVE('',#2243,#2574,#1219,.T.);
#3296=EDGE_CURVE('',#2241,#2577,#1220,.T.);
#3297=EDGE_CURVE('',#2239,#2571,#1221,.T.);
#3298=EDGE_CURVE('',#2237,#2568,#1222,.T.);
#3299=EDGE_CURVE('',#2233,#2172,#1223,.T.);
#3300=EDGE_CURVE('',#2234,#2171,#1224,.T.);
#3301=EDGE_CURVE('',#2232,#2173,#1225,.T.);
#3302=EDGE_CURVE('',#2231,#2174,#1226,.T.);
#3303=EDGE_CURVE('',#2175,#2230,#1227,.T.);
#3304=EDGE_CURVE('',#2235,#2170,#1228,.T.);
#3305=EDGE_CURVE('',#2521,#2524,#1229,.T.);
#3306=EDGE_CURVE('',#2229,#2177,#1230,.T.);
#3307=EDGE_CURVE('',#2185,#2228,#1231,.T.);
#3308=EDGE_CURVE('',#2520,#2525,#1232,.T.);
#3309=EDGE_CURVE('',#2250,#2182,#1233,.T.);
#3310=EDGE_CURVE('',#2249,#2180,#1234,.T.);
#3311=EDGE_CURVE('',#2337,#2405,#1235,.T.);
#3312=EDGE_CURVE('',#2336,#2406,#1236,.T.);
#3313=EDGE_CURVE('',#2341,#2401,#1237,.T.);
#3314=EDGE_CURVE('',#2340,#2402,#1238,.T.);
#3315=EDGE_CURVE('',#2578,#2189,#2025,.T.);
#3316=EDGE_CURVE('',#2227,#2579,#2026,.T.);
#3317=EDGE_CURVE('',#2579,#2578,#2027,.T.);
#3318=EDGE_CURVE('',#2226,#2580,#2028,.T.);
#3319=EDGE_CURVE('',#2580,#2579,#2029,.T.);
#3320=EDGE_CURVE('',#2225,#2581,#2030,.T.);
#3321=EDGE_CURVE('',#2581,#2580,#2031,.T.);
#3322=EDGE_CURVE('',#2224,#2582,#2032,.T.);
#3323=EDGE_CURVE('',#2582,#2581,#1239,.T.);
#3324=EDGE_CURVE('',#2223,#2583,#2033,.T.);
#3325=EDGE_CURVE('',#2583,#2582,#2034,.T.);
#3326=EDGE_CURVE('',#2222,#2584,#2035,.T.);
#3327=EDGE_CURVE('',#2584,#2583,#2036,.T.);
#3328=EDGE_CURVE('',#2221,#2585,#2037,.T.);
#3329=EDGE_CURVE('',#2585,#2584,#2038,.T.);
#3330=EDGE_CURVE('',#2220,#2586,#2039,.T.);
#3331=EDGE_CURVE('',#2586,#2585,#1240,.T.);
#3332=EDGE_CURVE('',#2219,#2587,#2040,.T.);
#3333=EDGE_CURVE('',#2587,#2586,#2041,.T.);
#3334=EDGE_CURVE('',#2218,#2588,#2042,.T.);
#3335=EDGE_CURVE('',#2588,#2587,#2043,.T.);
#3336=EDGE_CURVE('',#2217,#2589,#2044,.T.);
#3337=EDGE_CURVE('',#2589,#2588,#2045,.T.);
#3338=EDGE_CURVE('',#2216,#2590,#2046,.T.);
#3339=EDGE_CURVE('',#2590,#2589,#1241,.T.);
#3340=EDGE_CURVE('',#2215,#2591,#2047,.T.);
#3341=EDGE_CURVE('',#2591,#2590,#2048,.T.);
#3342=EDGE_CURVE('',#2214,#2592,#2049,.T.);
#3343=EDGE_CURVE('',#2592,#2591,#2050,.T.);
#3344=EDGE_CURVE('',#2213,#2593,#2051,.T.);
#3345=EDGE_CURVE('',#2593,#2592,#2052,.T.);
#3346=EDGE_CURVE('',#2212,#2594,#2053,.T.);
#3347=EDGE_CURVE('',#2594,#2593,#1242,.T.);
#3348=EDGE_CURVE('',#2211,#2595,#2054,.T.);
#3349=EDGE_CURVE('',#2595,#2594,#2055,.T.);
#3350=EDGE_CURVE('',#2210,#2596,#2056,.T.);
#3351=EDGE_CURVE('',#2596,#2595,#1243,.T.);
#3352=EDGE_CURVE('',#2209,#2597,#2057,.T.);
#3353=EDGE_CURVE('',#2597,#2596,#2058,.T.);
#3354=EDGE_CURVE('',#2208,#2598,#2059,.T.);
#3355=EDGE_CURVE('',#2598,#2597,#1244,.T.);
#3356=EDGE_CURVE('',#2207,#2599,#2060,.T.);
#3357=EDGE_CURVE('',#2599,#2598,#2061,.T.);
#3358=EDGE_CURVE('',#2206,#2600,#2062,.T.);
#3359=EDGE_CURVE('',#2600,#2599,#2063,.T.);
#3360=EDGE_CURVE('',#2205,#2601,#2064,.T.);
#3361=EDGE_CURVE('',#2601,#2600,#2065,.T.);
#3362=EDGE_CURVE('',#2204,#2602,#2066,.T.);
#3363=EDGE_CURVE('',#2602,#2601,#1245,.T.);
#3364=EDGE_CURVE('',#2203,#2603,#2067,.T.);
#3365=EDGE_CURVE('',#2603,#2602,#2068,.T.);
#3366=EDGE_CURVE('',#2202,#2604,#2069,.T.);
#3367=EDGE_CURVE('',#2604,#2603,#2070,.T.);
#3368=EDGE_CURVE('',#2201,#2605,#2071,.T.);
#3369=EDGE_CURVE('',#2605,#2604,#2072,.T.);
#3370=EDGE_CURVE('',#2200,#2606,#2073,.T.);
#3371=EDGE_CURVE('',#2606,#2605,#1246,.T.);
#3372=EDGE_CURVE('',#2199,#2607,#2074,.T.);
#3373=EDGE_CURVE('',#2607,#2606,#2075,.T.);
#3374=EDGE_CURVE('',#2198,#2608,#2076,.T.);
#3375=EDGE_CURVE('',#2608,#2607,#2077,.T.);
#3376=EDGE_CURVE('',#2197,#2609,#2078,.T.);
#3377=EDGE_CURVE('',#2609,#2608,#2079,.T.);
#3378=EDGE_CURVE('',#2196,#2610,#2080,.T.);
#3379=EDGE_CURVE('',#2610,#2609,#1247,.T.);
#3380=EDGE_CURVE('',#2195,#2611,#2081,.T.);
#3381=EDGE_CURVE('',#2611,#2610,#2082,.T.);
#3382=EDGE_CURVE('',#2194,#2612,#2083,.T.);
#3383=EDGE_CURVE('',#2612,#2611,#2084,.T.);
#3384=EDGE_CURVE('',#2193,#2613,#2085,.T.);
#3385=EDGE_CURVE('',#2613,#2612,#2086,.T.);
#3386=EDGE_CURVE('',#2192,#2614,#2087,.T.);
#3387=EDGE_CURVE('',#2614,#2613,#1248,.T.);
#3388=EDGE_CURVE('',#2191,#2615,#2088,.T.);
#3389=EDGE_CURVE('',#2615,#2614,#2089,.T.);
#3390=EDGE_CURVE('',#2190,#2616,#2090,.T.);
#3391=EDGE_CURVE('',#2616,#2615,#1249,.T.);
#3392=EDGE_CURVE('',#2188,#2617,#2091,.T.);
#3393=EDGE_CURVE('',#2617,#2616,#2092,.T.);
#3394=EDGE_CURVE('',#2578,#2617,#1250,.T.);
#3395=EDGE_CURVE('',#2618,#2600,#1251,.T.);
#3396=EDGE_CURVE('',#2619,#2618,#2093,.T.);
#3397=EDGE_CURVE('',#2599,#2619,#1252,.T.);
#3398=EDGE_CURVE('',#2601,#2620,#1253,.T.);
#3399=EDGE_CURVE('',#2620,#2618,#2094,.T.);
#3400=EDGE_CURVE('',#2621,#2602,#1254,.T.);
#3401=EDGE_CURVE('',#2620,#2621,#1255,.T.);
#3402=EDGE_CURVE('',#2603,#2622,#1256,.T.);
#3403=EDGE_CURVE('',#2622,#2621,#2095,.T.);
#3404=EDGE_CURVE('',#2623,#2604,#1257,.T.);
#3405=EDGE_CURVE('',#2622,#2623,#2096,.T.);
#3406=EDGE_CURVE('',#2605,#2624,#1258,.T.);
#3407=EDGE_CURVE('',#2624,#2623,#2097,.T.);
#3408=EDGE_CURVE('',#2625,#2606,#1259,.T.);
#3409=EDGE_CURVE('',#2624,#2625,#1260,.T.);
#3410=EDGE_CURVE('',#2607,#2626,#1261,.T.);
#3411=EDGE_CURVE('',#2626,#2625,#2098,.T.);
#3412=EDGE_CURVE('',#2627,#2608,#1262,.T.);
#3413=EDGE_CURVE('',#2626,#2627,#2099,.T.);
#3414=EDGE_CURVE('',#2609,#2628,#1263,.T.);
#3415=EDGE_CURVE('',#2628,#2627,#2100,.T.);
#3416=EDGE_CURVE('',#2629,#2610,#1264,.T.);
#3417=EDGE_CURVE('',#2628,#2629,#1265,.T.);
#3418=EDGE_CURVE('',#2611,#2630,#1266,.T.);
#3419=EDGE_CURVE('',#2630,#2629,#2101,.T.);
#3420=EDGE_CURVE('',#2631,#2612,#1267,.T.);
#3421=EDGE_CURVE('',#2630,#2631,#2102,.T.);
#3422=EDGE_CURVE('',#2613,#2632,#1268,.T.);
#3423=EDGE_CURVE('',#2632,#2631,#2103,.T.);
#3424=EDGE_CURVE('',#2614,#2633,#1269,.T.);
#3425=EDGE_CURVE('',#2632,#2633,#1270,.T.);
#3426=EDGE_CURVE('',#2615,#2634,#1271,.T.);
#3427=EDGE_CURVE('',#2633,#2634,#2104,.T.);
#3428=EDGE_CURVE('',#2616,#2635,#1272,.T.);
#3429=EDGE_CURVE('',#2634,#2635,#1273,.T.);
#3430=EDGE_CURVE('',#2617,#2636,#1274,.T.);
#3431=EDGE_CURVE('',#2635,#2636,#2105,.T.);
#3432=EDGE_CURVE('',#2637,#2578,#1275,.T.);
#3433=EDGE_CURVE('',#2636,#2637,#1276,.T.);
#3434=EDGE_CURVE('',#2579,#2638,#1277,.T.);
#3435=EDGE_CURVE('',#2638,#2637,#2106,.T.);
#3436=EDGE_CURVE('',#2638,#2639,#2107,.T.);
#3437=EDGE_CURVE('',#2640,#2639,#2108,.T.);
#3438=EDGE_CURVE('',#2640,#2641,#1278,.T.);
#3439=EDGE_CURVE('',#2642,#2641,#2109,.T.);
#3440=EDGE_CURVE('',#2642,#2643,#2110,.T.);
#3441=EDGE_CURVE('',#2644,#2643,#2111,.T.);
#3442=EDGE_CURVE('',#2644,#2645,#1279,.T.);
#3443=EDGE_CURVE('',#2646,#2645,#2112,.T.);
#3444=EDGE_CURVE('',#2646,#2647,#2113,.T.);
#3445=EDGE_CURVE('',#2648,#2647,#2114,.T.);
#3446=EDGE_CURVE('',#2648,#2649,#1280,.T.);
#3447=EDGE_CURVE('',#2650,#2649,#2115,.T.);
#3448=EDGE_CURVE('',#2650,#2651,#2116,.T.);
#3449=EDGE_CURVE('',#2652,#2651,#2117,.T.);
#3450=EDGE_CURVE('',#2652,#2653,#1281,.T.);
#3451=EDGE_CURVE('',#2653,#2654,#2118,.T.);
#3452=EDGE_CURVE('',#2654,#2655,#1282,.T.);
#3453=EDGE_CURVE('',#2655,#2656,#2119,.T.);
#3454=EDGE_CURVE('',#2656,#2657,#1283,.T.);
#3455=EDGE_CURVE('',#2619,#2657,#2120,.T.);
#3456=EDGE_CURVE('',#2657,#2598,#1284,.T.);
#3457=EDGE_CURVE('',#2597,#2656,#1285,.T.);
#3458=EDGE_CURVE('',#2593,#2652,#1286,.T.);
#3459=EDGE_CURVE('',#2651,#2592,#1287,.T.);
#3460=EDGE_CURVE('',#2591,#2650,#1288,.T.);
#3461=EDGE_CURVE('',#2649,#2590,#1289,.T.);
#3462=EDGE_CURVE('',#2589,#2648,#1290,.T.);
#3463=EDGE_CURVE('',#2647,#2588,#1291,.T.);
#3464=EDGE_CURVE('',#2587,#2646,#1292,.T.);
#3465=EDGE_CURVE('',#2645,#2586,#1293,.T.);
#3466=EDGE_CURVE('',#2585,#2644,#1294,.T.);
#3467=EDGE_CURVE('',#2643,#2584,#1295,.T.);
#3468=EDGE_CURVE('',#2583,#2642,#1296,.T.);
#3469=EDGE_CURVE('',#2641,#2582,#1297,.T.);
#3470=EDGE_CURVE('',#2581,#2640,#1298,.T.);
#3471=EDGE_CURVE('',#2639,#2580,#1299,.T.);
#3472=EDGE_CURVE('',#2594,#2653,#1300,.T.);
#3473=EDGE_CURVE('',#2596,#2655,#1301,.T.);
#3474=EDGE_CURVE('',#2595,#2654,#1302,.T.);
#3475=EDGE_CURVE('',#2658,#2658,#2121,.T.);
#3476=EDGE_CURVE('',#2658,#2186,#1303,.T.);
#3477=ORIENTED_EDGE('',*,*,#2659,.T.);
#3478=ORIENTED_EDGE('',*,*,#2660,.T.);
#3479=ORIENTED_EDGE('',*,*,#2661,.T.);
#3480=ORIENTED_EDGE('',*,*,#2662,.T.);
#3481=ORIENTED_EDGE('',*,*,#2661,.F.);
#3482=ORIENTED_EDGE('',*,*,#2663,.T.);
#3483=ORIENTED_EDGE('',*,*,#2664,.F.);
#3484=ORIENTED_EDGE('',*,*,#2665,.T.);
#3485=ORIENTED_EDGE('',*,*,#2666,.F.);
#3486=ORIENTED_EDGE('',*,*,#2667,.T.);
#3487=ORIENTED_EDGE('',*,*,#2668,.F.);
#3488=ORIENTED_EDGE('',*,*,#2669,.F.);
#3489=ORIENTED_EDGE('',*,*,#2670,.T.);
#3490=ORIENTED_EDGE('',*,*,#2671,.T.);
#3491=ORIENTED_EDGE('',*,*,#2672,.T.);
#3492=ORIENTED_EDGE('',*,*,#2673,.T.);
#3493=ORIENTED_EDGE('',*,*,#2674,.T.);
#3494=ORIENTED_EDGE('',*,*,#2675,.T.);
#3495=ORIENTED_EDGE('',*,*,#2660,.F.);
#3496=ORIENTED_EDGE('',*,*,#2676,.F.);
#3497=ORIENTED_EDGE('',*,*,#2677,.F.);
#3498=ORIENTED_EDGE('',*,*,#2663,.F.);
#3499=ORIENTED_EDGE('',*,*,#2664,.T.);
#3500=ORIENTED_EDGE('',*,*,#2677,.T.);
#3501=ORIENTED_EDGE('',*,*,#2678,.T.);
#3502=ORIENTED_EDGE('',*,*,#2679,.T.);
#3503=ORIENTED_EDGE('',*,*,#2668,.T.);
#3504=ORIENTED_EDGE('',*,*,#2680,.T.);
#3505=ORIENTED_EDGE('',*,*,#2681,.T.);
#3506=ORIENTED_EDGE('',*,*,#2682,.T.);
#3507=ORIENTED_EDGE('',*,*,#2680,.F.);
#3508=ORIENTED_EDGE('',*,*,#2667,.F.);
#3509=ORIENTED_EDGE('',*,*,#2683,.F.);
#3510=ORIENTED_EDGE('',*,*,#2684,.F.);
#3511=ORIENTED_EDGE('',*,*,#2685,.T.);
#3512=ORIENTED_EDGE('',*,*,#2683,.T.);
#3513=ORIENTED_EDGE('',*,*,#2666,.T.);
#3514=ORIENTED_EDGE('',*,*,#2686,.T.);
#3515=ORIENTED_EDGE('',*,*,#2687,.F.);
#3516=ORIENTED_EDGE('',*,*,#2688,.T.);
#3517=ORIENTED_EDGE('',*,*,#2689,.T.);
#3518=ORIENTED_EDGE('',*,*,#2690,.T.);
#3519=ORIENTED_EDGE('',*,*,#2688,.F.);
#3520=ORIENTED_EDGE('',*,*,#2691,.F.);
#3521=ORIENTED_EDGE('',*,*,#2692,.F.);
#3522=ORIENTED_EDGE('',*,*,#2693,.F.);
#3523=ORIENTED_EDGE('',*,*,#2694,.F.);
#3524=ORIENTED_EDGE('',*,*,#2695,.T.);
#3525=ORIENTED_EDGE('',*,*,#2696,.T.);
#3526=ORIENTED_EDGE('',*,*,#2692,.T.);
#3527=ORIENTED_EDGE('',*,*,#2695,.F.);
#3528=ORIENTED_EDGE('',*,*,#2697,.F.);
#3529=ORIENTED_EDGE('',*,*,#2698,.T.);
#3530=ORIENTED_EDGE('',*,*,#2699,.F.);
#3531=ORIENTED_EDGE('',*,*,#2659,.F.);
#3532=ORIENTED_EDGE('',*,*,#2700,.F.);
#3533=ORIENTED_EDGE('',*,*,#2701,.T.);
#3534=ORIENTED_EDGE('',*,*,#2702,.T.);
#3535=ORIENTED_EDGE('',*,*,#2703,.F.);
#3536=ORIENTED_EDGE('',*,*,#2704,.T.);
#3537=ORIENTED_EDGE('',*,*,#2705,.T.);
#3538=ORIENTED_EDGE('',*,*,#2706,.F.);
#3539=ORIENTED_EDGE('',*,*,#2681,.F.);
#3540=ORIENTED_EDGE('',*,*,#2684,.T.);
#3541=ORIENTED_EDGE('',*,*,#2685,.F.);
#3542=ORIENTED_EDGE('',*,*,#2707,.F.);
#3543=ORIENTED_EDGE('',*,*,#2678,.F.);
#3544=ORIENTED_EDGE('',*,*,#2676,.T.);
#3545=ORIENTED_EDGE('',*,*,#2679,.F.);
#3546=ORIENTED_EDGE('',*,*,#2707,.T.);
#3547=ORIENTED_EDGE('',*,*,#2686,.F.);
#3548=ORIENTED_EDGE('',*,*,#2665,.F.);
#3549=ORIENTED_EDGE('',*,*,#2708,.F.);
#3550=ORIENTED_EDGE('',*,*,#2709,.T.);
#3551=ORIENTED_EDGE('',*,*,#2710,.T.);
#3552=ORIENTED_EDGE('',*,*,#2711,.T.);
#3553=ORIENTED_EDGE('',*,*,#2709,.F.);
#3554=ORIENTED_EDGE('',*,*,#2712,.T.);
#3555=ORIENTED_EDGE('',*,*,#2713,.F.);
#3556=ORIENTED_EDGE('',*,*,#2714,.F.);
#3557=ORIENTED_EDGE('',*,*,#2715,.F.);
#3558=ORIENTED_EDGE('',*,*,#2716,.T.);
#3559=ORIENTED_EDGE('',*,*,#2717,.T.);
#3560=ORIENTED_EDGE('',*,*,#2718,.T.);
#3561=ORIENTED_EDGE('',*,*,#2708,.T.);
#3562=ORIENTED_EDGE('',*,*,#2719,.F.);
#3563=ORIENTED_EDGE('',*,*,#2720,.F.);
#3564=ORIENTED_EDGE('',*,*,#2721,.F.);
#3565=ORIENTED_EDGE('',*,*,#2722,.F.);
#3566=ORIENTED_EDGE('',*,*,#2723,.F.);
#3567=ORIENTED_EDGE('',*,*,#2724,.F.);
#3568=ORIENTED_EDGE('',*,*,#2725,.F.);
#3569=ORIENTED_EDGE('',*,*,#2715,.T.);
#3570=ORIENTED_EDGE('',*,*,#2726,.F.);
#3571=ORIENTED_EDGE('',*,*,#2727,.F.);
#3572=ORIENTED_EDGE('',*,*,#2728,.F.);
#3573=ORIENTED_EDGE('',*,*,#2729,.T.);
#3574=ORIENTED_EDGE('',*,*,#2730,.T.);
#3575=ORIENTED_EDGE('',*,*,#2731,.T.);
#3576=ORIENTED_EDGE('',*,*,#2732,.T.);
#3577=ORIENTED_EDGE('',*,*,#2689,.F.);
#3578=ORIENTED_EDGE('',*,*,#2693,.T.);
#3579=ORIENTED_EDGE('',*,*,#2696,.F.);
#3580=ORIENTED_EDGE('',*,*,#2699,.T.);
#3581=ORIENTED_EDGE('',*,*,#2733,.T.);
#3582=ORIENTED_EDGE('',*,*,#2734,.T.);
#3583=ORIENTED_EDGE('',*,*,#2735,.T.);
#3584=ORIENTED_EDGE('',*,*,#2736,.F.);
#3585=ORIENTED_EDGE('',*,*,#2737,.F.);
#3586=ORIENTED_EDGE('',*,*,#2712,.F.);
#3587=ORIENTED_EDGE('',*,*,#2738,.T.);
#3588=ORIENTED_EDGE('',*,*,#2718,.F.);
#3589=ORIENTED_EDGE('',*,*,#2739,.F.);
#3590=ORIENTED_EDGE('',*,*,#2740,.F.);
#3591=ORIENTED_EDGE('',*,*,#2726,.T.);
#3592=ORIENTED_EDGE('',*,*,#2741,.F.);
#3593=ORIENTED_EDGE('',*,*,#2742,.F.);
#3594=ORIENTED_EDGE('',*,*,#2743,.F.);
#3595=ORIENTED_EDGE('',*,*,#2744,.F.);
#3596=ORIENTED_EDGE('',*,*,#2745,.F.);
#3597=ORIENTED_EDGE('',*,*,#2746,.F.);
#3598=ORIENTED_EDGE('',*,*,#2747,.F.);
#3599=ORIENTED_EDGE('',*,*,#2748,.F.);
#3600=ORIENTED_EDGE('',*,*,#2749,.F.);
#3601=ORIENTED_EDGE('',*,*,#2750,.F.);
#3602=ORIENTED_EDGE('',*,*,#2751,.F.);
#3603=ORIENTED_EDGE('',*,*,#2752,.F.);
#3604=ORIENTED_EDGE('',*,*,#2753,.F.);
#3605=ORIENTED_EDGE('',*,*,#2754,.F.);
#3606=ORIENTED_EDGE('',*,*,#2755,.F.);
#3607=ORIENTED_EDGE('',*,*,#2756,.F.);
#3608=ORIENTED_EDGE('',*,*,#2757,.F.);
#3609=ORIENTED_EDGE('',*,*,#2758,.F.);
#3610=ORIENTED_EDGE('',*,*,#2759,.F.);
#3611=ORIENTED_EDGE('',*,*,#2760,.F.);
#3612=ORIENTED_EDGE('',*,*,#2761,.F.);
#3613=ORIENTED_EDGE('',*,*,#2762,.F.);
#3614=ORIENTED_EDGE('',*,*,#2763,.F.);
#3615=ORIENTED_EDGE('',*,*,#2764,.F.);
#3616=ORIENTED_EDGE('',*,*,#2765,.F.);
#3617=ORIENTED_EDGE('',*,*,#2766,.F.);
#3618=ORIENTED_EDGE('',*,*,#2767,.F.);
#3619=ORIENTED_EDGE('',*,*,#2768,.F.);
#3620=ORIENTED_EDGE('',*,*,#2769,.F.);
#3621=ORIENTED_EDGE('',*,*,#2770,.F.);
#3622=ORIENTED_EDGE('',*,*,#2771,.F.);
#3623=ORIENTED_EDGE('',*,*,#2772,.F.);
#3624=ORIENTED_EDGE('',*,*,#2773,.F.);
#3625=ORIENTED_EDGE('',*,*,#2774,.F.);
#3626=ORIENTED_EDGE('',*,*,#2775,.F.);
#3627=ORIENTED_EDGE('',*,*,#2776,.F.);
#3628=ORIENTED_EDGE('',*,*,#2777,.F.);
#3629=ORIENTED_EDGE('',*,*,#2778,.F.);
#3630=ORIENTED_EDGE('',*,*,#2779,.F.);
#3631=ORIENTED_EDGE('',*,*,#2780,.F.);
#3632=ORIENTED_EDGE('',*,*,#2714,.T.);
#3633=ORIENTED_EDGE('',*,*,#2781,.F.);
#3634=ORIENTED_EDGE('',*,*,#2782,.T.);
#3635=ORIENTED_EDGE('',*,*,#2783,.F.);
#3636=ORIENTED_EDGE('',*,*,#2739,.T.);
#3637=ORIENTED_EDGE('',*,*,#2717,.F.);
#3638=ORIENTED_EDGE('',*,*,#2784,.T.);
#3639=ORIENTED_EDGE('',*,*,#2785,.T.);
#3640=ORIENTED_EDGE('',*,*,#2786,.T.);
#3641=ORIENTED_EDGE('',*,*,#2787,.T.);
#3642=ORIENTED_EDGE('',*,*,#2788,.T.);
#3643=ORIENTED_EDGE('',*,*,#2789,.T.);
#3644=ORIENTED_EDGE('',*,*,#2790,.T.);
#3645=ORIENTED_EDGE('',*,*,#2710,.F.);
#3646=ORIENTED_EDGE('',*,*,#2791,.T.);
#3647=ORIENTED_EDGE('',*,*,#2792,.T.);
#3648=ORIENTED_EDGE('',*,*,#2793,.T.);
#3649=ORIENTED_EDGE('',*,*,#2794,.T.);
#3650=ORIENTED_EDGE('',*,*,#2795,.T.);
#3651=ORIENTED_EDGE('',*,*,#2796,.T.);
#3652=ORIENTED_EDGE('',*,*,#2797,.T.);
#3653=ORIENTED_EDGE('',*,*,#2798,.T.);
#3654=ORIENTED_EDGE('',*,*,#2799,.T.);
#3655=ORIENTED_EDGE('',*,*,#2800,.T.);
#3656=ORIENTED_EDGE('',*,*,#2801,.T.);
#3657=ORIENTED_EDGE('',*,*,#2802,.T.);
#3658=ORIENTED_EDGE('',*,*,#2687,.T.);
#3659=ORIENTED_EDGE('',*,*,#2803,.T.);
#3660=ORIENTED_EDGE('',*,*,#2804,.T.);
#3661=ORIENTED_EDGE('',*,*,#2805,.T.);
#3662=ORIENTED_EDGE('',*,*,#2806,.T.);
#3663=ORIENTED_EDGE('',*,*,#2697,.T.);
#3664=ORIENTED_EDGE('',*,*,#2694,.T.);
#3665=ORIENTED_EDGE('',*,*,#2691,.T.);
#3666=ORIENTED_EDGE('',*,*,#2807,.T.);
#3667=ORIENTED_EDGE('',*,*,#2808,.T.);
#3668=ORIENTED_EDGE('',*,*,#2809,.T.);
#3669=ORIENTED_EDGE('',*,*,#2810,.T.);
#3670=ORIENTED_EDGE('',*,*,#2690,.F.);
#3671=ORIENTED_EDGE('',*,*,#2732,.F.);
#3672=ORIENTED_EDGE('',*,*,#2811,.F.);
#3673=ORIENTED_EDGE('',*,*,#2803,.F.);
#3674=ORIENTED_EDGE('',*,*,#2682,.F.);
#3675=ORIENTED_EDGE('',*,*,#2706,.T.);
#3676=ORIENTED_EDGE('',*,*,#2812,.T.);
#3677=ORIENTED_EDGE('',*,*,#2813,.T.);
#3678=ORIENTED_EDGE('',*,*,#2814,.T.);
#3679=ORIENTED_EDGE('',*,*,#2815,.T.);
#3680=ORIENTED_EDGE('',*,*,#2816,.T.);
#3681=ORIENTED_EDGE('',*,*,#2669,.T.);
#3682=ORIENTED_EDGE('',*,*,#2817,.F.);
#3683=ORIENTED_EDGE('',*,*,#2818,.T.);
#3684=ORIENTED_EDGE('',*,*,#2819,.F.);
#3685=ORIENTED_EDGE('',*,*,#2820,.F.);
#3686=ORIENTED_EDGE('',*,*,#2821,.F.);
#3687=ORIENTED_EDGE('',*,*,#2703,.T.);
#3688=ORIENTED_EDGE('',*,*,#2822,.F.);
#3689=ORIENTED_EDGE('',*,*,#2818,.F.);
#3690=ORIENTED_EDGE('',*,*,#2823,.F.);
#3691=ORIENTED_EDGE('',*,*,#2824,.T.);
#3692=ORIENTED_EDGE('',*,*,#2825,.F.);
#3693=ORIENTED_EDGE('',*,*,#2672,.F.);
#3694=ORIENTED_EDGE('',*,*,#2826,.F.);
#3695=ORIENTED_EDGE('',*,*,#2827,.F.);
#3696=ORIENTED_EDGE('',*,*,#2828,.F.);
#3697=ORIENTED_EDGE('',*,*,#2824,.F.);
#3698=ORIENTED_EDGE('',*,*,#2825,.T.);
#3699=ORIENTED_EDGE('',*,*,#2828,.T.);
#3700=ORIENTED_EDGE('',*,*,#2829,.F.);
#3701=ORIENTED_EDGE('',*,*,#2830,.F.);
#3702=ORIENTED_EDGE('',*,*,#2831,.F.);
#3703=ORIENTED_EDGE('',*,*,#2673,.F.);
#3704=ORIENTED_EDGE('',*,*,#2832,.T.);
#3705=ORIENTED_EDGE('',*,*,#2833,.T.);
#3706=ORIENTED_EDGE('',*,*,#2834,.T.);
#3707=ORIENTED_EDGE('',*,*,#2835,.T.);
#3708=ORIENTED_EDGE('',*,*,#2836,.T.);
#3709=ORIENTED_EDGE('',*,*,#2837,.T.);
#3710=ORIENTED_EDGE('',*,*,#2838,.T.);
#3711=ORIENTED_EDGE('',*,*,#2839,.T.);
#3712=ORIENTED_EDGE('',*,*,#2840,.T.);
#3713=ORIENTED_EDGE('',*,*,#2841,.T.);
#3714=ORIENTED_EDGE('',*,*,#2842,.T.);
#3715=ORIENTED_EDGE('',*,*,#2843,.T.);
#3716=ORIENTED_EDGE('',*,*,#2844,.T.);
#3717=ORIENTED_EDGE('',*,*,#2845,.T.);
#3718=ORIENTED_EDGE('',*,*,#2846,.T.);
#3719=ORIENTED_EDGE('',*,*,#2847,.T.);
#3720=ORIENTED_EDGE('',*,*,#2848,.T.);
#3721=ORIENTED_EDGE('',*,*,#2849,.T.);
#3722=ORIENTED_EDGE('',*,*,#2850,.T.);
#3723=ORIENTED_EDGE('',*,*,#2851,.T.);
#3724=ORIENTED_EDGE('',*,*,#2852,.T.);
#3725=ORIENTED_EDGE('',*,*,#2853,.T.);
#3726=ORIENTED_EDGE('',*,*,#2854,.T.);
#3727=ORIENTED_EDGE('',*,*,#2855,.T.);
#3728=ORIENTED_EDGE('',*,*,#2856,.T.);
#3729=ORIENTED_EDGE('',*,*,#2857,.T.);
#3730=ORIENTED_EDGE('',*,*,#2858,.T.);
#3731=ORIENTED_EDGE('',*,*,#2859,.T.);
#3732=ORIENTED_EDGE('',*,*,#2860,.T.);
#3733=ORIENTED_EDGE('',*,*,#2861,.T.);
#3734=ORIENTED_EDGE('',*,*,#2862,.T.);
#3735=ORIENTED_EDGE('',*,*,#2863,.T.);
#3736=ORIENTED_EDGE('',*,*,#2864,.T.);
#3737=ORIENTED_EDGE('',*,*,#2865,.T.);
#3738=ORIENTED_EDGE('',*,*,#2866,.T.);
#3739=ORIENTED_EDGE('',*,*,#2867,.T.);
#3740=ORIENTED_EDGE('',*,*,#2868,.T.);
#3741=ORIENTED_EDGE('',*,*,#2869,.T.);
#3742=ORIENTED_EDGE('',*,*,#2870,.T.);
#3743=ORIENTED_EDGE('',*,*,#2871,.T.);
#3744=ORIENTED_EDGE('',*,*,#2820,.T.);
#3745=ORIENTED_EDGE('',*,*,#2872,.T.);
#3746=ORIENTED_EDGE('',*,*,#2873,.T.);
#3747=ORIENTED_EDGE('',*,*,#2874,.T.);
#3748=ORIENTED_EDGE('',*,*,#2875,.T.);
#3749=ORIENTED_EDGE('',*,*,#2876,.T.);
#3750=ORIENTED_EDGE('',*,*,#2877,.T.);
#3751=ORIENTED_EDGE('',*,*,#2878,.T.);
#3752=ORIENTED_EDGE('',*,*,#2879,.T.);
#3753=ORIENTED_EDGE('',*,*,#2880,.T.);
#3754=ORIENTED_EDGE('',*,*,#2881,.T.);
#3755=ORIENTED_EDGE('',*,*,#2882,.T.);
#3756=ORIENTED_EDGE('',*,*,#2883,.T.);
#3757=ORIENTED_EDGE('',*,*,#2884,.T.);
#3758=ORIENTED_EDGE('',*,*,#2885,.T.);
#3759=ORIENTED_EDGE('',*,*,#2886,.T.);
#3760=ORIENTED_EDGE('',*,*,#2887,.T.);
#3761=ORIENTED_EDGE('',*,*,#2888,.T.);
#3762=ORIENTED_EDGE('',*,*,#2889,.T.);
#3763=ORIENTED_EDGE('',*,*,#2890,.T.);
#3764=ORIENTED_EDGE('',*,*,#2891,.T.);
#3765=ORIENTED_EDGE('',*,*,#2892,.T.);
#3766=ORIENTED_EDGE('',*,*,#2893,.T.);
#3767=ORIENTED_EDGE('',*,*,#2894,.T.);
#3768=ORIENTED_EDGE('',*,*,#2895,.T.);
#3769=ORIENTED_EDGE('',*,*,#2896,.T.);
#3770=ORIENTED_EDGE('',*,*,#2897,.T.);
#3771=ORIENTED_EDGE('',*,*,#2829,.T.);
#3772=ORIENTED_EDGE('',*,*,#2827,.T.);
#3773=ORIENTED_EDGE('',*,*,#2898,.T.);
#3774=ORIENTED_EDGE('',*,*,#2899,.T.);
#3775=ORIENTED_EDGE('',*,*,#2900,.T.);
#3776=ORIENTED_EDGE('',*,*,#2901,.T.);
#3777=ORIENTED_EDGE('',*,*,#2902,.T.);
#3778=ORIENTED_EDGE('',*,*,#2903,.T.);
#3779=ORIENTED_EDGE('',*,*,#2904,.T.);
#3780=ORIENTED_EDGE('',*,*,#2905,.T.);
#3781=ORIENTED_EDGE('',*,*,#2906,.T.);
#3782=ORIENTED_EDGE('',*,*,#2907,.T.);
#3783=ORIENTED_EDGE('',*,*,#2908,.T.);
#3784=ORIENTED_EDGE('',*,*,#2909,.T.);
#3785=ORIENTED_EDGE('',*,*,#2910,.T.);
#3786=ORIENTED_EDGE('',*,*,#2911,.T.);
#3787=ORIENTED_EDGE('',*,*,#2912,.T.);
#3788=ORIENTED_EDGE('',*,*,#2913,.T.);
#3789=ORIENTED_EDGE('',*,*,#2914,.T.);
#3790=ORIENTED_EDGE('',*,*,#2915,.T.);
#3791=ORIENTED_EDGE('',*,*,#2916,.T.);
#3792=ORIENTED_EDGE('',*,*,#2662,.F.);
#3793=ORIENTED_EDGE('',*,*,#2675,.F.);
#3794=ORIENTED_EDGE('',*,*,#2917,.T.);
#3795=ORIENTED_EDGE('',*,*,#2918,.T.);
#3796=ORIENTED_EDGE('',*,*,#2919,.F.);
#3797=ORIENTED_EDGE('',*,*,#2920,.F.);
#3798=ORIENTED_EDGE('',*,*,#2921,.F.);
#3799=ORIENTED_EDGE('',*,*,#2922,.F.);
#3800=ORIENTED_EDGE('',*,*,#2923,.T.);
#3801=ORIENTED_EDGE('',*,*,#2924,.T.);
#3802=ORIENTED_EDGE('',*,*,#2925,.F.);
#3803=ORIENTED_EDGE('',*,*,#2926,.T.);
#3804=ORIENTED_EDGE('',*,*,#2927,.F.);
#3805=ORIENTED_EDGE('',*,*,#2928,.F.);
#3806=ORIENTED_EDGE('',*,*,#2929,.T.);
#3807=ORIENTED_EDGE('',*,*,#2700,.T.);
#3808=ORIENTED_EDGE('',*,*,#2822,.T.);
#3809=ORIENTED_EDGE('',*,*,#2702,.F.);
#3810=ORIENTED_EDGE('',*,*,#2930,.F.);
#3811=ORIENTED_EDGE('',*,*,#2931,.F.);
#3812=ORIENTED_EDGE('',*,*,#2872,.F.);
#3813=ORIENTED_EDGE('',*,*,#2819,.T.);
#3814=ORIENTED_EDGE('',*,*,#2821,.T.);
#3815=ORIENTED_EDGE('',*,*,#2932,.F.);
#3816=ORIENTED_EDGE('',*,*,#2933,.F.);
#3817=ORIENTED_EDGE('',*,*,#2704,.F.);
#3818=ORIENTED_EDGE('',*,*,#2823,.T.);
#3819=ORIENTED_EDGE('',*,*,#2671,.F.);
#3820=ORIENTED_EDGE('',*,*,#2934,.F.);
#3821=ORIENTED_EDGE('',*,*,#2935,.F.);
#3822=ORIENTED_EDGE('',*,*,#2931,.T.);
#3823=ORIENTED_EDGE('',*,*,#2936,.F.);
#3824=ORIENTED_EDGE('',*,*,#2937,.F.);
#3825=ORIENTED_EDGE('',*,*,#2873,.F.);
#3826=ORIENTED_EDGE('',*,*,#2932,.T.);
#3827=ORIENTED_EDGE('',*,*,#2817,.T.);
#3828=ORIENTED_EDGE('',*,*,#2908,.F.);
#3829=ORIENTED_EDGE('',*,*,#2938,.T.);
#3830=ORIENTED_EDGE('',*,*,#2939,.F.);
#3831=ORIENTED_EDGE('',*,*,#2930,.T.);
#3832=ORIENTED_EDGE('',*,*,#2701,.F.);
#3833=ORIENTED_EDGE('',*,*,#2929,.F.);
#3834=ORIENTED_EDGE('',*,*,#2940,.T.);
#3835=ORIENTED_EDGE('',*,*,#2941,.T.);
#3836=ORIENTED_EDGE('',*,*,#2942,.T.);
#3837=ORIENTED_EDGE('',*,*,#2943,.T.);
#3838=ORIENTED_EDGE('',*,*,#2944,.T.);
#3839=ORIENTED_EDGE('',*,*,#2923,.F.);
#3840=ORIENTED_EDGE('',*,*,#2945,.T.);
#3841=ORIENTED_EDGE('',*,*,#2946,.T.);
#3842=ORIENTED_EDGE('',*,*,#2947,.T.);
#3843=ORIENTED_EDGE('',*,*,#2948,.T.);
#3844=ORIENTED_EDGE('',*,*,#2949,.T.);
#3845=ORIENTED_EDGE('',*,*,#2917,.F.);
#3846=ORIENTED_EDGE('',*,*,#2674,.F.);
#3847=ORIENTED_EDGE('',*,*,#2831,.T.);
#3848=ORIENTED_EDGE('',*,*,#2950,.T.);
#3849=ORIENTED_EDGE('',*,*,#2951,.F.);
#3850=ORIENTED_EDGE('',*,*,#2952,.F.);
#3851=ORIENTED_EDGE('',*,*,#2953,.F.);
#3852=ORIENTED_EDGE('',*,*,#2954,.F.);
#3853=ORIENTED_EDGE('',*,*,#2955,.F.);
#3854=ORIENTED_EDGE('',*,*,#2956,.F.);
#3855=ORIENTED_EDGE('',*,*,#2957,.F.);
#3856=ORIENTED_EDGE('',*,*,#2958,.F.);
#3857=ORIENTED_EDGE('',*,*,#2959,.F.);
#3858=ORIENTED_EDGE('',*,*,#2960,.F.);
#3859=ORIENTED_EDGE('',*,*,#2961,.F.);
#3860=ORIENTED_EDGE('',*,*,#2962,.F.);
#3861=ORIENTED_EDGE('',*,*,#2963,.F.);
#3862=ORIENTED_EDGE('',*,*,#2964,.F.);
#3863=ORIENTED_EDGE('',*,*,#2965,.F.);
#3864=ORIENTED_EDGE('',*,*,#2966,.F.);
#3865=ORIENTED_EDGE('',*,*,#2967,.F.);
#3866=ORIENTED_EDGE('',*,*,#2968,.F.);
#3867=ORIENTED_EDGE('',*,*,#2969,.F.);
#3868=ORIENTED_EDGE('',*,*,#2970,.F.);
#3869=ORIENTED_EDGE('',*,*,#2971,.F.);
#3870=ORIENTED_EDGE('',*,*,#2972,.F.);
#3871=ORIENTED_EDGE('',*,*,#2973,.F.);
#3872=ORIENTED_EDGE('',*,*,#2936,.T.);
#3873=ORIENTED_EDGE('',*,*,#2933,.T.);
#3874=ORIENTED_EDGE('',*,*,#2939,.T.);
#3875=ORIENTED_EDGE('',*,*,#2974,.F.);
#3876=ORIENTED_EDGE('',*,*,#2975,.F.);
#3877=ORIENTED_EDGE('',*,*,#2976,.F.);
#3878=ORIENTED_EDGE('',*,*,#2977,.F.);
#3879=ORIENTED_EDGE('',*,*,#2978,.F.);
#3880=ORIENTED_EDGE('',*,*,#2979,.F.);
#3881=ORIENTED_EDGE('',*,*,#2980,.F.);
#3882=ORIENTED_EDGE('',*,*,#2981,.F.);
#3883=ORIENTED_EDGE('',*,*,#2982,.F.);
#3884=ORIENTED_EDGE('',*,*,#2983,.T.);
#3885=ORIENTED_EDGE('',*,*,#2934,.T.);
#3886=ORIENTED_EDGE('',*,*,#2670,.F.);
#3887=ORIENTED_EDGE('',*,*,#2816,.F.);
#3888=ORIENTED_EDGE('',*,*,#2984,.F.);
#3889=ORIENTED_EDGE('',*,*,#2985,.F.);
#3890=ORIENTED_EDGE('',*,*,#2986,.F.);
#3891=ORIENTED_EDGE('',*,*,#2812,.F.);
#3892=ORIENTED_EDGE('',*,*,#2705,.F.);
#3893=ORIENTED_EDGE('',*,*,#2987,.T.);
#3894=ORIENTED_EDGE('',*,*,#2988,.T.);
#3895=ORIENTED_EDGE('',*,*,#2989,.F.);
#3896=ORIENTED_EDGE('',*,*,#2990,.F.);
#3897=ORIENTED_EDGE('',*,*,#2991,.F.);
#3898=ORIENTED_EDGE('',*,*,#2992,.F.);
#3899=ORIENTED_EDGE('',*,*,#2993,.F.);
#3900=ORIENTED_EDGE('',*,*,#2994,.F.);
#3901=ORIENTED_EDGE('',*,*,#2995,.F.);
#3902=ORIENTED_EDGE('',*,*,#2996,.F.);
#3903=ORIENTED_EDGE('',*,*,#2830,.T.);
#3904=ORIENTED_EDGE('',*,*,#2897,.F.);
#3905=ORIENTED_EDGE('',*,*,#2997,.F.);
#3906=ORIENTED_EDGE('',*,*,#2950,.F.);
#3907=ORIENTED_EDGE('',*,*,#2998,.T.);
#3908=ORIENTED_EDGE('',*,*,#2999,.T.);
#3909=ORIENTED_EDGE('',*,*,#3000,.T.);
#3910=ORIENTED_EDGE('',*,*,#3001,.F.);
#3911=ORIENTED_EDGE('',*,*,#3002,.F.);
#3912=ORIENTED_EDGE('',*,*,#3000,.F.);
#3913=ORIENTED_EDGE('',*,*,#2911,.F.);
#3914=ORIENTED_EDGE('',*,*,#2912,.F.);
#3915=ORIENTED_EDGE('',*,*,#3003,.T.);
#3916=ORIENTED_EDGE('',*,*,#2998,.F.);
#3917=ORIENTED_EDGE('',*,*,#2999,.F.);
#3918=ORIENTED_EDGE('',*,*,#3003,.F.);
#3919=ORIENTED_EDGE('',*,*,#3004,.T.);
#3920=ORIENTED_EDGE('',*,*,#3005,.T.);
#3921=ORIENTED_EDGE('',*,*,#3006,.T.);
#3922=ORIENTED_EDGE('',*,*,#3007,.F.);
#3923=ORIENTED_EDGE('',*,*,#3008,.F.);
#3924=ORIENTED_EDGE('',*,*,#3006,.F.);
#3925=ORIENTED_EDGE('',*,*,#2909,.F.);
#3926=ORIENTED_EDGE('',*,*,#2910,.F.);
#3927=ORIENTED_EDGE('',*,*,#3009,.T.);
#3928=ORIENTED_EDGE('',*,*,#3004,.F.);
#3929=ORIENTED_EDGE('',*,*,#3005,.F.);
#3930=ORIENTED_EDGE('',*,*,#3009,.F.);
#3931=ORIENTED_EDGE('',*,*,#2801,.F.);
#3932=ORIENTED_EDGE('',*,*,#2802,.F.);
#3933=ORIENTED_EDGE('',*,*,#3010,.T.);
#3934=ORIENTED_EDGE('',*,*,#3007,.T.);
#3935=ORIENTED_EDGE('',*,*,#3008,.T.);
#3936=ORIENTED_EDGE('',*,*,#3010,.F.);
#3937=ORIENTED_EDGE('',*,*,#2799,.F.);
#3938=ORIENTED_EDGE('',*,*,#2800,.F.);
#3939=ORIENTED_EDGE('',*,*,#3011,.T.);
#3940=ORIENTED_EDGE('',*,*,#3001,.T.);
#3941=ORIENTED_EDGE('',*,*,#3002,.T.);
#3942=ORIENTED_EDGE('',*,*,#3011,.F.);
#3943=ORIENTED_EDGE('',*,*,#2826,.T.);
#3944=ORIENTED_EDGE('',*,*,#2935,.T.);
#3945=ORIENTED_EDGE('',*,*,#2983,.F.);
#3946=ORIENTED_EDGE('',*,*,#3012,.F.);
#3947=ORIENTED_EDGE('',*,*,#2898,.F.);
#3948=ORIENTED_EDGE('',*,*,#2997,.T.);
#3949=ORIENTED_EDGE('',*,*,#2896,.F.);
#3950=ORIENTED_EDGE('',*,*,#3013,.T.);
#3951=ORIENTED_EDGE('',*,*,#2951,.T.);
#3952=ORIENTED_EDGE('',*,*,#3014,.F.);
#3953=ORIENTED_EDGE('',*,*,#3015,.T.);
#3954=ORIENTED_EDGE('',*,*,#3016,.T.);
#3955=ORIENTED_EDGE('',*,*,#3015,.F.);
#3956=ORIENTED_EDGE('',*,*,#2978,.T.);
#3957=ORIENTED_EDGE('',*,*,#3017,.T.);
#3958=ORIENTED_EDGE('',*,*,#2903,.F.);
#3959=ORIENTED_EDGE('',*,*,#3018,.T.);
#3960=ORIENTED_EDGE('',*,*,#3016,.F.);
#3961=ORIENTED_EDGE('',*,*,#3014,.T.);
#3962=ORIENTED_EDGE('',*,*,#3019,.T.);
#3963=ORIENTED_EDGE('',*,*,#3020,.T.);
#3964=ORIENTED_EDGE('',*,*,#3021,.T.);
#3965=ORIENTED_EDGE('',*,*,#3022,.T.);
#3966=ORIENTED_EDGE('',*,*,#3023,.F.);
#3967=ORIENTED_EDGE('',*,*,#3024,.T.);
#3968=ORIENTED_EDGE('',*,*,#3025,.F.);
#3969=ORIENTED_EDGE('',*,*,#3026,.T.);
#3970=ORIENTED_EDGE('',*,*,#3021,.F.);
#3971=ORIENTED_EDGE('',*,*,#3027,.T.);
#3972=ORIENTED_EDGE('',*,*,#3028,.F.);
#3973=ORIENTED_EDGE('',*,*,#3029,.T.);
#3974=ORIENTED_EDGE('',*,*,#3030,.F.);
#3975=ORIENTED_EDGE('',*,*,#3031,.T.);
#3976=ORIENTED_EDGE('',*,*,#3032,.F.);
#3977=ORIENTED_EDGE('',*,*,#3033,.T.);
#3978=ORIENTED_EDGE('',*,*,#3028,.T.);
#3979=ORIENTED_EDGE('',*,*,#2971,.T.);
#3980=ORIENTED_EDGE('',*,*,#3034,.F.);
#3981=ORIENTED_EDGE('',*,*,#2876,.F.);
#3982=ORIENTED_EDGE('',*,*,#3035,.T.);
#3983=ORIENTED_EDGE('',*,*,#2970,.T.);
#3984=ORIENTED_EDGE('',*,*,#3036,.F.);
#3985=ORIENTED_EDGE('',*,*,#2877,.F.);
#3986=ORIENTED_EDGE('',*,*,#3034,.T.);
#3987=ORIENTED_EDGE('',*,*,#2969,.T.);
#3988=ORIENTED_EDGE('',*,*,#3037,.F.);
#3989=ORIENTED_EDGE('',*,*,#2878,.F.);
#3990=ORIENTED_EDGE('',*,*,#3036,.T.);
#3991=ORIENTED_EDGE('',*,*,#2968,.T.);
#3992=ORIENTED_EDGE('',*,*,#3038,.F.);
#3993=ORIENTED_EDGE('',*,*,#2879,.F.);
#3994=ORIENTED_EDGE('',*,*,#3037,.T.);
#3995=ORIENTED_EDGE('',*,*,#2967,.T.);
#3996=ORIENTED_EDGE('',*,*,#3039,.F.);
#3997=ORIENTED_EDGE('',*,*,#2880,.F.);
#3998=ORIENTED_EDGE('',*,*,#3038,.T.);
#3999=ORIENTED_EDGE('',*,*,#2966,.T.);
#4000=ORIENTED_EDGE('',*,*,#3040,.F.);
#4001=ORIENTED_EDGE('',*,*,#2881,.F.);
#4002=ORIENTED_EDGE('',*,*,#3039,.T.);
#4003=ORIENTED_EDGE('',*,*,#2965,.T.);
#4004=ORIENTED_EDGE('',*,*,#3041,.F.);
#4005=ORIENTED_EDGE('',*,*,#2882,.F.);
#4006=ORIENTED_EDGE('',*,*,#3040,.T.);
#4007=ORIENTED_EDGE('',*,*,#2964,.T.);
#4008=ORIENTED_EDGE('',*,*,#3042,.F.);
#4009=ORIENTED_EDGE('',*,*,#2883,.F.);
#4010=ORIENTED_EDGE('',*,*,#3041,.T.);
#4011=ORIENTED_EDGE('',*,*,#2963,.T.);
#4012=ORIENTED_EDGE('',*,*,#3043,.F.);
#4013=ORIENTED_EDGE('',*,*,#2884,.F.);
#4014=ORIENTED_EDGE('',*,*,#3042,.T.);
#4015=ORIENTED_EDGE('',*,*,#2962,.T.);
#4016=ORIENTED_EDGE('',*,*,#3044,.F.);
#4017=ORIENTED_EDGE('',*,*,#2885,.F.);
#4018=ORIENTED_EDGE('',*,*,#3043,.T.);
#4019=ORIENTED_EDGE('',*,*,#3045,.T.);
#4020=ORIENTED_EDGE('',*,*,#3046,.T.);
#4021=ORIENTED_EDGE('',*,*,#2961,.T.);
#4022=ORIENTED_EDGE('',*,*,#3047,.F.);
#4023=ORIENTED_EDGE('',*,*,#2886,.F.);
#4024=ORIENTED_EDGE('',*,*,#3044,.T.);
#4025=ORIENTED_EDGE('',*,*,#2960,.T.);
#4026=ORIENTED_EDGE('',*,*,#3048,.F.);
#4027=ORIENTED_EDGE('',*,*,#2887,.F.);
#4028=ORIENTED_EDGE('',*,*,#3047,.T.);
#4029=ORIENTED_EDGE('',*,*,#2959,.T.);
#4030=ORIENTED_EDGE('',*,*,#3049,.F.);
#4031=ORIENTED_EDGE('',*,*,#2888,.F.);
#4032=ORIENTED_EDGE('',*,*,#3048,.T.);
#4033=ORIENTED_EDGE('',*,*,#2958,.T.);
#4034=ORIENTED_EDGE('',*,*,#3050,.F.);
#4035=ORIENTED_EDGE('',*,*,#2889,.F.);
#4036=ORIENTED_EDGE('',*,*,#3049,.T.);
#4037=ORIENTED_EDGE('',*,*,#3051,.T.);
#4038=ORIENTED_EDGE('',*,*,#3052,.T.);
#4039=ORIENTED_EDGE('',*,*,#3053,.T.);
#4040=ORIENTED_EDGE('',*,*,#3054,.T.);
#4041=ORIENTED_EDGE('',*,*,#2957,.T.);
#4042=ORIENTED_EDGE('',*,*,#3055,.F.);
#4043=ORIENTED_EDGE('',*,*,#2890,.F.);
#4044=ORIENTED_EDGE('',*,*,#3050,.T.);
#4045=ORIENTED_EDGE('',*,*,#2956,.T.);
#4046=ORIENTED_EDGE('',*,*,#3056,.F.);
#4047=ORIENTED_EDGE('',*,*,#2891,.F.);
#4048=ORIENTED_EDGE('',*,*,#3055,.T.);
#4049=ORIENTED_EDGE('',*,*,#2955,.T.);
#4050=ORIENTED_EDGE('',*,*,#3057,.F.);
#4051=ORIENTED_EDGE('',*,*,#2892,.F.);
#4052=ORIENTED_EDGE('',*,*,#3056,.T.);
#4053=ORIENTED_EDGE('',*,*,#2954,.T.);
#4054=ORIENTED_EDGE('',*,*,#3058,.F.);
#4055=ORIENTED_EDGE('',*,*,#2893,.F.);
#4056=ORIENTED_EDGE('',*,*,#3057,.T.);
#4057=ORIENTED_EDGE('',*,*,#2953,.T.);
#4058=ORIENTED_EDGE('',*,*,#3059,.F.);
#4059=ORIENTED_EDGE('',*,*,#2894,.F.);
#4060=ORIENTED_EDGE('',*,*,#3058,.T.);
#4061=ORIENTED_EDGE('',*,*,#2952,.T.);
#4062=ORIENTED_EDGE('',*,*,#3013,.F.);
#4063=ORIENTED_EDGE('',*,*,#2895,.F.);
#4064=ORIENTED_EDGE('',*,*,#3059,.T.);
#4065=ORIENTED_EDGE('',*,*,#3060,.F.);
#4066=ORIENTED_EDGE('',*,*,#3061,.F.);
#4067=ORIENTED_EDGE('',*,*,#3053,.F.);
#4068=ORIENTED_EDGE('',*,*,#3062,.T.);
#4069=ORIENTED_EDGE('',*,*,#3063,.F.);
#4070=ORIENTED_EDGE('',*,*,#3062,.F.);
#4071=ORIENTED_EDGE('',*,*,#3052,.F.);
#4072=ORIENTED_EDGE('',*,*,#3064,.T.);
#4073=ORIENTED_EDGE('',*,*,#3065,.F.);
#4074=ORIENTED_EDGE('',*,*,#3064,.F.);
#4075=ORIENTED_EDGE('',*,*,#3051,.F.);
#4076=ORIENTED_EDGE('',*,*,#3066,.T.);
#4077=ORIENTED_EDGE('',*,*,#3067,.F.);
#4078=ORIENTED_EDGE('',*,*,#3066,.F.);
#4079=ORIENTED_EDGE('',*,*,#3054,.F.);
#4080=ORIENTED_EDGE('',*,*,#3061,.T.);
#4081=ORIENTED_EDGE('',*,*,#3068,.T.);
#4082=ORIENTED_EDGE('',*,*,#3069,.T.);
#4083=ORIENTED_EDGE('',*,*,#3070,.T.);
#4084=ORIENTED_EDGE('',*,*,#3071,.T.);
#4085=ORIENTED_EDGE('',*,*,#3069,.F.);
#4086=ORIENTED_EDGE('',*,*,#3072,.F.);
#4087=ORIENTED_EDGE('',*,*,#3073,.F.);
#4088=ORIENTED_EDGE('',*,*,#3074,.F.);
#4089=ORIENTED_EDGE('',*,*,#3075,.T.);
#4090=ORIENTED_EDGE('',*,*,#3076,.T.);
#4091=ORIENTED_EDGE('',*,*,#3077,.T.);
#4092=ORIENTED_EDGE('',*,*,#3078,.T.);
#4093=ORIENTED_EDGE('',*,*,#3076,.F.);
#4094=ORIENTED_EDGE('',*,*,#3079,.F.);
#4095=ORIENTED_EDGE('',*,*,#3080,.F.);
#4096=ORIENTED_EDGE('',*,*,#3081,.F.);
#4097=ORIENTED_EDGE('',*,*,#3082,.T.);
#4098=ORIENTED_EDGE('',*,*,#3072,.T.);
#4099=ORIENTED_EDGE('',*,*,#3068,.F.);
#4100=ORIENTED_EDGE('',*,*,#3083,.F.);
#4101=ORIENTED_EDGE('',*,*,#3077,.F.);
#4102=ORIENTED_EDGE('',*,*,#3081,.T.);
#4103=ORIENTED_EDGE('',*,*,#3084,.T.);
#4104=ORIENTED_EDGE('',*,*,#3085,.F.);
#4105=ORIENTED_EDGE('',*,*,#3086,.T.);
#4106=ORIENTED_EDGE('',*,*,#3084,.F.);
#4107=ORIENTED_EDGE('',*,*,#3086,.F.);
#4108=ORIENTED_EDGE('',*,*,#3080,.T.);
#4109=ORIENTED_EDGE('',*,*,#3087,.F.);
#4110=ORIENTED_EDGE('',*,*,#3073,.T.);
#4111=ORIENTED_EDGE('',*,*,#3082,.F.);
#4112=ORIENTED_EDGE('',*,*,#3087,.T.);
#4113=ORIENTED_EDGE('',*,*,#3079,.T.);
#4114=ORIENTED_EDGE('',*,*,#3075,.F.);
#4115=ORIENTED_EDGE('',*,*,#3088,.F.);
#4116=ORIENTED_EDGE('',*,*,#3070,.F.);
#4117=ORIENTED_EDGE('',*,*,#3074,.T.);
#4118=ORIENTED_EDGE('',*,*,#3085,.T.);
#4119=ORIENTED_EDGE('',*,*,#3089,.F.);
#4120=ORIENTED_EDGE('',*,*,#3090,.F.);
#4121=ORIENTED_EDGE('',*,*,#3091,.T.);
#4122=ORIENTED_EDGE('',*,*,#2987,.F.);
#4123=ORIENTED_EDGE('',*,*,#2988,.F.);
#4124=ORIENTED_EDGE('',*,*,#3091,.F.);
#4125=ORIENTED_EDGE('',*,*,#3089,.T.);
#4126=ORIENTED_EDGE('',*,*,#3090,.T.);
#4127=ORIENTED_EDGE('',*,*,#2832,.F.);
#4128=ORIENTED_EDGE('',*,*,#3092,.T.);
#4129=ORIENTED_EDGE('',*,*,#3093,.T.);
#4130=ORIENTED_EDGE('',*,*,#3094,.F.);
#4131=ORIENTED_EDGE('',*,*,#2871,.F.);
#4132=ORIENTED_EDGE('',*,*,#3095,.T.);
#4133=ORIENTED_EDGE('',*,*,#3096,.T.);
#4134=ORIENTED_EDGE('',*,*,#3092,.F.);
#4135=ORIENTED_EDGE('',*,*,#2870,.F.);
#4136=ORIENTED_EDGE('',*,*,#3097,.T.);
#4137=ORIENTED_EDGE('',*,*,#3098,.T.);
#4138=ORIENTED_EDGE('',*,*,#3095,.F.);
#4139=ORIENTED_EDGE('',*,*,#2869,.F.);
#4140=ORIENTED_EDGE('',*,*,#3099,.T.);
#4141=ORIENTED_EDGE('',*,*,#3100,.T.);
#4142=ORIENTED_EDGE('',*,*,#3097,.F.);
#4143=ORIENTED_EDGE('',*,*,#2868,.F.);
#4144=ORIENTED_EDGE('',*,*,#3101,.T.);
#4145=ORIENTED_EDGE('',*,*,#3102,.T.);
#4146=ORIENTED_EDGE('',*,*,#3099,.F.);
#4147=ORIENTED_EDGE('',*,*,#2867,.F.);
#4148=ORIENTED_EDGE('',*,*,#3103,.T.);
#4149=ORIENTED_EDGE('',*,*,#3104,.T.);
#4150=ORIENTED_EDGE('',*,*,#3101,.F.);
#4151=ORIENTED_EDGE('',*,*,#2866,.F.);
#4152=ORIENTED_EDGE('',*,*,#3105,.T.);
#4153=ORIENTED_EDGE('',*,*,#3106,.T.);
#4154=ORIENTED_EDGE('',*,*,#3103,.F.);
#4155=ORIENTED_EDGE('',*,*,#2865,.F.);
#4156=ORIENTED_EDGE('',*,*,#3107,.T.);
#4157=ORIENTED_EDGE('',*,*,#3108,.T.);
#4158=ORIENTED_EDGE('',*,*,#3105,.F.);
#4159=ORIENTED_EDGE('',*,*,#2864,.F.);
#4160=ORIENTED_EDGE('',*,*,#3109,.T.);
#4161=ORIENTED_EDGE('',*,*,#3110,.T.);
#4162=ORIENTED_EDGE('',*,*,#3107,.F.);
#4163=ORIENTED_EDGE('',*,*,#2863,.F.);
#4164=ORIENTED_EDGE('',*,*,#3111,.T.);
#4165=ORIENTED_EDGE('',*,*,#3112,.T.);
#4166=ORIENTED_EDGE('',*,*,#3109,.F.);
#4167=ORIENTED_EDGE('',*,*,#2862,.F.);
#4168=ORIENTED_EDGE('',*,*,#3113,.T.);
#4169=ORIENTED_EDGE('',*,*,#3114,.T.);
#4170=ORIENTED_EDGE('',*,*,#3111,.F.);
#4171=ORIENTED_EDGE('',*,*,#2861,.F.);
#4172=ORIENTED_EDGE('',*,*,#3115,.T.);
#4173=ORIENTED_EDGE('',*,*,#3116,.T.);
#4174=ORIENTED_EDGE('',*,*,#3113,.F.);
#4175=ORIENTED_EDGE('',*,*,#2860,.F.);
#4176=ORIENTED_EDGE('',*,*,#3117,.T.);
#4177=ORIENTED_EDGE('',*,*,#3118,.T.);
#4178=ORIENTED_EDGE('',*,*,#3115,.F.);
#4179=ORIENTED_EDGE('',*,*,#2859,.F.);
#4180=ORIENTED_EDGE('',*,*,#3119,.T.);
#4181=ORIENTED_EDGE('',*,*,#3120,.T.);
#4182=ORIENTED_EDGE('',*,*,#3117,.F.);
#4183=ORIENTED_EDGE('',*,*,#2858,.F.);
#4184=ORIENTED_EDGE('',*,*,#3121,.T.);
#4185=ORIENTED_EDGE('',*,*,#3122,.T.);
#4186=ORIENTED_EDGE('',*,*,#3119,.F.);
#4187=ORIENTED_EDGE('',*,*,#2857,.F.);
#4188=ORIENTED_EDGE('',*,*,#3123,.T.);
#4189=ORIENTED_EDGE('',*,*,#3124,.T.);
#4190=ORIENTED_EDGE('',*,*,#3121,.F.);
#4191=ORIENTED_EDGE('',*,*,#2856,.F.);
#4192=ORIENTED_EDGE('',*,*,#3125,.T.);
#4193=ORIENTED_EDGE('',*,*,#3126,.T.);
#4194=ORIENTED_EDGE('',*,*,#3123,.F.);
#4195=ORIENTED_EDGE('',*,*,#2855,.F.);
#4196=ORIENTED_EDGE('',*,*,#3127,.T.);
#4197=ORIENTED_EDGE('',*,*,#3128,.T.);
#4198=ORIENTED_EDGE('',*,*,#3125,.F.);
#4199=ORIENTED_EDGE('',*,*,#2854,.F.);
#4200=ORIENTED_EDGE('',*,*,#3129,.T.);
#4201=ORIENTED_EDGE('',*,*,#3130,.T.);
#4202=ORIENTED_EDGE('',*,*,#3127,.F.);
#4203=ORIENTED_EDGE('',*,*,#2853,.F.);
#4204=ORIENTED_EDGE('',*,*,#3131,.T.);
#4205=ORIENTED_EDGE('',*,*,#3132,.T.);
#4206=ORIENTED_EDGE('',*,*,#3129,.F.);
#4207=ORIENTED_EDGE('',*,*,#2852,.F.);
#4208=ORIENTED_EDGE('',*,*,#3133,.T.);
#4209=ORIENTED_EDGE('',*,*,#3134,.T.);
#4210=ORIENTED_EDGE('',*,*,#3131,.F.);
#4211=ORIENTED_EDGE('',*,*,#2851,.F.);
#4212=ORIENTED_EDGE('',*,*,#3135,.T.);
#4213=ORIENTED_EDGE('',*,*,#3136,.T.);
#4214=ORIENTED_EDGE('',*,*,#3133,.F.);
#4215=ORIENTED_EDGE('',*,*,#2850,.F.);
#4216=ORIENTED_EDGE('',*,*,#3137,.T.);
#4217=ORIENTED_EDGE('',*,*,#3138,.T.);
#4218=ORIENTED_EDGE('',*,*,#3135,.F.);
#4219=ORIENTED_EDGE('',*,*,#2849,.F.);
#4220=ORIENTED_EDGE('',*,*,#3139,.T.);
#4221=ORIENTED_EDGE('',*,*,#3140,.T.);
#4222=ORIENTED_EDGE('',*,*,#3137,.F.);
#4223=ORIENTED_EDGE('',*,*,#2848,.F.);
#4224=ORIENTED_EDGE('',*,*,#3141,.T.);
#4225=ORIENTED_EDGE('',*,*,#3142,.T.);
#4226=ORIENTED_EDGE('',*,*,#3139,.F.);
#4227=ORIENTED_EDGE('',*,*,#2847,.F.);
#4228=ORIENTED_EDGE('',*,*,#3143,.T.);
#4229=ORIENTED_EDGE('',*,*,#3144,.T.);
#4230=ORIENTED_EDGE('',*,*,#3141,.F.);
#4231=ORIENTED_EDGE('',*,*,#2846,.F.);
#4232=ORIENTED_EDGE('',*,*,#3145,.T.);
#4233=ORIENTED_EDGE('',*,*,#3146,.T.);
#4234=ORIENTED_EDGE('',*,*,#3143,.F.);
#4235=ORIENTED_EDGE('',*,*,#2845,.F.);
#4236=ORIENTED_EDGE('',*,*,#3147,.T.);
#4237=ORIENTED_EDGE('',*,*,#3148,.T.);
#4238=ORIENTED_EDGE('',*,*,#3145,.F.);
#4239=ORIENTED_EDGE('',*,*,#2844,.F.);
#4240=ORIENTED_EDGE('',*,*,#3149,.T.);
#4241=ORIENTED_EDGE('',*,*,#3150,.T.);
#4242=ORIENTED_EDGE('',*,*,#3147,.F.);
#4243=ORIENTED_EDGE('',*,*,#2843,.F.);
#4244=ORIENTED_EDGE('',*,*,#3151,.T.);
#4245=ORIENTED_EDGE('',*,*,#3152,.T.);
#4246=ORIENTED_EDGE('',*,*,#3149,.F.);
#4247=ORIENTED_EDGE('',*,*,#2842,.F.);
#4248=ORIENTED_EDGE('',*,*,#3153,.T.);
#4249=ORIENTED_EDGE('',*,*,#3154,.T.);
#4250=ORIENTED_EDGE('',*,*,#3151,.F.);
#4251=ORIENTED_EDGE('',*,*,#2841,.F.);
#4252=ORIENTED_EDGE('',*,*,#3155,.T.);
#4253=ORIENTED_EDGE('',*,*,#3156,.T.);
#4254=ORIENTED_EDGE('',*,*,#3153,.F.);
#4255=ORIENTED_EDGE('',*,*,#2840,.F.);
#4256=ORIENTED_EDGE('',*,*,#3157,.T.);
#4257=ORIENTED_EDGE('',*,*,#3158,.T.);
#4258=ORIENTED_EDGE('',*,*,#3155,.F.);
#4259=ORIENTED_EDGE('',*,*,#2839,.F.);
#4260=ORIENTED_EDGE('',*,*,#3159,.T.);
#4261=ORIENTED_EDGE('',*,*,#3160,.T.);
#4262=ORIENTED_EDGE('',*,*,#3157,.F.);
#4263=ORIENTED_EDGE('',*,*,#2838,.F.);
#4264=ORIENTED_EDGE('',*,*,#3161,.T.);
#4265=ORIENTED_EDGE('',*,*,#3162,.T.);
#4266=ORIENTED_EDGE('',*,*,#3159,.F.);
#4267=ORIENTED_EDGE('',*,*,#2837,.F.);
#4268=ORIENTED_EDGE('',*,*,#3163,.T.);
#4269=ORIENTED_EDGE('',*,*,#3164,.T.);
#4270=ORIENTED_EDGE('',*,*,#3161,.F.);
#4271=ORIENTED_EDGE('',*,*,#2836,.F.);
#4272=ORIENTED_EDGE('',*,*,#3165,.T.);
#4273=ORIENTED_EDGE('',*,*,#3166,.T.);
#4274=ORIENTED_EDGE('',*,*,#3163,.F.);
#4275=ORIENTED_EDGE('',*,*,#2835,.F.);
#4276=ORIENTED_EDGE('',*,*,#3167,.T.);
#4277=ORIENTED_EDGE('',*,*,#3168,.T.);
#4278=ORIENTED_EDGE('',*,*,#3165,.F.);
#4279=ORIENTED_EDGE('',*,*,#2834,.F.);
#4280=ORIENTED_EDGE('',*,*,#3169,.T.);
#4281=ORIENTED_EDGE('',*,*,#3170,.T.);
#4282=ORIENTED_EDGE('',*,*,#3167,.F.);
#4283=ORIENTED_EDGE('',*,*,#2833,.F.);
#4284=ORIENTED_EDGE('',*,*,#3094,.T.);
#4285=ORIENTED_EDGE('',*,*,#3171,.T.);
#4286=ORIENTED_EDGE('',*,*,#3169,.F.);
#4287=ORIENTED_EDGE('',*,*,#2974,.T.);
#4288=ORIENTED_EDGE('',*,*,#2938,.F.);
#4289=ORIENTED_EDGE('',*,*,#2907,.F.);
#4290=ORIENTED_EDGE('',*,*,#3172,.F.);
#4291=ORIENTED_EDGE('',*,*,#2986,.T.);
#4292=ORIENTED_EDGE('',*,*,#3173,.T.);
#4293=ORIENTED_EDGE('',*,*,#3174,.F.);
#4294=ORIENTED_EDGE('',*,*,#2813,.F.);
#4295=ORIENTED_EDGE('',*,*,#2985,.T.);
#4296=ORIENTED_EDGE('',*,*,#3175,.T.);
#4297=ORIENTED_EDGE('',*,*,#3176,.F.);
#4298=ORIENTED_EDGE('',*,*,#3173,.F.);
#4299=ORIENTED_EDGE('',*,*,#2984,.T.);
#4300=ORIENTED_EDGE('',*,*,#2815,.F.);
#4301=ORIENTED_EDGE('',*,*,#3177,.F.);
#4302=ORIENTED_EDGE('',*,*,#3175,.F.);
#4303=ORIENTED_EDGE('',*,*,#2982,.T.);
#4304=ORIENTED_EDGE('',*,*,#3178,.F.);
#4305=ORIENTED_EDGE('',*,*,#2899,.F.);
#4306=ORIENTED_EDGE('',*,*,#3012,.T.);
#4307=ORIENTED_EDGE('',*,*,#3032,.T.);
#4308=ORIENTED_EDGE('',*,*,#3179,.T.);
#4309=ORIENTED_EDGE('',*,*,#3023,.T.);
#4310=ORIENTED_EDGE('',*,*,#3180,.T.);
#4311=ORIENTED_EDGE('',*,*,#2937,.T.);
#4312=ORIENTED_EDGE('',*,*,#2973,.T.);
#4313=ORIENTED_EDGE('',*,*,#3181,.F.);
#4314=ORIENTED_EDGE('',*,*,#2874,.F.);
#4315=ORIENTED_EDGE('',*,*,#2972,.T.);
#4316=ORIENTED_EDGE('',*,*,#3035,.F.);
#4317=ORIENTED_EDGE('',*,*,#2875,.F.);
#4318=ORIENTED_EDGE('',*,*,#3181,.T.);
#4319=ORIENTED_EDGE('',*,*,#3182,.T.);
#4320=ORIENTED_EDGE('',*,*,#3183,.T.);
#4321=ORIENTED_EDGE('',*,*,#2919,.T.);
#4322=ORIENTED_EDGE('',*,*,#3184,.T.);
#4323=ORIENTED_EDGE('',*,*,#3183,.F.);
#4324=ORIENTED_EDGE('',*,*,#3185,.F.);
#4325=ORIENTED_EDGE('',*,*,#3186,.F.);
#4326=ORIENTED_EDGE('',*,*,#2920,.T.);
#4327=ORIENTED_EDGE('',*,*,#2921,.T.);
#4328=ORIENTED_EDGE('',*,*,#3186,.T.);
#4329=ORIENTED_EDGE('',*,*,#3187,.T.);
#4330=ORIENTED_EDGE('',*,*,#3188,.T.);
#4331=ORIENTED_EDGE('',*,*,#3189,.T.);
#4332=ORIENTED_EDGE('',*,*,#3190,.T.);
#4333=ORIENTED_EDGE('',*,*,#2925,.T.);
#4334=ORIENTED_EDGE('',*,*,#3191,.T.);
#4335=ORIENTED_EDGE('',*,*,#3190,.F.);
#4336=ORIENTED_EDGE('',*,*,#3192,.T.);
#4337=ORIENTED_EDGE('',*,*,#3193,.F.);
#4338=ORIENTED_EDGE('',*,*,#2926,.F.);
#4339=ORIENTED_EDGE('',*,*,#2927,.T.);
#4340=ORIENTED_EDGE('',*,*,#3193,.T.);
#4341=ORIENTED_EDGE('',*,*,#3194,.T.);
#4342=ORIENTED_EDGE('',*,*,#3195,.T.);
#4343=ORIENTED_EDGE('',*,*,#3188,.F.);
#4344=ORIENTED_EDGE('',*,*,#3196,.F.);
#4345=ORIENTED_EDGE('',*,*,#3197,.F.);
#4346=ORIENTED_EDGE('',*,*,#3198,.T.);
#4347=ORIENTED_EDGE('',*,*,#3199,.F.);
#4348=ORIENTED_EDGE('',*,*,#2945,.F.);
#4349=ORIENTED_EDGE('',*,*,#2922,.T.);
#4350=ORIENTED_EDGE('',*,*,#3191,.F.);
#4351=ORIENTED_EDGE('',*,*,#2924,.F.);
#4352=ORIENTED_EDGE('',*,*,#2944,.F.);
#4353=ORIENTED_EDGE('',*,*,#3200,.F.);
#4354=ORIENTED_EDGE('',*,*,#3201,.T.);
#4355=ORIENTED_EDGE('',*,*,#3202,.F.);
#4356=ORIENTED_EDGE('',*,*,#3203,.F.);
#4357=ORIENTED_EDGE('',*,*,#3195,.F.);
#4358=ORIENTED_EDGE('',*,*,#3204,.F.);
#4359=ORIENTED_EDGE('',*,*,#2729,.F.);
#4360=ORIENTED_EDGE('',*,*,#3205,.T.);
#4361=ORIENTED_EDGE('',*,*,#3206,.F.);
#4362=ORIENTED_EDGE('',*,*,#2940,.F.);
#4363=ORIENTED_EDGE('',*,*,#2928,.T.);
#4364=ORIENTED_EDGE('',*,*,#3025,.T.);
#4365=ORIENTED_EDGE('',*,*,#3207,.F.);
#4366=ORIENTED_EDGE('',*,*,#3208,.F.);
#4367=ORIENTED_EDGE('',*,*,#3209,.T.);
#4368=ORIENTED_EDGE('',*,*,#3210,.F.);
#4369=ORIENTED_EDGE('',*,*,#3211,.F.);
#4370=ORIENTED_EDGE('',*,*,#3207,.T.);
#4371=ORIENTED_EDGE('',*,*,#3024,.F.);
#4372=ORIENTED_EDGE('',*,*,#3020,.F.);
#4373=ORIENTED_EDGE('',*,*,#3179,.F.);
#4374=ORIENTED_EDGE('',*,*,#3031,.F.);
#4375=ORIENTED_EDGE('',*,*,#3027,.F.);
#4376=ORIENTED_EDGE('',*,*,#3209,.F.);
#4377=ORIENTED_EDGE('',*,*,#3212,.F.);
#4378=ORIENTED_EDGE('',*,*,#3213,.T.);
#4379=ORIENTED_EDGE('',*,*,#3029,.F.);
#4380=ORIENTED_EDGE('',*,*,#3033,.F.);
#4381=ORIENTED_EDGE('',*,*,#3180,.F.);
#4382=ORIENTED_EDGE('',*,*,#3022,.F.);
#4383=ORIENTED_EDGE('',*,*,#3026,.F.);
#4384=ORIENTED_EDGE('',*,*,#3030,.T.);
#4385=ORIENTED_EDGE('',*,*,#3213,.F.);
#4386=ORIENTED_EDGE('',*,*,#3214,.F.);
#4387=ORIENTED_EDGE('',*,*,#3210,.T.);
#4388=ORIENTED_EDGE('',*,*,#3215,.F.);
#4389=ORIENTED_EDGE('',*,*,#3216,.T.);
#4390=ORIENTED_EDGE('',*,*,#2948,.F.);
#4391=ORIENTED_EDGE('',*,*,#3217,.F.);
#4392=ORIENTED_EDGE('',*,*,#3215,.T.);
#4393=ORIENTED_EDGE('',*,*,#3218,.T.);
#4394=ORIENTED_EDGE('',*,*,#3219,.T.);
#4395=ORIENTED_EDGE('',*,*,#3198,.F.);
#4396=ORIENTED_EDGE('',*,*,#3220,.F.);
#4397=ORIENTED_EDGE('',*,*,#3221,.F.);
#4398=ORIENTED_EDGE('',*,*,#3217,.T.);
#4399=ORIENTED_EDGE('',*,*,#2947,.F.);
#4400=ORIENTED_EDGE('',*,*,#3222,.F.);
#4401=ORIENTED_EDGE('',*,*,#3218,.F.);
#4402=ORIENTED_EDGE('',*,*,#3219,.F.);
#4403=ORIENTED_EDGE('',*,*,#3222,.T.);
#4404=ORIENTED_EDGE('',*,*,#2946,.F.);
#4405=ORIENTED_EDGE('',*,*,#3199,.T.);
#4406=ORIENTED_EDGE('',*,*,#3223,.F.);
#4407=ORIENTED_EDGE('',*,*,#3224,.T.);
#4408=ORIENTED_EDGE('',*,*,#2941,.F.);
#4409=ORIENTED_EDGE('',*,*,#3206,.T.);
#4410=ORIENTED_EDGE('',*,*,#3224,.F.);
#4411=ORIENTED_EDGE('',*,*,#3225,.F.);
#4412=ORIENTED_EDGE('',*,*,#3226,.T.);
#4413=ORIENTED_EDGE('',*,*,#2942,.F.);
#4414=ORIENTED_EDGE('',*,*,#3227,.F.);
#4415=ORIENTED_EDGE('',*,*,#3200,.T.);
#4416=ORIENTED_EDGE('',*,*,#2943,.F.);
#4417=ORIENTED_EDGE('',*,*,#3226,.F.);
#4418=ORIENTED_EDGE('',*,*,#3223,.T.);
#4419=ORIENTED_EDGE('',*,*,#3205,.F.);
#4420=ORIENTED_EDGE('',*,*,#3228,.F.);
#4421=ORIENTED_EDGE('',*,*,#3201,.F.);
#4422=ORIENTED_EDGE('',*,*,#3227,.T.);
#4423=ORIENTED_EDGE('',*,*,#3225,.T.);
#4424=ORIENTED_EDGE('',*,*,#3184,.F.);
#4425=ORIENTED_EDGE('',*,*,#2918,.F.);
#4426=ORIENTED_EDGE('',*,*,#2949,.F.);
#4427=ORIENTED_EDGE('',*,*,#3216,.F.);
#4428=ORIENTED_EDGE('',*,*,#3221,.T.);
#4429=ORIENTED_EDGE('',*,*,#2735,.F.);
#4430=ORIENTED_EDGE('',*,*,#3229,.F.);
#4431=ORIENTED_EDGE('',*,*,#3230,.F.);
#4432=ORIENTED_EDGE('',*,*,#3231,.F.);
#4433=ORIENTED_EDGE('',*,*,#3232,.F.);
#4434=ORIENTED_EDGE('',*,*,#3233,.T.);
#4435=ORIENTED_EDGE('',*,*,#3231,.T.);
#4436=ORIENTED_EDGE('',*,*,#3233,.F.);
#4437=ORIENTED_EDGE('',*,*,#3234,.F.);
#4438=ORIENTED_EDGE('',*,*,#3235,.F.);
#4439=ORIENTED_EDGE('',*,*,#3236,.T.);
#4440=ORIENTED_EDGE('',*,*,#2807,.F.);
#4441=ORIENTED_EDGE('',*,*,#2808,.F.);
#4442=ORIENTED_EDGE('',*,*,#3236,.F.);
#4443=ORIENTED_EDGE('',*,*,#3234,.T.);
#4444=ORIENTED_EDGE('',*,*,#3235,.T.);
#4445=ORIENTED_EDGE('',*,*,#3232,.T.);
#4446=ORIENTED_EDGE('',*,*,#3237,.F.);
#4447=ORIENTED_EDGE('',*,*,#3238,.T.);
#4448=ORIENTED_EDGE('',*,*,#3230,.T.);
#4449=ORIENTED_EDGE('',*,*,#3238,.F.);
#4450=ORIENTED_EDGE('',*,*,#3239,.F.);
#4451=ORIENTED_EDGE('',*,*,#3240,.F.);
#4452=ORIENTED_EDGE('',*,*,#3241,.T.);
#4453=ORIENTED_EDGE('',*,*,#2809,.F.);
#4454=ORIENTED_EDGE('',*,*,#2810,.F.);
#4455=ORIENTED_EDGE('',*,*,#3241,.F.);
#4456=ORIENTED_EDGE('',*,*,#3239,.T.);
#4457=ORIENTED_EDGE('',*,*,#3240,.T.);
#4458=ORIENTED_EDGE('',*,*,#3237,.T.);
#4459=ORIENTED_EDGE('',*,*,#3242,.F.);
#4460=ORIENTED_EDGE('',*,*,#3243,.F.);
#4461=ORIENTED_EDGE('',*,*,#3244,.T.);
#4462=ORIENTED_EDGE('',*,*,#3045,.F.);
#4463=ORIENTED_EDGE('',*,*,#3244,.F.);
#4464=ORIENTED_EDGE('',*,*,#3245,.F.);
#4465=ORIENTED_EDGE('',*,*,#3246,.F.);
#4466=ORIENTED_EDGE('',*,*,#3247,.T.);
#4467=ORIENTED_EDGE('',*,*,#3046,.F.);
#4468=ORIENTED_EDGE('',*,*,#3247,.F.);
#4469=ORIENTED_EDGE('',*,*,#3248,.F.);
#4470=ORIENTED_EDGE('',*,*,#3249,.F.);
#4471=ORIENTED_EDGE('',*,*,#3250,.F.);
#4472=ORIENTED_EDGE('',*,*,#3251,.F.);
#4473=ORIENTED_EDGE('',*,*,#3252,.F.);
#4474=ORIENTED_EDGE('',*,*,#3253,.T.);
#4475=ORIENTED_EDGE('',*,*,#3251,.T.);
#4476=ORIENTED_EDGE('',*,*,#3253,.F.);
#4477=ORIENTED_EDGE('',*,*,#3254,.F.);
#4478=ORIENTED_EDGE('',*,*,#3255,.F.);
#4479=ORIENTED_EDGE('',*,*,#3256,.T.);
#4480=ORIENTED_EDGE('',*,*,#2992,.T.);
#4481=ORIENTED_EDGE('',*,*,#2991,.T.);
#4482=ORIENTED_EDGE('',*,*,#3256,.F.);
#4483=ORIENTED_EDGE('',*,*,#3254,.T.);
#4484=ORIENTED_EDGE('',*,*,#3255,.T.);
#4485=ORIENTED_EDGE('',*,*,#3252,.T.);
#4486=ORIENTED_EDGE('',*,*,#3257,.F.);
#4487=ORIENTED_EDGE('',*,*,#3258,.T.);
#4488=ORIENTED_EDGE('',*,*,#3250,.T.);
#4489=ORIENTED_EDGE('',*,*,#3258,.F.);
#4490=ORIENTED_EDGE('',*,*,#3259,.F.);
#4491=ORIENTED_EDGE('',*,*,#3260,.F.);
#4492=ORIENTED_EDGE('',*,*,#3261,.T.);
#4493=ORIENTED_EDGE('',*,*,#2994,.T.);
#4494=ORIENTED_EDGE('',*,*,#2993,.T.);
#4495=ORIENTED_EDGE('',*,*,#3261,.F.);
#4496=ORIENTED_EDGE('',*,*,#3259,.T.);
#4497=ORIENTED_EDGE('',*,*,#3260,.T.);
#4498=ORIENTED_EDGE('',*,*,#3257,.T.);
#4499=ORIENTED_EDGE('',*,*,#3262,.F.);
#4500=ORIENTED_EDGE('',*,*,#3263,.T.);
#4501=ORIENTED_EDGE('',*,*,#3249,.T.);
#4502=ORIENTED_EDGE('',*,*,#3263,.F.);
#4503=ORIENTED_EDGE('',*,*,#3264,.F.);
#4504=ORIENTED_EDGE('',*,*,#3265,.F.);
#4505=ORIENTED_EDGE('',*,*,#3266,.T.);
#4506=ORIENTED_EDGE('',*,*,#2990,.T.);
#4507=ORIENTED_EDGE('',*,*,#2989,.T.);
#4508=ORIENTED_EDGE('',*,*,#3266,.F.);
#4509=ORIENTED_EDGE('',*,*,#3264,.T.);
#4510=ORIENTED_EDGE('',*,*,#3265,.T.);
#4511=ORIENTED_EDGE('',*,*,#3262,.T.);
#4512=ORIENTED_EDGE('',*,*,#3267,.F.);
#4513=ORIENTED_EDGE('',*,*,#3268,.T.);
#4514=ORIENTED_EDGE('',*,*,#3248,.T.);
#4515=ORIENTED_EDGE('',*,*,#3268,.F.);
#4516=ORIENTED_EDGE('',*,*,#3269,.F.);
#4517=ORIENTED_EDGE('',*,*,#3270,.F.);
#4518=ORIENTED_EDGE('',*,*,#3271,.T.);
#4519=ORIENTED_EDGE('',*,*,#2996,.T.);
#4520=ORIENTED_EDGE('',*,*,#2995,.T.);
#4521=ORIENTED_EDGE('',*,*,#3271,.F.);
#4522=ORIENTED_EDGE('',*,*,#3269,.T.);
#4523=ORIENTED_EDGE('',*,*,#3270,.T.);
#4524=ORIENTED_EDGE('',*,*,#3267,.T.);
#4525=ORIENTED_EDGE('',*,*,#3272,.F.);
#4526=ORIENTED_EDGE('',*,*,#3273,.F.);
#4527=ORIENTED_EDGE('',*,*,#3274,.T.);
#4528=ORIENTED_EDGE('',*,*,#3019,.F.);
#4529=ORIENTED_EDGE('',*,*,#3274,.F.);
#4530=ORIENTED_EDGE('',*,*,#3275,.T.);
#4531=ORIENTED_EDGE('',*,*,#3276,.T.);
#4532=ORIENTED_EDGE('',*,*,#3277,.F.);
#4533=ORIENTED_EDGE('',*,*,#3278,.F.);
#4534=ORIENTED_EDGE('',*,*,#3276,.F.);
#4535=ORIENTED_EDGE('',*,*,#3275,.F.);
#4536=ORIENTED_EDGE('',*,*,#3279,.T.);
#4537=ORIENTED_EDGE('',*,*,#2915,.F.);
#4538=ORIENTED_EDGE('',*,*,#3279,.F.);
#4539=ORIENTED_EDGE('',*,*,#3280,.T.);
#4540=ORIENTED_EDGE('',*,*,#3281,.T.);
#4541=ORIENTED_EDGE('',*,*,#3282,.F.);
#4542=ORIENTED_EDGE('',*,*,#3283,.F.);
#4543=ORIENTED_EDGE('',*,*,#3281,.F.);
#4544=ORIENTED_EDGE('',*,*,#3280,.F.);
#4545=ORIENTED_EDGE('',*,*,#3284,.T.);
#4546=ORIENTED_EDGE('',*,*,#2914,.F.);
#4547=ORIENTED_EDGE('',*,*,#3284,.F.);
#4548=ORIENTED_EDGE('',*,*,#3285,.T.);
#4549=ORIENTED_EDGE('',*,*,#3286,.T.);
#4550=ORIENTED_EDGE('',*,*,#3287,.F.);
#4551=ORIENTED_EDGE('',*,*,#3288,.F.);
#4552=ORIENTED_EDGE('',*,*,#3286,.F.);
#4553=ORIENTED_EDGE('',*,*,#3285,.F.);
#4554=ORIENTED_EDGE('',*,*,#3289,.T.);
#4555=ORIENTED_EDGE('',*,*,#2913,.F.);
#4556=ORIENTED_EDGE('',*,*,#3289,.F.);
#4557=ORIENTED_EDGE('',*,*,#3290,.T.);
#4558=ORIENTED_EDGE('',*,*,#3291,.T.);
#4559=ORIENTED_EDGE('',*,*,#3292,.F.);
#4560=ORIENTED_EDGE('',*,*,#3293,.F.);
#4561=ORIENTED_EDGE('',*,*,#3291,.F.);
#4562=ORIENTED_EDGE('',*,*,#3290,.F.);
#4563=ORIENTED_EDGE('',*,*,#3294,.T.);
#4564=ORIENTED_EDGE('',*,*,#2916,.F.);
#4565=ORIENTED_EDGE('',*,*,#3294,.F.);
#4566=ORIENTED_EDGE('',*,*,#2797,.F.);
#4567=ORIENTED_EDGE('',*,*,#2798,.F.);
#4568=ORIENTED_EDGE('',*,*,#3295,.T.);
#4569=ORIENTED_EDGE('',*,*,#3287,.T.);
#4570=ORIENTED_EDGE('',*,*,#3288,.T.);
#4571=ORIENTED_EDGE('',*,*,#3295,.F.);
#4572=ORIENTED_EDGE('',*,*,#2795,.F.);
#4573=ORIENTED_EDGE('',*,*,#2796,.F.);
#4574=ORIENTED_EDGE('',*,*,#3296,.T.);
#4575=ORIENTED_EDGE('',*,*,#3292,.T.);
#4576=ORIENTED_EDGE('',*,*,#3293,.T.);
#4577=ORIENTED_EDGE('',*,*,#3296,.F.);
#4578=ORIENTED_EDGE('',*,*,#2793,.F.);
#4579=ORIENTED_EDGE('',*,*,#2794,.F.);
#4580=ORIENTED_EDGE('',*,*,#3297,.T.);
#4581=ORIENTED_EDGE('',*,*,#3282,.T.);
#4582=ORIENTED_EDGE('',*,*,#3283,.T.);
#4583=ORIENTED_EDGE('',*,*,#3297,.F.);
#4584=ORIENTED_EDGE('',*,*,#2791,.F.);
#4585=ORIENTED_EDGE('',*,*,#2792,.F.);
#4586=ORIENTED_EDGE('',*,*,#3298,.T.);
#4587=ORIENTED_EDGE('',*,*,#3277,.T.);
#4588=ORIENTED_EDGE('',*,*,#3278,.T.);
#4589=ORIENTED_EDGE('',*,*,#3298,.F.);
#4590=ORIENTED_EDGE('',*,*,#2814,.F.);
#4591=ORIENTED_EDGE('',*,*,#3174,.T.);
#4592=ORIENTED_EDGE('',*,*,#3176,.T.);
#4593=ORIENTED_EDGE('',*,*,#3177,.T.);
#4594=ORIENTED_EDGE('',*,*,#2788,.F.);
#4595=ORIENTED_EDGE('',*,*,#3299,.T.);
#4596=ORIENTED_EDGE('',*,*,#2721,.T.);
#4597=ORIENTED_EDGE('',*,*,#3300,.F.);
#4598=ORIENTED_EDGE('',*,*,#2787,.F.);
#4599=ORIENTED_EDGE('',*,*,#3301,.T.);
#4600=ORIENTED_EDGE('',*,*,#2722,.T.);
#4601=ORIENTED_EDGE('',*,*,#3299,.F.);
#4602=ORIENTED_EDGE('',*,*,#2786,.F.);
#4603=ORIENTED_EDGE('',*,*,#3302,.T.);
#4604=ORIENTED_EDGE('',*,*,#2723,.T.);
#4605=ORIENTED_EDGE('',*,*,#3301,.F.);
#4606=ORIENTED_EDGE('',*,*,#2785,.F.);
#4607=ORIENTED_EDGE('',*,*,#3303,.F.);
#4608=ORIENTED_EDGE('',*,*,#2724,.T.);
#4609=ORIENTED_EDGE('',*,*,#3302,.F.);
#4610=ORIENTED_EDGE('',*,*,#2789,.F.);
#4611=ORIENTED_EDGE('',*,*,#3300,.T.);
#4612=ORIENTED_EDGE('',*,*,#2720,.T.);
#4613=ORIENTED_EDGE('',*,*,#3304,.F.);
#4614=ORIENTED_EDGE('',*,*,#2716,.F.);
#4615=ORIENTED_EDGE('',*,*,#2725,.T.);
#4616=ORIENTED_EDGE('',*,*,#3303,.T.);
#4617=ORIENTED_EDGE('',*,*,#2784,.F.);
#4618=ORIENTED_EDGE('',*,*,#2711,.F.);
#4619=ORIENTED_EDGE('',*,*,#2790,.F.);
#4620=ORIENTED_EDGE('',*,*,#3304,.T.);
#4621=ORIENTED_EDGE('',*,*,#2719,.T.);
#4622=ORIENTED_EDGE('',*,*,#3220,.T.);
#4623=ORIENTED_EDGE('',*,*,#3305,.T.);
#4624=ORIENTED_EDGE('',*,*,#3228,.T.);
#4625=ORIENTED_EDGE('',*,*,#2728,.T.);
#4626=ORIENTED_EDGE('',*,*,#3306,.F.);
#4627=ORIENTED_EDGE('',*,*,#2782,.F.);
#4628=ORIENTED_EDGE('',*,*,#3307,.F.);
#4629=ORIENTED_EDGE('',*,*,#2736,.T.);
#4630=ORIENTED_EDGE('',*,*,#3202,.T.);
#4631=ORIENTED_EDGE('',*,*,#3305,.F.);
#4632=ORIENTED_EDGE('',*,*,#3197,.T.);
#4633=ORIENTED_EDGE('',*,*,#3308,.T.);
#4634=ORIENTED_EDGE('',*,*,#3203,.T.);
#4635=ORIENTED_EDGE('',*,*,#3308,.F.);
#4636=ORIENTED_EDGE('',*,*,#3196,.T.);
#4637=ORIENTED_EDGE('',*,*,#3187,.F.);
#4638=ORIENTED_EDGE('',*,*,#3185,.T.);
#4639=ORIENTED_EDGE('',*,*,#3182,.F.);
#4640=ORIENTED_EDGE('',*,*,#3229,.T.);
#4641=ORIENTED_EDGE('',*,*,#2734,.F.);
#4642=ORIENTED_EDGE('',*,*,#3309,.F.);
#4643=ORIENTED_EDGE('',*,*,#2805,.F.);
#4644=ORIENTED_EDGE('',*,*,#3310,.T.);
#4645=ORIENTED_EDGE('',*,*,#2730,.F.);
#4646=ORIENTED_EDGE('',*,*,#3204,.T.);
#4647=ORIENTED_EDGE('',*,*,#3194,.F.);
#4648=ORIENTED_EDGE('',*,*,#3192,.F.);
#4649=ORIENTED_EDGE('',*,*,#3189,.F.);
#4650=ORIENTED_EDGE('',*,*,#2811,.T.);
#4651=ORIENTED_EDGE('',*,*,#2731,.F.);
#4652=ORIENTED_EDGE('',*,*,#3310,.F.);
#4653=ORIENTED_EDGE('',*,*,#2804,.F.);
#4654=ORIENTED_EDGE('',*,*,#3309,.T.);
#4655=ORIENTED_EDGE('',*,*,#2733,.F.);
#4656=ORIENTED_EDGE('',*,*,#2698,.F.);
#4657=ORIENTED_EDGE('',*,*,#2806,.F.);
#4658=ORIENTED_EDGE('',*,*,#2727,.T.);
#4659=ORIENTED_EDGE('',*,*,#2740,.T.);
#4660=ORIENTED_EDGE('',*,*,#2783,.T.);
#4661=ORIENTED_EDGE('',*,*,#3306,.T.);
#4662=ORIENTED_EDGE('',*,*,#2737,.T.);
#4663=ORIENTED_EDGE('',*,*,#3307,.T.);
#4664=ORIENTED_EDGE('',*,*,#2781,.T.);
#4665=ORIENTED_EDGE('',*,*,#2713,.T.);
#4666=ORIENTED_EDGE('',*,*,#2980,.T.);
#4667=ORIENTED_EDGE('',*,*,#3311,.F.);
#4668=ORIENTED_EDGE('',*,*,#2901,.F.);
#4669=ORIENTED_EDGE('',*,*,#3312,.T.);
#4670=ORIENTED_EDGE('',*,*,#2979,.T.);
#4671=ORIENTED_EDGE('',*,*,#3018,.F.);
#4672=ORIENTED_EDGE('',*,*,#2902,.F.);
#4673=ORIENTED_EDGE('',*,*,#3311,.T.);
#4674=ORIENTED_EDGE('',*,*,#2981,.T.);
#4675=ORIENTED_EDGE('',*,*,#3312,.F.);
#4676=ORIENTED_EDGE('',*,*,#2900,.F.);
#4677=ORIENTED_EDGE('',*,*,#3178,.T.);
#4678=ORIENTED_EDGE('',*,*,#2975,.T.);
#4679=ORIENTED_EDGE('',*,*,#3172,.T.);
#4680=ORIENTED_EDGE('',*,*,#2906,.F.);
#4681=ORIENTED_EDGE('',*,*,#3313,.T.);
#4682=ORIENTED_EDGE('',*,*,#2976,.T.);
#4683=ORIENTED_EDGE('',*,*,#3313,.F.);
#4684=ORIENTED_EDGE('',*,*,#2905,.F.);
#4685=ORIENTED_EDGE('',*,*,#3314,.T.);
#4686=ORIENTED_EDGE('',*,*,#2977,.T.);
#4687=ORIENTED_EDGE('',*,*,#3314,.F.);
#4688=ORIENTED_EDGE('',*,*,#2904,.F.);
#4689=ORIENTED_EDGE('',*,*,#3017,.F.);
#4690=ORIENTED_EDGE('',*,*,#3315,.T.);
#4691=ORIENTED_EDGE('',*,*,#2780,.T.);
#4692=ORIENTED_EDGE('',*,*,#3316,.T.);
#4693=ORIENTED_EDGE('',*,*,#3317,.T.);
#4694=ORIENTED_EDGE('',*,*,#3318,.T.);
#4695=ORIENTED_EDGE('',*,*,#3319,.T.);
#4696=ORIENTED_EDGE('',*,*,#3316,.F.);
#4697=ORIENTED_EDGE('',*,*,#2779,.T.);
#4698=ORIENTED_EDGE('',*,*,#3320,.T.);
#4699=ORIENTED_EDGE('',*,*,#3321,.T.);
#4700=ORIENTED_EDGE('',*,*,#3318,.F.);
#4701=ORIENTED_EDGE('',*,*,#2778,.T.);
#4702=ORIENTED_EDGE('',*,*,#3322,.T.);
#4703=ORIENTED_EDGE('',*,*,#3323,.T.);
#4704=ORIENTED_EDGE('',*,*,#3320,.F.);
#4705=ORIENTED_EDGE('',*,*,#2777,.T.);
#4706=ORIENTED_EDGE('',*,*,#3324,.T.);
#4707=ORIENTED_EDGE('',*,*,#3325,.T.);
#4708=ORIENTED_EDGE('',*,*,#3322,.F.);
#4709=ORIENTED_EDGE('',*,*,#2776,.T.);
#4710=ORIENTED_EDGE('',*,*,#3326,.T.);
#4711=ORIENTED_EDGE('',*,*,#3327,.T.);
#4712=ORIENTED_EDGE('',*,*,#3324,.F.);
#4713=ORIENTED_EDGE('',*,*,#2775,.T.);
#4714=ORIENTED_EDGE('',*,*,#3328,.T.);
#4715=ORIENTED_EDGE('',*,*,#3329,.T.);
#4716=ORIENTED_EDGE('',*,*,#3326,.F.);
#4717=ORIENTED_EDGE('',*,*,#2774,.T.);
#4718=ORIENTED_EDGE('',*,*,#3330,.T.);
#4719=ORIENTED_EDGE('',*,*,#3331,.T.);
#4720=ORIENTED_EDGE('',*,*,#3328,.F.);
#4721=ORIENTED_EDGE('',*,*,#2773,.T.);
#4722=ORIENTED_EDGE('',*,*,#3332,.T.);
#4723=ORIENTED_EDGE('',*,*,#3333,.T.);
#4724=ORIENTED_EDGE('',*,*,#3330,.F.);
#4725=ORIENTED_EDGE('',*,*,#2772,.T.);
#4726=ORIENTED_EDGE('',*,*,#3334,.T.);
#4727=ORIENTED_EDGE('',*,*,#3335,.T.);
#4728=ORIENTED_EDGE('',*,*,#3332,.F.);
#4729=ORIENTED_EDGE('',*,*,#2771,.T.);
#4730=ORIENTED_EDGE('',*,*,#3336,.T.);
#4731=ORIENTED_EDGE('',*,*,#3337,.T.);
#4732=ORIENTED_EDGE('',*,*,#3334,.F.);
#4733=ORIENTED_EDGE('',*,*,#2770,.T.);
#4734=ORIENTED_EDGE('',*,*,#3338,.T.);
#4735=ORIENTED_EDGE('',*,*,#3339,.T.);
#4736=ORIENTED_EDGE('',*,*,#3336,.F.);
#4737=ORIENTED_EDGE('',*,*,#2769,.T.);
#4738=ORIENTED_EDGE('',*,*,#3340,.T.);
#4739=ORIENTED_EDGE('',*,*,#3341,.T.);
#4740=ORIENTED_EDGE('',*,*,#3338,.F.);
#4741=ORIENTED_EDGE('',*,*,#2768,.T.);
#4742=ORIENTED_EDGE('',*,*,#3342,.T.);
#4743=ORIENTED_EDGE('',*,*,#3343,.T.);
#4744=ORIENTED_EDGE('',*,*,#3340,.F.);
#4745=ORIENTED_EDGE('',*,*,#2767,.T.);
#4746=ORIENTED_EDGE('',*,*,#3344,.T.);
#4747=ORIENTED_EDGE('',*,*,#3345,.T.);
#4748=ORIENTED_EDGE('',*,*,#3342,.F.);
#4749=ORIENTED_EDGE('',*,*,#2766,.T.);
#4750=ORIENTED_EDGE('',*,*,#3346,.T.);
#4751=ORIENTED_EDGE('',*,*,#3347,.T.);
#4752=ORIENTED_EDGE('',*,*,#3344,.F.);
#4753=ORIENTED_EDGE('',*,*,#2765,.T.);
#4754=ORIENTED_EDGE('',*,*,#3348,.T.);
#4755=ORIENTED_EDGE('',*,*,#3349,.T.);
#4756=ORIENTED_EDGE('',*,*,#3346,.F.);
#4757=ORIENTED_EDGE('',*,*,#2764,.T.);
#4758=ORIENTED_EDGE('',*,*,#3350,.T.);
#4759=ORIENTED_EDGE('',*,*,#3351,.T.);
#4760=ORIENTED_EDGE('',*,*,#3348,.F.);
#4761=ORIENTED_EDGE('',*,*,#2763,.T.);
#4762=ORIENTED_EDGE('',*,*,#3352,.T.);
#4763=ORIENTED_EDGE('',*,*,#3353,.T.);
#4764=ORIENTED_EDGE('',*,*,#3350,.F.);
#4765=ORIENTED_EDGE('',*,*,#2762,.T.);
#4766=ORIENTED_EDGE('',*,*,#3354,.T.);
#4767=ORIENTED_EDGE('',*,*,#3355,.T.);
#4768=ORIENTED_EDGE('',*,*,#3352,.F.);
#4769=ORIENTED_EDGE('',*,*,#2761,.T.);
#4770=ORIENTED_EDGE('',*,*,#3356,.T.);
#4771=ORIENTED_EDGE('',*,*,#3357,.T.);
#4772=ORIENTED_EDGE('',*,*,#3354,.F.);
#4773=ORIENTED_EDGE('',*,*,#2760,.T.);
#4774=ORIENTED_EDGE('',*,*,#3358,.T.);
#4775=ORIENTED_EDGE('',*,*,#3359,.T.);
#4776=ORIENTED_EDGE('',*,*,#3356,.F.);
#4777=ORIENTED_EDGE('',*,*,#2759,.T.);
#4778=ORIENTED_EDGE('',*,*,#3360,.T.);
#4779=ORIENTED_EDGE('',*,*,#3361,.T.);
#4780=ORIENTED_EDGE('',*,*,#3358,.F.);
#4781=ORIENTED_EDGE('',*,*,#2758,.T.);
#4782=ORIENTED_EDGE('',*,*,#3362,.T.);
#4783=ORIENTED_EDGE('',*,*,#3363,.T.);
#4784=ORIENTED_EDGE('',*,*,#3360,.F.);
#4785=ORIENTED_EDGE('',*,*,#2757,.T.);
#4786=ORIENTED_EDGE('',*,*,#3364,.T.);
#4787=ORIENTED_EDGE('',*,*,#3365,.T.);
#4788=ORIENTED_EDGE('',*,*,#3362,.F.);
#4789=ORIENTED_EDGE('',*,*,#2756,.T.);
#4790=ORIENTED_EDGE('',*,*,#3366,.T.);
#4791=ORIENTED_EDGE('',*,*,#3367,.T.);
#4792=ORIENTED_EDGE('',*,*,#3364,.F.);
#4793=ORIENTED_EDGE('',*,*,#2755,.T.);
#4794=ORIENTED_EDGE('',*,*,#3368,.T.);
#4795=ORIENTED_EDGE('',*,*,#3369,.T.);
#4796=ORIENTED_EDGE('',*,*,#3366,.F.);
#4797=ORIENTED_EDGE('',*,*,#2754,.T.);
#4798=ORIENTED_EDGE('',*,*,#3370,.T.);
#4799=ORIENTED_EDGE('',*,*,#3371,.T.);
#4800=ORIENTED_EDGE('',*,*,#3368,.F.);
#4801=ORIENTED_EDGE('',*,*,#2753,.T.);
#4802=ORIENTED_EDGE('',*,*,#3372,.T.);
#4803=ORIENTED_EDGE('',*,*,#3373,.T.);
#4804=ORIENTED_EDGE('',*,*,#3370,.F.);
#4805=ORIENTED_EDGE('',*,*,#2752,.T.);
#4806=ORIENTED_EDGE('',*,*,#3374,.T.);
#4807=ORIENTED_EDGE('',*,*,#3375,.T.);
#4808=ORIENTED_EDGE('',*,*,#3372,.F.);
#4809=ORIENTED_EDGE('',*,*,#2751,.T.);
#4810=ORIENTED_EDGE('',*,*,#3376,.T.);
#4811=ORIENTED_EDGE('',*,*,#3377,.T.);
#4812=ORIENTED_EDGE('',*,*,#3374,.F.);
#4813=ORIENTED_EDGE('',*,*,#2750,.T.);
#4814=ORIENTED_EDGE('',*,*,#3378,.T.);
#4815=ORIENTED_EDGE('',*,*,#3379,.T.);
#4816=ORIENTED_EDGE('',*,*,#3376,.F.);
#4817=ORIENTED_EDGE('',*,*,#2749,.T.);
#4818=ORIENTED_EDGE('',*,*,#3380,.T.);
#4819=ORIENTED_EDGE('',*,*,#3381,.T.);
#4820=ORIENTED_EDGE('',*,*,#3378,.F.);
#4821=ORIENTED_EDGE('',*,*,#2748,.T.);
#4822=ORIENTED_EDGE('',*,*,#3382,.T.);
#4823=ORIENTED_EDGE('',*,*,#3383,.T.);
#4824=ORIENTED_EDGE('',*,*,#3380,.F.);
#4825=ORIENTED_EDGE('',*,*,#2747,.T.);
#4826=ORIENTED_EDGE('',*,*,#3384,.T.);
#4827=ORIENTED_EDGE('',*,*,#3385,.T.);
#4828=ORIENTED_EDGE('',*,*,#3382,.F.);
#4829=ORIENTED_EDGE('',*,*,#2746,.T.);
#4830=ORIENTED_EDGE('',*,*,#3386,.T.);
#4831=ORIENTED_EDGE('',*,*,#3387,.T.);
#4832=ORIENTED_EDGE('',*,*,#3384,.F.);
#4833=ORIENTED_EDGE('',*,*,#2745,.T.);
#4834=ORIENTED_EDGE('',*,*,#3388,.T.);
#4835=ORIENTED_EDGE('',*,*,#3389,.T.);
#4836=ORIENTED_EDGE('',*,*,#3386,.F.);
#4837=ORIENTED_EDGE('',*,*,#2744,.T.);
#4838=ORIENTED_EDGE('',*,*,#3390,.T.);
#4839=ORIENTED_EDGE('',*,*,#3391,.T.);
#4840=ORIENTED_EDGE('',*,*,#3388,.F.);
#4841=ORIENTED_EDGE('',*,*,#2743,.T.);
#4842=ORIENTED_EDGE('',*,*,#3392,.T.);
#4843=ORIENTED_EDGE('',*,*,#3393,.T.);
#4844=ORIENTED_EDGE('',*,*,#3390,.F.);
#4845=ORIENTED_EDGE('',*,*,#2742,.T.);
#4846=ORIENTED_EDGE('',*,*,#3315,.F.);
#4847=ORIENTED_EDGE('',*,*,#3394,.T.);
#4848=ORIENTED_EDGE('',*,*,#3392,.F.);
#4849=ORIENTED_EDGE('',*,*,#2741,.T.);
#4850=ORIENTED_EDGE('',*,*,#3359,.F.);
#4851=ORIENTED_EDGE('',*,*,#3395,.F.);
#4852=ORIENTED_EDGE('',*,*,#3396,.F.);
#4853=ORIENTED_EDGE('',*,*,#3397,.F.);
#4854=ORIENTED_EDGE('',*,*,#3361,.F.);
#4855=ORIENTED_EDGE('',*,*,#3398,.T.);
#4856=ORIENTED_EDGE('',*,*,#3399,.T.);
#4857=ORIENTED_EDGE('',*,*,#3395,.T.);
#4858=ORIENTED_EDGE('',*,*,#3363,.F.);
#4859=ORIENTED_EDGE('',*,*,#3400,.F.);
#4860=ORIENTED_EDGE('',*,*,#3401,.F.);
#4861=ORIENTED_EDGE('',*,*,#3398,.F.);
#4862=ORIENTED_EDGE('',*,*,#3365,.F.);
#4863=ORIENTED_EDGE('',*,*,#3402,.T.);
#4864=ORIENTED_EDGE('',*,*,#3403,.T.);
#4865=ORIENTED_EDGE('',*,*,#3400,.T.);
#4866=ORIENTED_EDGE('',*,*,#3367,.F.);
#4867=ORIENTED_EDGE('',*,*,#3404,.F.);
#4868=ORIENTED_EDGE('',*,*,#3405,.F.);
#4869=ORIENTED_EDGE('',*,*,#3402,.F.);
#4870=ORIENTED_EDGE('',*,*,#3369,.F.);
#4871=ORIENTED_EDGE('',*,*,#3406,.T.);
#4872=ORIENTED_EDGE('',*,*,#3407,.T.);
#4873=ORIENTED_EDGE('',*,*,#3404,.T.);
#4874=ORIENTED_EDGE('',*,*,#3371,.F.);
#4875=ORIENTED_EDGE('',*,*,#3408,.F.);
#4876=ORIENTED_EDGE('',*,*,#3409,.F.);
#4877=ORIENTED_EDGE('',*,*,#3406,.F.);
#4878=ORIENTED_EDGE('',*,*,#3373,.F.);
#4879=ORIENTED_EDGE('',*,*,#3410,.T.);
#4880=ORIENTED_EDGE('',*,*,#3411,.T.);
#4881=ORIENTED_EDGE('',*,*,#3408,.T.);
#4882=ORIENTED_EDGE('',*,*,#3375,.F.);
#4883=ORIENTED_EDGE('',*,*,#3412,.F.);
#4884=ORIENTED_EDGE('',*,*,#3413,.F.);
#4885=ORIENTED_EDGE('',*,*,#3410,.F.);
#4886=ORIENTED_EDGE('',*,*,#3377,.F.);
#4887=ORIENTED_EDGE('',*,*,#3414,.T.);
#4888=ORIENTED_EDGE('',*,*,#3415,.T.);
#4889=ORIENTED_EDGE('',*,*,#3412,.T.);
#4890=ORIENTED_EDGE('',*,*,#3379,.F.);
#4891=ORIENTED_EDGE('',*,*,#3416,.F.);
#4892=ORIENTED_EDGE('',*,*,#3417,.F.);
#4893=ORIENTED_EDGE('',*,*,#3414,.F.);
#4894=ORIENTED_EDGE('',*,*,#3381,.F.);
#4895=ORIENTED_EDGE('',*,*,#3418,.T.);
#4896=ORIENTED_EDGE('',*,*,#3419,.T.);
#4897=ORIENTED_EDGE('',*,*,#3416,.T.);
#4898=ORIENTED_EDGE('',*,*,#3383,.F.);
#4899=ORIENTED_EDGE('',*,*,#3420,.F.);
#4900=ORIENTED_EDGE('',*,*,#3421,.F.);
#4901=ORIENTED_EDGE('',*,*,#3418,.F.);
#4902=ORIENTED_EDGE('',*,*,#3385,.F.);
#4903=ORIENTED_EDGE('',*,*,#3422,.T.);
#4904=ORIENTED_EDGE('',*,*,#3423,.T.);
#4905=ORIENTED_EDGE('',*,*,#3420,.T.);
#4906=ORIENTED_EDGE('',*,*,#3387,.F.);
#4907=ORIENTED_EDGE('',*,*,#3424,.T.);
#4908=ORIENTED_EDGE('',*,*,#3425,.F.);
#4909=ORIENTED_EDGE('',*,*,#3422,.F.);
#4910=ORIENTED_EDGE('',*,*,#3389,.F.);
#4911=ORIENTED_EDGE('',*,*,#3426,.T.);
#4912=ORIENTED_EDGE('',*,*,#3427,.F.);
#4913=ORIENTED_EDGE('',*,*,#3424,.F.);
#4914=ORIENTED_EDGE('',*,*,#3391,.F.);
#4915=ORIENTED_EDGE('',*,*,#3428,.T.);
#4916=ORIENTED_EDGE('',*,*,#3429,.F.);
#4917=ORIENTED_EDGE('',*,*,#3426,.F.);
#4918=ORIENTED_EDGE('',*,*,#3088,.T.);
#4919=ORIENTED_EDGE('',*,*,#3078,.F.);
#4920=ORIENTED_EDGE('',*,*,#3083,.T.);
#4921=ORIENTED_EDGE('',*,*,#3071,.F.);
#4922=ORIENTED_EDGE('',*,*,#3272,.T.);
#4923=ORIENTED_EDGE('',*,*,#3273,.T.);
#4924=ORIENTED_EDGE('',*,*,#3393,.F.);
#4925=ORIENTED_EDGE('',*,*,#3430,.T.);
#4926=ORIENTED_EDGE('',*,*,#3431,.F.);
#4927=ORIENTED_EDGE('',*,*,#3428,.F.);
#4928=ORIENTED_EDGE('',*,*,#3394,.F.);
#4929=ORIENTED_EDGE('',*,*,#3432,.F.);
#4930=ORIENTED_EDGE('',*,*,#3433,.F.);
#4931=ORIENTED_EDGE('',*,*,#3430,.F.);
#4932=ORIENTED_EDGE('',*,*,#3211,.T.);
#4933=ORIENTED_EDGE('',*,*,#3214,.T.);
#4934=ORIENTED_EDGE('',*,*,#3212,.T.);
#4935=ORIENTED_EDGE('',*,*,#3208,.T.);
#4936=ORIENTED_EDGE('',*,*,#3317,.F.);
#4937=ORIENTED_EDGE('',*,*,#3434,.T.);
#4938=ORIENTED_EDGE('',*,*,#3435,.T.);
#4939=ORIENTED_EDGE('',*,*,#3432,.T.);
#4940=ORIENTED_EDGE('',*,*,#3399,.F.);
#4941=ORIENTED_EDGE('',*,*,#3401,.T.);
#4942=ORIENTED_EDGE('',*,*,#3403,.F.);
#4943=ORIENTED_EDGE('',*,*,#3405,.T.);
#4944=ORIENTED_EDGE('',*,*,#3407,.F.);
#4945=ORIENTED_EDGE('',*,*,#3409,.T.);
#4946=ORIENTED_EDGE('',*,*,#3411,.F.);
#4947=ORIENTED_EDGE('',*,*,#3413,.T.);
#4948=ORIENTED_EDGE('',*,*,#3415,.F.);
#4949=ORIENTED_EDGE('',*,*,#3417,.T.);
#4950=ORIENTED_EDGE('',*,*,#3419,.F.);
#4951=ORIENTED_EDGE('',*,*,#3421,.T.);
#4952=ORIENTED_EDGE('',*,*,#3423,.F.);
#4953=ORIENTED_EDGE('',*,*,#3425,.T.);
#4954=ORIENTED_EDGE('',*,*,#3427,.T.);
#4955=ORIENTED_EDGE('',*,*,#3429,.T.);
#4956=ORIENTED_EDGE('',*,*,#3431,.T.);
#4957=ORIENTED_EDGE('',*,*,#3433,.T.);
#4958=ORIENTED_EDGE('',*,*,#3435,.F.);
#4959=ORIENTED_EDGE('',*,*,#3436,.T.);
#4960=ORIENTED_EDGE('',*,*,#3437,.F.);
#4961=ORIENTED_EDGE('',*,*,#3438,.T.);
#4962=ORIENTED_EDGE('',*,*,#3439,.F.);
#4963=ORIENTED_EDGE('',*,*,#3440,.T.);
#4964=ORIENTED_EDGE('',*,*,#3441,.F.);
#4965=ORIENTED_EDGE('',*,*,#3442,.T.);
#4966=ORIENTED_EDGE('',*,*,#3443,.F.);
#4967=ORIENTED_EDGE('',*,*,#3444,.T.);
#4968=ORIENTED_EDGE('',*,*,#3445,.F.);
#4969=ORIENTED_EDGE('',*,*,#3446,.T.);
#4970=ORIENTED_EDGE('',*,*,#3447,.F.);
#4971=ORIENTED_EDGE('',*,*,#3448,.T.);
#4972=ORIENTED_EDGE('',*,*,#3449,.F.);
#4973=ORIENTED_EDGE('',*,*,#3450,.T.);
#4974=ORIENTED_EDGE('',*,*,#3451,.T.);
#4975=ORIENTED_EDGE('',*,*,#3452,.T.);
#4976=ORIENTED_EDGE('',*,*,#3453,.T.);
#4977=ORIENTED_EDGE('',*,*,#3454,.T.);
#4978=ORIENTED_EDGE('',*,*,#3455,.F.);
#4979=ORIENTED_EDGE('',*,*,#3396,.T.);
#4980=ORIENTED_EDGE('',*,*,#3171,.F.);
#4981=ORIENTED_EDGE('',*,*,#3093,.F.);
#4982=ORIENTED_EDGE('',*,*,#3096,.F.);
#4983=ORIENTED_EDGE('',*,*,#3098,.F.);
#4984=ORIENTED_EDGE('',*,*,#3100,.F.);
#4985=ORIENTED_EDGE('',*,*,#3102,.F.);
#4986=ORIENTED_EDGE('',*,*,#3104,.F.);
#4987=ORIENTED_EDGE('',*,*,#3106,.F.);
#4988=ORIENTED_EDGE('',*,*,#3108,.F.);
#4989=ORIENTED_EDGE('',*,*,#3110,.F.);
#4990=ORIENTED_EDGE('',*,*,#3112,.F.);
#4991=ORIENTED_EDGE('',*,*,#3114,.F.);
#4992=ORIENTED_EDGE('',*,*,#3116,.F.);
#4993=ORIENTED_EDGE('',*,*,#3118,.F.);
#4994=ORIENTED_EDGE('',*,*,#3120,.F.);
#4995=ORIENTED_EDGE('',*,*,#3122,.F.);
#4996=ORIENTED_EDGE('',*,*,#3124,.F.);
#4997=ORIENTED_EDGE('',*,*,#3126,.F.);
#4998=ORIENTED_EDGE('',*,*,#3128,.F.);
#4999=ORIENTED_EDGE('',*,*,#3130,.F.);
#5000=ORIENTED_EDGE('',*,*,#3132,.F.);
#5001=ORIENTED_EDGE('',*,*,#3134,.F.);
#5002=ORIENTED_EDGE('',*,*,#3136,.F.);
#5003=ORIENTED_EDGE('',*,*,#3138,.F.);
#5004=ORIENTED_EDGE('',*,*,#3140,.F.);
#5005=ORIENTED_EDGE('',*,*,#3142,.F.);
#5006=ORIENTED_EDGE('',*,*,#3144,.F.);
#5007=ORIENTED_EDGE('',*,*,#3146,.F.);
#5008=ORIENTED_EDGE('',*,*,#3148,.F.);
#5009=ORIENTED_EDGE('',*,*,#3150,.F.);
#5010=ORIENTED_EDGE('',*,*,#3152,.F.);
#5011=ORIENTED_EDGE('',*,*,#3154,.F.);
#5012=ORIENTED_EDGE('',*,*,#3156,.F.);
#5013=ORIENTED_EDGE('',*,*,#3158,.F.);
#5014=ORIENTED_EDGE('',*,*,#3160,.F.);
#5015=ORIENTED_EDGE('',*,*,#3162,.F.);
#5016=ORIENTED_EDGE('',*,*,#3164,.F.);
#5017=ORIENTED_EDGE('',*,*,#3166,.F.);
#5018=ORIENTED_EDGE('',*,*,#3168,.F.);
#5019=ORIENTED_EDGE('',*,*,#3170,.F.);
#5020=ORIENTED_EDGE('',*,*,#3357,.F.);
#5021=ORIENTED_EDGE('',*,*,#3397,.T.);
#5022=ORIENTED_EDGE('',*,*,#3455,.T.);
#5023=ORIENTED_EDGE('',*,*,#3456,.T.);
#5024=ORIENTED_EDGE('',*,*,#3355,.F.);
#5025=ORIENTED_EDGE('',*,*,#3456,.F.);
#5026=ORIENTED_EDGE('',*,*,#3454,.F.);
#5027=ORIENTED_EDGE('',*,*,#3457,.F.);
#5028=ORIENTED_EDGE('',*,*,#3345,.F.);
#5029=ORIENTED_EDGE('',*,*,#3458,.T.);
#5030=ORIENTED_EDGE('',*,*,#3449,.T.);
#5031=ORIENTED_EDGE('',*,*,#3459,.T.);
#5032=ORIENTED_EDGE('',*,*,#3343,.F.);
#5033=ORIENTED_EDGE('',*,*,#3459,.F.);
#5034=ORIENTED_EDGE('',*,*,#3448,.F.);
#5035=ORIENTED_EDGE('',*,*,#3460,.F.);
#5036=ORIENTED_EDGE('',*,*,#3341,.F.);
#5037=ORIENTED_EDGE('',*,*,#3460,.T.);
#5038=ORIENTED_EDGE('',*,*,#3447,.T.);
#5039=ORIENTED_EDGE('',*,*,#3461,.T.);
#5040=ORIENTED_EDGE('',*,*,#3339,.F.);
#5041=ORIENTED_EDGE('',*,*,#3461,.F.);
#5042=ORIENTED_EDGE('',*,*,#3446,.F.);
#5043=ORIENTED_EDGE('',*,*,#3462,.F.);
#5044=ORIENTED_EDGE('',*,*,#3337,.F.);
#5045=ORIENTED_EDGE('',*,*,#3462,.T.);
#5046=ORIENTED_EDGE('',*,*,#3445,.T.);
#5047=ORIENTED_EDGE('',*,*,#3463,.T.);
#5048=ORIENTED_EDGE('',*,*,#3335,.F.);
#5049=ORIENTED_EDGE('',*,*,#3463,.F.);
#5050=ORIENTED_EDGE('',*,*,#3444,.F.);
#5051=ORIENTED_EDGE('',*,*,#3464,.F.);
#5052=ORIENTED_EDGE('',*,*,#3333,.F.);
#5053=ORIENTED_EDGE('',*,*,#3464,.T.);
#5054=ORIENTED_EDGE('',*,*,#3443,.T.);
#5055=ORIENTED_EDGE('',*,*,#3465,.T.);
#5056=ORIENTED_EDGE('',*,*,#3331,.F.);
#5057=ORIENTED_EDGE('',*,*,#3465,.F.);
#5058=ORIENTED_EDGE('',*,*,#3442,.F.);
#5059=ORIENTED_EDGE('',*,*,#3466,.F.);
#5060=ORIENTED_EDGE('',*,*,#3329,.F.);
#5061=ORIENTED_EDGE('',*,*,#3466,.T.);
#5062=ORIENTED_EDGE('',*,*,#3441,.T.);
#5063=ORIENTED_EDGE('',*,*,#3467,.T.);
#5064=ORIENTED_EDGE('',*,*,#3327,.F.);
#5065=ORIENTED_EDGE('',*,*,#3467,.F.);
#5066=ORIENTED_EDGE('',*,*,#3440,.F.);
#5067=ORIENTED_EDGE('',*,*,#3468,.F.);
#5068=ORIENTED_EDGE('',*,*,#3325,.F.);
#5069=ORIENTED_EDGE('',*,*,#3468,.T.);
#5070=ORIENTED_EDGE('',*,*,#3439,.T.);
#5071=ORIENTED_EDGE('',*,*,#3469,.T.);
#5072=ORIENTED_EDGE('',*,*,#3323,.F.);
#5073=ORIENTED_EDGE('',*,*,#3469,.F.);
#5074=ORIENTED_EDGE('',*,*,#3438,.F.);
#5075=ORIENTED_EDGE('',*,*,#3470,.F.);
#5076=ORIENTED_EDGE('',*,*,#3321,.F.);
#5077=ORIENTED_EDGE('',*,*,#3470,.T.);
#5078=ORIENTED_EDGE('',*,*,#3437,.T.);
#5079=ORIENTED_EDGE('',*,*,#3471,.T.);
#5080=ORIENTED_EDGE('',*,*,#3319,.F.);
#5081=ORIENTED_EDGE('',*,*,#3471,.F.);
#5082=ORIENTED_EDGE('',*,*,#3436,.F.);
#5083=ORIENTED_EDGE('',*,*,#3434,.F.);
#5084=ORIENTED_EDGE('',*,*,#3347,.F.);
#5085=ORIENTED_EDGE('',*,*,#3472,.T.);
#5086=ORIENTED_EDGE('',*,*,#3450,.F.);
#5087=ORIENTED_EDGE('',*,*,#3458,.F.);
#5088=ORIENTED_EDGE('',*,*,#3065,.T.);
#5089=ORIENTED_EDGE('',*,*,#3067,.T.);
#5090=ORIENTED_EDGE('',*,*,#3060,.T.);
#5091=ORIENTED_EDGE('',*,*,#3063,.T.);
#5092=ORIENTED_EDGE('',*,*,#3351,.F.);
#5093=ORIENTED_EDGE('',*,*,#3473,.T.);
#5094=ORIENTED_EDGE('',*,*,#3452,.F.);
#5095=ORIENTED_EDGE('',*,*,#3474,.F.);
#5096=ORIENTED_EDGE('',*,*,#3242,.T.);
#5097=ORIENTED_EDGE('',*,*,#3243,.T.);
#5098=ORIENTED_EDGE('',*,*,#3245,.T.);
#5099=ORIENTED_EDGE('',*,*,#3246,.T.);
#5100=ORIENTED_EDGE('',*,*,#3349,.F.);
#5101=ORIENTED_EDGE('',*,*,#3474,.T.);
#5102=ORIENTED_EDGE('',*,*,#3451,.F.);
#5103=ORIENTED_EDGE('',*,*,#3472,.F.);
#5104=ORIENTED_EDGE('',*,*,#3353,.F.);
#5105=ORIENTED_EDGE('',*,*,#3457,.T.);
#5106=ORIENTED_EDGE('',*,*,#3453,.F.);
#5107=ORIENTED_EDGE('',*,*,#3473,.F.);
#5108=ORIENTED_EDGE('',*,*,#3475,.T.);
#5109=ORIENTED_EDGE('',*,*,#3476,.T.);
#5110=ORIENTED_EDGE('',*,*,#2738,.F.);
#5111=ORIENTED_EDGE('',*,*,#3476,.F.);
#5112=ORIENTED_EDGE('',*,*,#3475,.F.);
#5113=CYLINDRICAL_SURFACE('',#5574,1.);
#5114=CYLINDRICAL_SURFACE('',#5582,1.);
#5115=CYLINDRICAL_SURFACE('',#5584,1.);
#5116=CYLINDRICAL_SURFACE('',#5587,1.);
#5117=CYLINDRICAL_SURFACE('',#5589,1.5);
#5118=CYLINDRICAL_SURFACE('',#5593,1.5);
#5119=CYLINDRICAL_SURFACE('',#5599,3.);
#5120=CYLINDRICAL_SURFACE('',#5603,3.);
#5121=CYLINDRICAL_SURFACE('',#5668,2.28113658204737);
#5122=CYLINDRICAL_SURFACE('',#5671,2.28591545551946);
#5123=CYLINDRICAL_SURFACE('',#5737,7.5);
#5124=CYLINDRICAL_SURFACE('',#5739,7.5);
#5125=CYLINDRICAL_SURFACE('',#5772,7.5);
#5126=CYLINDRICAL_SURFACE('',#5778,2.);
#5127=CYLINDRICAL_SURFACE('',#5784,2.);
#5128=CYLINDRICAL_SURFACE('',#5785,3.25);
#5129=CYLINDRICAL_SURFACE('',#5786,3.25);
#5130=CYLINDRICAL_SURFACE('',#5787,7.5);
#5131=CYLINDRICAL_SURFACE('',#5788,10.5);
#5132=CYLINDRICAL_SURFACE('',#5800,10.5);
#5133=CYLINDRICAL_SURFACE('',#5802,10.5);
#5134=CYLINDRICAL_SURFACE('',#5804,10.5);
#5135=CYLINDRICAL_SURFACE('',#5807,7.);
#5136=CYLINDRICAL_SURFACE('',#5813,7.);
#5137=CYLINDRICAL_SURFACE('',#5818,10.5);
#5138=CYLINDRICAL_SURFACE('',#5820,10.5);
#5139=CYLINDRICAL_SURFACE('',#5822,10.5);
#5140=CYLINDRICAL_SURFACE('',#5824,6.5);
#5141=CYLINDRICAL_SURFACE('',#5827,6.5);
#5142=CYLINDRICAL_SURFACE('',#5830,3.);
#5143=CYLINDRICAL_SURFACE('',#5834,3.);
#5144=CYLINDRICAL_SURFACE('',#5841,3.);
#5145=CYLINDRICAL_SURFACE('',#5843,6.);
#5146=CYLINDRICAL_SURFACE('',#5846,4.);
#5147=CYLINDRICAL_SURFACE('',#5850,1.5);
#5148=CYLINDRICAL_SURFACE('',#5852,9.00000000000001);
#5149=CYLINDRICAL_SURFACE('',#5854,1.5);
#5150=CYLINDRICAL_SURFACE('',#5857,1.5);
#5151=CYLINDRICAL_SURFACE('',#5859,9.);
#5152=CYLINDRICAL_SURFACE('',#5861,1.5);
#5153=CYLINDRICAL_SURFACE('',#5864,3.49999999999997);
#5154=CYLINDRICAL_SURFACE('',#5867,3.49999999999999);
#5155=CYLINDRICAL_SURFACE('',#5870,1.5);
#5156=CYLINDRICAL_SURFACE('',#5872,9.);
#5157=CYLINDRICAL_SURFACE('',#5874,1.5);
#5158=CYLINDRICAL_SURFACE('',#5877,1.5);
#5159=CYLINDRICAL_SURFACE('',#5879,9.00000000000001);
#5160=CYLINDRICAL_SURFACE('',#5881,1.5);
#5161=CYLINDRICAL_SURFACE('',#5884,1.5);
#5162=CYLINDRICAL_SURFACE('',#5886,9.);
#5163=CYLINDRICAL_SURFACE('',#5888,1.5);
#5164=CYLINDRICAL_SURFACE('',#5891,1.5);
#5165=CYLINDRICAL_SURFACE('',#5893,9.);
#5166=CYLINDRICAL_SURFACE('',#5895,1.5);
#5167=CYLINDRICAL_SURFACE('',#5898,3.5);
#5168=CYLINDRICAL_SURFACE('',#5901,3.5);
#5169=CYLINDRICAL_SURFACE('',#5904,1.5);
#5170=CYLINDRICAL_SURFACE('',#5906,9.);
#5171=CYLINDRICAL_SURFACE('',#5908,1.5);
#5172=CYLINDRICAL_SURFACE('',#5911,1.5);
#5173=CYLINDRICAL_SURFACE('',#5913,9.);
#5174=CYLINDRICAL_SURFACE('',#5915,1.5);
#5175=CYLINDRICAL_SURFACE('',#5920,4.);
#5176=CYLINDRICAL_SURFACE('',#5924,10.5);
#5177=CYLINDRICAL_SURFACE('',#5926,2.);
#5178=CYLINDRICAL_SURFACE('',#5929,2.);
#5179=CYLINDRICAL_SURFACE('',#5931,2.);
#5180=CYLINDRICAL_SURFACE('',#5934,2.);
#5181=CYLINDRICAL_SURFACE('',#5943,2.);
#5182=CYLINDRICAL_SURFACE('',#5948,2.);
#5183=CYLINDRICAL_SURFACE('',#5949,2.);
#5184=CYLINDRICAL_SURFACE('',#5952,2.);
#5185=CYLINDRICAL_SURFACE('',#5960,2.1);
#5186=CYLINDRICAL_SURFACE('',#5962,4.);
#5187=CYLINDRICAL_SURFACE('',#5966,2.1);
#5188=CYLINDRICAL_SURFACE('',#5968,4.);
#5189=CYLINDRICAL_SURFACE('',#5972,6.);
#5190=CYLINDRICAL_SURFACE('',#5975,6.);
#5191=CYLINDRICAL_SURFACE('',#5986,2.1);
#5192=CYLINDRICAL_SURFACE('',#5988,4.);
#5193=CYLINDRICAL_SURFACE('',#5992,2.1);
#5194=CYLINDRICAL_SURFACE('',#5994,4.);
#5195=CYLINDRICAL_SURFACE('',#5998,2.1);
#5196=CYLINDRICAL_SURFACE('',#6000,4.);
#5197=CYLINDRICAL_SURFACE('',#6004,2.1);
#5198=CYLINDRICAL_SURFACE('',#6006,4.);
#5199=CYLINDRICAL_SURFACE('',#6010,3.5);
#5200=CYLINDRICAL_SURFACE('',#6017,2.);
#5201=CYLINDRICAL_SURFACE('',#6022,2.);
#5202=CYLINDRICAL_SURFACE('',#6027,2.);
#5203=CYLINDRICAL_SURFACE('',#6032,2.);
#5204=CYLINDRICAL_SURFACE('',#6033,3.25);
#5205=CYLINDRICAL_SURFACE('',#6034,3.25);
#5206=CYLINDRICAL_SURFACE('',#6035,3.25);
#5207=CYLINDRICAL_SURFACE('',#6036,3.25);
#5208=CYLINDRICAL_SURFACE('',#6039,5.5);
#5209=CYLINDRICAL_SURFACE('',#6048,1.5);
#5210=CYLINDRICAL_SURFACE('',#6049,1.5);
#5211=CYLINDRICAL_SURFACE('',#6050,3.);
#5212=CYLINDRICAL_SURFACE('',#6051,3.);
#5213=CYLINDRICAL_SURFACE('',#6052,6.5);
#5214=CYLINDRICAL_SURFACE('',#6056,6.5);
#5215=CYLINDRICAL_SURFACE('',#6068,1.);
#5216=CYLINDRICAL_SURFACE('',#6079,1.);
#5217=CYLINDRICAL_SURFACE('',#6090,1.);
#5218=CYLINDRICAL_SURFACE('',#6101,1.);
#5219=CYLINDRICAL_SURFACE('',#6106,1.);
#5220=CYLINDRICAL_SURFACE('',#6111,1.);
#5221=CYLINDRICAL_SURFACE('',#6122,1.);
#5222=CYLINDRICAL_SURFACE('',#6133,1.);
#5223=CYLINDRICAL_SURFACE('',#6144,1.);
#5224=CYLINDRICAL_SURFACE('',#6155,1.);
#5225=CYLINDRICAL_SURFACE('',#6160,1.);
#5226=CYLINDRICAL_SURFACE('',#6165,1.);
#5227=CYLINDRICAL_SURFACE('',#6166,7.5);
#5228=CYLINDRICAL_SURFACE('',#6168,3.);
#5229=CYLINDRICAL_SURFACE('',#6171,3.);
#5230=CYLINDRICAL_SURFACE('',#6173,7.5);
#5231=CYLINDRICAL_SURFACE('',#6175,3.);
#5232=CYLINDRICAL_SURFACE('',#6178,3.);
#5233=CYLINDRICAL_SURFACE('',#6180,7.5);
#5234=CYLINDRICAL_SURFACE('',#6182,3.);
#5235=CYLINDRICAL_SURFACE('',#6185,3.);
#5236=CYLINDRICAL_SURFACE('',#6187,7.5);
#5237=CYLINDRICAL_SURFACE('',#6189,3.);
#5238=CYLINDRICAL_SURFACE('',#6192,4.99999999999999);
#5239=CYLINDRICAL_SURFACE('',#6195,4.99999999999997);
#5240=CYLINDRICAL_SURFACE('',#6198,3.);
#5241=CYLINDRICAL_SURFACE('',#6215,3.);
#5242=CYLINDRICAL_SURFACE('',#6217,3.);
#5243=CYLINDRICAL_SURFACE('',#6218,7.5);
#5244=CYLINDRICAL_SURFACE('',#6219,3.);
#5245=CYLINDRICAL_SURFACE('',#6221,3.);
#5246=CYLINDRICAL_SURFACE('',#6222,7.5);
#5247=CYLINDRICAL_SURFACE('',#6223,3.);
#5248=CYLINDRICAL_SURFACE('',#6225,3.);
#5249=CYLINDRICAL_SURFACE('',#6226,7.5);
#5250=CYLINDRICAL_SURFACE('',#6227,3.);
#5251=CYLINDRICAL_SURFACE('',#6229,3.);
#5252=CYLINDRICAL_SURFACE('',#6230,7.5);
#5253=CYLINDRICAL_SURFACE('',#6233,5.);
#5254=CYLINDRICAL_SURFACE('',#6234,5.);
#5255=CYLINDRICAL_SURFACE('',#6235,2.1);
#5256=ADVANCED_FACE('',(#213),#5113,.T.);
#5257=ADVANCED_FACE('',(#214),#93,.T.);
#5258=ADVANCED_FACE('',(#215),#94,.F.);
#5259=ADVANCED_FACE('',(#216),#5114,.T.);
#5260=ADVANCED_FACE('',(#217),#5115,.T.);
#5261=ADVANCED_FACE('',(#218),#95,.F.);
#5262=ADVANCED_FACE('',(#219),#5116,.T.);
#5263=ADVANCED_FACE('',(#220),#5117,.F.);
#5264=ADVANCED_FACE('',(#221),#96,.T.);
#5265=ADVANCED_FACE('',(#222),#5118,.F.);
#5266=ADVANCED_FACE('',(#223),#97,.T.);
#5267=ADVANCED_FACE('',(#224),#98,.T.);
#5268=ADVANCED_FACE('',(#225),#99,.T.);
#5269=ADVANCED_FACE('',(#226),#5119,.F.);
#5270=ADVANCED_FACE('',(#227),#100,.F.);
#5271=ADVANCED_FACE('',(#228),#5120,.F.);
#5272=ADVANCED_FACE('',(#229,#50),#101,.T.);
#5273=ADVANCED_FACE('',(#230),#102,.F.);
#5274=ADVANCED_FACE('',(#231,#51,#52,#53,#54,#55,#56,#57),#103,.F.);
#5275=ADVANCED_FACE('',(#232,#58,#59),#104,.F.);
#5276=ADVANCED_FACE('',(#233),#105,.T.);
#5277=ADVANCED_FACE('',(#234),#106,.T.);
#5278=ADVANCED_FACE('',(#235),#107,.F.);
#5279=ADVANCED_FACE('',(#236),#5121,.F.);
#5280=ADVANCED_FACE('',(#237),#5122,.F.);
#5281=ADVANCED_FACE('',(#238),#108,.F.);
#5282=ADVANCED_FACE('',(#239),#109,.T.);
#5283=ADVANCED_FACE('',(#240,#60,#61,#62,#63,#64,#65,#66),#110,.T.);
#5284=ADVANCED_FACE('',(#241),#111,.T.);
#5285=ADVANCED_FACE('',(#242),#112,.T.);
#5286=ADVANCED_FACE('',(#243),#113,.T.);
#5287=ADVANCED_FACE('',(#244),#114,.T.);
#5288=ADVANCED_FACE('',(#245),#5123,.T.);
#5289=ADVANCED_FACE('',(#246),#5124,.T.);
#5290=ADVANCED_FACE('',(#247),#115,.T.);
#5291=ADVANCED_FACE('',(#248,#67,#68,#69,#70,#71),#116,.T.);
#5292=ADVANCED_FACE('',(#249),#5125,.T.);
#5293=ADVANCED_FACE('',(#250),#44,.F.);
#5294=ADVANCED_FACE('',(#251),#5126,.F.);
#5295=ADVANCED_FACE('',(#252),#45,.F.);
#5296=ADVANCED_FACE('',(#253),#5127,.F.);
#5297=ADVANCED_FACE('',(#254),#5128,.F.);
#5298=ADVANCED_FACE('',(#255),#5129,.F.);
#5299=ADVANCED_FACE('',(#256),#5130,.T.);
#5300=ADVANCED_FACE('',(#257),#5131,.T.);
#5301=ADVANCED_FACE('',(#258),#15,.F.);
#5302=ADVANCED_FACE('',(#259,#72),#117,.F.);
#5303=ADVANCED_FACE('',(#260,#73),#118,.T.);
#5304=ADVANCED_FACE('',(#261),#119,.F.);
#5305=ADVANCED_FACE('',(#262),#120,.F.);
#5306=ADVANCED_FACE('',(#263),#121,.F.);
#5307=ADVANCED_FACE('',(#264),#122,.F.);
#5308=ADVANCED_FACE('',(#265),#5132,.T.);
#5309=ADVANCED_FACE('',(#266),#123,.T.);
#5310=ADVANCED_FACE('',(#267),#5133,.T.);
#5311=ADVANCED_FACE('',(#268),#124,.T.);
#5312=ADVANCED_FACE('',(#269),#5134,.T.);
#5313=ADVANCED_FACE('',(#270),#125,.T.);
#5314=ADVANCED_FACE('',(#271),#126,.T.);
#5315=ADVANCED_FACE('',(#272),#5135,.T.);
#5316=ADVANCED_FACE('',(#273),#127,.T.);
#5317=ADVANCED_FACE('',(#274,#74,#75),#128,.T.);
#5318=ADVANCED_FACE('',(#275),#129,.T.);
#5319=ADVANCED_FACE('',(#276),#5136,.T.);
#5320=ADVANCED_FACE('',(#277),#130,.T.);
#5321=ADVANCED_FACE('',(#278,#76),#131,.T.);
#5322=ADVANCED_FACE('',(#279),#5137,.T.);
#5323=ADVANCED_FACE('',(#280),#132,.T.);
#5324=ADVANCED_FACE('',(#281),#5138,.T.);
#5325=ADVANCED_FACE('',(#282),#133,.T.);
#5326=ADVANCED_FACE('',(#283),#5139,.T.);
#5327=ADVANCED_FACE('',(#284),#134,.T.);
#5328=ADVANCED_FACE('',(#285),#5140,.F.);
#5329=ADVANCED_FACE('',(#286),#135,.F.);
#5330=ADVANCED_FACE('',(#287),#5141,.F.);
#5331=ADVANCED_FACE('',(#288),#136,.F.);
#5332=ADVANCED_FACE('',(#289),#5142,.F.);
#5333=ADVANCED_FACE('',(#290),#137,.T.);
#5334=ADVANCED_FACE('',(#291),#5143,.F.);
#5335=ADVANCED_FACE('',(#292),#138,.T.);
#5336=ADVANCED_FACE('',(#293,#77),#139,.F.);
#5337=ADVANCED_FACE('',(#294),#5144,.F.);
#5338=ADVANCED_FACE('',(#295),#5145,.T.);
#5339=ADVANCED_FACE('',(#296,#78),#140,.T.);
#5340=ADVANCED_FACE('',(#297),#5146,.T.);
#5341=ADVANCED_FACE('',(#298),#141,.T.);
#5342=ADVANCED_FACE('',(#299),#5147,.T.);
#5343=ADVANCED_FACE('',(#300),#5148,.F.);
#5344=ADVANCED_FACE('',(#301),#5149,.T.);
#5345=ADVANCED_FACE('',(#302),#142,.F.);
#5346=ADVANCED_FACE('',(#303),#5150,.T.);
#5347=ADVANCED_FACE('',(#304),#5151,.F.);
#5348=ADVANCED_FACE('',(#305),#5152,.T.);
#5349=ADVANCED_FACE('',(#306),#143,.F.);
#5350=ADVANCED_FACE('',(#307),#5153,.T.);
#5351=ADVANCED_FACE('',(#308),#144,.F.);
#5352=ADVANCED_FACE('',(#309),#5154,.T.);
#5353=ADVANCED_FACE('',(#310),#145,.F.);
#5354=ADVANCED_FACE('',(#311),#5155,.T.);
#5355=ADVANCED_FACE('',(#312),#5156,.F.);
#5356=ADVANCED_FACE('',(#313),#5157,.T.);
#5357=ADVANCED_FACE('',(#314),#146,.F.);
#5358=ADVANCED_FACE('',(#315),#5158,.T.);
#5359=ADVANCED_FACE('',(#316),#5159,.F.);
#5360=ADVANCED_FACE('',(#317),#5160,.T.);
#5361=ADVANCED_FACE('',(#318),#147,.F.);
#5362=ADVANCED_FACE('',(#319),#5161,.T.);
#5363=ADVANCED_FACE('',(#320),#5162,.F.);
#5364=ADVANCED_FACE('',(#321),#5163,.T.);
#5365=ADVANCED_FACE('',(#322),#148,.F.);
#5366=ADVANCED_FACE('',(#323),#5164,.T.);
#5367=ADVANCED_FACE('',(#324),#5165,.F.);
#5368=ADVANCED_FACE('',(#325),#5166,.T.);
#5369=ADVANCED_FACE('',(#326),#149,.F.);
#5370=ADVANCED_FACE('',(#327),#5167,.T.);
#5371=ADVANCED_FACE('',(#328),#150,.F.);
#5372=ADVANCED_FACE('',(#329),#5168,.T.);
#5373=ADVANCED_FACE('',(#330),#151,.F.);
#5374=ADVANCED_FACE('',(#331),#5169,.T.);
#5375=ADVANCED_FACE('',(#332),#5170,.F.);
#5376=ADVANCED_FACE('',(#333),#5171,.T.);
#5377=ADVANCED_FACE('',(#334),#152,.F.);
#5378=ADVANCED_FACE('',(#335),#5172,.T.);
#5379=ADVANCED_FACE('',(#336),#5173,.F.);
#5380=ADVANCED_FACE('',(#337),#5174,.T.);
#5381=ADVANCED_FACE('',(#338),#153,.F.);
#5382=ADVANCED_FACE('',(#339),#154,.T.);
#5383=ADVANCED_FACE('',(#340),#155,.T.);
#5384=ADVANCED_FACE('',(#341),#5175,.T.);
#5385=ADVANCED_FACE('',(#342),#156,.T.);
#5386=ADVANCED_FACE('',(#343,#79),#157,.T.);
#5387=ADVANCED_FACE('',(#344),#5176,.T.);
#5388=ADVANCED_FACE('',(#345),#158,.T.);
#5389=ADVANCED_FACE('',(#346),#5177,.F.);
#5390=ADVANCED_FACE('',(#347),#159,.T.);
#5391=ADVANCED_FACE('',(#348),#5178,.F.);
#5392=ADVANCED_FACE('',(#349),#5179,.F.);
#5393=ADVANCED_FACE('',(#350),#160,.T.);
#5394=ADVANCED_FACE('',(#351),#5180,.F.);
#5395=ADVANCED_FACE('',(#352),#161,.F.);
#5396=ADVANCED_FACE('',(#353),#162,.F.);
#5397=ADVANCED_FACE('',(#354),#163,.F.);
#5398=ADVANCED_FACE('',(#355),#164,.F.);
#5399=ADVANCED_FACE('',(#356),#165,.F.);
#5400=ADVANCED_FACE('',(#357),#166,.F.);
#5401=ADVANCED_FACE('',(#358),#167,.F.);
#5402=ADVANCED_FACE('',(#359),#5181,.F.);
#5403=ADVANCED_FACE('',(#360),#168,.T.);
#5404=ADVANCED_FACE('',(#361),#169,.T.);
#5405=ADVANCED_FACE('',(#362),#5182,.F.);
#5406=ADVANCED_FACE('',(#363),#5183,.F.);
#5407=ADVANCED_FACE('',(#364),#170,.T.);
#5408=ADVANCED_FACE('',(#365),#5184,.F.);
#5409=ADVANCED_FACE('',(#366),#171,.T.);
#5410=ADVANCED_FACE('',(#367),#172,.F.);
#5411=ADVANCED_FACE('',(#368),#173,.T.);
#5412=ADVANCED_FACE('',(#369),#174,.T.);
#5413=ADVANCED_FACE('',(#370),#5185,.F.);
#5414=ADVANCED_FACE('',(#371),#5186,.T.);
#5415=ADVANCED_FACE('',(#372,#80),#175,.T.);
#5416=ADVANCED_FACE('',(#373),#5187,.F.);
#5417=ADVANCED_FACE('',(#374),#5188,.T.);
#5418=ADVANCED_FACE('',(#375,#81),#176,.T.);
#5419=ADVANCED_FACE('',(#376),#5189,.F.);
#5420=ADVANCED_FACE('',(#377),#5190,.F.);
#5421=ADVANCED_FACE('',(#378),#177,.T.);
#5422=ADVANCED_FACE('',(#379),#178,.T.);
#5423=ADVANCED_FACE('',(#380),#179,.T.);
#5424=ADVANCED_FACE('',(#381),#180,.T.);
#5425=ADVANCED_FACE('',(#382),#5191,.F.);
#5426=ADVANCED_FACE('',(#383),#5192,.T.);
#5427=ADVANCED_FACE('',(#384,#82),#181,.T.);
#5428=ADVANCED_FACE('',(#385),#5193,.F.);
#5429=ADVANCED_FACE('',(#386),#5194,.T.);
#5430=ADVANCED_FACE('',(#387,#83),#182,.T.);
#5431=ADVANCED_FACE('',(#388),#5195,.F.);
#5432=ADVANCED_FACE('',(#389),#5196,.T.);
#5433=ADVANCED_FACE('',(#390,#84),#183,.T.);
#5434=ADVANCED_FACE('',(#391),#5197,.F.);
#5435=ADVANCED_FACE('',(#392),#5198,.T.);
#5436=ADVANCED_FACE('',(#393,#85),#184,.T.);
#5437=ADVANCED_FACE('',(#394),#5199,.F.);
#5438=ADVANCED_FACE('',(#395),#46,.F.);
#5439=ADVANCED_FACE('',(#396),#5200,.F.);
#5440=ADVANCED_FACE('',(#397),#47,.F.);
#5441=ADVANCED_FACE('',(#398),#5201,.F.);
#5442=ADVANCED_FACE('',(#399),#48,.F.);
#5443=ADVANCED_FACE('',(#400),#5202,.F.);
#5444=ADVANCED_FACE('',(#401),#49,.F.);
#5445=ADVANCED_FACE('',(#402),#5203,.F.);
#5446=ADVANCED_FACE('',(#403),#5204,.F.);
#5447=ADVANCED_FACE('',(#404),#5205,.F.);
#5448=ADVANCED_FACE('',(#405),#5206,.F.);
#5449=ADVANCED_FACE('',(#406),#5207,.F.);
#5450=ADVANCED_FACE('',(#407),#185,.T.);
#5451=ADVANCED_FACE('',(#408),#186,.F.);
#5452=ADVANCED_FACE('',(#409),#5208,.F.);
#5453=ADVANCED_FACE('',(#410),#187,.F.);
#5454=ADVANCED_FACE('',(#411),#188,.F.);
#5455=ADVANCED_FACE('',(#412),#189,.F.);
#5456=ADVANCED_FACE('',(#413),#190,.F.);
#5457=ADVANCED_FACE('',(#414),#191,.F.);
#5458=ADVANCED_FACE('',(#415),#192,.F.);
#5459=ADVANCED_FACE('',(#416),#193,.T.);
#5460=ADVANCED_FACE('',(#417),#194,.T.);
#5461=ADVANCED_FACE('',(#418),#5209,.F.);
#5462=ADVANCED_FACE('',(#419),#5210,.F.);
#5463=ADVANCED_FACE('',(#420),#5211,.F.);
#5464=ADVANCED_FACE('',(#421),#5212,.F.);
#5465=ADVANCED_FACE('',(#422),#5213,.T.);
#5466=ADVANCED_FACE('',(#423),#195,.T.);
#5467=ADVANCED_FACE('',(#424),#196,.T.);
#5468=ADVANCED_FACE('',(#425),#197,.T.);
#5469=ADVANCED_FACE('',(#426),#5214,.T.);
#5470=ADVANCED_FACE('',(#427),#198,.T.);
#5471=ADVANCED_FACE('',(#428),#16,.T.);
#5472=ADVANCED_FACE('',(#429),#17,.T.);
#5473=ADVANCED_FACE('',(#430),#18,.T.);
#5474=ADVANCED_FACE('',(#431),#5215,.T.);
#5475=ADVANCED_FACE('',(#432),#19,.T.);
#5476=ADVANCED_FACE('',(#433),#20,.T.);
#5477=ADVANCED_FACE('',(#434),#21,.T.);
#5478=ADVANCED_FACE('',(#435),#5216,.T.);
#5479=ADVANCED_FACE('',(#436),#22,.T.);
#5480=ADVANCED_FACE('',(#437),#23,.T.);
#5481=ADVANCED_FACE('',(#438),#24,.T.);
#5482=ADVANCED_FACE('',(#439),#5217,.T.);
#5483=ADVANCED_FACE('',(#440),#25,.T.);
#5484=ADVANCED_FACE('',(#441),#26,.T.);
#5485=ADVANCED_FACE('',(#442),#27,.T.);
#5486=ADVANCED_FACE('',(#443),#5218,.T.);
#5487=ADVANCED_FACE('',(#444),#28,.T.);
#5488=ADVANCED_FACE('',(#445),#5219,.T.);
#5489=ADVANCED_FACE('',(#446),#29,.T.);
#5490=ADVANCED_FACE('',(#447),#5220,.T.);
#5491=ADVANCED_FACE('',(#448),#30,.T.);
#5492=ADVANCED_FACE('',(#449),#31,.T.);
#5493=ADVANCED_FACE('',(#450),#32,.T.);
#5494=ADVANCED_FACE('',(#451),#5221,.T.);
#5495=ADVANCED_FACE('',(#452),#33,.T.);
#5496=ADVANCED_FACE('',(#453),#34,.T.);
#5497=ADVANCED_FACE('',(#454),#35,.T.);
#5498=ADVANCED_FACE('',(#455),#5222,.T.);
#5499=ADVANCED_FACE('',(#456),#36,.T.);
#5500=ADVANCED_FACE('',(#457),#37,.T.);
#5501=ADVANCED_FACE('',(#458),#38,.T.);
#5502=ADVANCED_FACE('',(#459),#5223,.T.);
#5503=ADVANCED_FACE('',(#460),#39,.T.);
#5504=ADVANCED_FACE('',(#461),#40,.T.);
#5505=ADVANCED_FACE('',(#462),#41,.T.);
#5506=ADVANCED_FACE('',(#463),#5224,.T.);
#5507=ADVANCED_FACE('',(#464),#42,.T.);
#5508=ADVANCED_FACE('',(#465),#5225,.T.);
#5509=ADVANCED_FACE('',(#466),#43,.T.);
#5510=ADVANCED_FACE('',(#467),#5226,.T.);
#5511=ADVANCED_FACE('',(#468),#5227,.F.);
#5512=ADVANCED_FACE('',(#469),#5228,.T.);
#5513=ADVANCED_FACE('',(#470),#199,.T.);
#5514=ADVANCED_FACE('',(#471),#5229,.T.);
#5515=ADVANCED_FACE('',(#472),#5230,.F.);
#5516=ADVANCED_FACE('',(#473),#5231,.T.);
#5517=ADVANCED_FACE('',(#474),#200,.T.);
#5518=ADVANCED_FACE('',(#475),#5232,.T.);
#5519=ADVANCED_FACE('',(#476),#5233,.F.);
#5520=ADVANCED_FACE('',(#477),#5234,.T.);
#5521=ADVANCED_FACE('',(#478),#201,.T.);
#5522=ADVANCED_FACE('',(#479),#5235,.T.);
#5523=ADVANCED_FACE('',(#480),#5236,.F.);
#5524=ADVANCED_FACE('',(#481),#5237,.T.);
#5525=ADVANCED_FACE('',(#482),#202,.T.);
#5526=ADVANCED_FACE('',(#483),#5238,.T.);
#5527=ADVANCED_FACE('',(#484,#86,#87),#203,.T.);
#5528=ADVANCED_FACE('',(#485),#5239,.T.);
#5529=ADVANCED_FACE('',(#486,#88),#204,.T.);
#5530=ADVANCED_FACE('',(#487),#5240,.T.);
#5531=ADVANCED_FACE('',(#488,#89),#205,.T.);
#5532=ADVANCED_FACE('',(#489),#5241,.T.);
#5533=ADVANCED_FACE('',(#490),#206,.T.);
#5534=ADVANCED_FACE('',(#491),#5242,.T.);
#5535=ADVANCED_FACE('',(#492),#5243,.F.);
#5536=ADVANCED_FACE('',(#493),#5244,.T.);
#5537=ADVANCED_FACE('',(#494),#207,.T.);
#5538=ADVANCED_FACE('',(#495),#5245,.T.);
#5539=ADVANCED_FACE('',(#496),#5246,.F.);
#5540=ADVANCED_FACE('',(#497),#5247,.T.);
#5541=ADVANCED_FACE('',(#498),#208,.T.);
#5542=ADVANCED_FACE('',(#499),#5248,.T.);
#5543=ADVANCED_FACE('',(#500),#5249,.F.);
#5544=ADVANCED_FACE('',(#501),#5250,.T.);
#5545=ADVANCED_FACE('',(#502),#209,.T.);
#5546=ADVANCED_FACE('',(#503),#5251,.T.);
#5547=ADVANCED_FACE('',(#504),#5252,.F.);
#5548=ADVANCED_FACE('',(#505,#90),#210,.T.);
#5549=ADVANCED_FACE('',(#506,#91,#92),#211,.T.);
#5550=ADVANCED_FACE('',(#507),#5253,.T.);
#5551=ADVANCED_FACE('',(#508),#5254,.T.);
#5552=ADVANCED_FACE('',(#509),#5255,.F.);
#5553=ADVANCED_FACE('',(#510),#212,.F.);
#5554=CLOSED_SHELL('',(#5256,#5257,#5258,#5259,#5260,#5261,#5262,#5263,
#5264,#5265,#5266,#5267,#5268,#5269,#5270,#5271,#5272,#5273,#5274,#5275,
#5276,#5277,#5278,#5279,#5280,#5281,#5282,#5283,#5284,#5285,#5286,#5287,
#5288,#5289,#5290,#5291,#5292,#5293,#5294,#5295,#5296,#5297,#5298,#5299,
#5300,#5301,#5302,#5303,#5304,#5305,#5306,#5307,#5308,#5309,#5310,#5311,
#5312,#5313,#5314,#5315,#5316,#5317,#5318,#5319,#5320,#5321,#5322,#5323,
#5324,#5325,#5326,#5327,#5328,#5329,#5330,#5331,#5332,#5333,#5334,#5335,
#5336,#5337,#5338,#5339,#5340,#5341,#5342,#5343,#5344,#5345,#5346,#5347,
#5348,#5349,#5350,#5351,#5352,#5353,#5354,#5355,#5356,#5357,#5358,#5359,
#5360,#5361,#5362,#5363,#5364,#5365,#5366,#5367,#5368,#5369,#5370,#5371,
#5372,#5373,#5374,#5375,#5376,#5377,#5378,#5379,#5380,#5381,#5382,#5383,
#5384,#5385,#5386,#5387,#5388,#5389,#5390,#5391,#5392,#5393,#5394,#5395,
#5396,#5397,#5398,#5399,#5400,#5401,#5402,#5403,#5404,#5405,#5406,#5407,
#5408,#5409,#5410,#5411,#5412,#5413,#5414,#5415,#5416,#5417,#5418,#5419,
#5420,#5421,#5422,#5423,#5424,#5425,#5426,#5427,#5428,#5429,#5430,#5431,
#5432,#5433,#5434,#5435,#5436,#5437,#5438,#5439,#5440,#5441,#5442,#5443,
#5444,#5445,#5446,#5447,#5448,#5449,#5450,#5451,#5452,#5453,#5454,#5455,
#5456,#5457,#5458,#5459,#5460,#5461,#5462,#5463,#5464,#5465,#5466,#5467,
#5468,#5469,#5470,#5471,#5472,#5473,#5474,#5475,#5476,#5477,#5478,#5479,
#5480,#5481,#5482,#5483,#5484,#5485,#5486,#5487,#5488,#5489,#5490,#5491,
#5492,#5493,#5494,#5495,#5496,#5497,#5498,#5499,#5500,#5501,#5502,#5503,
#5504,#5505,#5506,#5507,#5508,#5509,#5510,#5511,#5512,#5513,#5514,#5515,
#5516,#5517,#5518,#5519,#5520,#5521,#5522,#5523,#5524,#5525,#5526,#5527,
#5528,#5529,#5530,#5531,#5532,#5533,#5534,#5535,#5536,#5537,#5538,#5539,
#5540,#5541,#5542,#5543,#5544,#5545,#5546,#5547,#5548,#5549,#5550,#5551,
#5552,#5553));
#5555=DERIVED_UNIT_ELEMENT(#5557,1.);
#5556=DERIVED_UNIT_ELEMENT(#9679,3.);
#5557=(
MASS_UNIT()
NAMED_UNIT(*)
SI_UNIT($,.GRAM.)
);
#5558=DERIVED_UNIT((#5555,#5556));
#5559=MEASURE_REPRESENTATION_ITEM('density measure',
POSITIVE_RATIO_MEASURE(1.06),#5558);
#5560=PROPERTY_DEFINITION_REPRESENTATION(#5565,#5562);
#5561=PROPERTY_DEFINITION_REPRESENTATION(#5566,#5563);
#5562=REPRESENTATION('material name',(#5564),#9676);
#5563=REPRESENTATION('density',(#5559),#9676);
#5564=DESCRIPTIVE_REPRESENTATION_ITEM('ABS Plastic','ABS Plastic');
#5565=PROPERTY_DEFINITION('material property','material name',#9686);
#5566=PROPERTY_DEFINITION('material property','density of part',#9686);
#5567=DATE_TIME_ROLE('creation_date');
#5568=APPLIED_DATE_AND_TIME_ASSIGNMENT(#5569,#5567,(#9686));
#5569=DATE_AND_TIME(#5570,#5571);
#5570=CALENDAR_DATE(2026,25,6);
#5571=LOCAL_TIME(2,50,34.,#5572);
#5572=COORDINATED_UNIVERSAL_TIME_OFFSET(0,0,.BEHIND.);
#5573=AXIS2_PLACEMENT_3D('placement',#8020,#6238,#6239);
#5574=AXIS2_PLACEMENT_3D('',#8021,#6240,#6241);
#5575=AXIS2_PLACEMENT_3D('',#8024,#6242,#6243);
#5576=AXIS2_PLACEMENT_3D('',#8028,#6245,#6246);
#5577=AXIS2_PLACEMENT_3D('',#8030,#6248,#6249);
#5578=AXIS2_PLACEMENT_3D('',#8034,#6251,#6252);
#5579=AXIS2_PLACEMENT_3D('',#8038,#6254,#6255);
#5580=AXIS2_PLACEMENT_3D('',#8042,#6257,#6258);
#5581=AXIS2_PLACEMENT_3D('',#8056,#6266,#6267);
#5582=AXIS2_PLACEMENT_3D('',#8060,#6270,#6271);
#5583=AXIS2_PLACEMENT_3D('',#8062,#6272,#6273);
#5584=AXIS2_PLACEMENT_3D('',#8064,#6275,#6276);
#5585=AXIS2_PLACEMENT_3D('',#8068,#6278,#6279);
#5586=AXIS2_PLACEMENT_3D('',#8070,#6281,#6282);
#5587=AXIS2_PLACEMENT_3D('',#8074,#6285,#6286);
#5588=AXIS2_PLACEMENT_3D('',#8076,#6287,#6288);
#5589=AXIS2_PLACEMENT_3D('',#8078,#6290,#6291);
#5590=AXIS2_PLACEMENT_3D('',#8081,#6292,#6293);
#5591=AXIS2_PLACEMENT_3D('',#8085,#6295,#6296);
#5592=AXIS2_PLACEMENT_3D('',#8087,#6298,#6299);
#5593=AXIS2_PLACEMENT_3D('',#8093,#6303,#6304);
#5594=AXIS2_PLACEMENT_3D('',#8095,#6305,#6306);
#5595=AXIS2_PLACEMENT_3D('',#8098,#6308,#6309);
#5596=AXIS2_PLACEMENT_3D('',#8099,#6310,#6311);
#5597=AXIS2_PLACEMENT_3D('',#8105,#6315,#6316);
#5598=AXIS2_PLACEMENT_3D('',#8120,#6325,#6326);
#5599=AXIS2_PLACEMENT_3D('',#8121,#6327,#6328);
#5600=AXIS2_PLACEMENT_3D('',#8124,#6329,#6330);
#5601=AXIS2_PLACEMENT_3D('',#8128,#6332,#6333);
#5602=AXIS2_PLACEMENT_3D('',#8130,#6335,#6336);
#5603=AXIS2_PLACEMENT_3D('',#8136,#6340,#6341);
#5604=AXIS2_PLACEMENT_3D('',#8139,#6342,#6343);
#5605=AXIS2_PLACEMENT_3D('',#8143,#6345,#6346);
#5606=AXIS2_PLACEMENT_3D('',#8145,#6348,#6349);
#5607=AXIS2_PLACEMENT_3D('',#8153,#6353,#6354);
#5608=AXIS2_PLACEMENT_3D('',#8162,#6359,#6360);
#5609=AXIS2_PLACEMENT_3D('',#8170,#6364,#6365);
#5610=AXIS2_PLACEMENT_3D('',#8173,#6367,#6368);
#5611=AXIS2_PLACEMENT_3D('',#8180,#6372,#6373);
#5612=AXIS2_PLACEMENT_3D('',#8182,#6374,#6375);
#5613=AXIS2_PLACEMENT_3D('',#8183,#6376,#6377);
#5614=AXIS2_PLACEMENT_3D('',#8187,#6380,#6381);
#5615=AXIS2_PLACEMENT_3D('',#8192,#6383,#6384);
#5616=AXIS2_PLACEMENT_3D('',#8196,#6386,#6387);
#5617=AXIS2_PLACEMENT_3D('',#8200,#6389,#6390);
#5618=AXIS2_PLACEMENT_3D('',#8202,#6391,#6392);
#5619=AXIS2_PLACEMENT_3D('',#8204,#6393,#6394);
#5620=AXIS2_PLACEMENT_3D('',#8208,#6396,#6397);
#5621=AXIS2_PLACEMENT_3D('',#8210,#6398,#6399);
#5622=AXIS2_PLACEMENT_3D('',#8212,#6400,#6401);
#5623=AXIS2_PLACEMENT_3D('',#8216,#6403,#6404);
#5624=AXIS2_PLACEMENT_3D('',#8218,#6405,#6406);
#5625=AXIS2_PLACEMENT_3D('',#8220,#6407,#6408);
#5626=AXIS2_PLACEMENT_3D('',#8224,#6410,#6411);
#5627=AXIS2_PLACEMENT_3D('',#8226,#6412,#6413);
#5628=AXIS2_PLACEMENT_3D('',#8228,#6414,#6415);
#5629=AXIS2_PLACEMENT_3D('',#8232,#6417,#6418);
#5630=AXIS2_PLACEMENT_3D('',#8236,#6420,#6421);
#5631=AXIS2_PLACEMENT_3D('',#8240,#6423,#6424);
#5632=AXIS2_PLACEMENT_3D('',#8242,#6425,#6426);
#5633=AXIS2_PLACEMENT_3D('',#8244,#6427,#6428);
#5634=AXIS2_PLACEMENT_3D('',#8248,#6430,#6431);
#5635=AXIS2_PLACEMENT_3D('',#8250,#6432,#6433);
#5636=AXIS2_PLACEMENT_3D('',#8252,#6434,#6435);
#5637=AXIS2_PLACEMENT_3D('',#8256,#6437,#6438);
#5638=AXIS2_PLACEMENT_3D('',#8258,#6439,#6440);
#5639=AXIS2_PLACEMENT_3D('',#8260,#6441,#6442);
#5640=AXIS2_PLACEMENT_3D('',#8264,#6444,#6445);
#5641=AXIS2_PLACEMENT_3D('',#8266,#6446,#6447);
#5642=AXIS2_PLACEMENT_3D('',#8267,#6448,#6449);
#5643=AXIS2_PLACEMENT_3D('',#8269,#6450,#6451);
#5644=AXIS2_PLACEMENT_3D('',#8272,#6453,#6454);
#5645=AXIS2_PLACEMENT_3D('',#8280,#6458,#6459);
#5646=AXIS2_PLACEMENT_3D('',#8288,#6463,#6464);
#5647=AXIS2_PLACEMENT_3D('',#8289,#6465,#6466);
#5648=AXIS2_PLACEMENT_3D('',#8292,#6467,#6468);
#5649=AXIS2_PLACEMENT_3D('',#8293,#6469,#6470);
#5650=AXIS2_PLACEMENT_3D('',#8296,#6471,#6472);
#5651=AXIS2_PLACEMENT_3D('',#8297,#6473,#6474);
#5652=AXIS2_PLACEMENT_3D('',#8300,#6475,#6476);
#5653=AXIS2_PLACEMENT_3D('',#8301,#6477,#6478);
#5654=AXIS2_PLACEMENT_3D('',#8304,#6479,#6480);
#5655=AXIS2_PLACEMENT_3D('',#8305,#6481,#6482);
#5656=AXIS2_PLACEMENT_3D('',#8308,#6483,#6484);
#5657=AXIS2_PLACEMENT_3D('',#8309,#6485,#6486);
#5658=AXIS2_PLACEMENT_3D('',#8310,#6487,#6488);
#5659=AXIS2_PLACEMENT_3D('',#8314,#6490,#6491);
#5660=AXIS2_PLACEMENT_3D('',#8317,#6493,#6494);
#5661=AXIS2_PLACEMENT_3D('',#8320,#6495,#6496);
#5662=AXIS2_PLACEMENT_3D('',#8321,#6497,#6498);
#5663=AXIS2_PLACEMENT_3D('',#8324,#6499,#6500);
#5664=AXIS2_PLACEMENT_3D('',#8325,#6501,#6502);
#5665=AXIS2_PLACEMENT_3D('',#8326,#6503,#6504);
#5666=AXIS2_PLACEMENT_3D('',#8328,#6506,#6507);
#5667=AXIS2_PLACEMENT_3D('',#8338,#6513,#6514);
#5668=AXIS2_PLACEMENT_3D('',#8347,#6519,#6520);
#5669=AXIS2_PLACEMENT_3D('',#8348,#6521,#6522);
#5670=AXIS2_PLACEMENT_3D('',#8349,#6523,#6524);
#5671=AXIS2_PLACEMENT_3D('',#8350,#6525,#6526);
#5672=AXIS2_PLACEMENT_3D('',#8352,#6527,#6528);
#5673=AXIS2_PLACEMENT_3D('',#8355,#6530,#6531);
#5674=AXIS2_PLACEMENT_3D('',#8356,#6532,#6533);
#5675=AXIS2_PLACEMENT_3D('',#8362,#6537,#6538);
#5676=AXIS2_PLACEMENT_3D('',#8368,#6542,#6543);
#5677=AXIS2_PLACEMENT_3D('',#8371,#6544,#6545);
#5678=AXIS2_PLACEMENT_3D('',#8375,#6547,#6548);
#5679=AXIS2_PLACEMENT_3D('',#8377,#6549,#6550);
#5680=AXIS2_PLACEMENT_3D('',#8379,#6551,#6552);
#5681=AXIS2_PLACEMENT_3D('',#8383,#6554,#6555);
#5682=AXIS2_PLACEMENT_3D('',#8385,#6556,#6557);
#5683=AXIS2_PLACEMENT_3D('',#8387,#6558,#6559);
#5684=AXIS2_PLACEMENT_3D('',#8391,#6561,#6562);
#5685=AXIS2_PLACEMENT_3D('',#8395,#6564,#6565);
#5686=AXIS2_PLACEMENT_3D('',#8399,#6567,#6568);
#5687=AXIS2_PLACEMENT_3D('',#8401,#6569,#6570);
#5688=AXIS2_PLACEMENT_3D('',#8403,#6571,#6572);
#5689=AXIS2_PLACEMENT_3D('',#8407,#6574,#6575);
#5690=AXIS2_PLACEMENT_3D('',#8409,#6576,#6577);
#5691=AXIS2_PLACEMENT_3D('',#8411,#6578,#6579);
#5692=AXIS2_PLACEMENT_3D('',#8415,#6581,#6582);
#5693=AXIS2_PLACEMENT_3D('',#8417,#6583,#6584);
#5694=AXIS2_PLACEMENT_3D('',#8419,#6585,#6586);
#5695=AXIS2_PLACEMENT_3D('',#8423,#6588,#6589);
#5696=AXIS2_PLACEMENT_3D('',#8425,#6590,#6591);
#5697=AXIS2_PLACEMENT_3D('',#8427,#6592,#6593);
#5698=AXIS2_PLACEMENT_3D('',#8431,#6595,#6596);
#5699=AXIS2_PLACEMENT_3D('',#8435,#6598,#6599);
#5700=AXIS2_PLACEMENT_3D('',#8439,#6601,#6602);
#5701=AXIS2_PLACEMENT_3D('',#8441,#6603,#6604);
#5702=AXIS2_PLACEMENT_3D('',#8443,#6605,#6606);
#5703=AXIS2_PLACEMENT_3D('',#8447,#6608,#6609);
#5704=AXIS2_PLACEMENT_3D('',#8448,#6610,#6611);
#5705=AXIS2_PLACEMENT_3D('',#8452,#6613,#6614);
#5706=AXIS2_PLACEMENT_3D('',#8454,#6615,#6616);
#5707=AXIS2_PLACEMENT_3D('',#8458,#6618,#6619);
#5708=AXIS2_PLACEMENT_3D('',#8462,#6621,#6622);
#5709=AXIS2_PLACEMENT_3D('',#8466,#6624,#6625);
#5710=AXIS2_PLACEMENT_3D('',#8472,#6628,#6629);
#5711=AXIS2_PLACEMENT_3D('',#8480,#6633,#6634);
#5712=AXIS2_PLACEMENT_3D('',#8486,#6637,#6638);
#5713=AXIS2_PLACEMENT_3D('',#8490,#6640,#6641);
#5714=AXIS2_PLACEMENT_3D('',#8494,#6643,#6644);
#5715=AXIS2_PLACEMENT_3D('',#8498,#6646,#6647);
#5716=AXIS2_PLACEMENT_3D('',#8499,#6648,#6649);
#5717=AXIS2_PLACEMENT_3D('',#8501,#6650,#6651);
#5718=AXIS2_PLACEMENT_3D('',#8507,#6654,#6655);
#5719=AXIS2_PLACEMENT_3D('',#8515,#6659,#6660);
#5720=AXIS2_PLACEMENT_3D('',#8520,#6663,#6664);
#5721=AXIS2_PLACEMENT_3D('',#8523,#6665,#6666);
#5722=AXIS2_PLACEMENT_3D('',#8524,#6667,#6668);
#5723=AXIS2_PLACEMENT_3D('',#8527,#6669,#6670);
#5724=AXIS2_PLACEMENT_3D('',#8528,#6671,#6672);
#5725=AXIS2_PLACEMENT_3D('',#8530,#6673,#6674);
#5726=AXIS2_PLACEMENT_3D('',#8532,#6675,#6676);
#5727=AXIS2_PLACEMENT_3D('',#8534,#6677,#6678);
#5728=AXIS2_PLACEMENT_3D('',#8536,#6679,#6680);
#5729=AXIS2_PLACEMENT_3D('',#8537,#6681,#6682);
#5730=AXIS2_PLACEMENT_3D('',#8543,#6685,#6686);
#5731=AXIS2_PLACEMENT_3D('',#8547,#6688,#6689);
#5732=AXIS2_PLACEMENT_3D('',#8555,#6693,#6694);
#5733=AXIS2_PLACEMENT_3D('',#8559,#6696,#6697);
#5734=AXIS2_PLACEMENT_3D('',#8563,#6700,#6701);
#5735=AXIS2_PLACEMENT_3D('',#8567,#6704,#6705);
#5736=AXIS2_PLACEMENT_3D('',#8571,#6708,#6709);
#5737=AXIS2_PLACEMENT_3D('',#8575,#6712,#6713);
#5738=AXIS2_PLACEMENT_3D('',#8577,#6714,#6715);
#5739=AXIS2_PLACEMENT_3D('',#8579,#6717,#6718);
#5740=AXIS2_PLACEMENT_3D('',#8582,#6720,#6721);
#5741=AXIS2_PLACEMENT_3D('',#8583,#6722,#6723);
#5742=AXIS2_PLACEMENT_3D('',#8587,#6725,#6726);
#5743=AXIS2_PLACEMENT_3D('',#8591,#6728,#6729);
#5744=AXIS2_PLACEMENT_3D('',#8596,#6732,#6733);
#5745=AXIS2_PLACEMENT_3D('',#8600,#6735,#6736);
#5746=AXIS2_PLACEMENT_3D('',#8603,#6738,#6739);
#5747=AXIS2_PLACEMENT_3D('',#8605,#6740,#6741);
#5748=AXIS2_PLACEMENT_3D('',#8609,#6743,#6744);
#5749=AXIS2_PLACEMENT_3D('',#8613,#6746,#6747);
#5750=AXIS2_PLACEMENT_3D('',#8617,#6749,#6750);
#5751=AXIS2_PLACEMENT_3D('',#8623,#6753,#6754);
#5752=AXIS2_PLACEMENT_3D('',#8631,#6758,#6759);
#5753=AXIS2_PLACEMENT_3D('',#8637,#6762,#6763);
#5754=AXIS2_PLACEMENT_3D('',#8641,#6765,#6766);
#5755=AXIS2_PLACEMENT_3D('',#8645,#6768,#6769);
#5756=AXIS2_PLACEMENT_3D('',#8648,#6771,#6772);
#5757=AXIS2_PLACEMENT_3D('',#8649,#6773,#6774);
#5758=AXIS2_PLACEMENT_3D('',#8655,#6777,#6778);
#5759=AXIS2_PLACEMENT_3D('',#8663,#6782,#6783);
#5760=AXIS2_PLACEMENT_3D('',#8668,#6786,#6787);
#5761=AXIS2_PLACEMENT_3D('',#8672,#6789,#6790);
#5762=AXIS2_PLACEMENT_3D('',#8676,#6792,#6793);
#5763=AXIS2_PLACEMENT_3D('',#8677,#6794,#6795);
#5764=AXIS2_PLACEMENT_3D('',#8680,#6796,#6797);
#5765=AXIS2_PLACEMENT_3D('',#8681,#6798,#6799);
#5766=AXIS2_PLACEMENT_3D('',#8684,#6800,#6801);
#5767=AXIS2_PLACEMENT_3D('',#8685,#6802,#6803);
#5768=AXIS2_PLACEMENT_3D('',#8688,#6804,#6805);
#5769=AXIS2_PLACEMENT_3D('',#8689,#6806,#6807);
#5770=AXIS2_PLACEMENT_3D('',#8692,#6808,#6809);
#5771=AXIS2_PLACEMENT_3D('',#8693,#6810,#6811);
#5772=AXIS2_PLACEMENT_3D('',#8694,#6812,#6813);
#5773=AXIS2_PLACEMENT_3D('',#8696,#6815,#6816);
#5774=AXIS2_PLACEMENT_3D('',#8699,#6817,#6818);
#5775=AXIS2_PLACEMENT_3D('',#8700,#6819,#6820);
#5776=AXIS2_PLACEMENT_3D('',#8704,#6822,#6823);
#5777=AXIS2_PLACEMENT_3D('',#8705,#6824,#6825);
#5778=AXIS2_PLACEMENT_3D('',#8706,#6826,#6827);
#5779=AXIS2_PLACEMENT_3D('',#8708,#6829,#6830);
#5780=AXIS2_PLACEMENT_3D('',#8711,#6831,#6832);
#5781=AXIS2_PLACEMENT_3D('',#8712,#6833,#6834);
#5782=AXIS2_PLACEMENT_3D('',#8716,#6836,#6837);
#5783=AXIS2_PLACEMENT_3D('',#8717,#6838,#6839);
#5784=AXIS2_PLACEMENT_3D('',#8718,#6840,#6841);
#5785=AXIS2_PLACEMENT_3D('',#8720,#6843,#6844);
#5786=AXIS2_PLACEMENT_3D('',#8722,#6846,#6847);
#5787=AXIS2_PLACEMENT_3D('',#8724,#6849,#6850);
#5788=AXIS2_PLACEMENT_3D('',#8726,#6852,#6853);
#5789=AXIS2_PLACEMENT_3D('',#8728,#6855,#6856);
#5790=AXIS2_PLACEMENT_3D('',#8730,#6857,#6858);
#5791=AXIS2_PLACEMENT_3D('',#8732,#6859,#6860);
#5792=AXIS2_PLACEMENT_3D('',#8733,#6861,#6862);
#5793=AXIS2_PLACEMENT_3D('',#8734,#6863,#6864);
#5794=AXIS2_PLACEMENT_3D('',#8737,#6867,#6868);
#5795=AXIS2_PLACEMENT_3D('',#8739,#6869,#6870);
#5796=AXIS2_PLACEMENT_3D('',#8740,#6871,#6872);
#5797=AXIS2_PLACEMENT_3D('',#8749,#6877,#6878);
#5798=AXIS2_PLACEMENT_3D('',#8755,#6882,#6883);
#5799=AXIS2_PLACEMENT_3D('',#8764,#6888,#6889);
#5800=AXIS2_PLACEMENT_3D('',#8770,#6893,#6894);
#5801=AXIS2_PLACEMENT_3D('',#8773,#6897,#6898);
#5802=AXIS2_PLACEMENT_3D('',#8775,#6900,#6901);
#5803=AXIS2_PLACEMENT_3D('',#8777,#6903,#6904);
#5804=AXIS2_PLACEMENT_3D('',#8779,#6906,#6907);
#5805=AXIS2_PLACEMENT_3D('',#8781,#6909,#6910);
#5806=AXIS2_PLACEMENT_3D('',#8783,#6912,#6913);
#5807=AXIS2_PLACEMENT_3D('',#8785,#6915,#6916);
#5808=AXIS2_PLACEMENT_3D('',#8787,#6918,#6919);
#5809=AXIS2_PLACEMENT_3D('',#8789,#6921,#6922);
#5810=AXIS2_PLACEMENT_3D('',#8792,#6924,#6925);
#5811=AXIS2_PLACEMENT_3D('',#8794,#6926,#6927);
#5812=AXIS2_PLACEMENT_3D('',#8795,#6928,#6929);
#5813=AXIS2_PLACEMENT_3D('',#8797,#6931,#6932);
#5814=AXIS2_PLACEMENT_3D('',#8799,#6934,#6935);
#5815=AXIS2_PLACEMENT_3D('',#8801,#6937,#6938);
#5816=AXIS2_PLACEMENT_3D('',#8805,#6940,#6941);
#5817=AXIS2_PLACEMENT_3D('',#8809,#6943,#6944);
#5818=AXIS2_PLACEMENT_3D('',#8811,#6946,#6947);
#5819=AXIS2_PLACEMENT_3D('',#8813,#6949,#6950);
#5820=AXIS2_PLACEMENT_3D('',#8815,#6952,#6953);
#5821=AXIS2_PLACEMENT_3D('',#8817,#6955,#6956);
#5822=AXIS2_PLACEMENT_3D('',#8819,#6958,#6959);
#5823=AXIS2_PLACEMENT_3D('',#8821,#6961,#6962);
#5824=AXIS2_PLACEMENT_3D('',#8822,#6963,#6964);
#5825=AXIS2_PLACEMENT_3D('',#8825,#6965,#6966);
#5826=AXIS2_PLACEMENT_3D('',#8828,#6969,#6970);
#5827=AXIS2_PLACEMENT_3D('',#8832,#6973,#6974);
#5828=AXIS2_PLACEMENT_3D('',#8834,#6975,#6976);
#5829=AXIS2_PLACEMENT_3D('',#8836,#6978,#6979);
#5830=AXIS2_PLACEMENT_3D('',#8838,#6981,#6982);
#5831=AXIS2_PLACEMENT_3D('',#8841,#6983,#6984);
#5832=AXIS2_PLACEMENT_3D('',#8845,#6986,#6987);
#5833=AXIS2_PLACEMENT_3D('',#8847,#6989,#6990);
#5834=AXIS2_PLACEMENT_3D('',#8853,#6994,#6995);
#5835=AXIS2_PLACEMENT_3D('',#8856,#6996,#6997);
#5836=AXIS2_PLACEMENT_3D('',#8860,#6999,#7000);
#5837=AXIS2_PLACEMENT_3D('',#8862,#7002,#7003);
#5838=AXIS2_PLACEMENT_3D('',#8868,#7007,#7008);
#5839=AXIS2_PLACEMENT_3D('',#8869,#7009,#7010);
#5840=AXIS2_PLACEMENT_3D('',#8872,#7012,#7013);
#5841=AXIS2_PLACEMENT_3D('',#8873,#7014,#7015);
#5842=AXIS2_PLACEMENT_3D('',#8875,#7016,#7017);
#5843=AXIS2_PLACEMENT_3D('',#8877,#7019,#7020);
#5844=AXIS2_PLACEMENT_3D('',#8878,#7021,#7022);
#5845=AXIS2_PLACEMENT_3D('',#8879,#7023,#7024);
#5846=AXIS2_PLACEMENT_3D('',#8881,#7026,#7027);
#5847=AXIS2_PLACEMENT_3D('',#8884,#7028,#7029);
#5848=AXIS2_PLACEMENT_3D('',#8885,#7030,#7031);
#5849=AXIS2_PLACEMENT_3D('',#8887,#7033,#7034);
#5850=AXIS2_PLACEMENT_3D('',#8888,#7035,#7036);
#5851=AXIS2_PLACEMENT_3D('',#8892,#7038,#7039);
#5852=AXIS2_PLACEMENT_3D('',#8894,#7041,#7042);
#5853=AXIS2_PLACEMENT_3D('',#8897,#7044,#7045);
#5854=AXIS2_PLACEMENT_3D('',#8898,#7046,#7047);
#5855=AXIS2_PLACEMENT_3D('',#8901,#7049,#7050);
#5856=AXIS2_PLACEMENT_3D('',#8902,#7051,#7052);
#5857=AXIS2_PLACEMENT_3D('',#8906,#7055,#7056);
#5858=AXIS2_PLACEMENT_3D('',#8909,#7058,#7059);
#5859=AXIS2_PLACEMENT_3D('',#8910,#7060,#7061);
#5860=AXIS2_PLACEMENT_3D('',#8913,#7063,#7064);
#5861=AXIS2_PLACEMENT_3D('',#8914,#7065,#7066);
#5862=AXIS2_PLACEMENT_3D('',#8917,#7068,#7069);
#5863=AXIS2_PLACEMENT_3D('',#8918,#7070,#7071);
#5864=AXIS2_PLACEMENT_3D('',#8922,#7074,#7075);
#5865=AXIS2_PLACEMENT_3D('',#8925,#7077,#7078);
#5866=AXIS2_PLACEMENT_3D('',#8926,#7079,#7080);
#5867=AXIS2_PLACEMENT_3D('',#8930,#7083,#7084);
#5868=AXIS2_PLACEMENT_3D('',#8933,#7086,#7087);
#5869=AXIS2_PLACEMENT_3D('',#8934,#7088,#7089);
#5870=AXIS2_PLACEMENT_3D('',#8938,#7092,#7093);
#5871=AXIS2_PLACEMENT_3D('',#8941,#7095,#7096);
#5872=AXIS2_PLACEMENT_3D('',#8942,#7097,#7098);
#5873=AXIS2_PLACEMENT_3D('',#8945,#7100,#7101);
#5874=AXIS2_PLACEMENT_3D('',#8946,#7102,#7103);
#5875=AXIS2_PLACEMENT_3D('',#8949,#7105,#7106);
#5876=AXIS2_PLACEMENT_3D('',#8950,#7107,#7108);
#5877=AXIS2_PLACEMENT_3D('',#8954,#7111,#7112);
#5878=AXIS2_PLACEMENT_3D('',#8957,#7114,#7115);
#5879=AXIS2_PLACEMENT_3D('',#8958,#7116,#7117);
#5880=AXIS2_PLACEMENT_3D('',#8961,#7119,#7120);
#5881=AXIS2_PLACEMENT_3D('',#8962,#7121,#7122);
#5882=AXIS2_PLACEMENT_3D('',#8965,#7124,#7125);
#5883=AXIS2_PLACEMENT_3D('',#8966,#7126,#7127);
#5884=AXIS2_PLACEMENT_3D('',#8970,#7130,#7131);
#5885=AXIS2_PLACEMENT_3D('',#8973,#7133,#7134);
#5886=AXIS2_PLACEMENT_3D('',#8974,#7135,#7136);
#5887=AXIS2_PLACEMENT_3D('',#8977,#7138,#7139);
#5888=AXIS2_PLACEMENT_3D('',#8978,#7140,#7141);
#5889=AXIS2_PLACEMENT_3D('',#8981,#7143,#7144);
#5890=AXIS2_PLACEMENT_3D('',#8982,#7145,#7146);
#5891=AXIS2_PLACEMENT_3D('',#8986,#7149,#7150);
#5892=AXIS2_PLACEMENT_3D('',#8989,#7152,#7153);
#5893=AXIS2_PLACEMENT_3D('',#8990,#7154,#7155);
#5894=AXIS2_PLACEMENT_3D('',#8993,#7157,#7158);
#5895=AXIS2_PLACEMENT_3D('',#8994,#7159,#7160);
#5896=AXIS2_PLACEMENT_3D('',#8997,#7162,#7163);
#5897=AXIS2_PLACEMENT_3D('',#8998,#7164,#7165);
#5898=AXIS2_PLACEMENT_3D('',#9002,#7168,#7169);
#5899=AXIS2_PLACEMENT_3D('',#9005,#7171,#7172);
#5900=AXIS2_PLACEMENT_3D('',#9006,#7173,#7174);
#5901=AXIS2_PLACEMENT_3D('',#9010,#7177,#7178);
#5902=AXIS2_PLACEMENT_3D('',#9013,#7180,#7181);
#5903=AXIS2_PLACEMENT_3D('',#9014,#7182,#7183);
#5904=AXIS2_PLACEMENT_3D('',#9018,#7186,#7187);
#5905=AXIS2_PLACEMENT_3D('',#9021,#7189,#7190);
#5906=AXIS2_PLACEMENT_3D('',#9022,#7191,#7192);
#5907=AXIS2_PLACEMENT_3D('',#9025,#7194,#7195);
#5908=AXIS2_PLACEMENT_3D('',#9026,#7196,#7197);
#5909=AXIS2_PLACEMENT_3D('',#9029,#7199,#7200);
#5910=AXIS2_PLACEMENT_3D('',#9030,#7201,#7202);
#5911=AXIS2_PLACEMENT_3D('',#9034,#7205,#7206);
#5912=AXIS2_PLACEMENT_3D('',#9037,#7208,#7209);
#5913=AXIS2_PLACEMENT_3D('',#9038,#7210,#7211);
#5914=AXIS2_PLACEMENT_3D('',#9041,#7213,#7214);
#5915=AXIS2_PLACEMENT_3D('',#9042,#7215,#7216);
#5916=AXIS2_PLACEMENT_3D('',#9045,#7218,#7219);
#5917=AXIS2_PLACEMENT_3D('',#9046,#7220,#7221);
#5918=AXIS2_PLACEMENT_3D('',#9048,#7223,#7224);
#5919=AXIS2_PLACEMENT_3D('',#9050,#7226,#7227);
#5920=AXIS2_PLACEMENT_3D('',#9054,#7230,#7231);
#5921=AXIS2_PLACEMENT_3D('',#9057,#7233,#7234);
#5922=AXIS2_PLACEMENT_3D('',#9058,#7235,#7236);
#5923=AXIS2_PLACEMENT_3D('',#9060,#7238,#7239);
#5924=AXIS2_PLACEMENT_3D('',#9064,#7243,#7244);
#5925=AXIS2_PLACEMENT_3D('',#9066,#7246,#7247);
#5926=AXIS2_PLACEMENT_3D('',#9067,#7248,#7249);
#5927=AXIS2_PLACEMENT_3D('',#9070,#7250,#7251);
#5928=AXIS2_PLACEMENT_3D('',#9073,#7254,#7255);
#5929=AXIS2_PLACEMENT_3D('',#9077,#7258,#7259);
#5930=AXIS2_PLACEMENT_3D('',#9079,#7260,#7261);
#5931=AXIS2_PLACEMENT_3D('',#9081,#7263,#7264);
#5932=AXIS2_PLACEMENT_3D('',#9084,#7265,#7266);
#5933=AXIS2_PLACEMENT_3D('',#9087,#7269,#7270);
#5934=AXIS2_PLACEMENT_3D('',#9091,#7273,#7274);
#5935=AXIS2_PLACEMENT_3D('',#9093,#7275,#7276);
#5936=AXIS2_PLACEMENT_3D('',#9095,#7278,#7279);
#5937=AXIS2_PLACEMENT_3D('',#9103,#7284,#7285);
#5938=AXIS2_PLACEMENT_3D('',#9111,#7290,#7291);
#5939=AXIS2_PLACEMENT_3D('',#9116,#7295,#7296);
#5940=AXIS2_PLACEMENT_3D('',#9122,#7300,#7301);
#5941=AXIS2_PLACEMENT_3D('',#9126,#7304,#7305);
#5942=AXIS2_PLACEMENT_3D('',#9130,#7308,#7309);
#5943=AXIS2_PLACEMENT_3D('',#9132,#7311,#7312);
#5944=AXIS2_PLACEMENT_3D('',#9135,#7313,#7314);
#5945=AXIS2_PLACEMENT_3D('',#9138,#7317,#7318);
#5946=AXIS2_PLACEMENT_3D('',#9141,#7320,#7321);
#5947=AXIS2_PLACEMENT_3D('',#9144,#7324,#7325);
#5948=AXIS2_PLACEMENT_3D('',#9146,#7327,#7328);
#5949=AXIS2_PLACEMENT_3D('',#9147,#7329,#7330);
#5950=AXIS2_PLACEMENT_3D('',#9149,#7331,#7332);
#5951=AXIS2_PLACEMENT_3D('',#9151,#7334,#7335);
#5952=AXIS2_PLACEMENT_3D('',#9155,#7338,#7339);
#5953=AXIS2_PLACEMENT_3D('',#9156,#7340,#7341);
#5954=AXIS2_PLACEMENT_3D('',#9157,#7342,#7343);
#5955=AXIS2_PLACEMENT_3D('',#9159,#7345,#7346);
#5956=AXIS2_PLACEMENT_3D('',#9161,#7348,#7349);
#5957=AXIS2_PLACEMENT_3D('',#9163,#7350,#7351);
#5958=AXIS2_PLACEMENT_3D('',#9164,#7352,#7353);
#5959=AXIS2_PLACEMENT_3D('',#9166,#7354,#7355);
#5960=AXIS2_PLACEMENT_3D('',#9167,#7356,#7357);
#5961=AXIS2_PLACEMENT_3D('',#9169,#7358,#7359);
#5962=AXIS2_PLACEMENT_3D('',#9171,#7361,#7362);
#5963=AXIS2_PLACEMENT_3D('',#9174,#7363,#7364);
#5964=AXIS2_PLACEMENT_3D('',#9175,#7365,#7366);
#5965=AXIS2_PLACEMENT_3D('',#9177,#7368,#7369);
#5966=AXIS2_PLACEMENT_3D('',#9178,#7370,#7371);
#5967=AXIS2_PLACEMENT_3D('',#9180,#7372,#7373);
#5968=AXIS2_PLACEMENT_3D('',#9182,#7375,#7376);
#5969=AXIS2_PLACEMENT_3D('',#9185,#7377,#7378);
#5970=AXIS2_PLACEMENT_3D('',#9186,#7379,#7380);
#5971=AXIS2_PLACEMENT_3D('',#9188,#7382,#7383);
#5972=AXIS2_PLACEMENT_3D('',#9189,#7384,#7385);
#5973=AXIS2_PLACEMENT_3D('',#9192,#7386,#7387);
#5974=AXIS2_PLACEMENT_3D('',#9193,#7388,#7389);
#5975=AXIS2_PLACEMENT_3D('',#9195,#7391,#7392);
#5976=AXIS2_PLACEMENT_3D('',#9198,#7393,#7394);
#5977=AXIS2_PLACEMENT_3D('',#9199,#7395,#7396);
#5978=AXIS2_PLACEMENT_3D('',#9201,#7398,#7399);
#5979=AXIS2_PLACEMENT_3D('',#9203,#7400,#7401);
#5980=AXIS2_PLACEMENT_3D('',#9204,#7402,#7403);
#5981=AXIS2_PLACEMENT_3D('',#9206,#7404,#7405);
#5982=AXIS2_PLACEMENT_3D('',#9207,#7406,#7407);
#5983=AXIS2_PLACEMENT_3D('',#9209,#7408,#7409);
#5984=AXIS2_PLACEMENT_3D('',#9210,#7410,#7411);
#5985=AXIS2_PLACEMENT_3D('',#9212,#7412,#7413);
#5986=AXIS2_PLACEMENT_3D('',#9213,#7414,#7415);
#5987=AXIS2_PLACEMENT_3D('',#9215,#7416,#7417);
#5988=AXIS2_PLACEMENT_3D('',#9217,#7419,#7420);
#5989=AXIS2_PLACEMENT_3D('',#9220,#7421,#7422);
#5990=AXIS2_PLACEMENT_3D('',#9221,#7423,#7424);
#5991=AXIS2_PLACEMENT_3D('',#9223,#7426,#7427);
#5992=AXIS2_PLACEMENT_3D('',#9224,#7428,#7429);
#5993=AXIS2_PLACEMENT_3D('',#9226,#7430,#7431);
#5994=AXIS2_PLACEMENT_3D('',#9228,#7433,#7434);
#5995=AXIS2_PLACEMENT_3D('',#9231,#7435,#7436);
#5996=AXIS2_PLACEMENT_3D('',#9232,#7437,#7438);
#5997=AXIS2_PLACEMENT_3D('',#9234,#7440,#7441);
#5998=AXIS2_PLACEMENT_3D('',#9235,#7442,#7443);
#5999=AXIS2_PLACEMENT_3D('',#9237,#7444,#7445);
#6000=AXIS2_PLACEMENT_3D('',#9239,#7447,#7448);
#6001=AXIS2_PLACEMENT_3D('',#9242,#7449,#7450);
#6002=AXIS2_PLACEMENT_3D('',#9243,#7451,#7452);
#6003=AXIS2_PLACEMENT_3D('',#9245,#7454,#7455);
#6004=AXIS2_PLACEMENT_3D('',#9246,#7456,#7457);
#6005=AXIS2_PLACEMENT_3D('',#9248,#7458,#7459);
#6006=AXIS2_PLACEMENT_3D('',#9250,#7461,#7462);
#6007=AXIS2_PLACEMENT_3D('',#9253,#7463,#7464);
#6008=AXIS2_PLACEMENT_3D('',#9254,#7465,#7466);
#6009=AXIS2_PLACEMENT_3D('',#9256,#7468,#7469);
#6010=AXIS2_PLACEMENT_3D('',#9257,#7470,#7471);
#6011=AXIS2_PLACEMENT_3D('',#9260,#7472,#7473);
#6012=AXIS2_PLACEMENT_3D('',#9261,#7474,#7475);
#6013=AXIS2_PLACEMENT_3D('',#9263,#7477,#7478);
#6014=AXIS2_PLACEMENT_3D('',#9265,#7479,#7480);
#6015=AXIS2_PLACEMENT_3D('',#9269,#7482,#7483);
#6016=AXIS2_PLACEMENT_3D('',#9270,#7484,#7485);
#6017=AXIS2_PLACEMENT_3D('',#9271,#7486,#7487);
#6018=AXIS2_PLACEMENT_3D('',#9273,#7489,#7490);
#6019=AXIS2_PLACEMENT_3D('',#9275,#7491,#7492);
#6020=AXIS2_PLACEMENT_3D('',#9279,#7494,#7495);
#6021=AXIS2_PLACEMENT_3D('',#9280,#7496,#7497);
#6022=AXIS2_PLACEMENT_3D('',#9281,#7498,#7499);
#6023=AXIS2_PLACEMENT_3D('',#9283,#7501,#7502);
#6024=AXIS2_PLACEMENT_3D('',#9285,#7503,#7504);
#6025=AXIS2_PLACEMENT_3D('',#9289,#7506,#7507);
#6026=AXIS2_PLACEMENT_3D('',#9290,#7508,#7509);
#6027=AXIS2_PLACEMENT_3D('',#9291,#7510,#7511);
#6028=AXIS2_PLACEMENT_3D('',#9293,#7513,#7514);
#6029=AXIS2_PLACEMENT_3D('',#9295,#7515,#7516);
#6030=AXIS2_PLACEMENT_3D('',#9299,#7518,#7519);
#6031=AXIS2_PLACEMENT_3D('',#9300,#7520,#7521);
#6032=AXIS2_PLACEMENT_3D('',#9301,#7522,#7523);
#6033=AXIS2_PLACEMENT_3D('',#9303,#7525,#7526);
#6034=AXIS2_PLACEMENT_3D('',#9305,#7528,#7529);
#6035=AXIS2_PLACEMENT_3D('',#9307,#7531,#7532);
#6036=AXIS2_PLACEMENT_3D('',#9309,#7534,#7535);
#6037=AXIS2_PLACEMENT_3D('',#9311,#7537,#7538);
#6038=AXIS2_PLACEMENT_3D('',#9312,#7539,#7540);
#6039=AXIS2_PLACEMENT_3D('',#9315,#7543,#7544);
#6040=AXIS2_PLACEMENT_3D('',#9317,#7546,#7547);
#6041=AXIS2_PLACEMENT_3D('',#9319,#7549,#7550);
#6042=AXIS2_PLACEMENT_3D('',#9321,#7552,#7553);
#6043=AXIS2_PLACEMENT_3D('',#9323,#7555,#7556);
#6044=AXIS2_PLACEMENT_3D('',#9324,#7557,#7558);
#6045=AXIS2_PLACEMENT_3D('',#9325,#7559,#7560);
#6046=AXIS2_PLACEMENT_3D('',#9329,#7564,#7565);
#6047=AXIS2_PLACEMENT_3D('',#9331,#7567,#7568);
#6048=AXIS2_PLACEMENT_3D('',#9334,#7571,#7572);
#6049=AXIS2_PLACEMENT_3D('',#9335,#7573,#7574);
#6050=AXIS2_PLACEMENT_3D('',#9336,#7575,#7576);
#6051=AXIS2_PLACEMENT_3D('',#9337,#7577,#7578);
#6052=AXIS2_PLACEMENT_3D('',#9338,#7579,#7580);
#6053=AXIS2_PLACEMENT_3D('',#9341,#7583,#7584);
#6054=AXIS2_PLACEMENT_3D('',#9342,#7585,#7586);
#6055=AXIS2_PLACEMENT_3D('',#9343,#7587,#7588);
#6056=AXIS2_PLACEMENT_3D('',#9345,#7590,#7591);
#6057=AXIS2_PLACEMENT_3D('',#9347,#7593,#7594);
#6058=AXIS2_PLACEMENT_3D('',#9348,#7595,#7596);
#6059=AXIS2_PLACEMENT_3D('',#9350,#7597,#7598);
#6060=AXIS2_PLACEMENT_3D('',#9352,#7599,#7600);
#6061=AXIS2_PLACEMENT_3D('',#9353,#7601,#7602);
#6062=AXIS2_PLACEMENT_3D('',#9354,#7603,#7604);
#6063=AXIS2_PLACEMENT_3D('',#9356,#7605,#7606);
#6064=AXIS2_PLACEMENT_3D('',#9357,#7607,#7608);
#6065=AXIS2_PLACEMENT_3D('',#9358,#7609,#7610);
#6066=AXIS2_PLACEMENT_3D('',#9360,#7611,#7612);
#6067=AXIS2_PLACEMENT_3D('',#9361,#7613,#7614);
#6068=AXIS2_PLACEMENT_3D('',#9362,#7615,#7616);
#6069=AXIS2_PLACEMENT_3D('',#9364,#7617,#7618);
#6070=AXIS2_PLACEMENT_3D('',#9366,#7620,#7621);
#6071=AXIS2_PLACEMENT_3D('',#9368,#7622,#7623);
#6072=AXIS2_PLACEMENT_3D('',#9369,#7624,#7625);
#6073=AXIS2_PLACEMENT_3D('',#9370,#7626,#7627);
#6074=AXIS2_PLACEMENT_3D('',#9372,#7628,#7629);
#6075=AXIS2_PLACEMENT_3D('',#9373,#7630,#7631);
#6076=AXIS2_PLACEMENT_3D('',#9374,#7632,#7633);
#6077=AXIS2_PLACEMENT_3D('',#9376,#7634,#7635);
#6078=AXIS2_PLACEMENT_3D('',#9377,#7636,#7637);
#6079=AXIS2_PLACEMENT_3D('',#9378,#7638,#7639);
#6080=AXIS2_PLACEMENT_3D('',#9380,#7640,#7641);
#6081=AXIS2_PLACEMENT_3D('',#9382,#7643,#7644);
#6082=AXIS2_PLACEMENT_3D('',#9384,#7645,#7646);
#6083=AXIS2_PLACEMENT_3D('',#9385,#7647,#7648);
#6084=AXIS2_PLACEMENT_3D('',#9386,#7649,#7650);
#6085=AXIS2_PLACEMENT_3D('',#9388,#7651,#7652);
#6086=AXIS2_PLACEMENT_3D('',#9389,#7653,#7654);
#6087=AXIS2_PLACEMENT_3D('',#9390,#7655,#7656);
#6088=AXIS2_PLACEMENT_3D('',#9392,#7657,#7658);
#6089=AXIS2_PLACEMENT_3D('',#9393,#7659,#7660);
#6090=AXIS2_PLACEMENT_3D('',#9394,#7661,#7662);
#6091=AXIS2_PLACEMENT_3D('',#9396,#7663,#7664);
#6092=AXIS2_PLACEMENT_3D('',#9398,#7666,#7667);
#6093=AXIS2_PLACEMENT_3D('',#9400,#7668,#7669);
#6094=AXIS2_PLACEMENT_3D('',#9401,#7670,#7671);
#6095=AXIS2_PLACEMENT_3D('',#9402,#7672,#7673);
#6096=AXIS2_PLACEMENT_3D('',#9404,#7674,#7675);
#6097=AXIS2_PLACEMENT_3D('',#9405,#7676,#7677);
#6098=AXIS2_PLACEMENT_3D('',#9406,#7678,#7679);
#6099=AXIS2_PLACEMENT_3D('',#9408,#7680,#7681);
#6100=AXIS2_PLACEMENT_3D('',#9409,#7682,#7683);
#6101=AXIS2_PLACEMENT_3D('',#9410,#7684,#7685);
#6102=AXIS2_PLACEMENT_3D('',#9412,#7686,#7687);
#6103=AXIS2_PLACEMENT_3D('',#9414,#7689,#7690);
#6104=AXIS2_PLACEMENT_3D('',#9416,#7691,#7692);
#6105=AXIS2_PLACEMENT_3D('',#9417,#7693,#7694);
#6106=AXIS2_PLACEMENT_3D('',#9418,#7695,#7696);
#6107=AXIS2_PLACEMENT_3D('',#9420,#7697,#7698);
#6108=AXIS2_PLACEMENT_3D('',#9422,#7700,#7701);
#6109=AXIS2_PLACEMENT_3D('',#9424,#7702,#7703);
#6110=AXIS2_PLACEMENT_3D('',#9425,#7704,#7705);
#6111=AXIS2_PLACEMENT_3D('',#9426,#7706,#7707);
#6112=AXIS2_PLACEMENT_3D('',#9428,#7708,#7709);
#6113=AXIS2_PLACEMENT_3D('',#9430,#7711,#7712);
#6114=AXIS2_PLACEMENT_3D('',#9432,#7713,#7714);
#6115=AXIS2_PLACEMENT_3D('',#9433,#7715,#7716);
#6116=AXIS2_PLACEMENT_3D('',#9434,#7717,#7718);
#6117=AXIS2_PLACEMENT_3D('',#9436,#7719,#7720);
#6118=AXIS2_PLACEMENT_3D('',#9437,#7721,#7722);
#6119=AXIS2_PLACEMENT_3D('',#9438,#7723,#7724);
#6120=AXIS2_PLACEMENT_3D('',#9440,#7725,#7726);
#6121=AXIS2_PLACEMENT_3D('',#9441,#7727,#7728);
#6122=AXIS2_PLACEMENT_3D('',#9442,#7729,#7730);
#6123=AXIS2_PLACEMENT_3D('',#9444,#7731,#7732);
#6124=AXIS2_PLACEMENT_3D('',#9446,#7734,#7735);
#6125=AXIS2_PLACEMENT_3D('',#9448,#7736,#7737);
#6126=AXIS2_PLACEMENT_3D('',#9449,#7738,#7739);
#6127=AXIS2_PLACEMENT_3D('',#9450,#7740,#7741);
#6128=AXIS2_PLACEMENT_3D('',#9452,#7742,#7743);
#6129=AXIS2_PLACEMENT_3D('',#9453,#7744,#7745);
#6130=AXIS2_PLACEMENT_3D('',#9454,#7746,#7747);
#6131=AXIS2_PLACEMENT_3D('',#9456,#7748,#7749);
#6132=AXIS2_PLACEMENT_3D('',#9457,#7750,#7751);
#6133=AXIS2_PLACEMENT_3D('',#9458,#7752,#7753);
#6134=AXIS2_PLACEMENT_3D('',#9460,#7754,#7755);
#6135=AXIS2_PLACEMENT_3D('',#9462,#7757,#7758);
#6136=AXIS2_PLACEMENT_3D('',#9464,#7759,#7760);
#6137=AXIS2_PLACEMENT_3D('',#9465,#7761,#7762);
#6138=AXIS2_PLACEMENT_3D('',#9466,#7763,#7764);
#6139=AXIS2_PLACEMENT_3D('',#9468,#7765,#7766);
#6140=AXIS2_PLACEMENT_3D('',#9469,#7767,#7768);
#6141=AXIS2_PLACEMENT_3D('',#9470,#7769,#7770);
#6142=AXIS2_PLACEMENT_3D('',#9472,#7771,#7772);
#6143=AXIS2_PLACEMENT_3D('',#9473,#7773,#7774);
#6144=AXIS2_PLACEMENT_3D('',#9474,#7775,#7776);
#6145=AXIS2_PLACEMENT_3D('',#9476,#7777,#7778);
#6146=AXIS2_PLACEMENT_3D('',#9478,#7780,#7781);
#6147=AXIS2_PLACEMENT_3D('',#9480,#7782,#7783);
#6148=AXIS2_PLACEMENT_3D('',#9481,#7784,#7785);
#6149=AXIS2_PLACEMENT_3D('',#9482,#7786,#7787);
#6150=AXIS2_PLACEMENT_3D('',#9484,#7788,#7789);
#6151=AXIS2_PLACEMENT_3D('',#9485,#7790,#7791);
#6152=AXIS2_PLACEMENT_3D('',#9486,#7792,#7793);
#6153=AXIS2_PLACEMENT_3D('',#9488,#7794,#7795);
#6154=AXIS2_PLACEMENT_3D('',#9489,#7796,#7797);
#6155=AXIS2_PLACEMENT_3D('',#9490,#7798,#7799);
#6156=AXIS2_PLACEMENT_3D('',#9492,#7800,#7801);
#6157=AXIS2_PLACEMENT_3D('',#9494,#7803,#7804);
#6158=AXIS2_PLACEMENT_3D('',#9496,#7805,#7806);
#6159=AXIS2_PLACEMENT_3D('',#9497,#7807,#7808);
#6160=AXIS2_PLACEMENT_3D('',#9498,#7809,#7810);
#6161=AXIS2_PLACEMENT_3D('',#9500,#7811,#7812);
#6162=AXIS2_PLACEMENT_3D('',#9502,#7814,#7815);
#6163=AXIS2_PLACEMENT_3D('',#9504,#7816,#7817);
#6164=AXIS2_PLACEMENT_3D('',#9505,#7818,#7819);
#6165=AXIS2_PLACEMENT_3D('',#9506,#7820,#7821);
#6166=AXIS2_PLACEMENT_3D('',#9508,#7823,#7824);
#6167=AXIS2_PLACEMENT_3D('',#9512,#7826,#7827);
#6168=AXIS2_PLACEMENT_3D('',#9514,#7829,#7830);
#6169=AXIS2_PLACEMENT_3D('',#9517,#7832,#7833);
#6170=AXIS2_PLACEMENT_3D('',#9518,#7834,#7835);
#6171=AXIS2_PLACEMENT_3D('',#9522,#7838,#7839);
#6172=AXIS2_PLACEMENT_3D('',#9525,#7841,#7842);
#6173=AXIS2_PLACEMENT_3D('',#9526,#7843,#7844);
#6174=AXIS2_PLACEMENT_3D('',#9529,#7846,#7847);
#6175=AXIS2_PLACEMENT_3D('',#9530,#7848,#7849);
#6176=AXIS2_PLACEMENT_3D('',#9533,#7851,#7852);
#6177=AXIS2_PLACEMENT_3D('',#9534,#7853,#7854);
#6178=AXIS2_PLACEMENT_3D('',#9538,#7857,#7858);
#6179=AXIS2_PLACEMENT_3D('',#9541,#7860,#7861);
#6180=AXIS2_PLACEMENT_3D('',#9542,#7862,#7863);
#6181=AXIS2_PLACEMENT_3D('',#9545,#7865,#7866);
#6182=AXIS2_PLACEMENT_3D('',#9546,#7867,#7868);
#6183=AXIS2_PLACEMENT_3D('',#9549,#7870,#7871);
#6184=AXIS2_PLACEMENT_3D('',#9550,#7872,#7873);
#6185=AXIS2_PLACEMENT_3D('',#9554,#7876,#7877);
#6186=AXIS2_PLACEMENT_3D('',#9557,#7879,#7880);
#6187=AXIS2_PLACEMENT_3D('',#9558,#7881,#7882);
#6188=AXIS2_PLACEMENT_3D('',#9561,#7884,#7885);
#6189=AXIS2_PLACEMENT_3D('',#9562,#7886,#7887);
#6190=AXIS2_PLACEMENT_3D('',#9565,#7889,#7890);
#6191=AXIS2_PLACEMENT_3D('',#9566,#7891,#7892);
#6192=AXIS2_PLACEMENT_3D('',#9570,#7895,#7896);
#6193=AXIS2_PLACEMENT_3D('',#9573,#7898,#7899);
#6194=AXIS2_PLACEMENT_3D('',#9574,#7900,#7901);
#6195=AXIS2_PLACEMENT_3D('',#9578,#7904,#7905);
#6196=AXIS2_PLACEMENT_3D('',#9581,#7907,#7908);
#6197=AXIS2_PLACEMENT_3D('',#9582,#7909,#7910);
#6198=AXIS2_PLACEMENT_3D('',#9586,#7913,#7914);
#6199=AXIS2_PLACEMENT_3D('',#9589,#7916,#7917);
#6200=AXIS2_PLACEMENT_3D('',#9590,#7918,#7919);
#6201=AXIS2_PLACEMENT_3D('',#9592,#7920,#7921);
#6202=AXIS2_PLACEMENT_3D('',#9594,#7922,#7923);
#6203=AXIS2_PLACEMENT_3D('',#9598,#7925,#7926);
#6204=AXIS2_PLACEMENT_3D('',#9600,#7927,#7928);
#6205=AXIS2_PLACEMENT_3D('',#9602,#7929,#7930);
#6206=AXIS2_PLACEMENT_3D('',#9606,#7932,#7933);
#6207=AXIS2_PLACEMENT_3D('',#9608,#7934,#7935);
#6208=AXIS2_PLACEMENT_3D('',#9610,#7936,#7937);
#6209=AXIS2_PLACEMENT_3D('',#9614,#7939,#7940);
#6210=AXIS2_PLACEMENT_3D('',#9616,#7941,#7942);
#6211=AXIS2_PLACEMENT_3D('',#9618,#7943,#7944);
#6212=AXIS2_PLACEMENT_3D('',#9622,#7946,#7947);
#6213=AXIS2_PLACEMENT_3D('',#9626,#7949,#7950);
#6214=AXIS2_PLACEMENT_3D('',#9629,#7952,#7953);
#6215=AXIS2_PLACEMENT_3D('',#9630,#7954,#7955);
#6216=AXIS2_PLACEMENT_3D('',#9632,#7957,#7958);
#6217=AXIS2_PLACEMENT_3D('',#9634,#7960,#7961);
#6218=AXIS2_PLACEMENT_3D('',#9637,#7964,#7965);
#6219=AXIS2_PLACEMENT_3D('',#9639,#7967,#7968);
#6220=AXIS2_PLACEMENT_3D('',#9641,#7970,#7971);
#6221=AXIS2_PLACEMENT_3D('',#9643,#7973,#7974);
#6222=AXIS2_PLACEMENT_3D('',#9645,#7976,#7977);
#6223=AXIS2_PLACEMENT_3D('',#9647,#7979,#7980);
#6224=AXIS2_PLACEMENT_3D('',#9649,#7982,#7983);
#6225=AXIS2_PLACEMENT_3D('',#9651,#7985,#7986);
#6226=AXIS2_PLACEMENT_3D('',#9653,#7988,#7989);
#6227=AXIS2_PLACEMENT_3D('',#9655,#7991,#7992);
#6228=AXIS2_PLACEMENT_3D('',#9657,#7994,#7995);
#6229=AXIS2_PLACEMENT_3D('',#9659,#7997,#7998);
#6230=AXIS2_PLACEMENT_3D('',#9661,#8000,#8001);
#6231=AXIS2_PLACEMENT_3D('',#9662,#8002,#8003);
#6232=AXIS2_PLACEMENT_3D('',#9664,#8005,#8006);
#6233=AXIS2_PLACEMENT_3D('',#9667,#8009,#8010);
#6234=AXIS2_PLACEMENT_3D('',#9668,#8011,#8012);
#6235=AXIS2_PLACEMENT_3D('',#9669,#8013,#8014);
#6236=AXIS2_PLACEMENT_3D('',#9671,#8015,#8016);
#6237=AXIS2_PLACEMENT_3D('',#9673,#8018,#8019);
#6238=DIRECTION('axis',(0.,0.,1.));
#6239=DIRECTION('refdir',(1.,0.,0.));
#6240=DIRECTION('center_axis',(0.,0.,-1.));
#6241=DIRECTION('ref_axis',(0.923879532511287,0.38268343236509,0.));
#6242=DIRECTION('center_axis',(0.,0.,1.));
#6243=DIRECTION('ref_axis',(0.923879532511287,0.38268343236509,0.));
#6244=DIRECTION('',(0.,0.,1.));
#6245=DIRECTION('center_axis',(0.,0.,-1.));
#6246=DIRECTION('ref_axis',(0.923879532511287,0.38268343236509,0.));
#6247=DIRECTION('',(0.,0.,-1.));
#6248=DIRECTION('center_axis',(0.,0.,1.));
#6249=DIRECTION('ref_axis',(1.,0.,0.));
#6250=DIRECTION('',(-0.707106781186551,0.707106781186544,0.));
#6251=DIRECTION('center_axis',(0.,0.,-1.));
#6252=DIRECTION('ref_axis',(0.382683432365088,0.923879532511287,0.));
#6253=DIRECTION('',(-1.,0.,0.));
#6254=DIRECTION('center_axis',(0.,0.,-1.));
#6255=DIRECTION('ref_axis',(-0.38268343236509,0.923879532511287,0.));
#6256=DIRECTION('',(-0.707106781186548,-0.707106781186547,0.));
#6257=DIRECTION('center_axis',(0.,0.,-1.));
#6258=DIRECTION('ref_axis',(-0.923879532511287,0.382683432365089,0.));
#6259=DIRECTION('',(0.,1.,0.));
#6260=DIRECTION('',(1.,0.,0.));
#6261=DIRECTION('',(0.,1.,0.));
#6262=DIRECTION('',(1.,0.,-1.11022302462516E-14));
#6263=DIRECTION('',(0.,-1.,0.));
#6264=DIRECTION('',(1.,0.,0.));
#6265=DIRECTION('',(0.,1.,0.));
#6266=DIRECTION('center_axis',(-0.707106781186544,-0.707106781186551,0.));
#6267=DIRECTION('ref_axis',(-0.707106781186551,0.707106781186544,0.));
#6268=DIRECTION('',(0.707106781186551,-0.707106781186544,0.));
#6269=DIRECTION('',(0.,0.,-1.));
#6270=DIRECTION('center_axis',(0.,0.,1.));
#6271=DIRECTION('ref_axis',(0.382683432365088,0.923879532511287,0.));
#6272=DIRECTION('center_axis',(0.,0.,1.));
#6273=DIRECTION('ref_axis',(0.382683432365088,0.923879532511287,0.));
#6274=DIRECTION('',(0.,0.,1.));
#6275=DIRECTION('center_axis',(2.3373116307898E-16,2.3373116307898E-16,
1.));
#6276=DIRECTION('ref_axis',(-0.923879532511287,0.382683432365089,0.));
#6277=DIRECTION('',(-2.3373116307898E-16,-2.3373116307898E-16,-1.));
#6278=DIRECTION('center_axis',(0.,0.,1.));
#6279=DIRECTION('ref_axis',(-0.923879532511287,0.382683432365089,0.));
#6280=DIRECTION('',(2.3373116307898E-16,2.3373116307898E-16,1.));
#6281=DIRECTION('center_axis',(0.707106781186547,-0.707106781186548,0.));
#6282=DIRECTION('ref_axis',(-0.707106781186548,-0.707106781186547,0.));
#6283=DIRECTION('',(0.,0.,1.));
#6284=DIRECTION('',(0.707106781186548,0.707106781186547,0.));
#6285=DIRECTION('center_axis',(0.,0.,-1.));
#6286=DIRECTION('ref_axis',(-0.38268343236509,0.923879532511287,0.));
#6287=DIRECTION('center_axis',(0.,0.,1.));
#6288=DIRECTION('ref_axis',(-0.38268343236509,0.923879532511287,0.));
#6289=DIRECTION('',(0.,0.,-1.));
#6290=DIRECTION('center_axis',(0.,-1.,0.));
#6291=DIRECTION('ref_axis',(-0.707106781186547,0.,-0.707106781186547));
#6292=DIRECTION('center_axis',(0.,-1.,0.));
#6293=DIRECTION('ref_axis',(-0.707106781186547,0.,-0.707106781186547));
#6294=DIRECTION('',(0.,-1.,0.));
#6295=DIRECTION('center_axis',(0.,-1.,0.));
#6296=DIRECTION('ref_axis',(-0.707106781186547,0.,-0.707106781186547));
#6297=DIRECTION('',(0.,1.,0.));
#6298=DIRECTION('center_axis',(1.,0.,4.29763751467803E-16));
#6299=DIRECTION('ref_axis',(-4.29763751467803E-16,0.,1.));
#6300=DIRECTION('',(4.09928501400058E-16,0.,-1.));
#6301=DIRECTION('',(0.,1.,0.));
#6302=DIRECTION('',(-4.29763751467803E-16,0.,1.));
#6303=DIRECTION('center_axis',(0.,-1.,0.));
#6304=DIRECTION('ref_axis',(-0.707106781186548,0.,0.707106781186548));
#6305=DIRECTION('center_axis',(0.,-1.,0.));
#6306=DIRECTION('ref_axis',(-0.707106781186548,0.,0.707106781186548));
#6307=DIRECTION('',(0.,-1.,0.));
#6308=DIRECTION('center_axis',(0.,-1.,0.));
#6309=DIRECTION('ref_axis',(-0.707106781186548,0.,0.707106781186548));
#6310=DIRECTION('center_axis',(2.30695693428604E-16,0.,-1.));
#6311=DIRECTION('ref_axis',(1.,0.,2.30695693428604E-16));
#6312=DIRECTION('',(-1.,0.,-2.30695693428604E-16));
#6313=DIRECTION('',(0.,-1.,0.));
#6314=DIRECTION('',(1.,0.,2.30695693428604E-16));
#6315=DIRECTION('center_axis',(0.,0.,-1.));
#6316=DIRECTION('ref_axis',(-1.,0.,0.));
#6317=DIRECTION('',(0.,1.,0.));
#6318=DIRECTION('',(-1.,0.,0.));
#6319=DIRECTION('',(0.,1.,0.));
#6320=DIRECTION('',(1.,0.,-1.11022302462516E-14));
#6321=DIRECTION('',(0.,-1.,0.));
#6322=DIRECTION('',(-1.,0.,0.));
#6323=DIRECTION('',(0.,-1.,0.));
#6324=DIRECTION('',(-1.,0.,0.));
#6325=DIRECTION('center_axis',(0.,1.,0.));
#6326=DIRECTION('ref_axis',(0.,0.,1.));
#6327=DIRECTION('center_axis',(0.,1.,0.));
#6328=DIRECTION('ref_axis',(-0.707106781186547,0.,0.707106781186547));
#6329=DIRECTION('center_axis',(0.,-1.,0.));
#6330=DIRECTION('ref_axis',(-0.707106781186547,0.,0.707106781186547));
#6331=DIRECTION('',(0.,-1.,0.));
#6332=DIRECTION('center_axis',(0.,-1.,0.));
#6333=DIRECTION('ref_axis',(-0.707106781186547,0.,0.707106781186547));
#6334=DIRECTION('',(0.,1.,0.));
#6335=DIRECTION('center_axis',(-1.07009448156642E-16,0.,1.));
#6336=DIRECTION('ref_axis',(1.,0.,1.07009448156642E-16));
#6337=DIRECTION('',(1.,0.,1.07009448156642E-16));
#6338=DIRECTION('',(0.,1.,0.));
#6339=DIRECTION('',(1.,0.,1.07009448156642E-16));
#6340=DIRECTION('center_axis',(0.,-1.,0.));
#6341=DIRECTION('ref_axis',(-0.707106781186547,0.,-0.707106781186548));
#6342=DIRECTION('center_axis',(0.,-1.,0.));
#6343=DIRECTION('ref_axis',(-0.707106781186547,0.,-0.707106781186548));
#6344=DIRECTION('',(0.,-1.,0.));
#6345=DIRECTION('center_axis',(0.,-1.,0.));
#6346=DIRECTION('ref_axis',(-0.707106781186547,0.,-0.707106781186548));
#6347=DIRECTION('',(0.,1.,0.));
#6348=DIRECTION('center_axis',(0.,-1.,0.));
#6349=DIRECTION('ref_axis',(0.,0.,-1.));
#6350=DIRECTION('',(-3.91843420455938E-16,0.,1.));
#6351=DIRECTION('',(0.707106781186548,0.,0.707106781186547));
#6352=DIRECTION('',(1.,0.,6.19235441896487E-16));
#6353=DIRECTION('center_axis',(0.,1.,0.));
#6354=DIRECTION('ref_axis',(-8.07434927000114E-16,0.,1.));
#6355=DIRECTION('',(-1.,0.,-6.19235441896487E-16));
#6356=DIRECTION('',(-0.707106781186547,0.,0.707106781186547));
#6357=DIRECTION('',(-3.91843420455938E-16,0.,1.));
#6358=DIRECTION('',(-1.,0.,-5.35047240783208E-17));
#6359=DIRECTION('center_axis',(0.,1.,0.));
#6360=DIRECTION('ref_axis',(0.707106781186548,0.,-0.707106781186548));
#6361=DIRECTION('',(1.30614473485313E-16,0.,-1.));
#6362=DIRECTION('',(-1.,0.,0.));
#6363=DIRECTION('',(2.86509167645202E-16,0.,-1.));
#6364=DIRECTION('center_axis',(0.,1.,0.));
#6365=DIRECTION('ref_axis',(0.,0.,1.));
#6366=DIRECTION('',(-1.,0.,-1.15347846714302E-16));
#6367=DIRECTION('center_axis',(0.,1.,0.));
#6368=DIRECTION('ref_axis',(-1.,0.,0.));
#6369=DIRECTION('',(2.86509167645202E-16,0.,-1.));
#6370=DIRECTION('',(1.,0.,0.));
#6371=DIRECTION('',(1.30614473485313E-16,0.,-1.));
#6372=DIRECTION('center_axis',(0.,1.,0.));
#6373=DIRECTION('ref_axis',(0.707106781186547,0.,0.707106781186548));
#6374=DIRECTION('center_axis',(0.,1.,0.));
#6375=DIRECTION('ref_axis',(1.,0.,0.));
#6376=DIRECTION('center_axis',(5.35047240783208E-17,0.,-1.));
#6377=DIRECTION('ref_axis',(-1.,0.,-5.35047240783208E-17));
#6378=DIRECTION('',(-1.,0.,-5.35047240783208E-17));
#6379=DIRECTION('',(0.,-1.,0.));
#6380=DIRECTION('center_axis',(0.,1.,0.));
#6381=DIRECTION('ref_axis',(0.,0.,1.));
#6382=DIRECTION('',(1.,0.,0.));
#6383=DIRECTION('center_axis',(0.,1.,0.));
#6384=DIRECTION('ref_axis',(-0.707106781186547,0.,0.707106781186548));
#6385=DIRECTION('',(-3.94745964311167E-16,0.,1.));
#6386=DIRECTION('center_axis',(0.,1.,0.));
#6387=DIRECTION('ref_axis',(-0.707106781186547,0.,-0.707106781186547));
#6388=DIRECTION('',(-1.,0.,1.48029736616688E-16));
#6389=DIRECTION('center_axis',(0.,1.,0.));
#6390=DIRECTION('ref_axis',(0.34503277967118,0.,-0.938590635448905));
#6391=DIRECTION('center_axis',(0.,-1.,0.));
#6392=DIRECTION('ref_axis',(7.40148683083438E-17,0.,1.));
#6393=DIRECTION('center_axis',(0.,1.,0.));
#6394=DIRECTION('ref_axis',(-0.34503277967118,0.,-0.938590635448905));
#6395=DIRECTION('',(-1.,0.,1.48029736616688E-16));
#6396=DIRECTION('center_axis',(0.,1.,0.));
#6397=DIRECTION('ref_axis',(0.345032779671179,0.,-0.938590635448905));
#6398=DIRECTION('center_axis',(0.,-1.,0.));
#6399=DIRECTION('ref_axis',(0.,0.,1.));
#6400=DIRECTION('center_axis',(0.,1.,0.));
#6401=DIRECTION('ref_axis',(-0.345032779671178,0.,-0.938590635448906));
#6402=DIRECTION('',(-1.,0.,1.48029736616688E-16));
#6403=DIRECTION('center_axis',(0.,1.,0.));
#6404=DIRECTION('ref_axis',(0.345032779671178,0.,-0.938590635448906));
#6405=DIRECTION('center_axis',(0.,-1.,0.));
#6406=DIRECTION('ref_axis',(0.,0.,1.));
#6407=DIRECTION('center_axis',(0.,1.,0.));
#6408=DIRECTION('ref_axis',(-0.345032779671177,0.,-0.938590635448906));
#6409=DIRECTION('',(-1.,0.,1.48029736616688E-16));
#6410=DIRECTION('center_axis',(0.,1.,0.));
#6411=DIRECTION('ref_axis',(0.345032779671177,0.,-0.938590635448906));
#6412=DIRECTION('center_axis',(0.,-1.,0.));
#6413=DIRECTION('ref_axis',(0.,0.,1.));
#6414=DIRECTION('center_axis',(0.,1.,0.));
#6415=DIRECTION('ref_axis',(-0.345032779671177,0.,-0.938590635448906));
#6416=DIRECTION('',(-1.,0.,1.48029736616688E-16));
#6417=DIRECTION('center_axis',(0.,1.,0.));
#6418=DIRECTION('ref_axis',(0.707106781186547,0.,-0.707106781186548));
#6419=DIRECTION('',(0.,0.,-1.));
#6420=DIRECTION('center_axis',(0.,1.,0.));
#6421=DIRECTION('ref_axis',(0.707106781186549,0.,0.707106781186547));
#6422=DIRECTION('',(1.,0.,0.));
#6423=DIRECTION('center_axis',(0.,1.,0.));
#6424=DIRECTION('ref_axis',(-0.345032779671177,0.,0.938590635448906));
#6425=DIRECTION('center_axis',(0.,-1.,0.));
#6426=DIRECTION('ref_axis',(-1.1842378929335E-15,0.,-1.));
#6427=DIRECTION('center_axis',(0.,1.,0.));
#6428=DIRECTION('ref_axis',(0.345032779671177,0.,0.938590635448906));
#6429=DIRECTION('',(1.,0.,0.));
#6430=DIRECTION('center_axis',(0.,1.,0.));
#6431=DIRECTION('ref_axis',(-0.345032779671177,0.,0.938590635448906));
#6432=DIRECTION('center_axis',(0.,-1.,0.));
#6433=DIRECTION('ref_axis',(0.,0.,-1.));
#6434=DIRECTION('center_axis',(0.,1.,0.));
#6435=DIRECTION('ref_axis',(0.345032779671176,0.,0.938590635448906));
#6436=DIRECTION('',(1.,0.,0.));
#6437=DIRECTION('center_axis',(0.,1.,0.));
#6438=DIRECTION('ref_axis',(-0.345032779671177,0.,0.938590635448906));
#6439=DIRECTION('center_axis',(0.,-1.,0.));
#6440=DIRECTION('ref_axis',(0.,0.,-1.));
#6441=DIRECTION('center_axis',(0.,1.,0.));
#6442=DIRECTION('ref_axis',(0.345032779671177,0.,0.938590635448906));
#6443=DIRECTION('',(1.,0.,0.));
#6444=DIRECTION('center_axis',(0.,1.,0.));
#6445=DIRECTION('ref_axis',(-0.345032779671178,0.,0.938590635448906));
#6446=DIRECTION('center_axis',(0.,-1.,0.));
#6447=DIRECTION('ref_axis',(7.40148683083438E-17,0.,-1.));
#6448=DIRECTION('center_axis',(0.,1.,0.));
#6449=DIRECTION('ref_axis',(0.345032779671177,0.,0.938590635448906));
#6450=DIRECTION('center_axis',(0.,-1.,0.));
#6451=DIRECTION('ref_axis',(0.707106781186547,0.,0.707106781186548));
#6452=DIRECTION('',(1.30614473485313E-16,0.,-1.));
#6453=DIRECTION('center_axis',(0.,-1.,0.));
#6454=DIRECTION('ref_axis',(0.707106781186548,0.,-0.707106781186548));
#6455=DIRECTION('',(-3.91843420455938E-16,0.,1.));
#6456=DIRECTION('',(-0.707106781186548,0.,0.707106781186548));
#6457=DIRECTION('',(-1.,0.,-6.19235441896487E-16));
#6458=DIRECTION('center_axis',(0.,1.,0.));
#6459=DIRECTION('ref_axis',(-8.07434927000114E-16,0.,1.));
#6460=DIRECTION('',(1.,0.,6.19235441896487E-16));
#6461=DIRECTION('',(0.707106781186548,0.,0.707106781186547));
#6462=DIRECTION('',(-3.91843420455938E-16,0.,1.));
#6463=DIRECTION('center_axis',(0.,1.,0.));
#6464=DIRECTION('ref_axis',(1.,0.,0.));
#6465=DIRECTION('center_axis',(0.,1.,0.));
#6466=DIRECTION('ref_axis',(1.,0.,0.));
#6467=DIRECTION('center_axis',(0.,1.,0.));
#6468=DIRECTION('ref_axis',(1.,0.,0.));
#6469=DIRECTION('center_axis',(0.,1.,0.));
#6470=DIRECTION('ref_axis',(1.,0.,0.));
#6471=DIRECTION('center_axis',(0.,1.,0.));
#6472=DIRECTION('ref_axis',(1.,0.,0.));
#6473=DIRECTION('center_axis',(0.,1.,0.));
#6474=DIRECTION('ref_axis',(1.,0.,0.));
#6475=DIRECTION('center_axis',(0.,1.,0.));
#6476=DIRECTION('ref_axis',(1.,0.,0.));
#6477=DIRECTION('center_axis',(0.,1.,0.));
#6478=DIRECTION('ref_axis',(1.,0.,0.));
#6479=DIRECTION('center_axis',(0.,1.,0.));
#6480=DIRECTION('ref_axis',(1.,0.,0.));
#6481=DIRECTION('center_axis',(0.,1.,0.));
#6482=DIRECTION('ref_axis',(1.,0.,0.));
#6483=DIRECTION('center_axis',(0.,1.,0.));
#6484=DIRECTION('ref_axis',(1.,0.,0.));
#6485=DIRECTION('center_axis',(0.,1.,0.));
#6486=DIRECTION('ref_axis',(1.,0.,0.));
#6487=DIRECTION('center_axis',(0.,1.,0.));
#6488=DIRECTION('ref_axis',(0.,0.,1.));
#6489=DIRECTION('',(1.,0.,1.15347846714302E-16));
#6490=DIRECTION('center_axis',(0.,-1.,0.));
#6491=DIRECTION('ref_axis',(-1.,0.,0.));
#6492=DIRECTION('',(0.,0.,1.));
#6493=DIRECTION('center_axis',(0.,-1.,0.));
#6494=DIRECTION('ref_axis',(0.,0.,-1.));
#6495=DIRECTION('center_axis',(0.,1.,0.));
#6496=DIRECTION('ref_axis',(1.,0.,0.));
#6497=DIRECTION('center_axis',(0.,1.,0.));
#6498=DIRECTION('ref_axis',(1.,0.,0.));
#6499=DIRECTION('center_axis',(0.,1.,0.));
#6500=DIRECTION('ref_axis',(1.,0.,0.));
#6501=DIRECTION('center_axis',(0.,1.,0.));
#6502=DIRECTION('ref_axis',(1.,0.,0.));
#6503=DIRECTION('center_axis',(-1.15347846714302E-16,0.,1.));
#6504=DIRECTION('ref_axis',(-1.,0.,-1.15347846714302E-16));
#6505=DIRECTION('',(0.,-1.,0.));
#6506=DIRECTION('center_axis',(-1.,0.,2.3373116307898E-16));
#6507=DIRECTION('ref_axis',(-2.3373116307898E-16,0.,-1.));
#6508=DIRECTION('',(2.3373116307898E-16,0.,1.));
#6509=DIRECTION('',(0.,1.,0.));
#6510=DIRECTION('',(2.3373116307898E-16,0.,1.));
#6511=DIRECTION('',(0.,-1.,0.));
#6512=DIRECTION('',(2.3373116307898E-16,0.,1.));
#6513=DIRECTION('center_axis',(-1.11022302462516E-14,0.,-1.));
#6514=DIRECTION('ref_axis',(0.,1.,0.));
#6515=DIRECTION('',(0.,1.,0.));
#6516=DIRECTION('',(1.,0.,-1.11022302462516E-14));
#6517=DIRECTION('',(0.,-1.,0.));
#6518=DIRECTION('',(1.,0.,-1.11022302462516E-14));
#6519=DIRECTION('center_axis',(1.,0.,-1.11022302462516E-14));
#6520=DIRECTION('ref_axis',(1.11022302462516E-14,0.,1.));
#6521=DIRECTION('center_axis',(1.,0.,-4.8669730403828E-16));
#6522=DIRECTION('ref_axis',(1.11022302462516E-14,0.,1.));
#6523=DIRECTION('center_axis',(-1.,0.,2.4283991386122E-16));
#6524=DIRECTION('ref_axis',(1.11022302462516E-14,0.,1.));
#6525=DIRECTION('center_axis',(1.,0.,-1.11022302462516E-14));
#6526=DIRECTION('ref_axis',(1.11022302462516E-14,0.,1.));
#6527=DIRECTION('center_axis',(1.,0.,-1.11940379928806E-14));
#6528=DIRECTION('ref_axis',(1.11022302462516E-14,0.,1.));
#6529=DIRECTION('',(1.,0.,-1.11022302462516E-14));
#6530=DIRECTION('center_axis',(-1.,0.,-1.35990351762283E-14));
#6531=DIRECTION('ref_axis',(1.11022302462516E-14,0.,1.));
#6532=DIRECTION('center_axis',(1.11022302462516E-14,0.,1.));
#6533=DIRECTION('ref_axis',(0.,-1.,0.));
#6534=DIRECTION('',(0.,-1.,0.));
#6535=DIRECTION('',(-1.,0.,1.11022302462516E-14));
#6536=DIRECTION('',(0.,1.,0.));
#6537=DIRECTION('center_axis',(1.,0.,1.35990351762283E-14));
#6538=DIRECTION('ref_axis',(-1.35990351762283E-14,0.,1.));
#6539=DIRECTION('',(1.35990351762283E-14,0.,-1.));
#6540=DIRECTION('',(0.,1.,0.));
#6541=DIRECTION('',(-1.35990351762283E-14,0.,1.));
#6542=DIRECTION('center_axis',(0.,1.,0.));
#6543=DIRECTION('ref_axis',(0.,0.,1.));
#6544=DIRECTION('center_axis',(0.,1.,0.));
#6545=DIRECTION('ref_axis',(0.647689071844545,0.,-0.761904761904762));
#6546=DIRECTION('',(1.,0.,0.));
#6547=DIRECTION('center_axis',(0.,1.,0.));
#6548=DIRECTION('ref_axis',(-2.11978582835095E-12,0.,-1.));
#6549=DIRECTION('center_axis',(0.,-1.,0.));
#6550=DIRECTION('ref_axis',(0.647689071844545,0.,-0.761904761904762));
#6551=DIRECTION('center_axis',(0.,1.,0.));
#6552=DIRECTION('ref_axis',(0.647689071844547,0.,-0.76190476190476));
#6553=DIRECTION('',(1.,0.,0.));
#6554=DIRECTION('center_axis',(0.,1.,0.));
#6555=DIRECTION('ref_axis',(-2.11978582835095E-12,0.,-1.));
#6556=DIRECTION('center_axis',(0.,-1.,0.));
#6557=DIRECTION('ref_axis',(0.647689071844544,0.,-0.761904761904762));
#6558=DIRECTION('center_axis',(0.,1.,0.));
#6559=DIRECTION('ref_axis',(0.647689071844544,0.,-0.761904761904763));
#6560=DIRECTION('',(1.,0.,-1.07011818063458E-15));
#6561=DIRECTION('center_axis',(0.,1.,0.));
#6562=DIRECTION('ref_axis',(0.,0.,-1.));
#6563=DIRECTION('',(-1.97372982155583E-16,0.,-1.));
#6564=DIRECTION('center_axis',(0.,1.,0.));
#6565=DIRECTION('ref_axis',(-1.,0.,-2.53765262771467E-15));
#6566=DIRECTION('',(-1.,0.,2.67529545158644E-16));
#6567=DIRECTION('center_axis',(0.,1.,0.));
#6568=DIRECTION('ref_axis',(2.11978582835095E-12,0.,1.));
#6569=DIRECTION('center_axis',(0.,-1.,0.));
#6570=DIRECTION('ref_axis',(-0.647689071844547,0.,0.76190476190476));
#6571=DIRECTION('center_axis',(0.,1.,0.));
#6572=DIRECTION('ref_axis',(-0.647689071844547,0.,0.76190476190476));
#6573=DIRECTION('',(-1.,0.,0.));
#6574=DIRECTION('center_axis',(0.,1.,0.));
#6575=DIRECTION('ref_axis',(2.11978582835095E-12,0.,1.));
#6576=DIRECTION('center_axis',(0.,-1.,0.));
#6577=DIRECTION('ref_axis',(-0.647689071844547,0.,0.76190476190476));
#6578=DIRECTION('center_axis',(0.,1.,0.));
#6579=DIRECTION('ref_axis',(-0.647689071844547,0.,0.76190476190476));
#6580=DIRECTION('',(-1.,0.,0.));
#6581=DIRECTION('center_axis',(0.,1.,0.));
#6582=DIRECTION('ref_axis',(2.12274642308328E-12,0.,1.));
#6583=DIRECTION('center_axis',(0.,-1.,0.));
#6584=DIRECTION('ref_axis',(-0.647689071844547,0.,0.76190476190476));
#6585=DIRECTION('center_axis',(0.,1.,0.));
#6586=DIRECTION('ref_axis',(-0.647689071844546,0.,0.761904761904761));
#6587=DIRECTION('',(-1.,0.,0.));
#6588=DIRECTION('center_axis',(0.,1.,0.));
#6589=DIRECTION('ref_axis',(2.12274642308332E-12,0.,1.));
#6590=DIRECTION('center_axis',(0.,-1.,0.));
#6591=DIRECTION('ref_axis',(-0.647689071844547,0.,0.76190476190476));
#6592=DIRECTION('center_axis',(0.,1.,0.));
#6593=DIRECTION('ref_axis',(-0.647689071844547,0.,0.76190476190476));
#6594=DIRECTION('',(-1.,0.,3.0210402170413E-16));
#6595=DIRECTION('center_axis',(0.,1.,0.));
#6596=DIRECTION('ref_axis',(0.,0.,1.));
#6597=DIRECTION('',(-5.9211894646675E-16,0.,1.));
#6598=DIRECTION('center_axis',(0.,1.,0.));
#6599=DIRECTION('ref_axis',(1.,0.,-2.53765262771465E-15));
#6600=DIRECTION('',(1.,0.,0.));
#6601=DIRECTION('center_axis',(0.,1.,0.));
#6602=DIRECTION('ref_axis',(-2.11867560532632E-12,0.,-1.));
#6603=DIRECTION('center_axis',(0.,-1.,0.));
#6604=DIRECTION('ref_axis',(0.647689071844545,0.,-0.761904761904762));
#6605=DIRECTION('center_axis',(0.,1.,0.));
#6606=DIRECTION('ref_axis',(0.647689071844547,0.,-0.76190476190476));
#6607=DIRECTION('',(1.,0.,0.));
#6608=DIRECTION('center_axis',(0.,1.,0.));
#6609=DIRECTION('ref_axis',(-2.11830553098478E-12,0.,-1.));
#6610=DIRECTION('center_axis',(0.,-1.,0.));
#6611=DIRECTION('ref_axis',(0.647689071844545,0.,-0.761904761904762));
#6612=DIRECTION('',(-2.4283991386122E-16,0.,-1.));
#6613=DIRECTION('center_axis',(0.,1.,0.));
#6614=DIRECTION('ref_axis',(1.,0.,0.));
#6615=DIRECTION('center_axis',(0.,1.,0.));
#6616=DIRECTION('ref_axis',(-0.64768907184437,0.,0.761904761904911));
#6617=DIRECTION('',(1.,0.,0.));
#6618=DIRECTION('center_axis',(0.,1.,0.));
#6619=DIRECTION('ref_axis',(-0.64768907184437,0.,0.761904761904911));
#6620=DIRECTION('',(1.,0.,0.));
#6621=DIRECTION('center_axis',(0.,1.,0.));
#6622=DIRECTION('ref_axis',(-0.647689071844371,0.,0.76190476190491));
#6623=DIRECTION('',(1.,0.,0.));
#6624=DIRECTION('center_axis',(0.,1.,0.));
#6625=DIRECTION('ref_axis',(-0.647689071844371,0.,0.76190476190491));
#6626=DIRECTION('',(1.,0.,5.55635604289318E-13));
#6627=DIRECTION('',(-7.2741812573969E-12,0.,1.));
#6628=DIRECTION('center_axis',(0.,1.,0.));
#6629=DIRECTION('ref_axis',(-1.,0.,1.26882631385732E-15));
#6630=DIRECTION('',(1.,0.,-7.27418125739703E-12));
#6631=DIRECTION('',(0.,0.,1.));
#6632=DIRECTION('',(-1.,0.,-7.27862214949556E-12));
#6633=DIRECTION('center_axis',(0.,1.,0.));
#6634=DIRECTION('ref_axis',(0.,0.,-1.));
#6635=DIRECTION('',(7.27418125713233E-12,0.,1.));
#6636=DIRECTION('',(-1.,0.,-2.22118638151532E-12));
#6637=DIRECTION('center_axis',(0.,1.,0.));
#6638=DIRECTION('ref_axis',(0.647689071844371,0.,-0.76190476190491));
#6639=DIRECTION('',(-1.,0.,-1.27016044387166E-14));
#6640=DIRECTION('center_axis',(0.,1.,0.));
#6641=DIRECTION('ref_axis',(0.64768907184437,0.,-0.76190476190491));
#6642=DIRECTION('',(-1.,0.,0.));
#6643=DIRECTION('center_axis',(0.,1.,0.));
#6644=DIRECTION('ref_axis',(0.647689071844371,0.,-0.76190476190491));
#6645=DIRECTION('',(-1.,0.,0.));
#6646=DIRECTION('center_axis',(0.,1.,0.));
#6647=DIRECTION('ref_axis',(0.647689071844371,0.,-0.76190476190491));
#6648=DIRECTION('center_axis',(0.,1.,0.));
#6649=DIRECTION('ref_axis',(0.98512478989277,0.,0.171840473517519));
#6650=DIRECTION('center_axis',(0.,1.,0.));
#6651=DIRECTION('ref_axis',(0.98512478989277,0.,0.171840473517519));
#6652=DIRECTION('',(-1.,0.,0.));
#6653=DIRECTION('',(7.10542735760093E-15,0.,-1.));
#6654=DIRECTION('center_axis',(0.,1.,0.));
#6655=DIRECTION('ref_axis',(1.,0.,0.));
#6656=DIRECTION('',(-1.,0.,1.77635683940025E-15));
#6657=DIRECTION('',(7.89491928622334E-16,0.,-1.));
#6658=DIRECTION('',(1.,0.,0.));
#6659=DIRECTION('center_axis',(0.,1.,0.));
#6660=DIRECTION('ref_axis',(1.,0.,0.));
#6661=DIRECTION('',(0.,0.,-1.));
#6662=DIRECTION('',(1.,0.,1.85044256947287E-15));
#6663=DIRECTION('center_axis',(0.,1.,0.));
#6664=DIRECTION('ref_axis',(1.,0.,0.));
#6665=DIRECTION('center_axis',(0.,-1.,0.));
#6666=DIRECTION('ref_axis',(1.,0.,0.));
#6667=DIRECTION('center_axis',(0.,-1.,0.));
#6668=DIRECTION('ref_axis',(1.,0.,0.));
#6669=DIRECTION('center_axis',(0.,-1.,0.));
#6670=DIRECTION('ref_axis',(1.,0.,0.));
#6671=DIRECTION('center_axis',(0.,-1.,0.));
#6672=DIRECTION('ref_axis',(1.,0.,0.));
#6673=DIRECTION('center_axis',(0.,-1.,0.));
#6674=DIRECTION('ref_axis',(-1.,0.,0.));
#6675=DIRECTION('center_axis',(0.,-1.,0.));
#6676=DIRECTION('ref_axis',(-1.,0.,0.));
#6677=DIRECTION('center_axis',(0.,-1.,0.));
#6678=DIRECTION('ref_axis',(-1.,0.,0.));
#6679=DIRECTION('center_axis',(0.,-1.,0.));
#6680=DIRECTION('ref_axis',(-1.,0.,0.));
#6681=DIRECTION('center_axis',(1.,0.,0.));
#6682=DIRECTION('ref_axis',(0.,0.,-1.));
#6683=DIRECTION('',(0.,0.,-1.));
#6684=DIRECTION('',(0.,1.,0.));
#6685=DIRECTION('center_axis',(1.,0.,0.));
#6686=DIRECTION('ref_axis',(0.,0.707106781186547,0.707106781186548));
#6687=DIRECTION('',(0.,0.,1.));
#6688=DIRECTION('center_axis',(1.,0.,0.));
#6689=DIRECTION('ref_axis',(0.,0.707106781186547,-0.707106781186548));
#6690=DIRECTION('',(0.,1.,0.));
#6691=DIRECTION('',(0.,0.,-1.));
#6692=DIRECTION('',(0.,1.,0.));
#6693=DIRECTION('center_axis',(1.,0.,0.));
#6694=DIRECTION('ref_axis',(0.,0.707106781186547,0.707106781186548));
#6695=DIRECTION('',(0.,0.,-1.));
#6696=DIRECTION('center_axis',(1.,0.,0.));
#6697=DIRECTION('ref_axis',(0.,0.707106781186547,-0.707106781186548));
#6698=DIRECTION('',(0.,1.,0.));
#6699=DIRECTION('',(0.,0.,-1.));
#6700=DIRECTION('center_axis',(1.,0.,-2.4283991386122E-16));
#6701=DIRECTION('ref_axis',(2.4283991386122E-16,0.,1.));
#6702=DIRECTION('',(2.4283991386122E-16,0.,1.));
#6703=DIRECTION('',(0.,-1.,0.));
#6704=DIRECTION('center_axis',(-1.,0.,4.8669730403828E-16));
#6705=DIRECTION('ref_axis',(-4.8669730403828E-16,0.,-1.));
#6706=DIRECTION('',(0.,1.,0.));
#6707=DIRECTION('',(-4.8669730403828E-16,0.,-1.));
#6708=DIRECTION('center_axis',(-1.,0.,1.11940379928806E-14));
#6709=DIRECTION('ref_axis',(-1.11940379928806E-14,0.,-1.));
#6710=DIRECTION('',(-1.11940379928806E-14,0.,-1.));
#6711=DIRECTION('',(0.,-1.,0.));
#6712=DIRECTION('center_axis',(0.,-1.,0.));
#6713=DIRECTION('ref_axis',(1.,0.,0.));
#6714=DIRECTION('center_axis',(0.,-1.,0.));
#6715=DIRECTION('ref_axis',(1.,0.,0.));
#6716=DIRECTION('',(0.,-1.,0.));
#6717=DIRECTION('center_axis',(0.,-1.,0.));
#6718=DIRECTION('ref_axis',(1.,0.,0.));
#6719=DIRECTION('',(0.,-1.,0.));
#6720=DIRECTION('center_axis',(0.,-1.,0.));
#6721=DIRECTION('ref_axis',(1.,0.,0.));
#6722=DIRECTION('center_axis',(0.,1.,0.));
#6723=DIRECTION('ref_axis',(0.,0.,1.));
#6724=DIRECTION('',(1.,0.,2.22044604925033E-15));
#6725=DIRECTION('center_axis',(0.,-1.,0.));
#6726=DIRECTION('ref_axis',(-1.,0.,0.));
#6727=DIRECTION('',(0.,0.,1.));
#6728=DIRECTION('center_axis',(0.,-1.,0.));
#6729=DIRECTION('ref_axis',(0.,0.,-1.));
#6730=DIRECTION('',(-1.,0.,0.));
#6731=DIRECTION('',(1.,0.,0.));
#6732=DIRECTION('center_axis',(0.,-1.,0.));
#6733=DIRECTION('ref_axis',(-1.,0.,0.));
#6734=DIRECTION('',(0.,0.,1.));
#6735=DIRECTION('center_axis',(0.,-1.,0.));
#6736=DIRECTION('ref_axis',(0.,0.,-1.));
#6737=DIRECTION('',(-1.,0.,0.));
#6738=DIRECTION('center_axis',(0.,-1.,0.));
#6739=DIRECTION('ref_axis',(1.,0.,0.));
#6740=DIRECTION('center_axis',(0.,1.,0.));
#6741=DIRECTION('ref_axis',(0.647689071844371,0.,-0.76190476190491));
#6742=DIRECTION('',(-1.,0.,0.));
#6743=DIRECTION('center_axis',(0.,1.,0.));
#6744=DIRECTION('ref_axis',(0.647689071844371,0.,-0.76190476190491));
#6745=DIRECTION('',(-1.,0.,0.));
#6746=DIRECTION('center_axis',(0.,1.,0.));
#6747=DIRECTION('ref_axis',(0.64768907184437,0.,-0.76190476190491));
#6748=DIRECTION('',(-1.,0.,-1.27016044387166E-14));
#6749=DIRECTION('center_axis',(0.,1.,0.));
#6750=DIRECTION('ref_axis',(0.647689071844371,0.,-0.76190476190491));
#6751=DIRECTION('',(-1.,0.,-2.22118638151532E-12));
#6752=DIRECTION('',(7.27418125713233E-12,0.,1.));
#6753=DIRECTION('center_axis',(0.,1.,0.));
#6754=DIRECTION('ref_axis',(0.,0.,-1.));
#6755=DIRECTION('',(-1.,0.,-7.27862214949556E-12));
#6756=DIRECTION('',(0.,0.,1.));
#6757=DIRECTION('',(1.,0.,-7.27418125739703E-12));
#6758=DIRECTION('center_axis',(0.,1.,0.));
#6759=DIRECTION('ref_axis',(-1.,0.,1.26882631385732E-15));
#6760=DIRECTION('',(-7.2741812573969E-12,0.,1.));
#6761=DIRECTION('',(1.,0.,5.55635604289318E-13));
#6762=DIRECTION('center_axis',(0.,1.,0.));
#6763=DIRECTION('ref_axis',(-0.647689071844371,0.,0.76190476190491));
#6764=DIRECTION('',(1.,0.,0.));
#6765=DIRECTION('center_axis',(0.,1.,0.));
#6766=DIRECTION('ref_axis',(-0.647689071844371,0.,0.76190476190491));
#6767=DIRECTION('',(1.,0.,0.));
#6768=DIRECTION('center_axis',(0.,1.,0.));
#6769=DIRECTION('ref_axis',(-0.64768907184437,0.,0.761904761904911));
#6770=DIRECTION('',(1.,0.,0.));
#6771=DIRECTION('center_axis',(0.,1.,0.));
#6772=DIRECTION('ref_axis',(-0.64768907184437,0.,0.761904761904911));
#6773=DIRECTION('center_axis',(0.,1.,0.));
#6774=DIRECTION('ref_axis',(0.,0.,1.));
#6775=DIRECTION('',(1.,0.,-1.43019499377349E-13));
#6776=DIRECTION('',(0.,0.,-1.));
#6777=DIRECTION('center_axis',(0.,1.,0.));
#6778=DIRECTION('ref_axis',(1.,0.,0.));
#6779=DIRECTION('',(1.,0.,0.));
#6780=DIRECTION('',(3.94745964311167E-16,0.,-1.));
#6781=DIRECTION('',(-1.,0.,1.77635683940025E-15));
#6782=DIRECTION('center_axis',(0.,1.,0.));
#6783=DIRECTION('ref_axis',(1.,0.,0.));
#6784=DIRECTION('',(7.10542735760093E-15,0.,-1.));
#6785=DIRECTION('',(-1.,0.,-5.59613134562433E-12));
#6786=DIRECTION('center_axis',(0.,-1.,0.));
#6787=DIRECTION('ref_axis',(1.,0.,0.));
#6788=DIRECTION('',(1.,0.,0.));
#6789=DIRECTION('center_axis',(0.,1.,0.));
#6790=DIRECTION('ref_axis',(1.,0.,0.));
#6791=DIRECTION('',(-1.,0.,0.));
#6792=DIRECTION('center_axis',(0.,-1.,0.));
#6793=DIRECTION('ref_axis',(1.,0.,9.22782773714416E-16));
#6794=DIRECTION('center_axis',(0.,-1.,0.));
#6795=DIRECTION('ref_axis',(1.,0.,9.22782773714416E-16));
#6796=DIRECTION('center_axis',(0.,1.,0.));
#6797=DIRECTION('ref_axis',(1.,0.,9.22782773714416E-16));
#6798=DIRECTION('center_axis',(0.,1.,0.));
#6799=DIRECTION('ref_axis',(1.,0.,9.22782773714416E-16));
#6800=DIRECTION('center_axis',(0.,1.,0.));
#6801=DIRECTION('ref_axis',(1.,0.,9.22782773714416E-16));
#6802=DIRECTION('center_axis',(0.,1.,0.));
#6803=DIRECTION('ref_axis',(1.,0.,9.22782773714416E-16));
#6804=DIRECTION('center_axis',(0.,1.,0.));
#6805=DIRECTION('ref_axis',(1.,0.,9.22782773714416E-16));
#6806=DIRECTION('center_axis',(0.,1.,0.));
#6807=DIRECTION('ref_axis',(1.,0.,9.22782773714416E-16));
#6808=DIRECTION('center_axis',(0.,1.,0.));
#6809=DIRECTION('ref_axis',(1.,0.,9.22782773714416E-16));
#6810=DIRECTION('center_axis',(0.,1.,0.));
#6811=DIRECTION('ref_axis',(1.,0.,9.22782773714416E-16));
#6812=DIRECTION('center_axis',(0.,-1.,0.));
#6813=DIRECTION('ref_axis',(1.,0.,0.));
#6814=DIRECTION('',(0.,1.,0.));
#6815=DIRECTION('center_axis',(0.,-1.,0.));
#6816=DIRECTION('ref_axis',(-1.,0.,0.));
#6817=DIRECTION('center_axis',(0.,1.,0.));
#6818=DIRECTION('ref_axis',(-1.,0.,0.));
#6819=DIRECTION('center_axis',(0.,1.,0.));
#6820=DIRECTION('ref_axis',(-1.,0.,0.));
#6821=DIRECTION('',(0.707106781186548,-0.707106781186547,-8.65956056235494E-17));
#6822=DIRECTION('center_axis',(0.,1.,0.));
#6823=DIRECTION('ref_axis',(1.,0.,0.));
#6824=DIRECTION('center_axis',(0.,1.,0.));
#6825=DIRECTION('ref_axis',(1.,0.,0.));
#6826=DIRECTION('center_axis',(0.,-1.,0.));
#6827=DIRECTION('ref_axis',(1.,0.,0.));
#6828=DIRECTION('',(0.,-1.,0.));
#6829=DIRECTION('center_axis',(0.,-1.,0.));
#6830=DIRECTION('ref_axis',(-1.,0.,0.));
#6831=DIRECTION('center_axis',(0.,1.,0.));
#6832=DIRECTION('ref_axis',(-1.,0.,0.));
#6833=DIRECTION('center_axis',(0.,1.,0.));
#6834=DIRECTION('ref_axis',(-1.,0.,0.));
#6835=DIRECTION('',(0.707106781186547,-0.707106781186548,-8.65956056235493E-17));
#6836=DIRECTION('center_axis',(0.,1.,0.));
#6837=DIRECTION('ref_axis',(1.,0.,0.));
#6838=DIRECTION('center_axis',(0.,1.,0.));
#6839=DIRECTION('ref_axis',(1.,0.,0.));
#6840=DIRECTION('center_axis',(0.,-1.,0.));
#6841=DIRECTION('ref_axis',(1.,0.,0.));
#6842=DIRECTION('',(0.,-1.,0.));
#6843=DIRECTION('center_axis',(0.,1.,0.));
#6844=DIRECTION('ref_axis',(1.,0.,0.));
#6845=DIRECTION('',(0.,1.,0.));
#6846=DIRECTION('center_axis',(0.,1.,0.));
#6847=DIRECTION('ref_axis',(1.,0.,0.));
#6848=DIRECTION('',(0.,1.,0.));
#6849=DIRECTION('center_axis',(0.,-1.,0.));
#6850=DIRECTION('ref_axis',(1.,0.,0.));
#6851=DIRECTION('',(0.,-1.,0.));
#6852=DIRECTION('center_axis',(0.,-1.,0.));
#6853=DIRECTION('ref_axis',(0.647689071844371,0.,-0.76190476190491));
#6854=DIRECTION('',(0.,-1.,0.));
#6855=DIRECTION('center_axis',(-1.,0.,-3.94745964311167E-16));
#6856=DIRECTION('ref_axis',(0.,0.,1.));
#6857=DIRECTION('center_axis',(1.,0.,3.94745964311167E-16));
#6858=DIRECTION('ref_axis',(3.94745964311167E-16,0.,-1.));
#6859=DIRECTION('center_axis',(-8.3477344467832E-32,-1.,2.11471052309554E-16));
#6860=DIRECTION('ref_axis',(0.,-2.11471052309554E-16,-1.));
#6861=DIRECTION('center_axis',(1.,0.,3.94745964311167E-16));
#6862=DIRECTION('ref_axis',(-3.94745964311167E-16,0.,1.));
#6863=DIRECTION('center_axis',(-1.,0.,-3.94745964311167E-16));
#6864=DIRECTION('ref_axis',(-3.94745964311167E-16,0.,1.));
#6865=DIRECTION('',(0.,1.,0.));
#6866=DIRECTION('',(0.,-1.,0.));
#6867=DIRECTION('center_axis',(1.,0.,3.94745964311167E-16));
#6868=DIRECTION('ref_axis',(3.94745964311167E-16,0.,-1.));
#6869=DIRECTION('center_axis',(-1.,0.,-3.94745964311167E-16));
#6870=DIRECTION('ref_axis',(-3.94745964311167E-16,0.,1.));
#6871=DIRECTION('center_axis',(1.,0.,0.));
#6872=DIRECTION('ref_axis',(0.,1.,0.));
#6873=DIRECTION('',(0.,0.,1.));
#6874=DIRECTION('',(0.,1.,0.));
#6875=DIRECTION('',(0.,0.,-1.));
#6876=DIRECTION('',(0.,1.,0.));
#6877=DIRECTION('center_axis',(0.,0.,1.));
#6878=DIRECTION('ref_axis',(1.,0.,0.));
#6879=DIRECTION('',(-1.,0.,0.));
#6880=DIRECTION('',(0.,-1.,0.));
#6881=DIRECTION('',(1.,0.,0.));
#6882=DIRECTION('center_axis',(0.,0.,1.));
#6883=DIRECTION('ref_axis',(1.,0.,0.));
#6884=DIRECTION('',(-1.,0.,0.));
#6885=DIRECTION('',(0.,-1.,0.));
#6886=DIRECTION('',(1.,0.,0.));
#6887=DIRECTION('',(0.,1.,0.));
#6888=DIRECTION('center_axis',(-1.,0.,0.));
#6889=DIRECTION('ref_axis',(0.,-1.,0.));
#6890=DIRECTION('',(0.,0.,-1.));
#6891=DIRECTION('',(0.,-1.,0.));
#6892=DIRECTION('',(0.,0.,1.));
#6893=DIRECTION('center_axis',(0.,-1.,0.));
#6894=DIRECTION('ref_axis',(-0.64768907184437,0.,0.761904761904911));
#6895=DIRECTION('',(0.,-1.,0.));
#6896=DIRECTION('',(0.,-1.,0.));
#6897=DIRECTION('center_axis',(0.,0.,1.));
#6898=DIRECTION('ref_axis',(-1.,0.,0.));
#6899=DIRECTION('',(0.,-1.,0.));
#6900=DIRECTION('center_axis',(0.,-1.,0.));
#6901=DIRECTION('ref_axis',(-0.647689071844371,0.,0.76190476190491));
#6902=DIRECTION('',(0.,-1.,0.));
#6903=DIRECTION('center_axis',(0.,0.,1.));
#6904=DIRECTION('ref_axis',(-1.,0.,0.));
#6905=DIRECTION('',(0.,-1.,0.));
#6906=DIRECTION('center_axis',(0.,-1.,0.));
#6907=DIRECTION('ref_axis',(-0.647689071844371,0.,0.76190476190491));
#6908=DIRECTION('',(0.,-1.,0.));
#6909=DIRECTION('center_axis',(-5.55635604289318E-13,0.,1.));
#6910=DIRECTION('ref_axis',(-1.,0.,-5.55635604289318E-13));
#6911=DIRECTION('',(0.,-1.,0.));
#6912=DIRECTION('center_axis',(-1.,0.,-7.2741812573969E-12));
#6913=DIRECTION('ref_axis',(7.2741812573969E-12,0.,-1.));
#6914=DIRECTION('',(0.,-1.,0.));
#6915=DIRECTION('center_axis',(0.,-1.,0.));
#6916=DIRECTION('ref_axis',(-1.,0.,1.26882631385732E-15));
#6917=DIRECTION('',(0.,-1.,0.));
#6918=DIRECTION('center_axis',(7.27418125739703E-12,0.,1.));
#6919=DIRECTION('ref_axis',(-1.,0.,7.27418125739703E-12));
#6920=DIRECTION('',(0.,-1.,0.));
#6921=DIRECTION('center_axis',(-1.,0.,0.));
#6922=DIRECTION('ref_axis',(0.,0.,-1.));
#6923=DIRECTION('',(0.,-1.,0.));
#6924=DIRECTION('center_axis',(1.,0.,0.));
#6925=DIRECTION('ref_axis',(0.,0.,-1.));
#6926=DIRECTION('center_axis',(1.,0.,0.));
#6927=DIRECTION('ref_axis',(0.,0.,-1.));
#6928=DIRECTION('center_axis',(7.27862214949556E-12,0.,-1.));
#6929=DIRECTION('ref_axis',(1.,0.,7.27862214949556E-12));
#6930=DIRECTION('',(0.,-1.,0.));
#6931=DIRECTION('center_axis',(0.,-1.,0.));
#6932=DIRECTION('ref_axis',(0.,0.,-1.));
#6933=DIRECTION('',(0.,-1.,0.));
#6934=DIRECTION('center_axis',(-1.,0.,7.27418125713233E-12));
#6935=DIRECTION('ref_axis',(-7.27418125713233E-12,0.,-1.));
#6936=DIRECTION('',(0.,-1.,0.));
#6937=DIRECTION('center_axis',(2.22118638151532E-12,0.,-1.));
#6938=DIRECTION('ref_axis',(1.,0.,2.22118638151532E-12));
#6939=DIRECTION('',(0.,-1.,0.));
#6940=DIRECTION('center_axis',(-2.22118638151532E-12,0.,1.));
#6941=DIRECTION('ref_axis',(-1.,0.,-2.22133422767001E-12));
#6942=DIRECTION('',(-1.,0.,-2.22118638151532E-12));
#6943=DIRECTION('center_axis',(-2.22118638151532E-12,0.,1.));
#6944=DIRECTION('ref_axis',(-1.,0.,-2.22133422767001E-12));
#6945=DIRECTION('',(1.,0.,2.22118638151532E-12));
#6946=DIRECTION('center_axis',(0.,-1.,0.));
#6947=DIRECTION('ref_axis',(0.647689071844371,0.,-0.76190476190491));
#6948=DIRECTION('',(0.,-1.,0.));
#6949=DIRECTION('center_axis',(1.27016044387166E-14,0.,-1.));
#6950=DIRECTION('ref_axis',(1.,0.,1.27016044387166E-14));
#6951=DIRECTION('',(0.,-1.,0.));
#6952=DIRECTION('center_axis',(0.,-1.,0.));
#6953=DIRECTION('ref_axis',(0.64768907184437,0.,-0.76190476190491));
#6954=DIRECTION('',(0.,-1.,0.));
#6955=DIRECTION('center_axis',(0.,0.,-1.));
#6956=DIRECTION('ref_axis',(1.,0.,0.));
#6957=DIRECTION('',(0.,-1.,0.));
#6958=DIRECTION('center_axis',(0.,-1.,0.));
#6959=DIRECTION('ref_axis',(0.647689071844371,0.,-0.76190476190491));
#6960=DIRECTION('',(0.,-1.,0.));
#6961=DIRECTION('center_axis',(0.,0.,-1.));
#6962=DIRECTION('ref_axis',(1.,0.,0.));
#6963=DIRECTION('center_axis',(-2.22133422767001E-12,0.,1.));
#6964=DIRECTION('ref_axis',(-1.,0.,-2.22133422767001E-12));
#6965=DIRECTION('center_axis',(0.,0.,-1.));
#6966=DIRECTION('ref_axis',(-1.,0.,-2.22133422767001E-12));
#6967=DIRECTION('',(-2.22133422767001E-12,0.,1.));
#6968=DIRECTION('',(-2.22133422767001E-12,0.,1.));
#6969=DIRECTION('center_axis',(0.,1.,0.));
#6970=DIRECTION('ref_axis',(-1.,0.,-2.22118638151532E-12));
#6971=DIRECTION('',(1.,0.,0.));
#6972=DIRECTION('',(-2.22133422767001E-12,0.,1.));
#6973=DIRECTION('center_axis',(-2.22133422767001E-12,0.,1.));
#6974=DIRECTION('ref_axis',(1.,-1.22464679914735E-16,2.22133422767001E-12));
#6975=DIRECTION('center_axis',(0.,0.,-1.));
#6976=DIRECTION('ref_axis',(-1.,0.,-2.22133422767001E-12));
#6977=DIRECTION('',(-2.22133422767001E-12,0.,1.));
#6978=DIRECTION('center_axis',(0.,-1.,0.));
#6979=DIRECTION('ref_axis',(1.,0.,2.22118638151532E-12));
#6980=DIRECTION('',(-1.,0.,0.));
#6981=DIRECTION('center_axis',(0.,-1.,0.));
#6982=DIRECTION('ref_axis',(0.707106781186552,0.,-0.707106781186543));
#6983=DIRECTION('center_axis',(0.,1.,0.));
#6984=DIRECTION('ref_axis',(0.707106781186552,0.,-0.707106781186543));
#6985=DIRECTION('',(0.,-1.,0.));
#6986=DIRECTION('center_axis',(0.,-1.,0.));
#6987=DIRECTION('ref_axis',(0.707106781186552,0.,-0.707106781186543));
#6988=DIRECTION('',(0.,1.,0.));
#6989=DIRECTION('center_axis',(2.53765262771477E-15,0.,1.));
#6990=DIRECTION('ref_axis',(-1.,0.,2.53765262771477E-15));
#6991=DIRECTION('',(1.,0.,-2.53765262771477E-15));
#6992=DIRECTION('',(0.,1.,0.));
#6993=DIRECTION('',(-1.,0.,2.53765262771477E-15));
#6994=DIRECTION('center_axis',(0.,1.,0.));
#6995=DIRECTION('ref_axis',(0.707106781186544,0.,0.707106781186551));
#6996=DIRECTION('center_axis',(0.,-1.,0.));
#6997=DIRECTION('ref_axis',(0.707106781186544,0.,0.707106781186551));
#6998=DIRECTION('',(0.,1.,0.));
#6999=DIRECTION('center_axis',(0.,1.,0.));
#7000=DIRECTION('ref_axis',(0.707106781186544,0.,0.707106781186551));
#7001=DIRECTION('',(0.,-1.,0.));
#7002=DIRECTION('center_axis',(-1.90323947078598E-15,0.,-1.));
#7003=DIRECTION('ref_axis',(1.,0.,-1.90323947078598E-15));
#7004=DIRECTION('',(1.,0.,-1.90323947078598E-15));
#7005=DIRECTION('',(0.,-1.,0.));
#7006=DIRECTION('',(-1.,0.,1.90323947078598E-15));
#7007=DIRECTION('center_axis',(0.,-1.,0.));
#7008=DIRECTION('ref_axis',(0.,0.,-1.));
#7009=DIRECTION('center_axis',(0.,1.,0.));
#7010=DIRECTION('ref_axis',(1.,0.,0.));
#7011=DIRECTION('',(-3.94745964311167E-16,0.,1.));
#7012=DIRECTION('center_axis',(0.,-1.,0.));
#7013=DIRECTION('ref_axis',(-1.,0.,0.));
#7014=DIRECTION('center_axis',(0.,-1.,0.));
#7015=DIRECTION('ref_axis',(-1.,0.,0.));
#7016=DIRECTION('center_axis',(0.,1.,0.));
#7017=DIRECTION('ref_axis',(-1.,0.,0.));
#7018=DIRECTION('',(0.,1.,0.));
#7019=DIRECTION('center_axis',(0.,-1.,0.));
#7020=DIRECTION('ref_axis',(-1.,0.,1.40883900352873E-14));
#7021=DIRECTION('center_axis',(0.,-1.,0.));
#7022=DIRECTION('ref_axis',(1.,0.,0.));
#7023=DIRECTION('center_axis',(0.,-1.,0.));
#7024=DIRECTION('ref_axis',(0.,0.,-1.));
#7025=DIRECTION('',(3.94745964311167E-16,0.,-1.));
#7026=DIRECTION('center_axis',(0.,1.,0.));
#7027=DIRECTION('ref_axis',(1.,0.,9.22782773714416E-16));
#7028=DIRECTION('center_axis',(0.,1.,0.));
#7029=DIRECTION('ref_axis',(1.,0.,9.22782773714416E-16));
#7030=DIRECTION('center_axis',(0.,1.,0.));
#7031=DIRECTION('ref_axis',(1.,0.,9.22782773714416E-16));
#7032=DIRECTION('',(0.,-1.,0.));
#7033=DIRECTION('center_axis',(0.,1.,0.));
#7034=DIRECTION('ref_axis',(0.,0.,1.));
#7035=DIRECTION('center_axis',(0.,-1.,0.));
#7036=DIRECTION('ref_axis',(0.647689071844545,0.,-0.761904761904762));
#7037=DIRECTION('',(0.,-1.,0.));
#7038=DIRECTION('center_axis',(0.,1.,0.));
#7039=DIRECTION('ref_axis',(0.647689071844545,0.,-0.761904761904762));
#7040=DIRECTION('',(0.,-1.,0.));
#7041=DIRECTION('center_axis',(0.,-1.,0.));
#7042=DIRECTION('ref_axis',(0.647689071844545,0.,-0.761904761904762));
#7043=DIRECTION('',(0.,-1.,0.));
#7044=DIRECTION('center_axis',(0.,-1.,0.));
#7045=DIRECTION('ref_axis',(0.647689071844545,0.,-0.761904761904762));
#7046=DIRECTION('center_axis',(0.,-1.,0.));
#7047=DIRECTION('ref_axis',(-2.11830553098478E-12,0.,-1.));
#7048=DIRECTION('',(0.,-1.,0.));
#7049=DIRECTION('center_axis',(0.,1.,0.));
#7050=DIRECTION('ref_axis',(-2.11830553098478E-12,0.,-1.));
#7051=DIRECTION('center_axis',(0.,0.,-1.));
#7052=DIRECTION('ref_axis',(1.,0.,0.));
#7053=DIRECTION('',(0.,-1.,0.));
#7054=DIRECTION('',(1.,0.,0.));
#7055=DIRECTION('center_axis',(0.,-1.,0.));
#7056=DIRECTION('ref_axis',(0.647689071844547,0.,-0.76190476190476));
#7057=DIRECTION('',(0.,-1.,0.));
#7058=DIRECTION('center_axis',(0.,1.,0.));
#7059=DIRECTION('ref_axis',(0.647689071844547,0.,-0.76190476190476));
#7060=DIRECTION('center_axis',(0.,-1.,0.));
#7061=DIRECTION('ref_axis',(0.647689071844545,0.,-0.761904761904762));
#7062=DIRECTION('',(0.,-1.,0.));
#7063=DIRECTION('center_axis',(0.,-1.,0.));
#7064=DIRECTION('ref_axis',(0.647689071844545,0.,-0.761904761904762));
#7065=DIRECTION('center_axis',(0.,-1.,0.));
#7066=DIRECTION('ref_axis',(-2.11867560532632E-12,0.,-1.));
#7067=DIRECTION('',(0.,-1.,0.));
#7068=DIRECTION('center_axis',(0.,1.,0.));
#7069=DIRECTION('ref_axis',(-2.11867560532632E-12,0.,-1.));
#7070=DIRECTION('center_axis',(0.,0.,-1.));
#7071=DIRECTION('ref_axis',(1.,0.,0.));
#7072=DIRECTION('',(0.,-1.,0.));
#7073=DIRECTION('',(1.,0.,0.));
#7074=DIRECTION('center_axis',(0.,-1.,0.));
#7075=DIRECTION('ref_axis',(1.,0.,-2.53765262771465E-15));
#7076=DIRECTION('',(0.,-1.,0.));
#7077=DIRECTION('center_axis',(0.,1.,0.));
#7078=DIRECTION('ref_axis',(1.,0.,-2.53765262771465E-15));
#7079=DIRECTION('center_axis',(1.,0.,5.9211894646675E-16));
#7080=DIRECTION('ref_axis',(-5.9211894646675E-16,0.,1.));
#7081=DIRECTION('',(0.,-1.,0.));
#7082=DIRECTION('',(-5.9211894646675E-16,0.,1.));
#7083=DIRECTION('center_axis',(0.,-1.,0.));
#7084=DIRECTION('ref_axis',(0.,0.,1.));
#7085=DIRECTION('',(0.,-1.,0.));
#7086=DIRECTION('center_axis',(0.,1.,0.));
#7087=DIRECTION('ref_axis',(0.,0.,1.));
#7088=DIRECTION('center_axis',(3.0210402170413E-16,0.,1.));
#7089=DIRECTION('ref_axis',(-1.,0.,3.0210402170413E-16));
#7090=DIRECTION('',(0.,-1.,0.));
#7091=DIRECTION('',(-1.,0.,3.0210402170413E-16));
#7092=DIRECTION('center_axis',(0.,-1.,0.));
#7093=DIRECTION('ref_axis',(-0.647689071844547,0.,0.76190476190476));
#7094=DIRECTION('',(0.,-1.,0.));
#7095=DIRECTION('center_axis',(0.,1.,0.));
#7096=DIRECTION('ref_axis',(-0.647689071844547,0.,0.76190476190476));
#7097=DIRECTION('center_axis',(0.,-1.,0.));
#7098=DIRECTION('ref_axis',(-0.647689071844547,0.,0.76190476190476));
#7099=DIRECTION('',(0.,-1.,0.));
#7100=DIRECTION('center_axis',(0.,-1.,0.));
#7101=DIRECTION('ref_axis',(-0.647689071844547,0.,0.76190476190476));
#7102=DIRECTION('center_axis',(0.,-1.,0.));
#7103=DIRECTION('ref_axis',(2.12274642308332E-12,0.,1.));
#7104=DIRECTION('',(0.,-1.,0.));
#7105=DIRECTION('center_axis',(0.,1.,0.));
#7106=DIRECTION('ref_axis',(2.12274642308332E-12,0.,1.));
#7107=DIRECTION('center_axis',(0.,0.,1.));
#7108=DIRECTION('ref_axis',(-1.,0.,0.));
#7109=DIRECTION('',(0.,-1.,0.));
#7110=DIRECTION('',(-1.,0.,0.));
#7111=DIRECTION('center_axis',(0.,-1.,0.));
#7112=DIRECTION('ref_axis',(-0.647689071844546,0.,0.761904761904761));
#7113=DIRECTION('',(0.,-1.,0.));
#7114=DIRECTION('center_axis',(0.,1.,0.));
#7115=DIRECTION('ref_axis',(-0.647689071844546,0.,0.761904761904761));
#7116=DIRECTION('center_axis',(0.,-1.,0.));
#7117=DIRECTION('ref_axis',(-0.647689071844547,0.,0.76190476190476));
#7118=DIRECTION('',(0.,-1.,0.));
#7119=DIRECTION('center_axis',(0.,-1.,0.));
#7120=DIRECTION('ref_axis',(-0.647689071844547,0.,0.76190476190476));
#7121=DIRECTION('center_axis',(0.,-1.,0.));
#7122=DIRECTION('ref_axis',(2.12274642308328E-12,0.,1.));
#7123=DIRECTION('',(0.,-1.,0.));
#7124=DIRECTION('center_axis',(0.,1.,0.));
#7125=DIRECTION('ref_axis',(2.12274642308328E-12,0.,1.));
#7126=DIRECTION('center_axis',(0.,0.,1.));
#7127=DIRECTION('ref_axis',(-1.,0.,0.));
#7128=DIRECTION('',(0.,-1.,0.));
#7129=DIRECTION('',(-1.,0.,0.));
#7130=DIRECTION('center_axis',(0.,-1.,0.));
#7131=DIRECTION('ref_axis',(-0.647689071844547,0.,0.76190476190476));
#7132=DIRECTION('',(0.,-1.,0.));
#7133=DIRECTION('center_axis',(0.,1.,0.));
#7134=DIRECTION('ref_axis',(-0.647689071844547,0.,0.76190476190476));
#7135=DIRECTION('center_axis',(0.,-1.,0.));
#7136=DIRECTION('ref_axis',(-0.647689071844547,0.,0.76190476190476));
#7137=DIRECTION('',(0.,-1.,0.));
#7138=DIRECTION('center_axis',(0.,-1.,0.));
#7139=DIRECTION('ref_axis',(-0.647689071844547,0.,0.76190476190476));
#7140=DIRECTION('center_axis',(0.,-1.,0.));
#7141=DIRECTION('ref_axis',(2.11978582835095E-12,0.,1.));
#7142=DIRECTION('',(0.,-1.,0.));
#7143=DIRECTION('center_axis',(0.,1.,0.));
#7144=DIRECTION('ref_axis',(2.11978582835095E-12,0.,1.));
#7145=DIRECTION('center_axis',(0.,0.,1.));
#7146=DIRECTION('ref_axis',(-1.,0.,0.));
#7147=DIRECTION('',(0.,-1.,0.));
#7148=DIRECTION('',(-1.,0.,0.));
#7149=DIRECTION('center_axis',(0.,-1.,0.));
#7150=DIRECTION('ref_axis',(-0.647689071844547,0.,0.76190476190476));
#7151=DIRECTION('',(0.,-1.,0.));
#7152=DIRECTION('center_axis',(0.,1.,0.));
#7153=DIRECTION('ref_axis',(-0.647689071844547,0.,0.76190476190476));
#7154=DIRECTION('center_axis',(0.,-1.,0.));
#7155=DIRECTION('ref_axis',(-0.647689071844547,0.,0.76190476190476));
#7156=DIRECTION('',(0.,-1.,0.));
#7157=DIRECTION('center_axis',(0.,-1.,0.));
#7158=DIRECTION('ref_axis',(-0.647689071844547,0.,0.76190476190476));
#7159=DIRECTION('center_axis',(0.,-1.,0.));
#7160=DIRECTION('ref_axis',(2.11978582835095E-12,0.,1.));
#7161=DIRECTION('',(0.,-1.,0.));
#7162=DIRECTION('center_axis',(0.,1.,0.));
#7163=DIRECTION('ref_axis',(2.11978582835095E-12,0.,1.));
#7164=DIRECTION('center_axis',(2.67529545158644E-16,0.,1.));
#7165=DIRECTION('ref_axis',(-1.,0.,2.67529545158644E-16));
#7166=DIRECTION('',(0.,-1.,0.));
#7167=DIRECTION('',(-1.,0.,2.67529545158644E-16));
#7168=DIRECTION('center_axis',(0.,-1.,0.));
#7169=DIRECTION('ref_axis',(-1.,0.,-2.53765262771467E-15));
#7170=DIRECTION('',(0.,-1.,0.));
#7171=DIRECTION('center_axis',(0.,1.,0.));
#7172=DIRECTION('ref_axis',(-1.,0.,-2.53765262771467E-15));
#7173=DIRECTION('center_axis',(-1.,0.,1.97372982155583E-16));
#7174=DIRECTION('ref_axis',(-1.97372982155583E-16,0.,-1.));
#7175=DIRECTION('',(0.,-1.,0.));
#7176=DIRECTION('',(-1.97372982155583E-16,0.,-1.));
#7177=DIRECTION('center_axis',(0.,-1.,0.));
#7178=DIRECTION('ref_axis',(0.,0.,-1.));
#7179=DIRECTION('',(0.,-1.,0.));
#7180=DIRECTION('center_axis',(0.,1.,0.));
#7181=DIRECTION('ref_axis',(0.,0.,-1.));
#7182=DIRECTION('center_axis',(-1.07011818063458E-15,0.,-1.));
#7183=DIRECTION('ref_axis',(1.,0.,-1.07011818063458E-15));
#7184=DIRECTION('',(0.,-1.,0.));
#7185=DIRECTION('',(1.,0.,-1.07011818063458E-15));
#7186=DIRECTION('center_axis',(0.,-1.,0.));
#7187=DIRECTION('ref_axis',(0.647689071844544,0.,-0.761904761904763));
#7188=DIRECTION('',(0.,-1.,0.));
#7189=DIRECTION('center_axis',(0.,1.,0.));
#7190=DIRECTION('ref_axis',(0.647689071844544,0.,-0.761904761904763));
#7191=DIRECTION('center_axis',(0.,-1.,0.));
#7192=DIRECTION('ref_axis',(0.647689071844544,0.,-0.761904761904762));
#7193=DIRECTION('',(0.,-1.,0.));
#7194=DIRECTION('center_axis',(0.,-1.,0.));
#7195=DIRECTION('ref_axis',(0.647689071844544,0.,-0.761904761904762));
#7196=DIRECTION('center_axis',(0.,-1.,0.));
#7197=DIRECTION('ref_axis',(-2.11978582835095E-12,0.,-1.));
#7198=DIRECTION('',(0.,-1.,0.));
#7199=DIRECTION('center_axis',(0.,1.,0.));
#7200=DIRECTION('ref_axis',(-2.11978582835095E-12,0.,-1.));
#7201=DIRECTION('center_axis',(0.,0.,-1.));
#7202=DIRECTION('ref_axis',(1.,0.,0.));
#7203=DIRECTION('',(0.,-1.,0.));
#7204=DIRECTION('',(1.,0.,0.));
#7205=DIRECTION('center_axis',(0.,-1.,0.));
#7206=DIRECTION('ref_axis',(0.647689071844547,0.,-0.76190476190476));
#7207=DIRECTION('',(0.,-1.,0.));
#7208=DIRECTION('center_axis',(0.,1.,0.));
#7209=DIRECTION('ref_axis',(0.647689071844547,0.,-0.76190476190476));
#7210=DIRECTION('center_axis',(0.,-1.,0.));
#7211=DIRECTION('ref_axis',(0.647689071844545,0.,-0.761904761904762));
#7212=DIRECTION('',(0.,-1.,0.));
#7213=DIRECTION('center_axis',(0.,-1.,0.));
#7214=DIRECTION('ref_axis',(0.647689071844545,0.,-0.761904761904762));
#7215=DIRECTION('center_axis',(0.,-1.,0.));
#7216=DIRECTION('ref_axis',(-2.11978582835095E-12,0.,-1.));
#7217=DIRECTION('',(0.,-1.,0.));
#7218=DIRECTION('center_axis',(0.,1.,0.));
#7219=DIRECTION('ref_axis',(-2.11978582835095E-12,0.,-1.));
#7220=DIRECTION('center_axis',(0.,0.,-1.));
#7221=DIRECTION('ref_axis',(1.,0.,0.));
#7222=DIRECTION('',(1.,0.,0.));
#7223=DIRECTION('center_axis',(1.43019499377349E-13,0.,1.));
#7224=DIRECTION('ref_axis',(-1.,0.,1.43019499377349E-13));
#7225=DIRECTION('',(0.,1.,0.));
#7226=DIRECTION('center_axis',(0.,0.,-1.));
#7227=DIRECTION('ref_axis',(1.,0.,0.));
#7228=DIRECTION('',(0.,1.,0.));
#7229=DIRECTION('',(-1.,0.,0.));
#7230=DIRECTION('center_axis',(0.,1.,0.));
#7231=DIRECTION('ref_axis',(-1.,0.,3.21624529935327E-16));
#7232=DIRECTION('',(0.,1.,0.));
#7233=DIRECTION('center_axis',(0.,1.,0.));
#7234=DIRECTION('ref_axis',(1.,0.,0.));
#7235=DIRECTION('center_axis',(0.,0.,1.));
#7236=DIRECTION('ref_axis',(-1.,0.,0.));
#7237=DIRECTION('',(1.,0.,0.));
#7238=DIRECTION('center_axis',(5.59613134562433E-12,0.,-1.));
#7239=DIRECTION('ref_axis',(1.,0.,5.59613134562433E-12));
#7240=DIRECTION('',(0.,-1.,0.));
#7241=DIRECTION('',(1.,0.,5.59613134562433E-12));
#7242=DIRECTION('',(-1.,0.,-5.59613134562433E-12));
#7243=DIRECTION('center_axis',(0.,-1.,0.));
#7244=DIRECTION('ref_axis',(-0.64768907184437,0.,0.761904761904911));
#7245=DIRECTION('',(0.,-1.,0.));
#7246=DIRECTION('center_axis',(0.,0.,1.));
#7247=DIRECTION('ref_axis',(-1.,0.,0.));
#7248=DIRECTION('center_axis',(1.,0.,0.));
#7249=DIRECTION('ref_axis',(0.,0.707106781186547,0.707106781186548));
#7250=DIRECTION('center_axis',(-1.,0.,-2.86509167645202E-16));
#7251=DIRECTION('ref_axis',(0.,0.707106781186547,0.707106781186548));
#7252=DIRECTION('',(1.,0.,0.));
#7253=DIRECTION('',(-1.,0.,0.));
#7254=DIRECTION('center_axis',(0.,-1.,0.));
#7255=DIRECTION('ref_axis',(1.,0.,0.));
#7256=DIRECTION('',(0.,0.,1.));
#7257=DIRECTION('',(-1.,0.,0.));
#7258=DIRECTION('center_axis',(-1.,0.,0.));
#7259=DIRECTION('ref_axis',(0.,0.707106781186547,-0.707106781186548));
#7260=DIRECTION('center_axis',(-1.,0.,-2.86509167645202E-16));
#7261=DIRECTION('ref_axis',(0.,0.707106781186547,-0.707106781186548));
#7262=DIRECTION('',(1.,0.,0.));
#7263=DIRECTION('center_axis',(1.,0.,0.));
#7264=DIRECTION('ref_axis',(0.,0.707106781186547,0.707106781186548));
#7265=DIRECTION('center_axis',(-1.,0.,-2.86509167645202E-16));
#7266=DIRECTION('ref_axis',(0.,0.707106781186547,0.707106781186548));
#7267=DIRECTION('',(1.,0.,0.));
#7268=DIRECTION('',(-1.,0.,0.));
#7269=DIRECTION('center_axis',(0.,-1.,0.));
#7270=DIRECTION('ref_axis',(-1.,0.,0.));
#7271=DIRECTION('',(0.,0.,-1.));
#7272=DIRECTION('',(-1.,0.,0.));
#7273=DIRECTION('center_axis',(-1.,0.,0.));
#7274=DIRECTION('ref_axis',(0.,0.707106781186547,-0.707106781186548));
#7275=DIRECTION('center_axis',(-1.,0.,-2.86509167645202E-16));
#7276=DIRECTION('ref_axis',(0.,0.707106781186547,-0.707106781186548));
#7277=DIRECTION('',(1.,0.,0.));
#7278=DIRECTION('center_axis',(0.,0.,-1.));
#7279=DIRECTION('ref_axis',(-1.,0.,0.));
#7280=DIRECTION('',(0.,1.,0.));
#7281=DIRECTION('',(-1.,0.,0.));
#7282=DIRECTION('',(1.,0.,0.));
#7283=DIRECTION('',(0.,-1.,0.));
#7284=DIRECTION('center_axis',(0.,0.,1.));
#7285=DIRECTION('ref_axis',(1.,0.,0.));
#7286=DIRECTION('',(0.,1.,0.));
#7287=DIRECTION('',(-1.,0.,0.));
#7288=DIRECTION('',(1.,0.,0.));
#7289=DIRECTION('',(0.,-1.,0.));
#7290=DIRECTION('center_axis',(0.,0.,-1.));
#7291=DIRECTION('ref_axis',(-1.,0.,0.));
#7292=DIRECTION('',(0.,1.,0.));
#7293=DIRECTION('',(1.,0.,0.));
#7294=DIRECTION('',(0.,-1.,0.));
#7295=DIRECTION('center_axis',(1.,0.,0.));
#7296=DIRECTION('ref_axis',(0.,-1.,0.));
#7297=DIRECTION('',(0.,0.,-1.));
#7298=DIRECTION('',(0.,-1.,0.));
#7299=DIRECTION('',(0.,0.,-1.));
#7300=DIRECTION('center_axis',(0.,-1.,0.));
#7301=DIRECTION('ref_axis',(-1.,0.,0.));
#7302=DIRECTION('',(0.,0.,-1.));
#7303=DIRECTION('',(-1.,0.,0.));
#7304=DIRECTION('center_axis',(-1.64477485129653E-16,1.,0.));
#7305=DIRECTION('ref_axis',(1.,1.64477485129653E-16,0.));
#7306=DIRECTION('',(1.,1.64477485129653E-16,0.));
#7307=DIRECTION('',(0.,0.,-1.));
#7308=DIRECTION('center_axis',(-1.,0.,0.));
#7309=DIRECTION('ref_axis',(0.,1.,0.));
#7310=DIRECTION('',(0.,1.,0.));
#7311=DIRECTION('center_axis',(0.,-1.,0.));
#7312=DIRECTION('ref_axis',(0.707106781186546,0.,0.707106781186549));
#7313=DIRECTION('center_axis',(0.,1.,0.));
#7314=DIRECTION('ref_axis',(0.707106781186546,0.,0.707106781186549));
#7315=DIRECTION('',(0.,1.,0.));
#7316=DIRECTION('',(0.,1.,0.));
#7317=DIRECTION('center_axis',(0.,1.,0.));
#7318=DIRECTION('ref_axis',(0.,0.,1.));
#7319=DIRECTION('',(0.,0.,-1.));
#7320=DIRECTION('center_axis',(0.,1.,0.));
#7321=DIRECTION('ref_axis',(0.707106781186546,0.,-0.707106781186549));
#7322=DIRECTION('',(1.30614473485313E-16,0.,-1.));
#7323=DIRECTION('',(-1.,0.,0.));
#7324=DIRECTION('center_axis',(-1.,0.,0.));
#7325=DIRECTION('ref_axis',(0.,0.,1.));
#7326=DIRECTION('',(0.,1.,0.));
#7327=DIRECTION('center_axis',(0.,1.,0.));
#7328=DIRECTION('ref_axis',(0.707106781186546,0.,-0.707106781186549));
#7329=DIRECTION('center_axis',(0.,1.,0.));
#7330=DIRECTION('ref_axis',(0.707106781186546,0.,-0.707106781186549));
#7331=DIRECTION('center_axis',(0.,1.,0.));
#7332=DIRECTION('ref_axis',(0.707106781186546,0.,-0.707106781186549));
#7333=DIRECTION('',(0.,1.,0.));
#7334=DIRECTION('center_axis',(-1.,0.,0.));
#7335=DIRECTION('ref_axis',(0.,0.,1.));
#7336=DIRECTION('',(0.,0.,-1.));
#7337=DIRECTION('',(0.,1.,0.));
#7338=DIRECTION('center_axis',(0.,-1.,0.));
#7339=DIRECTION('ref_axis',(0.707106781186546,0.,0.707106781186549));
#7340=DIRECTION('center_axis',(0.,1.,0.));
#7341=DIRECTION('ref_axis',(0.707106781186546,0.,0.707106781186549));
#7342=DIRECTION('center_axis',(0.,1.,0.));
#7343=DIRECTION('ref_axis',(0.,0.,1.));
#7344=DIRECTION('',(1.30614473485313E-16,0.,-1.));
#7345=DIRECTION('center_axis',(0.,0.,1.));
#7346=DIRECTION('ref_axis',(1.,0.,0.));
#7347=DIRECTION('',(0.,-1.,0.));
#7348=DIRECTION('center_axis',(0.,-1.,0.));
#7349=DIRECTION('ref_axis',(0.,0.,-1.));
#7350=DIRECTION('center_axis',(0.,1.,0.));
#7351=DIRECTION('ref_axis',(1.,0.,0.));
#7352=DIRECTION('center_axis',(0.,-1.,0.));
#7353=DIRECTION('ref_axis',(0.,0.,-1.));
#7354=DIRECTION('center_axis',(0.,1.,0.));
#7355=DIRECTION('ref_axis',(1.,0.,0.));
#7356=DIRECTION('center_axis',(0.,-1.,0.));
#7357=DIRECTION('ref_axis',(-1.,0.,0.));
#7358=DIRECTION('center_axis',(0.,1.,0.));
#7359=DIRECTION('ref_axis',(-1.,0.,0.));
#7360=DIRECTION('',(0.,1.,0.));
#7361=DIRECTION('center_axis',(0.,-1.,0.));
#7362=DIRECTION('ref_axis',(1.,0.,0.));
#7363=DIRECTION('center_axis',(0.,-1.,0.));
#7364=DIRECTION('ref_axis',(1.,0.,0.));
#7365=DIRECTION('center_axis',(0.,-1.,0.));
#7366=DIRECTION('ref_axis',(1.,0.,0.));
#7367=DIRECTION('',(0.,1.,0.));
#7368=DIRECTION('center_axis',(0.,-1.,0.));
#7369=DIRECTION('ref_axis',(0.,0.,-1.));
#7370=DIRECTION('center_axis',(0.,-1.,0.));
#7371=DIRECTION('ref_axis',(-1.,0.,0.));
#7372=DIRECTION('center_axis',(0.,1.,0.));
#7373=DIRECTION('ref_axis',(-1.,0.,0.));
#7374=DIRECTION('',(0.,1.,0.));
#7375=DIRECTION('center_axis',(0.,-1.,0.));
#7376=DIRECTION('ref_axis',(1.,0.,0.));
#7377=DIRECTION('center_axis',(0.,-1.,0.));
#7378=DIRECTION('ref_axis',(1.,0.,0.));
#7379=DIRECTION('center_axis',(0.,-1.,0.));
#7380=DIRECTION('ref_axis',(1.,0.,0.));
#7381=DIRECTION('',(0.,1.,0.));
#7382=DIRECTION('center_axis',(0.,-1.,0.));
#7383=DIRECTION('ref_axis',(0.,0.,-1.));
#7384=DIRECTION('center_axis',(-1.,0.,0.));
#7385=DIRECTION('ref_axis',(0.,0.,-1.));
#7386=DIRECTION('center_axis',(-1.,0.,0.));
#7387=DIRECTION('ref_axis',(0.,0.,-1.));
#7388=DIRECTION('center_axis',(-1.,0.,0.));
#7389=DIRECTION('ref_axis',(0.,0.,-1.));
#7390=DIRECTION('',(-1.,0.,0.));
#7391=DIRECTION('center_axis',(-1.,0.,0.));
#7392=DIRECTION('ref_axis',(0.,0.,-1.));
#7393=DIRECTION('center_axis',(-1.,0.,0.));
#7394=DIRECTION('ref_axis',(0.,0.,-1.));
#7395=DIRECTION('center_axis',(-1.,0.,0.));
#7396=DIRECTION('ref_axis',(0.,0.,-1.));
#7397=DIRECTION('',(-1.,0.,0.));
#7398=DIRECTION('center_axis',(0.,1.,0.));
#7399=DIRECTION('ref_axis',(0.,0.,1.));
#7400=DIRECTION('center_axis',(0.,-1.,0.));
#7401=DIRECTION('ref_axis',(1.,0.,9.22782773714416E-16));
#7402=DIRECTION('center_axis',(0.,1.,0.));
#7403=DIRECTION('ref_axis',(0.,0.,1.));
#7404=DIRECTION('center_axis',(0.,-1.,0.));
#7405=DIRECTION('ref_axis',(1.,0.,9.22782773714416E-16));
#7406=DIRECTION('center_axis',(0.,1.,0.));
#7407=DIRECTION('ref_axis',(0.,0.,1.));
#7408=DIRECTION('center_axis',(0.,-1.,0.));
#7409=DIRECTION('ref_axis',(1.,0.,9.22782773714416E-16));
#7410=DIRECTION('center_axis',(0.,1.,0.));
#7411=DIRECTION('ref_axis',(0.,0.,1.));
#7412=DIRECTION('center_axis',(0.,-1.,0.));
#7413=DIRECTION('ref_axis',(1.,0.,9.22782773714416E-16));
#7414=DIRECTION('center_axis',(0.,1.,0.));
#7415=DIRECTION('ref_axis',(-1.,0.,-9.22782773714416E-16));
#7416=DIRECTION('center_axis',(0.,-1.,0.));
#7417=DIRECTION('ref_axis',(-1.,0.,-9.22782773714416E-16));
#7418=DIRECTION('',(0.,-1.,0.));
#7419=DIRECTION('center_axis',(0.,1.,0.));
#7420=DIRECTION('ref_axis',(1.,0.,9.22782773714416E-16));
#7421=DIRECTION('center_axis',(0.,1.,0.));
#7422=DIRECTION('ref_axis',(1.,0.,9.22782773714416E-16));
#7423=DIRECTION('center_axis',(0.,1.,0.));
#7424=DIRECTION('ref_axis',(1.,0.,9.22782773714416E-16));
#7425=DIRECTION('',(0.,-1.,0.));
#7426=DIRECTION('center_axis',(0.,1.,0.));
#7427=DIRECTION('ref_axis',(0.,0.,1.));
#7428=DIRECTION('center_axis',(0.,1.,0.));
#7429=DIRECTION('ref_axis',(-1.,0.,-9.22782773714416E-16));
#7430=DIRECTION('center_axis',(0.,-1.,0.));
#7431=DIRECTION('ref_axis',(-1.,0.,-9.22782773714416E-16));
#7432=DIRECTION('',(0.,-1.,0.));
#7433=DIRECTION('center_axis',(0.,1.,0.));
#7434=DIRECTION('ref_axis',(1.,0.,9.22782773714416E-16));
#7435=DIRECTION('center_axis',(0.,1.,0.));
#7436=DIRECTION('ref_axis',(1.,0.,9.22782773714416E-16));
#7437=DIRECTION('center_axis',(0.,1.,0.));
#7438=DIRECTION('ref_axis',(1.,0.,9.22782773714416E-16));
#7439=DIRECTION('',(0.,-1.,0.));
#7440=DIRECTION('center_axis',(0.,1.,0.));
#7441=DIRECTION('ref_axis',(0.,0.,1.));
#7442=DIRECTION('center_axis',(0.,1.,0.));
#7443=DIRECTION('ref_axis',(-1.,0.,-9.22782773714416E-16));
#7444=DIRECTION('center_axis',(0.,-1.,0.));
#7445=DIRECTION('ref_axis',(-1.,0.,-9.22782773714416E-16));
#7446=DIRECTION('',(0.,-1.,0.));
#7447=DIRECTION('center_axis',(0.,1.,0.));
#7448=DIRECTION('ref_axis',(1.,0.,9.22782773714416E-16));
#7449=DIRECTION('center_axis',(0.,1.,0.));
#7450=DIRECTION('ref_axis',(1.,0.,9.22782773714416E-16));
#7451=DIRECTION('center_axis',(0.,1.,0.));
#7452=DIRECTION('ref_axis',(1.,0.,9.22782773714416E-16));
#7453=DIRECTION('',(0.,-1.,0.));
#7454=DIRECTION('center_axis',(0.,1.,0.));
#7455=DIRECTION('ref_axis',(0.,0.,1.));
#7456=DIRECTION('center_axis',(0.,1.,0.));
#7457=DIRECTION('ref_axis',(-1.,0.,-9.22782773714416E-16));
#7458=DIRECTION('center_axis',(0.,-1.,0.));
#7459=DIRECTION('ref_axis',(-1.,0.,-9.22782773714416E-16));
#7460=DIRECTION('',(0.,-1.,0.));
#7461=DIRECTION('center_axis',(0.,1.,0.));
#7462=DIRECTION('ref_axis',(1.,0.,9.22782773714416E-16));
#7463=DIRECTION('center_axis',(0.,1.,0.));
#7464=DIRECTION('ref_axis',(1.,0.,9.22782773714416E-16));
#7465=DIRECTION('center_axis',(0.,1.,0.));
#7466=DIRECTION('ref_axis',(1.,0.,9.22782773714416E-16));
#7467=DIRECTION('',(0.,-1.,0.));
#7468=DIRECTION('center_axis',(0.,1.,0.));
#7469=DIRECTION('ref_axis',(0.,0.,1.));
#7470=DIRECTION('center_axis',(1.,0.,0.));
#7471=DIRECTION('ref_axis',(0.,0.,1.));
#7472=DIRECTION('center_axis',(1.,0.,3.94745964311167E-16));
#7473=DIRECTION('ref_axis',(0.,0.,1.));
#7474=DIRECTION('center_axis',(1.,0.,3.94745964311167E-16));
#7475=DIRECTION('ref_axis',(0.,0.,1.));
#7476=DIRECTION('',(1.,0.,0.));
#7477=DIRECTION('center_axis',(0.,-1.,0.));
#7478=DIRECTION('ref_axis',(-1.,0.,0.));
#7479=DIRECTION('center_axis',(0.,1.,0.));
#7480=DIRECTION('ref_axis',(-1.,0.,0.));
#7481=DIRECTION('',(0.707106781186547,-0.707106781186547,-8.65956056235493E-17));
#7482=DIRECTION('center_axis',(0.,1.,0.));
#7483=DIRECTION('ref_axis',(1.,0.,0.));
#7484=DIRECTION('center_axis',(0.,1.,0.));
#7485=DIRECTION('ref_axis',(1.,0.,0.));
#7486=DIRECTION('center_axis',(0.,-1.,0.));
#7487=DIRECTION('ref_axis',(-1.,0.,0.));
#7488=DIRECTION('',(0.,1.,0.));
#7489=DIRECTION('center_axis',(0.,-1.,0.));
#7490=DIRECTION('ref_axis',(-1.,0.,0.));
#7491=DIRECTION('center_axis',(0.,1.,0.));
#7492=DIRECTION('ref_axis',(-1.,0.,0.));
#7493=DIRECTION('',(0.707106781186547,-0.707106781186547,-8.65956056235493E-17));
#7494=DIRECTION('center_axis',(0.,1.,0.));
#7495=DIRECTION('ref_axis',(1.,0.,0.));
#7496=DIRECTION('center_axis',(0.,1.,0.));
#7497=DIRECTION('ref_axis',(1.,0.,0.));
#7498=DIRECTION('center_axis',(0.,-1.,0.));
#7499=DIRECTION('ref_axis',(-1.,0.,0.));
#7500=DIRECTION('',(0.,1.,0.));
#7501=DIRECTION('center_axis',(0.,-1.,0.));
#7502=DIRECTION('ref_axis',(-1.,0.,0.));
#7503=DIRECTION('center_axis',(0.,1.,0.));
#7504=DIRECTION('ref_axis',(-1.,0.,0.));
#7505=DIRECTION('',(0.707106781186547,-0.707106781186547,-8.65956056235493E-17));
#7506=DIRECTION('center_axis',(0.,1.,0.));
#7507=DIRECTION('ref_axis',(1.,0.,0.));
#7508=DIRECTION('center_axis',(0.,1.,0.));
#7509=DIRECTION('ref_axis',(1.,0.,0.));
#7510=DIRECTION('center_axis',(0.,-1.,0.));
#7511=DIRECTION('ref_axis',(-1.,0.,0.));
#7512=DIRECTION('',(0.,1.,0.));
#7513=DIRECTION('center_axis',(0.,-1.,0.));
#7514=DIRECTION('ref_axis',(-1.,0.,0.));
#7515=DIRECTION('center_axis',(0.,1.,0.));
#7516=DIRECTION('ref_axis',(-1.,0.,0.));
#7517=DIRECTION('',(0.707106781186547,-0.707106781186547,-8.65956056235493E-17));
#7518=DIRECTION('center_axis',(0.,1.,0.));
#7519=DIRECTION('ref_axis',(1.,0.,0.));
#7520=DIRECTION('center_axis',(0.,1.,0.));
#7521=DIRECTION('ref_axis',(1.,0.,0.));
#7522=DIRECTION('center_axis',(0.,-1.,0.));
#7523=DIRECTION('ref_axis',(-1.,0.,0.));
#7524=DIRECTION('',(0.,1.,0.));
#7525=DIRECTION('center_axis',(0.,1.,0.));
#7526=DIRECTION('ref_axis',(1.,0.,0.));
#7527=DIRECTION('',(0.,1.,0.));
#7528=DIRECTION('center_axis',(0.,1.,0.));
#7529=DIRECTION('ref_axis',(1.,0.,0.));
#7530=DIRECTION('',(0.,1.,0.));
#7531=DIRECTION('center_axis',(0.,1.,0.));
#7532=DIRECTION('ref_axis',(1.,0.,0.));
#7533=DIRECTION('',(0.,1.,0.));
#7534=DIRECTION('center_axis',(0.,1.,0.));
#7535=DIRECTION('ref_axis',(1.,0.,0.));
#7536=DIRECTION('',(0.,1.,0.));
#7537=DIRECTION('center_axis',(0.,1.,0.));
#7538=DIRECTION('ref_axis',(0.,0.,1.));
#7539=DIRECTION('center_axis',(-6.19235441896487E-16,0.,1.));
#7540=DIRECTION('ref_axis',(1.,0.,6.19235441896487E-16));
#7541=DIRECTION('',(0.,1.,0.));
#7542=DIRECTION('',(0.,1.,0.));
#7543=DIRECTION('center_axis',(0.,1.,0.));
#7544=DIRECTION('ref_axis',(-8.07434927000114E-16,0.,1.));
#7545=DIRECTION('',(0.,1.,0.));
#7546=DIRECTION('center_axis',(6.19235441896487E-16,0.,-1.));
#7547=DIRECTION('ref_axis',(-1.,0.,-6.19235441896487E-16));
#7548=DIRECTION('',(0.,1.,0.));
#7549=DIRECTION('center_axis',(-0.707106781186548,0.,-0.707106781186548));
#7550=DIRECTION('ref_axis',(-0.707106781186548,0.,0.707106781186548));
#7551=DIRECTION('',(0.,-1.,0.));
#7552=DIRECTION('center_axis',(-0.707106781186547,0.,0.707106781186548));
#7553=DIRECTION('ref_axis',(0.707106781186548,0.,0.707106781186547));
#7554=DIRECTION('',(0.,1.,0.));
#7555=DIRECTION('center_axis',(-1.,0.,-3.91843420455938E-16));
#7556=DIRECTION('ref_axis',(-3.91843420455938E-16,0.,1.));
#7557=DIRECTION('center_axis',(-1.,0.,-3.91843420455938E-16));
#7558=DIRECTION('ref_axis',(-3.91843420455938E-16,0.,1.));
#7559=DIRECTION('center_axis',(1.,0.,1.30614473485313E-16));
#7560=DIRECTION('ref_axis',(1.30614473485313E-16,0.,-1.));
#7561=DIRECTION('',(1.30614473485313E-16,0.,-1.));
#7562=DIRECTION('',(0.,1.,0.));
#7563=DIRECTION('',(0.,-1.,0.));
#7564=DIRECTION('center_axis',(0.,-1.,0.));
#7565=DIRECTION('ref_axis',(0.,0.,-1.));
#7566=DIRECTION('',(2.86509167645202E-16,0.,-1.));
#7567=DIRECTION('center_axis',(-1.,0.,-2.86509167645202E-16));
#7568=DIRECTION('ref_axis',(2.86509167645202E-16,0.,-1.));
#7569=DIRECTION('',(0.,-1.,0.));
#7570=DIRECTION('',(0.,-1.,0.));
#7571=DIRECTION('center_axis',(0.,-1.,0.));
#7572=DIRECTION('ref_axis',(0.,0.,1.));
#7573=DIRECTION('center_axis',(0.,-1.,0.));
#7574=DIRECTION('ref_axis',(-1.,0.,0.));
#7575=DIRECTION('center_axis',(0.,1.,0.));
#7576=DIRECTION('ref_axis',(0.707106781186548,0.,-0.707106781186548));
#7577=DIRECTION('center_axis',(0.,1.,0.));
#7578=DIRECTION('ref_axis',(0.707106781186547,0.,0.707106781186548));
#7579=DIRECTION('center_axis',(0.,-1.,0.));
#7580=DIRECTION('ref_axis',(1.,0.,0.));
#7581=DIRECTION('',(0.,-1.,0.));
#7582=DIRECTION('',(0.,-1.,0.));
#7583=DIRECTION('center_axis',(-1.77635683940025E-15,0.,-1.));
#7584=DIRECTION('ref_axis',(1.,0.,-1.77635683940025E-15));
#7585=DIRECTION('center_axis',(1.,0.,7.10542735760093E-15));
#7586=DIRECTION('ref_axis',(-7.10542735760093E-15,0.,1.));
#7587=DIRECTION('center_axis',(1.,0.,0.));
#7588=DIRECTION('ref_axis',(0.,0.,1.));
#7589=DIRECTION('',(0.,-1.,0.));
#7590=DIRECTION('center_axis',(0.,-1.,0.));
#7591=DIRECTION('ref_axis',(1.,0.,0.));
#7592=DIRECTION('',(0.,-1.,0.));
#7593=DIRECTION('center_axis',(0.,0.,1.));
#7594=DIRECTION('ref_axis',(-1.,0.,0.));
#7595=DIRECTION('center_axis',(0.,1.,0.));
#7596=DIRECTION('ref_axis',(0.,0.,1.));
#7597=DIRECTION('center_axis',(1.,0.,0.));
#7598=DIRECTION('ref_axis',(0.,0.,1.));
#7599=DIRECTION('center_axis',(-0.761904761904761,0.,0.647689071844546));
#7600=DIRECTION('ref_axis',(0.,-1.,0.));
#7601=DIRECTION('center_axis',(0.,-1.,0.));
#7602=DIRECTION('ref_axis',(0.345032779671177,0.,0.938590635448906));
#7603=DIRECTION('center_axis',(0.,1.,0.));
#7604=DIRECTION('ref_axis',(9.34924652315921E-17,0.,-1.));
#7605=DIRECTION('center_axis',(-0.76190476190476,0.,-0.647689071844547));
#7606=DIRECTION('ref_axis',(0.,-1.,0.));
#7607=DIRECTION('center_axis',(0.,1.,0.));
#7608=DIRECTION('ref_axis',(7.40148683083438E-17,0.,-1.));
#7609=DIRECTION('center_axis',(0.,1.,0.));
#7610=DIRECTION('ref_axis',(0.,0.,1.));
#7611=DIRECTION('center_axis',(-1.,0.,0.));
#7612=DIRECTION('ref_axis',(0.,-1.,0.));
#7613=DIRECTION('center_axis',(0.,-1.,0.));
#7614=DIRECTION('ref_axis',(-0.345032779671178,0.,0.938590635448906));
#7615=DIRECTION('center_axis',(1.,0.,0.));
#7616=DIRECTION('ref_axis',(0.,-0.707106781186549,0.707106781186546));
#7617=DIRECTION('center_axis',(-1.,0.,2.22044604925032E-15));
#7618=DIRECTION('ref_axis',(0.,-1.,0.));
#7619=DIRECTION('',(-1.,0.,0.));
#7620=DIRECTION('center_axis',(0.,1.,0.));
#7621=DIRECTION('ref_axis',(0.,0.,1.));
#7622=DIRECTION('center_axis',(-0.76190476190476,0.,0.647689071844547));
#7623=DIRECTION('ref_axis',(0.,-1.,0.));
#7624=DIRECTION('center_axis',(0.,-1.,0.));
#7625=DIRECTION('ref_axis',(0.345032779671177,0.,0.938590635448906));
#7626=DIRECTION('center_axis',(0.,1.,0.));
#7627=DIRECTION('ref_axis',(0.,0.,-1.));
#7628=DIRECTION('center_axis',(-0.76190476190476,0.,-0.647689071844547));
#7629=DIRECTION('ref_axis',(0.,-1.,0.));
#7630=DIRECTION('center_axis',(0.,1.,0.));
#7631=DIRECTION('ref_axis',(0.,0.,-1.));
#7632=DIRECTION('center_axis',(0.,1.,0.));
#7633=DIRECTION('ref_axis',(0.,0.,1.));
#7634=DIRECTION('center_axis',(-1.,0.,0.));
#7635=DIRECTION('ref_axis',(0.,-1.,0.));
#7636=DIRECTION('center_axis',(0.,-1.,0.));
#7637=DIRECTION('ref_axis',(-0.345032779671177,0.,0.938590635448906));
#7638=DIRECTION('center_axis',(1.,0.,0.));
#7639=DIRECTION('ref_axis',(0.,-0.707106781186549,0.707106781186546));
#7640=DIRECTION('center_axis',(-1.,0.,0.));
#7641=DIRECTION('ref_axis',(0.,-1.,0.));
#7642=DIRECTION('',(-1.,0.,0.));
#7643=DIRECTION('center_axis',(0.,1.,0.));
#7644=DIRECTION('ref_axis',(0.,0.,1.));
#7645=DIRECTION('center_axis',(-0.76190476190476,0.,0.647689071844547));
#7646=DIRECTION('ref_axis',(0.,-1.,0.));
#7647=DIRECTION('center_axis',(0.,-1.,0.));
#7648=DIRECTION('ref_axis',(0.345032779671176,0.,0.938590635448906));
#7649=DIRECTION('center_axis',(0.,1.,0.));
#7650=DIRECTION('ref_axis',(0.,0.,-1.));
#7651=DIRECTION('center_axis',(-0.761904761904762,0.,-0.647689071844544));
#7652=DIRECTION('ref_axis',(0.,-1.,0.));
#7653=DIRECTION('center_axis',(0.,1.,0.));
#7654=DIRECTION('ref_axis',(0.,0.,-1.));
#7655=DIRECTION('center_axis',(0.,1.,0.));
#7656=DIRECTION('ref_axis',(0.,0.,1.));
#7657=DIRECTION('center_axis',(-1.,0.,0.));
#7658=DIRECTION('ref_axis',(0.,-1.,0.));
#7659=DIRECTION('center_axis',(0.,-1.,0.));
#7660=DIRECTION('ref_axis',(-0.345032779671177,0.,0.938590635448906));
#7661=DIRECTION('center_axis',(1.,0.,0.));
#7662=DIRECTION('ref_axis',(0.,-0.707106781186549,0.707106781186546));
#7663=DIRECTION('center_axis',(-1.,0.,0.));
#7664=DIRECTION('ref_axis',(0.,-1.,0.));
#7665=DIRECTION('',(-1.,0.,0.));
#7666=DIRECTION('center_axis',(0.,1.,0.));
#7667=DIRECTION('ref_axis',(0.,0.,1.));
#7668=DIRECTION('center_axis',(-0.76190476190476,0.,0.647689071844547));
#7669=DIRECTION('ref_axis',(0.,-1.,0.));
#7670=DIRECTION('center_axis',(0.,-1.,0.));
#7671=DIRECTION('ref_axis',(0.345032779671177,0.,0.938590635448906));
#7672=DIRECTION('center_axis',(0.,1.,0.));
#7673=DIRECTION('ref_axis',(-7.47939721852737E-16,0.,-1.));
#7674=DIRECTION('center_axis',(-0.761904761904768,0.,-0.647689071844537));
#7675=DIRECTION('ref_axis',(0.,-1.,0.));
#7676=DIRECTION('center_axis',(0.,1.,0.));
#7677=DIRECTION('ref_axis',(-1.1842378929335E-15,0.,-1.));
#7678=DIRECTION('center_axis',(0.,1.,0.));
#7679=DIRECTION('ref_axis',(0.,0.,1.));
#7680=DIRECTION('center_axis',(-1.,0.,0.));
#7681=DIRECTION('ref_axis',(0.,-1.,0.));
#7682=DIRECTION('center_axis',(0.,-1.,0.));
#7683=DIRECTION('ref_axis',(-0.345032779671177,0.,0.938590635448906));
#7684=DIRECTION('center_axis',(1.,0.,0.));
#7685=DIRECTION('ref_axis',(0.,-0.707106781186549,0.707106781186546));
#7686=DIRECTION('center_axis',(-1.,0.,0.));
#7687=DIRECTION('ref_axis',(0.,-1.,0.));
#7688=DIRECTION('',(-1.,0.,0.));
#7689=DIRECTION('center_axis',(0.,1.,0.));
#7690=DIRECTION('ref_axis',(0.,0.,1.));
#7691=DIRECTION('center_axis',(0.,0.,1.));
#7692=DIRECTION('ref_axis',(0.,-1.,0.));
#7693=DIRECTION('center_axis',(0.,-1.,0.));
#7694=DIRECTION('ref_axis',(0.707106781186548,0.,0.707106781186547));
#7695=DIRECTION('center_axis',(0.,0.,-1.));
#7696=DIRECTION('ref_axis',(0.70710678118654,-0.707106781186555,0.));
#7697=DIRECTION('center_axis',(0.,0.,1.));
#7698=DIRECTION('ref_axis',(0.,-1.,0.));
#7699=DIRECTION('',(0.,0.,1.));
#7700=DIRECTION('center_axis',(0.,1.,0.));
#7701=DIRECTION('ref_axis',(0.,0.,1.));
#7702=DIRECTION('center_axis',(1.,0.,0.));
#7703=DIRECTION('ref_axis',(0.,-1.,0.));
#7704=DIRECTION('center_axis',(0.,-1.,0.));
#7705=DIRECTION('ref_axis',(0.707106781186547,0.,-0.707106781186548));
#7706=DIRECTION('center_axis',(-1.,0.,1.48029736616688E-16));
#7707=DIRECTION('ref_axis',(0.,-0.707106781186555,-0.70710678118654));
#7708=DIRECTION('center_axis',(1.,0.,0.));
#7709=DIRECTION('ref_axis',(0.,-1.,0.));
#7710=DIRECTION('',(1.,0.,-1.48029736616688E-16));
#7711=DIRECTION('center_axis',(0.,1.,0.));
#7712=DIRECTION('ref_axis',(0.,0.,1.));
#7713=DIRECTION('center_axis',(0.761904761904757,0.,-0.647689071844551));
#7714=DIRECTION('ref_axis',(0.,-1.,0.));
#7715=DIRECTION('center_axis',(0.,-1.,0.));
#7716=DIRECTION('ref_axis',(-0.345032779671177,0.,-0.938590635448906));
#7717=DIRECTION('center_axis',(0.,1.,0.));
#7718=DIRECTION('ref_axis',(0.,0.,1.));
#7719=DIRECTION('center_axis',(0.76190476190476,0.,0.647689071844547));
#7720=DIRECTION('ref_axis',(0.,-1.,0.));
#7721=DIRECTION('center_axis',(0.,1.,0.));
#7722=DIRECTION('ref_axis',(0.,0.,1.));
#7723=DIRECTION('center_axis',(0.,1.,0.));
#7724=DIRECTION('ref_axis',(0.,0.,1.));
#7725=DIRECTION('center_axis',(1.,0.,0.));
#7726=DIRECTION('ref_axis',(0.,-1.,0.));
#7727=DIRECTION('center_axis',(0.,-1.,0.));
#7728=DIRECTION('ref_axis',(0.345032779671177,0.,-0.938590635448906));
#7729=DIRECTION('center_axis',(-1.,0.,1.48029736616688E-16));
#7730=DIRECTION('ref_axis',(0.,-0.707106781186555,-0.70710678118654));
#7731=DIRECTION('center_axis',(1.,0.,0.));
#7732=DIRECTION('ref_axis',(0.,-1.,0.));
#7733=DIRECTION('',(1.,0.,-1.48029736616688E-16));
#7734=DIRECTION('center_axis',(0.,1.,0.));
#7735=DIRECTION('ref_axis',(0.,0.,1.));
#7736=DIRECTION('center_axis',(0.761904761904757,0.,-0.647689071844551));
#7737=DIRECTION('ref_axis',(0.,-1.,0.));
#7738=DIRECTION('center_axis',(0.,-1.,0.));
#7739=DIRECTION('ref_axis',(-0.345032779671177,0.,-0.938590635448906));
#7740=DIRECTION('center_axis',(0.,1.,0.));
#7741=DIRECTION('ref_axis',(0.,0.,1.));
#7742=DIRECTION('center_axis',(0.76190476190476,0.,0.647689071844547));
#7743=DIRECTION('ref_axis',(0.,-1.,0.));
#7744=DIRECTION('center_axis',(0.,1.,0.));
#7745=DIRECTION('ref_axis',(0.,0.,1.));
#7746=DIRECTION('center_axis',(0.,1.,0.));
#7747=DIRECTION('ref_axis',(0.,0.,1.));
#7748=DIRECTION('center_axis',(1.,0.,0.));
#7749=DIRECTION('ref_axis',(0.,-1.,0.));
#7750=DIRECTION('center_axis',(0.,-1.,0.));
#7751=DIRECTION('ref_axis',(0.345032779671178,0.,-0.938590635448905));
#7752=DIRECTION('center_axis',(-1.,0.,1.48029736616688E-16));
#7753=DIRECTION('ref_axis',(0.,-0.707106781186555,-0.70710678118654));
#7754=DIRECTION('center_axis',(1.,0.,0.));
#7755=DIRECTION('ref_axis',(0.,-1.,0.));
#7756=DIRECTION('',(1.,0.,-1.48029736616688E-16));
#7757=DIRECTION('center_axis',(0.,1.,0.));
#7758=DIRECTION('ref_axis',(0.,0.,1.));
#7759=DIRECTION('center_axis',(0.76190476190476,0.,-0.647689071844547));
#7760=DIRECTION('ref_axis',(0.,-1.,0.));
#7761=DIRECTION('center_axis',(0.,-1.,0.));
#7762=DIRECTION('ref_axis',(-0.345032779671178,0.,-0.938590635448905));
#7763=DIRECTION('center_axis',(0.,1.,0.));
#7764=DIRECTION('ref_axis',(0.,0.,1.));
#7765=DIRECTION('center_axis',(0.76190476190476,0.,0.647689071844547));
#7766=DIRECTION('ref_axis',(0.,-1.,0.));
#7767=DIRECTION('center_axis',(0.,1.,0.));
#7768=DIRECTION('ref_axis',(0.,0.,1.));
#7769=DIRECTION('center_axis',(0.,1.,0.));
#7770=DIRECTION('ref_axis',(0.,0.,1.));
#7771=DIRECTION('center_axis',(1.,0.,0.));
#7772=DIRECTION('ref_axis',(0.,-1.,0.));
#7773=DIRECTION('center_axis',(0.,-1.,0.));
#7774=DIRECTION('ref_axis',(0.345032779671179,0.,-0.938590635448905));
#7775=DIRECTION('center_axis',(-1.,0.,1.48029736616688E-16));
#7776=DIRECTION('ref_axis',(0.,-0.707106781186555,-0.70710678118654));
#7777=DIRECTION('center_axis',(1.,0.,0.));
#7778=DIRECTION('ref_axis',(0.,-1.,0.));
#7779=DIRECTION('',(1.,0.,-1.48029736616688E-16));
#7780=DIRECTION('center_axis',(0.,1.,0.));
#7781=DIRECTION('ref_axis',(0.,0.,1.));
#7782=DIRECTION('center_axis',(0.761904761904759,0.,-0.647689071844548));
#7783=DIRECTION('ref_axis',(0.,-1.,0.));
#7784=DIRECTION('center_axis',(0.,-1.,0.));
#7785=DIRECTION('ref_axis',(-0.34503277967118,0.,-0.938590635448905));
#7786=DIRECTION('center_axis',(0.,1.,0.));
#7787=DIRECTION('ref_axis',(0.,0.,1.));
#7788=DIRECTION('center_axis',(0.761904761904761,0.,0.647689071844547));
#7789=DIRECTION('ref_axis',(0.,-1.,0.));
#7790=DIRECTION('center_axis',(0.,1.,0.));
#7791=DIRECTION('ref_axis',(7.40148683083438E-17,0.,1.));
#7792=DIRECTION('center_axis',(0.,1.,0.));
#7793=DIRECTION('ref_axis',(0.,0.,1.));
#7794=DIRECTION('center_axis',(1.,0.,-2.77555756156293E-16));
#7795=DIRECTION('ref_axis',(0.,-1.,0.));
#7796=DIRECTION('center_axis',(0.,-1.,0.));
#7797=DIRECTION('ref_axis',(0.34503277967118,0.,-0.938590635448905));
#7798=DIRECTION('center_axis',(-1.,0.,1.48029736616688E-16));
#7799=DIRECTION('ref_axis',(0.,-0.707106781186555,-0.70710678118654));
#7800=DIRECTION('center_axis',(1.,0.,0.));
#7801=DIRECTION('ref_axis',(0.,-1.,0.));
#7802=DIRECTION('',(1.,0.,-1.48029736616688E-16));
#7803=DIRECTION('center_axis',(0.,1.,0.));
#7804=DIRECTION('ref_axis',(0.,0.,1.));
#7805=DIRECTION('center_axis',(0.,0.,-1.));
#7806=DIRECTION('ref_axis',(0.,-1.,0.));
#7807=DIRECTION('center_axis',(0.,-1.,0.));
#7808=DIRECTION('ref_axis',(-0.707106781186548,0.,-0.707106781186548));
#7809=DIRECTION('center_axis',(-3.94745964311167E-16,0.,1.));
#7810=DIRECTION('ref_axis',(-0.70710678118654,-0.707106781186555,0.));
#7811=DIRECTION('center_axis',(-8.88178419700144E-15,0.,-1.));
#7812=DIRECTION('ref_axis',(0.,-1.,0.));
#7813=DIRECTION('',(3.94745964311167E-16,0.,-1.));
#7814=DIRECTION('center_axis',(0.,1.,0.));
#7815=DIRECTION('ref_axis',(0.,0.,1.));
#7816=DIRECTION('center_axis',(-1.,0.,0.));
#7817=DIRECTION('ref_axis',(0.,-1.,0.));
#7818=DIRECTION('center_axis',(0.,-1.,0.));
#7819=DIRECTION('ref_axis',(-0.707106781186547,0.,0.707106781186548));
#7820=DIRECTION('center_axis',(1.,0.,0.));
#7821=DIRECTION('ref_axis',(0.,-0.707106781186549,0.707106781186546));
#7822=DIRECTION('',(-1.,0.,0.));
#7823=DIRECTION('center_axis',(0.,-1.,0.));
#7824=DIRECTION('ref_axis',(1.,0.,0.));
#7825=DIRECTION('',(0.,-1.,0.));
#7826=DIRECTION('center_axis',(0.,-1.,0.));
#7827=DIRECTION('ref_axis',(1.,0.,0.));
#7828=DIRECTION('',(0.,1.,0.));
#7829=DIRECTION('center_axis',(0.,-1.,0.));
#7830=DIRECTION('ref_axis',(0.345032779671178,0.,-0.938590635448906));
#7831=DIRECTION('',(0.,1.,0.));
#7832=DIRECTION('center_axis',(0.,-1.,0.));
#7833=DIRECTION('ref_axis',(0.345032779671178,0.,-0.938590635448906));
#7834=DIRECTION('center_axis',(-1.48029736616688E-16,0.,-1.));
#7835=DIRECTION('ref_axis',(-1.,0.,1.48029736616688E-16));
#7836=DIRECTION('',(0.,-1.,0.));
#7837=DIRECTION('',(-1.,0.,1.48029736616688E-16));
#7838=DIRECTION('center_axis',(0.,1.,0.));
#7839=DIRECTION('ref_axis',(-0.345032779671178,0.,-0.938590635448906));
#7840=DIRECTION('',(0.,1.,0.));
#7841=DIRECTION('center_axis',(0.,-1.,0.));
#7842=DIRECTION('ref_axis',(-0.345032779671178,0.,-0.938590635448906));
#7843=DIRECTION('center_axis',(0.,-1.,0.));
#7844=DIRECTION('ref_axis',(1.,0.,0.));
#7845=DIRECTION('',(0.,-1.,0.));
#7846=DIRECTION('center_axis',(0.,-1.,0.));
#7847=DIRECTION('ref_axis',(1.,0.,0.));
#7848=DIRECTION('center_axis',(0.,-1.,0.));
#7849=DIRECTION('ref_axis',(0.345032779671179,0.,-0.938590635448905));
#7850=DIRECTION('',(0.,1.,0.));
#7851=DIRECTION('center_axis',(0.,-1.,0.));
#7852=DIRECTION('ref_axis',(0.345032779671179,0.,-0.938590635448905));
#7853=DIRECTION('center_axis',(-1.48029736616688E-16,0.,-1.));
#7854=DIRECTION('ref_axis',(-1.,0.,1.48029736616688E-16));
#7855=DIRECTION('',(0.,-1.,0.));
#7856=DIRECTION('',(-1.,0.,1.48029736616688E-16));
#7857=DIRECTION('center_axis',(0.,1.,0.));
#7858=DIRECTION('ref_axis',(-0.345032779671179,0.,-0.938590635448905));
#7859=DIRECTION('',(0.,1.,0.));
#7860=DIRECTION('center_axis',(0.,-1.,0.));
#7861=DIRECTION('ref_axis',(-0.345032779671179,0.,-0.938590635448905));
#7862=DIRECTION('center_axis',(0.,-1.,0.));
#7863=DIRECTION('ref_axis',(1.,0.,0.));
#7864=DIRECTION('',(0.,-1.,0.));
#7865=DIRECTION('center_axis',(0.,-1.,0.));
#7866=DIRECTION('ref_axis',(1.,0.,0.));
#7867=DIRECTION('center_axis',(0.,-1.,0.));
#7868=DIRECTION('ref_axis',(0.345032779671178,0.,-0.938590635448905));
#7869=DIRECTION('',(0.,1.,0.));
#7870=DIRECTION('center_axis',(0.,-1.,0.));
#7871=DIRECTION('ref_axis',(0.345032779671178,0.,-0.938590635448905));
#7872=DIRECTION('center_axis',(-1.48029736616688E-16,0.,-1.));
#7873=DIRECTION('ref_axis',(-1.,0.,1.48029736616688E-16));
#7874=DIRECTION('',(0.,-1.,0.));
#7875=DIRECTION('',(-1.,0.,1.48029736616688E-16));
#7876=DIRECTION('center_axis',(0.,1.,0.));
#7877=DIRECTION('ref_axis',(-0.345032779671178,0.,-0.938590635448905));
#7878=DIRECTION('',(0.,1.,0.));
#7879=DIRECTION('center_axis',(0.,-1.,0.));
#7880=DIRECTION('ref_axis',(-0.345032779671178,0.,-0.938590635448905));
#7881=DIRECTION('center_axis',(0.,-1.,0.));
#7882=DIRECTION('ref_axis',(1.,0.,0.));
#7883=DIRECTION('',(0.,-1.,0.));
#7884=DIRECTION('center_axis',(0.,-1.,0.));
#7885=DIRECTION('ref_axis',(1.,0.,0.));
#7886=DIRECTION('center_axis',(0.,-1.,0.));
#7887=DIRECTION('ref_axis',(0.345032779671179,0.,-0.938590635448905));
#7888=DIRECTION('',(0.,1.,0.));
#7889=DIRECTION('center_axis',(0.,-1.,0.));
#7890=DIRECTION('ref_axis',(0.345032779671179,0.,-0.938590635448905));
#7891=DIRECTION('center_axis',(-1.48029736616688E-16,0.,-1.));
#7892=DIRECTION('ref_axis',(-1.,0.,1.48029736616688E-16));
#7893=DIRECTION('',(0.,1.,0.));
#7894=DIRECTION('',(-1.,0.,1.48029736616688E-16));
#7895=DIRECTION('center_axis',(0.,1.,0.));
#7896=DIRECTION('ref_axis',(0.,0.,-1.));
#7897=DIRECTION('',(0.,1.,0.));
#7898=DIRECTION('center_axis',(0.,1.,0.));
#7899=DIRECTION('ref_axis',(0.,0.,-1.));
#7900=DIRECTION('center_axis',(-1.,0.,-3.94745964311167E-16));
#7901=DIRECTION('ref_axis',(-3.94745964311167E-16,0.,1.));
#7902=DIRECTION('',(0.,1.,0.));
#7903=DIRECTION('',(-3.94745964311167E-16,0.,1.));
#7904=DIRECTION('center_axis',(0.,1.,0.));
#7905=DIRECTION('ref_axis',(-1.,0.,0.));
#7906=DIRECTION('',(0.,1.,0.));
#7907=DIRECTION('center_axis',(0.,1.,0.));
#7908=DIRECTION('ref_axis',(-1.,0.,0.));
#7909=DIRECTION('center_axis',(0.,0.,1.));
#7910=DIRECTION('ref_axis',(1.,0.,0.));
#7911=DIRECTION('',(0.,-1.,0.));
#7912=DIRECTION('',(1.,0.,0.));
#7913=DIRECTION('center_axis',(0.,1.,0.));
#7914=DIRECTION('ref_axis',(0.345032779671177,0.,0.938590635448906));
#7915=DIRECTION('',(0.,1.,0.));
#7916=DIRECTION('center_axis',(0.,-1.,0.));
#7917=DIRECTION('ref_axis',(0.345032779671177,0.,0.938590635448906));
#7918=DIRECTION('center_axis',(0.,1.,0.));
#7919=DIRECTION('ref_axis',(0.,0.,1.));
#7920=DIRECTION('center_axis',(0.,-1.,0.));
#7921=DIRECTION('ref_axis',(1.,0.,0.));
#7922=DIRECTION('center_axis',(0.,-1.,0.));
#7923=DIRECTION('ref_axis',(-0.345032779671178,0.,0.938590635448906));
#7924=DIRECTION('',(1.,0.,0.));
#7925=DIRECTION('center_axis',(0.,-1.,0.));
#7926=DIRECTION('ref_axis',(0.345032779671177,0.,0.938590635448906));
#7927=DIRECTION('center_axis',(0.,-1.,0.));
#7928=DIRECTION('ref_axis',(1.,0.,0.));
#7929=DIRECTION('center_axis',(0.,-1.,0.));
#7930=DIRECTION('ref_axis',(-0.345032779671178,0.,0.938590635448906));
#7931=DIRECTION('',(1.,0.,0.));
#7932=DIRECTION('center_axis',(0.,-1.,0.));
#7933=DIRECTION('ref_axis',(0.345032779671178,0.,0.938590635448906));
#7934=DIRECTION('center_axis',(0.,-1.,0.));
#7935=DIRECTION('ref_axis',(1.,0.,0.));
#7936=DIRECTION('center_axis',(0.,-1.,0.));
#7937=DIRECTION('ref_axis',(-0.345032779671178,0.,0.938590635448906));
#7938=DIRECTION('',(1.,0.,0.));
#7939=DIRECTION('center_axis',(0.,-1.,0.));
#7940=DIRECTION('ref_axis',(0.345032779671178,0.,0.938590635448906));
#7941=DIRECTION('center_axis',(0.,-1.,0.));
#7942=DIRECTION('ref_axis',(1.,0.,0.));
#7943=DIRECTION('center_axis',(0.,-1.,0.));
#7944=DIRECTION('ref_axis',(-0.345032779671177,0.,0.938590635448906));
#7945=DIRECTION('',(1.,0.,0.));
#7946=DIRECTION('center_axis',(0.,1.,0.));
#7947=DIRECTION('ref_axis',(0.,0.,1.));
#7948=DIRECTION('',(0.,0.,-1.));
#7949=DIRECTION('center_axis',(0.,1.,0.));
#7950=DIRECTION('ref_axis',(1.,0.,0.));
#7951=DIRECTION('',(-1.,0.,1.48029736616688E-16));
#7952=DIRECTION('center_axis',(0.,-1.,0.));
#7953=DIRECTION('ref_axis',(-0.345032779671178,0.,-0.938590635448906));
#7954=DIRECTION('center_axis',(0.,1.,0.));
#7955=DIRECTION('ref_axis',(-0.345032779671178,0.,-0.938590635448906));
#7956=DIRECTION('',(0.,-1.,0.));
#7957=DIRECTION('center_axis',(-1.48029736616688E-16,0.,-1.));
#7958=DIRECTION('ref_axis',(-1.,0.,1.48029736616688E-16));
#7959=DIRECTION('',(0.,1.,0.));
#7960=DIRECTION('center_axis',(0.,-1.,0.));
#7961=DIRECTION('ref_axis',(-0.345032779671177,0.,0.938590635448906));
#7962=DIRECTION('',(0.,1.,0.));
#7963=DIRECTION('',(0.,-1.,0.));
#7964=DIRECTION('center_axis',(0.,-1.,0.));
#7965=DIRECTION('ref_axis',(1.,0.,0.));
#7966=DIRECTION('',(0.,1.,0.));
#7967=DIRECTION('center_axis',(0.,1.,0.));
#7968=DIRECTION('ref_axis',(0.345032779671178,0.,0.938590635448906));
#7969=DIRECTION('',(0.,-1.,0.));
#7970=DIRECTION('center_axis',(0.,0.,1.));
#7971=DIRECTION('ref_axis',(1.,0.,0.));
#7972=DIRECTION('',(0.,1.,0.));
#7973=DIRECTION('center_axis',(0.,-1.,0.));
#7974=DIRECTION('ref_axis',(-0.345032779671178,0.,0.938590635448906));
#7975=DIRECTION('',(0.,-1.,0.));
#7976=DIRECTION('center_axis',(0.,-1.,0.));
#7977=DIRECTION('ref_axis',(1.,0.,0.));
#7978=DIRECTION('',(0.,1.,0.));
#7979=DIRECTION('center_axis',(0.,1.,0.));
#7980=DIRECTION('ref_axis',(0.345032779671178,0.,0.938590635448906));
#7981=DIRECTION('',(0.,-1.,0.));
#7982=DIRECTION('center_axis',(0.,0.,1.));
#7983=DIRECTION('ref_axis',(1.,0.,0.));
#7984=DIRECTION('',(0.,1.,0.));
#7985=DIRECTION('center_axis',(0.,-1.,0.));
#7986=DIRECTION('ref_axis',(-0.345032779671178,0.,0.938590635448906));
#7987=DIRECTION('',(0.,-1.,0.));
#7988=DIRECTION('center_axis',(0.,-1.,0.));
#7989=DIRECTION('ref_axis',(1.,0.,0.));
#7990=DIRECTION('',(0.,1.,0.));
#7991=DIRECTION('center_axis',(0.,1.,0.));
#7992=DIRECTION('ref_axis',(0.345032779671177,0.,0.938590635448906));
#7993=DIRECTION('',(0.,-1.,0.));
#7994=DIRECTION('center_axis',(0.,0.,1.));
#7995=DIRECTION('ref_axis',(1.,0.,0.));
#7996=DIRECTION('',(0.,1.,0.));
#7997=DIRECTION('center_axis',(0.,-1.,0.));
#7998=DIRECTION('ref_axis',(-0.345032779671178,0.,0.938590635448906));
#7999=DIRECTION('',(0.,-1.,0.));
#8000=DIRECTION('center_axis',(0.,-1.,0.));
#8001=DIRECTION('ref_axis',(1.,0.,0.));
#8002=DIRECTION('center_axis',(0.,0.,1.));
#8003=DIRECTION('ref_axis',(1.,0.,0.));
#8004=DIRECTION('',(0.,1.,0.));
#8005=DIRECTION('center_axis',(1.,0.,0.));
#8006=DIRECTION('ref_axis',(0.,0.,-1.));
#8007=DIRECTION('',(0.,1.,0.));
#8008=DIRECTION('',(0.,1.,0.));
#8009=DIRECTION('center_axis',(0.,1.,0.));
#8010=DIRECTION('ref_axis',(0.,0.,1.));
#8011=DIRECTION('center_axis',(0.,1.,0.));
#8012=DIRECTION('ref_axis',(1.,0.,0.));
#8013=DIRECTION('center_axis',(0.,1.,0.));
#8014=DIRECTION('ref_axis',(-1.,0.,0.));
#8015=DIRECTION('center_axis',(0.,1.,0.));
#8016=DIRECTION('ref_axis',(-1.,0.,0.));
#8017=DIRECTION('',(0.,-1.,0.));
#8018=DIRECTION('center_axis',(0.,1.,0.));
#8019=DIRECTION('ref_axis',(0.,0.,1.));
#8020=CARTESIAN_POINT('',(0.,0.,0.));
#8021=CARTESIAN_POINT('Origin',(63.,27.0857864376269,4.74999999999997));
#8022=CARTESIAN_POINT('',(64.,27.0857864376269,-35.));
#8023=CARTESIAN_POINT('',(63.7071067811865,27.7928932188134,-35.));
#8024=CARTESIAN_POINT('Origin',(63.,27.0857864376269,-35.));
#8025=CARTESIAN_POINT('',(63.7071067811865,27.7928932188134,35.));
#8026=CARTESIAN_POINT('',(63.7071067811865,27.7928932188134,4.74999999999997));
#8027=CARTESIAN_POINT('',(64.,27.0857864376269,35.));
#8028=CARTESIAN_POINT('Origin',(63.,27.0857864376269,35.));
#8029=CARTESIAN_POINT('',(64.,27.0857864376269,4.74999999999997));
#8030=CARTESIAN_POINT('Origin',(-18.5,2.5,35.));
#8031=CARTESIAN_POINT('',(62.7928932188134,28.7071067811865,35.));
#8032=CARTESIAN_POINT('',(49.6249999999998,41.8750000000001,35.));
#8033=CARTESIAN_POINT('',(62.0857864376269,29.,35.));
#8034=CARTESIAN_POINT('Origin',(62.0857864376269,28.,35.));
#8035=CARTESIAN_POINT('',(-16.5857864376269,29.,35.));
#8036=CARTESIAN_POINT('',(62.125,29.,35.));
#8037=CARTESIAN_POINT('',(-17.2928932188134,28.7071067811865,35.));
#8038=CARTESIAN_POINT('Origin',(-16.5857864376269,28.,35.));
#8039=CARTESIAN_POINT('',(-18.2071067811865,27.7928932188135,35.));
#8040=CARTESIAN_POINT('',(-24.,22.,35.));
#8041=CARTESIAN_POINT('',(-18.5,27.0857864376269,35.));
#8042=CARTESIAN_POINT('Origin',(-17.5,27.0857864376269,35.));
#8043=CARTESIAN_POINT('',(-18.5,3.,35.));
#8044=CARTESIAN_POINT('',(-18.5,29.,35.));
#8045=CARTESIAN_POINT('',(-8.86484650930379,3.,35.));
#8046=CARTESIAN_POINT('',(9.12499999999633,3.,35.));
#8047=CARTESIAN_POINT('',(-8.86484650930379,24.,35.0000000000008));
#8048=CARTESIAN_POINT('',(-8.86484650930379,15.75,35.));
#8049=CARTESIAN_POINT('',(-6.86484650930379,24.,35.0000000000008));
#8050=CARTESIAN_POINT('',(-8.86484650930379,24.,35.0000000000008));
#8051=CARTESIAN_POINT('',(-6.86484650930379,3.,35.));
#8052=CARTESIAN_POINT('',(-6.86484650930379,15.75,35.));
#8053=CARTESIAN_POINT('',(64.,3.,35.));
#8054=CARTESIAN_POINT('',(9.12499999999633,3.,35.));
#8055=CARTESIAN_POINT('',(64.,2.5,35.));
#8056=CARTESIAN_POINT('Origin',(64.,27.5,35.));
#8057=CARTESIAN_POINT('',(62.7928932188134,28.7071067811865,-35.));
#8058=CARTESIAN_POINT('',(69.625,21.8750000000001,-35.));
#8059=CARTESIAN_POINT('',(62.7928932188134,28.7071067811865,17.5));
#8060=CARTESIAN_POINT('Origin',(62.0857864376269,28.,17.5));
#8061=CARTESIAN_POINT('',(62.0857864376269,29.,-35.));
#8062=CARTESIAN_POINT('Origin',(62.0857864376269,28.,-35.));
#8063=CARTESIAN_POINT('',(62.0857864376269,29.,17.5));
#8064=CARTESIAN_POINT('Origin',(-17.5,27.0857864376269,41.25));
#8065=CARTESIAN_POINT('',(-18.2071067811865,27.7928932188135,-35.));
#8066=CARTESIAN_POINT('',(-18.2071067811865,27.7928932188135,41.25));
#8067=CARTESIAN_POINT('',(-18.5,27.0857864376269,-35.));
#8068=CARTESIAN_POINT('Origin',(-17.5,27.0857864376269,-35.));
#8069=CARTESIAN_POINT('',(-18.5,27.0857864376269,41.25));
#8070=CARTESIAN_POINT('Origin',(-17.,29.,35.));
#8071=CARTESIAN_POINT('',(-17.2928932188134,28.7071067811865,-35.));
#8072=CARTESIAN_POINT('',(-17.2928932188134,28.7071067811865,17.5));
#8073=CARTESIAN_POINT('',(-3.99999999999996,42.,-35.));
#8074=CARTESIAN_POINT('Origin',(-16.5857864376269,28.,17.5));
#8075=CARTESIAN_POINT('',(-16.5857864376269,29.,-35.));
#8076=CARTESIAN_POINT('Origin',(-16.5857864376269,28.,-35.));
#8077=CARTESIAN_POINT('',(-16.5857864376269,29.,17.5));
#8078=CARTESIAN_POINT('Origin',(-15.,2.5,-31.));
#8079=CARTESIAN_POINT('',(-16.5,26.5,-31.));
#8080=CARTESIAN_POINT('',(-15.,26.5,-32.5));
#8081=CARTESIAN_POINT('Origin',(-15.,26.5,-31.));
#8082=CARTESIAN_POINT('',(-16.5,1.5,-31.));
#8083=CARTESIAN_POINT('',(-16.5,2.5,-31.));
#8084=CARTESIAN_POINT('',(-15.,1.5,-32.5));
#8085=CARTESIAN_POINT('Origin',(-15.,1.5,-31.));
#8086=CARTESIAN_POINT('',(-15.,2.5,-32.5));
#8087=CARTESIAN_POINT('Origin',(-16.5,2.5,-31.));
#8088=CARTESIAN_POINT('',(-16.5,26.5,31.));
#8089=CARTESIAN_POINT('',(-16.5,26.5,-24.375));
#8090=CARTESIAN_POINT('',(-16.5,1.5,31.));
#8091=CARTESIAN_POINT('',(-16.5,2.5,31.));
#8092=CARTESIAN_POINT('',(-16.5,1.5,-31.));
#8093=CARTESIAN_POINT('Origin',(-15.,2.5,31.));
#8094=CARTESIAN_POINT('',(-15.,26.5,32.5));
#8095=CARTESIAN_POINT('Origin',(-15.,26.5,31.));
#8096=CARTESIAN_POINT('',(-15.,1.5,32.5));
#8097=CARTESIAN_POINT('',(-15.,2.5,32.5));
#8098=CARTESIAN_POINT('Origin',(-15.,1.5,31.));
#8099=CARTESIAN_POINT('Origin',(-17.,2.5,32.5));
#8100=CARTESIAN_POINT('',(60.,26.5,32.5));
#8101=CARTESIAN_POINT('',(48.,26.5,32.5));
#8102=CARTESIAN_POINT('',(60.,1.5,32.5));
#8103=CARTESIAN_POINT('',(60.,2.5,32.5));
#8104=CARTESIAN_POINT('',(-17.,1.5,32.5));
#8105=CARTESIAN_POINT('Origin',(61.5,2.5,-35.));
#8106=CARTESIAN_POINT('',(64.,3.,-35.));
#8107=CARTESIAN_POINT('',(64.,2.5,-35.));
#8108=CARTESIAN_POINT('',(-6.8648465093037,3.,-35.));
#8109=CARTESIAN_POINT('',(49.1249999999963,3.,-35.));
#8110=CARTESIAN_POINT('',(-6.86484650930457,24.,-34.9999999999992));
#8111=CARTESIAN_POINT('',(-6.8648465093037,15.75,-35.));
#8112=CARTESIAN_POINT('',(-8.86484650930457,24.,-34.9999999999992));
#8113=CARTESIAN_POINT('',(-8.86484650930457,24.,-34.9999999999992));
#8114=CARTESIAN_POINT('',(-8.8648465093037,3.,-35.));
#8115=CARTESIAN_POINT('',(-8.8648465093037,15.75,-35.));
#8116=CARTESIAN_POINT('',(-18.5,3.,-35.));
#8117=CARTESIAN_POINT('',(49.1249999999963,3.,-35.));
#8118=CARTESIAN_POINT('',(-18.5,29.,-35.));
#8119=CARTESIAN_POINT('',(-9.25,29.,-35.));
#8120=CARTESIAN_POINT('Origin',(8.88178419700125E-15,29.,-8.88178419700125E-15));
#8121=CARTESIAN_POINT('Origin',(-15.,0.,31.));
#8122=CARTESIAN_POINT('',(-15.,1.5,34.));
#8123=CARTESIAN_POINT('',(-18.,1.5,31.));
#8124=CARTESIAN_POINT('Origin',(-15.,1.5,31.));
#8125=CARTESIAN_POINT('',(-15.,0.,34.));
#8126=CARTESIAN_POINT('',(-15.,0.,34.));
#8127=CARTESIAN_POINT('',(-18.,0.,31.));
#8128=CARTESIAN_POINT('Origin',(-15.,0.,31.));
#8129=CARTESIAN_POINT('',(-18.,0.,31.));
#8130=CARTESIAN_POINT('Origin',(-20.,0.,34.));
#8131=CARTESIAN_POINT('',(60.,1.5,34.));
#8132=CARTESIAN_POINT('',(0.749999999999971,1.5,34.));
#8133=CARTESIAN_POINT('',(60.,0.,34.));
#8134=CARTESIAN_POINT('',(60.,0.,34.));
#8135=CARTESIAN_POINT('',(-10.,0.,34.));
#8136=CARTESIAN_POINT('Origin',(-15.,0.,-31.));
#8137=CARTESIAN_POINT('',(-18.,1.5,-31.));
#8138=CARTESIAN_POINT('',(-15.,1.5,-34.));
#8139=CARTESIAN_POINT('Origin',(-15.,1.5,-31.));
#8140=CARTESIAN_POINT('',(-18.,0.,-31.));
#8141=CARTESIAN_POINT('',(-18.,0.,-31.));
#8142=CARTESIAN_POINT('',(-15.,0.,-34.));
#8143=CARTESIAN_POINT('Origin',(-15.,0.,-31.));
#8144=CARTESIAN_POINT('',(-15.,0.,-34.));
#8145=CARTESIAN_POINT('Origin',(21.5,1.5,-6.66133814775094E-15));
#8146=CARTESIAN_POINT('',(-18.,1.5,7.20710678118653));
#8147=CARTESIAN_POINT('',(-18.,1.5,-17.));
#8148=CARTESIAN_POINT('',(-19.7071067811866,1.5,5.49999999999998));
#8149=CARTESIAN_POINT('',(-17.8535533905933,1.5,7.35355339059326));
#8150=CARTESIAN_POINT('',(-21.5,1.5,5.49999999999998));
#8151=CARTESIAN_POINT('',(-19.7071067811866,1.5,5.49999999999998));
#8152=CARTESIAN_POINT('',(-21.5,1.5,-5.50000000000002));
#8153=CARTESIAN_POINT('Origin',(-21.5,1.5,-1.79548938169088E-14));
#8154=CARTESIAN_POINT('',(-19.7071067811866,1.5,-5.50000000000001));
#8155=CARTESIAN_POINT('',(-21.5,1.5,-5.50000000000002));
#8156=CARTESIAN_POINT('',(-18.,1.5,-7.20710678118656));
#8157=CARTESIAN_POINT('',(-19.7071067811866,1.5,-5.50000000000001));
#8158=CARTESIAN_POINT('',(-18.,1.5,-17.));
#8159=CARTESIAN_POINT('',(60.,1.5,-34.));
#8160=CARTESIAN_POINT('',(42.25,1.5,-34.));
#8161=CARTESIAN_POINT('',(63.,1.5,-31.));
#8162=CARTESIAN_POINT('Origin',(60.,1.5,-31.));
#8163=CARTESIAN_POINT('',(63.,1.5,-25.5));
#8164=CARTESIAN_POINT('',(63.,1.5,17.));
#8165=CARTESIAN_POINT('',(61.5,1.5,-25.5));
#8166=CARTESIAN_POINT('',(42.25,1.5,-25.5));
#8167=CARTESIAN_POINT('',(61.5,1.5,-31.));
#8168=CARTESIAN_POINT('',(61.5,1.5,31.));
#8169=CARTESIAN_POINT('',(60.,1.5,-32.5));
#8170=CARTESIAN_POINT('Origin',(60.,1.5,-31.));
#8171=CARTESIAN_POINT('',(60.,1.5,-32.5));
#8172=CARTESIAN_POINT('',(61.5,1.5,31.));
#8173=CARTESIAN_POINT('Origin',(60.,1.5,31.));
#8174=CARTESIAN_POINT('',(61.5,1.5,25.4999999999998));
#8175=CARTESIAN_POINT('',(61.5,1.5,31.));
#8176=CARTESIAN_POINT('',(63.,1.5,25.4999999999998));
#8177=CARTESIAN_POINT('',(41.5,1.5,25.4999999999998));
#8178=CARTESIAN_POINT('',(63.,1.5,31.));
#8179=CARTESIAN_POINT('',(63.,1.5,17.));
#8180=CARTESIAN_POINT('Origin',(60.,1.5,31.));
#8181=CARTESIAN_POINT('',(-19.4,1.5,-1.77635683940025E-14));
#8182=CARTESIAN_POINT('Origin',(-21.5,1.5,-1.77635683940025E-14));
#8183=CARTESIAN_POINT('Origin',(63.,0.,-34.));
#8184=CARTESIAN_POINT('',(60.,0.,-34.));
#8185=CARTESIAN_POINT('',(31.5,0.,-34.));
#8186=CARTESIAN_POINT('',(60.,0.,-34.));
#8187=CARTESIAN_POINT('Origin',(8.88178419700125E-15,0.,-8.88178419700125E-15));
#8188=CARTESIAN_POINT('',(-90.,0.,49.));
#8189=CARTESIAN_POINT('',(-1.80073525436773,0.,49.));
#8190=CARTESIAN_POINT('',(-45.,0.,49.));
#8191=CARTESIAN_POINT('',(-94.,0.,45.));
#8192=CARTESIAN_POINT('Origin',(-90.,0.,45.));
#8193=CARTESIAN_POINT('',(-94.,0.,-45.));
#8194=CARTESIAN_POINT('',(-94.,0.,-22.5));
#8195=CARTESIAN_POINT('',(-90.,0.,-49.));
#8196=CARTESIAN_POINT('Origin',(-90.,0.,-45.));
#8197=CARTESIAN_POINT('',(-1.80073525436775,0.,-49.));
#8198=CARTESIAN_POINT('',(45.,0.,-49.));
#8199=CARTESIAN_POINT('',(-0.505357110678657,0.,-48.5238095238095));
#8200=CARTESIAN_POINT('Origin',(-1.80073525436775,0.,-47.));
#8201=CARTESIAN_POINT('',(10.5053571106786,0.,-48.5238095238095));
#8202=CARTESIAN_POINT('Origin',(4.99999999999999,0.,-55.));
#8203=CARTESIAN_POINT('',(11.8007352543677,0.,-49.));
#8204=CARTESIAN_POINT('Origin',(11.8007352543677,0.,-47.));
#8205=CARTESIAN_POINT('',(13.1992647456322,0.,-49.));
#8206=CARTESIAN_POINT('',(45.,0.,-49.));
#8207=CARTESIAN_POINT('',(14.4946428893213,0.,-48.5238095238095));
#8208=CARTESIAN_POINT('Origin',(13.1992647456322,0.,-47.));
#8209=CARTESIAN_POINT('',(25.5053571106786,0.,-48.5238095238095));
#8210=CARTESIAN_POINT('Origin',(20.,0.,-55.));
#8211=CARTESIAN_POINT('',(26.8007352543677,0.,-49.));
#8212=CARTESIAN_POINT('Origin',(26.8007352543677,0.,-47.));
#8213=CARTESIAN_POINT('',(28.1992647456322,0.,-49.));
#8214=CARTESIAN_POINT('',(45.,0.,-49.));
#8215=CARTESIAN_POINT('',(29.4946428893213,0.,-48.5238095238095));
#8216=CARTESIAN_POINT('Origin',(28.1992647456322,0.,-47.));
#8217=CARTESIAN_POINT('',(40.5053571106786,0.,-48.5238095238095));
#8218=CARTESIAN_POINT('Origin',(35.,0.,-55.));
#8219=CARTESIAN_POINT('',(41.8007352543677,0.,-49.));
#8220=CARTESIAN_POINT('Origin',(41.8007352543677,0.,-47.));
#8221=CARTESIAN_POINT('',(43.1992647456322,0.,-49.));
#8222=CARTESIAN_POINT('',(45.,0.,-49.));
#8223=CARTESIAN_POINT('',(44.4946428893213,0.,-48.5238095238095));
#8224=CARTESIAN_POINT('Origin',(43.1992647456322,0.,-47.));
#8225=CARTESIAN_POINT('',(55.5053571106786,0.,-48.5238095238095));
#8226=CARTESIAN_POINT('Origin',(50.,0.,-55.));
#8227=CARTESIAN_POINT('',(56.8007352543677,0.,-49.));
#8228=CARTESIAN_POINT('Origin',(56.8007352543677,0.,-47.));
#8229=CARTESIAN_POINT('',(90.,0.,-49.));
#8230=CARTESIAN_POINT('',(45.,0.,-49.));
#8231=CARTESIAN_POINT('',(94.,0.,-45.));
#8232=CARTESIAN_POINT('Origin',(90.,0.,-45.));
#8233=CARTESIAN_POINT('',(94.,0.,45.));
#8234=CARTESIAN_POINT('',(94.,0.,22.5));
#8235=CARTESIAN_POINT('',(90.,0.,49.));
#8236=CARTESIAN_POINT('Origin',(90.,0.,45.));
#8237=CARTESIAN_POINT('',(56.8007352543677,0.,49.));
#8238=CARTESIAN_POINT('',(-45.,0.,49.));
#8239=CARTESIAN_POINT('',(55.5053571106786,0.,48.5238095238095));
#8240=CARTESIAN_POINT('Origin',(56.8007352543677,0.,47.));
#8241=CARTESIAN_POINT('',(44.4946428893214,0.,48.5238095238095));
#8242=CARTESIAN_POINT('Origin',(50.,0.,55.));
#8243=CARTESIAN_POINT('',(43.1992647456323,0.,49.));
#8244=CARTESIAN_POINT('Origin',(43.1992647456323,0.,47.));
#8245=CARTESIAN_POINT('',(41.8007352543677,0.,49.));
#8246=CARTESIAN_POINT('',(-45.,0.,49.));
#8247=CARTESIAN_POINT('',(40.5053571106786,0.,48.5238095238095));
#8248=CARTESIAN_POINT('Origin',(41.8007352543677,0.,47.));
#8249=CARTESIAN_POINT('',(29.4946428893214,0.,48.5238095238095));
#8250=CARTESIAN_POINT('Origin',(35.,0.,55.));
#8251=CARTESIAN_POINT('',(28.1992647456323,0.,49.));
#8252=CARTESIAN_POINT('Origin',(28.1992647456323,0.,47.));
#8253=CARTESIAN_POINT('',(26.8007352543677,0.,49.));
#8254=CARTESIAN_POINT('',(-45.,0.,49.));
#8255=CARTESIAN_POINT('',(25.5053571106786,0.,48.5238095238095));
#8256=CARTESIAN_POINT('Origin',(26.8007352543677,0.,47.));
#8257=CARTESIAN_POINT('',(14.4946428893214,0.,48.5238095238095));
#8258=CARTESIAN_POINT('Origin',(20.,0.,55.));
#8259=CARTESIAN_POINT('',(13.1992647456323,0.,49.));
#8260=CARTESIAN_POINT('Origin',(13.1992647456323,0.,47.));
#8261=CARTESIAN_POINT('',(11.8007352543677,0.,49.));
#8262=CARTESIAN_POINT('',(-45.,0.,49.));
#8263=CARTESIAN_POINT('',(10.5053571106786,0.,48.5238095238095));
#8264=CARTESIAN_POINT('Origin',(11.8007352543677,0.,47.));
#8265=CARTESIAN_POINT('',(-0.505357110678642,0.,48.5238095238095));
#8266=CARTESIAN_POINT('Origin',(4.99999999999999,0.,55.));
#8267=CARTESIAN_POINT('Origin',(-1.80073525436773,0.,47.));
#8268=CARTESIAN_POINT('',(63.,0.,31.));
#8269=CARTESIAN_POINT('Origin',(60.,0.,31.));
#8270=CARTESIAN_POINT('',(63.,0.,-31.));
#8271=CARTESIAN_POINT('',(63.,0.,17.));
#8272=CARTESIAN_POINT('Origin',(60.,0.,-31.));
#8273=CARTESIAN_POINT('',(-18.,0.,-7.20710678118656));
#8274=CARTESIAN_POINT('',(-18.,0.,-17.));
#8275=CARTESIAN_POINT('',(-19.7071067811866,0.,-5.50000000000001));
#8276=CARTESIAN_POINT('',(-14.8017766952967,0.,-10.4053300858899));
#8277=CARTESIAN_POINT('',(-21.5,0.,-5.50000000000002));
#8278=CARTESIAN_POINT('',(-8.85355339059328,0.,-5.50000000000001));
#8279=CARTESIAN_POINT('',(-21.5,0.,5.49999999999998));
#8280=CARTESIAN_POINT('Origin',(-21.5,0.,-1.79548938169088E-14));
#8281=CARTESIAN_POINT('',(-19.7071067811866,0.,5.49999999999998));
#8282=CARTESIAN_POINT('',(-9.75000000000001,0.,5.49999999999999));
#8283=CARTESIAN_POINT('',(-18.,0.,7.20710678118653));
#8284=CARTESIAN_POINT('',(-15.6553300858899,0.,9.55177669529663));
#8285=CARTESIAN_POINT('',(-18.,0.,-17.));
#8286=CARTESIAN_POINT('',(-86.,0.,-44.25));
#8287=CARTESIAN_POINT('',(-92.5,0.,-44.25));
#8288=CARTESIAN_POINT('Origin',(-89.25,0.,-44.25));
#8289=CARTESIAN_POINT('Origin',(-89.25,0.,-44.25));
#8290=CARTESIAN_POINT('',(92.5,0.,-44.25));
#8291=CARTESIAN_POINT('',(86.,0.,-44.25));
#8292=CARTESIAN_POINT('Origin',(89.25,0.,-44.25));
#8293=CARTESIAN_POINT('Origin',(89.25,0.,-44.25));
#8294=CARTESIAN_POINT('',(-86.,0.,44.25));
#8295=CARTESIAN_POINT('',(-92.5,0.,44.25));
#8296=CARTESIAN_POINT('Origin',(-89.25,0.,44.25));
#8297=CARTESIAN_POINT('Origin',(-89.25,0.,44.25));
#8298=CARTESIAN_POINT('',(92.5,0.,44.25));
#8299=CARTESIAN_POINT('',(86.,0.,44.25));
#8300=CARTESIAN_POINT('Origin',(89.25,0.,44.25));
#8301=CARTESIAN_POINT('Origin',(89.25,0.,44.25));
#8302=CARTESIAN_POINT('',(-4.61484650930378,0.,44.5000000000212));
#8303=CARTESIAN_POINT('',(-11.1148465093038,0.,44.5000000000212));
#8304=CARTESIAN_POINT('Origin',(-7.86484650930379,0.,44.5000000000212));
#8305=CARTESIAN_POINT('Origin',(-7.86484650930379,0.,44.5000000000212));
#8306=CARTESIAN_POINT('',(-4.6148465093037,0.,-44.5000000000213));
#8307=CARTESIAN_POINT('',(-11.1148465093037,0.,-44.5000000000213));
#8308=CARTESIAN_POINT('Origin',(-7.86484650930371,0.,-44.5000000000213));
#8309=CARTESIAN_POINT('Origin',(-7.86484650930371,0.,-44.5000000000213));
#8310=CARTESIAN_POINT('Origin',(36.,26.5,-4.44089209850063E-15));
#8311=CARTESIAN_POINT('',(60.,26.5,-32.5));
#8312=CARTESIAN_POINT('',(9.5,26.5,-32.5));
#8313=CARTESIAN_POINT('',(61.5,26.5,-31.));
#8314=CARTESIAN_POINT('Origin',(60.,26.5,-31.));
#8315=CARTESIAN_POINT('',(61.5,26.5,31.));
#8316=CARTESIAN_POINT('',(61.5,26.5,17.5));
#8317=CARTESIAN_POINT('Origin',(60.,26.5,31.));
#8318=CARTESIAN_POINT('',(26.6000000000001,26.5,-19.75));
#8319=CARTESIAN_POINT('',(18.6000000000001,26.5,-19.75));
#8320=CARTESIAN_POINT('Origin',(22.6000000000001,26.5,-19.75));
#8321=CARTESIAN_POINT('Origin',(22.6000000000001,26.5,-19.75));
#8322=CARTESIAN_POINT('',(26.6000000000001,26.5,19.7499999999999));
#8323=CARTESIAN_POINT('',(18.6000000000001,26.5,19.7499999999999));
#8324=CARTESIAN_POINT('Origin',(22.6000000000001,26.5,19.7499999999999));
#8325=CARTESIAN_POINT('Origin',(22.6000000000001,26.5,19.7499999999999));
#8326=CARTESIAN_POINT('Origin',(60.,2.5,-32.5));
#8327=CARTESIAN_POINT('',(60.,2.5,-32.5));
#8328=CARTESIAN_POINT('Origin',(-18.5,29.,47.5));
#8329=CARTESIAN_POINT('',(-18.5,3.,-4.00000000000001));
#8330=CARTESIAN_POINT('',(-18.5,3.,23.7500000000788));
#8331=CARTESIAN_POINT('',(-18.5,7.5,-4.00000000000001));
#8332=CARTESIAN_POINT('',(-18.5,18.25,-4.00000000000001));
#8333=CARTESIAN_POINT('',(-18.5,7.5,3.99999999999998));
#8334=CARTESIAN_POINT('',(-18.5,7.5,22.0885621722339));
#8335=CARTESIAN_POINT('',(-18.5,3.,3.99999999999998));
#8336=CARTESIAN_POINT('',(-18.5,18.25,3.99999999999998));
#8337=CARTESIAN_POINT('',(-18.5,3.,23.7500000000788));
#8338=CARTESIAN_POINT('Origin',(-8.86484650930462,24.,-39.5622731640931));
#8339=CARTESIAN_POINT('',(-8.86484650930462,24.,-39.5622731640939));
#8340=CARTESIAN_POINT('',(-8.8648465093037,29.,-39.5622731640931));
#8341=CARTESIAN_POINT('',(-8.86484650930371,29.,-39.5622731640931));
#8342=CARTESIAN_POINT('',(-6.86484650930462,24.,-39.562273164094));
#8343=CARTESIAN_POINT('',(-8.86484650930462,24.,-39.5622731640939));
#8344=CARTESIAN_POINT('',(-6.86484650930462,29.,-39.5622731640931));
#8345=CARTESIAN_POINT('',(-6.8648465093037,26.5,-39.5622731640932));
#8346=CARTESIAN_POINT('',(-4.43242325465253,29.,-39.5622731640932));
#8347=CARTESIAN_POINT('Origin',(-8.8648465093046,24.,-37.2811365820466));
#8348=CARTESIAN_POINT('Origin',(-8.86484650930373,24.,-37.2811365820466));
#8349=CARTESIAN_POINT('Origin',(-6.86484650930368,24.,-37.2811365820466));
#8350=CARTESIAN_POINT('Origin',(-8.86484650930376,24.,37.2859154555203));
#8351=CARTESIAN_POINT('',(-8.86484650930374,23.7911817718584,39.562273164093));
#8352=CARTESIAN_POINT('Origin',(-8.86484650930376,24.,37.2859154555203));
#8353=CARTESIAN_POINT('',(-6.86484650930374,23.7911817718584,39.562273164093));
#8354=CARTESIAN_POINT('',(-8.86484650930374,23.7911817718584,39.562273164093));
#8355=CARTESIAN_POINT('Origin',(-6.86484650930376,24.,37.2859154555203));
#8356=CARTESIAN_POINT('Origin',(-8.86484650930374,29.,39.562273164093));
#8357=CARTESIAN_POINT('',(-8.86484650930374,29.,39.562273164093));
#8358=CARTESIAN_POINT('',(-8.86484650930374,29.,39.562273164093));
#8359=CARTESIAN_POINT('',(-6.86484650930374,29.,39.562273164093));
#8360=CARTESIAN_POINT('',(-4.43242325465164,29.,39.562273164093));
#8361=CARTESIAN_POINT('',(-6.86484650930385,29.,39.562273164093));
#8362=CARTESIAN_POINT('Origin',(-6.86484650930379,29.,35.));
#8363=CARTESIAN_POINT('',(-6.86484650930385,29.,39.5718309110406));
#8364=CARTESIAN_POINT('',(-6.86484650930385,29.,39.5718309110406));
#8365=CARTESIAN_POINT('',(-6.86484650930385,3.,39.5718309110406));
#8366=CARTESIAN_POINT('',(-6.86484650930385,29.,39.5718309110405));
#8367=CARTESIAN_POINT('',(-6.86484650930355,3.,17.5000000000036));
#8368=CARTESIAN_POINT('Origin',(8.88178419700125E-15,29.,-8.88178419700125E-15));
#8369=CARTESIAN_POINT('',(25.8292016466009,29.,48.1428571428571));
#8370=CARTESIAN_POINT('',(26.8007352543646,29.,48.5));
#8371=CARTESIAN_POINT('Origin',(26.8007352543677,29.,47.));
#8372=CARTESIAN_POINT('',(28.1992647456354,29.,48.5));
#8373=CARTESIAN_POINT('',(13.4003676271823,29.,48.5));
#8374=CARTESIAN_POINT('',(29.1707983533991,29.,48.1428571428571));
#8375=CARTESIAN_POINT('Origin',(28.1992647456323,29.,47.));
#8376=CARTESIAN_POINT('',(40.8292016466009,29.,48.1428571428571));
#8377=CARTESIAN_POINT('Origin',(35.,29.,55.));
#8378=CARTESIAN_POINT('',(41.8007352543646,29.,48.5));
#8379=CARTESIAN_POINT('Origin',(41.8007352543677,29.,47.));
#8380=CARTESIAN_POINT('',(43.1992647456354,29.,48.5));
#8381=CARTESIAN_POINT('',(20.9003676271823,29.,48.5));
#8382=CARTESIAN_POINT('',(44.1707983533991,29.,48.1428571428571));
#8383=CARTESIAN_POINT('Origin',(43.1992647456323,29.,47.));
#8384=CARTESIAN_POINT('',(55.8292016466009,29.,48.1428571428571));
#8385=CARTESIAN_POINT('Origin',(50.,29.,55.));
#8386=CARTESIAN_POINT('',(56.8007352543646,29.,48.5));
#8387=CARTESIAN_POINT('Origin',(56.8007352543677,29.,47.));
#8388=CARTESIAN_POINT('',(90.,29.,48.5));
#8389=CARTESIAN_POINT('',(28.4003676271823,29.,48.5));
#8390=CARTESIAN_POINT('',(93.5,29.,45.));
#8391=CARTESIAN_POINT('Origin',(90.,29.,45.));
#8392=CARTESIAN_POINT('',(93.5,29.,-45.));
#8393=CARTESIAN_POINT('',(93.5,29.,22.5));
#8394=CARTESIAN_POINT('',(90.,29.,-48.5));
#8395=CARTESIAN_POINT('Origin',(90.,29.,-45.));
#8396=CARTESIAN_POINT('',(56.8007352543646,29.,-48.5));
#8397=CARTESIAN_POINT('',(45.,29.,-48.5));
#8398=CARTESIAN_POINT('',(55.8292016466009,29.,-48.1428571428572));
#8399=CARTESIAN_POINT('Origin',(56.8007352543677,29.,-47.));
#8400=CARTESIAN_POINT('',(44.1707983533991,29.,-48.1428571428572));
#8401=CARTESIAN_POINT('Origin',(50.,29.,-55.));
#8402=CARTESIAN_POINT('',(43.1992647456354,29.,-48.5));
#8403=CARTESIAN_POINT('Origin',(43.1992647456322,29.,-47.));
#8404=CARTESIAN_POINT('',(41.8007352543646,29.,-48.5));
#8405=CARTESIAN_POINT('',(21.5996323728177,29.,-48.5));
#8406=CARTESIAN_POINT('',(40.8292016466009,29.,-48.1428571428572));
#8407=CARTESIAN_POINT('Origin',(41.8007352543677,29.,-47.));
#8408=CARTESIAN_POINT('',(29.1707983533991,29.,-48.1428571428572));
#8409=CARTESIAN_POINT('Origin',(35.,29.,-55.));
#8410=CARTESIAN_POINT('',(28.1992647456354,29.,-48.5));
#8411=CARTESIAN_POINT('Origin',(28.1992647456322,29.,-47.));
#8412=CARTESIAN_POINT('',(26.8007352543646,29.,-48.5));
#8413=CARTESIAN_POINT('',(14.0996323728177,29.,-48.5));
#8414=CARTESIAN_POINT('',(25.8292016466009,29.,-48.1428571428572));
#8415=CARTESIAN_POINT('Origin',(26.8007352543677,29.,-47.));
#8416=CARTESIAN_POINT('',(14.1707983533991,29.,-48.1428571428572));
#8417=CARTESIAN_POINT('Origin',(20.,29.,-55.));
#8418=CARTESIAN_POINT('',(13.1992647456354,29.,-48.5));
#8419=CARTESIAN_POINT('Origin',(13.1992647456322,29.,-47.));
#8420=CARTESIAN_POINT('',(11.8007352543646,29.,-48.5));
#8421=CARTESIAN_POINT('',(6.59963237281773,29.,-48.5));
#8422=CARTESIAN_POINT('',(10.8292016466009,29.,-48.1428571428572));
#8423=CARTESIAN_POINT('Origin',(11.8007352543677,29.,-47.));
#8424=CARTESIAN_POINT('',(-0.829201646600934,29.,-48.1428571428572));
#8425=CARTESIAN_POINT('Origin',(4.99999999999999,29.,-55.));
#8426=CARTESIAN_POINT('',(-1.80073525436455,29.,-48.5));
#8427=CARTESIAN_POINT('Origin',(-1.80073525436775,29.,-47.));
#8428=CARTESIAN_POINT('',(-90.,29.,-48.5));
#8429=CARTESIAN_POINT('',(-0.90036762718228,29.,-48.5));
#8430=CARTESIAN_POINT('',(-93.4999999999999,29.,-45.));
#8431=CARTESIAN_POINT('Origin',(-90.,29.,-45.));
#8432=CARTESIAN_POINT('',(-93.5,29.,45.));
#8433=CARTESIAN_POINT('',(-93.4999999999999,29.,-22.5));
#8434=CARTESIAN_POINT('',(-90.,29.,48.5));
#8435=CARTESIAN_POINT('Origin',(-90.,29.,45.));
#8436=CARTESIAN_POINT('',(-1.80073525436455,29.,48.5));
#8437=CARTESIAN_POINT('',(-45.,29.,48.5));
#8438=CARTESIAN_POINT('',(-0.829201646600915,29.,48.1428571428571));
#8439=CARTESIAN_POINT('Origin',(-1.80073525436773,29.,47.));
#8440=CARTESIAN_POINT('',(10.8292016466009,29.,48.1428571428571));
#8441=CARTESIAN_POINT('Origin',(4.99999999999999,29.,55.));
#8442=CARTESIAN_POINT('',(11.8007352543646,29.,48.5));
#8443=CARTESIAN_POINT('Origin',(11.8007352543677,29.,47.));
#8444=CARTESIAN_POINT('',(13.1992647456354,29.,48.5));
#8445=CARTESIAN_POINT('',(5.90036762718228,29.,48.5));
#8446=CARTESIAN_POINT('',(14.1707983533991,29.,48.1428571428571));
#8447=CARTESIAN_POINT('Origin',(13.1992647456323,29.,47.));
#8448=CARTESIAN_POINT('Origin',(20.,29.,55.));
#8449=CARTESIAN_POINT('',(-6.8648465093037,29.,-39.5718309110406));
#8450=CARTESIAN_POINT('',(-6.8648465093037,29.,-35.));
#8451=CARTESIAN_POINT('',(-0.46296069239479,29.,-46.0330573508386));
#8452=CARTESIAN_POINT('Origin',(-7.90036762715314,29.,-47.0000000000213));
#8453=CARTESIAN_POINT('',(11.8007352543646,29.,-47.));
#8454=CARTESIAN_POINT('Origin',(4.99999999999999,29.,-55.));
#8455=CARTESIAN_POINT('',(13.1992647456354,29.,-47.));
#8456=CARTESIAN_POINT('',(11.8007352543646,29.,-47.));
#8457=CARTESIAN_POINT('',(26.8007352543646,29.,-47.));
#8458=CARTESIAN_POINT('Origin',(20.,29.,-55.));
#8459=CARTESIAN_POINT('',(28.1992647456354,29.,-47.));
#8460=CARTESIAN_POINT('',(26.8007352543646,29.,-47.));
#8461=CARTESIAN_POINT('',(41.8007352543646,29.,-47.));
#8462=CARTESIAN_POINT('Origin',(35.,29.,-55.));
#8463=CARTESIAN_POINT('',(43.1992647456354,29.,-47.));
#8464=CARTESIAN_POINT('',(41.8007352543646,29.,-47.));
#8465=CARTESIAN_POINT('',(56.8007352543646,29.,-47.));
#8466=CARTESIAN_POINT('Origin',(50.,29.,-55.));
#8467=CARTESIAN_POINT('',(83.0000000000146,29.,-46.9999999999855));
#8468=CARTESIAN_POINT('',(56.8007352543646,29.,-47.));
#8469=CARTESIAN_POINT('',(83.,29.,-45.));
#8470=CARTESIAN_POINT('',(83.0000000000146,29.,-46.9999999999855));
#8471=CARTESIAN_POINT('',(90.,29.,-38.));
#8472=CARTESIAN_POINT('Origin',(90.,29.,-45.));
#8473=CARTESIAN_POINT('',(91.9999999999854,29.,-38.0000000000146));
#8474=CARTESIAN_POINT('',(90.,29.,-38.));
#8475=CARTESIAN_POINT('',(91.9999999999854,29.,38.0000000000145));
#8476=CARTESIAN_POINT('',(91.9999999999854,29.,-38.0000000000146));
#8477=CARTESIAN_POINT('',(90.,29.,38.));
#8478=CARTESIAN_POINT('',(91.9999999999854,29.,38.0000000000145));
#8479=CARTESIAN_POINT('',(83.,29.,45.));
#8480=CARTESIAN_POINT('Origin',(90.,29.,45.));
#8481=CARTESIAN_POINT('',(83.0000000000145,29.,47.0000000000582));
#8482=CARTESIAN_POINT('',(83.,29.,45.));
#8483=CARTESIAN_POINT('',(56.8007352543646,29.,47.));
#8484=CARTESIAN_POINT('',(83.0000000000145,29.,47.0000000000582));
#8485=CARTESIAN_POINT('',(43.1992647456354,29.,47.));
#8486=CARTESIAN_POINT('Origin',(50.,29.,55.));
#8487=CARTESIAN_POINT('',(41.8007352543646,29.,47.));
#8488=CARTESIAN_POINT('',(43.1992647456354,29.,47.));
#8489=CARTESIAN_POINT('',(28.1992647456354,29.,47.));
#8490=CARTESIAN_POINT('Origin',(35.,29.,55.));
#8491=CARTESIAN_POINT('',(26.8007352543646,29.,47.));
#8492=CARTESIAN_POINT('',(28.1992647456354,29.,47.));
#8493=CARTESIAN_POINT('',(13.1992647456354,29.,47.));
#8494=CARTESIAN_POINT('Origin',(20.,29.,55.));
#8495=CARTESIAN_POINT('',(11.8007352543646,29.,47.));
#8496=CARTESIAN_POINT('',(13.1992647456354,29.,47.));
#8497=CARTESIAN_POINT('',(-0.46296069239494,29.,46.0330573508387));
#8498=CARTESIAN_POINT('Origin',(4.99999999999999,29.,55.));
#8499=CARTESIAN_POINT('Origin',(-7.90036762715332,29.,47.0000000000212));
#8500=CARTESIAN_POINT('',(-15.4003676271533,29.,47.0000000003135));
#8501=CARTESIAN_POINT('Origin',(-7.90036762715332,29.,47.0000000000212));
#8502=CARTESIAN_POINT('',(-83.5,29.,46.9999999999855));
#8503=CARTESIAN_POINT('',(-7.70018381357665,29.,47.0000000003135));
#8504=CARTESIAN_POINT('',(-83.5,29.,45.));
#8505=CARTESIAN_POINT('',(-83.5,29.,47.5));
#8506=CARTESIAN_POINT('',(-90.,29.,38.5));
#8507=CARTESIAN_POINT('Origin',(-90.,29.,45.));
#8508=CARTESIAN_POINT('',(-92.5,29.,38.5));
#8509=CARTESIAN_POINT('',(-90.,29.,38.5));
#8510=CARTESIAN_POINT('',(-92.4999999999999,29.,-38.5));
#8511=CARTESIAN_POINT('',(-92.5,29.,45.));
#8512=CARTESIAN_POINT('',(-90.,29.,-38.5));
#8513=CARTESIAN_POINT('',(-92.5,29.,-38.5));
#8514=CARTESIAN_POINT('',(-83.5,29.,-45.));
#8515=CARTESIAN_POINT('Origin',(-90.,29.,-45.));
#8516=CARTESIAN_POINT('',(-83.5,29.,-46.9999999999899));
#8517=CARTESIAN_POINT('',(-83.5,29.,-45.));
#8518=CARTESIAN_POINT('',(-15.4003676271531,29.,-46.9999999999983));
#8519=CARTESIAN_POINT('',(-12.4999999999991,29.,-46.9999999999983));
#8520=CARTESIAN_POINT('Origin',(-7.90036762715314,29.,-47.0000000000213));
#8521=CARTESIAN_POINT('',(-5.86484650930371,29.,-44.5000000000213));
#8522=CARTESIAN_POINT('',(-9.8648465093037,29.,-44.5000000000213));
#8523=CARTESIAN_POINT('Origin',(-7.86484650930371,29.,-44.5000000000213));
#8524=CARTESIAN_POINT('Origin',(-7.86484650930371,29.,-44.5000000000213));
#8525=CARTESIAN_POINT('',(-5.86484650930379,29.,44.5000000000212));
#8526=CARTESIAN_POINT('',(-9.86484650930379,29.,44.5000000000212));
#8527=CARTESIAN_POINT('Origin',(-7.86484650930379,29.,44.5000000000212));
#8528=CARTESIAN_POINT('Origin',(-7.86484650930379,29.,44.5000000000212));
#8529=CARTESIAN_POINT('',(91.25,29.,44.25));
#8530=CARTESIAN_POINT('Origin',(89.25,29.,44.25));
#8531=CARTESIAN_POINT('',(91.25,29.,-44.25));
#8532=CARTESIAN_POINT('Origin',(89.25,29.,-44.25));
#8533=CARTESIAN_POINT('',(-87.25,29.,-44.25));
#8534=CARTESIAN_POINT('Origin',(-89.25,29.,-44.25));
#8535=CARTESIAN_POINT('',(-87.25,29.,44.25));
#8536=CARTESIAN_POINT('Origin',(-89.25,29.,44.25));
#8537=CARTESIAN_POINT('Origin',(64.,2.5,-25.5));
#8538=CARTESIAN_POINT('',(64.,3.,25.4999999999998));
#8539=CARTESIAN_POINT('',(64.,3.,-12.7499999999961));
#8540=CARTESIAN_POINT('',(64.,19.5,25.4999999999998));
#8541=CARTESIAN_POINT('',(64.,2.5,25.4999999999998));
#8542=CARTESIAN_POINT('',(64.,21.5,23.4999999999998));
#8543=CARTESIAN_POINT('Origin',(64.,19.5,23.4999999999998));
#8544=CARTESIAN_POINT('',(64.,21.5,13.4999999999998));
#8545=CARTESIAN_POINT('',(64.,21.5,11.4999999999998));
#8546=CARTESIAN_POINT('',(64.,19.5,11.4999999999998));
#8547=CARTESIAN_POINT('Origin',(64.,19.5,13.4999999999998));
#8548=CARTESIAN_POINT('',(64.,3.,11.4999999999998));
#8549=CARTESIAN_POINT('',(64.,2.5,11.4999999999998));
#8550=CARTESIAN_POINT('',(64.,3.,-11.5000000000001));
#8551=CARTESIAN_POINT('',(64.,3.,-12.7499999999961));
#8552=CARTESIAN_POINT('',(64.,19.5,-11.5000000000001));
#8553=CARTESIAN_POINT('',(64.,2.5,-11.5000000000001));
#8554=CARTESIAN_POINT('',(64.,21.5,-13.5000000000001));
#8555=CARTESIAN_POINT('Origin',(64.,19.5,-13.5000000000001));
#8556=CARTESIAN_POINT('',(64.,21.5,-23.5));
#8557=CARTESIAN_POINT('',(64.,21.5,-11.5000000000001));
#8558=CARTESIAN_POINT('',(64.,19.5,-25.5));
#8559=CARTESIAN_POINT('Origin',(64.,19.5,-23.5));
#8560=CARTESIAN_POINT('',(64.,3.,-25.5));
#8561=CARTESIAN_POINT('',(64.,2.5,-25.5));
#8562=CARTESIAN_POINT('',(64.,3.,-12.7499999999961));
#8563=CARTESIAN_POINT('Origin',(-6.8648465093037,29.,-39.5718309110406));
#8564=CARTESIAN_POINT('',(-6.8648465093037,3.,-39.5718309110406));
#8565=CARTESIAN_POINT('',(-6.8648465093037,3.,-19.7859154555164));
#8566=CARTESIAN_POINT('',(-6.8648465093037,29.,-39.5718309110406));
#8567=CARTESIAN_POINT('Origin',(-8.8648465093037,29.,-35.));
#8568=CARTESIAN_POINT('',(-8.8648465093037,3.,-39.5622731640931));
#8569=CARTESIAN_POINT('',(-8.86484650930371,29.,-39.5622731640931));
#8570=CARTESIAN_POINT('',(-8.86484650930369,3.,-17.4999999999961));
#8571=CARTESIAN_POINT('Origin',(-8.86484650930374,29.,39.562273164093));
#8572=CARTESIAN_POINT('',(-8.86484650930374,3.,39.562273164093));
#8573=CARTESIAN_POINT('',(-8.86484650930396,3.,19.7811365820507));
#8574=CARTESIAN_POINT('',(-8.86484650930374,29.,39.562273164093));
#8575=CARTESIAN_POINT('Origin',(-7.90036762715314,29.,-47.0000000000213));
#8576=CARTESIAN_POINT('',(-0.46296069239479,3.,-46.0330573508386));
#8577=CARTESIAN_POINT('Origin',(-7.90036762715314,3.,-47.0000000000213));
#8578=CARTESIAN_POINT('',(-0.462960692394792,29.,-46.0330573508386));
#8579=CARTESIAN_POINT('Origin',(-7.90036762715314,29.,-47.0000000000213));
#8580=CARTESIAN_POINT('',(-15.4003676271531,3.,-46.9999999999983));
#8581=CARTESIAN_POINT('',(-15.4003676271531,29.,-46.9999999999983));
#8582=CARTESIAN_POINT('Origin',(-7.90036762715314,3.,-47.0000000000213));
#8583=CARTESIAN_POINT('Origin',(36.7499999999927,3.,7.83817455385361E-12));
#8584=CARTESIAN_POINT('',(68.,3.,-25.5));
#8585=CARTESIAN_POINT('',(64.,3.,-25.5));
#8586=CARTESIAN_POINT('',(70.,3.,-23.5));
#8587=CARTESIAN_POINT('Origin',(68.,3.,-23.5));
#8588=CARTESIAN_POINT('',(70.,3.,-13.5000000000001));
#8589=CARTESIAN_POINT('',(70.,3.,-23.5));
#8590=CARTESIAN_POINT('',(68.,3.,-11.5000000000001));
#8591=CARTESIAN_POINT('Origin',(68.,3.,-13.5000000000001));
#8592=CARTESIAN_POINT('',(68.,3.,-11.5000000000001));
#8593=CARTESIAN_POINT('',(68.,3.,11.4999999999998));
#8594=CARTESIAN_POINT('',(64.,3.,11.4999999999998));
#8595=CARTESIAN_POINT('',(70.,3.,13.4999999999998));
#8596=CARTESIAN_POINT('Origin',(68.,3.,13.4999999999998));
#8597=CARTESIAN_POINT('',(70.,3.,23.4999999999998));
#8598=CARTESIAN_POINT('',(70.,3.,13.4999999999998));
#8599=CARTESIAN_POINT('',(68.,3.,25.4999999999998));
#8600=CARTESIAN_POINT('Origin',(68.,3.,23.4999999999998));
#8601=CARTESIAN_POINT('',(68.,3.,25.4999999999998));
#8602=CARTESIAN_POINT('',(-0.46296069239494,3.,46.0330573508387));
#8603=CARTESIAN_POINT('Origin',(-7.90036762715332,3.,47.0000000000212));
#8604=CARTESIAN_POINT('',(11.8007352543646,3.,47.));
#8605=CARTESIAN_POINT('Origin',(4.99999999999999,3.,55.));
#8606=CARTESIAN_POINT('',(13.1992647456354,3.,47.));
#8607=CARTESIAN_POINT('',(24.2753676271786,3.,47.));
#8608=CARTESIAN_POINT('',(26.8007352543646,3.,47.));
#8609=CARTESIAN_POINT('Origin',(20.,3.,55.));
#8610=CARTESIAN_POINT('',(28.1992647456354,3.,47.));
#8611=CARTESIAN_POINT('',(31.7753676271786,3.,47.));
#8612=CARTESIAN_POINT('',(41.8007352543646,3.,47.));
#8613=CARTESIAN_POINT('Origin',(35.,3.,55.));
#8614=CARTESIAN_POINT('',(43.1992647456354,3.,47.));
#8615=CARTESIAN_POINT('',(39.2753676271783,3.,47.));
#8616=CARTESIAN_POINT('',(56.8007352543646,3.,47.));
#8617=CARTESIAN_POINT('Origin',(50.,3.,55.));
#8618=CARTESIAN_POINT('',(83.0000000000145,3.,47.0000000000582));
#8619=CARTESIAN_POINT('',(46.7753676271264,3.,46.9999999999777));
#8620=CARTESIAN_POINT('',(83.,3.,45.));
#8621=CARTESIAN_POINT('',(82.9999999998436,3.,23.4999999998648));
#8622=CARTESIAN_POINT('',(90.,3.,38.));
#8623=CARTESIAN_POINT('Origin',(90.,3.,45.));
#8624=CARTESIAN_POINT('',(91.9999999999854,3.,38.0000000000145));
#8625=CARTESIAN_POINT('',(63.3749999998581,3.,37.9999999998062));
#8626=CARTESIAN_POINT('',(91.9999999999854,3.,-38.0000000000146));
#8627=CARTESIAN_POINT('',(91.9999999999854,3.,19.0000000000112));
#8628=CARTESIAN_POINT('',(90.,3.,-38.));
#8629=CARTESIAN_POINT('',(64.3749999998508,3.,-37.9999999998136));
#8630=CARTESIAN_POINT('',(83.,3.,-45.));
#8631=CARTESIAN_POINT('Origin',(90.,3.,-45.));
#8632=CARTESIAN_POINT('',(83.0000000000146,3.,-46.9999999999855));
#8633=CARTESIAN_POINT('',(82.9999999998363,3.,-22.4999999998279));
#8634=CARTESIAN_POINT('',(56.8007352543646,3.,-47.));
#8635=CARTESIAN_POINT('',(59.8750000000167,3.,-46.9999999999983));
#8636=CARTESIAN_POINT('',(43.1992647456354,3.,-47.));
#8637=CARTESIAN_POINT('Origin',(50.,3.,-55.));
#8638=CARTESIAN_POINT('',(41.8007352543646,3.,-47.));
#8639=CARTESIAN_POINT('',(39.9746323728141,3.,-47.));
#8640=CARTESIAN_POINT('',(28.1992647456354,3.,-47.));
#8641=CARTESIAN_POINT('Origin',(35.,3.,-55.));
#8642=CARTESIAN_POINT('',(26.8007352543646,3.,-47.));
#8643=CARTESIAN_POINT('',(32.4746323728141,3.,-47.));
#8644=CARTESIAN_POINT('',(13.1992647456354,3.,-47.));
#8645=CARTESIAN_POINT('Origin',(20.,3.,-55.));
#8646=CARTESIAN_POINT('',(11.8007352543646,3.,-47.));
#8647=CARTESIAN_POINT('',(24.9746323728141,3.,-47.));
#8648=CARTESIAN_POINT('Origin',(4.99999999999999,3.,-55.));
#8649=CARTESIAN_POINT('Origin',(36.7499999999927,3.,7.83817455385361E-12));
#8650=CARTESIAN_POINT('',(-83.5,3.,-46.9999999999899));
#8651=CARTESIAN_POINT('',(-40.7500000000025,3.,-46.999999999996));
#8652=CARTESIAN_POINT('',(-83.5,3.,-45.));
#8653=CARTESIAN_POINT('',(-83.5,3.,-23.7499999999212));
#8654=CARTESIAN_POINT('',(-90.,3.,-38.5));
#8655=CARTESIAN_POINT('Origin',(-90.,3.,-45.));
#8656=CARTESIAN_POINT('',(-92.4999999999999,3.,-38.5));
#8657=CARTESIAN_POINT('',(-73.25,3.,-38.5));
#8658=CARTESIAN_POINT('',(-92.5,3.,38.5));
#8659=CARTESIAN_POINT('',(-92.5,3.,-22.4999999999212));
#8660=CARTESIAN_POINT('',(-90.,3.,38.5));
#8661=CARTESIAN_POINT('',(-74.5,3.,38.5));
#8662=CARTESIAN_POINT('',(-83.5,3.,45.));
#8663=CARTESIAN_POINT('Origin',(-90.,3.,45.));
#8664=CARTESIAN_POINT('',(-83.5,3.,46.9999999999855));
#8665=CARTESIAN_POINT('',(-83.4999999999998,3.,22.5000000000787));
#8666=CARTESIAN_POINT('',(-15.4003676271533,3.,47.0000000003135));
#8667=CARTESIAN_POINT('',(-70.0000000001315,3.,47.0000000000616));
#8668=CARTESIAN_POINT('Origin',(-7.90036762715332,3.,47.0000000000212));
#8669=CARTESIAN_POINT('',(-21.5,3.,3.99999999999998));
#8670=CARTESIAN_POINT('',(-36.5,3.,3.99999999999998));
#8671=CARTESIAN_POINT('',(-21.5,3.,-4.00000000000001));
#8672=CARTESIAN_POINT('Origin',(-21.5,3.,-1.77635683940025E-14));
#8673=CARTESIAN_POINT('',(-38.,3.,-4.00000000000001));
#8674=CARTESIAN_POINT('',(-69.5,3.,-3.18360056931473E-14));
#8675=CARTESIAN_POINT('',(-77.5,3.,-3.87284091632037E-14));
#8676=CARTESIAN_POINT('Origin',(-73.5,3.,-3.5527136788005E-14));
#8677=CARTESIAN_POINT('Origin',(-73.5,3.,-3.5527136788005E-14));
#8678=CARTESIAN_POINT('',(-22.5000000000001,3.,-34.4999999999999));
#8679=CARTESIAN_POINT('',(-30.5000000000001,3.,-34.4999999999999));
#8680=CARTESIAN_POINT('Origin',(-26.5000000000001,3.,-34.4999999999999));
#8681=CARTESIAN_POINT('Origin',(-26.5000000000001,3.,-34.4999999999999));
#8682=CARTESIAN_POINT('',(-22.5000000000001,3.,34.5));
#8683=CARTESIAN_POINT('',(-30.5000000000001,3.,34.5));
#8684=CARTESIAN_POINT('Origin',(-26.5000000000001,3.,34.5));
#8685=CARTESIAN_POINT('Origin',(-26.5000000000001,3.,34.5));
#8686=CARTESIAN_POINT('',(-81.5,3.,34.5));
#8687=CARTESIAN_POINT('',(-89.5,3.,34.5));
#8688=CARTESIAN_POINT('Origin',(-85.5,3.,34.5));
#8689=CARTESIAN_POINT('Origin',(-85.5,3.,34.5));
#8690=CARTESIAN_POINT('',(-81.5,3.,-34.4999999999999));
#8691=CARTESIAN_POINT('',(-89.5,3.,-34.4999999999999));
#8692=CARTESIAN_POINT('Origin',(-85.5,3.,-34.4999999999999));
#8693=CARTESIAN_POINT('Origin',(-85.5,3.,-34.4999999999999));
#8694=CARTESIAN_POINT('Origin',(-7.90036762715332,29.,47.0000000000212));
#8695=CARTESIAN_POINT('',(-0.462960692394941,29.,46.0330573508387));
#8696=CARTESIAN_POINT('Origin',(-7.86484650930379,25.125,44.5000000000212));
#8697=CARTESIAN_POINT('',(-5.86484650930379,25.75,44.5000000000212));
#8698=CARTESIAN_POINT('',(-9.86484650930379,25.75,44.5000000000212));
#8699=CARTESIAN_POINT('Origin',(-7.86484650930379,25.75,44.5000000000212));
#8700=CARTESIAN_POINT('Origin',(-7.86484650930379,25.75,44.5000000000212));
#8701=CARTESIAN_POINT('',(-4.61484650930378,24.5,44.5000000000212));
#8702=CARTESIAN_POINT('',(-5.23984650930378,25.125,44.5000000000212));
#8703=CARTESIAN_POINT('',(-11.1148465093038,24.5,44.5000000000212));
#8704=CARTESIAN_POINT('Origin',(-7.86484650930379,24.5,44.5000000000212));
#8705=CARTESIAN_POINT('Origin',(-7.86484650930379,24.5,44.5000000000212));
#8706=CARTESIAN_POINT('Origin',(-7.86484650930379,29.,44.5000000000212));
#8707=CARTESIAN_POINT('',(-9.86484650930379,29.,44.5000000000212));
#8708=CARTESIAN_POINT('Origin',(-7.86484650930371,25.125,-44.5000000000213));
#8709=CARTESIAN_POINT('',(-5.86484650930371,25.75,-44.5000000000213));
#8710=CARTESIAN_POINT('',(-9.8648465093037,25.75,-44.5000000000213));
#8711=CARTESIAN_POINT('Origin',(-7.86484650930371,25.75,-44.5000000000213));
#8712=CARTESIAN_POINT('Origin',(-7.86484650930371,25.75,-44.5000000000213));
#8713=CARTESIAN_POINT('',(-4.6148465093037,24.5,-44.5000000000213));
#8714=CARTESIAN_POINT('',(-5.23984650930371,25.125,-44.5000000000213));
#8715=CARTESIAN_POINT('',(-11.1148465093037,24.5,-44.5000000000213));
#8716=CARTESIAN_POINT('Origin',(-7.86484650930371,24.5,-44.5000000000213));
#8717=CARTESIAN_POINT('Origin',(-7.86484650930371,24.5,-44.5000000000213));
#8718=CARTESIAN_POINT('Origin',(-7.86484650930371,29.,-44.5000000000213));
#8719=CARTESIAN_POINT('',(-9.8648465093037,29.,-44.5000000000213));
#8720=CARTESIAN_POINT('Origin',(-7.86484650930371,0.,-44.5000000000213));
#8721=CARTESIAN_POINT('',(-11.1148465093037,0.,-44.5000000000213));
#8722=CARTESIAN_POINT('Origin',(-7.86484650930379,0.,44.5000000000212));
#8723=CARTESIAN_POINT('',(-11.1148465093038,0.,44.5000000000212));
#8724=CARTESIAN_POINT('Origin',(-7.90036762715332,29.,47.0000000000212));
#8725=CARTESIAN_POINT('',(-15.4003676271533,29.,47.0000000003135));
#8726=CARTESIAN_POINT('Origin',(4.99999999999999,29.,55.));
#8727=CARTESIAN_POINT('',(11.8007352543646,29.,47.));
#8728=CARTESIAN_POINT('Origin',(-90.5,15.591438824744,25.1179821071855));
#8729=CARTESIAN_POINT('',(-90.5,15.591438824744,18.6179821071855));
#8730=CARTESIAN_POINT('Origin',(-90.5,15.591438824744,25.1179821071855));
#8731=CARTESIAN_POINT('',(-92.5,15.591438824744,16.6179821071855));
#8732=CARTESIAN_POINT('Origin',(-90.5,15.591438824744,16.6179821071855));
#8733=CARTESIAN_POINT('Origin',(-92.5,15.591438824744,25.1179821071855));
#8734=CARTESIAN_POINT('Origin',(-92.5,0.,-45.));
#8735=CARTESIAN_POINT('',(-92.5,14.5,-38.5));
#8736=CARTESIAN_POINT('',(-92.5,14.5,38.5));
#8737=CARTESIAN_POINT('Origin',(-90.5,15.591438824744,25.1179821071855));
#8738=CARTESIAN_POINT('',(-90.5,15.591438824744,21.6179821071855));
#8739=CARTESIAN_POINT('Origin',(-90.5,15.591438824744,25.1179821071855));
#8740=CARTESIAN_POINT('Origin',(-43.5000000000145,10.0000000000146,47.5));
#8741=CARTESIAN_POINT('',(-43.5000000000062,13.,47.0000000002099));
#8742=CARTESIAN_POINT('',(-43.5000000000145,13.,48.5000000002099));
#8743=CARTESIAN_POINT('',(-43.5000000000145,13.,47.250000000105));
#8744=CARTESIAN_POINT('',(-43.5000000000145,22.,48.5000000002099));
#8745=CARTESIAN_POINT('',(-43.5000000000145,24.9999999999854,48.5));
#8746=CARTESIAN_POINT('',(-43.5000000000062,22.,47.0000000002099));
#8747=CARTESIAN_POINT('',(-43.5000000000145,22.,47.2500000000504));
#8748=CARTESIAN_POINT('',(-43.5000000000117,19.5000000000073,47.0000000002099));
#8749=CARTESIAN_POINT('Origin',(-53.25,17.5,48.5));
#8750=CARTESIAN_POINT('',(-46.5,13.,48.5));
#8751=CARTESIAN_POINT('',(-48.3750000000031,13.,48.5));
#8752=CARTESIAN_POINT('',(-46.5,22.,48.5));
#8753=CARTESIAN_POINT('',(-46.5,19.75,48.5));
#8754=CARTESIAN_POINT('',(-58.1249999999885,22.,48.5));
#8755=CARTESIAN_POINT('Origin',(-53.25,17.5,48.5));
#8756=CARTESIAN_POINT('',(-60.,13.,48.5));
#8757=CARTESIAN_POINT('',(-62.9999999999854,13.,48.5000000001008));
#8758=CARTESIAN_POINT('',(-48.3750000000031,13.,48.5));
#8759=CARTESIAN_POINT('',(-62.9999999999854,22.,48.5000000001008));
#8760=CARTESIAN_POINT('',(-62.9999999999854,10.0000000000146,48.5));
#8761=CARTESIAN_POINT('',(-60.,22.,48.5));
#8762=CARTESIAN_POINT('',(-58.1249999999885,22.,48.5));
#8763=CARTESIAN_POINT('',(-60.,15.25,48.5));
#8764=CARTESIAN_POINT('Origin',(-62.9999999999854,24.9999999999854,47.5));
#8765=CARTESIAN_POINT('',(-62.999999999977,13.,47.0000000001008));
#8766=CARTESIAN_POINT('',(-62.9999999999854,13.,47.250000000105));
#8767=CARTESIAN_POINT('',(-62.999999999977,22.,47.0000000001008));
#8768=CARTESIAN_POINT('',(-62.9999999999826,26.9999999999927,47.0000000001008));
#8769=CARTESIAN_POINT('',(-62.9999999999854,22.,47.2500000000504));
#8770=CARTESIAN_POINT('Origin',(20.,29.,-55.));
#8771=CARTESIAN_POINT('',(26.8007352543646,29.,-47.));
#8772=CARTESIAN_POINT('',(13.1992647456354,29.,-47.));
#8773=CARTESIAN_POINT('Origin',(28.1992647456354,29.,-47.));
#8774=CARTESIAN_POINT('',(28.1992647456354,29.,-47.));
#8775=CARTESIAN_POINT('Origin',(35.,29.,-55.));
#8776=CARTESIAN_POINT('',(41.8007352543646,29.,-47.));
#8777=CARTESIAN_POINT('Origin',(43.1992647456354,29.,-47.));
#8778=CARTESIAN_POINT('',(43.1992647456354,29.,-47.));
#8779=CARTESIAN_POINT('Origin',(50.,29.,-55.));
#8780=CARTESIAN_POINT('',(56.8007352543646,29.,-47.));
#8781=CARTESIAN_POINT('Origin',(83.0000000000146,29.,-46.9999999999855));
#8782=CARTESIAN_POINT('',(83.0000000000146,29.,-46.9999999999855));
#8783=CARTESIAN_POINT('Origin',(83.,29.,-45.));
#8784=CARTESIAN_POINT('',(83.,29.,-45.));
#8785=CARTESIAN_POINT('Origin',(90.,29.,-45.));
#8786=CARTESIAN_POINT('',(90.,29.,-38.));
#8787=CARTESIAN_POINT('Origin',(91.9999999999854,29.,-38.0000000000146));
#8788=CARTESIAN_POINT('',(91.9999999999854,29.,-38.0000000000146));
#8789=CARTESIAN_POINT('Origin',(91.9999999999854,29.,38.0000000000145));
#8790=CARTESIAN_POINT('',(91.9999999999854,29.,38.0000000000145));
#8791=CARTESIAN_POINT('',(91.9999999999854,14.5,26.));
#8792=CARTESIAN_POINT('Origin',(91.9999999999854,14.5,20.));
#8793=CARTESIAN_POINT('',(91.9999999999854,14.5,-14.));
#8794=CARTESIAN_POINT('Origin',(91.9999999999854,14.5,-20.));
#8795=CARTESIAN_POINT('Origin',(90.,29.,38.));
#8796=CARTESIAN_POINT('',(90.,29.,38.));
#8797=CARTESIAN_POINT('Origin',(90.,29.,45.));
#8798=CARTESIAN_POINT('',(83.,29.,45.));
#8799=CARTESIAN_POINT('Origin',(83.0000000000145,29.,47.0000000000582));
#8800=CARTESIAN_POINT('',(83.0000000000145,29.,47.0000000000582));
#8801=CARTESIAN_POINT('Origin',(56.8007352543646,29.,47.));
#8802=CARTESIAN_POINT('',(56.8007352543646,29.,47.));
#8803=CARTESIAN_POINT('',(76.4641016151204,12.,47.0000000000437));
#8804=CARTESIAN_POINT('',(76.4641016151204,23.,47.0000000000437));
#8805=CARTESIAN_POINT('Origin',(72.9999999999827,17.5,47.000000000036));
#8806=CARTESIAN_POINT('',(69.5358983848449,23.,47.0000000000283));
#8807=CARTESIAN_POINT('',(66.6324184347425,23.,47.0000000000218));
#8808=CARTESIAN_POINT('',(69.5358983848449,12.,47.0000000000283));
#8809=CARTESIAN_POINT('Origin',(72.9999999999827,17.5,47.000000000036));
#8810=CARTESIAN_POINT('',(63.1683168196047,12.,47.0000000000142));
#8811=CARTESIAN_POINT('Origin',(50.,29.,55.));
#8812=CARTESIAN_POINT('',(43.1992647456354,29.,47.));
#8813=CARTESIAN_POINT('Origin',(41.8007352543646,29.,47.));
#8814=CARTESIAN_POINT('',(41.8007352543646,29.,47.));
#8815=CARTESIAN_POINT('Origin',(35.,29.,55.));
#8816=CARTESIAN_POINT('',(28.1992647456354,29.,47.));
#8817=CARTESIAN_POINT('Origin',(26.8007352543646,29.,47.));
#8818=CARTESIAN_POINT('',(26.8007352543646,29.,47.));
#8819=CARTESIAN_POINT('Origin',(20.,29.,55.));
#8820=CARTESIAN_POINT('',(13.1992647456354,29.,47.));
#8821=CARTESIAN_POINT('Origin',(11.8007352543646,29.,47.));
#8822=CARTESIAN_POINT('Origin',(72.9999999999827,17.5,47.000000000036));
#8823=CARTESIAN_POINT('',(69.5358983848383,12.,50.));
#8824=CARTESIAN_POINT('',(69.5358983848383,23.,50.));
#8825=CARTESIAN_POINT('Origin',(72.999999999976,17.5,50.0000000003621));
#8826=CARTESIAN_POINT('',(69.5358983848449,12.,47.0000000000283));
#8827=CARTESIAN_POINT('',(69.5358983848449,23.,47.0000000000283));
#8828=CARTESIAN_POINT('Origin',(76.4641016151204,23.,47.0000000000437));
#8829=CARTESIAN_POINT('',(76.4641016151138,23.,50.));
#8830=CARTESIAN_POINT('',(-6.76794919243978,23.,50.));
#8831=CARTESIAN_POINT('',(76.4641016151204,23.,47.0000000000437));
#8832=CARTESIAN_POINT('Origin',(72.9999999999827,17.5,47.000000000036));
#8833=CARTESIAN_POINT('',(76.4641016151138,12.,50.));
#8834=CARTESIAN_POINT('Origin',(72.999999999976,17.5,50.0000000003621));
#8835=CARTESIAN_POINT('',(76.4641016151204,12.,47.0000000000437));
#8836=CARTESIAN_POINT('Origin',(69.5358983848449,12.,47.0000000000283));
#8837=CARTESIAN_POINT('',(-10.2320508075775,12.,50.));
#8838=CARTESIAN_POINT('Origin',(-98.,8.75,9.00000000000001));
#8839=CARTESIAN_POINT('',(-95.,20.,9.00000000000001));
#8840=CARTESIAN_POINT('',(-98.,20.,6.00000000000001));
#8841=CARTESIAN_POINT('Origin',(-98.,20.,9.00000000000001));
#8842=CARTESIAN_POINT('',(-98.,15.,6.00000000000001));
#8843=CARTESIAN_POINT('',(-98.,8.75,6.00000000000001));
#8844=CARTESIAN_POINT('',(-95.,15.,9.00000000000001));
#8845=CARTESIAN_POINT('Origin',(-98.,15.,9.00000000000001));
#8846=CARTESIAN_POINT('',(-95.,8.75,9.00000000000001));
#8847=CARTESIAN_POINT('Origin',(-95.,17.5,6.));
#8848=CARTESIAN_POINT('',(-98.4999999999998,20.,6.00000000000001));
#8849=CARTESIAN_POINT('',(-95.,20.,6.));
#8850=CARTESIAN_POINT('',(-98.4999999999998,15.,6.00000000000001));
#8851=CARTESIAN_POINT('',(-98.4999999999998,17.5,6.00000000000001));
#8852=CARTESIAN_POINT('',(-95.,15.,6.));
#8853=CARTESIAN_POINT('Origin',(-98.,8.75,-8.99999999999999));
#8854=CARTESIAN_POINT('',(-95.,15.,-8.99999999999999));
#8855=CARTESIAN_POINT('',(-98.,15.,-6.));
#8856=CARTESIAN_POINT('Origin',(-98.,15.,-8.99999999999999));
#8857=CARTESIAN_POINT('',(-98.,20.,-6.));
#8858=CARTESIAN_POINT('',(-98.,8.75,-6.));
#8859=CARTESIAN_POINT('',(-95.,20.,-8.99999999999999));
#8860=CARTESIAN_POINT('Origin',(-98.,20.,-8.99999999999999));
#8861=CARTESIAN_POINT('',(-95.,8.75,-8.99999999999999));
#8862=CARTESIAN_POINT('Origin',(-98.5,17.5,-5.99999999999999));
#8863=CARTESIAN_POINT('',(-98.5,15.,-5.99999999999999));
#8864=CARTESIAN_POINT('',(-98.5,15.,-5.99999999999999));
#8865=CARTESIAN_POINT('',(-98.5,20.,-5.99999999999999));
#8866=CARTESIAN_POINT('',(-98.5,17.5,-5.99999999999999));
#8867=CARTESIAN_POINT('',(-98.5,20.,-5.99999999999999));
#8868=CARTESIAN_POINT('Origin',(-99.75,20.,4.44089209850063E-15));
#8869=CARTESIAN_POINT('Origin',(-98.5,20.,8.88178419700125E-15));
#8870=CARTESIAN_POINT('',(-95.,20.,-22.5));
#8871=CARTESIAN_POINT('',(-95.5,20.,8.88178419700125E-15));
#8872=CARTESIAN_POINT('Origin',(-98.5,20.,8.88178419700125E-15));
#8873=CARTESIAN_POINT('Origin',(-98.5,17.5,8.88178419700125E-15));
#8874=CARTESIAN_POINT('',(-95.5,15.,8.88178419700125E-15));
#8875=CARTESIAN_POINT('Origin',(-98.5,15.,8.88178419700125E-15));
#8876=CARTESIAN_POINT('',(-95.5,17.5,9.24917823674546E-15));
#8877=CARTESIAN_POINT('Origin',(-98.5,17.5,8.88178419700125E-15));
#8878=CARTESIAN_POINT('Origin',(-98.5,15.,8.88178419700125E-15));
#8879=CARTESIAN_POINT('Origin',(-99.75,15.,4.44089209850063E-15));
#8880=CARTESIAN_POINT('',(-95.,15.,-22.5));
#8881=CARTESIAN_POINT('Origin',(-73.5,3.,-3.5527136788005E-14));
#8882=CARTESIAN_POINT('',(-69.5,7.5,-3.18360056931473E-14));
#8883=CARTESIAN_POINT('',(-77.5,7.5,-3.87284091632037E-14));
#8884=CARTESIAN_POINT('Origin',(-73.5,7.5,-3.5527136788005E-14));
#8885=CARTESIAN_POINT('Origin',(-73.5,7.5,-3.5527136788005E-14));
#8886=CARTESIAN_POINT('',(-77.5,3.,-3.87284091632037E-14));
#8887=CARTESIAN_POINT('Origin',(-73.5,7.5,-3.5527136788005E-14));
#8888=CARTESIAN_POINT('Origin',(26.8007352543677,29.,47.));
#8889=CARTESIAN_POINT('',(25.8292016466009,28.,48.1428571428571));
#8890=CARTESIAN_POINT('',(25.8292016466009,29.,48.1428571428571));
#8891=CARTESIAN_POINT('',(26.8007352543646,28.,48.5));
#8892=CARTESIAN_POINT('Origin',(26.8007352543677,28.,47.));
#8893=CARTESIAN_POINT('',(26.8007352543646,29.,48.5));
#8894=CARTESIAN_POINT('Origin',(20.,29.,55.));
#8895=CARTESIAN_POINT('',(14.1707983533991,28.,48.1428571428571));
#8896=CARTESIAN_POINT('',(14.1707983533991,29.,48.1428571428571));
#8897=CARTESIAN_POINT('Origin',(20.,28.,55.));
#8898=CARTESIAN_POINT('Origin',(13.1992647456323,29.,47.));
#8899=CARTESIAN_POINT('',(13.1992647456354,28.,48.5));
#8900=CARTESIAN_POINT('',(13.1992647456354,29.,48.5));
#8901=CARTESIAN_POINT('Origin',(13.1992647456323,28.,47.));
#8902=CARTESIAN_POINT('Origin',(11.8007352543646,29.,48.5));
#8903=CARTESIAN_POINT('',(11.8007352543646,28.,48.5));
#8904=CARTESIAN_POINT('',(11.8007352543646,29.,48.5));
#8905=CARTESIAN_POINT('',(13.1992647456354,28.,48.5));
#8906=CARTESIAN_POINT('Origin',(11.8007352543677,29.,47.));
#8907=CARTESIAN_POINT('',(10.8292016466009,28.,48.1428571428571));
#8908=CARTESIAN_POINT('',(10.8292016466009,29.,48.1428571428571));
#8909=CARTESIAN_POINT('Origin',(11.8007352543677,28.,47.));
#8910=CARTESIAN_POINT('Origin',(4.99999999999999,29.,55.));
#8911=CARTESIAN_POINT('',(-0.829201646600914,28.,48.1428571428571));
#8912=CARTESIAN_POINT('',(-0.829201646600915,29.,48.1428571428571));
#8913=CARTESIAN_POINT('Origin',(4.99999999999999,28.,55.));
#8914=CARTESIAN_POINT('Origin',(-1.80073525436773,29.,47.));
#8915=CARTESIAN_POINT('',(-1.80073525436455,28.,48.5));
#8916=CARTESIAN_POINT('',(-1.80073525436455,29.,48.5));
#8917=CARTESIAN_POINT('Origin',(-1.80073525436773,28.,47.));
#8918=CARTESIAN_POINT('Origin',(-90.,29.,48.5));
#8919=CARTESIAN_POINT('',(-90.,28.,48.5));
#8920=CARTESIAN_POINT('',(-90.,29.,48.5));
#8921=CARTESIAN_POINT('',(-1.80073525436455,28.,48.5));
#8922=CARTESIAN_POINT('Origin',(-90.,29.,45.));
#8923=CARTESIAN_POINT('',(-93.5,28.,45.));
#8924=CARTESIAN_POINT('',(-93.5,29.,45.));
#8925=CARTESIAN_POINT('Origin',(-90.,28.,45.));
#8926=CARTESIAN_POINT('Origin',(-93.4999999999999,29.,-45.));
#8927=CARTESIAN_POINT('',(-93.4999999999999,28.,-45.));
#8928=CARTESIAN_POINT('',(-93.4999999999999,29.,-45.));
#8929=CARTESIAN_POINT('',(-93.5,28.,45.));
#8930=CARTESIAN_POINT('Origin',(-90.,29.,-45.));
#8931=CARTESIAN_POINT('',(-90.,28.,-48.5));
#8932=CARTESIAN_POINT('',(-90.,29.,-48.5));
#8933=CARTESIAN_POINT('Origin',(-90.,28.,-45.));
#8934=CARTESIAN_POINT('Origin',(-1.80073525436455,29.,-48.5));
#8935=CARTESIAN_POINT('',(-1.80073525436455,28.,-48.5));
#8936=CARTESIAN_POINT('',(-1.80073525436455,29.,-48.5));
#8937=CARTESIAN_POINT('',(-90.,28.,-48.5));
#8938=CARTESIAN_POINT('Origin',(-1.80073525436775,29.,-47.));
#8939=CARTESIAN_POINT('',(-0.829201646600932,28.,-48.1428571428572));
#8940=CARTESIAN_POINT('',(-0.829201646600934,29.,-48.1428571428572));
#8941=CARTESIAN_POINT('Origin',(-1.80073525436775,28.,-47.));
#8942=CARTESIAN_POINT('Origin',(4.99999999999999,29.,-55.));
#8943=CARTESIAN_POINT('',(10.8292016466009,28.,-48.1428571428572));
#8944=CARTESIAN_POINT('',(10.8292016466009,29.,-48.1428571428572));
#8945=CARTESIAN_POINT('Origin',(4.99999999999999,28.,-55.));
#8946=CARTESIAN_POINT('Origin',(11.8007352543677,29.,-47.));
#8947=CARTESIAN_POINT('',(11.8007352543646,28.,-48.5));
#8948=CARTESIAN_POINT('',(11.8007352543646,29.,-48.5));
#8949=CARTESIAN_POINT('Origin',(11.8007352543677,28.,-47.));
#8950=CARTESIAN_POINT('Origin',(13.1992647456354,29.,-48.5));
#8951=CARTESIAN_POINT('',(13.1992647456354,28.,-48.5));
#8952=CARTESIAN_POINT('',(13.1992647456354,29.,-48.5));
#8953=CARTESIAN_POINT('',(11.8007352543646,28.,-48.5));
#8954=CARTESIAN_POINT('Origin',(13.1992647456322,29.,-47.));
#8955=CARTESIAN_POINT('',(14.1707983533991,28.,-48.1428571428572));
#8956=CARTESIAN_POINT('',(14.1707983533991,29.,-48.1428571428572));
#8957=CARTESIAN_POINT('Origin',(13.1992647456322,28.,-47.));
#8958=CARTESIAN_POINT('Origin',(20.,29.,-55.));
#8959=CARTESIAN_POINT('',(25.8292016466009,28.,-48.1428571428572));
#8960=CARTESIAN_POINT('',(25.8292016466009,29.,-48.1428571428572));
#8961=CARTESIAN_POINT('Origin',(20.,28.,-55.));
#8962=CARTESIAN_POINT('Origin',(26.8007352543677,29.,-47.));
#8963=CARTESIAN_POINT('',(26.8007352543646,28.,-48.5));
#8964=CARTESIAN_POINT('',(26.8007352543646,29.,-48.5));
#8965=CARTESIAN_POINT('Origin',(26.8007352543677,28.,-47.));
#8966=CARTESIAN_POINT('Origin',(28.1992647456354,29.,-48.5));
#8967=CARTESIAN_POINT('',(28.1992647456354,28.,-48.5));
#8968=CARTESIAN_POINT('',(28.1992647456354,29.,-48.5));
#8969=CARTESIAN_POINT('',(26.8007352543646,28.,-48.5));
#8970=CARTESIAN_POINT('Origin',(28.1992647456322,29.,-47.));
#8971=CARTESIAN_POINT('',(29.1707983533991,28.,-48.1428571428572));
#8972=CARTESIAN_POINT('',(29.1707983533991,29.,-48.1428571428572));
#8973=CARTESIAN_POINT('Origin',(28.1992647456322,28.,-47.));
#8974=CARTESIAN_POINT('Origin',(35.,29.,-55.));
#8975=CARTESIAN_POINT('',(40.8292016466009,28.,-48.1428571428572));
#8976=CARTESIAN_POINT('',(40.8292016466009,29.,-48.1428571428572));
#8977=CARTESIAN_POINT('Origin',(35.,28.,-55.));
#8978=CARTESIAN_POINT('Origin',(41.8007352543677,29.,-47.));
#8979=CARTESIAN_POINT('',(41.8007352543646,28.,-48.5));
#8980=CARTESIAN_POINT('',(41.8007352543646,29.,-48.5));
#8981=CARTESIAN_POINT('Origin',(41.8007352543677,28.,-47.));
#8982=CARTESIAN_POINT('Origin',(43.1992647456354,29.,-48.5));
#8983=CARTESIAN_POINT('',(43.1992647456354,28.,-48.5));
#8984=CARTESIAN_POINT('',(43.1992647456354,29.,-48.5));
#8985=CARTESIAN_POINT('',(41.8007352543646,28.,-48.5));
#8986=CARTESIAN_POINT('Origin',(43.1992647456322,29.,-47.));
#8987=CARTESIAN_POINT('',(44.1707983533991,28.,-48.1428571428572));
#8988=CARTESIAN_POINT('',(44.1707983533991,29.,-48.1428571428572));
#8989=CARTESIAN_POINT('Origin',(43.1992647456322,28.,-47.));
#8990=CARTESIAN_POINT('Origin',(50.,29.,-55.));
#8991=CARTESIAN_POINT('',(55.8292016466009,28.,-48.1428571428572));
#8992=CARTESIAN_POINT('',(55.8292016466009,29.,-48.1428571428572));
#8993=CARTESIAN_POINT('Origin',(50.,28.,-55.));
#8994=CARTESIAN_POINT('Origin',(56.8007352543677,29.,-47.));
#8995=CARTESIAN_POINT('',(56.8007352543646,28.,-48.5));
#8996=CARTESIAN_POINT('',(56.8007352543646,29.,-48.5));
#8997=CARTESIAN_POINT('Origin',(56.8007352543677,28.,-47.));
#8998=CARTESIAN_POINT('Origin',(90.,29.,-48.5));
#8999=CARTESIAN_POINT('',(90.,28.,-48.5));
#9000=CARTESIAN_POINT('',(90.,29.,-48.5));
#9001=CARTESIAN_POINT('',(56.8007352543646,28.,-48.5));
#9002=CARTESIAN_POINT('Origin',(90.,29.,-45.));
#9003=CARTESIAN_POINT('',(93.5,28.,-45.));
#9004=CARTESIAN_POINT('',(93.5,29.,-45.));
#9005=CARTESIAN_POINT('Origin',(90.,28.,-45.));
#9006=CARTESIAN_POINT('Origin',(93.5,29.,45.));
#9007=CARTESIAN_POINT('',(93.5,28.,45.));
#9008=CARTESIAN_POINT('',(93.5,29.,45.));
#9009=CARTESIAN_POINT('',(93.5,28.,-45.));
#9010=CARTESIAN_POINT('Origin',(90.,29.,45.));
#9011=CARTESIAN_POINT('',(90.,28.,48.5));
#9012=CARTESIAN_POINT('',(90.,29.,48.5));
#9013=CARTESIAN_POINT('Origin',(90.,28.,45.));
#9014=CARTESIAN_POINT('Origin',(56.8007352543646,29.,48.5));
#9015=CARTESIAN_POINT('',(56.8007352543646,28.,48.5));
#9016=CARTESIAN_POINT('',(56.8007352543646,29.,48.5));
#9017=CARTESIAN_POINT('',(90.,28.,48.5));
#9018=CARTESIAN_POINT('Origin',(56.8007352543677,29.,47.));
#9019=CARTESIAN_POINT('',(55.8292016466009,28.,48.1428571428571));
#9020=CARTESIAN_POINT('',(55.8292016466009,29.,48.1428571428571));
#9021=CARTESIAN_POINT('Origin',(56.8007352543677,28.,47.));
#9022=CARTESIAN_POINT('Origin',(50.,29.,55.));
#9023=CARTESIAN_POINT('',(44.1707983533991,28.,48.1428571428571));
#9024=CARTESIAN_POINT('',(44.1707983533991,29.,48.1428571428571));
#9025=CARTESIAN_POINT('Origin',(50.,28.,55.));
#9026=CARTESIAN_POINT('Origin',(43.1992647456323,29.,47.));
#9027=CARTESIAN_POINT('',(43.1992647456354,28.,48.5));
#9028=CARTESIAN_POINT('',(43.1992647456354,29.,48.5));
#9029=CARTESIAN_POINT('Origin',(43.1992647456323,28.,47.));
#9030=CARTESIAN_POINT('Origin',(41.8007352543646,29.,48.5));
#9031=CARTESIAN_POINT('',(41.8007352543646,28.,48.5));
#9032=CARTESIAN_POINT('',(41.8007352543646,29.,48.5));
#9033=CARTESIAN_POINT('',(43.1992647456354,28.,48.5));
#9034=CARTESIAN_POINT('Origin',(41.8007352543677,29.,47.));
#9035=CARTESIAN_POINT('',(40.8292016466009,28.,48.1428571428571));
#9036=CARTESIAN_POINT('',(40.8292016466009,29.,48.1428571428571));
#9037=CARTESIAN_POINT('Origin',(41.8007352543677,28.,47.));
#9038=CARTESIAN_POINT('Origin',(35.,29.,55.));
#9039=CARTESIAN_POINT('',(29.1707983533991,28.,48.1428571428571));
#9040=CARTESIAN_POINT('',(29.1707983533991,29.,48.1428571428571));
#9041=CARTESIAN_POINT('Origin',(35.,28.,55.));
#9042=CARTESIAN_POINT('Origin',(28.1992647456323,29.,47.));
#9043=CARTESIAN_POINT('',(28.1992647456354,28.,48.5));
#9044=CARTESIAN_POINT('',(28.1992647456354,29.,48.5));
#9045=CARTESIAN_POINT('Origin',(28.1992647456323,28.,47.));
#9046=CARTESIAN_POINT('Origin',(26.8007352543646,29.,48.5));
#9047=CARTESIAN_POINT('',(28.1992647456354,28.,48.5));
#9048=CARTESIAN_POINT('Origin',(-24.9999999999983,29.,-46.9999999999983));
#9049=CARTESIAN_POINT('',(-83.5,29.,-46.9999999999899));
#9050=CARTESIAN_POINT('Origin',(-21.5,7.5,-4.00000000000001));
#9051=CARTESIAN_POINT('',(-21.5,7.5,-4.00000000000001));
#9052=CARTESIAN_POINT('',(-21.5,2.5,-4.00000000000001));
#9053=CARTESIAN_POINT('',(-18.5,7.5,-4.00000000000001));
#9054=CARTESIAN_POINT('Origin',(-21.5,2.5,-1.77635683940025E-14));
#9055=CARTESIAN_POINT('',(-21.5,7.5,3.99999999999998));
#9056=CARTESIAN_POINT('',(-21.5,2.5,3.99999999999998));
#9057=CARTESIAN_POINT('Origin',(-21.5,7.5,-1.77635683940025E-14));
#9058=CARTESIAN_POINT('Origin',(-18.5,7.5,3.99999999999998));
#9059=CARTESIAN_POINT('',(-21.5,7.5,3.99999999999998));
#9060=CARTESIAN_POINT('Origin',(-83.5,29.,46.9999999999861));
#9061=CARTESIAN_POINT('',(-83.5,29.,46.9999999999861));
#9062=CARTESIAN_POINT('',(-62.999999999977,13.,47.0000000001008));
#9063=CARTESIAN_POINT('',(-43.5000000000062,22.,47.0000000002099));
#9064=CARTESIAN_POINT('Origin',(4.99999999999999,29.,-55.));
#9065=CARTESIAN_POINT('',(11.8007352543646,29.,-47.));
#9066=CARTESIAN_POINT('Origin',(13.1992647456354,29.,-47.));
#9067=CARTESIAN_POINT('Origin',(61.5,19.5,23.4999999999998));
#9068=CARTESIAN_POINT('',(61.5,19.5,25.4999999999998));
#9069=CARTESIAN_POINT('',(61.5,21.5,23.4999999999998));
#9070=CARTESIAN_POINT('Origin',(61.5,19.5,23.4999999999998));
#9071=CARTESIAN_POINT('',(61.5,21.5,23.4999999999998));
#9072=CARTESIAN_POINT('',(61.5,19.5,25.4999999999998));
#9073=CARTESIAN_POINT('Origin',(61.5,21.5,11.4999999999998));
#9074=CARTESIAN_POINT('',(61.5,21.5,13.4999999999998));
#9075=CARTESIAN_POINT('',(61.5,21.5,11.4999999999998));
#9076=CARTESIAN_POINT('',(62.25,21.5,13.4999999999998));
#9077=CARTESIAN_POINT('Origin',(62.25,19.5,13.4999999999998));
#9078=CARTESIAN_POINT('',(61.5,19.5,11.4999999999998));
#9079=CARTESIAN_POINT('Origin',(61.5,19.5,13.4999999999998));
#9080=CARTESIAN_POINT('',(62.25,19.5,11.4999999999998));
#9081=CARTESIAN_POINT('Origin',(62.75,19.5,-13.5000000000001));
#9082=CARTESIAN_POINT('',(61.5,19.5,-11.5000000000001));
#9083=CARTESIAN_POINT('',(61.5,21.5,-13.5000000000001));
#9084=CARTESIAN_POINT('Origin',(61.5,19.5,-13.5000000000001));
#9085=CARTESIAN_POINT('',(62.75,21.5,-13.5000000000001));
#9086=CARTESIAN_POINT('',(62.75,19.5,-11.5000000000001));
#9087=CARTESIAN_POINT('Origin',(64.,21.5,-11.5000000000001));
#9088=CARTESIAN_POINT('',(61.5,21.5,-23.5));
#9089=CARTESIAN_POINT('',(61.5,21.5,-11.5000000000001));
#9090=CARTESIAN_POINT('',(63.5,21.5,-23.5));
#9091=CARTESIAN_POINT('Origin',(63.5,19.5,-23.5));
#9092=CARTESIAN_POINT('',(61.5,19.5,-25.5));
#9093=CARTESIAN_POINT('Origin',(61.5,19.5,-23.5));
#9094=CARTESIAN_POINT('',(63.5,19.5,-25.5));
#9095=CARTESIAN_POINT('Origin',(63.,1.5,11.4999999999998));
#9096=CARTESIAN_POINT('',(61.5,1.5,11.4999999999998));
#9097=CARTESIAN_POINT('',(61.5,2.5,11.4999999999998));
#9098=CARTESIAN_POINT('',(63.,1.5,11.4999999999998));
#9099=CARTESIAN_POINT('',(42.25,1.5,11.4999999999998));
#9100=CARTESIAN_POINT('',(68.,1.5,11.4999999999998));
#9101=CARTESIAN_POINT('',(63.,1.5,11.4999999999998));
#9102=CARTESIAN_POINT('',(68.,1.5,11.4999999999998));
#9103=CARTESIAN_POINT('Origin',(61.5,1.5,-11.5000000000001));
#9104=CARTESIAN_POINT('',(68.,1.5,-11.5000000000001));
#9105=CARTESIAN_POINT('',(68.,1.5,-11.5000000000001));
#9106=CARTESIAN_POINT('',(63.,1.5,-11.5000000000001));
#9107=CARTESIAN_POINT('',(61.5,1.5,-11.5000000000001));
#9108=CARTESIAN_POINT('',(61.5,1.5,-11.5000000000001));
#9109=CARTESIAN_POINT('',(41.5,1.5,-11.5000000000001));
#9110=CARTESIAN_POINT('',(61.5,2.,-11.5000000000001));
#9111=CARTESIAN_POINT('Origin',(63.,1.5,-25.5));
#9112=CARTESIAN_POINT('',(61.5,2.5,-25.5));
#9113=CARTESIAN_POINT('',(68.,1.5,-25.5));
#9114=CARTESIAN_POINT('',(63.,1.5,-25.5));
#9115=CARTESIAN_POINT('',(68.,1.5,-25.5));
#9116=CARTESIAN_POINT('Origin',(-46.5,22.,50.));
#9117=CARTESIAN_POINT('',(-46.5,13.,50.));
#9118=CARTESIAN_POINT('',(-46.5,13.,50.));
#9119=CARTESIAN_POINT('',(-46.5,22.,50.));
#9120=CARTESIAN_POINT('',(-46.5,11.,50.));
#9121=CARTESIAN_POINT('',(-46.5,22.,50.));
#9122=CARTESIAN_POINT('Origin',(-46.5,13.,50.));
#9123=CARTESIAN_POINT('',(-60.,13.,50.));
#9124=CARTESIAN_POINT('',(-60.,13.,50.));
#9125=CARTESIAN_POINT('',(-68.25,13.,50.));
#9126=CARTESIAN_POINT('Origin',(-60.,22.,50.));
#9127=CARTESIAN_POINT('',(-60.,22.,50.));
#9128=CARTESIAN_POINT('',(-75.,22.,50.));
#9129=CARTESIAN_POINT('',(-60.,22.,50.));
#9130=CARTESIAN_POINT('Origin',(-60.,13.,50.));
#9131=CARTESIAN_POINT('',(-60.,6.5,50.));
#9132=CARTESIAN_POINT('Origin',(68.,1.5,23.4999999999998));
#9133=CARTESIAN_POINT('',(68.,1.5,25.4999999999998));
#9134=CARTESIAN_POINT('',(70.,1.5,23.4999999999998));
#9135=CARTESIAN_POINT('Origin',(68.,1.5,23.4999999999998));
#9136=CARTESIAN_POINT('',(68.,1.5,25.4999999999998));
#9137=CARTESIAN_POINT('',(70.,2.5,23.4999999999998));
#9138=CARTESIAN_POINT('Origin',(22.25,1.5,-2.22044604925031E-15));
#9139=CARTESIAN_POINT('',(70.,1.5,13.4999999999998));
#9140=CARTESIAN_POINT('',(70.,1.5,5.7499999999999));
#9141=CARTESIAN_POINT('Origin',(68.,1.5,13.4999999999998));
#9142=CARTESIAN_POINT('',(63.,1.5,17.));
#9143=CARTESIAN_POINT('',(61.5,1.5,25.4999999999998));
#9144=CARTESIAN_POINT('Origin',(70.,1.5,11.4999999999998));
#9145=CARTESIAN_POINT('',(70.,1.5,13.4999999999998));
#9146=CARTESIAN_POINT('Origin',(68.,1.5,13.4999999999998));
#9147=CARTESIAN_POINT('Origin',(68.,1.5,-23.5));
#9148=CARTESIAN_POINT('',(70.,1.5,-23.5));
#9149=CARTESIAN_POINT('Origin',(68.,1.5,-23.5));
#9150=CARTESIAN_POINT('',(70.,1.5,-23.5));
#9151=CARTESIAN_POINT('Origin',(70.,1.5,-25.5));
#9152=CARTESIAN_POINT('',(70.,1.5,-13.5000000000001));
#9153=CARTESIAN_POINT('',(70.,1.5,-12.75));
#9154=CARTESIAN_POINT('',(70.,2.5,-13.5000000000001));
#9155=CARTESIAN_POINT('Origin',(68.,1.5,-13.5000000000001));
#9156=CARTESIAN_POINT('Origin',(68.,1.5,-13.5000000000001));
#9157=CARTESIAN_POINT('Origin',(22.25,1.5,-2.22044604925031E-15));
#9158=CARTESIAN_POINT('',(63.,1.5,17.));
#9159=CARTESIAN_POINT('Origin',(61.5,1.5,25.4999999999998));
#9160=CARTESIAN_POINT('',(61.5,2.,25.4999999999998));
#9161=CARTESIAN_POINT('Origin',(22.6000000000001,28.5,19.7499999999999));
#9162=CARTESIAN_POINT('',(24.7000000000001,28.5,19.7499999999999));
#9163=CARTESIAN_POINT('Origin',(22.6000000000001,28.5,19.7499999999999));
#9164=CARTESIAN_POINT('Origin',(22.6000000000001,28.5,-19.75));
#9165=CARTESIAN_POINT('',(24.7000000000001,28.5,-19.75));
#9166=CARTESIAN_POINT('Origin',(22.6000000000001,28.5,-19.75));
#9167=CARTESIAN_POINT('Origin',(22.6000000000001,26.5,-19.75));
#9168=CARTESIAN_POINT('',(24.7000000000001,24.5,-19.75));
#9169=CARTESIAN_POINT('Origin',(22.6000000000001,24.5,-19.75));
#9170=CARTESIAN_POINT('',(24.7000000000001,26.5,-19.75));
#9171=CARTESIAN_POINT('Origin',(22.6000000000001,26.5,-19.75));
#9172=CARTESIAN_POINT('',(26.6000000000001,24.5,-19.75));
#9173=CARTESIAN_POINT('',(18.6000000000001,24.5,-19.75));
#9174=CARTESIAN_POINT('Origin',(22.6000000000001,24.5,-19.75));
#9175=CARTESIAN_POINT('Origin',(22.6000000000001,24.5,-19.75));
#9176=CARTESIAN_POINT('',(18.6000000000001,26.5,-19.75));
#9177=CARTESIAN_POINT('Origin',(22.6000000000001,24.5,-19.75));
#9178=CARTESIAN_POINT('Origin',(22.6000000000001,26.5,19.7499999999999));
#9179=CARTESIAN_POINT('',(24.7000000000001,24.5,19.7499999999999));
#9180=CARTESIAN_POINT('Origin',(22.6000000000001,24.5,19.7499999999999));
#9181=CARTESIAN_POINT('',(24.7000000000001,26.5,19.7499999999999));
#9182=CARTESIAN_POINT('Origin',(22.6000000000001,26.5,19.7499999999999));
#9183=CARTESIAN_POINT('',(26.6000000000001,24.5,19.7499999999999));
#9184=CARTESIAN_POINT('',(18.6000000000001,24.5,19.7499999999999));
#9185=CARTESIAN_POINT('Origin',(22.6000000000001,24.5,19.7499999999999));
#9186=CARTESIAN_POINT('Origin',(22.6000000000001,24.5,19.7499999999999));
#9187=CARTESIAN_POINT('',(18.6000000000001,26.5,19.7499999999999));
#9188=CARTESIAN_POINT('Origin',(22.6000000000001,24.5,19.7499999999999));
#9189=CARTESIAN_POINT('Origin',(95.,14.5,20.));
#9190=CARTESIAN_POINT('',(95.,14.5,14.));
#9191=CARTESIAN_POINT('',(95.,14.5,26.));
#9192=CARTESIAN_POINT('Origin',(95.,14.5,20.));
#9193=CARTESIAN_POINT('Origin',(95.,14.5,20.));
#9194=CARTESIAN_POINT('',(95.,14.5,26.));
#9195=CARTESIAN_POINT('Origin',(95.,14.5,-20.));
#9196=CARTESIAN_POINT('',(95.,14.5,-26.));
#9197=CARTESIAN_POINT('',(95.,14.5,-14.));
#9198=CARTESIAN_POINT('Origin',(95.,14.5,-20.));
#9199=CARTESIAN_POINT('Origin',(95.,14.5,-20.));
#9200=CARTESIAN_POINT('',(95.,14.5,-14.));
#9201=CARTESIAN_POINT('Origin',(-85.5,2.,-34.4999999999999));
#9202=CARTESIAN_POINT('',(-83.4,2.,-34.4999999999999));
#9203=CARTESIAN_POINT('Origin',(-85.5,2.,-34.4999999999999));
#9204=CARTESIAN_POINT('Origin',(-26.5000000000001,2.,-34.4999999999999));
#9205=CARTESIAN_POINT('',(-24.4000000000001,2.,-34.4999999999999));
#9206=CARTESIAN_POINT('Origin',(-26.5000000000001,2.,-34.4999999999999));
#9207=CARTESIAN_POINT('Origin',(-85.5,2.,34.5));
#9208=CARTESIAN_POINT('',(-83.4,2.,34.5));
#9209=CARTESIAN_POINT('Origin',(-85.5,2.,34.5));
#9210=CARTESIAN_POINT('Origin',(-26.5000000000001,2.,34.5));
#9211=CARTESIAN_POINT('',(-24.4000000000001,2.,34.5));
#9212=CARTESIAN_POINT('Origin',(-26.5000000000001,2.,34.5));
#9213=CARTESIAN_POINT('Origin',(-26.5000000000001,2.5,34.5));
#9214=CARTESIAN_POINT('',(-24.4000000000001,7.5,34.5));
#9215=CARTESIAN_POINT('Origin',(-26.5000000000001,7.5,34.5));
#9216=CARTESIAN_POINT('',(-24.4000000000001,2.5,34.5));
#9217=CARTESIAN_POINT('Origin',(-26.5000000000001,2.5,34.5));
#9218=CARTESIAN_POINT('',(-23.5000000000001,7.5,37.1457513110646));
#9219=CARTESIAN_POINT('',(-30.5000000000001,7.5,34.5));
#9220=CARTESIAN_POINT('Origin',(-26.5000000000001,7.5,34.5));
#9221=CARTESIAN_POINT('Origin',(-26.5000000000001,7.5,34.5));
#9222=CARTESIAN_POINT('',(-30.5000000000001,2.5,34.5));
#9223=CARTESIAN_POINT('Origin',(-27.0000000000001,7.5,34.5));
#9224=CARTESIAN_POINT('Origin',(-85.5,2.5,34.5));
#9225=CARTESIAN_POINT('',(-83.4,7.5,34.5));
#9226=CARTESIAN_POINT('Origin',(-85.5,7.5,34.5));
#9227=CARTESIAN_POINT('',(-83.4,2.5,34.5));
#9228=CARTESIAN_POINT('Origin',(-85.5,2.5,34.5));
#9229=CARTESIAN_POINT('',(-81.5,7.5,34.5));
#9230=CARTESIAN_POINT('',(-89.5,7.5,34.5));
#9231=CARTESIAN_POINT('Origin',(-85.5,7.5,34.5));
#9232=CARTESIAN_POINT('Origin',(-85.5,7.5,34.5));
#9233=CARTESIAN_POINT('',(-89.5,2.5,34.5));
#9234=CARTESIAN_POINT('Origin',(-85.5,7.5,34.5));
#9235=CARTESIAN_POINT('Origin',(-26.5000000000001,2.5,-34.4999999999999));
#9236=CARTESIAN_POINT('',(-24.4000000000001,7.5,-34.4999999999999));
#9237=CARTESIAN_POINT('Origin',(-26.5000000000001,7.5,-34.4999999999999));
#9238=CARTESIAN_POINT('',(-24.4000000000001,2.5,-34.4999999999999));
#9239=CARTESIAN_POINT('Origin',(-26.5000000000001,2.5,-34.4999999999999));
#9240=CARTESIAN_POINT('',(-22.5000000000001,7.5,-34.4999999999999));
#9241=CARTESIAN_POINT('',(-30.5000000000001,7.5,-34.4999999999999));
#9242=CARTESIAN_POINT('Origin',(-26.5000000000001,7.5,-34.4999999999999));
#9243=CARTESIAN_POINT('Origin',(-26.5000000000001,7.5,-34.4999999999999));
#9244=CARTESIAN_POINT('',(-30.5000000000001,2.5,-34.4999999999999));
#9245=CARTESIAN_POINT('Origin',(-26.5000000000001,7.5,-34.4999999999999));
#9246=CARTESIAN_POINT('Origin',(-85.5,2.5,-34.4999999999999));
#9247=CARTESIAN_POINT('',(-83.4,7.5,-34.4999999999999));
#9248=CARTESIAN_POINT('Origin',(-85.5,7.5,-34.4999999999999));
#9249=CARTESIAN_POINT('',(-83.4,2.5,-34.4999999999999));
#9250=CARTESIAN_POINT('Origin',(-85.5,2.5,-34.4999999999999));
#9251=CARTESIAN_POINT('',(-81.5,7.5,-34.4999999999999));
#9252=CARTESIAN_POINT('',(-89.5,7.5,-34.4999999999999));
#9253=CARTESIAN_POINT('Origin',(-85.5,7.5,-34.4999999999999));
#9254=CARTESIAN_POINT('Origin',(-85.5,7.5,-34.4999999999999));
#9255=CARTESIAN_POINT('',(-89.5,2.5,-34.4999999999999));
#9256=CARTESIAN_POINT('Origin',(-85.5,7.5,-34.4999999999999));
#9257=CARTESIAN_POINT('Origin',(-95.,15.591438824744,25.1179821071855));
#9258=CARTESIAN_POINT('',(-95.,15.591438824744,28.6179821071855));
#9259=CARTESIAN_POINT('',(-95.,15.591438824744,21.6179821071855));
#9260=CARTESIAN_POINT('Origin',(-95.,15.591438824744,25.1179821071855));
#9261=CARTESIAN_POINT('Origin',(-95.,15.591438824744,25.1179821071855));
#9262=CARTESIAN_POINT('',(-95.,15.591438824744,21.6179821071855));
#9263=CARTESIAN_POINT('Origin',(-89.25,25.125,-44.25));
#9264=CARTESIAN_POINT('',(-87.25,25.75,-44.25));
#9265=CARTESIAN_POINT('Origin',(-89.25,25.75,-44.25));
#9266=CARTESIAN_POINT('',(-86.,24.5,-44.25));
#9267=CARTESIAN_POINT('',(-86.625,25.125,-44.25));
#9268=CARTESIAN_POINT('',(-92.5,24.5,-44.25));
#9269=CARTESIAN_POINT('Origin',(-89.25,24.5,-44.25));
#9270=CARTESIAN_POINT('Origin',(-89.25,24.5,-44.25));
#9271=CARTESIAN_POINT('Origin',(-89.25,29.,-44.25));
#9272=CARTESIAN_POINT('',(-87.25,29.,-44.25));
#9273=CARTESIAN_POINT('Origin',(89.25,25.125,-44.25));
#9274=CARTESIAN_POINT('',(91.25,25.75,-44.25));
#9275=CARTESIAN_POINT('Origin',(89.25,25.75,-44.25));
#9276=CARTESIAN_POINT('',(92.5,24.5,-44.25));
#9277=CARTESIAN_POINT('',(91.875,25.125,-44.25));
#9278=CARTESIAN_POINT('',(86.,24.5,-44.25));
#9279=CARTESIAN_POINT('Origin',(89.25,24.5,-44.25));
#9280=CARTESIAN_POINT('Origin',(89.25,24.5,-44.25));
#9281=CARTESIAN_POINT('Origin',(89.25,29.,-44.25));
#9282=CARTESIAN_POINT('',(91.25,29.,-44.25));
#9283=CARTESIAN_POINT('Origin',(89.25,25.125,44.25));
#9284=CARTESIAN_POINT('',(91.25,25.75,44.25));
#9285=CARTESIAN_POINT('Origin',(89.25,25.75,44.25));
#9286=CARTESIAN_POINT('',(92.5,24.5,44.25));
#9287=CARTESIAN_POINT('',(91.875,25.125,44.25));
#9288=CARTESIAN_POINT('',(86.,24.5,44.25));
#9289=CARTESIAN_POINT('Origin',(89.25,24.5,44.25));
#9290=CARTESIAN_POINT('Origin',(89.25,24.5,44.25));
#9291=CARTESIAN_POINT('Origin',(89.25,29.,44.25));
#9292=CARTESIAN_POINT('',(91.25,29.,44.25));
#9293=CARTESIAN_POINT('Origin',(-89.25,25.125,44.25));
#9294=CARTESIAN_POINT('',(-87.25,25.75,44.25));
#9295=CARTESIAN_POINT('Origin',(-89.25,25.75,44.25));
#9296=CARTESIAN_POINT('',(-86.,24.5,44.25));
#9297=CARTESIAN_POINT('',(-86.625,25.125,44.25));
#9298=CARTESIAN_POINT('',(-92.5,24.5,44.25));
#9299=CARTESIAN_POINT('Origin',(-89.25,24.5,44.25));
#9300=CARTESIAN_POINT('Origin',(-89.25,24.5,44.25));
#9301=CARTESIAN_POINT('Origin',(-89.25,29.,44.25));
#9302=CARTESIAN_POINT('',(-87.25,29.,44.25));
#9303=CARTESIAN_POINT('Origin',(89.25,0.,44.25));
#9304=CARTESIAN_POINT('',(86.,0.,44.25));
#9305=CARTESIAN_POINT('Origin',(-89.25,0.,44.25));
#9306=CARTESIAN_POINT('',(-92.5,0.,44.25));
#9307=CARTESIAN_POINT('Origin',(89.25,0.,-44.25));
#9308=CARTESIAN_POINT('',(86.,0.,-44.25));
#9309=CARTESIAN_POINT('Origin',(-89.25,0.,-44.25));
#9310=CARTESIAN_POINT('',(-92.5,0.,-44.25));
#9311=CARTESIAN_POINT('Origin',(-21.5,7.5,-1.77635683940025E-14));
#9312=CARTESIAN_POINT('Origin',(-21.5,0.,5.49999999999998));
#9313=CARTESIAN_POINT('',(-21.5,0.,5.49999999999998));
#9314=CARTESIAN_POINT('',(-19.7071067811866,0.,5.49999999999998));
#9315=CARTESIAN_POINT('Origin',(-21.5,0.,-1.79548938169088E-14));
#9316=CARTESIAN_POINT('',(-21.5,0.,-5.50000000000002));
#9317=CARTESIAN_POINT('Origin',(-19.7071067811866,0.,-5.50000000000001));
#9318=CARTESIAN_POINT('',(-19.7071067811866,0.,-5.50000000000001));
#9319=CARTESIAN_POINT('Origin',(-18.,0.,-7.20710678118656));
#9320=CARTESIAN_POINT('',(-18.,0.,-7.20710678118656));
#9321=CARTESIAN_POINT('Origin',(-19.7071067811866,0.,5.49999999999998));
#9322=CARTESIAN_POINT('',(-18.,0.,7.20710678118653));
#9323=CARTESIAN_POINT('Origin',(-18.,0.,-34.));
#9324=CARTESIAN_POINT('Origin',(-18.,0.,-34.));
#9325=CARTESIAN_POINT('Origin',(63.,0.,34.));
#9326=CARTESIAN_POINT('',(63.,1.5,17.));
#9327=CARTESIAN_POINT('',(63.,0.,-31.));
#9328=CARTESIAN_POINT('',(63.,0.,31.));
#9329=CARTESIAN_POINT('Origin',(21.5,1.5,-6.66133814775094E-15));
#9330=CARTESIAN_POINT('',(61.5,1.5,31.));
#9331=CARTESIAN_POINT('Origin',(61.5,2.5,31.));
#9332=CARTESIAN_POINT('',(61.5,2.5,31.));
#9333=CARTESIAN_POINT('',(61.5,2.5,-31.));
#9334=CARTESIAN_POINT('Origin',(60.,2.5,-31.));
#9335=CARTESIAN_POINT('Origin',(60.,2.5,31.));
#9336=CARTESIAN_POINT('Origin',(60.,0.,-31.));
#9337=CARTESIAN_POINT('Origin',(60.,0.,31.));
#9338=CARTESIAN_POINT('Origin',(-90.,29.,45.));
#9339=CARTESIAN_POINT('',(-90.,29.,38.5));
#9340=CARTESIAN_POINT('',(-83.5,29.,45.));
#9341=CARTESIAN_POINT('Origin',(-92.5,29.,38.5));
#9342=CARTESIAN_POINT('Origin',(-83.5,29.,45.));
#9343=CARTESIAN_POINT('Origin',(-83.5,29.,-47.5));
#9344=CARTESIAN_POINT('',(-83.5,29.,-45.));
#9345=CARTESIAN_POINT('Origin',(-90.,29.,-45.));
#9346=CARTESIAN_POINT('',(-90.,29.,-38.5));
#9347=CARTESIAN_POINT('Origin',(-90.,29.,-38.5));
#9348=CARTESIAN_POINT('Origin',(-1.80073525436773,1.,47.));
#9349=CARTESIAN_POINT('',(-1.80073525436773,1.,50.));
#9350=CARTESIAN_POINT('Origin',(-1.80073525436773,1.,49.));
#9351=CARTESIAN_POINT('',(0.142331961165904,1.,49.2857142857143));
#9352=CARTESIAN_POINT('Origin',(-0.505357110678642,1.,48.5238095238095));
#9353=CARTESIAN_POINT('Origin',(-1.80073525436773,1.,47.));
#9354=CARTESIAN_POINT('Origin',(4.99999999999999,1.,55.));
#9355=CARTESIAN_POINT('',(9.85766803883408,1.,49.2857142857143));
#9356=CARTESIAN_POINT('Origin',(10.5053571106786,1.,48.5238095238095));
#9357=CARTESIAN_POINT('Origin',(4.99999999999999,1.,55.));
#9358=CARTESIAN_POINT('Origin',(11.8007352543677,1.,47.));
#9359=CARTESIAN_POINT('',(11.8007352543677,1.,50.));
#9360=CARTESIAN_POINT('Origin',(11.8007352543677,1.,49.));
#9361=CARTESIAN_POINT('Origin',(11.8007352543677,1.,47.));
#9362=CARTESIAN_POINT('Origin',(-45.,1.,49.));
#9363=CARTESIAN_POINT('',(13.1992647456323,1.,50.));
#9364=CARTESIAN_POINT('Origin',(13.1992647456323,1.,49.));
#9365=CARTESIAN_POINT('',(-45.,1.,50.));
#9366=CARTESIAN_POINT('Origin',(13.1992647456323,1.,47.));
#9367=CARTESIAN_POINT('',(15.1423319611659,1.,49.2857142857143));
#9368=CARTESIAN_POINT('Origin',(14.4946428893214,1.,48.5238095238095));
#9369=CARTESIAN_POINT('Origin',(13.1992647456323,1.,47.));
#9370=CARTESIAN_POINT('Origin',(20.,1.,55.));
#9371=CARTESIAN_POINT('',(24.8576680388341,1.,49.2857142857143));
#9372=CARTESIAN_POINT('Origin',(25.5053571106786,1.,48.5238095238095));
#9373=CARTESIAN_POINT('Origin',(20.,1.,55.));
#9374=CARTESIAN_POINT('Origin',(26.8007352543677,1.,47.));
#9375=CARTESIAN_POINT('',(26.8007352543677,1.,50.));
#9376=CARTESIAN_POINT('Origin',(26.8007352543677,1.,49.));
#9377=CARTESIAN_POINT('Origin',(26.8007352543677,1.,47.));
#9378=CARTESIAN_POINT('Origin',(-45.,1.,49.));
#9379=CARTESIAN_POINT('',(28.1992647456323,1.,50.));
#9380=CARTESIAN_POINT('Origin',(28.1992647456323,1.,49.));
#9381=CARTESIAN_POINT('',(-45.,1.,50.));
#9382=CARTESIAN_POINT('Origin',(28.1992647456323,1.,47.));
#9383=CARTESIAN_POINT('',(30.1423319611659,1.,49.2857142857143));
#9384=CARTESIAN_POINT('Origin',(29.4946428893214,1.,48.5238095238095));
#9385=CARTESIAN_POINT('Origin',(28.1992647456323,1.,47.));
#9386=CARTESIAN_POINT('Origin',(35.,1.,55.));
#9387=CARTESIAN_POINT('',(39.8576680388341,1.,49.2857142857143));
#9388=CARTESIAN_POINT('Origin',(40.5053571106786,1.,48.5238095238095));
#9389=CARTESIAN_POINT('Origin',(35.,1.,55.));
#9390=CARTESIAN_POINT('Origin',(41.8007352543677,1.,47.));
#9391=CARTESIAN_POINT('',(41.8007352543677,1.,50.));
#9392=CARTESIAN_POINT('Origin',(41.8007352543677,1.,49.));
#9393=CARTESIAN_POINT('Origin',(41.8007352543677,1.,47.));
#9394=CARTESIAN_POINT('Origin',(-45.,1.,49.));
#9395=CARTESIAN_POINT('',(43.1992647456323,1.,50.));
#9396=CARTESIAN_POINT('Origin',(43.1992647456323,1.,49.));
#9397=CARTESIAN_POINT('',(-45.,1.,50.));
#9398=CARTESIAN_POINT('Origin',(43.1992647456323,1.,47.));
#9399=CARTESIAN_POINT('',(45.1423319611659,1.,49.2857142857143));
#9400=CARTESIAN_POINT('Origin',(44.4946428893214,1.,48.5238095238095));
#9401=CARTESIAN_POINT('Origin',(43.1992647456323,1.,47.));
#9402=CARTESIAN_POINT('Origin',(50.,1.,55.));
#9403=CARTESIAN_POINT('',(54.8576680388341,1.,49.2857142857143));
#9404=CARTESIAN_POINT('Origin',(55.5053571106786,1.,48.5238095238095));
#9405=CARTESIAN_POINT('Origin',(50.,1.,55.));
#9406=CARTESIAN_POINT('Origin',(56.8007352543677,1.,47.));
#9407=CARTESIAN_POINT('',(56.8007352543677,1.,50.));
#9408=CARTESIAN_POINT('Origin',(56.8007352543677,1.,49.));
#9409=CARTESIAN_POINT('Origin',(56.8007352543677,1.,47.));
#9410=CARTESIAN_POINT('Origin',(-45.,1.,49.));
#9411=CARTESIAN_POINT('',(90.,1.,50.));
#9412=CARTESIAN_POINT('Origin',(90.,1.,49.));
#9413=CARTESIAN_POINT('',(-45.,1.,50.));
#9414=CARTESIAN_POINT('Origin',(90.,1.,45.));
#9415=CARTESIAN_POINT('',(95.,1.,45.));
#9416=CARTESIAN_POINT('Origin',(94.,1.,45.));
#9417=CARTESIAN_POINT('Origin',(90.,1.,45.));
#9418=CARTESIAN_POINT('Origin',(94.,1.,22.5));
#9419=CARTESIAN_POINT('',(95.,1.,-45.));
#9420=CARTESIAN_POINT('Origin',(94.,1.,-45.));
#9421=CARTESIAN_POINT('',(95.,1.,22.5));
#9422=CARTESIAN_POINT('Origin',(90.,1.,-45.));
#9423=CARTESIAN_POINT('',(90.,1.,-50.));
#9424=CARTESIAN_POINT('Origin',(90.,1.,-49.));
#9425=CARTESIAN_POINT('Origin',(90.,1.,-45.));
#9426=CARTESIAN_POINT('Origin',(45.,1.,-49.));
#9427=CARTESIAN_POINT('',(56.8007352543677,1.,-50.));
#9428=CARTESIAN_POINT('Origin',(56.8007352543677,1.,-49.));
#9429=CARTESIAN_POINT('',(45.,1.,-50.));
#9430=CARTESIAN_POINT('Origin',(56.8007352543677,1.,-47.));
#9431=CARTESIAN_POINT('',(54.8576680388341,1.,-49.2857142857143));
#9432=CARTESIAN_POINT('Origin',(55.5053571106786,1.,-48.5238095238095));
#9433=CARTESIAN_POINT('Origin',(56.8007352543677,1.,-47.));
#9434=CARTESIAN_POINT('Origin',(50.,1.,-55.));
#9435=CARTESIAN_POINT('',(45.1423319611659,1.,-49.2857142857143));
#9436=CARTESIAN_POINT('Origin',(44.4946428893213,1.,-48.5238095238095));
#9437=CARTESIAN_POINT('Origin',(50.,1.,-55.));
#9438=CARTESIAN_POINT('Origin',(43.1992647456322,1.,-47.));
#9439=CARTESIAN_POINT('',(43.1992647456322,1.,-50.));
#9440=CARTESIAN_POINT('Origin',(43.1992647456322,1.,-49.));
#9441=CARTESIAN_POINT('Origin',(43.1992647456322,1.,-47.));
#9442=CARTESIAN_POINT('Origin',(45.,1.,-49.));
#9443=CARTESIAN_POINT('',(41.8007352543677,1.,-50.));
#9444=CARTESIAN_POINT('Origin',(41.8007352543677,1.,-49.));
#9445=CARTESIAN_POINT('',(45.,1.,-50.));
#9446=CARTESIAN_POINT('Origin',(41.8007352543677,1.,-47.));
#9447=CARTESIAN_POINT('',(39.8576680388341,1.,-49.2857142857143));
#9448=CARTESIAN_POINT('Origin',(40.5053571106786,1.,-48.5238095238095));
#9449=CARTESIAN_POINT('Origin',(41.8007352543677,1.,-47.));
#9450=CARTESIAN_POINT('Origin',(35.,1.,-55.));
#9451=CARTESIAN_POINT('',(30.1423319611659,1.,-49.2857142857143));
#9452=CARTESIAN_POINT('Origin',(29.4946428893213,1.,-48.5238095238095));
#9453=CARTESIAN_POINT('Origin',(35.,1.,-55.));
#9454=CARTESIAN_POINT('Origin',(28.1992647456322,1.,-47.));
#9455=CARTESIAN_POINT('',(28.1992647456322,1.,-50.));
#9456=CARTESIAN_POINT('Origin',(28.1992647456322,1.,-49.));
#9457=CARTESIAN_POINT('Origin',(28.1992647456322,1.,-47.));
#9458=CARTESIAN_POINT('Origin',(45.,1.,-49.));
#9459=CARTESIAN_POINT('',(26.8007352543677,1.,-50.));
#9460=CARTESIAN_POINT('Origin',(26.8007352543677,1.,-49.));
#9461=CARTESIAN_POINT('',(45.,1.,-50.));
#9462=CARTESIAN_POINT('Origin',(26.8007352543677,1.,-47.));
#9463=CARTESIAN_POINT('',(24.8576680388341,1.,-49.2857142857143));
#9464=CARTESIAN_POINT('Origin',(25.5053571106786,1.,-48.5238095238095));
#9465=CARTESIAN_POINT('Origin',(26.8007352543677,1.,-47.));
#9466=CARTESIAN_POINT('Origin',(20.,1.,-55.));
#9467=CARTESIAN_POINT('',(15.1423319611659,1.,-49.2857142857143));
#9468=CARTESIAN_POINT('Origin',(14.4946428893213,1.,-48.5238095238095));
#9469=CARTESIAN_POINT('Origin',(20.,1.,-55.));
#9470=CARTESIAN_POINT('Origin',(13.1992647456322,1.,-47.));
#9471=CARTESIAN_POINT('',(13.1992647456322,1.,-50.));
#9472=CARTESIAN_POINT('Origin',(13.1992647456322,1.,-49.));
#9473=CARTESIAN_POINT('Origin',(13.1992647456322,1.,-47.));
#9474=CARTESIAN_POINT('Origin',(45.,1.,-49.));
#9475=CARTESIAN_POINT('',(11.8007352543677,1.,-50.));
#9476=CARTESIAN_POINT('Origin',(11.8007352543677,1.,-49.));
#9477=CARTESIAN_POINT('',(45.,1.,-50.));
#9478=CARTESIAN_POINT('Origin',(11.8007352543677,1.,-47.));
#9479=CARTESIAN_POINT('',(9.8576680388341,1.,-49.2857142857143));
#9480=CARTESIAN_POINT('Origin',(10.5053571106786,1.,-48.5238095238095));
#9481=CARTESIAN_POINT('Origin',(11.8007352543677,1.,-47.));
#9482=CARTESIAN_POINT('Origin',(4.99999999999999,1.,-55.));
#9483=CARTESIAN_POINT('',(0.142331961165889,1.,-49.2857142857143));
#9484=CARTESIAN_POINT('Origin',(-0.505357110678657,1.,-48.5238095238095));
#9485=CARTESIAN_POINT('Origin',(4.99999999999999,1.,-55.));
#9486=CARTESIAN_POINT('Origin',(-1.80073525436775,1.,-47.));
#9487=CARTESIAN_POINT('',(-1.80073525436775,1.,-50.));
#9488=CARTESIAN_POINT('Origin',(-1.80073525436775,1.,-49.));
#9489=CARTESIAN_POINT('Origin',(-1.80073525436775,1.,-47.));
#9490=CARTESIAN_POINT('Origin',(45.,1.,-49.));
#9491=CARTESIAN_POINT('',(-90.,1.,-50.));
#9492=CARTESIAN_POINT('Origin',(-90.,1.,-49.));
#9493=CARTESIAN_POINT('',(45.,1.,-50.));
#9494=CARTESIAN_POINT('Origin',(-90.,1.,-45.));
#9495=CARTESIAN_POINT('',(-95.,1.,-45.));
#9496=CARTESIAN_POINT('Origin',(-94.,1.,-45.));
#9497=CARTESIAN_POINT('Origin',(-90.,1.,-45.));
#9498=CARTESIAN_POINT('Origin',(-94.,1.,-22.5));
#9499=CARTESIAN_POINT('',(-95.,1.,45.));
#9500=CARTESIAN_POINT('Origin',(-94.,1.,45.));
#9501=CARTESIAN_POINT('',(-95.,1.,-22.5));
#9502=CARTESIAN_POINT('Origin',(-90.,1.,45.));
#9503=CARTESIAN_POINT('',(-90.,1.,50.));
#9504=CARTESIAN_POINT('Origin',(-90.,1.,49.));
#9505=CARTESIAN_POINT('Origin',(-90.,1.,45.));
#9506=CARTESIAN_POINT('Origin',(-45.,1.,49.));
#9507=CARTESIAN_POINT('',(-45.,1.,50.));
#9508=CARTESIAN_POINT('Origin',(50.,28.,-55.));
#9509=CARTESIAN_POINT('',(45.1423319611659,28.,-49.2857142857143));
#9510=CARTESIAN_POINT('',(45.1423319611659,28.,-49.2857142857143));
#9511=CARTESIAN_POINT('',(54.8576680388341,28.,-49.2857142857143));
#9512=CARTESIAN_POINT('Origin',(50.,28.,-55.));
#9513=CARTESIAN_POINT('',(54.8576680388341,28.,-49.2857142857143));
#9514=CARTESIAN_POINT('Origin',(43.1992647456322,28.,-47.));
#9515=CARTESIAN_POINT('',(43.1992647456322,28.,-50.));
#9516=CARTESIAN_POINT('',(43.1992647456322,28.,-50.));
#9517=CARTESIAN_POINT('Origin',(43.1992647456322,28.,-47.));
#9518=CARTESIAN_POINT('Origin',(90.,0.,-50.));
#9519=CARTESIAN_POINT('',(41.8007352543677,28.,-50.));
#9520=CARTESIAN_POINT('',(41.8007352543677,28.,-50.));
#9521=CARTESIAN_POINT('',(90.,28.,-50.));
#9522=CARTESIAN_POINT('Origin',(41.8007352543677,28.,-47.));
#9523=CARTESIAN_POINT('',(39.8576680388341,28.,-49.2857142857143));
#9524=CARTESIAN_POINT('',(39.8576680388341,28.,-49.2857142857143));
#9525=CARTESIAN_POINT('Origin',(41.8007352543677,28.,-47.));
#9526=CARTESIAN_POINT('Origin',(35.,28.,-55.));
#9527=CARTESIAN_POINT('',(30.1423319611659,28.,-49.2857142857143));
#9528=CARTESIAN_POINT('',(30.1423319611659,28.,-49.2857142857143));
#9529=CARTESIAN_POINT('Origin',(35.,28.,-55.));
#9530=CARTESIAN_POINT('Origin',(28.1992647456322,28.,-47.));
#9531=CARTESIAN_POINT('',(28.1992647456322,28.,-50.));
#9532=CARTESIAN_POINT('',(28.1992647456322,28.,-50.));
#9533=CARTESIAN_POINT('Origin',(28.1992647456322,28.,-47.));
#9534=CARTESIAN_POINT('Origin',(90.,0.,-50.));
#9535=CARTESIAN_POINT('',(26.8007352543677,28.,-50.));
#9536=CARTESIAN_POINT('',(26.8007352543677,28.,-50.));
#9537=CARTESIAN_POINT('',(90.,28.,-50.));
#9538=CARTESIAN_POINT('Origin',(26.8007352543677,28.,-47.));
#9539=CARTESIAN_POINT('',(24.8576680388341,28.,-49.2857142857143));
#9540=CARTESIAN_POINT('',(24.8576680388341,28.,-49.2857142857143));
#9541=CARTESIAN_POINT('Origin',(26.8007352543677,28.,-47.));
#9542=CARTESIAN_POINT('Origin',(20.,28.,-55.));
#9543=CARTESIAN_POINT('',(15.1423319611659,28.,-49.2857142857143));
#9544=CARTESIAN_POINT('',(15.1423319611659,28.,-49.2857142857143));
#9545=CARTESIAN_POINT('Origin',(20.,28.,-55.));
#9546=CARTESIAN_POINT('Origin',(13.1992647456322,28.,-47.));
#9547=CARTESIAN_POINT('',(13.1992647456322,28.,-50.));
#9548=CARTESIAN_POINT('',(13.1992647456322,28.,-50.));
#9549=CARTESIAN_POINT('Origin',(13.1992647456322,28.,-47.));
#9550=CARTESIAN_POINT('Origin',(90.,0.,-50.));
#9551=CARTESIAN_POINT('',(11.8007352543677,28.,-50.));
#9552=CARTESIAN_POINT('',(11.8007352543677,28.,-50.));
#9553=CARTESIAN_POINT('',(90.,28.,-50.));
#9554=CARTESIAN_POINT('Origin',(11.8007352543677,28.,-47.));
#9555=CARTESIAN_POINT('',(9.85766803883409,28.,-49.2857142857143));
#9556=CARTESIAN_POINT('',(9.8576680388341,28.,-49.2857142857143));
#9557=CARTESIAN_POINT('Origin',(11.8007352543677,28.,-47.));
#9558=CARTESIAN_POINT('Origin',(4.99999999999999,28.,-55.));
#9559=CARTESIAN_POINT('',(0.142331961165891,28.,-49.2857142857143));
#9560=CARTESIAN_POINT('',(0.142331961165889,28.,-49.2857142857143));
#9561=CARTESIAN_POINT('Origin',(4.99999999999999,28.,-55.));
#9562=CARTESIAN_POINT('Origin',(-1.80073525436775,28.,-47.));
#9563=CARTESIAN_POINT('',(-1.80073525436775,28.,-50.));
#9564=CARTESIAN_POINT('',(-1.80073525436775,28.,-50.));
#9565=CARTESIAN_POINT('Origin',(-1.80073525436775,28.,-47.));
#9566=CARTESIAN_POINT('Origin',(90.,0.,-50.));
#9567=CARTESIAN_POINT('',(-90.,28.,-50.));
#9568=CARTESIAN_POINT('',(-90.,0.,-50.));
#9569=CARTESIAN_POINT('',(90.,28.,-50.));
#9570=CARTESIAN_POINT('Origin',(-90.,0.,-45.));
#9571=CARTESIAN_POINT('',(-95.,28.,-45.));
#9572=CARTESIAN_POINT('',(-95.,0.,-45.));
#9573=CARTESIAN_POINT('Origin',(-90.,28.,-45.));
#9574=CARTESIAN_POINT('Origin',(-95.,0.,-45.));
#9575=CARTESIAN_POINT('',(-95.,28.,45.));
#9576=CARTESIAN_POINT('',(-95.,0.,45.));
#9577=CARTESIAN_POINT('',(-95.,28.,-45.));
#9578=CARTESIAN_POINT('Origin',(-90.,0.,45.));
#9579=CARTESIAN_POINT('',(-90.,28.,50.));
#9580=CARTESIAN_POINT('',(-90.,0.,50.));
#9581=CARTESIAN_POINT('Origin',(-90.,28.,45.));
#9582=CARTESIAN_POINT('Origin',(-90.,0.,50.));
#9583=CARTESIAN_POINT('',(-1.80073525436773,28.,50.));
#9584=CARTESIAN_POINT('',(-1.80073525436773,28.,50.));
#9585=CARTESIAN_POINT('',(-90.,28.,50.));
#9586=CARTESIAN_POINT('Origin',(-1.80073525436773,28.,47.));
#9587=CARTESIAN_POINT('',(0.142331961165903,28.,49.2857142857143));
#9588=CARTESIAN_POINT('',(0.142331961165904,28.,49.2857142857143));
#9589=CARTESIAN_POINT('Origin',(-1.80073525436773,28.,47.));
#9590=CARTESIAN_POINT('Origin',(8.88178419700125E-15,28.,-8.88178419700125E-15));
#9591=CARTESIAN_POINT('',(9.85766803883408,28.,49.2857142857143));
#9592=CARTESIAN_POINT('Origin',(4.99999999999999,28.,55.));
#9593=CARTESIAN_POINT('',(11.8007352543677,28.,50.));
#9594=CARTESIAN_POINT('Origin',(11.8007352543677,28.,47.));
#9595=CARTESIAN_POINT('',(13.1992647456323,28.,50.));
#9596=CARTESIAN_POINT('',(-90.,28.,50.));
#9597=CARTESIAN_POINT('',(15.1423319611659,28.,49.2857142857143));
#9598=CARTESIAN_POINT('Origin',(13.1992647456323,28.,47.));
#9599=CARTESIAN_POINT('',(24.8576680388341,28.,49.2857142857143));
#9600=CARTESIAN_POINT('Origin',(20.,28.,55.));
#9601=CARTESIAN_POINT('',(26.8007352543677,28.,50.));
#9602=CARTESIAN_POINT('Origin',(26.8007352543677,28.,47.));
#9603=CARTESIAN_POINT('',(28.1992647456323,28.,50.));
#9604=CARTESIAN_POINT('',(-90.,28.,50.));
#9605=CARTESIAN_POINT('',(30.1423319611659,28.,49.2857142857143));
#9606=CARTESIAN_POINT('Origin',(28.1992647456323,28.,47.));
#9607=CARTESIAN_POINT('',(39.8576680388341,28.,49.2857142857143));
#9608=CARTESIAN_POINT('Origin',(35.,28.,55.));
#9609=CARTESIAN_POINT('',(41.8007352543677,28.,50.));
#9610=CARTESIAN_POINT('Origin',(41.8007352543677,28.,47.));
#9611=CARTESIAN_POINT('',(43.1992647456323,28.,50.));
#9612=CARTESIAN_POINT('',(-90.,28.,50.));
#9613=CARTESIAN_POINT('',(45.1423319611659,28.,49.2857142857143));
#9614=CARTESIAN_POINT('Origin',(43.1992647456323,28.,47.));
#9615=CARTESIAN_POINT('',(54.8576680388341,28.,49.2857142857143));
#9616=CARTESIAN_POINT('Origin',(50.,28.,55.));
#9617=CARTESIAN_POINT('',(56.8007352543677,28.,50.));
#9618=CARTESIAN_POINT('Origin',(56.8007352543677,28.,47.));
#9619=CARTESIAN_POINT('',(90.,28.,50.));
#9620=CARTESIAN_POINT('',(-90.,28.,50.));
#9621=CARTESIAN_POINT('',(95.,28.,45.));
#9622=CARTESIAN_POINT('Origin',(90.,28.,45.));
#9623=CARTESIAN_POINT('',(95.,28.,-45.));
#9624=CARTESIAN_POINT('',(95.,28.,45.));
#9625=CARTESIAN_POINT('',(90.,28.,-50.));
#9626=CARTESIAN_POINT('Origin',(90.,28.,-45.));
#9627=CARTESIAN_POINT('',(56.8007352543677,28.,-50.));
#9628=CARTESIAN_POINT('',(90.,28.,-50.));
#9629=CARTESIAN_POINT('Origin',(56.8007352543677,28.,-47.));
#9630=CARTESIAN_POINT('Origin',(56.8007352543677,28.,-47.));
#9631=CARTESIAN_POINT('',(56.8007352543677,28.,-50.));
#9632=CARTESIAN_POINT('Origin',(90.,0.,-50.));
#9633=CARTESIAN_POINT('',(90.,0.,-50.));
#9634=CARTESIAN_POINT('Origin',(56.8007352543677,28.,47.));
#9635=CARTESIAN_POINT('',(56.8007352543677,28.,50.));
#9636=CARTESIAN_POINT('',(54.8576680388341,28.,49.2857142857143));
#9637=CARTESIAN_POINT('Origin',(50.,28.,55.));
#9638=CARTESIAN_POINT('',(45.1423319611659,28.,49.2857142857143));
#9639=CARTESIAN_POINT('Origin',(43.1992647456323,28.,47.));
#9640=CARTESIAN_POINT('',(43.1992647456323,28.,50.));
#9641=CARTESIAN_POINT('Origin',(-90.,0.,50.));
#9642=CARTESIAN_POINT('',(41.8007352543677,28.,50.));
#9643=CARTESIAN_POINT('Origin',(41.8007352543677,28.,47.));
#9644=CARTESIAN_POINT('',(39.8576680388341,28.,49.2857142857143));
#9645=CARTESIAN_POINT('Origin',(35.,28.,55.));
#9646=CARTESIAN_POINT('',(30.1423319611659,28.,49.2857142857143));
#9647=CARTESIAN_POINT('Origin',(28.1992647456323,28.,47.));
#9648=CARTESIAN_POINT('',(28.1992647456323,28.,50.));
#9649=CARTESIAN_POINT('Origin',(-90.,0.,50.));
#9650=CARTESIAN_POINT('',(26.8007352543677,28.,50.));
#9651=CARTESIAN_POINT('Origin',(26.8007352543677,28.,47.));
#9652=CARTESIAN_POINT('',(24.8576680388341,28.,49.2857142857143));
#9653=CARTESIAN_POINT('Origin',(20.,28.,55.));
#9654=CARTESIAN_POINT('',(15.1423319611659,28.,49.2857142857143));
#9655=CARTESIAN_POINT('Origin',(13.1992647456323,28.,47.));
#9656=CARTESIAN_POINT('',(13.1992647456323,28.,50.));
#9657=CARTESIAN_POINT('Origin',(-90.,0.,50.));
#9658=CARTESIAN_POINT('',(11.8007352543677,28.,50.));
#9659=CARTESIAN_POINT('Origin',(11.8007352543677,28.,47.));
#9660=CARTESIAN_POINT('',(9.85766803883408,28.,49.2857142857143));
#9661=CARTESIAN_POINT('Origin',(4.99999999999999,28.,55.));
#9662=CARTESIAN_POINT('Origin',(-90.,0.,50.));
#9663=CARTESIAN_POINT('',(90.,0.,50.));
#9664=CARTESIAN_POINT('Origin',(95.,0.,45.));
#9665=CARTESIAN_POINT('',(95.,0.,-45.));
#9666=CARTESIAN_POINT('',(95.,0.,45.));
#9667=CARTESIAN_POINT('Origin',(90.,0.,45.));
#9668=CARTESIAN_POINT('Origin',(90.,0.,-45.));
#9669=CARTESIAN_POINT('Origin',(-21.5,2.5,-1.77635683940025E-14));
#9670=CARTESIAN_POINT('',(-19.4,6.,-1.77635683940025E-14));
#9671=CARTESIAN_POINT('Origin',(-21.5,6.,-1.77635683940025E-14));
#9672=CARTESIAN_POINT('',(-19.4,2.5,-1.80207442218234E-14));
#9673=CARTESIAN_POINT('Origin',(-23.5,6.,-1.77635683940025E-14));
#9674=UNCERTAINTY_MEASURE_WITH_UNIT(LENGTH_MEASURE(0.01),#9678,
'DISTANCE_ACCURACY_VALUE',
'Maximum model space distance between geometric entities at asserted c
onnectivities');
#9675=UNCERTAINTY_MEASURE_WITH_UNIT(LENGTH_MEASURE(0.01),#9678,
'DISTANCE_ACCURACY_VALUE',
'Maximum model space distance between geometric entities at asserted c
onnectivities');
#9676=(
GEOMETRIC_REPRESENTATION_CONTEXT(3)
GLOBAL_UNCERTAINTY_ASSIGNED_CONTEXT((#9674))
GLOBAL_UNIT_ASSIGNED_CONTEXT((#9678,#9680,#9681))
REPRESENTATION_CONTEXT('','3D')
);
#9677=(
GEOMETRIC_REPRESENTATION_CONTEXT(3)
GLOBAL_UNCERTAINTY_ASSIGNED_CONTEXT((#9675))
GLOBAL_UNIT_ASSIGNED_CONTEXT((#9678,#9680,#9681))
REPRESENTATION_CONTEXT('','3D')
);
#9678=(
LENGTH_UNIT()
NAMED_UNIT(*)
SI_UNIT(.MILLI.,.METRE.)
);
#9679=(
LENGTH_UNIT()
NAMED_UNIT(*)
SI_UNIT(.CENTI.,.METRE.)
);
#9680=(
NAMED_UNIT(*)
PLANE_ANGLE_UNIT()
SI_UNIT($,.RADIAN.)
);
#9681=(
NAMED_UNIT(*)
SI_UNIT($,.STERADIAN.)
SOLID_ANGLE_UNIT()
);
#9682=SHAPE_DEFINITION_REPRESENTATION(#9683,#9684);
#9683=PRODUCT_DEFINITION_SHAPE('',$,#9686);
#9684=SHAPE_REPRESENTATION('',(#5573),#9676);
#9685=PRODUCT_DEFINITION_CONTEXT('part definition',#9690,'design');
#9686=PRODUCT_DEFINITION('H\X2\1ED9\X0\p Slave','H\X2\1ED9\X0\p Slave',
#9687,#9685);
#9687=PRODUCT_DEFINITION_FORMATION('',$,#9692);
#9688=PRODUCT_RELATED_PRODUCT_CATEGORY('H\X2\1ED9\X0\p Slave',
'H\X2\1ED9\X0\p Slave',(#9692));
#9689=APPLICATION_PROTOCOL_DEFINITION('international standard',
'automotive_design',2009,#9690);
#9690=APPLICATION_CONTEXT(
'Core Data for Automotive Mechanical Design Process');
#9691=PRODUCT_CONTEXT('part definition',#9690,'mechanical');
#9692=PRODUCT('H\X2\1ED9\X0\p Slave','H\X2\1ED9\X0\p Slave',$,(#9691));
#9693=PRESENTATION_STYLE_ASSIGNMENT((#9694));
#9694=SURFACE_STYLE_USAGE(.BOTH.,#9697);
#9695=SURFACE_STYLE_RENDERING_WITH_PROPERTIES($,#9701,(#9696));
#9696=SURFACE_STYLE_TRANSPARENT(0.);
#9697=SURFACE_SIDE_STYLE('',(#9698,#9695));
#9698=SURFACE_STYLE_FILL_AREA(#9699);
#9699=FILL_AREA_STYLE('',(#9700));
#9700=FILL_AREA_STYLE_COLOUR('',#9701);
#9701=COLOUR_RGB('',0.0941176470588235,0.145098039215686,0.972549019607843);
ENDSEC;
END-ISO-10303-21;
