ISO-10303-21;
HEADER;
/* Generated by software containing ST-Developer
 * from STEP Tools, Inc. (www.steptools.com) 
 */

FILE_DESCRIPTION(
/* description */ (''),
/* implementation_level */ '2;1');

FILE_NAME(
/* name */ 
'D:\\6. THI\\12. H\X2\1ED9\X0\p EVN\\12. H\X2\1ED9\X0\p EVN\\Slave\\Sl
ave_G\X2\1EED\X0\i Kh\X\E1ch_26.07.14\\3D Step\\N\X2\1EAF\X0\p Slave_S
LA_M\X\E0u Xanh C\X\F4 Ban_SL01.stp',
/* time_stamp */ '2026-07-14T09:27:31+07:00',
/* author */ ('PC'),
/* organization */ (''),
/* preprocessor_version */ 'ST-DEVELOPER v18',
/* originating_system */ 'Autodesk Inventor 2020',
/* authorisation */ '');

FILE_SCHEMA (('AUTOMOTIVE_DESIGN { 1 0 10303 214 3 1 1 }'));
ENDSEC;

DATA;
#10=MECHANICAL_DESIGN_GEOMETRIC_PRESENTATION_REPRESENTATION('',(#13),#6123);
#11=SHAPE_REPRESENTATION_RELATIONSHIP('SRR','None',#6130,#12);
#12=ADVANCED_BREP_SHAPE_REPRESENTATION('',(#14),#6122);
#13=STYLED_ITEM('',(#6139),#14);
#14=MANIFOLD_SOLID_BREP('Solid1',#3437);
#15=TOROIDAL_SURFACE('',#3718,2.,1.);
#16=TOROIDAL_SURFACE('',#3723,8.5,1.);
#17=TOROIDAL_SURFACE('',#3727,2.,1.);
#18=TOROIDAL_SURFACE('',#3733,2.,1.);
#19=TOROIDAL_SURFACE('',#3737,8.5,1.);
#20=TOROIDAL_SURFACE('',#3741,2.,1.);
#21=TOROIDAL_SURFACE('',#3747,2.,1.);
#22=TOROIDAL_SURFACE('',#3751,8.5,1.);
#23=TOROIDAL_SURFACE('',#3755,2.,1.);
#24=TOROIDAL_SURFACE('',#3761,2.,1.);
#25=TOROIDAL_SURFACE('',#3765,8.5,1.);
#26=TOROIDAL_SURFACE('',#3769,2.,1.);
#27=TOROIDAL_SURFACE('',#3775,4.00000000000001,1.);
#28=TOROIDAL_SURFACE('',#3781,4.,1.);
#29=TOROIDAL_SURFACE('',#3787,2.,1.);
#30=TOROIDAL_SURFACE('',#3791,8.5,1.);
#31=TOROIDAL_SURFACE('',#3795,2.,1.);
#32=TOROIDAL_SURFACE('',#3801,2.,1.);
#33=TOROIDAL_SURFACE('',#3805,8.5,1.);
#34=TOROIDAL_SURFACE('',#3809,2.,1.);
#35=TOROIDAL_SURFACE('',#3815,2.,1.);
#36=TOROIDAL_SURFACE('',#3819,8.5,1.);
#37=TOROIDAL_SURFACE('',#3823,2.,1.);
#38=TOROIDAL_SURFACE('',#3829,2.,1.);
#39=TOROIDAL_SURFACE('',#3833,8.5,1.);
#40=TOROIDAL_SURFACE('',#3837,2.,1.);
#41=TOROIDAL_SURFACE('',#3843,3.99999999999999,1.);
#42=TOROIDAL_SURFACE('',#3849,3.99999999999997,1.);
#43=FACE_BOUND('',#321,.T.);
#44=FACE_BOUND('',#324,.T.);
#45=FACE_BOUND('',#327,.T.);
#46=FACE_BOUND('',#330,.T.);
#47=FACE_BOUND('',#333,.T.);
#48=FACE_BOUND('',#347,.T.);
#49=FACE_BOUND('',#348,.T.);
#50=FACE_BOUND('',#349,.T.);
#51=FACE_BOUND('',#350,.T.);
#52=FACE_BOUND('',#351,.T.);
#53=FACE_BOUND('',#421,.T.);
#54=FACE_BOUND('',#483,.T.);
#55=FACE_BOUND('',#484,.T.);
#56=FACE_BOUND('',#485,.T.);
#57=FACE_BOUND('',#486,.T.);
#58=FACE_BOUND('',#487,.T.);
#59=FACE_BOUND('',#505,.T.);
#60=FACE_BOUND('',#506,.T.);
#61=FACE_BOUND('',#507,.T.);
#62=FACE_BOUND('',#508,.T.);
#63=FACE_BOUND('',#509,.T.);
#64=FACE_BOUND('',#510,.T.);
#65=FACE_BOUND('',#511,.T.);
#66=FACE_BOUND('',#512,.T.);
#67=PLANE('',#3462);
#68=PLANE('',#3470);
#69=PLANE('',#3478);
#70=PLANE('',#3486);
#71=PLANE('',#3494);
#72=PLANE('',#3497);
#73=PLANE('',#3499);
#74=PLANE('',#3504);
#75=PLANE('',#3515);
#76=PLANE('',#3522);
#77=PLANE('',#3523);
#78=PLANE('',#3526);
#79=PLANE('',#3536);
#80=PLANE('',#3539);
#81=PLANE('',#3540);
#82=PLANE('',#3543);
#83=PLANE('',#3544);
#84=PLANE('',#3545);
#85=PLANE('',#3566);
#86=PLANE('',#3572);
#87=PLANE('',#3578);
#88=PLANE('',#3584);
#89=PLANE('',#3587);
#90=PLANE('',#3588);
#91=PLANE('',#3589);
#92=PLANE('',#3592);
#93=PLANE('',#3596);
#94=PLANE('',#3606);
#95=PLANE('',#3610);
#96=PLANE('',#3614);
#97=PLANE('',#3624);
#98=PLANE('',#3634);
#99=PLANE('',#3644);
#100=PLANE('',#3654);
#101=PLANE('',#3658);
#102=PLANE('',#3662);
#103=PLANE('',#3672);
#104=PLANE('',#3682);
#105=PLANE('',#3689);
#106=PLANE('',#3856);
#107=PLANE('',#3860);
#108=PLANE('',#3864);
#109=PLANE('',#3868);
#110=PLANE('',#3870);
#111=PLANE('',#3872);
#112=PLANE('',#3874);
#113=PLANE('',#3877);
#114=PLANE('',#3880);
#115=PLANE('',#3883);
#116=PLANE('',#3886);
#117=PLANE('',#3887);
#118=PLANE('',#3890);
#119=PLANE('',#3891);
#120=PLANE('',#3896);
#121=PLANE('',#3897);
#122=PLANE('',#3898);
#123=PLANE('',#3900);
#124=PLANE('',#3904);
#125=PLANE('',#3908);
#126=PLANE('',#3912);
#127=PLANE('',#3915);
#128=PLANE('',#3918);
#129=FACE_OUTER_BOUND('',#319,.T.);
#130=FACE_OUTER_BOUND('',#320,.T.);
#131=FACE_OUTER_BOUND('',#322,.T.);
#132=FACE_OUTER_BOUND('',#323,.T.);
#133=FACE_OUTER_BOUND('',#325,.T.);
#134=FACE_OUTER_BOUND('',#326,.T.);
#135=FACE_OUTER_BOUND('',#328,.T.);
#136=FACE_OUTER_BOUND('',#329,.T.);
#137=FACE_OUTER_BOUND('',#331,.T.);
#138=FACE_OUTER_BOUND('',#332,.T.);
#139=FACE_OUTER_BOUND('',#334,.T.);
#140=FACE_OUTER_BOUND('',#335,.T.);
#141=FACE_OUTER_BOUND('',#336,.T.);
#142=FACE_OUTER_BOUND('',#337,.T.);
#143=FACE_OUTER_BOUND('',#338,.T.);
#144=FACE_OUTER_BOUND('',#339,.T.);
#145=FACE_OUTER_BOUND('',#340,.T.);
#146=FACE_OUTER_BOUND('',#341,.T.);
#147=FACE_OUTER_BOUND('',#342,.T.);
#148=FACE_OUTER_BOUND('',#343,.T.);
#149=FACE_OUTER_BOUND('',#344,.T.);
#150=FACE_OUTER_BOUND('',#345,.T.);
#151=FACE_OUTER_BOUND('',#346,.T.);
#152=FACE_OUTER_BOUND('',#352,.T.);
#153=FACE_OUTER_BOUND('',#353,.T.);
#154=FACE_OUTER_BOUND('',#354,.T.);
#155=FACE_OUTER_BOUND('',#355,.T.);
#156=FACE_OUTER_BOUND('',#356,.T.);
#157=FACE_OUTER_BOUND('',#357,.T.);
#158=FACE_OUTER_BOUND('',#358,.T.);
#159=FACE_OUTER_BOUND('',#359,.T.);
#160=FACE_OUTER_BOUND('',#360,.T.);
#161=FACE_OUTER_BOUND('',#361,.T.);
#162=FACE_OUTER_BOUND('',#362,.T.);
#163=FACE_OUTER_BOUND('',#363,.T.);
#164=FACE_OUTER_BOUND('',#364,.T.);
#165=FACE_OUTER_BOUND('',#365,.T.);
#166=FACE_OUTER_BOUND('',#366,.T.);
#167=FACE_OUTER_BOUND('',#367,.T.);
#168=FACE_OUTER_BOUND('',#368,.T.);
#169=FACE_OUTER_BOUND('',#369,.T.);
#170=FACE_OUTER_BOUND('',#370,.T.);
#171=FACE_OUTER_BOUND('',#371,.T.);
#172=FACE_OUTER_BOUND('',#372,.T.);
#173=FACE_OUTER_BOUND('',#373,.T.);
#174=FACE_OUTER_BOUND('',#374,.T.);
#175=FACE_OUTER_BOUND('',#375,.T.);
#176=FACE_OUTER_BOUND('',#376,.T.);
#177=FACE_OUTER_BOUND('',#377,.T.);
#178=FACE_OUTER_BOUND('',#378,.T.);
#179=FACE_OUTER_BOUND('',#379,.T.);
#180=FACE_OUTER_BOUND('',#380,.T.);
#181=FACE_OUTER_BOUND('',#381,.T.);
#182=FACE_OUTER_BOUND('',#382,.T.);
#183=FACE_OUTER_BOUND('',#383,.T.);
#184=FACE_OUTER_BOUND('',#384,.T.);
#185=FACE_OUTER_BOUND('',#385,.T.);
#186=FACE_OUTER_BOUND('',#386,.T.);
#187=FACE_OUTER_BOUND('',#387,.T.);
#188=FACE_OUTER_BOUND('',#388,.T.);
#189=FACE_OUTER_BOUND('',#389,.T.);
#190=FACE_OUTER_BOUND('',#390,.T.);
#191=FACE_OUTER_BOUND('',#391,.T.);
#192=FACE_OUTER_BOUND('',#392,.T.);
#193=FACE_OUTER_BOUND('',#393,.T.);
#194=FACE_OUTER_BOUND('',#394,.T.);
#195=FACE_OUTER_BOUND('',#395,.T.);
#196=FACE_OUTER_BOUND('',#396,.T.);
#197=FACE_OUTER_BOUND('',#397,.T.);
#198=FACE_OUTER_BOUND('',#398,.T.);
#199=FACE_OUTER_BOUND('',#399,.T.);
#200=FACE_OUTER_BOUND('',#400,.T.);
#201=FACE_OUTER_BOUND('',#401,.T.);
#202=FACE_OUTER_BOUND('',#402,.T.);
#203=FACE_OUTER_BOUND('',#403,.T.);
#204=FACE_OUTER_BOUND('',#404,.T.);
#205=FACE_OUTER_BOUND('',#405,.T.);
#206=FACE_OUTER_BOUND('',#406,.T.);
#207=FACE_OUTER_BOUND('',#407,.T.);
#208=FACE_OUTER_BOUND('',#408,.T.);
#209=FACE_OUTER_BOUND('',#409,.T.);
#210=FACE_OUTER_BOUND('',#410,.T.);
#211=FACE_OUTER_BOUND('',#411,.T.);
#212=FACE_OUTER_BOUND('',#412,.T.);
#213=FACE_OUTER_BOUND('',#413,.T.);
#214=FACE_OUTER_BOUND('',#414,.T.);
#215=FACE_OUTER_BOUND('',#415,.T.);
#216=FACE_OUTER_BOUND('',#416,.T.);
#217=FACE_OUTER_BOUND('',#417,.T.);
#218=FACE_OUTER_BOUND('',#418,.T.);
#219=FACE_OUTER_BOUND('',#419,.T.);
#220=FACE_OUTER_BOUND('',#420,.T.);
#221=FACE_OUTER_BOUND('',#422,.T.);
#222=FACE_OUTER_BOUND('',#423,.T.);
#223=FACE_OUTER_BOUND('',#424,.T.);
#224=FACE_OUTER_BOUND('',#425,.T.);
#225=FACE_OUTER_BOUND('',#426,.T.);
#226=FACE_OUTER_BOUND('',#427,.T.);
#227=FACE_OUTER_BOUND('',#428,.T.);
#228=FACE_OUTER_BOUND('',#429,.T.);
#229=FACE_OUTER_BOUND('',#430,.T.);
#230=FACE_OUTER_BOUND('',#431,.T.);
#231=FACE_OUTER_BOUND('',#432,.T.);
#232=FACE_OUTER_BOUND('',#433,.T.);
#233=FACE_OUTER_BOUND('',#434,.T.);
#234=FACE_OUTER_BOUND('',#435,.T.);
#235=FACE_OUTER_BOUND('',#436,.T.);
#236=FACE_OUTER_BOUND('',#437,.T.);
#237=FACE_OUTER_BOUND('',#438,.T.);
#238=FACE_OUTER_BOUND('',#439,.T.);
#239=FACE_OUTER_BOUND('',#440,.T.);
#240=FACE_OUTER_BOUND('',#441,.T.);
#241=FACE_OUTER_BOUND('',#442,.T.);
#242=FACE_OUTER_BOUND('',#443,.T.);
#243=FACE_OUTER_BOUND('',#444,.T.);
#244=FACE_OUTER_BOUND('',#445,.T.);
#245=FACE_OUTER_BOUND('',#446,.T.);
#246=FACE_OUTER_BOUND('',#447,.T.);
#247=FACE_OUTER_BOUND('',#448,.T.);
#248=FACE_OUTER_BOUND('',#449,.T.);
#249=FACE_OUTER_BOUND('',#450,.T.);
#250=FACE_OUTER_BOUND('',#451,.T.);
#251=FACE_OUTER_BOUND('',#452,.T.);
#252=FACE_OUTER_BOUND('',#453,.T.);
#253=FACE_OUTER_BOUND('',#454,.T.);
#254=FACE_OUTER_BOUND('',#455,.T.);
#255=FACE_OUTER_BOUND('',#456,.T.);
#256=FACE_OUTER_BOUND('',#457,.T.);
#257=FACE_OUTER_BOUND('',#458,.T.);
#258=FACE_OUTER_BOUND('',#459,.T.);
#259=FACE_OUTER_BOUND('',#460,.T.);
#260=FACE_OUTER_BOUND('',#461,.T.);
#261=FACE_OUTER_BOUND('',#462,.T.);
#262=FACE_OUTER_BOUND('',#463,.T.);
#263=FACE_OUTER_BOUND('',#464,.T.);
#264=FACE_OUTER_BOUND('',#465,.T.);
#265=FACE_OUTER_BOUND('',#466,.T.);
#266=FACE_OUTER_BOUND('',#467,.T.);
#267=FACE_OUTER_BOUND('',#468,.T.);
#268=FACE_OUTER_BOUND('',#469,.T.);
#269=FACE_OUTER_BOUND('',#470,.T.);
#270=FACE_OUTER_BOUND('',#471,.T.);
#271=FACE_OUTER_BOUND('',#472,.T.);
#272=FACE_OUTER_BOUND('',#473,.T.);
#273=FACE_OUTER_BOUND('',#474,.T.);
#274=FACE_OUTER_BOUND('',#475,.T.);
#275=FACE_OUTER_BOUND('',#476,.T.);
#276=FACE_OUTER_BOUND('',#477,.T.);
#277=FACE_OUTER_BOUND('',#478,.T.);
#278=FACE_OUTER_BOUND('',#479,.T.);
#279=FACE_OUTER_BOUND('',#480,.T.);
#280=FACE_OUTER_BOUND('',#481,.T.);
#281=FACE_OUTER_BOUND('',#482,.T.);
#282=FACE_OUTER_BOUND('',#488,.T.);
#283=FACE_OUTER_BOUND('',#489,.T.);
#284=FACE_OUTER_BOUND('',#490,.T.);
#285=FACE_OUTER_BOUND('',#491,.T.);
#286=FACE_OUTER_BOUND('',#492,.T.);
#287=FACE_OUTER_BOUND('',#493,.T.);
#288=FACE_OUTER_BOUND('',#494,.T.);
#289=FACE_OUTER_BOUND('',#495,.T.);
#290=FACE_OUTER_BOUND('',#496,.T.);
#291=FACE_OUTER_BOUND('',#497,.T.);
#292=FACE_OUTER_BOUND('',#498,.T.);
#293=FACE_OUTER_BOUND('',#499,.T.);
#294=FACE_OUTER_BOUND('',#500,.T.);
#295=FACE_OUTER_BOUND('',#501,.T.);
#296=FACE_OUTER_BOUND('',#502,.T.);
#297=FACE_OUTER_BOUND('',#503,.T.);
#298=FACE_OUTER_BOUND('',#504,.T.);
#299=FACE_OUTER_BOUND('',#513,.T.);
#300=FACE_OUTER_BOUND('',#514,.T.);
#301=FACE_OUTER_BOUND('',#515,.T.);
#302=FACE_OUTER_BOUND('',#516,.T.);
#303=FACE_OUTER_BOUND('',#517,.T.);
#304=FACE_OUTER_BOUND('',#518,.T.);
#305=FACE_OUTER_BOUND('',#519,.T.);
#306=FACE_OUTER_BOUND('',#520,.T.);
#307=FACE_OUTER_BOUND('',#521,.T.);
#308=FACE_OUTER_BOUND('',#522,.T.);
#309=FACE_OUTER_BOUND('',#523,.T.);
#310=FACE_OUTER_BOUND('',#524,.T.);
#311=FACE_OUTER_BOUND('',#525,.T.);
#312=FACE_OUTER_BOUND('',#526,.T.);
#313=FACE_OUTER_BOUND('',#527,.T.);
#314=FACE_OUTER_BOUND('',#528,.T.);
#315=FACE_OUTER_BOUND('',#529,.T.);
#316=FACE_OUTER_BOUND('',#530,.T.);
#317=FACE_OUTER_BOUND('',#531,.T.);
#318=FACE_OUTER_BOUND('',#532,.T.);
#319=EDGE_LOOP('',(#2127,#2128,#2129,#2130,#2131,#2132));
#320=EDGE_LOOP('',(#2133,#2134));
#321=EDGE_LOOP('',(#2135,#2136));
#322=EDGE_LOOP('',(#2137,#2138,#2139,#2140,#2141,#2142));
#323=EDGE_LOOP('',(#2143,#2144));
#324=EDGE_LOOP('',(#2145,#2146));
#325=EDGE_LOOP('',(#2147,#2148,#2149,#2150,#2151,#2152));
#326=EDGE_LOOP('',(#2153,#2154));
#327=EDGE_LOOP('',(#2155,#2156));
#328=EDGE_LOOP('',(#2157,#2158,#2159,#2160,#2161,#2162));
#329=EDGE_LOOP('',(#2163,#2164));
#330=EDGE_LOOP('',(#2165,#2166));
#331=EDGE_LOOP('',(#2167,#2168,#2169,#2170,#2171,#2172));
#332=EDGE_LOOP('',(#2173,#2174));
#333=EDGE_LOOP('',(#2175,#2176));
#334=EDGE_LOOP('',(#2177));
#335=EDGE_LOOP('',(#2178));
#336=EDGE_LOOP('',(#2179,#2180,#2181,#2182));
#337=EDGE_LOOP('',(#2183,#2184,#2185,#2186));
#338=EDGE_LOOP('',(#2187,#2188,#2189,#2190));
#339=EDGE_LOOP('',(#2191,#2192,#2193,#2194));
#340=EDGE_LOOP('',(#2195,#2196,#2197,#2198));
#341=EDGE_LOOP('',(#2199,#2200,#2201,#2202));
#342=EDGE_LOOP('',(#2203,#2204,#2205,#2206));
#343=EDGE_LOOP('',(#2207,#2208,#2209,#2210));
#344=EDGE_LOOP('',(#2211,#2212,#2213,#2214));
#345=EDGE_LOOP('',(#2215,#2216,#2217,#2218));
#346=EDGE_LOOP('',(#2219,#2220,#2221,#2222,#2223,#2224,#2225,#2226,#2227,
#2228,#2229,#2230));
#347=EDGE_LOOP('',(#2231,#2232));
#348=EDGE_LOOP('',(#2233,#2234));
#349=EDGE_LOOP('',(#2235,#2236));
#350=EDGE_LOOP('',(#2237,#2238));
#351=EDGE_LOOP('',(#2239,#2240));
#352=EDGE_LOOP('',(#2241,#2242,#2243,#2244,#2245,#2246,#2247,#2248,#2249,
#2250,#2251,#2252,#2253,#2254,#2255,#2256,#2257,#2258,#2259,#2260,#2261,
#2262,#2263,#2264,#2265,#2266));
#353=EDGE_LOOP('',(#2267,#2268,#2269,#2270));
#354=EDGE_LOOP('',(#2271,#2272,#2273,#2274));
#355=EDGE_LOOP('',(#2275,#2276,#2277,#2278));
#356=EDGE_LOOP('',(#2279,#2280,#2281,#2282));
#357=EDGE_LOOP('',(#2283,#2284,#2285,#2286));
#358=EDGE_LOOP('',(#2287,#2288,#2289,#2290));
#359=EDGE_LOOP('',(#2291,#2292,#2293,#2294));
#360=EDGE_LOOP('',(#2295,#2296,#2297,#2298));
#361=EDGE_LOOP('',(#2299,#2300,#2301,#2302,#2303,#2304));
#362=EDGE_LOOP('',(#2305,#2306,#2307,#2308,#2309,#2310));
#363=EDGE_LOOP('',(#2311,#2312,#2313,#2314,#2315,#2316));
#364=EDGE_LOOP('',(#2317,#2318,#2319,#2320,#2321,#2322));
#365=EDGE_LOOP('',(#2323,#2324,#2325,#2326,#2327,#2328));
#366=EDGE_LOOP('',(#2329,#2330,#2331,#2332,#2333,#2334));
#367=EDGE_LOOP('',(#2335,#2336));
#368=EDGE_LOOP('',(#2337,#2338,#2339,#2340,#2341,#2342));
#369=EDGE_LOOP('',(#2343,#2344));
#370=EDGE_LOOP('',(#2345,#2346,#2347,#2348,#2349,#2350));
#371=EDGE_LOOP('',(#2351,#2352));
#372=EDGE_LOOP('',(#2353,#2354,#2355,#2356,#2357,#2358));
#373=EDGE_LOOP('',(#2359,#2360));
#374=EDGE_LOOP('',(#2361,#2362,#2363,#2364));
#375=EDGE_LOOP('',(#2365,#2366,#2367,#2368));
#376=EDGE_LOOP('',(#2369,#2370,#2371,#2372));
#377=EDGE_LOOP('',(#2373,#2374,#2375,#2376));
#378=EDGE_LOOP('',(#2377,#2378,#2379,#2380));
#379=EDGE_LOOP('',(#2381,#2382,#2383,#2384));
#380=EDGE_LOOP('',(#2385,#2386,#2387,#2388));
#381=EDGE_LOOP('',(#2389,#2390,#2391,#2392));
#382=EDGE_LOOP('',(#2393,#2394,#2395,#2396));
#383=EDGE_LOOP('',(#2397,#2398,#2399,#2400));
#384=EDGE_LOOP('',(#2401,#2402,#2403,#2404));
#385=EDGE_LOOP('',(#2405,#2406,#2407,#2408));
#386=EDGE_LOOP('',(#2409,#2410,#2411,#2412));
#387=EDGE_LOOP('',(#2413,#2414,#2415,#2416));
#388=EDGE_LOOP('',(#2417,#2418,#2419,#2420));
#389=EDGE_LOOP('',(#2421,#2422,#2423,#2424));
#390=EDGE_LOOP('',(#2425,#2426,#2427,#2428));
#391=EDGE_LOOP('',(#2429,#2430,#2431,#2432));
#392=EDGE_LOOP('',(#2433,#2434,#2435,#2436));
#393=EDGE_LOOP('',(#2437,#2438,#2439,#2440));
#394=EDGE_LOOP('',(#2441,#2442,#2443,#2444));
#395=EDGE_LOOP('',(#2445,#2446,#2447,#2448));
#396=EDGE_LOOP('',(#2449,#2450,#2451,#2452));
#397=EDGE_LOOP('',(#2453,#2454,#2455,#2456));
#398=EDGE_LOOP('',(#2457,#2458,#2459,#2460));
#399=EDGE_LOOP('',(#2461,#2462,#2463,#2464));
#400=EDGE_LOOP('',(#2465,#2466,#2467,#2468));
#401=EDGE_LOOP('',(#2469,#2470,#2471,#2472));
#402=EDGE_LOOP('',(#2473,#2474,#2475,#2476));
#403=EDGE_LOOP('',(#2477,#2478,#2479,#2480));
#404=EDGE_LOOP('',(#2481,#2482,#2483,#2484));
#405=EDGE_LOOP('',(#2485,#2486,#2487,#2488));
#406=EDGE_LOOP('',(#2489,#2490,#2491,#2492));
#407=EDGE_LOOP('',(#2493,#2494,#2495,#2496));
#408=EDGE_LOOP('',(#2497,#2498,#2499,#2500));
#409=EDGE_LOOP('',(#2501,#2502,#2503,#2504));
#410=EDGE_LOOP('',(#2505,#2506,#2507,#2508));
#411=EDGE_LOOP('',(#2509,#2510,#2511,#2512));
#412=EDGE_LOOP('',(#2513,#2514,#2515,#2516));
#413=EDGE_LOOP('',(#2517,#2518,#2519,#2520));
#414=EDGE_LOOP('',(#2521,#2522,#2523,#2524));
#415=EDGE_LOOP('',(#2525,#2526,#2527,#2528));
#416=EDGE_LOOP('',(#2529,#2530,#2531,#2532));
#417=EDGE_LOOP('',(#2533,#2534,#2535,#2536));
#418=EDGE_LOOP('',(#2537,#2538,#2539,#2540));
#419=EDGE_LOOP('',(#2541,#2542,#2543,#2544));
#420=EDGE_LOOP('',(#2545,#2546,#2547,#2548,#2549,#2550,#2551,#2552,#2553,
#2554,#2555,#2556,#2557,#2558,#2559,#2560,#2561,#2562,#2563,#2564,#2565,
#2566,#2567,#2568,#2569,#2570,#2571,#2572,#2573,#2574,#2575,#2576,#2577,
#2578,#2579,#2580,#2581,#2582,#2583,#2584));
#421=EDGE_LOOP('',(#2585,#2586,#2587,#2588,#2589,#2590,#2591,#2592,#2593,
#2594,#2595,#2596,#2597,#2598,#2599,#2600,#2601,#2602,#2603,#2604,#2605,
#2606,#2607,#2608,#2609,#2610,#2611,#2612,#2613,#2614,#2615,#2616,#2617,
#2618,#2619,#2620,#2621,#2622,#2623,#2624));
#422=EDGE_LOOP('',(#2625,#2626,#2627,#2628));
#423=EDGE_LOOP('',(#2629,#2630,#2631,#2632));
#424=EDGE_LOOP('',(#2633,#2634,#2635,#2636));
#425=EDGE_LOOP('',(#2637,#2638,#2639,#2640));
#426=EDGE_LOOP('',(#2641,#2642,#2643,#2644));
#427=EDGE_LOOP('',(#2645,#2646,#2647,#2648));
#428=EDGE_LOOP('',(#2649,#2650,#2651,#2652));
#429=EDGE_LOOP('',(#2653,#2654,#2655,#2656));
#430=EDGE_LOOP('',(#2657,#2658,#2659,#2660));
#431=EDGE_LOOP('',(#2661,#2662,#2663,#2664));
#432=EDGE_LOOP('',(#2665,#2666,#2667,#2668));
#433=EDGE_LOOP('',(#2669,#2670,#2671,#2672));
#434=EDGE_LOOP('',(#2673,#2674,#2675,#2676));
#435=EDGE_LOOP('',(#2677,#2678,#2679,#2680));
#436=EDGE_LOOP('',(#2681,#2682,#2683,#2684));
#437=EDGE_LOOP('',(#2685,#2686,#2687,#2688));
#438=EDGE_LOOP('',(#2689,#2690,#2691,#2692));
#439=EDGE_LOOP('',(#2693,#2694,#2695,#2696));
#440=EDGE_LOOP('',(#2697,#2698,#2699,#2700));
#441=EDGE_LOOP('',(#2701,#2702,#2703,#2704));
#442=EDGE_LOOP('',(#2705,#2706,#2707,#2708));
#443=EDGE_LOOP('',(#2709,#2710,#2711,#2712));
#444=EDGE_LOOP('',(#2713,#2714,#2715,#2716));
#445=EDGE_LOOP('',(#2717,#2718,#2719,#2720));
#446=EDGE_LOOP('',(#2721,#2722,#2723,#2724));
#447=EDGE_LOOP('',(#2725,#2726,#2727,#2728));
#448=EDGE_LOOP('',(#2729,#2730,#2731,#2732));
#449=EDGE_LOOP('',(#2733,#2734,#2735,#2736));
#450=EDGE_LOOP('',(#2737,#2738,#2739,#2740));
#451=EDGE_LOOP('',(#2741,#2742,#2743,#2744));
#452=EDGE_LOOP('',(#2745,#2746,#2747,#2748));
#453=EDGE_LOOP('',(#2749,#2750,#2751,#2752));
#454=EDGE_LOOP('',(#2753,#2754,#2755,#2756));
#455=EDGE_LOOP('',(#2757,#2758,#2759,#2760));
#456=EDGE_LOOP('',(#2761,#2762,#2763,#2764));
#457=EDGE_LOOP('',(#2765,#2766,#2767,#2768));
#458=EDGE_LOOP('',(#2769,#2770,#2771,#2772));
#459=EDGE_LOOP('',(#2773,#2774,#2775,#2776));
#460=EDGE_LOOP('',(#2777,#2778,#2779,#2780));
#461=EDGE_LOOP('',(#2781,#2782,#2783,#2784));
#462=EDGE_LOOP('',(#2785,#2786,#2787,#2788));
#463=EDGE_LOOP('',(#2789,#2790,#2791,#2792));
#464=EDGE_LOOP('',(#2793,#2794,#2795,#2796));
#465=EDGE_LOOP('',(#2797,#2798,#2799,#2800));
#466=EDGE_LOOP('',(#2801,#2802,#2803,#2804));
#467=EDGE_LOOP('',(#2805,#2806,#2807,#2808));
#468=EDGE_LOOP('',(#2809,#2810,#2811,#2812));
#469=EDGE_LOOP('',(#2813,#2814,#2815,#2816));
#470=EDGE_LOOP('',(#2817,#2818,#2819,#2820));
#471=EDGE_LOOP('',(#2821,#2822,#2823,#2824));
#472=EDGE_LOOP('',(#2825,#2826,#2827,#2828));
#473=EDGE_LOOP('',(#2829,#2830,#2831,#2832));
#474=EDGE_LOOP('',(#2833,#2834,#2835,#2836));
#475=EDGE_LOOP('',(#2837,#2838,#2839,#2840));
#476=EDGE_LOOP('',(#2841,#2842,#2843,#2844));
#477=EDGE_LOOP('',(#2845,#2846,#2847,#2848));
#478=EDGE_LOOP('',(#2849,#2850,#2851,#2852));
#479=EDGE_LOOP('',(#2853,#2854,#2855,#2856));
#480=EDGE_LOOP('',(#2857,#2858,#2859,#2860));
#481=EDGE_LOOP('',(#2861,#2862,#2863,#2864));
#482=EDGE_LOOP('',(#2865,#2866,#2867,#2868,#2869,#2870,#2871,#2872,#2873,
#2874,#2875,#2876,#2877,#2878,#2879,#2880,#2881,#2882,#2883,#2884,#2885,
#2886,#2887,#2888,#2889,#2890,#2891,#2892,#2893,#2894,#2895,#2896,#2897,
#2898,#2899,#2900,#2901,#2902,#2903,#2904));
#483=EDGE_LOOP('',(#2905,#2906));
#484=EDGE_LOOP('',(#2907,#2908));
#485=EDGE_LOOP('',(#2909,#2910));
#486=EDGE_LOOP('',(#2911,#2912));
#487=EDGE_LOOP('',(#2913,#2914));
#488=EDGE_LOOP('',(#2915,#2916,#2917,#2918));
#489=EDGE_LOOP('',(#2919,#2920,#2921,#2922));
#490=EDGE_LOOP('',(#2923,#2924,#2925,#2926));
#491=EDGE_LOOP('',(#2927,#2928,#2929,#2930));
#492=EDGE_LOOP('',(#2931,#2932,#2933,#2934));
#493=EDGE_LOOP('',(#2935,#2936,#2937,#2938));
#494=EDGE_LOOP('',(#2939,#2940,#2941,#2942));
#495=EDGE_LOOP('',(#2943,#2944,#2945,#2946));
#496=EDGE_LOOP('',(#2947,#2948,#2949,#2950));
#497=EDGE_LOOP('',(#2951,#2952,#2953,#2954));
#498=EDGE_LOOP('',(#2955,#2956,#2957,#2958));
#499=EDGE_LOOP('',(#2959,#2960,#2961,#2962));
#500=EDGE_LOOP('',(#2963,#2964,#2965,#2966));
#501=EDGE_LOOP('',(#2967,#2968,#2969,#2970));
#502=EDGE_LOOP('',(#2971,#2972,#2973,#2974));
#503=EDGE_LOOP('',(#2975,#2976,#2977,#2978));
#504=EDGE_LOOP('',(#2979,#2980,#2981,#2982,#2983,#2984,#2985,#2986,#2987,
#2988,#2989,#2990,#2991,#2992,#2993,#2994,#2995,#2996,#2997,#2998,#2999,
#3000,#3001,#3002,#3003,#3004,#3005,#3006,#3007,#3008,#3009,#3010,#3011,
#3012,#3013,#3014,#3015,#3016,#3017,#3018));
#505=EDGE_LOOP('',(#3019,#3020,#3021,#3022,#3023,#3024,#3025,#3026,#3027,
#3028,#3029,#3030,#3031,#3032,#3033,#3034,#3035,#3036,#3037,#3038,#3039,
#3040,#3041,#3042,#3043,#3044));
#506=EDGE_LOOP('',(#3045));
#507=EDGE_LOOP('',(#3046));
#508=EDGE_LOOP('',(#3047,#3048));
#509=EDGE_LOOP('',(#3049,#3050));
#510=EDGE_LOOP('',(#3051,#3052));
#511=EDGE_LOOP('',(#3053,#3054));
#512=EDGE_LOOP('',(#3055,#3056,#3057,#3058,#3059,#3060,#3061,#3062,#3063,
#3064,#3065,#3066));
#513=EDGE_LOOP('',(#3067,#3068,#3069,#3070));
#514=EDGE_LOOP('',(#3071,#3072,#3073,#3074));
#515=EDGE_LOOP('',(#3075,#3076,#3077,#3078));
#516=EDGE_LOOP('',(#3079,#3080,#3081,#3082));
#517=EDGE_LOOP('',(#3083,#3084,#3085,#3086));
#518=EDGE_LOOP('',(#3087,#3088,#3089,#3090));
#519=EDGE_LOOP('',(#3091,#3092,#3093,#3094));
#520=EDGE_LOOP('',(#3095,#3096,#3097,#3098));
#521=EDGE_LOOP('',(#3099,#3100,#3101,#3102));
#522=EDGE_LOOP('',(#3103,#3104,#3105,#3106));
#523=EDGE_LOOP('',(#3107,#3108,#3109,#3110));
#524=EDGE_LOOP('',(#3111,#3112,#3113,#3114));
#525=EDGE_LOOP('',(#3115,#3116,#3117,#3118));
#526=EDGE_LOOP('',(#3119,#3120,#3121,#3122));
#527=EDGE_LOOP('',(#3123,#3124,#3125,#3126));
#528=EDGE_LOOP('',(#3127,#3128,#3129,#3130));
#529=EDGE_LOOP('',(#3131,#3132,#3133,#3134));
#530=EDGE_LOOP('',(#3135,#3136,#3137,#3138));
#531=EDGE_LOOP('',(#3139,#3140,#3141,#3142));
#532=EDGE_LOOP('',(#3143,#3144,#3145,#3146));
#533=LINE('',#5090,#771);
#534=LINE('',#5105,#772);
#535=LINE('',#5120,#773);
#536=LINE('',#5135,#774);
#537=LINE('',#5150,#775);
#538=LINE('',#5170,#776);
#539=LINE('',#5173,#777);
#540=LINE('',#5176,#778);
#541=LINE('',#5178,#779);
#542=LINE('',#5179,#780);
#543=LINE('',#5184,#781);
#544=LINE('',#5189,#782);
#545=LINE('',#5193,#783);
#546=LINE('',#5199,#784);
#547=LINE('',#5202,#785);
#548=LINE('',#5205,#786);
#549=LINE('',#5207,#787);
#550=LINE('',#5208,#788);
#551=LINE('',#5213,#789);
#552=LINE('',#5219,#790);
#553=LINE('',#5223,#791);
#554=LINE('',#5225,#792);
#555=LINE('',#5226,#793);
#556=LINE('',#5229,#794);
#557=LINE('',#5231,#795);
#558=LINE('',#5235,#796);
#559=LINE('',#5237,#797);
#560=LINE('',#5239,#798);
#561=LINE('',#5242,#799);
#562=LINE('',#5247,#800);
#563=LINE('',#5251,#801);
#564=LINE('',#5255,#802);
#565=LINE('',#5259,#803);
#566=LINE('',#5261,#804);
#567=LINE('',#5265,#805);
#568=LINE('',#5267,#806);
#569=LINE('',#5269,#807);
#570=LINE('',#5273,#808);
#571=LINE('',#5275,#809);
#572=LINE('',#5279,#810);
#573=LINE('',#5283,#811);
#574=LINE('',#5286,#812);
#575=LINE('',#5289,#813);
#576=LINE('',#5291,#814);
#577=LINE('',#5292,#815);
#578=LINE('',#5295,#816);
#579=LINE('',#5299,#817);
#580=LINE('',#5300,#818);
#581=LINE('',#5303,#819);
#582=LINE('',#5305,#820);
#583=LINE('',#5306,#821);
#584=LINE('',#5310,#822);
#585=LINE('',#5313,#823);
#586=LINE('',#5314,#824);
#587=LINE('',#5317,#825);
#588=LINE('',#5318,#826);
#589=LINE('',#5321,#827);
#590=LINE('',#5322,#828);
#591=LINE('',#5328,#829);
#592=LINE('',#5334,#830);
#593=LINE('',#5340,#831);
#594=LINE('',#5346,#832);
#595=LINE('',#5352,#833);
#596=LINE('',#5359,#834);
#597=LINE('',#5370,#835);
#598=LINE('',#5381,#836);
#599=LINE('',#5392,#837);
#600=LINE('',#5399,#838);
#601=LINE('',#5402,#839);
#602=LINE('',#5405,#840);
#603=LINE('',#5406,#841);
#604=LINE('',#5408,#842);
#605=LINE('',#5411,#843);
#606=LINE('',#5413,#844);
#607=LINE('',#5414,#845);
#608=LINE('',#5418,#846);
#609=LINE('',#5421,#847);
#610=LINE('',#5422,#848);
#611=LINE('',#5428,#849);
#612=LINE('',#5431,#850);
#613=LINE('',#5434,#851);
#614=LINE('',#5436,#852);
#615=LINE('',#5437,#853);
#616=LINE('',#5443,#854);
#617=LINE('',#5449,#855);
#618=LINE('',#5455,#856);
#619=LINE('',#5458,#857);
#620=LINE('',#5460,#858);
#621=LINE('',#5461,#859);
#622=LINE('',#5467,#860);
#623=LINE('',#5470,#861);
#624=LINE('',#5472,#862);
#625=LINE('',#5473,#863);
#626=LINE('',#5479,#864);
#627=LINE('',#5482,#865);
#628=LINE('',#5484,#866);
#629=LINE('',#5485,#867);
#630=LINE('',#5491,#868);
#631=LINE('',#5497,#869);
#632=LINE('',#5503,#870);
#633=LINE('',#5506,#871);
#634=LINE('',#5508,#872);
#635=LINE('',#5509,#873);
#636=LINE('',#5515,#874);
#637=LINE('',#5521,#875);
#638=LINE('',#5527,#876);
#639=LINE('',#5530,#877);
#640=LINE('',#5532,#878);
#641=LINE('',#5533,#879);
#642=LINE('',#5539,#880);
#643=LINE('',#5545,#881);
#644=LINE('',#5551,#882);
#645=LINE('',#5554,#883);
#646=LINE('',#5556,#884);
#647=LINE('',#5557,#885);
#648=LINE('',#5563,#886);
#649=LINE('',#5569,#887);
#650=LINE('',#5575,#888);
#651=LINE('',#5578,#889);
#652=LINE('',#5580,#890);
#653=LINE('',#5581,#891);
#654=LINE('',#5587,#892);
#655=LINE('',#5590,#893);
#656=LINE('',#5592,#894);
#657=LINE('',#5593,#895);
#658=LINE('',#5599,#896);
#659=LINE('',#5602,#897);
#660=LINE('',#5604,#898);
#661=LINE('',#5605,#899);
#662=LINE('',#5611,#900);
#663=LINE('',#5617,#901);
#664=LINE('',#5623,#902);
#665=LINE('',#5626,#903);
#666=LINE('',#5628,#904);
#667=LINE('',#5629,#905);
#668=LINE('',#5635,#906);
#669=LINE('',#5641,#907);
#670=LINE('',#5647,#908);
#671=LINE('',#5650,#909);
#672=LINE('',#5652,#910);
#673=LINE('',#5653,#911);
#674=LINE('',#5659,#912);
#675=LINE('',#5668,#913);
#676=LINE('',#5676,#914);
#677=LINE('',#5680,#915);
#678=LINE('',#5684,#916);
#679=LINE('',#5692,#917);
#680=LINE('',#5700,#918);
#681=LINE('',#5708,#919);
#682=LINE('',#5716,#920);
#683=LINE('',#5720,#921);
#684=LINE('',#5724,#922);
#685=LINE('',#5732,#923);
#686=LINE('',#5740,#924);
#687=LINE('',#5769,#925);
#688=LINE('',#5770,#926);
#689=LINE('',#5793,#927);
#690=LINE('',#5794,#928);
#691=LINE('',#5817,#929);
#692=LINE('',#5818,#930);
#693=LINE('',#5841,#931);
#694=LINE('',#5842,#932);
#695=LINE('',#5853,#933);
#696=LINE('',#5854,#934);
#697=LINE('',#5865,#935);
#698=LINE('',#5866,#936);
#699=LINE('',#5889,#937);
#700=LINE('',#5890,#938);
#701=LINE('',#5913,#939);
#702=LINE('',#5914,#940);
#703=LINE('',#5937,#941);
#704=LINE('',#5938,#942);
#705=LINE('',#5961,#943);
#706=LINE('',#5962,#944);
#707=LINE('',#5973,#945);
#708=LINE('',#5974,#946);
#709=LINE('',#5982,#947);
#710=LINE('',#5983,#948);
#711=LINE('',#5985,#949);
#712=LINE('',#5986,#950);
#713=LINE('',#5988,#951);
#714=LINE('',#5990,#952);
#715=LINE('',#5992,#953);
#716=LINE('',#5994,#954);
#717=LINE('',#5996,#955);
#718=LINE('',#5998,#956);
#719=LINE('',#6000,#957);
#720=LINE('',#6002,#958);
#721=LINE('',#6004,#959);
#722=LINE('',#6006,#960);
#723=LINE('',#6008,#961);
#724=LINE('',#6010,#962);
#725=LINE('',#6012,#963);
#726=LINE('',#6014,#964);
#727=LINE('',#6016,#965);
#728=LINE('',#6018,#966);
#729=LINE('',#6020,#967);
#730=LINE('',#6022,#968);
#731=LINE('',#6024,#969);
#732=LINE('',#6029,#970);
#733=LINE('',#6032,#971);
#734=LINE('',#6033,#972);
#735=LINE('',#6037,#973);
#736=LINE('',#6040,#974);
#737=LINE('',#6041,#975);
#738=LINE('',#6045,#976);
#739=LINE('',#6048,#977);
#740=LINE('',#6049,#978);
#741=LINE('',#6052,#979);
#742=LINE('',#6055,#980);
#743=LINE('',#6058,#981);
#744=LINE('',#6059,#982);
#745=LINE('',#6062,#983);
#746=LINE('',#6063,#984);
#747=LINE('',#6067,#985);
#748=LINE('',#6069,#986);
#749=LINE('',#6071,#987);
#750=LINE('',#6077,#988);
#751=LINE('',#6079,#989);
#752=LINE('',#6082,#990);
#753=LINE('',#6084,#991);
#754=LINE('',#6086,#992);
#755=LINE('',#6087,#993);
#756=LINE('',#6089,#994);
#757=LINE('',#6091,#995);
#758=LINE('',#6093,#996);
#759=LINE('',#6095,#997);
#760=LINE('',#6097,#998);
#761=LINE('',#6099,#999);
#762=LINE('',#6101,#1000);
#763=LINE('',#6103,#1001);
#764=LINE('',#6105,#1002);
#765=LINE('',#6107,#1003);
#766=LINE('',#6109,#1004);
#767=LINE('',#6111,#1005);
#768=LINE('',#6114,#1006);
#769=LINE('',#6116,#1007);
#770=LINE('',#6118,#1008);
#771=VECTOR('',#3927,3.5);
#772=VECTOR('',#3944,3.5);
#773=VECTOR('',#3961,3.5);
#774=VECTOR('',#3978,3.50000000000001);
#775=VECTOR('',#3995,3.5);
#776=VECTOR('',#4018,10.);
#777=VECTOR('',#4021,10.);
#778=VECTOR('',#4024,10.);
#779=VECTOR('',#4025,10.);
#780=VECTOR('',#4026,10.);
#781=VECTOR('',#4031,10.);
#782=VECTOR('',#4038,2.1);
#783=VECTOR('',#4043,2.1);
#784=VECTOR('',#4048,10.);
#785=VECTOR('',#4051,10.);
#786=VECTOR('',#4054,10.);
#787=VECTOR('',#4055,10.);
#788=VECTOR('',#4056,10.);
#789=VECTOR('',#4061,10.);
#790=VECTOR('',#4068,10.);
#791=VECTOR('',#4073,10.);
#792=VECTOR('',#4074,10.);
#793=VECTOR('',#4075,10.);
#794=VECTOR('',#4078,10.);
#795=VECTOR('',#4079,10.);
#796=VECTOR('',#4082,10.);
#797=VECTOR('',#4083,10.);
#798=VECTOR('',#4084,10.);
#799=VECTOR('',#4087,10.);
#800=VECTOR('',#4092,10.);
#801=VECTOR('',#4095,10.);
#802=VECTOR('',#4098,10.);
#803=VECTOR('',#4101,10.);
#804=VECTOR('',#4102,10.);
#805=VECTOR('',#4105,10.);
#806=VECTOR('',#4106,10.);
#807=VECTOR('',#4107,10.);
#808=VECTOR('',#4110,10.);
#809=VECTOR('',#4111,10.);
#810=VECTOR('',#4114,10.);
#811=VECTOR('',#4117,10.);
#812=VECTOR('',#4120,10.);
#813=VECTOR('',#4123,10.);
#814=VECTOR('',#4124,10.);
#815=VECTOR('',#4125,10.);
#816=VECTOR('',#4128,10.);
#817=VECTOR('',#4133,10.);
#818=VECTOR('',#4134,10.);
#819=VECTOR('',#4137,10.);
#820=VECTOR('',#4138,10.);
#821=VECTOR('',#4139,10.);
#822=VECTOR('',#4144,10.);
#823=VECTOR('',#4147,10.);
#824=VECTOR('',#4148,10.);
#825=VECTOR('',#4151,10.);
#826=VECTOR('',#4152,10.);
#827=VECTOR('',#4155,10.);
#828=VECTOR('',#4156,10.);
#829=VECTOR('',#4163,2.);
#830=VECTOR('',#4170,2.);
#831=VECTOR('',#4177,2.);
#832=VECTOR('',#4184,2.);
#833=VECTOR('',#4191,2.);
#834=VECTOR('',#4198,2.10000000000001);
#835=VECTOR('',#4211,2.1);
#836=VECTOR('',#4224,2.1);
#837=VECTOR('',#4237,2.1);
#838=VECTOR('',#4246,10.);
#839=VECTOR('',#4249,10.);
#840=VECTOR('',#4252,10.);
#841=VECTOR('',#4253,10.);
#842=VECTOR('',#4256,10.);
#843=VECTOR('',#4259,10.);
#844=VECTOR('',#4260,10.);
#845=VECTOR('',#4261,10.);
#846=VECTOR('',#4266,10.);
#847=VECTOR('',#4269,10.);
#848=VECTOR('',#4270,10.);
#849=VECTOR('',#4275,10.);
#850=VECTOR('',#4278,10.);
#851=VECTOR('',#4281,10.);
#852=VECTOR('',#4282,10.);
#853=VECTOR('',#4283,10.);
#854=VECTOR('',#4290,10.);
#855=VECTOR('',#4297,10.);
#856=VECTOR('',#4304,10.);
#857=VECTOR('',#4307,10.);
#858=VECTOR('',#4308,10.);
#859=VECTOR('',#4309,10.);
#860=VECTOR('',#4316,10.);
#861=VECTOR('',#4319,10.);
#862=VECTOR('',#4320,10.);
#863=VECTOR('',#4321,10.);
#864=VECTOR('',#4328,10.);
#865=VECTOR('',#4331,10.);
#866=VECTOR('',#4332,10.);
#867=VECTOR('',#4333,10.);
#868=VECTOR('',#4340,10.);
#869=VECTOR('',#4347,10.);
#870=VECTOR('',#4354,10.);
#871=VECTOR('',#4357,10.);
#872=VECTOR('',#4358,10.);
#873=VECTOR('',#4359,10.);
#874=VECTOR('',#4366,10.);
#875=VECTOR('',#4373,10.);
#876=VECTOR('',#4380,10.);
#877=VECTOR('',#4383,10.);
#878=VECTOR('',#4384,10.);
#879=VECTOR('',#4385,10.);
#880=VECTOR('',#4392,10.);
#881=VECTOR('',#4399,10.);
#882=VECTOR('',#4406,10.);
#883=VECTOR('',#4409,10.);
#884=VECTOR('',#4410,10.);
#885=VECTOR('',#4411,10.);
#886=VECTOR('',#4418,10.);
#887=VECTOR('',#4425,10.);
#888=VECTOR('',#4432,10.);
#889=VECTOR('',#4435,10.);
#890=VECTOR('',#4436,10.);
#891=VECTOR('',#4437,10.);
#892=VECTOR('',#4444,10.);
#893=VECTOR('',#4447,10.);
#894=VECTOR('',#4448,10.);
#895=VECTOR('',#4449,10.);
#896=VECTOR('',#4456,10.);
#897=VECTOR('',#4459,10.);
#898=VECTOR('',#4460,10.);
#899=VECTOR('',#4461,10.);
#900=VECTOR('',#4468,10.);
#901=VECTOR('',#4475,10.);
#902=VECTOR('',#4482,10.);
#903=VECTOR('',#4485,10.);
#904=VECTOR('',#4486,10.);
#905=VECTOR('',#4487,10.);
#906=VECTOR('',#4494,10.);
#907=VECTOR('',#4501,10.);
#908=VECTOR('',#4508,10.);
#909=VECTOR('',#4511,10.);
#910=VECTOR('',#4512,10.);
#911=VECTOR('',#4513,10.);
#912=VECTOR('',#4520,10.);
#913=VECTOR('',#4531,10.);
#914=VECTOR('',#4538,10.);
#915=VECTOR('',#4541,10.);
#916=VECTOR('',#4544,10.);
#917=VECTOR('',#4551,10.);
#918=VECTOR('',#4558,10.);
#919=VECTOR('',#4565,10.);
#920=VECTOR('',#4572,10.);
#921=VECTOR('',#4575,10.);
#922=VECTOR('',#4578,10.);
#923=VECTOR('',#4585,10.);
#924=VECTOR('',#4592,10.);
#925=VECTOR('',#4627,10.);
#926=VECTOR('',#4628,10.);
#927=VECTOR('',#4657,10.);
#928=VECTOR('',#4658,10.);
#929=VECTOR('',#4687,10.);
#930=VECTOR('',#4688,10.);
#931=VECTOR('',#4717,10.);
#932=VECTOR('',#4718,10.);
#933=VECTOR('',#4731,10.);
#934=VECTOR('',#4732,10.);
#935=VECTOR('',#4745,10.);
#936=VECTOR('',#4746,10.);
#937=VECTOR('',#4775,10.);
#938=VECTOR('',#4776,10.);
#939=VECTOR('',#4805,10.);
#940=VECTOR('',#4806,10.);
#941=VECTOR('',#4835,10.);
#942=VECTOR('',#4836,10.);
#943=VECTOR('',#4865,10.);
#944=VECTOR('',#4866,10.);
#945=VECTOR('',#4879,10.);
#946=VECTOR('',#4880,10.);
#947=VECTOR('',#4891,10.);
#948=VECTOR('',#4892,10.);
#949=VECTOR('',#4895,10.);
#950=VECTOR('',#4896,10.);
#951=VECTOR('',#4899,10.);
#952=VECTOR('',#4902,10.);
#953=VECTOR('',#4905,10.);
#954=VECTOR('',#4908,10.);
#955=VECTOR('',#4911,10.);
#956=VECTOR('',#4914,10.);
#957=VECTOR('',#4917,10.);
#958=VECTOR('',#4920,10.);
#959=VECTOR('',#4923,10.);
#960=VECTOR('',#4926,10.);
#961=VECTOR('',#4929,10.);
#962=VECTOR('',#4932,10.);
#963=VECTOR('',#4935,10.);
#964=VECTOR('',#4938,10.);
#965=VECTOR('',#4941,10.);
#966=VECTOR('',#4944,10.);
#967=VECTOR('',#4947,10.);
#968=VECTOR('',#4950,10.);
#969=VECTOR('',#4953,10.);
#970=VECTOR('',#4960,10.);
#971=VECTOR('',#4963,10.);
#972=VECTOR('',#4964,10.);
#973=VECTOR('',#4969,10.);
#974=VECTOR('',#4972,10.);
#975=VECTOR('',#4973,10.);
#976=VECTOR('',#4978,10.);
#977=VECTOR('',#4981,10.);
#978=VECTOR('',#4982,10.);
#979=VECTOR('',#4985,10.);
#980=VECTOR('',#4988,10.);
#981=VECTOR('',#4991,10.);
#982=VECTOR('',#4992,10.);
#983=VECTOR('',#4995,10.);
#984=VECTOR('',#4996,10.);
#985=VECTOR('',#5001,10.);
#986=VECTOR('',#5004,10.);
#987=VECTOR('',#5007,10.);
#988=VECTOR('',#5018,10.);
#989=VECTOR('',#5021,10.);
#990=VECTOR('',#5026,10.);
#991=VECTOR('',#5029,10.);
#992=VECTOR('',#5032,10.);
#993=VECTOR('',#5033,10.);
#994=VECTOR('',#5036,10.);
#995=VECTOR('',#5039,10.);
#996=VECTOR('',#5042,10.);
#997=VECTOR('',#5045,10.);
#998=VECTOR('',#5048,10.);
#999=VECTOR('',#5051,10.);
#1000=VECTOR('',#5054,10.);
#1001=VECTOR('',#5057,10.);
#1002=VECTOR('',#5060,10.);
#1003=VECTOR('',#5063,10.);
#1004=VECTOR('',#5066,10.);
#1005=VECTOR('',#5069,10.);
#1006=VECTOR('',#5074,10.);
#1007=VECTOR('',#5077,10.);
#1008=VECTOR('',#5080,10.);
#1009=CIRCLE('',#3458,3.5);
#1010=CIRCLE('',#3459,3.5);
#1011=CIRCLE('',#3460,3.5);
#1012=CIRCLE('',#3461,3.5);
#1013=CIRCLE('',#3463,2.);
#1014=CIRCLE('',#3464,2.);
#1015=CIRCLE('',#3466,3.5);
#1016=CIRCLE('',#3467,3.5);
#1017=CIRCLE('',#3468,3.5);
#1018=CIRCLE('',#3469,3.5);
#1019=CIRCLE('',#3471,2.);
#1020=CIRCLE('',#3472,2.);
#1021=CIRCLE('',#3474,3.5);
#1022=CIRCLE('',#3475,3.5);
#1023=CIRCLE('',#3476,3.5);
#1024=CIRCLE('',#3477,3.5);
#1025=CIRCLE('',#3479,2.);
#1026=CIRCLE('',#3480,2.);
#1027=CIRCLE('',#3482,3.50000000000001);
#1028=CIRCLE('',#3483,3.50000000000001);
#1029=CIRCLE('',#3484,3.50000000000001);
#1030=CIRCLE('',#3485,3.50000000000001);
#1031=CIRCLE('',#3487,2.);
#1032=CIRCLE('',#3488,2.);
#1033=CIRCLE('',#3490,3.5);
#1034=CIRCLE('',#3491,3.5);
#1035=CIRCLE('',#3492,3.5);
#1036=CIRCLE('',#3493,3.5);
#1037=CIRCLE('',#3495,2.);
#1038=CIRCLE('',#3496,2.);
#1039=CIRCLE('',#3498,2.1);
#1040=CIRCLE('',#3500,2.1);
#1041=CIRCLE('',#3502,7.5);
#1042=CIRCLE('',#3503,7.5);
#1043=CIRCLE('',#3506,7.5);
#1044=CIRCLE('',#3507,7.5);
#1045=CIRCLE('',#3509,2.1);
#1046=CIRCLE('',#3511,2.1);
#1047=CIRCLE('',#3513,7.5);
#1048=CIRCLE('',#3514,7.5);
#1049=CIRCLE('',#3517,7.5);
#1050=CIRCLE('',#3518,7.5);
#1051=CIRCLE('',#3520,10.5);
#1052=CIRCLE('',#3521,10.5);
#1053=CIRCLE('',#3524,6.5);
#1054=CIRCLE('',#3525,6.5);
#1055=CIRCLE('',#3527,10.5);
#1056=CIRCLE('',#3528,10.5);
#1057=CIRCLE('',#3529,10.5);
#1058=CIRCLE('',#3530,10.5);
#1059=CIRCLE('',#3531,7.);
#1060=CIRCLE('',#3532,7.);
#1061=CIRCLE('',#3533,10.5);
#1062=CIRCLE('',#3534,10.5);
#1063=CIRCLE('',#3535,10.5);
#1064=CIRCLE('',#3538,7.);
#1065=CIRCLE('',#3542,7.);
#1066=CIRCLE('',#3547,2.);
#1067=CIRCLE('',#3548,2.);
#1068=CIRCLE('',#3550,2.);
#1069=CIRCLE('',#3551,2.);
#1070=CIRCLE('',#3553,2.);
#1071=CIRCLE('',#3554,2.);
#1072=CIRCLE('',#3556,2.);
#1073=CIRCLE('',#3557,2.);
#1074=CIRCLE('',#3559,2.);
#1075=CIRCLE('',#3560,2.);
#1076=CIRCLE('',#3562,2.10000000000001);
#1077=CIRCLE('',#3563,2.10000000000001);
#1078=CIRCLE('',#3564,2.10000000000001);
#1079=CIRCLE('',#3565,2.10000000000001);
#1080=CIRCLE('',#3568,2.1);
#1081=CIRCLE('',#3569,2.1);
#1082=CIRCLE('',#3570,2.1);
#1083=CIRCLE('',#3571,2.1);
#1084=CIRCLE('',#3574,2.1);
#1085=CIRCLE('',#3575,2.1);
#1086=CIRCLE('',#3576,2.1);
#1087=CIRCLE('',#3577,2.1);
#1088=CIRCLE('',#3580,2.1);
#1089=CIRCLE('',#3581,2.1);
#1090=CIRCLE('',#3582,2.1);
#1091=CIRCLE('',#3583,2.1);
#1092=CIRCLE('',#3586,6.5);
#1093=CIRCLE('',#3591,6.5);
#1094=CIRCLE('',#3594,1.75);
#1095=CIRCLE('',#3595,1.75);
#1096=CIRCLE('',#3598,1.75);
#1097=CIRCLE('',#3599,1.75);
#1098=CIRCLE('',#3601,8.75);
#1099=CIRCLE('',#3602,8.75);
#1100=CIRCLE('',#3604,1.75);
#1101=CIRCLE('',#3605,1.75);
#1102=CIRCLE('',#3608,3.75);
#1103=CIRCLE('',#3609,3.75);
#1104=CIRCLE('',#3612,3.75);
#1105=CIRCLE('',#3613,3.75);
#1106=CIRCLE('',#3616,1.75);
#1107=CIRCLE('',#3617,1.75);
#1108=CIRCLE('',#3619,8.75);
#1109=CIRCLE('',#3620,8.75);
#1110=CIRCLE('',#3622,1.75);
#1111=CIRCLE('',#3623,1.75);
#1112=CIRCLE('',#3626,1.75);
#1113=CIRCLE('',#3627,1.75);
#1114=CIRCLE('',#3629,8.75);
#1115=CIRCLE('',#3630,8.75);
#1116=CIRCLE('',#3632,1.75);
#1117=CIRCLE('',#3633,1.75);
#1118=CIRCLE('',#3636,1.75);
#1119=CIRCLE('',#3637,1.75);
#1120=CIRCLE('',#3639,8.75);
#1121=CIRCLE('',#3640,8.75);
#1122=CIRCLE('',#3642,1.75);
#1123=CIRCLE('',#3643,1.75);
#1124=CIRCLE('',#3646,1.75);
#1125=CIRCLE('',#3647,1.75);
#1126=CIRCLE('',#3649,8.75);
#1127=CIRCLE('',#3650,8.75);
#1128=CIRCLE('',#3652,1.75);
#1129=CIRCLE('',#3653,1.75);
#1130=CIRCLE('',#3656,3.74999999999999);
#1131=CIRCLE('',#3657,3.74999999999999);
#1132=CIRCLE('',#3660,3.74999999999997);
#1133=CIRCLE('',#3661,3.74999999999997);
#1134=CIRCLE('',#3664,1.75);
#1135=CIRCLE('',#3665,1.75);
#1136=CIRCLE('',#3667,8.75);
#1137=CIRCLE('',#3668,8.75);
#1138=CIRCLE('',#3670,1.75);
#1139=CIRCLE('',#3671,1.75);
#1140=CIRCLE('',#3674,1.75);
#1141=CIRCLE('',#3675,1.75);
#1142=CIRCLE('',#3677,8.75);
#1143=CIRCLE('',#3678,8.75);
#1144=CIRCLE('',#3680,1.75);
#1145=CIRCLE('',#3681,1.75);
#1146=CIRCLE('',#3684,1.75);
#1147=CIRCLE('',#3685,1.75);
#1148=CIRCLE('',#3687,8.75);
#1149=CIRCLE('',#3688,8.75);
#1150=CIRCLE('',#3690,3.);
#1151=CIRCLE('',#3691,3.);
#1152=CIRCLE('',#3692,7.5);
#1153=CIRCLE('',#3693,3.);
#1154=CIRCLE('',#3694,5.);
#1155=CIRCLE('',#3695,5.);
#1156=CIRCLE('',#3696,3.);
#1157=CIRCLE('',#3697,7.5);
#1158=CIRCLE('',#3698,3.);
#1159=CIRCLE('',#3699,3.);
#1160=CIRCLE('',#3700,7.5);
#1161=CIRCLE('',#3701,3.);
#1162=CIRCLE('',#3702,3.);
#1163=CIRCLE('',#3703,7.5);
#1164=CIRCLE('',#3704,3.);
#1165=CIRCLE('',#3705,3.);
#1166=CIRCLE('',#3706,7.5);
#1167=CIRCLE('',#3707,3.);
#1168=CIRCLE('',#3708,4.99999999999999);
#1169=CIRCLE('',#3709,4.99999999999997);
#1170=CIRCLE('',#3710,3.);
#1171=CIRCLE('',#3711,7.5);
#1172=CIRCLE('',#3712,3.);
#1173=CIRCLE('',#3713,3.);
#1174=CIRCLE('',#3714,7.5);
#1175=CIRCLE('',#3715,3.);
#1176=CIRCLE('',#3716,3.);
#1177=CIRCLE('',#3717,7.5);
#1178=CIRCLE('',#3719,1.00000000000001);
#1179=CIRCLE('',#3720,2.);
#1180=CIRCLE('',#3721,1.);
#1181=CIRCLE('',#3722,3.);
#1182=CIRCLE('',#3724,1.);
#1183=CIRCLE('',#3725,7.5);
#1184=CIRCLE('',#3726,8.5);
#1185=CIRCLE('',#3728,1.);
#1186=CIRCLE('',#3729,3.);
#1187=CIRCLE('',#3730,2.);
#1188=CIRCLE('',#3732,1.);
#1189=CIRCLE('',#3734,1.);
#1190=CIRCLE('',#3735,3.);
#1191=CIRCLE('',#3736,2.);
#1192=CIRCLE('',#3738,1.);
#1193=CIRCLE('',#3739,7.5);
#1194=CIRCLE('',#3740,8.5);
#1195=CIRCLE('',#3742,1.);
#1196=CIRCLE('',#3743,3.);
#1197=CIRCLE('',#3744,2.);
#1198=CIRCLE('',#3746,1.);
#1199=CIRCLE('',#3748,1.);
#1200=CIRCLE('',#3749,3.);
#1201=CIRCLE('',#3750,2.);
#1202=CIRCLE('',#3752,1.);
#1203=CIRCLE('',#3753,7.5);
#1204=CIRCLE('',#3754,8.5);
#1205=CIRCLE('',#3756,1.);
#1206=CIRCLE('',#3757,3.);
#1207=CIRCLE('',#3758,2.);
#1208=CIRCLE('',#3760,1.);
#1209=CIRCLE('',#3762,1.);
#1210=CIRCLE('',#3763,3.);
#1211=CIRCLE('',#3764,2.);
#1212=CIRCLE('',#3766,1.);
#1213=CIRCLE('',#3767,7.5);
#1214=CIRCLE('',#3768,8.5);
#1215=CIRCLE('',#3770,1.);
#1216=CIRCLE('',#3771,3.);
#1217=CIRCLE('',#3772,2.);
#1218=CIRCLE('',#3774,1.);
#1219=CIRCLE('',#3776,1.);
#1220=CIRCLE('',#3777,5.);
#1221=CIRCLE('',#3778,4.);
#1222=CIRCLE('',#3780,1.);
#1223=CIRCLE('',#3782,1.);
#1224=CIRCLE('',#3783,5.);
#1225=CIRCLE('',#3784,4.);
#1226=CIRCLE('',#3786,1.);
#1227=CIRCLE('',#3788,1.);
#1228=CIRCLE('',#3789,3.);
#1229=CIRCLE('',#3790,2.);
#1230=CIRCLE('',#3792,1.);
#1231=CIRCLE('',#3793,7.5);
#1232=CIRCLE('',#3794,8.5);
#1233=CIRCLE('',#3796,1.);
#1234=CIRCLE('',#3797,3.);
#1235=CIRCLE('',#3798,2.);
#1236=CIRCLE('',#3800,1.);
#1237=CIRCLE('',#3802,1.);
#1238=CIRCLE('',#3803,3.);
#1239=CIRCLE('',#3804,2.);
#1240=CIRCLE('',#3806,1.);
#1241=CIRCLE('',#3807,7.5);
#1242=CIRCLE('',#3808,8.5);
#1243=CIRCLE('',#3810,1.);
#1244=CIRCLE('',#3811,3.);
#1245=CIRCLE('',#3812,2.);
#1246=CIRCLE('',#3814,1.);
#1247=CIRCLE('',#3816,1.);
#1248=CIRCLE('',#3817,3.);
#1249=CIRCLE('',#3818,2.);
#1250=CIRCLE('',#3820,1.);
#1251=CIRCLE('',#3821,7.5);
#1252=CIRCLE('',#3822,8.5);
#1253=CIRCLE('',#3824,1.);
#1254=CIRCLE('',#3825,3.);
#1255=CIRCLE('',#3826,2.);
#1256=CIRCLE('',#3828,1.);
#1257=CIRCLE('',#3830,1.);
#1258=CIRCLE('',#3831,3.);
#1259=CIRCLE('',#3832,2.);
#1260=CIRCLE('',#3834,1.);
#1261=CIRCLE('',#3835,7.5);
#1262=CIRCLE('',#3836,8.5);
#1263=CIRCLE('',#3838,1.);
#1264=CIRCLE('',#3839,3.);
#1265=CIRCLE('',#3840,2.);
#1266=CIRCLE('',#3842,1.);
#1267=CIRCLE('',#3844,1.);
#1268=CIRCLE('',#3845,4.99999999999999);
#1269=CIRCLE('',#3846,3.99999999999999);
#1270=CIRCLE('',#3848,1.);
#1271=CIRCLE('',#3850,1.);
#1272=CIRCLE('',#3851,4.99999999999997);
#1273=CIRCLE('',#3852,3.99999999999997);
#1274=CIRCLE('',#3876,10.5);
#1275=CIRCLE('',#3879,10.5);
#1276=CIRCLE('',#3882,10.5);
#1277=CIRCLE('',#3885,10.5);
#1278=CIRCLE('',#3889,10.5);
#1279=CIRCLE('',#3893,10.5);
#1280=CIRCLE('',#3895,10.5);
#1281=VERTEX_POINT('',#5085);
#1282=VERTEX_POINT('',#5086);
#1283=VERTEX_POINT('',#5089);
#1284=VERTEX_POINT('',#5091);
#1285=VERTEX_POINT('',#5095);
#1286=VERTEX_POINT('',#5096);
#1287=VERTEX_POINT('',#5100);
#1288=VERTEX_POINT('',#5101);
#1289=VERTEX_POINT('',#5104);
#1290=VERTEX_POINT('',#5106);
#1291=VERTEX_POINT('',#5110);
#1292=VERTEX_POINT('',#5111);
#1293=VERTEX_POINT('',#5115);
#1294=VERTEX_POINT('',#5116);
#1295=VERTEX_POINT('',#5119);
#1296=VERTEX_POINT('',#5121);
#1297=VERTEX_POINT('',#5125);
#1298=VERTEX_POINT('',#5126);
#1299=VERTEX_POINT('',#5130);
#1300=VERTEX_POINT('',#5131);
#1301=VERTEX_POINT('',#5134);
#1302=VERTEX_POINT('',#5136);
#1303=VERTEX_POINT('',#5140);
#1304=VERTEX_POINT('',#5141);
#1305=VERTEX_POINT('',#5145);
#1306=VERTEX_POINT('',#5146);
#1307=VERTEX_POINT('',#5149);
#1308=VERTEX_POINT('',#5151);
#1309=VERTEX_POINT('',#5155);
#1310=VERTEX_POINT('',#5156);
#1311=VERTEX_POINT('',#5160);
#1312=VERTEX_POINT('',#5163);
#1313=VERTEX_POINT('',#5166);
#1314=VERTEX_POINT('',#5167);
#1315=VERTEX_POINT('',#5169);
#1316=VERTEX_POINT('',#5171);
#1317=VERTEX_POINT('',#5175);
#1318=VERTEX_POINT('',#5177);
#1319=VERTEX_POINT('',#5181);
#1320=VERTEX_POINT('',#5183);
#1321=VERTEX_POINT('',#5187);
#1322=VERTEX_POINT('',#5191);
#1323=VERTEX_POINT('',#5195);
#1324=VERTEX_POINT('',#5196);
#1325=VERTEX_POINT('',#5198);
#1326=VERTEX_POINT('',#5200);
#1327=VERTEX_POINT('',#5204);
#1328=VERTEX_POINT('',#5206);
#1329=VERTEX_POINT('',#5210);
#1330=VERTEX_POINT('',#5212);
#1331=VERTEX_POINT('',#5216);
#1332=VERTEX_POINT('',#5218);
#1333=VERTEX_POINT('',#5222);
#1334=VERTEX_POINT('',#5224);
#1335=VERTEX_POINT('',#5228);
#1336=VERTEX_POINT('',#5230);
#1337=VERTEX_POINT('',#5232);
#1338=VERTEX_POINT('',#5234);
#1339=VERTEX_POINT('',#5236);
#1340=VERTEX_POINT('',#5238);
#1341=VERTEX_POINT('',#5240);
#1342=VERTEX_POINT('',#5244);
#1343=VERTEX_POINT('',#5246);
#1344=VERTEX_POINT('',#5248);
#1345=VERTEX_POINT('',#5250);
#1346=VERTEX_POINT('',#5252);
#1347=VERTEX_POINT('',#5254);
#1348=VERTEX_POINT('',#5256);
#1349=VERTEX_POINT('',#5258);
#1350=VERTEX_POINT('',#5260);
#1351=VERTEX_POINT('',#5262);
#1352=VERTEX_POINT('',#5264);
#1353=VERTEX_POINT('',#5266);
#1354=VERTEX_POINT('',#5268);
#1355=VERTEX_POINT('',#5270);
#1356=VERTEX_POINT('',#5272);
#1357=VERTEX_POINT('',#5274);
#1358=VERTEX_POINT('',#5276);
#1359=VERTEX_POINT('',#5278);
#1360=VERTEX_POINT('',#5280);
#1361=VERTEX_POINT('',#5282);
#1362=VERTEX_POINT('',#5284);
#1363=VERTEX_POINT('',#5288);
#1364=VERTEX_POINT('',#5290);
#1365=VERTEX_POINT('',#5294);
#1366=VERTEX_POINT('',#5298);
#1367=VERTEX_POINT('',#5302);
#1368=VERTEX_POINT('',#5304);
#1369=VERTEX_POINT('',#5308);
#1370=VERTEX_POINT('',#5312);
#1371=VERTEX_POINT('',#5316);
#1372=VERTEX_POINT('',#5320);
#1373=VERTEX_POINT('',#5324);
#1374=VERTEX_POINT('',#5325);
#1375=VERTEX_POINT('',#5330);
#1376=VERTEX_POINT('',#5331);
#1377=VERTEX_POINT('',#5336);
#1378=VERTEX_POINT('',#5337);
#1379=VERTEX_POINT('',#5342);
#1380=VERTEX_POINT('',#5343);
#1381=VERTEX_POINT('',#5348);
#1382=VERTEX_POINT('',#5349);
#1383=VERTEX_POINT('',#5354);
#1384=VERTEX_POINT('',#5355);
#1385=VERTEX_POINT('',#5358);
#1386=VERTEX_POINT('',#5360);
#1387=VERTEX_POINT('',#5365);
#1388=VERTEX_POINT('',#5366);
#1389=VERTEX_POINT('',#5369);
#1390=VERTEX_POINT('',#5371);
#1391=VERTEX_POINT('',#5376);
#1392=VERTEX_POINT('',#5377);
#1393=VERTEX_POINT('',#5380);
#1394=VERTEX_POINT('',#5382);
#1395=VERTEX_POINT('',#5387);
#1396=VERTEX_POINT('',#5388);
#1397=VERTEX_POINT('',#5391);
#1398=VERTEX_POINT('',#5393);
#1399=VERTEX_POINT('',#5398);
#1400=VERTEX_POINT('',#5400);
#1401=VERTEX_POINT('',#5404);
#1402=VERTEX_POINT('',#5410);
#1403=VERTEX_POINT('',#5412);
#1404=VERTEX_POINT('',#5416);
#1405=VERTEX_POINT('',#5420);
#1406=VERTEX_POINT('',#5424);
#1407=VERTEX_POINT('',#5425);
#1408=VERTEX_POINT('',#5427);
#1409=VERTEX_POINT('',#5429);
#1410=VERTEX_POINT('',#5433);
#1411=VERTEX_POINT('',#5435);
#1412=VERTEX_POINT('',#5439);
#1413=VERTEX_POINT('',#5441);
#1414=VERTEX_POINT('',#5445);
#1415=VERTEX_POINT('',#5447);
#1416=VERTEX_POINT('',#5451);
#1417=VERTEX_POINT('',#5453);
#1418=VERTEX_POINT('',#5457);
#1419=VERTEX_POINT('',#5459);
#1420=VERTEX_POINT('',#5463);
#1421=VERTEX_POINT('',#5465);
#1422=VERTEX_POINT('',#5469);
#1423=VERTEX_POINT('',#5471);
#1424=VERTEX_POINT('',#5475);
#1425=VERTEX_POINT('',#5477);
#1426=VERTEX_POINT('',#5481);
#1427=VERTEX_POINT('',#5483);
#1428=VERTEX_POINT('',#5487);
#1429=VERTEX_POINT('',#5489);
#1430=VERTEX_POINT('',#5493);
#1431=VERTEX_POINT('',#5495);
#1432=VERTEX_POINT('',#5499);
#1433=VERTEX_POINT('',#5501);
#1434=VERTEX_POINT('',#5505);
#1435=VERTEX_POINT('',#5507);
#1436=VERTEX_POINT('',#5511);
#1437=VERTEX_POINT('',#5513);
#1438=VERTEX_POINT('',#5517);
#1439=VERTEX_POINT('',#5519);
#1440=VERTEX_POINT('',#5523);
#1441=VERTEX_POINT('',#5525);
#1442=VERTEX_POINT('',#5529);
#1443=VERTEX_POINT('',#5531);
#1444=VERTEX_POINT('',#5535);
#1445=VERTEX_POINT('',#5537);
#1446=VERTEX_POINT('',#5541);
#1447=VERTEX_POINT('',#5543);
#1448=VERTEX_POINT('',#5547);
#1449=VERTEX_POINT('',#5549);
#1450=VERTEX_POINT('',#5553);
#1451=VERTEX_POINT('',#5555);
#1452=VERTEX_POINT('',#5559);
#1453=VERTEX_POINT('',#5561);
#1454=VERTEX_POINT('',#5565);
#1455=VERTEX_POINT('',#5567);
#1456=VERTEX_POINT('',#5571);
#1457=VERTEX_POINT('',#5573);
#1458=VERTEX_POINT('',#5577);
#1459=VERTEX_POINT('',#5579);
#1460=VERTEX_POINT('',#5583);
#1461=VERTEX_POINT('',#5585);
#1462=VERTEX_POINT('',#5589);
#1463=VERTEX_POINT('',#5591);
#1464=VERTEX_POINT('',#5595);
#1465=VERTEX_POINT('',#5597);
#1466=VERTEX_POINT('',#5601);
#1467=VERTEX_POINT('',#5603);
#1468=VERTEX_POINT('',#5607);
#1469=VERTEX_POINT('',#5609);
#1470=VERTEX_POINT('',#5613);
#1471=VERTEX_POINT('',#5615);
#1472=VERTEX_POINT('',#5619);
#1473=VERTEX_POINT('',#5621);
#1474=VERTEX_POINT('',#5625);
#1475=VERTEX_POINT('',#5627);
#1476=VERTEX_POINT('',#5631);
#1477=VERTEX_POINT('',#5633);
#1478=VERTEX_POINT('',#5637);
#1479=VERTEX_POINT('',#5639);
#1480=VERTEX_POINT('',#5643);
#1481=VERTEX_POINT('',#5645);
#1482=VERTEX_POINT('',#5649);
#1483=VERTEX_POINT('',#5651);
#1484=VERTEX_POINT('',#5655);
#1485=VERTEX_POINT('',#5657);
#1486=VERTEX_POINT('',#5664);
#1487=VERTEX_POINT('',#5665);
#1488=VERTEX_POINT('',#5667);
#1489=VERTEX_POINT('',#5669);
#1490=VERTEX_POINT('',#5671);
#1491=VERTEX_POINT('',#5673);
#1492=VERTEX_POINT('',#5675);
#1493=VERTEX_POINT('',#5677);
#1494=VERTEX_POINT('',#5679);
#1495=VERTEX_POINT('',#5681);
#1496=VERTEX_POINT('',#5683);
#1497=VERTEX_POINT('',#5685);
#1498=VERTEX_POINT('',#5687);
#1499=VERTEX_POINT('',#5689);
#1500=VERTEX_POINT('',#5691);
#1501=VERTEX_POINT('',#5693);
#1502=VERTEX_POINT('',#5695);
#1503=VERTEX_POINT('',#5697);
#1504=VERTEX_POINT('',#5699);
#1505=VERTEX_POINT('',#5701);
#1506=VERTEX_POINT('',#5703);
#1507=VERTEX_POINT('',#5705);
#1508=VERTEX_POINT('',#5707);
#1509=VERTEX_POINT('',#5709);
#1510=VERTEX_POINT('',#5711);
#1511=VERTEX_POINT('',#5713);
#1512=VERTEX_POINT('',#5715);
#1513=VERTEX_POINT('',#5717);
#1514=VERTEX_POINT('',#5719);
#1515=VERTEX_POINT('',#5721);
#1516=VERTEX_POINT('',#5723);
#1517=VERTEX_POINT('',#5725);
#1518=VERTEX_POINT('',#5727);
#1519=VERTEX_POINT('',#5729);
#1520=VERTEX_POINT('',#5731);
#1521=VERTEX_POINT('',#5733);
#1522=VERTEX_POINT('',#5735);
#1523=VERTEX_POINT('',#5737);
#1524=VERTEX_POINT('',#5739);
#1525=VERTEX_POINT('',#5741);
#1526=VERTEX_POINT('',#5745);
#1527=VERTEX_POINT('',#5746);
#1528=VERTEX_POINT('',#5748);
#1529=VERTEX_POINT('',#5750);
#1530=VERTEX_POINT('',#5754);
#1531=VERTEX_POINT('',#5755);
#1532=VERTEX_POINT('',#5760);
#1533=VERTEX_POINT('',#5761);
#1534=VERTEX_POINT('',#5766);
#1535=VERTEX_POINT('',#5767);
#1536=VERTEX_POINT('',#5772);
#1537=VERTEX_POINT('',#5773);
#1538=VERTEX_POINT('',#5778);
#1539=VERTEX_POINT('',#5779);
#1540=VERTEX_POINT('',#5784);
#1541=VERTEX_POINT('',#5785);
#1542=VERTEX_POINT('',#5790);
#1543=VERTEX_POINT('',#5791);
#1544=VERTEX_POINT('',#5796);
#1545=VERTEX_POINT('',#5797);
#1546=VERTEX_POINT('',#5802);
#1547=VERTEX_POINT('',#5803);
#1548=VERTEX_POINT('',#5808);
#1549=VERTEX_POINT('',#5809);
#1550=VERTEX_POINT('',#5814);
#1551=VERTEX_POINT('',#5815);
#1552=VERTEX_POINT('',#5820);
#1553=VERTEX_POINT('',#5821);
#1554=VERTEX_POINT('',#5826);
#1555=VERTEX_POINT('',#5827);
#1556=VERTEX_POINT('',#5832);
#1557=VERTEX_POINT('',#5833);
#1558=VERTEX_POINT('',#5838);
#1559=VERTEX_POINT('',#5839);
#1560=VERTEX_POINT('',#5844);
#1561=VERTEX_POINT('',#5845);
#1562=VERTEX_POINT('',#5850);
#1563=VERTEX_POINT('',#5851);
#1564=VERTEX_POINT('',#5856);
#1565=VERTEX_POINT('',#5857);
#1566=VERTEX_POINT('',#5862);
#1567=VERTEX_POINT('',#5863);
#1568=VERTEX_POINT('',#5868);
#1569=VERTEX_POINT('',#5869);
#1570=VERTEX_POINT('',#5874);
#1571=VERTEX_POINT('',#5875);
#1572=VERTEX_POINT('',#5880);
#1573=VERTEX_POINT('',#5881);
#1574=VERTEX_POINT('',#5886);
#1575=VERTEX_POINT('',#5887);
#1576=VERTEX_POINT('',#5892);
#1577=VERTEX_POINT('',#5893);
#1578=VERTEX_POINT('',#5898);
#1579=VERTEX_POINT('',#5899);
#1580=VERTEX_POINT('',#5904);
#1581=VERTEX_POINT('',#5905);
#1582=VERTEX_POINT('',#5910);
#1583=VERTEX_POINT('',#5911);
#1584=VERTEX_POINT('',#5916);
#1585=VERTEX_POINT('',#5917);
#1586=VERTEX_POINT('',#5922);
#1587=VERTEX_POINT('',#5923);
#1588=VERTEX_POINT('',#5928);
#1589=VERTEX_POINT('',#5929);
#1590=VERTEX_POINT('',#5934);
#1591=VERTEX_POINT('',#5935);
#1592=VERTEX_POINT('',#5940);
#1593=VERTEX_POINT('',#5941);
#1594=VERTEX_POINT('',#5946);
#1595=VERTEX_POINT('',#5947);
#1596=VERTEX_POINT('',#5952);
#1597=VERTEX_POINT('',#5953);
#1598=VERTEX_POINT('',#5958);
#1599=VERTEX_POINT('',#5959);
#1600=VERTEX_POINT('',#5964);
#1601=VERTEX_POINT('',#5965);
#1602=VERTEX_POINT('',#5970);
#1603=VERTEX_POINT('',#5971);
#1604=VERTEX_POINT('',#5976);
#1605=VERTEX_POINT('',#5977);
#1606=VERTEX_POINT('',#6027);
#1607=VERTEX_POINT('',#6031);
#1608=VERTEX_POINT('',#6035);
#1609=VERTEX_POINT('',#6039);
#1610=VERTEX_POINT('',#6043);
#1611=VERTEX_POINT('',#6047);
#1612=VERTEX_POINT('',#6051);
#1613=VERTEX_POINT('',#6053);
#1614=VERTEX_POINT('',#6057);
#1615=VERTEX_POINT('',#6061);
#1616=VERTEX_POINT('',#6065);
#1617=EDGE_CURVE('',#1281,#1282,#1009,.T.);
#1618=EDGE_CURVE('',#1282,#1281,#1010,.T.);
#1619=EDGE_CURVE('',#1282,#1283,#533,.T.);
#1620=EDGE_CURVE('',#1284,#1283,#1011,.T.);
#1621=EDGE_CURVE('',#1283,#1284,#1012,.T.);
#1622=EDGE_CURVE('',#1285,#1286,#1013,.T.);
#1623=EDGE_CURVE('',#1286,#1285,#1014,.T.);
#1624=EDGE_CURVE('',#1287,#1288,#1015,.T.);
#1625=EDGE_CURVE('',#1288,#1287,#1016,.T.);
#1626=EDGE_CURVE('',#1288,#1289,#534,.T.);
#1627=EDGE_CURVE('',#1290,#1289,#1017,.T.);
#1628=EDGE_CURVE('',#1289,#1290,#1018,.T.);
#1629=EDGE_CURVE('',#1291,#1292,#1019,.T.);
#1630=EDGE_CURVE('',#1292,#1291,#1020,.T.);
#1631=EDGE_CURVE('',#1293,#1294,#1021,.T.);
#1632=EDGE_CURVE('',#1294,#1293,#1022,.T.);
#1633=EDGE_CURVE('',#1294,#1295,#535,.T.);
#1634=EDGE_CURVE('',#1296,#1295,#1023,.T.);
#1635=EDGE_CURVE('',#1295,#1296,#1024,.T.);
#1636=EDGE_CURVE('',#1297,#1298,#1025,.T.);
#1637=EDGE_CURVE('',#1298,#1297,#1026,.T.);
#1638=EDGE_CURVE('',#1299,#1300,#1027,.T.);
#1639=EDGE_CURVE('',#1300,#1299,#1028,.T.);
#1640=EDGE_CURVE('',#1300,#1301,#536,.T.);
#1641=EDGE_CURVE('',#1302,#1301,#1029,.T.);
#1642=EDGE_CURVE('',#1301,#1302,#1030,.T.);
#1643=EDGE_CURVE('',#1303,#1304,#1031,.T.);
#1644=EDGE_CURVE('',#1304,#1303,#1032,.T.);
#1645=EDGE_CURVE('',#1305,#1306,#1033,.T.);
#1646=EDGE_CURVE('',#1306,#1305,#1034,.T.);
#1647=EDGE_CURVE('',#1306,#1307,#537,.T.);
#1648=EDGE_CURVE('',#1308,#1307,#1035,.T.);
#1649=EDGE_CURVE('',#1307,#1308,#1036,.T.);
#1650=EDGE_CURVE('',#1309,#1310,#1037,.T.);
#1651=EDGE_CURVE('',#1310,#1309,#1038,.T.);
#1652=EDGE_CURVE('',#1311,#1311,#1039,.T.);
#1653=EDGE_CURVE('',#1312,#1312,#1040,.T.);
#1654=EDGE_CURVE('',#1313,#1314,#1041,.T.);
#1655=EDGE_CURVE('',#1315,#1314,#538,.T.);
#1656=EDGE_CURVE('',#1316,#1315,#1042,.T.);
#1657=EDGE_CURVE('',#1313,#1316,#539,.T.);
#1658=EDGE_CURVE('',#1314,#1317,#540,.T.);
#1659=EDGE_CURVE('',#1318,#1317,#541,.T.);
#1660=EDGE_CURVE('',#1315,#1318,#542,.T.);
#1661=EDGE_CURVE('',#1317,#1319,#1043,.T.);
#1662=EDGE_CURVE('',#1320,#1319,#543,.T.);
#1663=EDGE_CURVE('',#1318,#1320,#1044,.T.);
#1664=EDGE_CURVE('',#1321,#1321,#1045,.T.);
#1665=EDGE_CURVE('',#1321,#1312,#544,.T.);
#1666=EDGE_CURVE('',#1322,#1322,#1046,.T.);
#1667=EDGE_CURVE('',#1322,#1311,#545,.T.);
#1668=EDGE_CURVE('',#1323,#1324,#1047,.T.);
#1669=EDGE_CURVE('',#1325,#1324,#546,.T.);
#1670=EDGE_CURVE('',#1326,#1325,#1048,.T.);
#1671=EDGE_CURVE('',#1323,#1326,#547,.T.);
#1672=EDGE_CURVE('',#1324,#1327,#548,.T.);
#1673=EDGE_CURVE('',#1328,#1327,#549,.T.);
#1674=EDGE_CURVE('',#1325,#1328,#550,.T.);
#1675=EDGE_CURVE('',#1327,#1329,#1049,.T.);
#1676=EDGE_CURVE('',#1330,#1329,#551,.T.);
#1677=EDGE_CURVE('',#1328,#1330,#1050,.T.);
#1678=EDGE_CURVE('',#1326,#1331,#1051,.T.);
#1679=EDGE_CURVE('',#1331,#1332,#552,.T.);
#1680=EDGE_CURVE('',#1323,#1332,#1052,.T.);
#1681=EDGE_CURVE('',#1316,#1333,#553,.T.);
#1682=EDGE_CURVE('',#1333,#1334,#554,.T.);
#1683=EDGE_CURVE('',#1313,#1334,#555,.T.);
#1684=EDGE_CURVE('',#1335,#1320,#556,.T.);
#1685=EDGE_CURVE('',#1336,#1335,#557,.T.);
#1686=EDGE_CURVE('',#1337,#1336,#1053,.T.);
#1687=EDGE_CURVE('',#1338,#1337,#558,.T.);
#1688=EDGE_CURVE('',#1339,#1338,#559,.T.);
#1689=EDGE_CURVE('',#1340,#1339,#560,.T.);
#1690=EDGE_CURVE('',#1341,#1340,#1054,.T.);
#1691=EDGE_CURVE('',#1333,#1341,#561,.T.);
#1692=EDGE_CURVE('',#1342,#1330,#1055,.T.);
#1693=EDGE_CURVE('',#1343,#1342,#562,.T.);
#1694=EDGE_CURVE('',#1344,#1343,#1056,.T.);
#1695=EDGE_CURVE('',#1345,#1344,#563,.T.);
#1696=EDGE_CURVE('',#1346,#1345,#1057,.T.);
#1697=EDGE_CURVE('',#1347,#1346,#564,.T.);
#1698=EDGE_CURVE('',#1348,#1347,#1058,.T.);
#1699=EDGE_CURVE('',#1349,#1348,#565,.T.);
#1700=EDGE_CURVE('',#1349,#1350,#566,.T.);
#1701=EDGE_CURVE('',#1350,#1351,#1059,.T.);
#1702=EDGE_CURVE('',#1351,#1352,#567,.T.);
#1703=EDGE_CURVE('',#1353,#1352,#568,.T.);
#1704=EDGE_CURVE('',#1353,#1354,#569,.T.);
#1705=EDGE_CURVE('',#1354,#1355,#1060,.T.);
#1706=EDGE_CURVE('',#1355,#1356,#570,.T.);
#1707=EDGE_CURVE('',#1357,#1356,#571,.T.);
#1708=EDGE_CURVE('',#1358,#1357,#1061,.T.);
#1709=EDGE_CURVE('',#1359,#1358,#572,.T.);
#1710=EDGE_CURVE('',#1360,#1359,#1062,.T.);
#1711=EDGE_CURVE('',#1361,#1360,#573,.T.);
#1712=EDGE_CURVE('',#1362,#1361,#1063,.T.);
#1713=EDGE_CURVE('',#1331,#1362,#574,.T.);
#1714=EDGE_CURVE('',#1363,#1351,#575,.T.);
#1715=EDGE_CURVE('',#1364,#1363,#576,.T.);
#1716=EDGE_CURVE('',#1352,#1364,#577,.T.);
#1717=EDGE_CURVE('',#1365,#1350,#578,.T.);
#1718=EDGE_CURVE('',#1363,#1365,#1064,.T.);
#1719=EDGE_CURVE('',#1366,#1349,#579,.T.);
#1720=EDGE_CURVE('',#1365,#1366,#580,.T.);
#1721=EDGE_CURVE('',#1367,#1353,#581,.T.);
#1722=EDGE_CURVE('',#1368,#1367,#582,.T.);
#1723=EDGE_CURVE('',#1368,#1354,#583,.T.);
#1724=EDGE_CURVE('',#1369,#1368,#1065,.T.);
#1725=EDGE_CURVE('',#1369,#1355,#584,.T.);
#1726=EDGE_CURVE('',#1370,#1369,#585,.T.);
#1727=EDGE_CURVE('',#1356,#1370,#586,.T.);
#1728=EDGE_CURVE('',#1371,#1348,#587,.T.);
#1729=EDGE_CURVE('',#1366,#1371,#588,.T.);
#1730=EDGE_CURVE('',#1372,#1370,#589,.T.);
#1731=EDGE_CURVE('',#1357,#1372,#590,.T.);
#1732=EDGE_CURVE('',#1373,#1374,#1066,.T.);
#1733=EDGE_CURVE('',#1374,#1373,#1067,.T.);
#1734=EDGE_CURVE('',#1374,#1286,#591,.T.);
#1735=EDGE_CURVE('',#1375,#1376,#1068,.T.);
#1736=EDGE_CURVE('',#1376,#1375,#1069,.T.);
#1737=EDGE_CURVE('',#1376,#1298,#592,.T.);
#1738=EDGE_CURVE('',#1377,#1378,#1070,.T.);
#1739=EDGE_CURVE('',#1378,#1377,#1071,.T.);
#1740=EDGE_CURVE('',#1378,#1292,#593,.T.);
#1741=EDGE_CURVE('',#1379,#1380,#1072,.T.);
#1742=EDGE_CURVE('',#1380,#1379,#1073,.T.);
#1743=EDGE_CURVE('',#1380,#1310,#594,.T.);
#1744=EDGE_CURVE('',#1381,#1382,#1074,.T.);
#1745=EDGE_CURVE('',#1382,#1381,#1075,.T.);
#1746=EDGE_CURVE('',#1382,#1304,#595,.T.);
#1747=EDGE_CURVE('',#1383,#1384,#1076,.T.);
#1748=EDGE_CURVE('',#1384,#1383,#1077,.T.);
#1749=EDGE_CURVE('',#1384,#1385,#596,.T.);
#1750=EDGE_CURVE('',#1385,#1386,#1078,.T.);
#1751=EDGE_CURVE('',#1386,#1385,#1079,.T.);
#1752=EDGE_CURVE('',#1387,#1388,#1080,.T.);
#1753=EDGE_CURVE('',#1388,#1387,#1081,.T.);
#1754=EDGE_CURVE('',#1388,#1389,#597,.T.);
#1755=EDGE_CURVE('',#1389,#1390,#1082,.T.);
#1756=EDGE_CURVE('',#1390,#1389,#1083,.T.);
#1757=EDGE_CURVE('',#1391,#1392,#1084,.T.);
#1758=EDGE_CURVE('',#1392,#1391,#1085,.T.);
#1759=EDGE_CURVE('',#1392,#1393,#598,.T.);
#1760=EDGE_CURVE('',#1393,#1394,#1086,.T.);
#1761=EDGE_CURVE('',#1394,#1393,#1087,.T.);
#1762=EDGE_CURVE('',#1395,#1396,#1088,.T.);
#1763=EDGE_CURVE('',#1396,#1395,#1089,.T.);
#1764=EDGE_CURVE('',#1396,#1397,#599,.T.);
#1765=EDGE_CURVE('',#1397,#1398,#1090,.T.);
#1766=EDGE_CURVE('',#1398,#1397,#1091,.T.);
#1767=EDGE_CURVE('',#1399,#1340,#600,.T.);
#1768=EDGE_CURVE('',#1400,#1399,#1092,.T.);
#1769=EDGE_CURVE('',#1400,#1341,#601,.T.);
#1770=EDGE_CURVE('',#1401,#1339,#602,.T.);
#1771=EDGE_CURVE('',#1399,#1401,#603,.T.);
#1772=EDGE_CURVE('',#1334,#1400,#604,.T.);
#1773=EDGE_CURVE('',#1402,#1335,#605,.T.);
#1774=EDGE_CURVE('',#1403,#1402,#606,.T.);
#1775=EDGE_CURVE('',#1403,#1336,#607,.T.);
#1776=EDGE_CURVE('',#1404,#1403,#1093,.T.);
#1777=EDGE_CURVE('',#1404,#1337,#608,.T.);
#1778=EDGE_CURVE('',#1405,#1404,#609,.T.);
#1779=EDGE_CURVE('',#1338,#1405,#610,.T.);
#1780=EDGE_CURVE('',#1406,#1407,#1094,.T.);
#1781=EDGE_CURVE('',#1406,#1408,#611,.T.);
#1782=EDGE_CURVE('',#1409,#1408,#1095,.T.);
#1783=EDGE_CURVE('',#1407,#1409,#612,.T.);
#1784=EDGE_CURVE('',#1407,#1410,#613,.T.);
#1785=EDGE_CURVE('',#1411,#1409,#614,.T.);
#1786=EDGE_CURVE('',#1410,#1411,#615,.T.);
#1787=EDGE_CURVE('',#1410,#1412,#1096,.T.);
#1788=EDGE_CURVE('',#1413,#1411,#1097,.T.);
#1789=EDGE_CURVE('',#1412,#1413,#616,.T.);
#1790=EDGE_CURVE('',#1412,#1414,#1098,.T.);
#1791=EDGE_CURVE('',#1415,#1413,#1099,.T.);
#1792=EDGE_CURVE('',#1414,#1415,#617,.T.);
#1793=EDGE_CURVE('',#1414,#1416,#1100,.T.);
#1794=EDGE_CURVE('',#1417,#1415,#1101,.T.);
#1795=EDGE_CURVE('',#1416,#1417,#618,.T.);
#1796=EDGE_CURVE('',#1416,#1418,#619,.T.);
#1797=EDGE_CURVE('',#1419,#1417,#620,.T.);
#1798=EDGE_CURVE('',#1418,#1419,#621,.T.);
#1799=EDGE_CURVE('',#1418,#1420,#1102,.T.);
#1800=EDGE_CURVE('',#1421,#1419,#1103,.T.);
#1801=EDGE_CURVE('',#1420,#1421,#622,.T.);
#1802=EDGE_CURVE('',#1420,#1422,#623,.T.);
#1803=EDGE_CURVE('',#1423,#1421,#624,.T.);
#1804=EDGE_CURVE('',#1422,#1423,#625,.T.);
#1805=EDGE_CURVE('',#1422,#1424,#1104,.T.);
#1806=EDGE_CURVE('',#1425,#1423,#1105,.T.);
#1807=EDGE_CURVE('',#1424,#1425,#626,.T.);
#1808=EDGE_CURVE('',#1424,#1426,#627,.T.);
#1809=EDGE_CURVE('',#1427,#1425,#628,.T.);
#1810=EDGE_CURVE('',#1426,#1427,#629,.T.);
#1811=EDGE_CURVE('',#1426,#1428,#1106,.T.);
#1812=EDGE_CURVE('',#1429,#1427,#1107,.T.);
#1813=EDGE_CURVE('',#1428,#1429,#630,.T.);
#1814=EDGE_CURVE('',#1428,#1430,#1108,.T.);
#1815=EDGE_CURVE('',#1431,#1429,#1109,.T.);
#1816=EDGE_CURVE('',#1430,#1431,#631,.T.);
#1817=EDGE_CURVE('',#1430,#1432,#1110,.T.);
#1818=EDGE_CURVE('',#1433,#1431,#1111,.T.);
#1819=EDGE_CURVE('',#1432,#1433,#632,.T.);
#1820=EDGE_CURVE('',#1432,#1434,#633,.T.);
#1821=EDGE_CURVE('',#1435,#1433,#634,.T.);
#1822=EDGE_CURVE('',#1434,#1435,#635,.T.);
#1823=EDGE_CURVE('',#1434,#1436,#1112,.T.);
#1824=EDGE_CURVE('',#1437,#1435,#1113,.T.);
#1825=EDGE_CURVE('',#1436,#1437,#636,.T.);
#1826=EDGE_CURVE('',#1436,#1438,#1114,.T.);
#1827=EDGE_CURVE('',#1439,#1437,#1115,.T.);
#1828=EDGE_CURVE('',#1438,#1439,#637,.T.);
#1829=EDGE_CURVE('',#1438,#1440,#1116,.T.);
#1830=EDGE_CURVE('',#1441,#1439,#1117,.T.);
#1831=EDGE_CURVE('',#1440,#1441,#638,.T.);
#1832=EDGE_CURVE('',#1440,#1442,#639,.T.);
#1833=EDGE_CURVE('',#1443,#1441,#640,.T.);
#1834=EDGE_CURVE('',#1442,#1443,#641,.T.);
#1835=EDGE_CURVE('',#1442,#1444,#1118,.T.);
#1836=EDGE_CURVE('',#1445,#1443,#1119,.T.);
#1837=EDGE_CURVE('',#1444,#1445,#642,.T.);
#1838=EDGE_CURVE('',#1444,#1446,#1120,.T.);
#1839=EDGE_CURVE('',#1447,#1445,#1121,.T.);
#1840=EDGE_CURVE('',#1446,#1447,#643,.T.);
#1841=EDGE_CURVE('',#1446,#1448,#1122,.T.);
#1842=EDGE_CURVE('',#1449,#1447,#1123,.T.);
#1843=EDGE_CURVE('',#1448,#1449,#644,.T.);
#1844=EDGE_CURVE('',#1448,#1450,#645,.T.);
#1845=EDGE_CURVE('',#1451,#1449,#646,.T.);
#1846=EDGE_CURVE('',#1450,#1451,#647,.T.);
#1847=EDGE_CURVE('',#1450,#1452,#1124,.T.);
#1848=EDGE_CURVE('',#1453,#1451,#1125,.T.);
#1849=EDGE_CURVE('',#1452,#1453,#648,.T.);
#1850=EDGE_CURVE('',#1452,#1454,#1126,.T.);
#1851=EDGE_CURVE('',#1455,#1453,#1127,.T.);
#1852=EDGE_CURVE('',#1454,#1455,#649,.T.);
#1853=EDGE_CURVE('',#1454,#1456,#1128,.T.);
#1854=EDGE_CURVE('',#1457,#1455,#1129,.T.);
#1855=EDGE_CURVE('',#1456,#1457,#650,.T.);
#1856=EDGE_CURVE('',#1456,#1458,#651,.T.);
#1857=EDGE_CURVE('',#1459,#1457,#652,.T.);
#1858=EDGE_CURVE('',#1458,#1459,#653,.T.);
#1859=EDGE_CURVE('',#1458,#1460,#1130,.T.);
#1860=EDGE_CURVE('',#1461,#1459,#1131,.T.);
#1861=EDGE_CURVE('',#1460,#1461,#654,.T.);
#1862=EDGE_CURVE('',#1460,#1462,#655,.T.);
#1863=EDGE_CURVE('',#1463,#1461,#656,.T.);
#1864=EDGE_CURVE('',#1462,#1463,#657,.T.);
#1865=EDGE_CURVE('',#1462,#1464,#1132,.T.);
#1866=EDGE_CURVE('',#1465,#1463,#1133,.T.);
#1867=EDGE_CURVE('',#1464,#1465,#658,.T.);
#1868=EDGE_CURVE('',#1464,#1466,#659,.T.);
#1869=EDGE_CURVE('',#1467,#1465,#660,.T.);
#1870=EDGE_CURVE('',#1466,#1467,#661,.T.);
#1871=EDGE_CURVE('',#1466,#1468,#1134,.T.);
#1872=EDGE_CURVE('',#1469,#1467,#1135,.T.);
#1873=EDGE_CURVE('',#1468,#1469,#662,.T.);
#1874=EDGE_CURVE('',#1468,#1470,#1136,.T.);
#1875=EDGE_CURVE('',#1471,#1469,#1137,.T.);
#1876=EDGE_CURVE('',#1470,#1471,#663,.T.);
#1877=EDGE_CURVE('',#1470,#1472,#1138,.T.);
#1878=EDGE_CURVE('',#1473,#1471,#1139,.T.);
#1879=EDGE_CURVE('',#1472,#1473,#664,.T.);
#1880=EDGE_CURVE('',#1472,#1474,#665,.T.);
#1881=EDGE_CURVE('',#1475,#1473,#666,.T.);
#1882=EDGE_CURVE('',#1474,#1475,#667,.T.);
#1883=EDGE_CURVE('',#1474,#1476,#1140,.T.);
#1884=EDGE_CURVE('',#1477,#1475,#1141,.T.);
#1885=EDGE_CURVE('',#1476,#1477,#668,.T.);
#1886=EDGE_CURVE('',#1476,#1478,#1142,.T.);
#1887=EDGE_CURVE('',#1479,#1477,#1143,.T.);
#1888=EDGE_CURVE('',#1478,#1479,#669,.T.);
#1889=EDGE_CURVE('',#1478,#1480,#1144,.T.);
#1890=EDGE_CURVE('',#1481,#1479,#1145,.T.);
#1891=EDGE_CURVE('',#1480,#1481,#670,.T.);
#1892=EDGE_CURVE('',#1480,#1482,#671,.T.);
#1893=EDGE_CURVE('',#1483,#1481,#672,.T.);
#1894=EDGE_CURVE('',#1482,#1483,#673,.T.);
#1895=EDGE_CURVE('',#1482,#1484,#1146,.T.);
#1896=EDGE_CURVE('',#1485,#1483,#1147,.T.);
#1897=EDGE_CURVE('',#1484,#1485,#674,.T.);
#1898=EDGE_CURVE('',#1484,#1406,#1148,.T.);
#1899=EDGE_CURVE('',#1408,#1485,#1149,.T.);
#1900=EDGE_CURVE('',#1486,#1487,#1150,.T.);
#1901=EDGE_CURVE('',#1487,#1488,#675,.T.);
#1902=EDGE_CURVE('',#1488,#1489,#1151,.T.);
#1903=EDGE_CURVE('',#1489,#1490,#1152,.T.);
#1904=EDGE_CURVE('',#1490,#1491,#1153,.T.);
#1905=EDGE_CURVE('',#1491,#1492,#676,.T.);
#1906=EDGE_CURVE('',#1492,#1493,#1154,.T.);
#1907=EDGE_CURVE('',#1493,#1494,#677,.T.);
#1908=EDGE_CURVE('',#1494,#1495,#1155,.T.);
#1909=EDGE_CURVE('',#1495,#1496,#678,.T.);
#1910=EDGE_CURVE('',#1496,#1497,#1156,.T.);
#1911=EDGE_CURVE('',#1497,#1498,#1157,.T.);
#1912=EDGE_CURVE('',#1498,#1499,#1158,.T.);
#1913=EDGE_CURVE('',#1499,#1500,#679,.T.);
#1914=EDGE_CURVE('',#1500,#1501,#1159,.T.);
#1915=EDGE_CURVE('',#1501,#1502,#1160,.T.);
#1916=EDGE_CURVE('',#1502,#1503,#1161,.T.);
#1917=EDGE_CURVE('',#1503,#1504,#680,.T.);
#1918=EDGE_CURVE('',#1504,#1505,#1162,.T.);
#1919=EDGE_CURVE('',#1505,#1506,#1163,.T.);
#1920=EDGE_CURVE('',#1506,#1507,#1164,.T.);
#1921=EDGE_CURVE('',#1507,#1508,#681,.T.);
#1922=EDGE_CURVE('',#1508,#1509,#1165,.T.);
#1923=EDGE_CURVE('',#1509,#1510,#1166,.T.);
#1924=EDGE_CURVE('',#1510,#1511,#1167,.T.);
#1925=EDGE_CURVE('',#1511,#1512,#682,.T.);
#1926=EDGE_CURVE('',#1512,#1513,#1168,.T.);
#1927=EDGE_CURVE('',#1513,#1514,#683,.T.);
#1928=EDGE_CURVE('',#1514,#1515,#1169,.T.);
#1929=EDGE_CURVE('',#1515,#1516,#684,.T.);
#1930=EDGE_CURVE('',#1516,#1517,#1170,.T.);
#1931=EDGE_CURVE('',#1517,#1518,#1171,.T.);
#1932=EDGE_CURVE('',#1518,#1519,#1172,.T.);
#1933=EDGE_CURVE('',#1519,#1520,#685,.T.);
#1934=EDGE_CURVE('',#1520,#1521,#1173,.T.);
#1935=EDGE_CURVE('',#1521,#1522,#1174,.T.);
#1936=EDGE_CURVE('',#1522,#1523,#1175,.T.);
#1937=EDGE_CURVE('',#1523,#1524,#686,.T.);
#1938=EDGE_CURVE('',#1524,#1525,#1176,.T.);
#1939=EDGE_CURVE('',#1525,#1486,#1177,.T.);
#1940=EDGE_CURVE('',#1526,#1527,#1178,.T.);
#1941=EDGE_CURVE('',#1527,#1528,#1179,.T.);
#1942=EDGE_CURVE('',#1528,#1529,#1180,.T.);
#1943=EDGE_CURVE('',#1529,#1526,#1181,.T.);
#1944=EDGE_CURVE('',#1530,#1531,#1182,.T.);
#1945=EDGE_CURVE('',#1531,#1529,#1183,.T.);
#1946=EDGE_CURVE('',#1528,#1530,#1184,.T.);
#1947=EDGE_CURVE('',#1532,#1533,#1185,.T.);
#1948=EDGE_CURVE('',#1533,#1531,#1186,.T.);
#1949=EDGE_CURVE('',#1530,#1532,#1187,.T.);
#1950=EDGE_CURVE('',#1534,#1535,#1188,.T.);
#1951=EDGE_CURVE('',#1535,#1533,#687,.T.);
#1952=EDGE_CURVE('',#1532,#1534,#688,.T.);
#1953=EDGE_CURVE('',#1536,#1537,#1189,.T.);
#1954=EDGE_CURVE('',#1537,#1535,#1190,.T.);
#1955=EDGE_CURVE('',#1534,#1536,#1191,.T.);
#1956=EDGE_CURVE('',#1538,#1539,#1192,.T.);
#1957=EDGE_CURVE('',#1539,#1537,#1193,.T.);
#1958=EDGE_CURVE('',#1536,#1538,#1194,.T.);
#1959=EDGE_CURVE('',#1540,#1541,#1195,.T.);
#1960=EDGE_CURVE('',#1541,#1539,#1196,.T.);
#1961=EDGE_CURVE('',#1538,#1540,#1197,.T.);
#1962=EDGE_CURVE('',#1542,#1543,#1198,.T.);
#1963=EDGE_CURVE('',#1543,#1541,#689,.T.);
#1964=EDGE_CURVE('',#1540,#1542,#690,.T.);
#1965=EDGE_CURVE('',#1544,#1545,#1199,.T.);
#1966=EDGE_CURVE('',#1545,#1543,#1200,.T.);
#1967=EDGE_CURVE('',#1542,#1544,#1201,.T.);
#1968=EDGE_CURVE('',#1546,#1547,#1202,.T.);
#1969=EDGE_CURVE('',#1547,#1545,#1203,.T.);
#1970=EDGE_CURVE('',#1544,#1546,#1204,.T.);
#1971=EDGE_CURVE('',#1548,#1549,#1205,.T.);
#1972=EDGE_CURVE('',#1549,#1547,#1206,.T.);
#1973=EDGE_CURVE('',#1546,#1548,#1207,.T.);
#1974=EDGE_CURVE('',#1550,#1551,#1208,.T.);
#1975=EDGE_CURVE('',#1551,#1549,#691,.T.);
#1976=EDGE_CURVE('',#1548,#1550,#692,.T.);
#1977=EDGE_CURVE('',#1552,#1553,#1209,.T.);
#1978=EDGE_CURVE('',#1553,#1551,#1210,.T.);
#1979=EDGE_CURVE('',#1550,#1552,#1211,.T.);
#1980=EDGE_CURVE('',#1554,#1555,#1212,.T.);
#1981=EDGE_CURVE('',#1555,#1553,#1213,.T.);
#1982=EDGE_CURVE('',#1552,#1554,#1214,.T.);
#1983=EDGE_CURVE('',#1556,#1557,#1215,.T.);
#1984=EDGE_CURVE('',#1557,#1555,#1216,.T.);
#1985=EDGE_CURVE('',#1554,#1556,#1217,.T.);
#1986=EDGE_CURVE('',#1558,#1559,#1218,.T.);
#1987=EDGE_CURVE('',#1559,#1557,#693,.T.);
#1988=EDGE_CURVE('',#1556,#1558,#694,.T.);
#1989=EDGE_CURVE('',#1560,#1561,#1219,.T.);
#1990=EDGE_CURVE('',#1561,#1559,#1220,.T.);
#1991=EDGE_CURVE('',#1558,#1560,#1221,.T.);
#1992=EDGE_CURVE('',#1562,#1563,#1222,.T.);
#1993=EDGE_CURVE('',#1563,#1561,#695,.T.);
#1994=EDGE_CURVE('',#1560,#1562,#696,.T.);
#1995=EDGE_CURVE('',#1564,#1565,#1223,.T.);
#1996=EDGE_CURVE('',#1565,#1563,#1224,.T.);
#1997=EDGE_CURVE('',#1562,#1564,#1225,.T.);
#1998=EDGE_CURVE('',#1566,#1567,#1226,.T.);
#1999=EDGE_CURVE('',#1567,#1565,#697,.T.);
#2000=EDGE_CURVE('',#1564,#1566,#698,.T.);
#2001=EDGE_CURVE('',#1568,#1569,#1227,.T.);
#2002=EDGE_CURVE('',#1569,#1567,#1228,.T.);
#2003=EDGE_CURVE('',#1566,#1568,#1229,.T.);
#2004=EDGE_CURVE('',#1570,#1571,#1230,.T.);
#2005=EDGE_CURVE('',#1571,#1569,#1231,.T.);
#2006=EDGE_CURVE('',#1568,#1570,#1232,.T.);
#2007=EDGE_CURVE('',#1572,#1573,#1233,.T.);
#2008=EDGE_CURVE('',#1573,#1571,#1234,.T.);
#2009=EDGE_CURVE('',#1570,#1572,#1235,.T.);
#2010=EDGE_CURVE('',#1574,#1575,#1236,.T.);
#2011=EDGE_CURVE('',#1575,#1573,#699,.T.);
#2012=EDGE_CURVE('',#1572,#1574,#700,.T.);
#2013=EDGE_CURVE('',#1576,#1577,#1237,.T.);
#2014=EDGE_CURVE('',#1577,#1575,#1238,.T.);
#2015=EDGE_CURVE('',#1574,#1576,#1239,.T.);
#2016=EDGE_CURVE('',#1578,#1579,#1240,.T.);
#2017=EDGE_CURVE('',#1579,#1577,#1241,.T.);
#2018=EDGE_CURVE('',#1576,#1578,#1242,.T.);
#2019=EDGE_CURVE('',#1580,#1581,#1243,.T.);
#2020=EDGE_CURVE('',#1581,#1579,#1244,.T.);
#2021=EDGE_CURVE('',#1578,#1580,#1245,.T.);
#2022=EDGE_CURVE('',#1582,#1583,#1246,.T.);
#2023=EDGE_CURVE('',#1583,#1581,#701,.T.);
#2024=EDGE_CURVE('',#1580,#1582,#702,.T.);
#2025=EDGE_CURVE('',#1584,#1585,#1247,.T.);
#2026=EDGE_CURVE('',#1585,#1583,#1248,.T.);
#2027=EDGE_CURVE('',#1582,#1584,#1249,.T.);
#2028=EDGE_CURVE('',#1586,#1587,#1250,.T.);
#2029=EDGE_CURVE('',#1587,#1585,#1251,.T.);
#2030=EDGE_CURVE('',#1584,#1586,#1252,.T.);
#2031=EDGE_CURVE('',#1588,#1589,#1253,.T.);
#2032=EDGE_CURVE('',#1589,#1587,#1254,.T.);
#2033=EDGE_CURVE('',#1586,#1588,#1255,.T.);
#2034=EDGE_CURVE('',#1590,#1591,#1256,.T.);
#2035=EDGE_CURVE('',#1591,#1589,#703,.T.);
#2036=EDGE_CURVE('',#1588,#1590,#704,.T.);
#2037=EDGE_CURVE('',#1592,#1593,#1257,.T.);
#2038=EDGE_CURVE('',#1593,#1591,#1258,.T.);
#2039=EDGE_CURVE('',#1590,#1592,#1259,.T.);
#2040=EDGE_CURVE('',#1594,#1595,#1260,.T.);
#2041=EDGE_CURVE('',#1595,#1593,#1261,.T.);
#2042=EDGE_CURVE('',#1592,#1594,#1262,.T.);
#2043=EDGE_CURVE('',#1596,#1597,#1263,.T.);
#2044=EDGE_CURVE('',#1597,#1595,#1264,.T.);
#2045=EDGE_CURVE('',#1594,#1596,#1265,.T.);
#2046=EDGE_CURVE('',#1598,#1599,#1266,.T.);
#2047=EDGE_CURVE('',#1599,#1597,#705,.T.);
#2048=EDGE_CURVE('',#1596,#1598,#706,.T.);
#2049=EDGE_CURVE('',#1600,#1601,#1267,.T.);
#2050=EDGE_CURVE('',#1601,#1599,#1268,.T.);
#2051=EDGE_CURVE('',#1598,#1600,#1269,.T.);
#2052=EDGE_CURVE('',#1602,#1603,#1270,.T.);
#2053=EDGE_CURVE('',#1603,#1601,#707,.T.);
#2054=EDGE_CURVE('',#1600,#1602,#708,.T.);
#2055=EDGE_CURVE('',#1604,#1605,#1271,.T.);
#2056=EDGE_CURVE('',#1605,#1603,#1272,.T.);
#2057=EDGE_CURVE('',#1602,#1604,#1273,.T.);
#2058=EDGE_CURVE('',#1526,#1605,#709,.T.);
#2059=EDGE_CURVE('',#1604,#1527,#710,.T.);
#2060=EDGE_CURVE('',#1498,#1571,#711,.T.);
#2061=EDGE_CURVE('',#1569,#1497,#712,.T.);
#2062=EDGE_CURVE('',#1573,#1499,#713,.T.);
#2063=EDGE_CURVE('',#1500,#1575,#714,.T.);
#2064=EDGE_CURVE('',#1577,#1501,#715,.T.);
#2065=EDGE_CURVE('',#1502,#1579,#716,.T.);
#2066=EDGE_CURVE('',#1581,#1503,#717,.T.);
#2067=EDGE_CURVE('',#1504,#1583,#718,.T.);
#2068=EDGE_CURVE('',#1585,#1505,#719,.T.);
#2069=EDGE_CURVE('',#1506,#1587,#720,.T.);
#2070=EDGE_CURVE('',#1589,#1507,#721,.T.);
#2071=EDGE_CURVE('',#1508,#1591,#722,.T.);
#2072=EDGE_CURVE('',#1593,#1509,#723,.T.);
#2073=EDGE_CURVE('',#1510,#1595,#724,.T.);
#2074=EDGE_CURVE('',#1597,#1511,#725,.T.);
#2075=EDGE_CURVE('',#1599,#1512,#726,.T.);
#2076=EDGE_CURVE('',#1601,#1513,#727,.T.);
#2077=EDGE_CURVE('',#1603,#1514,#728,.T.);
#2078=EDGE_CURVE('',#1605,#1515,#729,.T.);
#2079=EDGE_CURVE('',#1516,#1526,#730,.T.);
#2080=EDGE_CURVE('',#1529,#1517,#731,.T.);
#2081=EDGE_CURVE('',#1606,#1329,#1274,.T.);
#2082=EDGE_CURVE('',#1606,#1342,#732,.F.);
#2083=EDGE_CURVE('',#1607,#1606,#733,.T.);
#2084=EDGE_CURVE('',#1343,#1607,#734,.T.);
#2085=EDGE_CURVE('',#1608,#1607,#1275,.T.);
#2086=EDGE_CURVE('',#1608,#1344,#735,.F.);
#2087=EDGE_CURVE('',#1609,#1608,#736,.T.);
#2088=EDGE_CURVE('',#1345,#1609,#737,.T.);
#2089=EDGE_CURVE('',#1610,#1609,#1276,.T.);
#2090=EDGE_CURVE('',#1610,#1346,#738,.F.);
#2091=EDGE_CURVE('',#1611,#1610,#739,.T.);
#2092=EDGE_CURVE('',#1347,#1611,#740,.T.);
#2093=EDGE_CURVE('',#1359,#1612,#741,.T.);
#2094=EDGE_CURVE('',#1613,#1612,#1277,.T.);
#2095=EDGE_CURVE('',#1613,#1360,#742,.F.);
#2096=EDGE_CURVE('',#1614,#1358,#743,.T.);
#2097=EDGE_CURVE('',#1612,#1614,#744,.T.);
#2098=EDGE_CURVE('',#1615,#1613,#745,.T.);
#2099=EDGE_CURVE('',#1361,#1615,#746,.T.);
#2100=EDGE_CURVE('',#1616,#1615,#1278,.T.);
#2101=EDGE_CURVE('',#1616,#1362,#747,.F.);
#2102=EDGE_CURVE('',#1332,#1616,#748,.T.);
#2103=EDGE_CURVE('',#1402,#1319,#749,.T.);
#2104=EDGE_CURVE('',#1371,#1611,#1279,.T.);
#2105=EDGE_CURVE('',#1614,#1372,#1280,.T.);
#2106=EDGE_CURVE('',#1401,#1405,#750,.T.);
#2107=EDGE_CURVE('',#1367,#1364,#751,.T.);
#2108=EDGE_CURVE('',#1496,#1567,#752,.T.);
#2109=EDGE_CURVE('',#1565,#1495,#753,.T.);
#2110=EDGE_CURVE('',#1557,#1491,#754,.T.);
#2111=EDGE_CURVE('',#1490,#1555,#755,.T.);
#2112=EDGE_CURVE('',#1553,#1489,#756,.T.);
#2113=EDGE_CURVE('',#1488,#1551,#757,.T.);
#2114=EDGE_CURVE('',#1549,#1487,#758,.T.);
#2115=EDGE_CURVE('',#1486,#1547,#759,.T.);
#2116=EDGE_CURVE('',#1545,#1525,#760,.T.);
#2117=EDGE_CURVE('',#1524,#1543,#761,.T.);
#2118=EDGE_CURVE('',#1541,#1523,#762,.T.);
#2119=EDGE_CURVE('',#1522,#1539,#763,.T.);
#2120=EDGE_CURVE('',#1537,#1521,#764,.T.);
#2121=EDGE_CURVE('',#1520,#1535,#765,.T.);
#2122=EDGE_CURVE('',#1533,#1519,#766,.T.);
#2123=EDGE_CURVE('',#1518,#1531,#767,.T.);
#2124=EDGE_CURVE('',#1559,#1492,#768,.T.);
#2125=EDGE_CURVE('',#1561,#1493,#769,.T.);
#2126=EDGE_CURVE('',#1563,#1494,#770,.T.);
#2127=ORIENTED_EDGE('',*,*,#1617,.F.);
#2128=ORIENTED_EDGE('',*,*,#1618,.F.);
#2129=ORIENTED_EDGE('',*,*,#1619,.T.);
#2130=ORIENTED_EDGE('',*,*,#1620,.F.);
#2131=ORIENTED_EDGE('',*,*,#1621,.F.);
#2132=ORIENTED_EDGE('',*,*,#1619,.F.);
#2133=ORIENTED_EDGE('',*,*,#1617,.T.);
#2134=ORIENTED_EDGE('',*,*,#1618,.T.);
#2135=ORIENTED_EDGE('',*,*,#1622,.T.);
#2136=ORIENTED_EDGE('',*,*,#1623,.T.);
#2137=ORIENTED_EDGE('',*,*,#1624,.F.);
#2138=ORIENTED_EDGE('',*,*,#1625,.F.);
#2139=ORIENTED_EDGE('',*,*,#1626,.T.);
#2140=ORIENTED_EDGE('',*,*,#1627,.F.);
#2141=ORIENTED_EDGE('',*,*,#1628,.F.);
#2142=ORIENTED_EDGE('',*,*,#1626,.F.);
#2143=ORIENTED_EDGE('',*,*,#1624,.T.);
#2144=ORIENTED_EDGE('',*,*,#1625,.T.);
#2145=ORIENTED_EDGE('',*,*,#1629,.T.);
#2146=ORIENTED_EDGE('',*,*,#1630,.T.);
#2147=ORIENTED_EDGE('',*,*,#1631,.F.);
#2148=ORIENTED_EDGE('',*,*,#1632,.F.);
#2149=ORIENTED_EDGE('',*,*,#1633,.T.);
#2150=ORIENTED_EDGE('',*,*,#1634,.F.);
#2151=ORIENTED_EDGE('',*,*,#1635,.F.);
#2152=ORIENTED_EDGE('',*,*,#1633,.F.);
#2153=ORIENTED_EDGE('',*,*,#1631,.T.);
#2154=ORIENTED_EDGE('',*,*,#1632,.T.);
#2155=ORIENTED_EDGE('',*,*,#1636,.T.);
#2156=ORIENTED_EDGE('',*,*,#1637,.T.);
#2157=ORIENTED_EDGE('',*,*,#1638,.F.);
#2158=ORIENTED_EDGE('',*,*,#1639,.F.);
#2159=ORIENTED_EDGE('',*,*,#1640,.T.);
#2160=ORIENTED_EDGE('',*,*,#1641,.F.);
#2161=ORIENTED_EDGE('',*,*,#1642,.F.);
#2162=ORIENTED_EDGE('',*,*,#1640,.F.);
#2163=ORIENTED_EDGE('',*,*,#1638,.T.);
#2164=ORIENTED_EDGE('',*,*,#1639,.T.);
#2165=ORIENTED_EDGE('',*,*,#1643,.T.);
#2166=ORIENTED_EDGE('',*,*,#1644,.T.);
#2167=ORIENTED_EDGE('',*,*,#1645,.F.);
#2168=ORIENTED_EDGE('',*,*,#1646,.F.);
#2169=ORIENTED_EDGE('',*,*,#1647,.T.);
#2170=ORIENTED_EDGE('',*,*,#1648,.F.);
#2171=ORIENTED_EDGE('',*,*,#1649,.F.);
#2172=ORIENTED_EDGE('',*,*,#1647,.F.);
#2173=ORIENTED_EDGE('',*,*,#1645,.T.);
#2174=ORIENTED_EDGE('',*,*,#1646,.T.);
#2175=ORIENTED_EDGE('',*,*,#1650,.T.);
#2176=ORIENTED_EDGE('',*,*,#1651,.T.);
#2177=ORIENTED_EDGE('',*,*,#1652,.F.);
#2178=ORIENTED_EDGE('',*,*,#1653,.F.);
#2179=ORIENTED_EDGE('',*,*,#1654,.T.);
#2180=ORIENTED_EDGE('',*,*,#1655,.F.);
#2181=ORIENTED_EDGE('',*,*,#1656,.F.);
#2182=ORIENTED_EDGE('',*,*,#1657,.F.);
#2183=ORIENTED_EDGE('',*,*,#1658,.T.);
#2184=ORIENTED_EDGE('',*,*,#1659,.F.);
#2185=ORIENTED_EDGE('',*,*,#1660,.F.);
#2186=ORIENTED_EDGE('',*,*,#1655,.T.);
#2187=ORIENTED_EDGE('',*,*,#1661,.T.);
#2188=ORIENTED_EDGE('',*,*,#1662,.F.);
#2189=ORIENTED_EDGE('',*,*,#1663,.F.);
#2190=ORIENTED_EDGE('',*,*,#1659,.T.);
#2191=ORIENTED_EDGE('',*,*,#1664,.T.);
#2192=ORIENTED_EDGE('',*,*,#1665,.T.);
#2193=ORIENTED_EDGE('',*,*,#1653,.T.);
#2194=ORIENTED_EDGE('',*,*,#1665,.F.);
#2195=ORIENTED_EDGE('',*,*,#1666,.T.);
#2196=ORIENTED_EDGE('',*,*,#1667,.T.);
#2197=ORIENTED_EDGE('',*,*,#1652,.T.);
#2198=ORIENTED_EDGE('',*,*,#1667,.F.);
#2199=ORIENTED_EDGE('',*,*,#1668,.T.);
#2200=ORIENTED_EDGE('',*,*,#1669,.F.);
#2201=ORIENTED_EDGE('',*,*,#1670,.F.);
#2202=ORIENTED_EDGE('',*,*,#1671,.F.);
#2203=ORIENTED_EDGE('',*,*,#1672,.T.);
#2204=ORIENTED_EDGE('',*,*,#1673,.F.);
#2205=ORIENTED_EDGE('',*,*,#1674,.F.);
#2206=ORIENTED_EDGE('',*,*,#1669,.T.);
#2207=ORIENTED_EDGE('',*,*,#1675,.T.);
#2208=ORIENTED_EDGE('',*,*,#1676,.F.);
#2209=ORIENTED_EDGE('',*,*,#1677,.F.);
#2210=ORIENTED_EDGE('',*,*,#1673,.T.);
#2211=ORIENTED_EDGE('',*,*,#1671,.T.);
#2212=ORIENTED_EDGE('',*,*,#1678,.T.);
#2213=ORIENTED_EDGE('',*,*,#1679,.T.);
#2214=ORIENTED_EDGE('',*,*,#1680,.F.);
#2215=ORIENTED_EDGE('',*,*,#1657,.T.);
#2216=ORIENTED_EDGE('',*,*,#1681,.T.);
#2217=ORIENTED_EDGE('',*,*,#1682,.T.);
#2218=ORIENTED_EDGE('',*,*,#1683,.F.);
#2219=ORIENTED_EDGE('',*,*,#1663,.T.);
#2220=ORIENTED_EDGE('',*,*,#1684,.F.);
#2221=ORIENTED_EDGE('',*,*,#1685,.F.);
#2222=ORIENTED_EDGE('',*,*,#1686,.F.);
#2223=ORIENTED_EDGE('',*,*,#1687,.F.);
#2224=ORIENTED_EDGE('',*,*,#1688,.F.);
#2225=ORIENTED_EDGE('',*,*,#1689,.F.);
#2226=ORIENTED_EDGE('',*,*,#1690,.F.);
#2227=ORIENTED_EDGE('',*,*,#1691,.F.);
#2228=ORIENTED_EDGE('',*,*,#1681,.F.);
#2229=ORIENTED_EDGE('',*,*,#1656,.T.);
#2230=ORIENTED_EDGE('',*,*,#1660,.T.);
#2231=ORIENTED_EDGE('',*,*,#1620,.T.);
#2232=ORIENTED_EDGE('',*,*,#1621,.T.);
#2233=ORIENTED_EDGE('',*,*,#1627,.T.);
#2234=ORIENTED_EDGE('',*,*,#1628,.T.);
#2235=ORIENTED_EDGE('',*,*,#1634,.T.);
#2236=ORIENTED_EDGE('',*,*,#1635,.T.);
#2237=ORIENTED_EDGE('',*,*,#1641,.T.);
#2238=ORIENTED_EDGE('',*,*,#1642,.T.);
#2239=ORIENTED_EDGE('',*,*,#1648,.T.);
#2240=ORIENTED_EDGE('',*,*,#1649,.T.);
#2241=ORIENTED_EDGE('',*,*,#1670,.T.);
#2242=ORIENTED_EDGE('',*,*,#1674,.T.);
#2243=ORIENTED_EDGE('',*,*,#1677,.T.);
#2244=ORIENTED_EDGE('',*,*,#1692,.F.);
#2245=ORIENTED_EDGE('',*,*,#1693,.F.);
#2246=ORIENTED_EDGE('',*,*,#1694,.F.);
#2247=ORIENTED_EDGE('',*,*,#1695,.F.);
#2248=ORIENTED_EDGE('',*,*,#1696,.F.);
#2249=ORIENTED_EDGE('',*,*,#1697,.F.);
#2250=ORIENTED_EDGE('',*,*,#1698,.F.);
#2251=ORIENTED_EDGE('',*,*,#1699,.F.);
#2252=ORIENTED_EDGE('',*,*,#1700,.T.);
#2253=ORIENTED_EDGE('',*,*,#1701,.T.);
#2254=ORIENTED_EDGE('',*,*,#1702,.T.);
#2255=ORIENTED_EDGE('',*,*,#1703,.F.);
#2256=ORIENTED_EDGE('',*,*,#1704,.T.);
#2257=ORIENTED_EDGE('',*,*,#1705,.T.);
#2258=ORIENTED_EDGE('',*,*,#1706,.T.);
#2259=ORIENTED_EDGE('',*,*,#1707,.F.);
#2260=ORIENTED_EDGE('',*,*,#1708,.F.);
#2261=ORIENTED_EDGE('',*,*,#1709,.F.);
#2262=ORIENTED_EDGE('',*,*,#1710,.F.);
#2263=ORIENTED_EDGE('',*,*,#1711,.F.);
#2264=ORIENTED_EDGE('',*,*,#1712,.F.);
#2265=ORIENTED_EDGE('',*,*,#1713,.F.);
#2266=ORIENTED_EDGE('',*,*,#1678,.F.);
#2267=ORIENTED_EDGE('',*,*,#1702,.F.);
#2268=ORIENTED_EDGE('',*,*,#1714,.F.);
#2269=ORIENTED_EDGE('',*,*,#1715,.F.);
#2270=ORIENTED_EDGE('',*,*,#1716,.F.);
#2271=ORIENTED_EDGE('',*,*,#1701,.F.);
#2272=ORIENTED_EDGE('',*,*,#1717,.F.);
#2273=ORIENTED_EDGE('',*,*,#1718,.F.);
#2274=ORIENTED_EDGE('',*,*,#1714,.T.);
#2275=ORIENTED_EDGE('',*,*,#1700,.F.);
#2276=ORIENTED_EDGE('',*,*,#1719,.F.);
#2277=ORIENTED_EDGE('',*,*,#1720,.F.);
#2278=ORIENTED_EDGE('',*,*,#1717,.T.);
#2279=ORIENTED_EDGE('',*,*,#1704,.F.);
#2280=ORIENTED_EDGE('',*,*,#1721,.F.);
#2281=ORIENTED_EDGE('',*,*,#1722,.F.);
#2282=ORIENTED_EDGE('',*,*,#1723,.T.);
#2283=ORIENTED_EDGE('',*,*,#1705,.F.);
#2284=ORIENTED_EDGE('',*,*,#1723,.F.);
#2285=ORIENTED_EDGE('',*,*,#1724,.F.);
#2286=ORIENTED_EDGE('',*,*,#1725,.T.);
#2287=ORIENTED_EDGE('',*,*,#1706,.F.);
#2288=ORIENTED_EDGE('',*,*,#1725,.F.);
#2289=ORIENTED_EDGE('',*,*,#1726,.F.);
#2290=ORIENTED_EDGE('',*,*,#1727,.F.);
#2291=ORIENTED_EDGE('',*,*,#1719,.T.);
#2292=ORIENTED_EDGE('',*,*,#1699,.T.);
#2293=ORIENTED_EDGE('',*,*,#1728,.F.);
#2294=ORIENTED_EDGE('',*,*,#1729,.F.);
#2295=ORIENTED_EDGE('',*,*,#1727,.T.);
#2296=ORIENTED_EDGE('',*,*,#1730,.F.);
#2297=ORIENTED_EDGE('',*,*,#1731,.F.);
#2298=ORIENTED_EDGE('',*,*,#1707,.T.);
#2299=ORIENTED_EDGE('',*,*,#1732,.F.);
#2300=ORIENTED_EDGE('',*,*,#1733,.F.);
#2301=ORIENTED_EDGE('',*,*,#1734,.T.);
#2302=ORIENTED_EDGE('',*,*,#1622,.F.);
#2303=ORIENTED_EDGE('',*,*,#1623,.F.);
#2304=ORIENTED_EDGE('',*,*,#1734,.F.);
#2305=ORIENTED_EDGE('',*,*,#1735,.F.);
#2306=ORIENTED_EDGE('',*,*,#1736,.F.);
#2307=ORIENTED_EDGE('',*,*,#1737,.T.);
#2308=ORIENTED_EDGE('',*,*,#1636,.F.);
#2309=ORIENTED_EDGE('',*,*,#1637,.F.);
#2310=ORIENTED_EDGE('',*,*,#1737,.F.);
#2311=ORIENTED_EDGE('',*,*,#1738,.F.);
#2312=ORIENTED_EDGE('',*,*,#1739,.F.);
#2313=ORIENTED_EDGE('',*,*,#1740,.T.);
#2314=ORIENTED_EDGE('',*,*,#1629,.F.);
#2315=ORIENTED_EDGE('',*,*,#1630,.F.);
#2316=ORIENTED_EDGE('',*,*,#1740,.F.);
#2317=ORIENTED_EDGE('',*,*,#1741,.F.);
#2318=ORIENTED_EDGE('',*,*,#1742,.F.);
#2319=ORIENTED_EDGE('',*,*,#1743,.T.);
#2320=ORIENTED_EDGE('',*,*,#1650,.F.);
#2321=ORIENTED_EDGE('',*,*,#1651,.F.);
#2322=ORIENTED_EDGE('',*,*,#1743,.F.);
#2323=ORIENTED_EDGE('',*,*,#1744,.F.);
#2324=ORIENTED_EDGE('',*,*,#1745,.F.);
#2325=ORIENTED_EDGE('',*,*,#1746,.T.);
#2326=ORIENTED_EDGE('',*,*,#1643,.F.);
#2327=ORIENTED_EDGE('',*,*,#1644,.F.);
#2328=ORIENTED_EDGE('',*,*,#1746,.F.);
#2329=ORIENTED_EDGE('',*,*,#1747,.F.);
#2330=ORIENTED_EDGE('',*,*,#1748,.F.);
#2331=ORIENTED_EDGE('',*,*,#1749,.T.);
#2332=ORIENTED_EDGE('',*,*,#1750,.T.);
#2333=ORIENTED_EDGE('',*,*,#1751,.T.);
#2334=ORIENTED_EDGE('',*,*,#1749,.F.);
#2335=ORIENTED_EDGE('',*,*,#1751,.F.);
#2336=ORIENTED_EDGE('',*,*,#1750,.F.);
#2337=ORIENTED_EDGE('',*,*,#1752,.F.);
#2338=ORIENTED_EDGE('',*,*,#1753,.F.);
#2339=ORIENTED_EDGE('',*,*,#1754,.T.);
#2340=ORIENTED_EDGE('',*,*,#1755,.T.);
#2341=ORIENTED_EDGE('',*,*,#1756,.T.);
#2342=ORIENTED_EDGE('',*,*,#1754,.F.);
#2343=ORIENTED_EDGE('',*,*,#1756,.F.);
#2344=ORIENTED_EDGE('',*,*,#1755,.F.);
#2345=ORIENTED_EDGE('',*,*,#1757,.F.);
#2346=ORIENTED_EDGE('',*,*,#1758,.F.);
#2347=ORIENTED_EDGE('',*,*,#1759,.T.);
#2348=ORIENTED_EDGE('',*,*,#1760,.T.);
#2349=ORIENTED_EDGE('',*,*,#1761,.T.);
#2350=ORIENTED_EDGE('',*,*,#1759,.F.);
#2351=ORIENTED_EDGE('',*,*,#1761,.F.);
#2352=ORIENTED_EDGE('',*,*,#1760,.F.);
#2353=ORIENTED_EDGE('',*,*,#1762,.F.);
#2354=ORIENTED_EDGE('',*,*,#1763,.F.);
#2355=ORIENTED_EDGE('',*,*,#1764,.T.);
#2356=ORIENTED_EDGE('',*,*,#1765,.T.);
#2357=ORIENTED_EDGE('',*,*,#1766,.T.);
#2358=ORIENTED_EDGE('',*,*,#1764,.F.);
#2359=ORIENTED_EDGE('',*,*,#1766,.F.);
#2360=ORIENTED_EDGE('',*,*,#1765,.F.);
#2361=ORIENTED_EDGE('',*,*,#1767,.F.);
#2362=ORIENTED_EDGE('',*,*,#1768,.F.);
#2363=ORIENTED_EDGE('',*,*,#1769,.T.);
#2364=ORIENTED_EDGE('',*,*,#1690,.T.);
#2365=ORIENTED_EDGE('',*,*,#1770,.F.);
#2366=ORIENTED_EDGE('',*,*,#1771,.F.);
#2367=ORIENTED_EDGE('',*,*,#1767,.T.);
#2368=ORIENTED_EDGE('',*,*,#1689,.T.);
#2369=ORIENTED_EDGE('',*,*,#1769,.F.);
#2370=ORIENTED_EDGE('',*,*,#1772,.F.);
#2371=ORIENTED_EDGE('',*,*,#1682,.F.);
#2372=ORIENTED_EDGE('',*,*,#1691,.T.);
#2373=ORIENTED_EDGE('',*,*,#1773,.F.);
#2374=ORIENTED_EDGE('',*,*,#1774,.F.);
#2375=ORIENTED_EDGE('',*,*,#1775,.T.);
#2376=ORIENTED_EDGE('',*,*,#1685,.T.);
#2377=ORIENTED_EDGE('',*,*,#1775,.F.);
#2378=ORIENTED_EDGE('',*,*,#1776,.F.);
#2379=ORIENTED_EDGE('',*,*,#1777,.T.);
#2380=ORIENTED_EDGE('',*,*,#1686,.T.);
#2381=ORIENTED_EDGE('',*,*,#1777,.F.);
#2382=ORIENTED_EDGE('',*,*,#1778,.F.);
#2383=ORIENTED_EDGE('',*,*,#1779,.F.);
#2384=ORIENTED_EDGE('',*,*,#1687,.T.);
#2385=ORIENTED_EDGE('',*,*,#1780,.F.);
#2386=ORIENTED_EDGE('',*,*,#1781,.T.);
#2387=ORIENTED_EDGE('',*,*,#1782,.F.);
#2388=ORIENTED_EDGE('',*,*,#1783,.F.);
#2389=ORIENTED_EDGE('',*,*,#1784,.F.);
#2390=ORIENTED_EDGE('',*,*,#1783,.T.);
#2391=ORIENTED_EDGE('',*,*,#1785,.F.);
#2392=ORIENTED_EDGE('',*,*,#1786,.F.);
#2393=ORIENTED_EDGE('',*,*,#1787,.F.);
#2394=ORIENTED_EDGE('',*,*,#1786,.T.);
#2395=ORIENTED_EDGE('',*,*,#1788,.F.);
#2396=ORIENTED_EDGE('',*,*,#1789,.F.);
#2397=ORIENTED_EDGE('',*,*,#1790,.F.);
#2398=ORIENTED_EDGE('',*,*,#1789,.T.);
#2399=ORIENTED_EDGE('',*,*,#1791,.F.);
#2400=ORIENTED_EDGE('',*,*,#1792,.F.);
#2401=ORIENTED_EDGE('',*,*,#1793,.F.);
#2402=ORIENTED_EDGE('',*,*,#1792,.T.);
#2403=ORIENTED_EDGE('',*,*,#1794,.F.);
#2404=ORIENTED_EDGE('',*,*,#1795,.F.);
#2405=ORIENTED_EDGE('',*,*,#1796,.F.);
#2406=ORIENTED_EDGE('',*,*,#1795,.T.);
#2407=ORIENTED_EDGE('',*,*,#1797,.F.);
#2408=ORIENTED_EDGE('',*,*,#1798,.F.);
#2409=ORIENTED_EDGE('',*,*,#1799,.F.);
#2410=ORIENTED_EDGE('',*,*,#1798,.T.);
#2411=ORIENTED_EDGE('',*,*,#1800,.F.);
#2412=ORIENTED_EDGE('',*,*,#1801,.F.);
#2413=ORIENTED_EDGE('',*,*,#1802,.F.);
#2414=ORIENTED_EDGE('',*,*,#1801,.T.);
#2415=ORIENTED_EDGE('',*,*,#1803,.F.);
#2416=ORIENTED_EDGE('',*,*,#1804,.F.);
#2417=ORIENTED_EDGE('',*,*,#1805,.F.);
#2418=ORIENTED_EDGE('',*,*,#1804,.T.);
#2419=ORIENTED_EDGE('',*,*,#1806,.F.);
#2420=ORIENTED_EDGE('',*,*,#1807,.F.);
#2421=ORIENTED_EDGE('',*,*,#1808,.F.);
#2422=ORIENTED_EDGE('',*,*,#1807,.T.);
#2423=ORIENTED_EDGE('',*,*,#1809,.F.);
#2424=ORIENTED_EDGE('',*,*,#1810,.F.);
#2425=ORIENTED_EDGE('',*,*,#1811,.F.);
#2426=ORIENTED_EDGE('',*,*,#1810,.T.);
#2427=ORIENTED_EDGE('',*,*,#1812,.F.);
#2428=ORIENTED_EDGE('',*,*,#1813,.F.);
#2429=ORIENTED_EDGE('',*,*,#1814,.F.);
#2430=ORIENTED_EDGE('',*,*,#1813,.T.);
#2431=ORIENTED_EDGE('',*,*,#1815,.F.);
#2432=ORIENTED_EDGE('',*,*,#1816,.F.);
#2433=ORIENTED_EDGE('',*,*,#1817,.F.);
#2434=ORIENTED_EDGE('',*,*,#1816,.T.);
#2435=ORIENTED_EDGE('',*,*,#1818,.F.);
#2436=ORIENTED_EDGE('',*,*,#1819,.F.);
#2437=ORIENTED_EDGE('',*,*,#1820,.F.);
#2438=ORIENTED_EDGE('',*,*,#1819,.T.);
#2439=ORIENTED_EDGE('',*,*,#1821,.F.);
#2440=ORIENTED_EDGE('',*,*,#1822,.F.);
#2441=ORIENTED_EDGE('',*,*,#1823,.F.);
#2442=ORIENTED_EDGE('',*,*,#1822,.T.);
#2443=ORIENTED_EDGE('',*,*,#1824,.F.);
#2444=ORIENTED_EDGE('',*,*,#1825,.F.);
#2445=ORIENTED_EDGE('',*,*,#1826,.F.);
#2446=ORIENTED_EDGE('',*,*,#1825,.T.);
#2447=ORIENTED_EDGE('',*,*,#1827,.F.);
#2448=ORIENTED_EDGE('',*,*,#1828,.F.);
#2449=ORIENTED_EDGE('',*,*,#1829,.F.);
#2450=ORIENTED_EDGE('',*,*,#1828,.T.);
#2451=ORIENTED_EDGE('',*,*,#1830,.F.);
#2452=ORIENTED_EDGE('',*,*,#1831,.F.);
#2453=ORIENTED_EDGE('',*,*,#1832,.F.);
#2454=ORIENTED_EDGE('',*,*,#1831,.T.);
#2455=ORIENTED_EDGE('',*,*,#1833,.F.);
#2456=ORIENTED_EDGE('',*,*,#1834,.F.);
#2457=ORIENTED_EDGE('',*,*,#1835,.F.);
#2458=ORIENTED_EDGE('',*,*,#1834,.T.);
#2459=ORIENTED_EDGE('',*,*,#1836,.F.);
#2460=ORIENTED_EDGE('',*,*,#1837,.F.);
#2461=ORIENTED_EDGE('',*,*,#1838,.F.);
#2462=ORIENTED_EDGE('',*,*,#1837,.T.);
#2463=ORIENTED_EDGE('',*,*,#1839,.F.);
#2464=ORIENTED_EDGE('',*,*,#1840,.F.);
#2465=ORIENTED_EDGE('',*,*,#1841,.F.);
#2466=ORIENTED_EDGE('',*,*,#1840,.T.);
#2467=ORIENTED_EDGE('',*,*,#1842,.F.);
#2468=ORIENTED_EDGE('',*,*,#1843,.F.);
#2469=ORIENTED_EDGE('',*,*,#1844,.F.);
#2470=ORIENTED_EDGE('',*,*,#1843,.T.);
#2471=ORIENTED_EDGE('',*,*,#1845,.F.);
#2472=ORIENTED_EDGE('',*,*,#1846,.F.);
#2473=ORIENTED_EDGE('',*,*,#1847,.F.);
#2474=ORIENTED_EDGE('',*,*,#1846,.T.);
#2475=ORIENTED_EDGE('',*,*,#1848,.F.);
#2476=ORIENTED_EDGE('',*,*,#1849,.F.);
#2477=ORIENTED_EDGE('',*,*,#1850,.F.);
#2478=ORIENTED_EDGE('',*,*,#1849,.T.);
#2479=ORIENTED_EDGE('',*,*,#1851,.F.);
#2480=ORIENTED_EDGE('',*,*,#1852,.F.);
#2481=ORIENTED_EDGE('',*,*,#1853,.F.);
#2482=ORIENTED_EDGE('',*,*,#1852,.T.);
#2483=ORIENTED_EDGE('',*,*,#1854,.F.);
#2484=ORIENTED_EDGE('',*,*,#1855,.F.);
#2485=ORIENTED_EDGE('',*,*,#1856,.F.);
#2486=ORIENTED_EDGE('',*,*,#1855,.T.);
#2487=ORIENTED_EDGE('',*,*,#1857,.F.);
#2488=ORIENTED_EDGE('',*,*,#1858,.F.);
#2489=ORIENTED_EDGE('',*,*,#1859,.F.);
#2490=ORIENTED_EDGE('',*,*,#1858,.T.);
#2491=ORIENTED_EDGE('',*,*,#1860,.F.);
#2492=ORIENTED_EDGE('',*,*,#1861,.F.);
#2493=ORIENTED_EDGE('',*,*,#1862,.F.);
#2494=ORIENTED_EDGE('',*,*,#1861,.T.);
#2495=ORIENTED_EDGE('',*,*,#1863,.F.);
#2496=ORIENTED_EDGE('',*,*,#1864,.F.);
#2497=ORIENTED_EDGE('',*,*,#1865,.F.);
#2498=ORIENTED_EDGE('',*,*,#1864,.T.);
#2499=ORIENTED_EDGE('',*,*,#1866,.F.);
#2500=ORIENTED_EDGE('',*,*,#1867,.F.);
#2501=ORIENTED_EDGE('',*,*,#1868,.F.);
#2502=ORIENTED_EDGE('',*,*,#1867,.T.);
#2503=ORIENTED_EDGE('',*,*,#1869,.F.);
#2504=ORIENTED_EDGE('',*,*,#1870,.F.);
#2505=ORIENTED_EDGE('',*,*,#1871,.F.);
#2506=ORIENTED_EDGE('',*,*,#1870,.T.);
#2507=ORIENTED_EDGE('',*,*,#1872,.F.);
#2508=ORIENTED_EDGE('',*,*,#1873,.F.);
#2509=ORIENTED_EDGE('',*,*,#1874,.F.);
#2510=ORIENTED_EDGE('',*,*,#1873,.T.);
#2511=ORIENTED_EDGE('',*,*,#1875,.F.);
#2512=ORIENTED_EDGE('',*,*,#1876,.F.);
#2513=ORIENTED_EDGE('',*,*,#1877,.F.);
#2514=ORIENTED_EDGE('',*,*,#1876,.T.);
#2515=ORIENTED_EDGE('',*,*,#1878,.F.);
#2516=ORIENTED_EDGE('',*,*,#1879,.F.);
#2517=ORIENTED_EDGE('',*,*,#1880,.F.);
#2518=ORIENTED_EDGE('',*,*,#1879,.T.);
#2519=ORIENTED_EDGE('',*,*,#1881,.F.);
#2520=ORIENTED_EDGE('',*,*,#1882,.F.);
#2521=ORIENTED_EDGE('',*,*,#1883,.F.);
#2522=ORIENTED_EDGE('',*,*,#1882,.T.);
#2523=ORIENTED_EDGE('',*,*,#1884,.F.);
#2524=ORIENTED_EDGE('',*,*,#1885,.F.);
#2525=ORIENTED_EDGE('',*,*,#1886,.F.);
#2526=ORIENTED_EDGE('',*,*,#1885,.T.);
#2527=ORIENTED_EDGE('',*,*,#1887,.F.);
#2528=ORIENTED_EDGE('',*,*,#1888,.F.);
#2529=ORIENTED_EDGE('',*,*,#1889,.F.);
#2530=ORIENTED_EDGE('',*,*,#1888,.T.);
#2531=ORIENTED_EDGE('',*,*,#1890,.F.);
#2532=ORIENTED_EDGE('',*,*,#1891,.F.);
#2533=ORIENTED_EDGE('',*,*,#1892,.F.);
#2534=ORIENTED_EDGE('',*,*,#1891,.T.);
#2535=ORIENTED_EDGE('',*,*,#1893,.F.);
#2536=ORIENTED_EDGE('',*,*,#1894,.F.);
#2537=ORIENTED_EDGE('',*,*,#1895,.F.);
#2538=ORIENTED_EDGE('',*,*,#1894,.T.);
#2539=ORIENTED_EDGE('',*,*,#1896,.F.);
#2540=ORIENTED_EDGE('',*,*,#1897,.F.);
#2541=ORIENTED_EDGE('',*,*,#1898,.F.);
#2542=ORIENTED_EDGE('',*,*,#1897,.T.);
#2543=ORIENTED_EDGE('',*,*,#1899,.F.);
#2544=ORIENTED_EDGE('',*,*,#1781,.F.);
#2545=ORIENTED_EDGE('',*,*,#1900,.T.);
#2546=ORIENTED_EDGE('',*,*,#1901,.T.);
#2547=ORIENTED_EDGE('',*,*,#1902,.T.);
#2548=ORIENTED_EDGE('',*,*,#1903,.T.);
#2549=ORIENTED_EDGE('',*,*,#1904,.T.);
#2550=ORIENTED_EDGE('',*,*,#1905,.T.);
#2551=ORIENTED_EDGE('',*,*,#1906,.T.);
#2552=ORIENTED_EDGE('',*,*,#1907,.T.);
#2553=ORIENTED_EDGE('',*,*,#1908,.T.);
#2554=ORIENTED_EDGE('',*,*,#1909,.T.);
#2555=ORIENTED_EDGE('',*,*,#1910,.T.);
#2556=ORIENTED_EDGE('',*,*,#1911,.T.);
#2557=ORIENTED_EDGE('',*,*,#1912,.T.);
#2558=ORIENTED_EDGE('',*,*,#1913,.T.);
#2559=ORIENTED_EDGE('',*,*,#1914,.T.);
#2560=ORIENTED_EDGE('',*,*,#1915,.T.);
#2561=ORIENTED_EDGE('',*,*,#1916,.T.);
#2562=ORIENTED_EDGE('',*,*,#1917,.T.);
#2563=ORIENTED_EDGE('',*,*,#1918,.T.);
#2564=ORIENTED_EDGE('',*,*,#1919,.T.);
#2565=ORIENTED_EDGE('',*,*,#1920,.T.);
#2566=ORIENTED_EDGE('',*,*,#1921,.T.);
#2567=ORIENTED_EDGE('',*,*,#1922,.T.);
#2568=ORIENTED_EDGE('',*,*,#1923,.T.);
#2569=ORIENTED_EDGE('',*,*,#1924,.T.);
#2570=ORIENTED_EDGE('',*,*,#1925,.T.);
#2571=ORIENTED_EDGE('',*,*,#1926,.T.);
#2572=ORIENTED_EDGE('',*,*,#1927,.T.);
#2573=ORIENTED_EDGE('',*,*,#1928,.T.);
#2574=ORIENTED_EDGE('',*,*,#1929,.T.);
#2575=ORIENTED_EDGE('',*,*,#1930,.T.);
#2576=ORIENTED_EDGE('',*,*,#1931,.T.);
#2577=ORIENTED_EDGE('',*,*,#1932,.T.);
#2578=ORIENTED_EDGE('',*,*,#1933,.T.);
#2579=ORIENTED_EDGE('',*,*,#1934,.T.);
#2580=ORIENTED_EDGE('',*,*,#1935,.T.);
#2581=ORIENTED_EDGE('',*,*,#1936,.T.);
#2582=ORIENTED_EDGE('',*,*,#1937,.T.);
#2583=ORIENTED_EDGE('',*,*,#1938,.T.);
#2584=ORIENTED_EDGE('',*,*,#1939,.T.);
#2585=ORIENTED_EDGE('',*,*,#1899,.T.);
#2586=ORIENTED_EDGE('',*,*,#1896,.T.);
#2587=ORIENTED_EDGE('',*,*,#1893,.T.);
#2588=ORIENTED_EDGE('',*,*,#1890,.T.);
#2589=ORIENTED_EDGE('',*,*,#1887,.T.);
#2590=ORIENTED_EDGE('',*,*,#1884,.T.);
#2591=ORIENTED_EDGE('',*,*,#1881,.T.);
#2592=ORIENTED_EDGE('',*,*,#1878,.T.);
#2593=ORIENTED_EDGE('',*,*,#1875,.T.);
#2594=ORIENTED_EDGE('',*,*,#1872,.T.);
#2595=ORIENTED_EDGE('',*,*,#1869,.T.);
#2596=ORIENTED_EDGE('',*,*,#1866,.T.);
#2597=ORIENTED_EDGE('',*,*,#1863,.T.);
#2598=ORIENTED_EDGE('',*,*,#1860,.T.);
#2599=ORIENTED_EDGE('',*,*,#1857,.T.);
#2600=ORIENTED_EDGE('',*,*,#1854,.T.);
#2601=ORIENTED_EDGE('',*,*,#1851,.T.);
#2602=ORIENTED_EDGE('',*,*,#1848,.T.);
#2603=ORIENTED_EDGE('',*,*,#1845,.T.);
#2604=ORIENTED_EDGE('',*,*,#1842,.T.);
#2605=ORIENTED_EDGE('',*,*,#1839,.T.);
#2606=ORIENTED_EDGE('',*,*,#1836,.T.);
#2607=ORIENTED_EDGE('',*,*,#1833,.T.);
#2608=ORIENTED_EDGE('',*,*,#1830,.T.);
#2609=ORIENTED_EDGE('',*,*,#1827,.T.);
#2610=ORIENTED_EDGE('',*,*,#1824,.T.);
#2611=ORIENTED_EDGE('',*,*,#1821,.T.);
#2612=ORIENTED_EDGE('',*,*,#1818,.T.);
#2613=ORIENTED_EDGE('',*,*,#1815,.T.);
#2614=ORIENTED_EDGE('',*,*,#1812,.T.);
#2615=ORIENTED_EDGE('',*,*,#1809,.T.);
#2616=ORIENTED_EDGE('',*,*,#1806,.T.);
#2617=ORIENTED_EDGE('',*,*,#1803,.T.);
#2618=ORIENTED_EDGE('',*,*,#1800,.T.);
#2619=ORIENTED_EDGE('',*,*,#1797,.T.);
#2620=ORIENTED_EDGE('',*,*,#1794,.T.);
#2621=ORIENTED_EDGE('',*,*,#1791,.T.);
#2622=ORIENTED_EDGE('',*,*,#1788,.T.);
#2623=ORIENTED_EDGE('',*,*,#1785,.T.);
#2624=ORIENTED_EDGE('',*,*,#1782,.T.);
#2625=ORIENTED_EDGE('',*,*,#1940,.T.);
#2626=ORIENTED_EDGE('',*,*,#1941,.T.);
#2627=ORIENTED_EDGE('',*,*,#1942,.T.);
#2628=ORIENTED_EDGE('',*,*,#1943,.T.);
#2629=ORIENTED_EDGE('',*,*,#1944,.T.);
#2630=ORIENTED_EDGE('',*,*,#1945,.T.);
#2631=ORIENTED_EDGE('',*,*,#1942,.F.);
#2632=ORIENTED_EDGE('',*,*,#1946,.T.);
#2633=ORIENTED_EDGE('',*,*,#1947,.T.);
#2634=ORIENTED_EDGE('',*,*,#1948,.T.);
#2635=ORIENTED_EDGE('',*,*,#1944,.F.);
#2636=ORIENTED_EDGE('',*,*,#1949,.T.);
#2637=ORIENTED_EDGE('',*,*,#1950,.T.);
#2638=ORIENTED_EDGE('',*,*,#1951,.T.);
#2639=ORIENTED_EDGE('',*,*,#1947,.F.);
#2640=ORIENTED_EDGE('',*,*,#1952,.T.);
#2641=ORIENTED_EDGE('',*,*,#1953,.T.);
#2642=ORIENTED_EDGE('',*,*,#1954,.T.);
#2643=ORIENTED_EDGE('',*,*,#1950,.F.);
#2644=ORIENTED_EDGE('',*,*,#1955,.T.);
#2645=ORIENTED_EDGE('',*,*,#1956,.T.);
#2646=ORIENTED_EDGE('',*,*,#1957,.T.);
#2647=ORIENTED_EDGE('',*,*,#1953,.F.);
#2648=ORIENTED_EDGE('',*,*,#1958,.T.);
#2649=ORIENTED_EDGE('',*,*,#1959,.T.);
#2650=ORIENTED_EDGE('',*,*,#1960,.T.);
#2651=ORIENTED_EDGE('',*,*,#1956,.F.);
#2652=ORIENTED_EDGE('',*,*,#1961,.T.);
#2653=ORIENTED_EDGE('',*,*,#1962,.T.);
#2654=ORIENTED_EDGE('',*,*,#1963,.T.);
#2655=ORIENTED_EDGE('',*,*,#1959,.F.);
#2656=ORIENTED_EDGE('',*,*,#1964,.T.);
#2657=ORIENTED_EDGE('',*,*,#1965,.T.);
#2658=ORIENTED_EDGE('',*,*,#1966,.T.);
#2659=ORIENTED_EDGE('',*,*,#1962,.F.);
#2660=ORIENTED_EDGE('',*,*,#1967,.T.);
#2661=ORIENTED_EDGE('',*,*,#1968,.T.);
#2662=ORIENTED_EDGE('',*,*,#1969,.T.);
#2663=ORIENTED_EDGE('',*,*,#1965,.F.);
#2664=ORIENTED_EDGE('',*,*,#1970,.T.);
#2665=ORIENTED_EDGE('',*,*,#1971,.T.);
#2666=ORIENTED_EDGE('',*,*,#1972,.T.);
#2667=ORIENTED_EDGE('',*,*,#1968,.F.);
#2668=ORIENTED_EDGE('',*,*,#1973,.T.);
#2669=ORIENTED_EDGE('',*,*,#1974,.T.);
#2670=ORIENTED_EDGE('',*,*,#1975,.T.);
#2671=ORIENTED_EDGE('',*,*,#1971,.F.);
#2672=ORIENTED_EDGE('',*,*,#1976,.T.);
#2673=ORIENTED_EDGE('',*,*,#1977,.T.);
#2674=ORIENTED_EDGE('',*,*,#1978,.T.);
#2675=ORIENTED_EDGE('',*,*,#1974,.F.);
#2676=ORIENTED_EDGE('',*,*,#1979,.T.);
#2677=ORIENTED_EDGE('',*,*,#1980,.T.);
#2678=ORIENTED_EDGE('',*,*,#1981,.T.);
#2679=ORIENTED_EDGE('',*,*,#1977,.F.);
#2680=ORIENTED_EDGE('',*,*,#1982,.T.);
#2681=ORIENTED_EDGE('',*,*,#1983,.T.);
#2682=ORIENTED_EDGE('',*,*,#1984,.T.);
#2683=ORIENTED_EDGE('',*,*,#1980,.F.);
#2684=ORIENTED_EDGE('',*,*,#1985,.T.);
#2685=ORIENTED_EDGE('',*,*,#1986,.T.);
#2686=ORIENTED_EDGE('',*,*,#1987,.T.);
#2687=ORIENTED_EDGE('',*,*,#1983,.F.);
#2688=ORIENTED_EDGE('',*,*,#1988,.T.);
#2689=ORIENTED_EDGE('',*,*,#1989,.T.);
#2690=ORIENTED_EDGE('',*,*,#1990,.T.);
#2691=ORIENTED_EDGE('',*,*,#1986,.F.);
#2692=ORIENTED_EDGE('',*,*,#1991,.T.);
#2693=ORIENTED_EDGE('',*,*,#1992,.T.);
#2694=ORIENTED_EDGE('',*,*,#1993,.T.);
#2695=ORIENTED_EDGE('',*,*,#1989,.F.);
#2696=ORIENTED_EDGE('',*,*,#1994,.T.);
#2697=ORIENTED_EDGE('',*,*,#1995,.T.);
#2698=ORIENTED_EDGE('',*,*,#1996,.T.);
#2699=ORIENTED_EDGE('',*,*,#1992,.F.);
#2700=ORIENTED_EDGE('',*,*,#1997,.T.);
#2701=ORIENTED_EDGE('',*,*,#1998,.T.);
#2702=ORIENTED_EDGE('',*,*,#1999,.T.);
#2703=ORIENTED_EDGE('',*,*,#1995,.F.);
#2704=ORIENTED_EDGE('',*,*,#2000,.T.);
#2705=ORIENTED_EDGE('',*,*,#2001,.T.);
#2706=ORIENTED_EDGE('',*,*,#2002,.T.);
#2707=ORIENTED_EDGE('',*,*,#1998,.F.);
#2708=ORIENTED_EDGE('',*,*,#2003,.T.);
#2709=ORIENTED_EDGE('',*,*,#2004,.T.);
#2710=ORIENTED_EDGE('',*,*,#2005,.T.);
#2711=ORIENTED_EDGE('',*,*,#2001,.F.);
#2712=ORIENTED_EDGE('',*,*,#2006,.T.);
#2713=ORIENTED_EDGE('',*,*,#2007,.T.);
#2714=ORIENTED_EDGE('',*,*,#2008,.T.);
#2715=ORIENTED_EDGE('',*,*,#2004,.F.);
#2716=ORIENTED_EDGE('',*,*,#2009,.T.);
#2717=ORIENTED_EDGE('',*,*,#2010,.T.);
#2718=ORIENTED_EDGE('',*,*,#2011,.T.);
#2719=ORIENTED_EDGE('',*,*,#2007,.F.);
#2720=ORIENTED_EDGE('',*,*,#2012,.T.);
#2721=ORIENTED_EDGE('',*,*,#2013,.T.);
#2722=ORIENTED_EDGE('',*,*,#2014,.T.);
#2723=ORIENTED_EDGE('',*,*,#2010,.F.);
#2724=ORIENTED_EDGE('',*,*,#2015,.T.);
#2725=ORIENTED_EDGE('',*,*,#2016,.T.);
#2726=ORIENTED_EDGE('',*,*,#2017,.T.);
#2727=ORIENTED_EDGE('',*,*,#2013,.F.);
#2728=ORIENTED_EDGE('',*,*,#2018,.T.);
#2729=ORIENTED_EDGE('',*,*,#2019,.T.);
#2730=ORIENTED_EDGE('',*,*,#2020,.T.);
#2731=ORIENTED_EDGE('',*,*,#2016,.F.);
#2732=ORIENTED_EDGE('',*,*,#2021,.T.);
#2733=ORIENTED_EDGE('',*,*,#2022,.T.);
#2734=ORIENTED_EDGE('',*,*,#2023,.T.);
#2735=ORIENTED_EDGE('',*,*,#2019,.F.);
#2736=ORIENTED_EDGE('',*,*,#2024,.T.);
#2737=ORIENTED_EDGE('',*,*,#2025,.T.);
#2738=ORIENTED_EDGE('',*,*,#2026,.T.);
#2739=ORIENTED_EDGE('',*,*,#2022,.F.);
#2740=ORIENTED_EDGE('',*,*,#2027,.T.);
#2741=ORIENTED_EDGE('',*,*,#2028,.T.);
#2742=ORIENTED_EDGE('',*,*,#2029,.T.);
#2743=ORIENTED_EDGE('',*,*,#2025,.F.);
#2744=ORIENTED_EDGE('',*,*,#2030,.T.);
#2745=ORIENTED_EDGE('',*,*,#2031,.T.);
#2746=ORIENTED_EDGE('',*,*,#2032,.T.);
#2747=ORIENTED_EDGE('',*,*,#2028,.F.);
#2748=ORIENTED_EDGE('',*,*,#2033,.T.);
#2749=ORIENTED_EDGE('',*,*,#2034,.T.);
#2750=ORIENTED_EDGE('',*,*,#2035,.T.);
#2751=ORIENTED_EDGE('',*,*,#2031,.F.);
#2752=ORIENTED_EDGE('',*,*,#2036,.T.);
#2753=ORIENTED_EDGE('',*,*,#2037,.T.);
#2754=ORIENTED_EDGE('',*,*,#2038,.T.);
#2755=ORIENTED_EDGE('',*,*,#2034,.F.);
#2756=ORIENTED_EDGE('',*,*,#2039,.T.);
#2757=ORIENTED_EDGE('',*,*,#2040,.T.);
#2758=ORIENTED_EDGE('',*,*,#2041,.T.);
#2759=ORIENTED_EDGE('',*,*,#2037,.F.);
#2760=ORIENTED_EDGE('',*,*,#2042,.T.);
#2761=ORIENTED_EDGE('',*,*,#2043,.T.);
#2762=ORIENTED_EDGE('',*,*,#2044,.T.);
#2763=ORIENTED_EDGE('',*,*,#2040,.F.);
#2764=ORIENTED_EDGE('',*,*,#2045,.T.);
#2765=ORIENTED_EDGE('',*,*,#2046,.T.);
#2766=ORIENTED_EDGE('',*,*,#2047,.T.);
#2767=ORIENTED_EDGE('',*,*,#2043,.F.);
#2768=ORIENTED_EDGE('',*,*,#2048,.T.);
#2769=ORIENTED_EDGE('',*,*,#2049,.T.);
#2770=ORIENTED_EDGE('',*,*,#2050,.T.);
#2771=ORIENTED_EDGE('',*,*,#2046,.F.);
#2772=ORIENTED_EDGE('',*,*,#2051,.T.);
#2773=ORIENTED_EDGE('',*,*,#2052,.T.);
#2774=ORIENTED_EDGE('',*,*,#2053,.T.);
#2775=ORIENTED_EDGE('',*,*,#2049,.F.);
#2776=ORIENTED_EDGE('',*,*,#2054,.T.);
#2777=ORIENTED_EDGE('',*,*,#2055,.T.);
#2778=ORIENTED_EDGE('',*,*,#2056,.T.);
#2779=ORIENTED_EDGE('',*,*,#2052,.F.);
#2780=ORIENTED_EDGE('',*,*,#2057,.T.);
#2781=ORIENTED_EDGE('',*,*,#1940,.F.);
#2782=ORIENTED_EDGE('',*,*,#2058,.T.);
#2783=ORIENTED_EDGE('',*,*,#2055,.F.);
#2784=ORIENTED_EDGE('',*,*,#2059,.T.);
#2785=ORIENTED_EDGE('',*,*,#2005,.F.);
#2786=ORIENTED_EDGE('',*,*,#2060,.F.);
#2787=ORIENTED_EDGE('',*,*,#1911,.F.);
#2788=ORIENTED_EDGE('',*,*,#2061,.F.);
#2789=ORIENTED_EDGE('',*,*,#2008,.F.);
#2790=ORIENTED_EDGE('',*,*,#2062,.T.);
#2791=ORIENTED_EDGE('',*,*,#1912,.F.);
#2792=ORIENTED_EDGE('',*,*,#2060,.T.);
#2793=ORIENTED_EDGE('',*,*,#2011,.F.);
#2794=ORIENTED_EDGE('',*,*,#2063,.F.);
#2795=ORIENTED_EDGE('',*,*,#1913,.F.);
#2796=ORIENTED_EDGE('',*,*,#2062,.F.);
#2797=ORIENTED_EDGE('',*,*,#2014,.F.);
#2798=ORIENTED_EDGE('',*,*,#2064,.T.);
#2799=ORIENTED_EDGE('',*,*,#1914,.F.);
#2800=ORIENTED_EDGE('',*,*,#2063,.T.);
#2801=ORIENTED_EDGE('',*,*,#2017,.F.);
#2802=ORIENTED_EDGE('',*,*,#2065,.F.);
#2803=ORIENTED_EDGE('',*,*,#1915,.F.);
#2804=ORIENTED_EDGE('',*,*,#2064,.F.);
#2805=ORIENTED_EDGE('',*,*,#2020,.F.);
#2806=ORIENTED_EDGE('',*,*,#2066,.T.);
#2807=ORIENTED_EDGE('',*,*,#1916,.F.);
#2808=ORIENTED_EDGE('',*,*,#2065,.T.);
#2809=ORIENTED_EDGE('',*,*,#2023,.F.);
#2810=ORIENTED_EDGE('',*,*,#2067,.F.);
#2811=ORIENTED_EDGE('',*,*,#1917,.F.);
#2812=ORIENTED_EDGE('',*,*,#2066,.F.);
#2813=ORIENTED_EDGE('',*,*,#2026,.F.);
#2814=ORIENTED_EDGE('',*,*,#2068,.T.);
#2815=ORIENTED_EDGE('',*,*,#1918,.F.);
#2816=ORIENTED_EDGE('',*,*,#2067,.T.);
#2817=ORIENTED_EDGE('',*,*,#2029,.F.);
#2818=ORIENTED_EDGE('',*,*,#2069,.F.);
#2819=ORIENTED_EDGE('',*,*,#1919,.F.);
#2820=ORIENTED_EDGE('',*,*,#2068,.F.);
#2821=ORIENTED_EDGE('',*,*,#2032,.F.);
#2822=ORIENTED_EDGE('',*,*,#2070,.T.);
#2823=ORIENTED_EDGE('',*,*,#1920,.F.);
#2824=ORIENTED_EDGE('',*,*,#2069,.T.);
#2825=ORIENTED_EDGE('',*,*,#2035,.F.);
#2826=ORIENTED_EDGE('',*,*,#2071,.F.);
#2827=ORIENTED_EDGE('',*,*,#1921,.F.);
#2828=ORIENTED_EDGE('',*,*,#2070,.F.);
#2829=ORIENTED_EDGE('',*,*,#2038,.F.);
#2830=ORIENTED_EDGE('',*,*,#2072,.T.);
#2831=ORIENTED_EDGE('',*,*,#1922,.F.);
#2832=ORIENTED_EDGE('',*,*,#2071,.T.);
#2833=ORIENTED_EDGE('',*,*,#2041,.F.);
#2834=ORIENTED_EDGE('',*,*,#2073,.F.);
#2835=ORIENTED_EDGE('',*,*,#1923,.F.);
#2836=ORIENTED_EDGE('',*,*,#2072,.F.);
#2837=ORIENTED_EDGE('',*,*,#2044,.F.);
#2838=ORIENTED_EDGE('',*,*,#2074,.T.);
#2839=ORIENTED_EDGE('',*,*,#1924,.F.);
#2840=ORIENTED_EDGE('',*,*,#2073,.T.);
#2841=ORIENTED_EDGE('',*,*,#2047,.F.);
#2842=ORIENTED_EDGE('',*,*,#2075,.T.);
#2843=ORIENTED_EDGE('',*,*,#1925,.F.);
#2844=ORIENTED_EDGE('',*,*,#2074,.F.);
#2845=ORIENTED_EDGE('',*,*,#2050,.F.);
#2846=ORIENTED_EDGE('',*,*,#2076,.T.);
#2847=ORIENTED_EDGE('',*,*,#1926,.F.);
#2848=ORIENTED_EDGE('',*,*,#2075,.F.);
#2849=ORIENTED_EDGE('',*,*,#2053,.F.);
#2850=ORIENTED_EDGE('',*,*,#2077,.T.);
#2851=ORIENTED_EDGE('',*,*,#1927,.F.);
#2852=ORIENTED_EDGE('',*,*,#2076,.F.);
#2853=ORIENTED_EDGE('',*,*,#2056,.F.);
#2854=ORIENTED_EDGE('',*,*,#2078,.T.);
#2855=ORIENTED_EDGE('',*,*,#1928,.F.);
#2856=ORIENTED_EDGE('',*,*,#2077,.F.);
#2857=ORIENTED_EDGE('',*,*,#2058,.F.);
#2858=ORIENTED_EDGE('',*,*,#2079,.F.);
#2859=ORIENTED_EDGE('',*,*,#1929,.F.);
#2860=ORIENTED_EDGE('',*,*,#2078,.F.);
#2861=ORIENTED_EDGE('',*,*,#1943,.F.);
#2862=ORIENTED_EDGE('',*,*,#2080,.T.);
#2863=ORIENTED_EDGE('',*,*,#1930,.F.);
#2864=ORIENTED_EDGE('',*,*,#2079,.T.);
#2865=ORIENTED_EDGE('',*,*,#1941,.F.);
#2866=ORIENTED_EDGE('',*,*,#2059,.F.);
#2867=ORIENTED_EDGE('',*,*,#2057,.F.);
#2868=ORIENTED_EDGE('',*,*,#2054,.F.);
#2869=ORIENTED_EDGE('',*,*,#2051,.F.);
#2870=ORIENTED_EDGE('',*,*,#2048,.F.);
#2871=ORIENTED_EDGE('',*,*,#2045,.F.);
#2872=ORIENTED_EDGE('',*,*,#2042,.F.);
#2873=ORIENTED_EDGE('',*,*,#2039,.F.);
#2874=ORIENTED_EDGE('',*,*,#2036,.F.);
#2875=ORIENTED_EDGE('',*,*,#2033,.F.);
#2876=ORIENTED_EDGE('',*,*,#2030,.F.);
#2877=ORIENTED_EDGE('',*,*,#2027,.F.);
#2878=ORIENTED_EDGE('',*,*,#2024,.F.);
#2879=ORIENTED_EDGE('',*,*,#2021,.F.);
#2880=ORIENTED_EDGE('',*,*,#2018,.F.);
#2881=ORIENTED_EDGE('',*,*,#2015,.F.);
#2882=ORIENTED_EDGE('',*,*,#2012,.F.);
#2883=ORIENTED_EDGE('',*,*,#2009,.F.);
#2884=ORIENTED_EDGE('',*,*,#2006,.F.);
#2885=ORIENTED_EDGE('',*,*,#2003,.F.);
#2886=ORIENTED_EDGE('',*,*,#2000,.F.);
#2887=ORIENTED_EDGE('',*,*,#1997,.F.);
#2888=ORIENTED_EDGE('',*,*,#1994,.F.);
#2889=ORIENTED_EDGE('',*,*,#1991,.F.);
#2890=ORIENTED_EDGE('',*,*,#1988,.F.);
#2891=ORIENTED_EDGE('',*,*,#1985,.F.);
#2892=ORIENTED_EDGE('',*,*,#1982,.F.);
#2893=ORIENTED_EDGE('',*,*,#1979,.F.);
#2894=ORIENTED_EDGE('',*,*,#1976,.F.);
#2895=ORIENTED_EDGE('',*,*,#1973,.F.);
#2896=ORIENTED_EDGE('',*,*,#1970,.F.);
#2897=ORIENTED_EDGE('',*,*,#1967,.F.);
#2898=ORIENTED_EDGE('',*,*,#1964,.F.);
#2899=ORIENTED_EDGE('',*,*,#1961,.F.);
#2900=ORIENTED_EDGE('',*,*,#1958,.F.);
#2901=ORIENTED_EDGE('',*,*,#1955,.F.);
#2902=ORIENTED_EDGE('',*,*,#1952,.F.);
#2903=ORIENTED_EDGE('',*,*,#1949,.F.);
#2904=ORIENTED_EDGE('',*,*,#1946,.F.);
#2905=ORIENTED_EDGE('',*,*,#1744,.T.);
#2906=ORIENTED_EDGE('',*,*,#1745,.T.);
#2907=ORIENTED_EDGE('',*,*,#1735,.T.);
#2908=ORIENTED_EDGE('',*,*,#1736,.T.);
#2909=ORIENTED_EDGE('',*,*,#1738,.T.);
#2910=ORIENTED_EDGE('',*,*,#1739,.T.);
#2911=ORIENTED_EDGE('',*,*,#1732,.T.);
#2912=ORIENTED_EDGE('',*,*,#1733,.T.);
#2913=ORIENTED_EDGE('',*,*,#1741,.T.);
#2914=ORIENTED_EDGE('',*,*,#1742,.T.);
#2915=ORIENTED_EDGE('',*,*,#1676,.T.);
#2916=ORIENTED_EDGE('',*,*,#2081,.F.);
#2917=ORIENTED_EDGE('',*,*,#2082,.T.);
#2918=ORIENTED_EDGE('',*,*,#1692,.T.);
#2919=ORIENTED_EDGE('',*,*,#2082,.F.);
#2920=ORIENTED_EDGE('',*,*,#2083,.F.);
#2921=ORIENTED_EDGE('',*,*,#2084,.F.);
#2922=ORIENTED_EDGE('',*,*,#1693,.T.);
#2923=ORIENTED_EDGE('',*,*,#2084,.T.);
#2924=ORIENTED_EDGE('',*,*,#2085,.F.);
#2925=ORIENTED_EDGE('',*,*,#2086,.T.);
#2926=ORIENTED_EDGE('',*,*,#1694,.T.);
#2927=ORIENTED_EDGE('',*,*,#2086,.F.);
#2928=ORIENTED_EDGE('',*,*,#2087,.F.);
#2929=ORIENTED_EDGE('',*,*,#2088,.F.);
#2930=ORIENTED_EDGE('',*,*,#1695,.T.);
#2931=ORIENTED_EDGE('',*,*,#2088,.T.);
#2932=ORIENTED_EDGE('',*,*,#2089,.F.);
#2933=ORIENTED_EDGE('',*,*,#2090,.T.);
#2934=ORIENTED_EDGE('',*,*,#1696,.T.);
#2935=ORIENTED_EDGE('',*,*,#2090,.F.);
#2936=ORIENTED_EDGE('',*,*,#2091,.F.);
#2937=ORIENTED_EDGE('',*,*,#2092,.F.);
#2938=ORIENTED_EDGE('',*,*,#1697,.T.);
#2939=ORIENTED_EDGE('',*,*,#2093,.T.);
#2940=ORIENTED_EDGE('',*,*,#2094,.F.);
#2941=ORIENTED_EDGE('',*,*,#2095,.T.);
#2942=ORIENTED_EDGE('',*,*,#1710,.T.);
#2943=ORIENTED_EDGE('',*,*,#2093,.F.);
#2944=ORIENTED_EDGE('',*,*,#1709,.T.);
#2945=ORIENTED_EDGE('',*,*,#2096,.F.);
#2946=ORIENTED_EDGE('',*,*,#2097,.F.);
#2947=ORIENTED_EDGE('',*,*,#2095,.F.);
#2948=ORIENTED_EDGE('',*,*,#2098,.F.);
#2949=ORIENTED_EDGE('',*,*,#2099,.F.);
#2950=ORIENTED_EDGE('',*,*,#1711,.T.);
#2951=ORIENTED_EDGE('',*,*,#2099,.T.);
#2952=ORIENTED_EDGE('',*,*,#2100,.F.);
#2953=ORIENTED_EDGE('',*,*,#2101,.T.);
#2954=ORIENTED_EDGE('',*,*,#1712,.T.);
#2955=ORIENTED_EDGE('',*,*,#2101,.F.);
#2956=ORIENTED_EDGE('',*,*,#2102,.F.);
#2957=ORIENTED_EDGE('',*,*,#1679,.F.);
#2958=ORIENTED_EDGE('',*,*,#1713,.T.);
#2959=ORIENTED_EDGE('',*,*,#1662,.T.);
#2960=ORIENTED_EDGE('',*,*,#2103,.F.);
#2961=ORIENTED_EDGE('',*,*,#1773,.T.);
#2962=ORIENTED_EDGE('',*,*,#1684,.T.);
#2963=ORIENTED_EDGE('',*,*,#2092,.T.);
#2964=ORIENTED_EDGE('',*,*,#2104,.F.);
#2965=ORIENTED_EDGE('',*,*,#1728,.T.);
#2966=ORIENTED_EDGE('',*,*,#1698,.T.);
#2967=ORIENTED_EDGE('',*,*,#1731,.T.);
#2968=ORIENTED_EDGE('',*,*,#2105,.F.);
#2969=ORIENTED_EDGE('',*,*,#2096,.T.);
#2970=ORIENTED_EDGE('',*,*,#1708,.T.);
#2971=ORIENTED_EDGE('',*,*,#1770,.T.);
#2972=ORIENTED_EDGE('',*,*,#1688,.T.);
#2973=ORIENTED_EDGE('',*,*,#1779,.T.);
#2974=ORIENTED_EDGE('',*,*,#2106,.F.);
#2975=ORIENTED_EDGE('',*,*,#1716,.T.);
#2976=ORIENTED_EDGE('',*,*,#2107,.F.);
#2977=ORIENTED_EDGE('',*,*,#1721,.T.);
#2978=ORIENTED_EDGE('',*,*,#1703,.T.);
#2979=ORIENTED_EDGE('',*,*,#1780,.T.);
#2980=ORIENTED_EDGE('',*,*,#1784,.T.);
#2981=ORIENTED_EDGE('',*,*,#1787,.T.);
#2982=ORIENTED_EDGE('',*,*,#1790,.T.);
#2983=ORIENTED_EDGE('',*,*,#1793,.T.);
#2984=ORIENTED_EDGE('',*,*,#1796,.T.);
#2985=ORIENTED_EDGE('',*,*,#1799,.T.);
#2986=ORIENTED_EDGE('',*,*,#1802,.T.);
#2987=ORIENTED_EDGE('',*,*,#1805,.T.);
#2988=ORIENTED_EDGE('',*,*,#1808,.T.);
#2989=ORIENTED_EDGE('',*,*,#1811,.T.);
#2990=ORIENTED_EDGE('',*,*,#1814,.T.);
#2991=ORIENTED_EDGE('',*,*,#1817,.T.);
#2992=ORIENTED_EDGE('',*,*,#1820,.T.);
#2993=ORIENTED_EDGE('',*,*,#1823,.T.);
#2994=ORIENTED_EDGE('',*,*,#1826,.T.);
#2995=ORIENTED_EDGE('',*,*,#1829,.T.);
#2996=ORIENTED_EDGE('',*,*,#1832,.T.);
#2997=ORIENTED_EDGE('',*,*,#1835,.T.);
#2998=ORIENTED_EDGE('',*,*,#1838,.T.);
#2999=ORIENTED_EDGE('',*,*,#1841,.T.);
#3000=ORIENTED_EDGE('',*,*,#1844,.T.);
#3001=ORIENTED_EDGE('',*,*,#1847,.T.);
#3002=ORIENTED_EDGE('',*,*,#1850,.T.);
#3003=ORIENTED_EDGE('',*,*,#1853,.T.);
#3004=ORIENTED_EDGE('',*,*,#1856,.T.);
#3005=ORIENTED_EDGE('',*,*,#1859,.T.);
#3006=ORIENTED_EDGE('',*,*,#1862,.T.);
#3007=ORIENTED_EDGE('',*,*,#1865,.T.);
#3008=ORIENTED_EDGE('',*,*,#1868,.T.);
#3009=ORIENTED_EDGE('',*,*,#1871,.T.);
#3010=ORIENTED_EDGE('',*,*,#1874,.T.);
#3011=ORIENTED_EDGE('',*,*,#1877,.T.);
#3012=ORIENTED_EDGE('',*,*,#1880,.T.);
#3013=ORIENTED_EDGE('',*,*,#1883,.T.);
#3014=ORIENTED_EDGE('',*,*,#1886,.T.);
#3015=ORIENTED_EDGE('',*,*,#1889,.T.);
#3016=ORIENTED_EDGE('',*,*,#1892,.T.);
#3017=ORIENTED_EDGE('',*,*,#1895,.T.);
#3018=ORIENTED_EDGE('',*,*,#1898,.T.);
#3019=ORIENTED_EDGE('',*,*,#1680,.T.);
#3020=ORIENTED_EDGE('',*,*,#2102,.T.);
#3021=ORIENTED_EDGE('',*,*,#2100,.T.);
#3022=ORIENTED_EDGE('',*,*,#2098,.T.);
#3023=ORIENTED_EDGE('',*,*,#2094,.T.);
#3024=ORIENTED_EDGE('',*,*,#2097,.T.);
#3025=ORIENTED_EDGE('',*,*,#2105,.T.);
#3026=ORIENTED_EDGE('',*,*,#1730,.T.);
#3027=ORIENTED_EDGE('',*,*,#1726,.T.);
#3028=ORIENTED_EDGE('',*,*,#1724,.T.);
#3029=ORIENTED_EDGE('',*,*,#1722,.T.);
#3030=ORIENTED_EDGE('',*,*,#2107,.T.);
#3031=ORIENTED_EDGE('',*,*,#1715,.T.);
#3032=ORIENTED_EDGE('',*,*,#1718,.T.);
#3033=ORIENTED_EDGE('',*,*,#1720,.T.);
#3034=ORIENTED_EDGE('',*,*,#1729,.T.);
#3035=ORIENTED_EDGE('',*,*,#2104,.T.);
#3036=ORIENTED_EDGE('',*,*,#2091,.T.);
#3037=ORIENTED_EDGE('',*,*,#2089,.T.);
#3038=ORIENTED_EDGE('',*,*,#2087,.T.);
#3039=ORIENTED_EDGE('',*,*,#2085,.T.);
#3040=ORIENTED_EDGE('',*,*,#2083,.T.);
#3041=ORIENTED_EDGE('',*,*,#2081,.T.);
#3042=ORIENTED_EDGE('',*,*,#1675,.F.);
#3043=ORIENTED_EDGE('',*,*,#1672,.F.);
#3044=ORIENTED_EDGE('',*,*,#1668,.F.);
#3045=ORIENTED_EDGE('',*,*,#1664,.F.);
#3046=ORIENTED_EDGE('',*,*,#1666,.F.);
#3047=ORIENTED_EDGE('',*,*,#1747,.T.);
#3048=ORIENTED_EDGE('',*,*,#1748,.T.);
#3049=ORIENTED_EDGE('',*,*,#1752,.T.);
#3050=ORIENTED_EDGE('',*,*,#1753,.T.);
#3051=ORIENTED_EDGE('',*,*,#1757,.T.);
#3052=ORIENTED_EDGE('',*,*,#1758,.T.);
#3053=ORIENTED_EDGE('',*,*,#1762,.T.);
#3054=ORIENTED_EDGE('',*,*,#1763,.T.);
#3055=ORIENTED_EDGE('',*,*,#1661,.F.);
#3056=ORIENTED_EDGE('',*,*,#1658,.F.);
#3057=ORIENTED_EDGE('',*,*,#1654,.F.);
#3058=ORIENTED_EDGE('',*,*,#1683,.T.);
#3059=ORIENTED_EDGE('',*,*,#1772,.T.);
#3060=ORIENTED_EDGE('',*,*,#1768,.T.);
#3061=ORIENTED_EDGE('',*,*,#1771,.T.);
#3062=ORIENTED_EDGE('',*,*,#2106,.T.);
#3063=ORIENTED_EDGE('',*,*,#1778,.T.);
#3064=ORIENTED_EDGE('',*,*,#1776,.T.);
#3065=ORIENTED_EDGE('',*,*,#1774,.T.);
#3066=ORIENTED_EDGE('',*,*,#2103,.T.);
#3067=ORIENTED_EDGE('',*,*,#2002,.F.);
#3068=ORIENTED_EDGE('',*,*,#2061,.T.);
#3069=ORIENTED_EDGE('',*,*,#1910,.F.);
#3070=ORIENTED_EDGE('',*,*,#2108,.T.);
#3071=ORIENTED_EDGE('',*,*,#1999,.F.);
#3072=ORIENTED_EDGE('',*,*,#2108,.F.);
#3073=ORIENTED_EDGE('',*,*,#1909,.F.);
#3074=ORIENTED_EDGE('',*,*,#2109,.F.);
#3075=ORIENTED_EDGE('',*,*,#1984,.F.);
#3076=ORIENTED_EDGE('',*,*,#2110,.T.);
#3077=ORIENTED_EDGE('',*,*,#1904,.F.);
#3078=ORIENTED_EDGE('',*,*,#2111,.T.);
#3079=ORIENTED_EDGE('',*,*,#1981,.F.);
#3080=ORIENTED_EDGE('',*,*,#2111,.F.);
#3081=ORIENTED_EDGE('',*,*,#1903,.F.);
#3082=ORIENTED_EDGE('',*,*,#2112,.F.);
#3083=ORIENTED_EDGE('',*,*,#1978,.F.);
#3084=ORIENTED_EDGE('',*,*,#2112,.T.);
#3085=ORIENTED_EDGE('',*,*,#1902,.F.);
#3086=ORIENTED_EDGE('',*,*,#2113,.T.);
#3087=ORIENTED_EDGE('',*,*,#1975,.F.);
#3088=ORIENTED_EDGE('',*,*,#2113,.F.);
#3089=ORIENTED_EDGE('',*,*,#1901,.F.);
#3090=ORIENTED_EDGE('',*,*,#2114,.F.);
#3091=ORIENTED_EDGE('',*,*,#1972,.F.);
#3092=ORIENTED_EDGE('',*,*,#2114,.T.);
#3093=ORIENTED_EDGE('',*,*,#1900,.F.);
#3094=ORIENTED_EDGE('',*,*,#2115,.T.);
#3095=ORIENTED_EDGE('',*,*,#1969,.F.);
#3096=ORIENTED_EDGE('',*,*,#2115,.F.);
#3097=ORIENTED_EDGE('',*,*,#1939,.F.);
#3098=ORIENTED_EDGE('',*,*,#2116,.F.);
#3099=ORIENTED_EDGE('',*,*,#1966,.F.);
#3100=ORIENTED_EDGE('',*,*,#2116,.T.);
#3101=ORIENTED_EDGE('',*,*,#1938,.F.);
#3102=ORIENTED_EDGE('',*,*,#2117,.T.);
#3103=ORIENTED_EDGE('',*,*,#1963,.F.);
#3104=ORIENTED_EDGE('',*,*,#2117,.F.);
#3105=ORIENTED_EDGE('',*,*,#1937,.F.);
#3106=ORIENTED_EDGE('',*,*,#2118,.F.);
#3107=ORIENTED_EDGE('',*,*,#1960,.F.);
#3108=ORIENTED_EDGE('',*,*,#2118,.T.);
#3109=ORIENTED_EDGE('',*,*,#1936,.F.);
#3110=ORIENTED_EDGE('',*,*,#2119,.T.);
#3111=ORIENTED_EDGE('',*,*,#1957,.F.);
#3112=ORIENTED_EDGE('',*,*,#2119,.F.);
#3113=ORIENTED_EDGE('',*,*,#1935,.F.);
#3114=ORIENTED_EDGE('',*,*,#2120,.F.);
#3115=ORIENTED_EDGE('',*,*,#1954,.F.);
#3116=ORIENTED_EDGE('',*,*,#2120,.T.);
#3117=ORIENTED_EDGE('',*,*,#1934,.F.);
#3118=ORIENTED_EDGE('',*,*,#2121,.T.);
#3119=ORIENTED_EDGE('',*,*,#1951,.F.);
#3120=ORIENTED_EDGE('',*,*,#2121,.F.);
#3121=ORIENTED_EDGE('',*,*,#1933,.F.);
#3122=ORIENTED_EDGE('',*,*,#2122,.F.);
#3123=ORIENTED_EDGE('',*,*,#1948,.F.);
#3124=ORIENTED_EDGE('',*,*,#2122,.T.);
#3125=ORIENTED_EDGE('',*,*,#1932,.F.);
#3126=ORIENTED_EDGE('',*,*,#2123,.T.);
#3127=ORIENTED_EDGE('',*,*,#1945,.F.);
#3128=ORIENTED_EDGE('',*,*,#2123,.F.);
#3129=ORIENTED_EDGE('',*,*,#1931,.F.);
#3130=ORIENTED_EDGE('',*,*,#2080,.F.);
#3131=ORIENTED_EDGE('',*,*,#1987,.F.);
#3132=ORIENTED_EDGE('',*,*,#2124,.T.);
#3133=ORIENTED_EDGE('',*,*,#1905,.F.);
#3134=ORIENTED_EDGE('',*,*,#2110,.F.);
#3135=ORIENTED_EDGE('',*,*,#1990,.F.);
#3136=ORIENTED_EDGE('',*,*,#2125,.T.);
#3137=ORIENTED_EDGE('',*,*,#1906,.F.);
#3138=ORIENTED_EDGE('',*,*,#2124,.F.);
#3139=ORIENTED_EDGE('',*,*,#1996,.F.);
#3140=ORIENTED_EDGE('',*,*,#2109,.T.);
#3141=ORIENTED_EDGE('',*,*,#1908,.F.);
#3142=ORIENTED_EDGE('',*,*,#2126,.F.);
#3143=ORIENTED_EDGE('',*,*,#1993,.F.);
#3144=ORIENTED_EDGE('',*,*,#2126,.T.);
#3145=ORIENTED_EDGE('',*,*,#1907,.F.);
#3146=ORIENTED_EDGE('',*,*,#2125,.F.);
#3147=CYLINDRICAL_SURFACE('',#3457,3.5);
#3148=CYLINDRICAL_SURFACE('',#3465,3.5);
#3149=CYLINDRICAL_SURFACE('',#3473,3.5);
#3150=CYLINDRICAL_SURFACE('',#3481,3.50000000000001);
#3151=CYLINDRICAL_SURFACE('',#3489,3.5);
#3152=CYLINDRICAL_SURFACE('',#3501,7.5);
#3153=CYLINDRICAL_SURFACE('',#3505,7.5);
#3154=CYLINDRICAL_SURFACE('',#3508,2.1);
#3155=CYLINDRICAL_SURFACE('',#3510,2.1);
#3156=CYLINDRICAL_SURFACE('',#3512,7.5);
#3157=CYLINDRICAL_SURFACE('',#3516,7.5);
#3158=CYLINDRICAL_SURFACE('',#3519,10.5);
#3159=CYLINDRICAL_SURFACE('',#3537,7.);
#3160=CYLINDRICAL_SURFACE('',#3541,7.);
#3161=CYLINDRICAL_SURFACE('',#3546,2.);
#3162=CYLINDRICAL_SURFACE('',#3549,2.);
#3163=CYLINDRICAL_SURFACE('',#3552,2.);
#3164=CYLINDRICAL_SURFACE('',#3555,2.);
#3165=CYLINDRICAL_SURFACE('',#3558,2.);
#3166=CYLINDRICAL_SURFACE('',#3561,2.10000000000001);
#3167=CYLINDRICAL_SURFACE('',#3567,2.1);
#3168=CYLINDRICAL_SURFACE('',#3573,2.1);
#3169=CYLINDRICAL_SURFACE('',#3579,2.1);
#3170=CYLINDRICAL_SURFACE('',#3585,6.5);
#3171=CYLINDRICAL_SURFACE('',#3590,6.5);
#3172=CYLINDRICAL_SURFACE('',#3593,1.75);
#3173=CYLINDRICAL_SURFACE('',#3597,1.75);
#3174=CYLINDRICAL_SURFACE('',#3600,8.75);
#3175=CYLINDRICAL_SURFACE('',#3603,1.75);
#3176=CYLINDRICAL_SURFACE('',#3607,3.75);
#3177=CYLINDRICAL_SURFACE('',#3611,3.75);
#3178=CYLINDRICAL_SURFACE('',#3615,1.75);
#3179=CYLINDRICAL_SURFACE('',#3618,8.75);
#3180=CYLINDRICAL_SURFACE('',#3621,1.75);
#3181=CYLINDRICAL_SURFACE('',#3625,1.75);
#3182=CYLINDRICAL_SURFACE('',#3628,8.75);
#3183=CYLINDRICAL_SURFACE('',#3631,1.75);
#3184=CYLINDRICAL_SURFACE('',#3635,1.75);
#3185=CYLINDRICAL_SURFACE('',#3638,8.75);
#3186=CYLINDRICAL_SURFACE('',#3641,1.75);
#3187=CYLINDRICAL_SURFACE('',#3645,1.75);
#3188=CYLINDRICAL_SURFACE('',#3648,8.75);
#3189=CYLINDRICAL_SURFACE('',#3651,1.75);
#3190=CYLINDRICAL_SURFACE('',#3655,3.74999999999999);
#3191=CYLINDRICAL_SURFACE('',#3659,3.74999999999997);
#3192=CYLINDRICAL_SURFACE('',#3663,1.75);
#3193=CYLINDRICAL_SURFACE('',#3666,8.75);
#3194=CYLINDRICAL_SURFACE('',#3669,1.75);
#3195=CYLINDRICAL_SURFACE('',#3673,1.75);
#3196=CYLINDRICAL_SURFACE('',#3676,8.75);
#3197=CYLINDRICAL_SURFACE('',#3679,1.75);
#3198=CYLINDRICAL_SURFACE('',#3683,1.75);
#3199=CYLINDRICAL_SURFACE('',#3686,8.75);
#3200=CYLINDRICAL_SURFACE('',#3731,1.);
#3201=CYLINDRICAL_SURFACE('',#3745,1.);
#3202=CYLINDRICAL_SURFACE('',#3759,1.);
#3203=CYLINDRICAL_SURFACE('',#3773,1.);
#3204=CYLINDRICAL_SURFACE('',#3779,1.);
#3205=CYLINDRICAL_SURFACE('',#3785,1.);
#3206=CYLINDRICAL_SURFACE('',#3799,1.);
#3207=CYLINDRICAL_SURFACE('',#3813,1.);
#3208=CYLINDRICAL_SURFACE('',#3827,1.);
#3209=CYLINDRICAL_SURFACE('',#3841,1.);
#3210=CYLINDRICAL_SURFACE('',#3847,1.);
#3211=CYLINDRICAL_SURFACE('',#3853,1.);
#3212=CYLINDRICAL_SURFACE('',#3854,7.5);
#3213=CYLINDRICAL_SURFACE('',#3855,3.);
#3214=CYLINDRICAL_SURFACE('',#3857,3.);
#3215=CYLINDRICAL_SURFACE('',#3858,7.5);
#3216=CYLINDRICAL_SURFACE('',#3859,3.);
#3217=CYLINDRICAL_SURFACE('',#3861,3.);
#3218=CYLINDRICAL_SURFACE('',#3862,7.5);
#3219=CYLINDRICAL_SURFACE('',#3863,3.);
#3220=CYLINDRICAL_SURFACE('',#3865,3.);
#3221=CYLINDRICAL_SURFACE('',#3866,7.5);
#3222=CYLINDRICAL_SURFACE('',#3867,3.);
#3223=CYLINDRICAL_SURFACE('',#3869,4.99999999999999);
#3224=CYLINDRICAL_SURFACE('',#3871,4.99999999999997);
#3225=CYLINDRICAL_SURFACE('',#3873,3.);
#3226=CYLINDRICAL_SURFACE('',#3875,10.5);
#3227=CYLINDRICAL_SURFACE('',#3878,10.5);
#3228=CYLINDRICAL_SURFACE('',#3881,10.5);
#3229=CYLINDRICAL_SURFACE('',#3884,10.5);
#3230=CYLINDRICAL_SURFACE('',#3888,10.5);
#3231=CYLINDRICAL_SURFACE('',#3892,10.5);
#3232=CYLINDRICAL_SURFACE('',#3894,10.5);
#3233=CYLINDRICAL_SURFACE('',#3899,3.);
#3234=CYLINDRICAL_SURFACE('',#3901,3.);
#3235=CYLINDRICAL_SURFACE('',#3902,7.5);
#3236=CYLINDRICAL_SURFACE('',#3903,3.);
#3237=CYLINDRICAL_SURFACE('',#3905,3.);
#3238=CYLINDRICAL_SURFACE('',#3906,7.5);
#3239=CYLINDRICAL_SURFACE('',#3907,3.);
#3240=CYLINDRICAL_SURFACE('',#3909,3.);
#3241=CYLINDRICAL_SURFACE('',#3910,7.5);
#3242=CYLINDRICAL_SURFACE('',#3911,3.);
#3243=CYLINDRICAL_SURFACE('',#3913,3.);
#3244=CYLINDRICAL_SURFACE('',#3914,7.5);
#3245=CYLINDRICAL_SURFACE('',#3916,5.);
#3246=CYLINDRICAL_SURFACE('',#3917,5.);
#3247=ADVANCED_FACE('',(#129),#3147,.T.);
#3248=ADVANCED_FACE('',(#130,#43),#67,.T.);
#3249=ADVANCED_FACE('',(#131),#3148,.T.);
#3250=ADVANCED_FACE('',(#132,#44),#68,.T.);
#3251=ADVANCED_FACE('',(#133),#3149,.T.);
#3252=ADVANCED_FACE('',(#134,#45),#69,.T.);
#3253=ADVANCED_FACE('',(#135),#3150,.T.);
#3254=ADVANCED_FACE('',(#136,#46),#70,.T.);
#3255=ADVANCED_FACE('',(#137),#3151,.T.);
#3256=ADVANCED_FACE('',(#138,#47),#71,.T.);
#3257=ADVANCED_FACE('',(#139),#72,.T.);
#3258=ADVANCED_FACE('',(#140),#73,.T.);
#3259=ADVANCED_FACE('',(#141),#3152,.T.);
#3260=ADVANCED_FACE('',(#142),#74,.T.);
#3261=ADVANCED_FACE('',(#143),#3153,.T.);
#3262=ADVANCED_FACE('',(#144),#3154,.F.);
#3263=ADVANCED_FACE('',(#145),#3155,.F.);
#3264=ADVANCED_FACE('',(#146),#3156,.T.);
#3265=ADVANCED_FACE('',(#147),#75,.T.);
#3266=ADVANCED_FACE('',(#148),#3157,.T.);
#3267=ADVANCED_FACE('',(#149),#3158,.T.);
#3268=ADVANCED_FACE('',(#150),#76,.F.);
#3269=ADVANCED_FACE('',(#151,#48,#49,#50,#51,#52),#77,.T.);
#3270=ADVANCED_FACE('',(#152),#78,.T.);
#3271=ADVANCED_FACE('',(#153),#79,.T.);
#3272=ADVANCED_FACE('',(#154),#3159,.T.);
#3273=ADVANCED_FACE('',(#155),#80,.T.);
#3274=ADVANCED_FACE('',(#156),#81,.T.);
#3275=ADVANCED_FACE('',(#157),#3160,.T.);
#3276=ADVANCED_FACE('',(#158),#82,.T.);
#3277=ADVANCED_FACE('',(#159),#83,.F.);
#3278=ADVANCED_FACE('',(#160),#84,.F.);
#3279=ADVANCED_FACE('',(#161),#3161,.F.);
#3280=ADVANCED_FACE('',(#162),#3162,.F.);
#3281=ADVANCED_FACE('',(#163),#3163,.F.);
#3282=ADVANCED_FACE('',(#164),#3164,.F.);
#3283=ADVANCED_FACE('',(#165),#3165,.F.);
#3284=ADVANCED_FACE('',(#166),#3166,.F.);
#3285=ADVANCED_FACE('',(#167),#85,.T.);
#3286=ADVANCED_FACE('',(#168),#3167,.F.);
#3287=ADVANCED_FACE('',(#169),#86,.T.);
#3288=ADVANCED_FACE('',(#170),#3168,.F.);
#3289=ADVANCED_FACE('',(#171),#87,.T.);
#3290=ADVANCED_FACE('',(#172),#3169,.F.);
#3291=ADVANCED_FACE('',(#173),#88,.T.);
#3292=ADVANCED_FACE('',(#174),#3170,.T.);
#3293=ADVANCED_FACE('',(#175),#89,.T.);
#3294=ADVANCED_FACE('',(#176),#90,.T.);
#3295=ADVANCED_FACE('',(#177),#91,.T.);
#3296=ADVANCED_FACE('',(#178),#3171,.T.);
#3297=ADVANCED_FACE('',(#179),#92,.T.);
#3298=ADVANCED_FACE('',(#180),#3172,.F.);
#3299=ADVANCED_FACE('',(#181),#93,.T.);
#3300=ADVANCED_FACE('',(#182),#3173,.F.);
#3301=ADVANCED_FACE('',(#183),#3174,.T.);
#3302=ADVANCED_FACE('',(#184),#3175,.F.);
#3303=ADVANCED_FACE('',(#185),#94,.T.);
#3304=ADVANCED_FACE('',(#186),#3176,.F.);
#3305=ADVANCED_FACE('',(#187),#95,.T.);
#3306=ADVANCED_FACE('',(#188),#3177,.F.);
#3307=ADVANCED_FACE('',(#189),#96,.T.);
#3308=ADVANCED_FACE('',(#190),#3178,.F.);
#3309=ADVANCED_FACE('',(#191),#3179,.T.);
#3310=ADVANCED_FACE('',(#192),#3180,.F.);
#3311=ADVANCED_FACE('',(#193),#97,.T.);
#3312=ADVANCED_FACE('',(#194),#3181,.F.);
#3313=ADVANCED_FACE('',(#195),#3182,.T.);
#3314=ADVANCED_FACE('',(#196),#3183,.F.);
#3315=ADVANCED_FACE('',(#197),#98,.T.);
#3316=ADVANCED_FACE('',(#198),#3184,.F.);
#3317=ADVANCED_FACE('',(#199),#3185,.T.);
#3318=ADVANCED_FACE('',(#200),#3186,.F.);
#3319=ADVANCED_FACE('',(#201),#99,.T.);
#3320=ADVANCED_FACE('',(#202),#3187,.F.);
#3321=ADVANCED_FACE('',(#203),#3188,.T.);
#3322=ADVANCED_FACE('',(#204),#3189,.F.);
#3323=ADVANCED_FACE('',(#205),#100,.T.);
#3324=ADVANCED_FACE('',(#206),#3190,.F.);
#3325=ADVANCED_FACE('',(#207),#101,.T.);
#3326=ADVANCED_FACE('',(#208),#3191,.F.);
#3327=ADVANCED_FACE('',(#209),#102,.T.);
#3328=ADVANCED_FACE('',(#210),#3192,.F.);
#3329=ADVANCED_FACE('',(#211),#3193,.T.);
#3330=ADVANCED_FACE('',(#212),#3194,.F.);
#3331=ADVANCED_FACE('',(#213),#103,.T.);
#3332=ADVANCED_FACE('',(#214),#3195,.F.);
#3333=ADVANCED_FACE('',(#215),#3196,.T.);
#3334=ADVANCED_FACE('',(#216),#3197,.F.);
#3335=ADVANCED_FACE('',(#217),#104,.T.);
#3336=ADVANCED_FACE('',(#218),#3198,.F.);
#3337=ADVANCED_FACE('',(#219),#3199,.T.);
#3338=ADVANCED_FACE('',(#220,#53),#105,.T.);
#3339=ADVANCED_FACE('',(#221),#15,.T.);
#3340=ADVANCED_FACE('',(#222),#16,.T.);
#3341=ADVANCED_FACE('',(#223),#17,.T.);
#3342=ADVANCED_FACE('',(#224),#3200,.T.);
#3343=ADVANCED_FACE('',(#225),#18,.T.);
#3344=ADVANCED_FACE('',(#226),#19,.T.);
#3345=ADVANCED_FACE('',(#227),#20,.T.);
#3346=ADVANCED_FACE('',(#228),#3201,.T.);
#3347=ADVANCED_FACE('',(#229),#21,.T.);
#3348=ADVANCED_FACE('',(#230),#22,.T.);
#3349=ADVANCED_FACE('',(#231),#23,.T.);
#3350=ADVANCED_FACE('',(#232),#3202,.T.);
#3351=ADVANCED_FACE('',(#233),#24,.T.);
#3352=ADVANCED_FACE('',(#234),#25,.T.);
#3353=ADVANCED_FACE('',(#235),#26,.T.);
#3354=ADVANCED_FACE('',(#236),#3203,.T.);
#3355=ADVANCED_FACE('',(#237),#27,.T.);
#3356=ADVANCED_FACE('',(#238),#3204,.T.);
#3357=ADVANCED_FACE('',(#239),#28,.T.);
#3358=ADVANCED_FACE('',(#240),#3205,.T.);
#3359=ADVANCED_FACE('',(#241),#29,.T.);
#3360=ADVANCED_FACE('',(#242),#30,.T.);
#3361=ADVANCED_FACE('',(#243),#31,.T.);
#3362=ADVANCED_FACE('',(#244),#3206,.T.);
#3363=ADVANCED_FACE('',(#245),#32,.T.);
#3364=ADVANCED_FACE('',(#246),#33,.T.);
#3365=ADVANCED_FACE('',(#247),#34,.T.);
#3366=ADVANCED_FACE('',(#248),#3207,.T.);
#3367=ADVANCED_FACE('',(#249),#35,.T.);
#3368=ADVANCED_FACE('',(#250),#36,.T.);
#3369=ADVANCED_FACE('',(#251),#37,.T.);
#3370=ADVANCED_FACE('',(#252),#3208,.T.);
#3371=ADVANCED_FACE('',(#253),#38,.T.);
#3372=ADVANCED_FACE('',(#254),#39,.T.);
#3373=ADVANCED_FACE('',(#255),#40,.T.);
#3374=ADVANCED_FACE('',(#256),#3209,.T.);
#3375=ADVANCED_FACE('',(#257),#41,.T.);
#3376=ADVANCED_FACE('',(#258),#3210,.T.);
#3377=ADVANCED_FACE('',(#259),#42,.T.);
#3378=ADVANCED_FACE('',(#260),#3211,.T.);
#3379=ADVANCED_FACE('',(#261),#3212,.F.);
#3380=ADVANCED_FACE('',(#262),#3213,.T.);
#3381=ADVANCED_FACE('',(#263),#106,.T.);
#3382=ADVANCED_FACE('',(#264),#3214,.T.);
#3383=ADVANCED_FACE('',(#265),#3215,.F.);
#3384=ADVANCED_FACE('',(#266),#3216,.T.);
#3385=ADVANCED_FACE('',(#267),#107,.T.);
#3386=ADVANCED_FACE('',(#268),#3217,.T.);
#3387=ADVANCED_FACE('',(#269),#3218,.F.);
#3388=ADVANCED_FACE('',(#270),#3219,.T.);
#3389=ADVANCED_FACE('',(#271),#108,.T.);
#3390=ADVANCED_FACE('',(#272),#3220,.T.);
#3391=ADVANCED_FACE('',(#273),#3221,.F.);
#3392=ADVANCED_FACE('',(#274),#3222,.T.);
#3393=ADVANCED_FACE('',(#275),#109,.T.);
#3394=ADVANCED_FACE('',(#276),#3223,.T.);
#3395=ADVANCED_FACE('',(#277),#110,.T.);
#3396=ADVANCED_FACE('',(#278),#3224,.T.);
#3397=ADVANCED_FACE('',(#279),#111,.T.);
#3398=ADVANCED_FACE('',(#280),#3225,.T.);
#3399=ADVANCED_FACE('',(#281,#54,#55,#56,#57,#58),#112,.F.);
#3400=ADVANCED_FACE('',(#282),#3226,.T.);
#3401=ADVANCED_FACE('',(#283),#113,.F.);
#3402=ADVANCED_FACE('',(#284),#3227,.T.);
#3403=ADVANCED_FACE('',(#285),#114,.F.);
#3404=ADVANCED_FACE('',(#286),#3228,.T.);
#3405=ADVANCED_FACE('',(#287),#115,.F.);
#3406=ADVANCED_FACE('',(#288),#3229,.T.);
#3407=ADVANCED_FACE('',(#289),#116,.F.);
#3408=ADVANCED_FACE('',(#290),#117,.F.);
#3409=ADVANCED_FACE('',(#291),#3230,.T.);
#3410=ADVANCED_FACE('',(#292),#118,.F.);
#3411=ADVANCED_FACE('',(#293),#119,.F.);
#3412=ADVANCED_FACE('',(#294),#3231,.T.);
#3413=ADVANCED_FACE('',(#295),#3232,.T.);
#3414=ADVANCED_FACE('',(#296),#120,.F.);
#3415=ADVANCED_FACE('',(#297),#121,.F.);
#3416=ADVANCED_FACE('',(#298,#59,#60,#61,#62,#63,#64,#65,#66),#122,.T.);
#3417=ADVANCED_FACE('',(#299),#3233,.T.);
#3418=ADVANCED_FACE('',(#300),#123,.T.);
#3419=ADVANCED_FACE('',(#301),#3234,.T.);
#3420=ADVANCED_FACE('',(#302),#3235,.F.);
#3421=ADVANCED_FACE('',(#303),#3236,.T.);
#3422=ADVANCED_FACE('',(#304),#124,.T.);
#3423=ADVANCED_FACE('',(#305),#3237,.T.);
#3424=ADVANCED_FACE('',(#306),#3238,.F.);
#3425=ADVANCED_FACE('',(#307),#3239,.T.);
#3426=ADVANCED_FACE('',(#308),#125,.T.);
#3427=ADVANCED_FACE('',(#309),#3240,.T.);
#3428=ADVANCED_FACE('',(#310),#3241,.F.);
#3429=ADVANCED_FACE('',(#311),#3242,.T.);
#3430=ADVANCED_FACE('',(#312),#126,.T.);
#3431=ADVANCED_FACE('',(#313),#3243,.T.);
#3432=ADVANCED_FACE('',(#314),#3244,.F.);
#3433=ADVANCED_FACE('',(#315),#127,.T.);
#3434=ADVANCED_FACE('',(#316),#3245,.T.);
#3435=ADVANCED_FACE('',(#317),#3246,.T.);
#3436=ADVANCED_FACE('',(#318),#128,.T.);
#3437=CLOSED_SHELL('',(#3247,#3248,#3249,#3250,#3251,#3252,#3253,#3254,
#3255,#3256,#3257,#3258,#3259,#3260,#3261,#3262,#3263,#3264,#3265,#3266,
#3267,#3268,#3269,#3270,#3271,#3272,#3273,#3274,#3275,#3276,#3277,#3278,
#3279,#3280,#3281,#3282,#3283,#3284,#3285,#3286,#3287,#3288,#3289,#3290,
#3291,#3292,#3293,#3294,#3295,#3296,#3297,#3298,#3299,#3300,#3301,#3302,
#3303,#3304,#3305,#3306,#3307,#3308,#3309,#3310,#3311,#3312,#3313,#3314,
#3315,#3316,#3317,#3318,#3319,#3320,#3321,#3322,#3323,#3324,#3325,#3326,
#3327,#3328,#3329,#3330,#3331,#3332,#3333,#3334,#3335,#3336,#3337,#3338,
#3339,#3340,#3341,#3342,#3343,#3344,#3345,#3346,#3347,#3348,#3349,#3350,
#3351,#3352,#3353,#3354,#3355,#3356,#3357,#3358,#3359,#3360,#3361,#3362,
#3363,#3364,#3365,#3366,#3367,#3368,#3369,#3370,#3371,#3372,#3373,#3374,
#3375,#3376,#3377,#3378,#3379,#3380,#3381,#3382,#3383,#3384,#3385,#3386,
#3387,#3388,#3389,#3390,#3391,#3392,#3393,#3394,#3395,#3396,#3397,#3398,
#3399,#3400,#3401,#3402,#3403,#3404,#3405,#3406,#3407,#3408,#3409,#3410,
#3411,#3412,#3413,#3414,#3415,#3416,#3417,#3418,#3419,#3420,#3421,#3422,
#3423,#3424,#3425,#3426,#3427,#3428,#3429,#3430,#3431,#3432,#3433,#3434,
#3435,#3436));
#3438=DERIVED_UNIT_ELEMENT(#3440,1.);
#3439=DERIVED_UNIT_ELEMENT(#6125,3.);
#3440=(
MASS_UNIT()
NAMED_UNIT(*)
SI_UNIT($,.GRAM.)
);
#3441=DERIVED_UNIT((#3438,#3439));
#3442=MEASURE_REPRESENTATION_ITEM('density measure',
POSITIVE_RATIO_MEASURE(1.06),#3441);
#3443=PROPERTY_DEFINITION_REPRESENTATION(#3448,#3445);
#3444=PROPERTY_DEFINITION_REPRESENTATION(#3449,#3446);
#3445=REPRESENTATION('material name',(#3447),#6122);
#3446=REPRESENTATION('density',(#3442),#6122);
#3447=DESCRIPTIVE_REPRESENTATION_ITEM('ABS Plastic','ABS Plastic');
#3448=PROPERTY_DEFINITION('material property','material name',#6132);
#3449=PROPERTY_DEFINITION('material property','density of part',#6132);
#3450=DATE_TIME_ROLE('creation_date');
#3451=APPLIED_DATE_AND_TIME_ASSIGNMENT(#3452,#3450,(#6132));
#3452=DATE_AND_TIME(#3453,#3454);
#3453=CALENDAR_DATE(2026,25,6);
#3454=LOCAL_TIME(2,50,34.,#3455);
#3455=COORDINATED_UNIVERSAL_TIME_OFFSET(0,0,.BEHIND.);
#3456=AXIS2_PLACEMENT_3D('placement',#5083,#3919,#3920);
#3457=AXIS2_PLACEMENT_3D('',#5084,#3921,#3922);
#3458=AXIS2_PLACEMENT_3D('',#5087,#3923,#3924);
#3459=AXIS2_PLACEMENT_3D('',#5088,#3925,#3926);
#3460=AXIS2_PLACEMENT_3D('',#5092,#3928,#3929);
#3461=AXIS2_PLACEMENT_3D('',#5093,#3930,#3931);
#3462=AXIS2_PLACEMENT_3D('',#5094,#3932,#3933);
#3463=AXIS2_PLACEMENT_3D('',#5097,#3934,#3935);
#3464=AXIS2_PLACEMENT_3D('',#5098,#3936,#3937);
#3465=AXIS2_PLACEMENT_3D('',#5099,#3938,#3939);
#3466=AXIS2_PLACEMENT_3D('',#5102,#3940,#3941);
#3467=AXIS2_PLACEMENT_3D('',#5103,#3942,#3943);
#3468=AXIS2_PLACEMENT_3D('',#5107,#3945,#3946);
#3469=AXIS2_PLACEMENT_3D('',#5108,#3947,#3948);
#3470=AXIS2_PLACEMENT_3D('',#5109,#3949,#3950);
#3471=AXIS2_PLACEMENT_3D('',#5112,#3951,#3952);
#3472=AXIS2_PLACEMENT_3D('',#5113,#3953,#3954);
#3473=AXIS2_PLACEMENT_3D('',#5114,#3955,#3956);
#3474=AXIS2_PLACEMENT_3D('',#5117,#3957,#3958);
#3475=AXIS2_PLACEMENT_3D('',#5118,#3959,#3960);
#3476=AXIS2_PLACEMENT_3D('',#5122,#3962,#3963);
#3477=AXIS2_PLACEMENT_3D('',#5123,#3964,#3965);
#3478=AXIS2_PLACEMENT_3D('',#5124,#3966,#3967);
#3479=AXIS2_PLACEMENT_3D('',#5127,#3968,#3969);
#3480=AXIS2_PLACEMENT_3D('',#5128,#3970,#3971);
#3481=AXIS2_PLACEMENT_3D('',#5129,#3972,#3973);
#3482=AXIS2_PLACEMENT_3D('',#5132,#3974,#3975);
#3483=AXIS2_PLACEMENT_3D('',#5133,#3976,#3977);
#3484=AXIS2_PLACEMENT_3D('',#5137,#3979,#3980);
#3485=AXIS2_PLACEMENT_3D('',#5138,#3981,#3982);
#3486=AXIS2_PLACEMENT_3D('',#5139,#3983,#3984);
#3487=AXIS2_PLACEMENT_3D('',#5142,#3985,#3986);
#3488=AXIS2_PLACEMENT_3D('',#5143,#3987,#3988);
#3489=AXIS2_PLACEMENT_3D('',#5144,#3989,#3990);
#3490=AXIS2_PLACEMENT_3D('',#5147,#3991,#3992);
#3491=AXIS2_PLACEMENT_3D('',#5148,#3993,#3994);
#3492=AXIS2_PLACEMENT_3D('',#5152,#3996,#3997);
#3493=AXIS2_PLACEMENT_3D('',#5153,#3998,#3999);
#3494=AXIS2_PLACEMENT_3D('',#5154,#4000,#4001);
#3495=AXIS2_PLACEMENT_3D('',#5157,#4002,#4003);
#3496=AXIS2_PLACEMENT_3D('',#5158,#4004,#4005);
#3497=AXIS2_PLACEMENT_3D('',#5159,#4006,#4007);
#3498=AXIS2_PLACEMENT_3D('',#5161,#4008,#4009);
#3499=AXIS2_PLACEMENT_3D('',#5162,#4010,#4011);
#3500=AXIS2_PLACEMENT_3D('',#5164,#4012,#4013);
#3501=AXIS2_PLACEMENT_3D('',#5165,#4014,#4015);
#3502=AXIS2_PLACEMENT_3D('',#5168,#4016,#4017);
#3503=AXIS2_PLACEMENT_3D('',#5172,#4019,#4020);
#3504=AXIS2_PLACEMENT_3D('',#5174,#4022,#4023);
#3505=AXIS2_PLACEMENT_3D('',#5180,#4027,#4028);
#3506=AXIS2_PLACEMENT_3D('',#5182,#4029,#4030);
#3507=AXIS2_PLACEMENT_3D('',#5185,#4032,#4033);
#3508=AXIS2_PLACEMENT_3D('',#5186,#4034,#4035);
#3509=AXIS2_PLACEMENT_3D('',#5188,#4036,#4037);
#3510=AXIS2_PLACEMENT_3D('',#5190,#4039,#4040);
#3511=AXIS2_PLACEMENT_3D('',#5192,#4041,#4042);
#3512=AXIS2_PLACEMENT_3D('',#5194,#4044,#4045);
#3513=AXIS2_PLACEMENT_3D('',#5197,#4046,#4047);
#3514=AXIS2_PLACEMENT_3D('',#5201,#4049,#4050);
#3515=AXIS2_PLACEMENT_3D('',#5203,#4052,#4053);
#3516=AXIS2_PLACEMENT_3D('',#5209,#4057,#4058);
#3517=AXIS2_PLACEMENT_3D('',#5211,#4059,#4060);
#3518=AXIS2_PLACEMENT_3D('',#5214,#4062,#4063);
#3519=AXIS2_PLACEMENT_3D('',#5215,#4064,#4065);
#3520=AXIS2_PLACEMENT_3D('',#5217,#4066,#4067);
#3521=AXIS2_PLACEMENT_3D('',#5220,#4069,#4070);
#3522=AXIS2_PLACEMENT_3D('',#5221,#4071,#4072);
#3523=AXIS2_PLACEMENT_3D('',#5227,#4076,#4077);
#3524=AXIS2_PLACEMENT_3D('',#5233,#4080,#4081);
#3525=AXIS2_PLACEMENT_3D('',#5241,#4085,#4086);
#3526=AXIS2_PLACEMENT_3D('',#5243,#4088,#4089);
#3527=AXIS2_PLACEMENT_3D('',#5245,#4090,#4091);
#3528=AXIS2_PLACEMENT_3D('',#5249,#4093,#4094);
#3529=AXIS2_PLACEMENT_3D('',#5253,#4096,#4097);
#3530=AXIS2_PLACEMENT_3D('',#5257,#4099,#4100);
#3531=AXIS2_PLACEMENT_3D('',#5263,#4103,#4104);
#3532=AXIS2_PLACEMENT_3D('',#5271,#4108,#4109);
#3533=AXIS2_PLACEMENT_3D('',#5277,#4112,#4113);
#3534=AXIS2_PLACEMENT_3D('',#5281,#4115,#4116);
#3535=AXIS2_PLACEMENT_3D('',#5285,#4118,#4119);
#3536=AXIS2_PLACEMENT_3D('',#5287,#4121,#4122);
#3537=AXIS2_PLACEMENT_3D('',#5293,#4126,#4127);
#3538=AXIS2_PLACEMENT_3D('',#5296,#4129,#4130);
#3539=AXIS2_PLACEMENT_3D('',#5297,#4131,#4132);
#3540=AXIS2_PLACEMENT_3D('',#5301,#4135,#4136);
#3541=AXIS2_PLACEMENT_3D('',#5307,#4140,#4141);
#3542=AXIS2_PLACEMENT_3D('',#5309,#4142,#4143);
#3543=AXIS2_PLACEMENT_3D('',#5311,#4145,#4146);
#3544=AXIS2_PLACEMENT_3D('',#5315,#4149,#4150);
#3545=AXIS2_PLACEMENT_3D('',#5319,#4153,#4154);
#3546=AXIS2_PLACEMENT_3D('',#5323,#4157,#4158);
#3547=AXIS2_PLACEMENT_3D('',#5326,#4159,#4160);
#3548=AXIS2_PLACEMENT_3D('',#5327,#4161,#4162);
#3549=AXIS2_PLACEMENT_3D('',#5329,#4164,#4165);
#3550=AXIS2_PLACEMENT_3D('',#5332,#4166,#4167);
#3551=AXIS2_PLACEMENT_3D('',#5333,#4168,#4169);
#3552=AXIS2_PLACEMENT_3D('',#5335,#4171,#4172);
#3553=AXIS2_PLACEMENT_3D('',#5338,#4173,#4174);
#3554=AXIS2_PLACEMENT_3D('',#5339,#4175,#4176);
#3555=AXIS2_PLACEMENT_3D('',#5341,#4178,#4179);
#3556=AXIS2_PLACEMENT_3D('',#5344,#4180,#4181);
#3557=AXIS2_PLACEMENT_3D('',#5345,#4182,#4183);
#3558=AXIS2_PLACEMENT_3D('',#5347,#4185,#4186);
#3559=AXIS2_PLACEMENT_3D('',#5350,#4187,#4188);
#3560=AXIS2_PLACEMENT_3D('',#5351,#4189,#4190);
#3561=AXIS2_PLACEMENT_3D('',#5353,#4192,#4193);
#3562=AXIS2_PLACEMENT_3D('',#5356,#4194,#4195);
#3563=AXIS2_PLACEMENT_3D('',#5357,#4196,#4197);
#3564=AXIS2_PLACEMENT_3D('',#5361,#4199,#4200);
#3565=AXIS2_PLACEMENT_3D('',#5362,#4201,#4202);
#3566=AXIS2_PLACEMENT_3D('',#5363,#4203,#4204);
#3567=AXIS2_PLACEMENT_3D('',#5364,#4205,#4206);
#3568=AXIS2_PLACEMENT_3D('',#5367,#4207,#4208);
#3569=AXIS2_PLACEMENT_3D('',#5368,#4209,#4210);
#3570=AXIS2_PLACEMENT_3D('',#5372,#4212,#4213);
#3571=AXIS2_PLACEMENT_3D('',#5373,#4214,#4215);
#3572=AXIS2_PLACEMENT_3D('',#5374,#4216,#4217);
#3573=AXIS2_PLACEMENT_3D('',#5375,#4218,#4219);
#3574=AXIS2_PLACEMENT_3D('',#5378,#4220,#4221);
#3575=AXIS2_PLACEMENT_3D('',#5379,#4222,#4223);
#3576=AXIS2_PLACEMENT_3D('',#5383,#4225,#4226);
#3577=AXIS2_PLACEMENT_3D('',#5384,#4227,#4228);
#3578=AXIS2_PLACEMENT_3D('',#5385,#4229,#4230);
#3579=AXIS2_PLACEMENT_3D('',#5386,#4231,#4232);
#3580=AXIS2_PLACEMENT_3D('',#5389,#4233,#4234);
#3581=AXIS2_PLACEMENT_3D('',#5390,#4235,#4236);
#3582=AXIS2_PLACEMENT_3D('',#5394,#4238,#4239);
#3583=AXIS2_PLACEMENT_3D('',#5395,#4240,#4241);
#3584=AXIS2_PLACEMENT_3D('',#5396,#4242,#4243);
#3585=AXIS2_PLACEMENT_3D('',#5397,#4244,#4245);
#3586=AXIS2_PLACEMENT_3D('',#5401,#4247,#4248);
#3587=AXIS2_PLACEMENT_3D('',#5403,#4250,#4251);
#3588=AXIS2_PLACEMENT_3D('',#5407,#4254,#4255);
#3589=AXIS2_PLACEMENT_3D('',#5409,#4257,#4258);
#3590=AXIS2_PLACEMENT_3D('',#5415,#4262,#4263);
#3591=AXIS2_PLACEMENT_3D('',#5417,#4264,#4265);
#3592=AXIS2_PLACEMENT_3D('',#5419,#4267,#4268);
#3593=AXIS2_PLACEMENT_3D('',#5423,#4271,#4272);
#3594=AXIS2_PLACEMENT_3D('',#5426,#4273,#4274);
#3595=AXIS2_PLACEMENT_3D('',#5430,#4276,#4277);
#3596=AXIS2_PLACEMENT_3D('',#5432,#4279,#4280);
#3597=AXIS2_PLACEMENT_3D('',#5438,#4284,#4285);
#3598=AXIS2_PLACEMENT_3D('',#5440,#4286,#4287);
#3599=AXIS2_PLACEMENT_3D('',#5442,#4288,#4289);
#3600=AXIS2_PLACEMENT_3D('',#5444,#4291,#4292);
#3601=AXIS2_PLACEMENT_3D('',#5446,#4293,#4294);
#3602=AXIS2_PLACEMENT_3D('',#5448,#4295,#4296);
#3603=AXIS2_PLACEMENT_3D('',#5450,#4298,#4299);
#3604=AXIS2_PLACEMENT_3D('',#5452,#4300,#4301);
#3605=AXIS2_PLACEMENT_3D('',#5454,#4302,#4303);
#3606=AXIS2_PLACEMENT_3D('',#5456,#4305,#4306);
#3607=AXIS2_PLACEMENT_3D('',#5462,#4310,#4311);
#3608=AXIS2_PLACEMENT_3D('',#5464,#4312,#4313);
#3609=AXIS2_PLACEMENT_3D('',#5466,#4314,#4315);
#3610=AXIS2_PLACEMENT_3D('',#5468,#4317,#4318);
#3611=AXIS2_PLACEMENT_3D('',#5474,#4322,#4323);
#3612=AXIS2_PLACEMENT_3D('',#5476,#4324,#4325);
#3613=AXIS2_PLACEMENT_3D('',#5478,#4326,#4327);
#3614=AXIS2_PLACEMENT_3D('',#5480,#4329,#4330);
#3615=AXIS2_PLACEMENT_3D('',#5486,#4334,#4335);
#3616=AXIS2_PLACEMENT_3D('',#5488,#4336,#4337);
#3617=AXIS2_PLACEMENT_3D('',#5490,#4338,#4339);
#3618=AXIS2_PLACEMENT_3D('',#5492,#4341,#4342);
#3619=AXIS2_PLACEMENT_3D('',#5494,#4343,#4344);
#3620=AXIS2_PLACEMENT_3D('',#5496,#4345,#4346);
#3621=AXIS2_PLACEMENT_3D('',#5498,#4348,#4349);
#3622=AXIS2_PLACEMENT_3D('',#5500,#4350,#4351);
#3623=AXIS2_PLACEMENT_3D('',#5502,#4352,#4353);
#3624=AXIS2_PLACEMENT_3D('',#5504,#4355,#4356);
#3625=AXIS2_PLACEMENT_3D('',#5510,#4360,#4361);
#3626=AXIS2_PLACEMENT_3D('',#5512,#4362,#4363);
#3627=AXIS2_PLACEMENT_3D('',#5514,#4364,#4365);
#3628=AXIS2_PLACEMENT_3D('',#5516,#4367,#4368);
#3629=AXIS2_PLACEMENT_3D('',#5518,#4369,#4370);
#3630=AXIS2_PLACEMENT_3D('',#5520,#4371,#4372);
#3631=AXIS2_PLACEMENT_3D('',#5522,#4374,#4375);
#3632=AXIS2_PLACEMENT_3D('',#5524,#4376,#4377);
#3633=AXIS2_PLACEMENT_3D('',#5526,#4378,#4379);
#3634=AXIS2_PLACEMENT_3D('',#5528,#4381,#4382);
#3635=AXIS2_PLACEMENT_3D('',#5534,#4386,#4387);
#3636=AXIS2_PLACEMENT_3D('',#5536,#4388,#4389);
#3637=AXIS2_PLACEMENT_3D('',#5538,#4390,#4391);
#3638=AXIS2_PLACEMENT_3D('',#5540,#4393,#4394);
#3639=AXIS2_PLACEMENT_3D('',#5542,#4395,#4396);
#3640=AXIS2_PLACEMENT_3D('',#5544,#4397,#4398);
#3641=AXIS2_PLACEMENT_3D('',#5546,#4400,#4401);
#3642=AXIS2_PLACEMENT_3D('',#5548,#4402,#4403);
#3643=AXIS2_PLACEMENT_3D('',#5550,#4404,#4405);
#3644=AXIS2_PLACEMENT_3D('',#5552,#4407,#4408);
#3645=AXIS2_PLACEMENT_3D('',#5558,#4412,#4413);
#3646=AXIS2_PLACEMENT_3D('',#5560,#4414,#4415);
#3647=AXIS2_PLACEMENT_3D('',#5562,#4416,#4417);
#3648=AXIS2_PLACEMENT_3D('',#5564,#4419,#4420);
#3649=AXIS2_PLACEMENT_3D('',#5566,#4421,#4422);
#3650=AXIS2_PLACEMENT_3D('',#5568,#4423,#4424);
#3651=AXIS2_PLACEMENT_3D('',#5570,#4426,#4427);
#3652=AXIS2_PLACEMENT_3D('',#5572,#4428,#4429);
#3653=AXIS2_PLACEMENT_3D('',#5574,#4430,#4431);
#3654=AXIS2_PLACEMENT_3D('',#5576,#4433,#4434);
#3655=AXIS2_PLACEMENT_3D('',#5582,#4438,#4439);
#3656=AXIS2_PLACEMENT_3D('',#5584,#4440,#4441);
#3657=AXIS2_PLACEMENT_3D('',#5586,#4442,#4443);
#3658=AXIS2_PLACEMENT_3D('',#5588,#4445,#4446);
#3659=AXIS2_PLACEMENT_3D('',#5594,#4450,#4451);
#3660=AXIS2_PLACEMENT_3D('',#5596,#4452,#4453);
#3661=AXIS2_PLACEMENT_3D('',#5598,#4454,#4455);
#3662=AXIS2_PLACEMENT_3D('',#5600,#4457,#4458);
#3663=AXIS2_PLACEMENT_3D('',#5606,#4462,#4463);
#3664=AXIS2_PLACEMENT_3D('',#5608,#4464,#4465);
#3665=AXIS2_PLACEMENT_3D('',#5610,#4466,#4467);
#3666=AXIS2_PLACEMENT_3D('',#5612,#4469,#4470);
#3667=AXIS2_PLACEMENT_3D('',#5614,#4471,#4472);
#3668=AXIS2_PLACEMENT_3D('',#5616,#4473,#4474);
#3669=AXIS2_PLACEMENT_3D('',#5618,#4476,#4477);
#3670=AXIS2_PLACEMENT_3D('',#5620,#4478,#4479);
#3671=AXIS2_PLACEMENT_3D('',#5622,#4480,#4481);
#3672=AXIS2_PLACEMENT_3D('',#5624,#4483,#4484);
#3673=AXIS2_PLACEMENT_3D('',#5630,#4488,#4489);
#3674=AXIS2_PLACEMENT_3D('',#5632,#4490,#4491);
#3675=AXIS2_PLACEMENT_3D('',#5634,#4492,#4493);
#3676=AXIS2_PLACEMENT_3D('',#5636,#4495,#4496);
#3677=AXIS2_PLACEMENT_3D('',#5638,#4497,#4498);
#3678=AXIS2_PLACEMENT_3D('',#5640,#4499,#4500);
#3679=AXIS2_PLACEMENT_3D('',#5642,#4502,#4503);
#3680=AXIS2_PLACEMENT_3D('',#5644,#4504,#4505);
#3681=AXIS2_PLACEMENT_3D('',#5646,#4506,#4507);
#3682=AXIS2_PLACEMENT_3D('',#5648,#4509,#4510);
#3683=AXIS2_PLACEMENT_3D('',#5654,#4514,#4515);
#3684=AXIS2_PLACEMENT_3D('',#5656,#4516,#4517);
#3685=AXIS2_PLACEMENT_3D('',#5658,#4518,#4519);
#3686=AXIS2_PLACEMENT_3D('',#5660,#4521,#4522);
#3687=AXIS2_PLACEMENT_3D('',#5661,#4523,#4524);
#3688=AXIS2_PLACEMENT_3D('',#5662,#4525,#4526);
#3689=AXIS2_PLACEMENT_3D('',#5663,#4527,#4528);
#3690=AXIS2_PLACEMENT_3D('',#5666,#4529,#4530);
#3691=AXIS2_PLACEMENT_3D('',#5670,#4532,#4533);
#3692=AXIS2_PLACEMENT_3D('',#5672,#4534,#4535);
#3693=AXIS2_PLACEMENT_3D('',#5674,#4536,#4537);
#3694=AXIS2_PLACEMENT_3D('',#5678,#4539,#4540);
#3695=AXIS2_PLACEMENT_3D('',#5682,#4542,#4543);
#3696=AXIS2_PLACEMENT_3D('',#5686,#4545,#4546);
#3697=AXIS2_PLACEMENT_3D('',#5688,#4547,#4548);
#3698=AXIS2_PLACEMENT_3D('',#5690,#4549,#4550);
#3699=AXIS2_PLACEMENT_3D('',#5694,#4552,#4553);
#3700=AXIS2_PLACEMENT_3D('',#5696,#4554,#4555);
#3701=AXIS2_PLACEMENT_3D('',#5698,#4556,#4557);
#3702=AXIS2_PLACEMENT_3D('',#5702,#4559,#4560);
#3703=AXIS2_PLACEMENT_3D('',#5704,#4561,#4562);
#3704=AXIS2_PLACEMENT_3D('',#5706,#4563,#4564);
#3705=AXIS2_PLACEMENT_3D('',#5710,#4566,#4567);
#3706=AXIS2_PLACEMENT_3D('',#5712,#4568,#4569);
#3707=AXIS2_PLACEMENT_3D('',#5714,#4570,#4571);
#3708=AXIS2_PLACEMENT_3D('',#5718,#4573,#4574);
#3709=AXIS2_PLACEMENT_3D('',#5722,#4576,#4577);
#3710=AXIS2_PLACEMENT_3D('',#5726,#4579,#4580);
#3711=AXIS2_PLACEMENT_3D('',#5728,#4581,#4582);
#3712=AXIS2_PLACEMENT_3D('',#5730,#4583,#4584);
#3713=AXIS2_PLACEMENT_3D('',#5734,#4586,#4587);
#3714=AXIS2_PLACEMENT_3D('',#5736,#4588,#4589);
#3715=AXIS2_PLACEMENT_3D('',#5738,#4590,#4591);
#3716=AXIS2_PLACEMENT_3D('',#5742,#4593,#4594);
#3717=AXIS2_PLACEMENT_3D('',#5743,#4595,#4596);
#3718=AXIS2_PLACEMENT_3D('',#5744,#4597,#4598);
#3719=AXIS2_PLACEMENT_3D('',#5747,#4599,#4600);
#3720=AXIS2_PLACEMENT_3D('',#5749,#4601,#4602);
#3721=AXIS2_PLACEMENT_3D('',#5751,#4603,#4604);
#3722=AXIS2_PLACEMENT_3D('',#5752,#4605,#4606);
#3723=AXIS2_PLACEMENT_3D('',#5753,#4607,#4608);
#3724=AXIS2_PLACEMENT_3D('',#5756,#4609,#4610);
#3725=AXIS2_PLACEMENT_3D('',#5757,#4611,#4612);
#3726=AXIS2_PLACEMENT_3D('',#5758,#4613,#4614);
#3727=AXIS2_PLACEMENT_3D('',#5759,#4615,#4616);
#3728=AXIS2_PLACEMENT_3D('',#5762,#4617,#4618);
#3729=AXIS2_PLACEMENT_3D('',#5763,#4619,#4620);
#3730=AXIS2_PLACEMENT_3D('',#5764,#4621,#4622);
#3731=AXIS2_PLACEMENT_3D('',#5765,#4623,#4624);
#3732=AXIS2_PLACEMENT_3D('',#5768,#4625,#4626);
#3733=AXIS2_PLACEMENT_3D('',#5771,#4629,#4630);
#3734=AXIS2_PLACEMENT_3D('',#5774,#4631,#4632);
#3735=AXIS2_PLACEMENT_3D('',#5775,#4633,#4634);
#3736=AXIS2_PLACEMENT_3D('',#5776,#4635,#4636);
#3737=AXIS2_PLACEMENT_3D('',#5777,#4637,#4638);
#3738=AXIS2_PLACEMENT_3D('',#5780,#4639,#4640);
#3739=AXIS2_PLACEMENT_3D('',#5781,#4641,#4642);
#3740=AXIS2_PLACEMENT_3D('',#5782,#4643,#4644);
#3741=AXIS2_PLACEMENT_3D('',#5783,#4645,#4646);
#3742=AXIS2_PLACEMENT_3D('',#5786,#4647,#4648);
#3743=AXIS2_PLACEMENT_3D('',#5787,#4649,#4650);
#3744=AXIS2_PLACEMENT_3D('',#5788,#4651,#4652);
#3745=AXIS2_PLACEMENT_3D('',#5789,#4653,#4654);
#3746=AXIS2_PLACEMENT_3D('',#5792,#4655,#4656);
#3747=AXIS2_PLACEMENT_3D('',#5795,#4659,#4660);
#3748=AXIS2_PLACEMENT_3D('',#5798,#4661,#4662);
#3749=AXIS2_PLACEMENT_3D('',#5799,#4663,#4664);
#3750=AXIS2_PLACEMENT_3D('',#5800,#4665,#4666);
#3751=AXIS2_PLACEMENT_3D('',#5801,#4667,#4668);
#3752=AXIS2_PLACEMENT_3D('',#5804,#4669,#4670);
#3753=AXIS2_PLACEMENT_3D('',#5805,#4671,#4672);
#3754=AXIS2_PLACEMENT_3D('',#5806,#4673,#4674);
#3755=AXIS2_PLACEMENT_3D('',#5807,#4675,#4676);
#3756=AXIS2_PLACEMENT_3D('',#5810,#4677,#4678);
#3757=AXIS2_PLACEMENT_3D('',#5811,#4679,#4680);
#3758=AXIS2_PLACEMENT_3D('',#5812,#4681,#4682);
#3759=AXIS2_PLACEMENT_3D('',#5813,#4683,#4684);
#3760=AXIS2_PLACEMENT_3D('',#5816,#4685,#4686);
#3761=AXIS2_PLACEMENT_3D('',#5819,#4689,#4690);
#3762=AXIS2_PLACEMENT_3D('',#5822,#4691,#4692);
#3763=AXIS2_PLACEMENT_3D('',#5823,#4693,#4694);
#3764=AXIS2_PLACEMENT_3D('',#5824,#4695,#4696);
#3765=AXIS2_PLACEMENT_3D('',#5825,#4697,#4698);
#3766=AXIS2_PLACEMENT_3D('',#5828,#4699,#4700);
#3767=AXIS2_PLACEMENT_3D('',#5829,#4701,#4702);
#3768=AXIS2_PLACEMENT_3D('',#5830,#4703,#4704);
#3769=AXIS2_PLACEMENT_3D('',#5831,#4705,#4706);
#3770=AXIS2_PLACEMENT_3D('',#5834,#4707,#4708);
#3771=AXIS2_PLACEMENT_3D('',#5835,#4709,#4710);
#3772=AXIS2_PLACEMENT_3D('',#5836,#4711,#4712);
#3773=AXIS2_PLACEMENT_3D('',#5837,#4713,#4714);
#3774=AXIS2_PLACEMENT_3D('',#5840,#4715,#4716);
#3775=AXIS2_PLACEMENT_3D('',#5843,#4719,#4720);
#3776=AXIS2_PLACEMENT_3D('',#5846,#4721,#4722);
#3777=AXIS2_PLACEMENT_3D('',#5847,#4723,#4724);
#3778=AXIS2_PLACEMENT_3D('',#5848,#4725,#4726);
#3779=AXIS2_PLACEMENT_3D('',#5849,#4727,#4728);
#3780=AXIS2_PLACEMENT_3D('',#5852,#4729,#4730);
#3781=AXIS2_PLACEMENT_3D('',#5855,#4733,#4734);
#3782=AXIS2_PLACEMENT_3D('',#5858,#4735,#4736);
#3783=AXIS2_PLACEMENT_3D('',#5859,#4737,#4738);
#3784=AXIS2_PLACEMENT_3D('',#5860,#4739,#4740);
#3785=AXIS2_PLACEMENT_3D('',#5861,#4741,#4742);
#3786=AXIS2_PLACEMENT_3D('',#5864,#4743,#4744);
#3787=AXIS2_PLACEMENT_3D('',#5867,#4747,#4748);
#3788=AXIS2_PLACEMENT_3D('',#5870,#4749,#4750);
#3789=AXIS2_PLACEMENT_3D('',#5871,#4751,#4752);
#3790=AXIS2_PLACEMENT_3D('',#5872,#4753,#4754);
#3791=AXIS2_PLACEMENT_3D('',#5873,#4755,#4756);
#3792=AXIS2_PLACEMENT_3D('',#5876,#4757,#4758);
#3793=AXIS2_PLACEMENT_3D('',#5877,#4759,#4760);
#3794=AXIS2_PLACEMENT_3D('',#5878,#4761,#4762);
#3795=AXIS2_PLACEMENT_3D('',#5879,#4763,#4764);
#3796=AXIS2_PLACEMENT_3D('',#5882,#4765,#4766);
#3797=AXIS2_PLACEMENT_3D('',#5883,#4767,#4768);
#3798=AXIS2_PLACEMENT_3D('',#5884,#4769,#4770);
#3799=AXIS2_PLACEMENT_3D('',#5885,#4771,#4772);
#3800=AXIS2_PLACEMENT_3D('',#5888,#4773,#4774);
#3801=AXIS2_PLACEMENT_3D('',#5891,#4777,#4778);
#3802=AXIS2_PLACEMENT_3D('',#5894,#4779,#4780);
#3803=AXIS2_PLACEMENT_3D('',#5895,#4781,#4782);
#3804=AXIS2_PLACEMENT_3D('',#5896,#4783,#4784);
#3805=AXIS2_PLACEMENT_3D('',#5897,#4785,#4786);
#3806=AXIS2_PLACEMENT_3D('',#5900,#4787,#4788);
#3807=AXIS2_PLACEMENT_3D('',#5901,#4789,#4790);
#3808=AXIS2_PLACEMENT_3D('',#5902,#4791,#4792);
#3809=AXIS2_PLACEMENT_3D('',#5903,#4793,#4794);
#3810=AXIS2_PLACEMENT_3D('',#5906,#4795,#4796);
#3811=AXIS2_PLACEMENT_3D('',#5907,#4797,#4798);
#3812=AXIS2_PLACEMENT_3D('',#5908,#4799,#4800);
#3813=AXIS2_PLACEMENT_3D('',#5909,#4801,#4802);
#3814=AXIS2_PLACEMENT_3D('',#5912,#4803,#4804);
#3815=AXIS2_PLACEMENT_3D('',#5915,#4807,#4808);
#3816=AXIS2_PLACEMENT_3D('',#5918,#4809,#4810);
#3817=AXIS2_PLACEMENT_3D('',#5919,#4811,#4812);
#3818=AXIS2_PLACEMENT_3D('',#5920,#4813,#4814);
#3819=AXIS2_PLACEMENT_3D('',#5921,#4815,#4816);
#3820=AXIS2_PLACEMENT_3D('',#5924,#4817,#4818);
#3821=AXIS2_PLACEMENT_3D('',#5925,#4819,#4820);
#3822=AXIS2_PLACEMENT_3D('',#5926,#4821,#4822);
#3823=AXIS2_PLACEMENT_3D('',#5927,#4823,#4824);
#3824=AXIS2_PLACEMENT_3D('',#5930,#4825,#4826);
#3825=AXIS2_PLACEMENT_3D('',#5931,#4827,#4828);
#3826=AXIS2_PLACEMENT_3D('',#5932,#4829,#4830);
#3827=AXIS2_PLACEMENT_3D('',#5933,#4831,#4832);
#3828=AXIS2_PLACEMENT_3D('',#5936,#4833,#4834);
#3829=AXIS2_PLACEMENT_3D('',#5939,#4837,#4838);
#3830=AXIS2_PLACEMENT_3D('',#5942,#4839,#4840);
#3831=AXIS2_PLACEMENT_3D('',#5943,#4841,#4842);
#3832=AXIS2_PLACEMENT_3D('',#5944,#4843,#4844);
#3833=AXIS2_PLACEMENT_3D('',#5945,#4845,#4846);
#3834=AXIS2_PLACEMENT_3D('',#5948,#4847,#4848);
#3835=AXIS2_PLACEMENT_3D('',#5949,#4849,#4850);
#3836=AXIS2_PLACEMENT_3D('',#5950,#4851,#4852);
#3837=AXIS2_PLACEMENT_3D('',#5951,#4853,#4854);
#3838=AXIS2_PLACEMENT_3D('',#5954,#4855,#4856);
#3839=AXIS2_PLACEMENT_3D('',#5955,#4857,#4858);
#3840=AXIS2_PLACEMENT_3D('',#5956,#4859,#4860);
#3841=AXIS2_PLACEMENT_3D('',#5957,#4861,#4862);
#3842=AXIS2_PLACEMENT_3D('',#5960,#4863,#4864);
#3843=AXIS2_PLACEMENT_3D('',#5963,#4867,#4868);
#3844=AXIS2_PLACEMENT_3D('',#5966,#4869,#4870);
#3845=AXIS2_PLACEMENT_3D('',#5967,#4871,#4872);
#3846=AXIS2_PLACEMENT_3D('',#5968,#4873,#4874);
#3847=AXIS2_PLACEMENT_3D('',#5969,#4875,#4876);
#3848=AXIS2_PLACEMENT_3D('',#5972,#4877,#4878);
#3849=AXIS2_PLACEMENT_3D('',#5975,#4881,#4882);
#3850=AXIS2_PLACEMENT_3D('',#5978,#4883,#4884);
#3851=AXIS2_PLACEMENT_3D('',#5979,#4885,#4886);
#3852=AXIS2_PLACEMENT_3D('',#5980,#4887,#4888);
#3853=AXIS2_PLACEMENT_3D('',#5981,#4889,#4890);
#3854=AXIS2_PLACEMENT_3D('',#5984,#4893,#4894);
#3855=AXIS2_PLACEMENT_3D('',#5987,#4897,#4898);
#3856=AXIS2_PLACEMENT_3D('',#5989,#4900,#4901);
#3857=AXIS2_PLACEMENT_3D('',#5991,#4903,#4904);
#3858=AXIS2_PLACEMENT_3D('',#5993,#4906,#4907);
#3859=AXIS2_PLACEMENT_3D('',#5995,#4909,#4910);
#3860=AXIS2_PLACEMENT_3D('',#5997,#4912,#4913);
#3861=AXIS2_PLACEMENT_3D('',#5999,#4915,#4916);
#3862=AXIS2_PLACEMENT_3D('',#6001,#4918,#4919);
#3863=AXIS2_PLACEMENT_3D('',#6003,#4921,#4922);
#3864=AXIS2_PLACEMENT_3D('',#6005,#4924,#4925);
#3865=AXIS2_PLACEMENT_3D('',#6007,#4927,#4928);
#3866=AXIS2_PLACEMENT_3D('',#6009,#4930,#4931);
#3867=AXIS2_PLACEMENT_3D('',#6011,#4933,#4934);
#3868=AXIS2_PLACEMENT_3D('',#6013,#4936,#4937);
#3869=AXIS2_PLACEMENT_3D('',#6015,#4939,#4940);
#3870=AXIS2_PLACEMENT_3D('',#6017,#4942,#4943);
#3871=AXIS2_PLACEMENT_3D('',#6019,#4945,#4946);
#3872=AXIS2_PLACEMENT_3D('',#6021,#4948,#4949);
#3873=AXIS2_PLACEMENT_3D('',#6023,#4951,#4952);
#3874=AXIS2_PLACEMENT_3D('',#6025,#4954,#4955);
#3875=AXIS2_PLACEMENT_3D('',#6026,#4956,#4957);
#3876=AXIS2_PLACEMENT_3D('',#6028,#4958,#4959);
#3877=AXIS2_PLACEMENT_3D('',#6030,#4961,#4962);
#3878=AXIS2_PLACEMENT_3D('',#6034,#4965,#4966);
#3879=AXIS2_PLACEMENT_3D('',#6036,#4967,#4968);
#3880=AXIS2_PLACEMENT_3D('',#6038,#4970,#4971);
#3881=AXIS2_PLACEMENT_3D('',#6042,#4974,#4975);
#3882=AXIS2_PLACEMENT_3D('',#6044,#4976,#4977);
#3883=AXIS2_PLACEMENT_3D('',#6046,#4979,#4980);
#3884=AXIS2_PLACEMENT_3D('',#6050,#4983,#4984);
#3885=AXIS2_PLACEMENT_3D('',#6054,#4986,#4987);
#3886=AXIS2_PLACEMENT_3D('',#6056,#4989,#4990);
#3887=AXIS2_PLACEMENT_3D('',#6060,#4993,#4994);
#3888=AXIS2_PLACEMENT_3D('',#6064,#4997,#4998);
#3889=AXIS2_PLACEMENT_3D('',#6066,#4999,#5000);
#3890=AXIS2_PLACEMENT_3D('',#6068,#5002,#5003);
#3891=AXIS2_PLACEMENT_3D('',#6070,#5005,#5006);
#3892=AXIS2_PLACEMENT_3D('',#6072,#5008,#5009);
#3893=AXIS2_PLACEMENT_3D('',#6073,#5010,#5011);
#3894=AXIS2_PLACEMENT_3D('',#6074,#5012,#5013);
#3895=AXIS2_PLACEMENT_3D('',#6075,#5014,#5015);
#3896=AXIS2_PLACEMENT_3D('',#6076,#5016,#5017);
#3897=AXIS2_PLACEMENT_3D('',#6078,#5019,#5020);
#3898=AXIS2_PLACEMENT_3D('',#6080,#5022,#5023);
#3899=AXIS2_PLACEMENT_3D('',#6081,#5024,#5025);
#3900=AXIS2_PLACEMENT_3D('',#6083,#5027,#5028);
#3901=AXIS2_PLACEMENT_3D('',#6085,#5030,#5031);
#3902=AXIS2_PLACEMENT_3D('',#6088,#5034,#5035);
#3903=AXIS2_PLACEMENT_3D('',#6090,#5037,#5038);
#3904=AXIS2_PLACEMENT_3D('',#6092,#5040,#5041);
#3905=AXIS2_PLACEMENT_3D('',#6094,#5043,#5044);
#3906=AXIS2_PLACEMENT_3D('',#6096,#5046,#5047);
#3907=AXIS2_PLACEMENT_3D('',#6098,#5049,#5050);
#3908=AXIS2_PLACEMENT_3D('',#6100,#5052,#5053);
#3909=AXIS2_PLACEMENT_3D('',#6102,#5055,#5056);
#3910=AXIS2_PLACEMENT_3D('',#6104,#5058,#5059);
#3911=AXIS2_PLACEMENT_3D('',#6106,#5061,#5062);
#3912=AXIS2_PLACEMENT_3D('',#6108,#5064,#5065);
#3913=AXIS2_PLACEMENT_3D('',#6110,#5067,#5068);
#3914=AXIS2_PLACEMENT_3D('',#6112,#5070,#5071);
#3915=AXIS2_PLACEMENT_3D('',#6113,#5072,#5073);
#3916=AXIS2_PLACEMENT_3D('',#6115,#5075,#5076);
#3917=AXIS2_PLACEMENT_3D('',#6117,#5078,#5079);
#3918=AXIS2_PLACEMENT_3D('',#6119,#5081,#5082);
#3919=DIRECTION('axis',(0.,0.,1.));
#3920=DIRECTION('refdir',(1.,0.,0.));
#3921=DIRECTION('center_axis',(0.,1.,0.));
#3922=DIRECTION('ref_axis',(1.,0.,0.));
#3923=DIRECTION('center_axis',(0.,1.,0.));
#3924=DIRECTION('ref_axis',(1.,0.,0.));
#3925=DIRECTION('center_axis',(0.,1.,0.));
#3926=DIRECTION('ref_axis',(1.,0.,0.));
#3927=DIRECTION('',(0.,-1.,0.));
#3928=DIRECTION('center_axis',(0.,-1.,0.));
#3929=DIRECTION('ref_axis',(1.,0.,0.));
#3930=DIRECTION('center_axis',(0.,-1.,0.));
#3931=DIRECTION('ref_axis',(1.,0.,0.));
#3932=DIRECTION('center_axis',(0.,1.,0.));
#3933=DIRECTION('ref_axis',(0.,0.,1.));
#3934=DIRECTION('center_axis',(0.,-1.,0.));
#3935=DIRECTION('ref_axis',(-1.,0.,0.));
#3936=DIRECTION('center_axis',(0.,-1.,0.));
#3937=DIRECTION('ref_axis',(-1.,0.,0.));
#3938=DIRECTION('center_axis',(0.,1.,0.));
#3939=DIRECTION('ref_axis',(1.,0.,0.));
#3940=DIRECTION('center_axis',(0.,1.,0.));
#3941=DIRECTION('ref_axis',(1.,0.,0.));
#3942=DIRECTION('center_axis',(0.,1.,0.));
#3943=DIRECTION('ref_axis',(1.,0.,0.));
#3944=DIRECTION('',(0.,-1.,0.));
#3945=DIRECTION('center_axis',(0.,-1.,0.));
#3946=DIRECTION('ref_axis',(1.,0.,0.));
#3947=DIRECTION('center_axis',(0.,-1.,0.));
#3948=DIRECTION('ref_axis',(1.,0.,0.));
#3949=DIRECTION('center_axis',(0.,1.,0.));
#3950=DIRECTION('ref_axis',(0.,0.,1.));
#3951=DIRECTION('center_axis',(0.,-1.,0.));
#3952=DIRECTION('ref_axis',(-1.,0.,0.));
#3953=DIRECTION('center_axis',(0.,-1.,0.));
#3954=DIRECTION('ref_axis',(-1.,0.,0.));
#3955=DIRECTION('center_axis',(0.,1.,0.));
#3956=DIRECTION('ref_axis',(1.,0.,0.));
#3957=DIRECTION('center_axis',(0.,1.,0.));
#3958=DIRECTION('ref_axis',(1.,0.,0.));
#3959=DIRECTION('center_axis',(0.,1.,0.));
#3960=DIRECTION('ref_axis',(1.,0.,0.));
#3961=DIRECTION('',(0.,-1.,0.));
#3962=DIRECTION('center_axis',(0.,-1.,0.));
#3963=DIRECTION('ref_axis',(1.,0.,0.));
#3964=DIRECTION('center_axis',(0.,-1.,0.));
#3965=DIRECTION('ref_axis',(1.,0.,0.));
#3966=DIRECTION('center_axis',(0.,1.,0.));
#3967=DIRECTION('ref_axis',(0.,0.,1.));
#3968=DIRECTION('center_axis',(0.,-1.,0.));
#3969=DIRECTION('ref_axis',(-1.,0.,0.));
#3970=DIRECTION('center_axis',(0.,-1.,0.));
#3971=DIRECTION('ref_axis',(-1.,0.,0.));
#3972=DIRECTION('center_axis',(0.,1.,0.));
#3973=DIRECTION('ref_axis',(1.,0.,0.));
#3974=DIRECTION('center_axis',(0.,1.,0.));
#3975=DIRECTION('ref_axis',(1.,0.,0.));
#3976=DIRECTION('center_axis',(0.,1.,0.));
#3977=DIRECTION('ref_axis',(1.,0.,0.));
#3978=DIRECTION('',(0.,-1.,0.));
#3979=DIRECTION('center_axis',(0.,-1.,0.));
#3980=DIRECTION('ref_axis',(1.,0.,0.));
#3981=DIRECTION('center_axis',(0.,-1.,0.));
#3982=DIRECTION('ref_axis',(1.,0.,0.));
#3983=DIRECTION('center_axis',(0.,1.,0.));
#3984=DIRECTION('ref_axis',(0.,0.,1.));
#3985=DIRECTION('center_axis',(0.,-1.,0.));
#3986=DIRECTION('ref_axis',(-1.,0.,0.));
#3987=DIRECTION('center_axis',(0.,-1.,0.));
#3988=DIRECTION('ref_axis',(-1.,0.,0.));
#3989=DIRECTION('center_axis',(0.,1.,0.));
#3990=DIRECTION('ref_axis',(1.,0.,0.));
#3991=DIRECTION('center_axis',(0.,1.,0.));
#3992=DIRECTION('ref_axis',(1.,0.,0.));
#3993=DIRECTION('center_axis',(0.,1.,0.));
#3994=DIRECTION('ref_axis',(1.,0.,0.));
#3995=DIRECTION('',(0.,-1.,0.));
#3996=DIRECTION('center_axis',(0.,-1.,0.));
#3997=DIRECTION('ref_axis',(1.,0.,0.));
#3998=DIRECTION('center_axis',(0.,-1.,0.));
#3999=DIRECTION('ref_axis',(1.,0.,0.));
#4000=DIRECTION('center_axis',(0.,1.,0.));
#4001=DIRECTION('ref_axis',(0.,0.,1.));
#4002=DIRECTION('center_axis',(0.,-1.,0.));
#4003=DIRECTION('ref_axis',(-1.,0.,0.));
#4004=DIRECTION('center_axis',(0.,-1.,0.));
#4005=DIRECTION('ref_axis',(-1.,0.,0.));
#4006=DIRECTION('center_axis',(0.,1.,0.));
#4007=DIRECTION('ref_axis',(0.,0.,1.));
#4008=DIRECTION('center_axis',(0.,-1.,0.));
#4009=DIRECTION('ref_axis',(1.,0.,0.));
#4010=DIRECTION('center_axis',(0.,1.,0.));
#4011=DIRECTION('ref_axis',(0.,0.,1.));
#4012=DIRECTION('center_axis',(0.,-1.,0.));
#4013=DIRECTION('ref_axis',(1.,0.,0.));
#4014=DIRECTION('center_axis',(0.,1.,0.));
#4015=DIRECTION('ref_axis',(-0.128597184286741,0.,-0.991696911457085));
#4016=DIRECTION('center_axis',(0.,-1.,0.));
#4017=DIRECTION('ref_axis',(-0.128597184286741,0.,-0.991696911457085));
#4018=DIRECTION('',(0.,1.,0.));
#4019=DIRECTION('center_axis',(0.,-1.,0.));
#4020=DIRECTION('ref_axis',(-0.128597184286741,0.,-0.991696911457085));
#4021=DIRECTION('',(0.,-1.,0.));
#4022=DIRECTION('center_axis',(-1.,0.,-9.73394608076574E-15));
#4023=DIRECTION('ref_axis',(-9.73394608076574E-15,0.,1.));
#4024=DIRECTION('',(9.73394608076574E-15,0.,-1.));
#4025=DIRECTION('',(0.,1.,0.));
#4026=DIRECTION('',(9.73394608076574E-15,0.,-1.));
#4027=DIRECTION('center_axis',(0.,1.,0.));
#4028=DIRECTION('ref_axis',(-1.,0.,-3.89732690564415E-11));
#4029=DIRECTION('center_axis',(0.,-1.,0.));
#4030=DIRECTION('ref_axis',(-1.,0.,-3.89732690564415E-11));
#4031=DIRECTION('',(0.,1.,0.));
#4032=DIRECTION('center_axis',(0.,-1.,0.));
#4033=DIRECTION('ref_axis',(-1.,0.,-3.89732690564415E-11));
#4034=DIRECTION('center_axis',(0.,1.,0.));
#4035=DIRECTION('ref_axis',(-1.,0.,0.));
#4036=DIRECTION('center_axis',(0.,1.,0.));
#4037=DIRECTION('ref_axis',(-1.,0.,0.));
#4038=DIRECTION('',(0.,-1.,0.));
#4039=DIRECTION('center_axis',(0.,1.,0.));
#4040=DIRECTION('ref_axis',(-1.,0.,0.));
#4041=DIRECTION('center_axis',(0.,1.,0.));
#4042=DIRECTION('ref_axis',(-1.,0.,0.));
#4043=DIRECTION('',(0.,-1.,0.));
#4044=DIRECTION('center_axis',(0.,1.,0.));
#4045=DIRECTION('ref_axis',(0.138069482379929,0.,0.990422545197421));
#4046=DIRECTION('center_axis',(0.,-1.,0.));
#4047=DIRECTION('ref_axis',(0.138069482379929,0.,0.990422545197421));
#4048=DIRECTION('',(0.,1.,0.));
#4049=DIRECTION('center_axis',(0.,-1.,0.));
#4050=DIRECTION('ref_axis',(0.138069482379929,0.,0.990422545197421));
#4051=DIRECTION('',(0.,-1.,0.));
#4052=DIRECTION('center_axis',(1.,0.,-1.55417544871181E-14));
#4053=DIRECTION('ref_axis',(-1.55417544871181E-14,0.,-1.));
#4054=DIRECTION('',(1.55417544871181E-14,0.,1.));
#4055=DIRECTION('',(0.,1.,0.));
#4056=DIRECTION('',(1.55417544871181E-14,0.,1.));
#4057=DIRECTION('center_axis',(0.,1.,0.));
#4058=DIRECTION('ref_axis',(0.99165425796778,0.,-0.128925686557688));
#4059=DIRECTION('center_axis',(0.,-1.,0.));
#4060=DIRECTION('ref_axis',(0.99165425796778,0.,-0.128925686557688));
#4061=DIRECTION('',(0.,1.,0.));
#4062=DIRECTION('center_axis',(0.,-1.,0.));
#4063=DIRECTION('ref_axis',(0.99165425796778,0.,-0.128925686557688));
#4064=DIRECTION('center_axis',(0.,-1.,0.));
#4065=DIRECTION('ref_axis',(1.,0.,0.));
#4066=DIRECTION('center_axis',(0.,1.,0.));
#4067=DIRECTION('ref_axis',(0.647689071844546,0.,-0.761904761904761));
#4068=DIRECTION('',(0.,1.,0.));
#4069=DIRECTION('center_axis',(0.,1.,0.));
#4070=DIRECTION('ref_axis',(1.,0.,0.));
#4071=DIRECTION('center_axis',(0.,0.,1.));
#4072=DIRECTION('ref_axis',(1.,0.,0.));
#4073=DIRECTION('',(-1.,0.,-2.17426294463099E-16));
#4074=DIRECTION('',(0.,1.,0.));
#4075=DIRECTION('',(-1.,0.,0.));
#4076=DIRECTION('center_axis',(0.,1.,0.));
#4077=DIRECTION('ref_axis',(0.,0.,1.));
#4078=DIRECTION('',(1.,0.,0.));
#4079=DIRECTION('',(0.,0.,-1.));
#4080=DIRECTION('center_axis',(0.,1.,0.));
#4081=DIRECTION('ref_axis',(0.,0.,-1.));
#4082=DIRECTION('',(1.,0.,-2.22044604925032E-15));
#4083=DIRECTION('',(-4.61391386857208E-16,0.,-1.));
#4084=DIRECTION('',(-1.,0.,0.));
#4085=DIRECTION('center_axis',(0.,1.,0.));
#4086=DIRECTION('ref_axis',(-1.,0.,0.));
#4087=DIRECTION('',(-1.77635683940026E-14,0.,-1.));
#4088=DIRECTION('center_axis',(0.,1.,0.));
#4089=DIRECTION('ref_axis',(0.,0.,1.));
#4090=DIRECTION('center_axis',(0.,1.,0.));
#4091=DIRECTION('ref_axis',(-0.647689071844548,0.,0.761904761904759));
#4092=DIRECTION('',(-1.,0.,0.));
#4093=DIRECTION('center_axis',(0.,1.,0.));
#4094=DIRECTION('ref_axis',(-0.647689071844548,0.,0.761904761904759));
#4095=DIRECTION('',(-1.,0.,0.));
#4096=DIRECTION('center_axis',(0.,1.,0.));
#4097=DIRECTION('ref_axis',(-0.647689071844548,0.,0.761904761904759));
#4098=DIRECTION('',(-1.,0.,0.));
#4099=DIRECTION('center_axis',(0.,1.,0.));
#4100=DIRECTION('ref_axis',(-0.64768907184455,0.,0.761904761904758));
#4101=DIRECTION('',(-1.,0.,6.65320508382481E-16));
#4102=DIRECTION('',(-9.6989083433136E-12,0.,-1.));
#4103=DIRECTION('center_axis',(0.,-1.,0.));
#4104=DIRECTION('ref_axis',(0.,0.,-1.));
#4105=DIRECTION('',(1.,0.,0.));
#4106=DIRECTION('',(-4.61391386857208E-16,0.,1.));
#4107=DIRECTION('',(-1.,0.,9.69594774858109E-12));
#4108=DIRECTION('center_axis',(0.,-1.,0.));
#4109=DIRECTION('ref_axis',(-1.,0.,1.26882631385732E-15));
#4110=DIRECTION('',(0.,0.,-1.));
#4111=DIRECTION('',(1.,0.,-6.6532050838248E-16));
#4112=DIRECTION('center_axis',(0.,1.,0.));
#4113=DIRECTION('ref_axis',(0.647689071844547,0.,-0.76190476190476));
#4114=DIRECTION('',(1.,0.,0.));
#4115=DIRECTION('center_axis',(0.,1.,0.));
#4116=DIRECTION('ref_axis',(0.647689071844545,0.,-0.761904761904762));
#4117=DIRECTION('',(1.,0.,0.));
#4118=DIRECTION('center_axis',(0.,1.,0.));
#4119=DIRECTION('ref_axis',(0.647689071844547,0.,-0.76190476190476));
#4120=DIRECTION('',(1.,0.,0.));
#4121=DIRECTION('center_axis',(0.,0.,-1.));
#4122=DIRECTION('ref_axis',(1.,0.,0.));
#4123=DIRECTION('',(0.,-1.,0.));
#4124=DIRECTION('',(-1.,0.,0.));
#4125=DIRECTION('',(0.,1.,0.));
#4126=DIRECTION('center_axis',(0.,-1.,0.));
#4127=DIRECTION('ref_axis',(0.,0.,-1.));
#4128=DIRECTION('',(0.,-1.,0.));
#4129=DIRECTION('center_axis',(0.,1.,0.));
#4130=DIRECTION('ref_axis',(0.,0.,-1.));
#4131=DIRECTION('center_axis',(-1.,0.,9.6989083433136E-12));
#4132=DIRECTION('ref_axis',(-9.6989083433136E-12,0.,-1.));
#4133=DIRECTION('',(0.,-1.,0.));
#4134=DIRECTION('',(9.6989083433136E-12,0.,1.));
#4135=DIRECTION('center_axis',(9.69594774858109E-12,0.,1.));
#4136=DIRECTION('ref_axis',(-1.,0.,9.69594774858109E-12));
#4137=DIRECTION('',(0.,-1.,0.));
#4138=DIRECTION('',(1.,0.,-9.69594774858109E-12));
#4139=DIRECTION('',(0.,-1.,0.));
#4140=DIRECTION('center_axis',(0.,-1.,0.));
#4141=DIRECTION('ref_axis',(-1.,0.,1.26882631385732E-15));
#4142=DIRECTION('center_axis',(0.,1.,0.));
#4143=DIRECTION('ref_axis',(-1.,0.,1.26882631385732E-15));
#4144=DIRECTION('',(0.,-1.,0.));
#4145=DIRECTION('center_axis',(-1.,0.,0.));
#4146=DIRECTION('ref_axis',(0.,0.,-1.));
#4147=DIRECTION('',(0.,0.,1.));
#4148=DIRECTION('',(0.,1.,0.));
#4149=DIRECTION('center_axis',(0.,0.,1.));
#4150=DIRECTION('ref_axis',(1.,0.,0.));
#4151=DIRECTION('',(0.,-1.,0.));
#4152=DIRECTION('',(-1.,0.,0.));
#4153=DIRECTION('center_axis',(-1.48029736616688E-16,0.,-1.));
#4154=DIRECTION('ref_axis',(-1.,0.,1.48029736616688E-16));
#4155=DIRECTION('',(1.,0.,-1.48029736616688E-16));
#4156=DIRECTION('',(0.,1.,0.));
#4157=DIRECTION('center_axis',(0.,1.,0.));
#4158=DIRECTION('ref_axis',(1.,0.,0.));
#4159=DIRECTION('center_axis',(0.,1.,0.));
#4160=DIRECTION('ref_axis',(-1.,0.,0.));
#4161=DIRECTION('center_axis',(0.,1.,0.));
#4162=DIRECTION('ref_axis',(-1.,0.,0.));
#4163=DIRECTION('',(0.,1.,0.));
#4164=DIRECTION('center_axis',(0.,1.,0.));
#4165=DIRECTION('ref_axis',(1.,0.,0.));
#4166=DIRECTION('center_axis',(0.,1.,0.));
#4167=DIRECTION('ref_axis',(-1.,0.,0.));
#4168=DIRECTION('center_axis',(0.,1.,0.));
#4169=DIRECTION('ref_axis',(-1.,0.,0.));
#4170=DIRECTION('',(0.,1.,0.));
#4171=DIRECTION('center_axis',(0.,1.,0.));
#4172=DIRECTION('ref_axis',(1.,0.,0.));
#4173=DIRECTION('center_axis',(0.,1.,0.));
#4174=DIRECTION('ref_axis',(-1.,0.,0.));
#4175=DIRECTION('center_axis',(0.,1.,0.));
#4176=DIRECTION('ref_axis',(-1.,0.,0.));
#4177=DIRECTION('',(0.,1.,0.));
#4178=DIRECTION('center_axis',(0.,1.,0.));
#4179=DIRECTION('ref_axis',(1.,0.,0.));
#4180=DIRECTION('center_axis',(0.,1.,0.));
#4181=DIRECTION('ref_axis',(-1.,0.,0.));
#4182=DIRECTION('center_axis',(0.,1.,0.));
#4183=DIRECTION('ref_axis',(-1.,0.,0.));
#4184=DIRECTION('',(0.,1.,0.));
#4185=DIRECTION('center_axis',(0.,1.,0.));
#4186=DIRECTION('ref_axis',(1.,0.,0.));
#4187=DIRECTION('center_axis',(0.,1.,0.));
#4188=DIRECTION('ref_axis',(-1.,0.,0.));
#4189=DIRECTION('center_axis',(0.,1.,0.));
#4190=DIRECTION('ref_axis',(-1.,0.,0.));
#4191=DIRECTION('',(0.,1.,0.));
#4192=DIRECTION('center_axis',(0.,-1.,0.));
#4193=DIRECTION('ref_axis',(1.,0.,0.));
#4194=DIRECTION('center_axis',(0.,-1.,0.));
#4195=DIRECTION('ref_axis',(1.,0.,0.));
#4196=DIRECTION('center_axis',(0.,-1.,0.));
#4197=DIRECTION('ref_axis',(1.,0.,0.));
#4198=DIRECTION('',(0.,-1.,0.));
#4199=DIRECTION('center_axis',(0.,-1.,0.));
#4200=DIRECTION('ref_axis',(1.,0.,0.));
#4201=DIRECTION('center_axis',(0.,-1.,0.));
#4202=DIRECTION('ref_axis',(1.,0.,0.));
#4203=DIRECTION('center_axis',(0.,1.,0.));
#4204=DIRECTION('ref_axis',(0.,0.,1.));
#4205=DIRECTION('center_axis',(0.,-1.,0.));
#4206=DIRECTION('ref_axis',(1.,0.,0.));
#4207=DIRECTION('center_axis',(0.,-1.,0.));
#4208=DIRECTION('ref_axis',(1.,0.,0.));
#4209=DIRECTION('center_axis',(0.,-1.,0.));
#4210=DIRECTION('ref_axis',(1.,0.,0.));
#4211=DIRECTION('',(0.,-1.,0.));
#4212=DIRECTION('center_axis',(0.,-1.,0.));
#4213=DIRECTION('ref_axis',(1.,0.,0.));
#4214=DIRECTION('center_axis',(0.,-1.,0.));
#4215=DIRECTION('ref_axis',(1.,0.,0.));
#4216=DIRECTION('center_axis',(0.,1.,0.));
#4217=DIRECTION('ref_axis',(0.,0.,1.));
#4218=DIRECTION('center_axis',(0.,-1.,0.));
#4219=DIRECTION('ref_axis',(1.,0.,0.));
#4220=DIRECTION('center_axis',(0.,-1.,0.));
#4221=DIRECTION('ref_axis',(1.,0.,0.));
#4222=DIRECTION('center_axis',(0.,-1.,0.));
#4223=DIRECTION('ref_axis',(1.,0.,0.));
#4224=DIRECTION('',(0.,-1.,0.));
#4225=DIRECTION('center_axis',(0.,-1.,0.));
#4226=DIRECTION('ref_axis',(1.,0.,0.));
#4227=DIRECTION('center_axis',(0.,-1.,0.));
#4228=DIRECTION('ref_axis',(1.,0.,0.));
#4229=DIRECTION('center_axis',(0.,1.,0.));
#4230=DIRECTION('ref_axis',(0.,0.,1.));
#4231=DIRECTION('center_axis',(0.,-1.,0.));
#4232=DIRECTION('ref_axis',(1.,0.,0.));
#4233=DIRECTION('center_axis',(0.,-1.,0.));
#4234=DIRECTION('ref_axis',(1.,0.,0.));
#4235=DIRECTION('center_axis',(0.,-1.,0.));
#4236=DIRECTION('ref_axis',(1.,0.,0.));
#4237=DIRECTION('',(0.,-1.,0.));
#4238=DIRECTION('center_axis',(0.,-1.,0.));
#4239=DIRECTION('ref_axis',(1.,0.,0.));
#4240=DIRECTION('center_axis',(0.,-1.,0.));
#4241=DIRECTION('ref_axis',(1.,0.,0.));
#4242=DIRECTION('center_axis',(0.,1.,0.));
#4243=DIRECTION('ref_axis',(0.,0.,1.));
#4244=DIRECTION('center_axis',(0.,-1.,0.));
#4245=DIRECTION('ref_axis',(1.,0.,0.));
#4246=DIRECTION('',(0.,-1.,0.));
#4247=DIRECTION('center_axis',(0.,1.,0.));
#4248=DIRECTION('ref_axis',(1.,0.,0.));
#4249=DIRECTION('',(0.,-1.,0.));
#4250=DIRECTION('center_axis',(0.,0.,-1.));
#4251=DIRECTION('ref_axis',(1.,0.,0.));
#4252=DIRECTION('',(0.,-1.,0.));
#4253=DIRECTION('',(-1.,0.,0.));
#4254=DIRECTION('center_axis',(1.,0.,-8.88178419700128E-15));
#4255=DIRECTION('ref_axis',(8.88178419700128E-15,0.,1.));
#4256=DIRECTION('',(-8.88178419700128E-15,0.,-1.));
#4257=DIRECTION('center_axis',(1.,0.,0.));
#4258=DIRECTION('ref_axis',(0.,0.,1.));
#4259=DIRECTION('',(0.,-1.,0.));
#4260=DIRECTION('',(0.,0.,-1.));
#4261=DIRECTION('',(0.,-1.,0.));
#4262=DIRECTION('center_axis',(0.,-1.,0.));
#4263=DIRECTION('ref_axis',(1.,0.,0.));
#4264=DIRECTION('center_axis',(0.,1.,0.));
#4265=DIRECTION('ref_axis',(1.,0.,0.));
#4266=DIRECTION('',(0.,-1.,0.));
#4267=DIRECTION('center_axis',(2.22044604925038E-15,0.,1.));
#4268=DIRECTION('ref_axis',(-1.,0.,2.22044604925038E-15));
#4269=DIRECTION('',(1.,0.,-2.22044604925038E-15));
#4270=DIRECTION('',(0.,1.,0.));
#4271=DIRECTION('center_axis',(0.,1.,0.));
#4272=DIRECTION('ref_axis',(0.647689071844544,0.,-0.761904761904762));
#4273=DIRECTION('center_axis',(0.,1.,0.));
#4274=DIRECTION('ref_axis',(0.647689071844544,0.,-0.761904761904762));
#4275=DIRECTION('',(0.,1.,0.));
#4276=DIRECTION('center_axis',(0.,-1.,0.));
#4277=DIRECTION('ref_axis',(0.647689071844544,0.,-0.761904761904762));
#4278=DIRECTION('',(0.,1.,0.));
#4279=DIRECTION('center_axis',(0.,0.,-1.));
#4280=DIRECTION('ref_axis',(-1.,0.,0.));
#4281=DIRECTION('',(1.,0.,0.));
#4282=DIRECTION('',(-1.,0.,0.));
#4283=DIRECTION('',(0.,1.,0.));
#4284=DIRECTION('center_axis',(0.,1.,0.));
#4285=DIRECTION('ref_axis',(0.,0.,-1.));
#4286=DIRECTION('center_axis',(0.,1.,0.));
#4287=DIRECTION('ref_axis',(0.,0.,-1.));
#4288=DIRECTION('center_axis',(0.,-1.,0.));
#4289=DIRECTION('ref_axis',(0.,0.,-1.));
#4290=DIRECTION('',(0.,1.,0.));
#4291=DIRECTION('center_axis',(0.,1.,0.));
#4292=DIRECTION('ref_axis',(0.64768907184455,0.,-0.761904761904758));
#4293=DIRECTION('center_axis',(0.,-1.,0.));
#4294=DIRECTION('ref_axis',(0.64768907184455,0.,-0.761904761904758));
#4295=DIRECTION('center_axis',(0.,1.,0.));
#4296=DIRECTION('ref_axis',(0.64768907184455,0.,-0.761904761904758));
#4297=DIRECTION('',(0.,1.,0.));
#4298=DIRECTION('center_axis',(0.,1.,0.));
#4299=DIRECTION('ref_axis',(0.647689071844547,0.,-0.76190476190476));
#4300=DIRECTION('center_axis',(0.,1.,0.));
#4301=DIRECTION('ref_axis',(0.647689071844547,0.,-0.76190476190476));
#4302=DIRECTION('center_axis',(0.,-1.,0.));
#4303=DIRECTION('ref_axis',(0.647689071844547,0.,-0.76190476190476));
#4304=DIRECTION('',(0.,1.,0.));
#4305=DIRECTION('center_axis',(2.6752954515867E-16,0.,-1.));
#4306=DIRECTION('ref_axis',(-1.,0.,-2.6752954515867E-16));
#4307=DIRECTION('',(1.,0.,2.6752954515867E-16));
#4308=DIRECTION('',(-1.,0.,-2.6752954515867E-16));
#4309=DIRECTION('',(0.,1.,0.));
#4310=DIRECTION('center_axis',(0.,1.,0.));
#4311=DIRECTION('ref_axis',(0.,0.,-1.));
#4312=DIRECTION('center_axis',(0.,1.,0.));
#4313=DIRECTION('ref_axis',(0.,0.,-1.));
#4314=DIRECTION('center_axis',(0.,-1.,0.));
#4315=DIRECTION('ref_axis',(0.,0.,-1.));
#4316=DIRECTION('',(0.,1.,0.));
#4317=DIRECTION('center_axis',(-1.,0.,0.));
#4318=DIRECTION('ref_axis',(0.,0.,1.));
#4319=DIRECTION('',(0.,0.,-1.));
#4320=DIRECTION('',(0.,0.,1.));
#4321=DIRECTION('',(0.,1.,0.));
#4322=DIRECTION('center_axis',(0.,1.,0.));
#4323=DIRECTION('ref_axis',(-1.,0.,0.));
#4324=DIRECTION('center_axis',(0.,1.,0.));
#4325=DIRECTION('ref_axis',(-1.,0.,0.));
#4326=DIRECTION('center_axis',(0.,-1.,0.));
#4327=DIRECTION('ref_axis',(-1.,0.,0.));
#4328=DIRECTION('',(0.,1.,0.));
#4329=DIRECTION('center_axis',(5.35059090317339E-16,0.,1.));
#4330=DIRECTION('ref_axis',(1.,0.,-5.35059090317339E-16));
#4331=DIRECTION('',(-1.,0.,5.35059090317339E-16));
#4332=DIRECTION('',(1.,0.,-5.35059090317339E-16));
#4333=DIRECTION('',(0.,1.,0.));
#4334=DIRECTION('center_axis',(0.,1.,0.));
#4335=DIRECTION('ref_axis',(0.,0.,1.));
#4336=DIRECTION('center_axis',(0.,1.,0.));
#4337=DIRECTION('ref_axis',(0.,0.,1.));
#4338=DIRECTION('center_axis',(0.,-1.,0.));
#4339=DIRECTION('ref_axis',(0.,0.,1.));
#4340=DIRECTION('',(0.,1.,0.));
#4341=DIRECTION('center_axis',(0.,1.,0.));
#4342=DIRECTION('ref_axis',(-0.647689071844546,0.,0.761904761904761));
#4343=DIRECTION('center_axis',(0.,-1.,0.));
#4344=DIRECTION('ref_axis',(-0.647689071844546,0.,0.761904761904761));
#4345=DIRECTION('center_axis',(0.,1.,0.));
#4346=DIRECTION('ref_axis',(-0.647689071844546,0.,0.761904761904761));
#4347=DIRECTION('',(0.,1.,0.));
#4348=DIRECTION('center_axis',(0.,1.,0.));
#4349=DIRECTION('ref_axis',(-0.647689071844547,0.,0.76190476190476));
#4350=DIRECTION('center_axis',(0.,1.,0.));
#4351=DIRECTION('ref_axis',(-0.647689071844547,0.,0.76190476190476));
#4352=DIRECTION('center_axis',(0.,-1.,0.));
#4353=DIRECTION('ref_axis',(-0.647689071844547,0.,0.76190476190476));
#4354=DIRECTION('',(0.,1.,0.));
#4355=DIRECTION('center_axis',(0.,0.,1.));
#4356=DIRECTION('ref_axis',(1.,0.,0.));
#4357=DIRECTION('',(-1.,0.,0.));
#4358=DIRECTION('',(1.,0.,0.));
#4359=DIRECTION('',(0.,1.,0.));
#4360=DIRECTION('center_axis',(0.,1.,0.));
#4361=DIRECTION('ref_axis',(0.,0.,1.));
#4362=DIRECTION('center_axis',(0.,1.,0.));
#4363=DIRECTION('ref_axis',(0.,0.,1.));
#4364=DIRECTION('center_axis',(0.,-1.,0.));
#4365=DIRECTION('ref_axis',(0.,0.,1.));
#4366=DIRECTION('',(0.,1.,0.));
#4367=DIRECTION('center_axis',(0.,1.,0.));
#4368=DIRECTION('ref_axis',(-0.647689071844545,0.,0.761904761904762));
#4369=DIRECTION('center_axis',(0.,-1.,0.));
#4370=DIRECTION('ref_axis',(-0.647689071844545,0.,0.761904761904762));
#4371=DIRECTION('center_axis',(0.,1.,0.));
#4372=DIRECTION('ref_axis',(-0.647689071844545,0.,0.761904761904762));
#4373=DIRECTION('',(0.,1.,0.));
#4374=DIRECTION('center_axis',(0.,1.,0.));
#4375=DIRECTION('ref_axis',(-0.647689071844545,0.,0.761904761904761));
#4376=DIRECTION('center_axis',(0.,1.,0.));
#4377=DIRECTION('ref_axis',(-0.647689071844545,0.,0.761904761904761));
#4378=DIRECTION('center_axis',(0.,-1.,0.));
#4379=DIRECTION('ref_axis',(-0.647689071844545,0.,0.761904761904761));
#4380=DIRECTION('',(0.,1.,0.));
#4381=DIRECTION('center_axis',(0.,0.,1.));
#4382=DIRECTION('ref_axis',(1.,0.,0.));
#4383=DIRECTION('',(-1.,0.,0.));
#4384=DIRECTION('',(1.,0.,0.));
#4385=DIRECTION('',(0.,1.,0.));
#4386=DIRECTION('center_axis',(0.,1.,0.));
#4387=DIRECTION('ref_axis',(0.,0.,1.));
#4388=DIRECTION('center_axis',(0.,1.,0.));
#4389=DIRECTION('ref_axis',(0.,0.,1.));
#4390=DIRECTION('center_axis',(0.,-1.,0.));
#4391=DIRECTION('ref_axis',(0.,0.,1.));
#4392=DIRECTION('',(0.,1.,0.));
#4393=DIRECTION('center_axis',(0.,1.,0.));
#4394=DIRECTION('ref_axis',(-0.647689071844547,0.,0.76190476190476));
#4395=DIRECTION('center_axis',(0.,-1.,0.));
#4396=DIRECTION('ref_axis',(-0.647689071844547,0.,0.76190476190476));
#4397=DIRECTION('center_axis',(0.,1.,0.));
#4398=DIRECTION('ref_axis',(-0.647689071844547,0.,0.76190476190476));
#4399=DIRECTION('',(0.,1.,0.));
#4400=DIRECTION('center_axis',(0.,1.,0.));
#4401=DIRECTION('ref_axis',(-0.647689071844548,0.,0.76190476190476));
#4402=DIRECTION('center_axis',(0.,1.,0.));
#4403=DIRECTION('ref_axis',(-0.647689071844548,0.,0.76190476190476));
#4404=DIRECTION('center_axis',(0.,-1.,0.));
#4405=DIRECTION('ref_axis',(-0.647689071844548,0.,0.76190476190476));
#4406=DIRECTION('',(0.,1.,0.));
#4407=DIRECTION('center_axis',(-6.35080221938731E-15,0.,1.));
#4408=DIRECTION('ref_axis',(1.,0.,6.35080221938731E-15));
#4409=DIRECTION('',(-1.,0.,-6.35080221938731E-15));
#4410=DIRECTION('',(1.,0.,6.35080221938731E-15));
#4411=DIRECTION('',(0.,1.,0.));
#4412=DIRECTION('center_axis',(0.,1.,0.));
#4413=DIRECTION('ref_axis',(0.,0.,1.));
#4414=DIRECTION('center_axis',(0.,1.,0.));
#4415=DIRECTION('ref_axis',(0.,0.,1.));
#4416=DIRECTION('center_axis',(0.,-1.,0.));
#4417=DIRECTION('ref_axis',(0.,0.,1.));
#4418=DIRECTION('',(0.,1.,0.));
#4419=DIRECTION('center_axis',(0.,1.,0.));
#4420=DIRECTION('ref_axis',(-0.647689071844547,0.,0.76190476190476));
#4421=DIRECTION('center_axis',(0.,-1.,0.));
#4422=DIRECTION('ref_axis',(-0.647689071844547,0.,0.76190476190476));
#4423=DIRECTION('center_axis',(0.,1.,0.));
#4424=DIRECTION('ref_axis',(-0.647689071844547,0.,0.76190476190476));
#4425=DIRECTION('',(0.,1.,0.));
#4426=DIRECTION('center_axis',(0.,1.,0.));
#4427=DIRECTION('ref_axis',(-0.647689071844548,0.,0.76190476190476));
#4428=DIRECTION('center_axis',(0.,1.,0.));
#4429=DIRECTION('ref_axis',(-0.647689071844548,0.,0.76190476190476));
#4430=DIRECTION('center_axis',(0.,-1.,0.));
#4431=DIRECTION('ref_axis',(-0.647689071844548,0.,0.76190476190476));
#4432=DIRECTION('',(0.,1.,0.));
#4433=DIRECTION('center_axis',(5.03506702840235E-16,0.,1.));
#4434=DIRECTION('ref_axis',(1.,0.,-5.03506702840235E-16));
#4435=DIRECTION('',(-1.,0.,5.03506702840235E-16));
#4436=DIRECTION('',(1.,0.,-5.03506702840235E-16));
#4437=DIRECTION('',(0.,1.,0.));
#4438=DIRECTION('center_axis',(0.,1.,0.));
#4439=DIRECTION('ref_axis',(0.,0.,1.));
#4440=DIRECTION('center_axis',(0.,1.,0.));
#4441=DIRECTION('ref_axis',(0.,0.,1.));
#4442=DIRECTION('center_axis',(0.,-1.,0.));
#4443=DIRECTION('ref_axis',(0.,0.,1.));
#4444=DIRECTION('',(0.,1.,0.));
#4445=DIRECTION('center_axis',(1.,0.,-5.9211894646675E-16));
#4446=DIRECTION('ref_axis',(-5.9211894646675E-16,0.,-1.));
#4447=DIRECTION('',(5.9211894646675E-16,0.,1.));
#4448=DIRECTION('',(-5.9211894646675E-16,0.,-1.));
#4449=DIRECTION('',(0.,1.,0.));
#4450=DIRECTION('center_axis',(0.,1.,0.));
#4451=DIRECTION('ref_axis',(1.,0.,0.));
#4452=DIRECTION('center_axis',(0.,1.,0.));
#4453=DIRECTION('ref_axis',(1.,0.,0.));
#4454=DIRECTION('center_axis',(0.,-1.,0.));
#4455=DIRECTION('ref_axis',(1.,0.,0.));
#4456=DIRECTION('',(0.,1.,0.));
#4457=DIRECTION('center_axis',(-1.00701340568047E-16,0.,-1.));
#4458=DIRECTION('ref_axis',(-1.,0.,1.00701340568047E-16));
#4459=DIRECTION('',(1.,0.,-1.00701340568047E-16));
#4460=DIRECTION('',(-1.,0.,1.00701340568047E-16));
#4461=DIRECTION('',(0.,1.,0.));
#4462=DIRECTION('center_axis',(0.,1.,0.));
#4463=DIRECTION('ref_axis',(-1.58603289232166E-16,0.,-1.));
#4464=DIRECTION('center_axis',(0.,1.,0.));
#4465=DIRECTION('ref_axis',(-1.58603289232166E-16,0.,-1.));
#4466=DIRECTION('center_axis',(0.,-1.,0.));
#4467=DIRECTION('ref_axis',(-1.58603289232166E-16,0.,-1.));
#4468=DIRECTION('',(0.,1.,0.));
#4469=DIRECTION('center_axis',(0.,1.,0.));
#4470=DIRECTION('ref_axis',(0.647689071844549,0.,-0.761904761904759));
#4471=DIRECTION('center_axis',(0.,-1.,0.));
#4472=DIRECTION('ref_axis',(0.647689071844549,0.,-0.761904761904759));
#4473=DIRECTION('center_axis',(0.,1.,0.));
#4474=DIRECTION('ref_axis',(0.647689071844549,0.,-0.761904761904759));
#4475=DIRECTION('',(0.,1.,0.));
#4476=DIRECTION('center_axis',(0.,1.,0.));
#4477=DIRECTION('ref_axis',(0.647689071844546,0.,-0.761904761904761));
#4478=DIRECTION('center_axis',(0.,1.,0.));
#4479=DIRECTION('ref_axis',(0.647689071844546,0.,-0.761904761904761));
#4480=DIRECTION('center_axis',(0.,-1.,0.));
#4481=DIRECTION('ref_axis',(0.647689071844546,0.,-0.761904761904761));
#4482=DIRECTION('',(0.,1.,0.));
#4483=DIRECTION('center_axis',(0.,0.,-1.));
#4484=DIRECTION('ref_axis',(-1.,0.,0.));
#4485=DIRECTION('',(1.,0.,0.));
#4486=DIRECTION('',(-1.,0.,0.));
#4487=DIRECTION('',(0.,1.,0.));
#4488=DIRECTION('center_axis',(0.,1.,0.));
#4489=DIRECTION('ref_axis',(0.,0.,-1.));
#4490=DIRECTION('center_axis',(0.,1.,0.));
#4491=DIRECTION('ref_axis',(0.,0.,-1.));
#4492=DIRECTION('center_axis',(0.,-1.,0.));
#4493=DIRECTION('ref_axis',(0.,0.,-1.));
#4494=DIRECTION('',(0.,1.,0.));
#4495=DIRECTION('center_axis',(0.,1.,0.));
#4496=DIRECTION('ref_axis',(0.647689071844549,0.,-0.761904761904759));
#4497=DIRECTION('center_axis',(0.,-1.,0.));
#4498=DIRECTION('ref_axis',(0.647689071844549,0.,-0.761904761904759));
#4499=DIRECTION('center_axis',(0.,1.,0.));
#4500=DIRECTION('ref_axis',(0.647689071844549,0.,-0.761904761904759));
#4501=DIRECTION('',(0.,1.,0.));
#4502=DIRECTION('center_axis',(0.,1.,0.));
#4503=DIRECTION('ref_axis',(0.647689071844546,0.,-0.761904761904761));
#4504=DIRECTION('center_axis',(0.,1.,0.));
#4505=DIRECTION('ref_axis',(0.647689071844546,0.,-0.761904761904761));
#4506=DIRECTION('center_axis',(0.,-1.,0.));
#4507=DIRECTION('ref_axis',(0.647689071844546,0.,-0.761904761904761));
#4508=DIRECTION('',(0.,1.,0.));
#4509=DIRECTION('center_axis',(-6.35080221938743E-15,0.,-1.));
#4510=DIRECTION('ref_axis',(-1.,0.,6.35080221938743E-15));
#4511=DIRECTION('',(1.,0.,-6.35080221938743E-15));
#4512=DIRECTION('',(-1.,0.,6.35080221938743E-15));
#4513=DIRECTION('',(0.,1.,0.));
#4514=DIRECTION('center_axis',(0.,1.,0.));
#4515=DIRECTION('ref_axis',(0.,0.,-1.));
#4516=DIRECTION('center_axis',(0.,1.,0.));
#4517=DIRECTION('ref_axis',(0.,0.,-1.));
#4518=DIRECTION('center_axis',(0.,-1.,0.));
#4519=DIRECTION('ref_axis',(0.,0.,-1.));
#4520=DIRECTION('',(0.,1.,0.));
#4521=DIRECTION('center_axis',(0.,1.,0.));
#4522=DIRECTION('ref_axis',(0.647689071844549,0.,-0.761904761904758));
#4523=DIRECTION('center_axis',(0.,-1.,0.));
#4524=DIRECTION('ref_axis',(0.647689071844549,0.,-0.761904761904758));
#4525=DIRECTION('center_axis',(0.,1.,0.));
#4526=DIRECTION('ref_axis',(0.647689071844549,0.,-0.761904761904758));
#4527=DIRECTION('center_axis',(0.,1.,0.));
#4528=DIRECTION('ref_axis',(0.,0.,1.));
#4529=DIRECTION('center_axis',(0.,1.,0.));
#4530=DIRECTION('ref_axis',(-0.647689071844549,0.,0.761904761904759));
#4531=DIRECTION('',(1.,0.,0.));
#4532=DIRECTION('center_axis',(0.,1.,0.));
#4533=DIRECTION('ref_axis',(-2.96059473233375E-15,0.,1.));
#4534=DIRECTION('center_axis',(0.,-1.,0.));
#4535=DIRECTION('ref_axis',(-0.647689071844549,0.,0.761904761904758));
#4536=DIRECTION('center_axis',(0.,1.,0.));
#4537=DIRECTION('ref_axis',(-0.647689071844549,0.,0.761904761904759));
#4538=DIRECTION('',(1.,0.,0.));
#4539=DIRECTION('center_axis',(0.,1.,0.));
#4540=DIRECTION('ref_axis',(0.,0.,1.));
#4541=DIRECTION('',(1.97372982155583E-16,0.,-1.));
#4542=DIRECTION('center_axis',(0.,1.,0.));
#4543=DIRECTION('ref_axis',(1.,0.,1.77635683940024E-15));
#4544=DIRECTION('',(-1.,0.,2.67529545158669E-16));
#4545=DIRECTION('center_axis',(0.,1.,0.));
#4546=DIRECTION('ref_axis',(0.,0.,-1.));
#4547=DIRECTION('center_axis',(0.,-1.,0.));
#4548=DIRECTION('ref_axis',(0.647689071844547,0.,-0.76190476190476));
#4549=DIRECTION('center_axis',(0.,1.,0.));
#4550=DIRECTION('ref_axis',(0.647689071844545,0.,-0.761904761904761));
#4551=DIRECTION('',(-1.,0.,0.));
#4552=DIRECTION('center_axis',(0.,1.,0.));
#4553=DIRECTION('ref_axis',(0.,0.,-1.));
#4554=DIRECTION('center_axis',(0.,-1.,0.));
#4555=DIRECTION('ref_axis',(0.647689071844545,0.,-0.761904761904762));
#4556=DIRECTION('center_axis',(0.,1.,0.));
#4557=DIRECTION('ref_axis',(0.647689071844544,0.,-0.761904761904762));
#4558=DIRECTION('',(-1.,0.,0.));
#4559=DIRECTION('center_axis',(0.,1.,0.));
#4560=DIRECTION('ref_axis',(0.,0.,-1.));
#4561=DIRECTION('center_axis',(0.,-1.,0.));
#4562=DIRECTION('ref_axis',(0.647689071844547,0.,-0.76190476190476));
#4563=DIRECTION('center_axis',(0.,1.,0.));
#4564=DIRECTION('ref_axis',(0.647689071844549,0.,-0.761904761904759));
#4565=DIRECTION('',(-1.,0.,0.));
#4566=DIRECTION('center_axis',(0.,1.,0.));
#4567=DIRECTION('ref_axis',(7.40148683083438E-16,0.,-1.));
#4568=DIRECTION('center_axis',(0.,-1.,0.));
#4569=DIRECTION('ref_axis',(0.647689071844547,0.,-0.76190476190476));
#4570=DIRECTION('center_axis',(0.,1.,0.));
#4571=DIRECTION('ref_axis',(0.647689071844548,0.,-0.761904761904759));
#4572=DIRECTION('',(-1.,0.,2.01402681136094E-16));
#4573=DIRECTION('center_axis',(0.,1.,0.));
#4574=DIRECTION('ref_axis',(-3.55271367880051E-15,0.,-1.));
#4575=DIRECTION('',(0.,0.,1.));
#4576=DIRECTION('center_axis',(0.,1.,0.));
#4577=DIRECTION('ref_axis',(-1.,0.,0.));
#4578=DIRECTION('',(1.,0.,0.));
#4579=DIRECTION('center_axis',(0.,1.,0.));
#4580=DIRECTION('ref_axis',(-1.66533453693774E-15,0.,1.));
#4581=DIRECTION('center_axis',(0.,-1.,0.));
#4582=DIRECTION('ref_axis',(-0.647689071844548,0.,0.761904761904759));
#4583=DIRECTION('center_axis',(0.,1.,0.));
#4584=DIRECTION('ref_axis',(-0.647689071844549,0.,0.761904761904759));
#4585=DIRECTION('',(1.,0.,0.));
#4586=DIRECTION('center_axis',(0.,1.,0.));
#4587=DIRECTION('ref_axis',(-1.48029736616688E-15,0.,1.));
#4588=DIRECTION('center_axis',(0.,-1.,0.));
#4589=DIRECTION('ref_axis',(-0.647689071844548,0.,0.761904761904759));
#4590=DIRECTION('center_axis',(0.,1.,0.));
#4591=DIRECTION('ref_axis',(-0.647689071844549,0.,0.761904761904759));
#4592=DIRECTION('',(1.,0.,0.));
#4593=DIRECTION('center_axis',(0.,1.,0.));
#4594=DIRECTION('ref_axis',(-1.48029736616688E-15,0.,1.));
#4595=DIRECTION('center_axis',(0.,-1.,0.));
#4596=DIRECTION('ref_axis',(-0.647689071844548,0.,0.761904761904759));
#4597=DIRECTION('center_axis',(0.,1.,0.));
#4598=DIRECTION('ref_axis',(0.,0.,1.));
#4599=DIRECTION('center_axis',(1.,0.,0.));
#4600=DIRECTION('ref_axis',(0.,0.,1.));
#4601=DIRECTION('center_axis',(0.,1.,0.));
#4602=DIRECTION('ref_axis',(0.345032779671179,0.,0.938590635448905));
#4603=DIRECTION('center_axis',(-0.761904761904759,0.,0.647689071844548));
#4604=DIRECTION('ref_axis',(0.,-1.,0.));
#4605=DIRECTION('center_axis',(0.,-1.,0.));
#4606=DIRECTION('ref_axis',(0.345032779671179,0.,0.938590635448905));
#4607=DIRECTION('center_axis',(0.,1.,0.));
#4608=DIRECTION('ref_axis',(9.34924652315921E-17,0.,-1.));
#4609=DIRECTION('center_axis',(-0.761904761904759,0.,-0.647689071844548));
#4610=DIRECTION('ref_axis',(0.,-1.,0.));
#4611=DIRECTION('center_axis',(0.,1.,0.));
#4612=DIRECTION('ref_axis',(7.40148683083438E-17,0.,-1.));
#4613=DIRECTION('center_axis',(0.,-1.,0.));
#4614=DIRECTION('ref_axis',(7.40148683083438E-17,0.,-1.));
#4615=DIRECTION('center_axis',(0.,1.,0.));
#4616=DIRECTION('ref_axis',(0.,0.,1.));
#4617=DIRECTION('center_axis',(-1.,0.,0.));
#4618=DIRECTION('ref_axis',(0.,-1.,0.));
#4619=DIRECTION('center_axis',(0.,-1.,0.));
#4620=DIRECTION('ref_axis',(-0.34503277967118,0.,0.938590635448905));
#4621=DIRECTION('center_axis',(0.,1.,0.));
#4622=DIRECTION('ref_axis',(-0.34503277967118,0.,0.938590635448905));
#4623=DIRECTION('center_axis',(1.,0.,0.));
#4624=DIRECTION('ref_axis',(0.,-0.707106781186549,0.707106781186546));
#4625=DIRECTION('center_axis',(-1.,0.,4.44089209850064E-15));
#4626=DIRECTION('ref_axis',(0.,-1.,0.));
#4627=DIRECTION('',(-1.,0.,0.));
#4628=DIRECTION('',(1.,0.,0.));
#4629=DIRECTION('center_axis',(0.,1.,0.));
#4630=DIRECTION('ref_axis',(0.,0.,1.));
#4631=DIRECTION('center_axis',(-0.761904761904758,0.,0.64768907184455));
#4632=DIRECTION('ref_axis',(0.,-1.,0.));
#4633=DIRECTION('center_axis',(0.,-1.,0.));
#4634=DIRECTION('ref_axis',(0.345032779671179,0.,0.938590635448905));
#4635=DIRECTION('center_axis',(0.,1.,0.));
#4636=DIRECTION('ref_axis',(0.345032779671179,0.,0.938590635448905));
#4637=DIRECTION('center_axis',(0.,1.,0.));
#4638=DIRECTION('ref_axis',(0.,0.,-1.));
#4639=DIRECTION('center_axis',(-0.76190476190476,0.,-0.647689071844547));
#4640=DIRECTION('ref_axis',(0.,-1.,0.));
#4641=DIRECTION('center_axis',(0.,1.,0.));
#4642=DIRECTION('ref_axis',(-2.96059473233375E-16,0.,-1.));
#4643=DIRECTION('center_axis',(0.,-1.,0.));
#4644=DIRECTION('ref_axis',(-2.96059473233375E-16,0.,-1.));
#4645=DIRECTION('center_axis',(0.,1.,0.));
#4646=DIRECTION('ref_axis',(0.,0.,1.));
#4647=DIRECTION('center_axis',(-1.,0.,0.));
#4648=DIRECTION('ref_axis',(0.,-1.,0.));
#4649=DIRECTION('center_axis',(0.,-1.,0.));
#4650=DIRECTION('ref_axis',(-0.34503277967118,0.,0.938590635448905));
#4651=DIRECTION('center_axis',(0.,1.,0.));
#4652=DIRECTION('ref_axis',(-0.345032779671181,0.,0.938590635448905));
#4653=DIRECTION('center_axis',(1.,0.,0.));
#4654=DIRECTION('ref_axis',(0.,-0.707106781186549,0.707106781186546));
#4655=DIRECTION('center_axis',(-1.,0.,4.44089209850064E-15));
#4656=DIRECTION('ref_axis',(0.,-1.,0.));
#4657=DIRECTION('',(-1.,0.,0.));
#4658=DIRECTION('',(1.,0.,0.));
#4659=DIRECTION('center_axis',(0.,1.,0.));
#4660=DIRECTION('ref_axis',(0.,0.,1.));
#4661=DIRECTION('center_axis',(-0.76190476190476,0.,0.647689071844547));
#4662=DIRECTION('ref_axis',(0.,-1.,0.));
#4663=DIRECTION('center_axis',(0.,-1.,0.));
#4664=DIRECTION('ref_axis',(0.345032779671179,0.,0.938590635448905));
#4665=DIRECTION('center_axis',(0.,1.,0.));
#4666=DIRECTION('ref_axis',(0.345032779671179,0.,0.938590635448905));
#4667=DIRECTION('center_axis',(0.,1.,0.));
#4668=DIRECTION('ref_axis',(0.,0.,-1.));
#4669=DIRECTION('center_axis',(-0.76190476190476,0.,-0.647689071844547));
#4670=DIRECTION('ref_axis',(0.,-1.,0.));
#4671=DIRECTION('center_axis',(0.,1.,0.));
#4672=DIRECTION('ref_axis',(0.,0.,-1.));
#4673=DIRECTION('center_axis',(0.,-1.,0.));
#4674=DIRECTION('ref_axis',(0.,0.,-1.));
#4675=DIRECTION('center_axis',(0.,1.,0.));
#4676=DIRECTION('ref_axis',(0.,0.,1.));
#4677=DIRECTION('center_axis',(-1.,0.,0.));
#4678=DIRECTION('ref_axis',(0.,-1.,0.));
#4679=DIRECTION('center_axis',(0.,-1.,0.));
#4680=DIRECTION('ref_axis',(-0.34503277967118,0.,0.938590635448905));
#4681=DIRECTION('center_axis',(0.,1.,0.));
#4682=DIRECTION('ref_axis',(-0.34503277967118,0.,0.938590635448905));
#4683=DIRECTION('center_axis',(1.,0.,0.));
#4684=DIRECTION('ref_axis',(0.,-0.707106781186549,0.707106781186546));
#4685=DIRECTION('center_axis',(-1.,0.,8.88178419700128E-15));
#4686=DIRECTION('ref_axis',(0.,-1.,0.));
#4687=DIRECTION('',(-1.,0.,0.));
#4688=DIRECTION('',(1.,0.,0.));
#4689=DIRECTION('center_axis',(0.,1.,0.));
#4690=DIRECTION('ref_axis',(0.,0.,1.));
#4691=DIRECTION('center_axis',(-0.76190476190476,0.,0.647689071844547));
#4692=DIRECTION('ref_axis',(0.,-1.,0.));
#4693=DIRECTION('center_axis',(0.,-1.,0.));
#4694=DIRECTION('ref_axis',(0.345032779671178,0.,0.938590635448906));
#4695=DIRECTION('center_axis',(0.,1.,0.));
#4696=DIRECTION('ref_axis',(0.345032779671178,0.,0.938590635448906));
#4697=DIRECTION('center_axis',(0.,1.,0.));
#4698=DIRECTION('ref_axis',(0.,0.,-1.));
#4699=DIRECTION('center_axis',(-0.76190476190476,0.,-0.647689071844547));
#4700=DIRECTION('ref_axis',(0.,-1.,0.));
#4701=DIRECTION('center_axis',(0.,1.,0.));
#4702=DIRECTION('ref_axis',(0.,0.,-1.));
#4703=DIRECTION('center_axis',(0.,-1.,0.));
#4704=DIRECTION('ref_axis',(0.,0.,-1.));
#4705=DIRECTION('center_axis',(0.,1.,0.));
#4706=DIRECTION('ref_axis',(0.,0.,1.));
#4707=DIRECTION('center_axis',(-1.,0.,0.));
#4708=DIRECTION('ref_axis',(0.,-1.,0.));
#4709=DIRECTION('center_axis',(0.,-1.,0.));
#4710=DIRECTION('ref_axis',(-0.34503277967118,0.,0.938590635448905));
#4711=DIRECTION('center_axis',(0.,1.,0.));
#4712=DIRECTION('ref_axis',(-0.345032779671181,0.,0.938590635448905));
#4713=DIRECTION('center_axis',(1.,0.,0.));
#4714=DIRECTION('ref_axis',(0.,-0.707106781186549,0.707106781186546));
#4715=DIRECTION('center_axis',(-1.,0.,0.));
#4716=DIRECTION('ref_axis',(0.,-1.,0.));
#4717=DIRECTION('',(-1.,0.,0.));
#4718=DIRECTION('',(1.,0.,0.));
#4719=DIRECTION('center_axis',(0.,1.,0.));
#4720=DIRECTION('ref_axis',(0.,0.,1.));
#4721=DIRECTION('center_axis',(0.,0.,1.));
#4722=DIRECTION('ref_axis',(0.,-1.,0.));
#4723=DIRECTION('center_axis',(0.,-1.,0.));
#4724=DIRECTION('ref_axis',(0.707106781186548,0.,0.707106781186547));
#4725=DIRECTION('center_axis',(0.,1.,0.));
#4726=DIRECTION('ref_axis',(0.707106781186549,0.,0.707106781186547));
#4727=DIRECTION('center_axis',(1.97372982155583E-16,0.,-1.));
#4728=DIRECTION('ref_axis',(0.70710678118654,-0.707106781186555,0.));
#4729=DIRECTION('center_axis',(0.,0.,1.));
#4730=DIRECTION('ref_axis',(0.,-1.,0.));
#4731=DIRECTION('',(-1.97372982155583E-16,0.,1.));
#4732=DIRECTION('',(1.97372982155583E-16,0.,-1.));
#4733=DIRECTION('center_axis',(0.,1.,0.));
#4734=DIRECTION('ref_axis',(0.,0.,1.));
#4735=DIRECTION('center_axis',(1.,0.,0.));
#4736=DIRECTION('ref_axis',(0.,-1.,0.));
#4737=DIRECTION('center_axis',(0.,-1.,0.));
#4738=DIRECTION('ref_axis',(0.707106781186547,0.,-0.707106781186548));
#4739=DIRECTION('center_axis',(0.,1.,0.));
#4740=DIRECTION('ref_axis',(0.707106781186547,0.,-0.707106781186548));
#4741=DIRECTION('center_axis',(-1.,0.,1.48029736616688E-16));
#4742=DIRECTION('ref_axis',(0.,-0.707106781186549,-0.707106781186546));
#4743=DIRECTION('center_axis',(1.,0.,0.));
#4744=DIRECTION('ref_axis',(0.,-1.,0.));
#4745=DIRECTION('',(1.,0.,-1.48029736616688E-16));
#4746=DIRECTION('',(-1.,0.,1.48029736616688E-16));
#4747=DIRECTION('center_axis',(0.,1.,0.));
#4748=DIRECTION('ref_axis',(0.,0.,1.));
#4749=DIRECTION('center_axis',(0.761904761904757,0.,-0.647689071844551));
#4750=DIRECTION('ref_axis',(0.,-1.,0.));
#4751=DIRECTION('center_axis',(0.,-1.,0.));
#4752=DIRECTION('ref_axis',(-0.345032779671177,0.,-0.938590635448906));
#4753=DIRECTION('center_axis',(0.,1.,0.));
#4754=DIRECTION('ref_axis',(-0.345032779671177,0.,-0.938590635448906));
#4755=DIRECTION('center_axis',(0.,1.,0.));
#4756=DIRECTION('ref_axis',(0.,0.,1.));
#4757=DIRECTION('center_axis',(0.76190476190476,0.,0.647689071844547));
#4758=DIRECTION('ref_axis',(0.,-1.,0.));
#4759=DIRECTION('center_axis',(0.,1.,0.));
#4760=DIRECTION('ref_axis',(-1.1842378929335E-15,0.,1.));
#4761=DIRECTION('center_axis',(0.,-1.,0.));
#4762=DIRECTION('ref_axis',(-1.1842378929335E-15,0.,1.));
#4763=DIRECTION('center_axis',(0.,1.,0.));
#4764=DIRECTION('ref_axis',(0.,0.,1.));
#4765=DIRECTION('center_axis',(1.,0.,0.));
#4766=DIRECTION('ref_axis',(0.,-1.,0.));
#4767=DIRECTION('center_axis',(0.,-1.,0.));
#4768=DIRECTION('ref_axis',(0.345032779671177,0.,-0.938590635448906));
#4769=DIRECTION('center_axis',(0.,1.,0.));
#4770=DIRECTION('ref_axis',(0.345032779671177,0.,-0.938590635448906));
#4771=DIRECTION('center_axis',(-1.,0.,1.48029736616688E-16));
#4772=DIRECTION('ref_axis',(0.,-0.707106781186549,-0.707106781186546));
#4773=DIRECTION('center_axis',(1.,0.,0.));
#4774=DIRECTION('ref_axis',(0.,-1.,0.));
#4775=DIRECTION('',(1.,0.,-1.48029736616688E-16));
#4776=DIRECTION('',(-1.,0.,1.48029736616688E-16));
#4777=DIRECTION('center_axis',(0.,1.,0.));
#4778=DIRECTION('ref_axis',(0.,0.,1.));
#4779=DIRECTION('center_axis',(0.761904761904762,0.,-0.647689071844544));
#4780=DIRECTION('ref_axis',(0.,-1.,0.));
#4781=DIRECTION('center_axis',(0.,-1.,0.));
#4782=DIRECTION('ref_axis',(-0.345032779671177,0.,-0.938590635448906));
#4783=DIRECTION('center_axis',(0.,1.,0.));
#4784=DIRECTION('ref_axis',(-0.345032779671177,0.,-0.938590635448906));
#4785=DIRECTION('center_axis',(0.,1.,0.));
#4786=DIRECTION('ref_axis',(0.,0.,1.));
#4787=DIRECTION('center_axis',(0.761904761904764,0.,0.647689071844543));
#4788=DIRECTION('ref_axis',(0.,-1.,0.));
#4789=DIRECTION('center_axis',(0.,1.,0.));
#4790=DIRECTION('ref_axis',(-5.9211894646675E-16,0.,1.));
#4791=DIRECTION('center_axis',(0.,-1.,0.));
#4792=DIRECTION('ref_axis',(-5.9211894646675E-16,0.,1.));
#4793=DIRECTION('center_axis',(0.,1.,0.));
#4794=DIRECTION('ref_axis',(0.,0.,1.));
#4795=DIRECTION('center_axis',(1.,0.,0.));
#4796=DIRECTION('ref_axis',(0.,-1.,0.));
#4797=DIRECTION('center_axis',(0.,-1.,0.));
#4798=DIRECTION('ref_axis',(0.345032779671176,0.,-0.938590635448906));
#4799=DIRECTION('center_axis',(0.,1.,0.));
#4800=DIRECTION('ref_axis',(0.345032779671176,0.,-0.938590635448906));
#4801=DIRECTION('center_axis',(-1.,0.,1.48029736616688E-16));
#4802=DIRECTION('ref_axis',(0.,-0.707106781186549,-0.707106781186546));
#4803=DIRECTION('center_axis',(1.,0.,0.));
#4804=DIRECTION('ref_axis',(0.,-1.,0.));
#4805=DIRECTION('',(1.,0.,-1.48029736616688E-16));
#4806=DIRECTION('',(-1.,0.,1.48029736616688E-16));
#4807=DIRECTION('center_axis',(0.,1.,0.));
#4808=DIRECTION('ref_axis',(0.,0.,1.));
#4809=DIRECTION('center_axis',(0.76190476190476,0.,-0.647689071844547));
#4810=DIRECTION('ref_axis',(0.,-1.,0.));
#4811=DIRECTION('center_axis',(0.,-1.,0.));
#4812=DIRECTION('ref_axis',(-0.345032779671178,0.,-0.938590635448906));
#4813=DIRECTION('center_axis',(0.,1.,0.));
#4814=DIRECTION('ref_axis',(-0.345032779671178,0.,-0.938590635448906));
#4815=DIRECTION('center_axis',(0.,1.,0.));
#4816=DIRECTION('ref_axis',(0.,0.,1.));
#4817=DIRECTION('center_axis',(0.761904761904761,0.,0.647689071844546));
#4818=DIRECTION('ref_axis',(0.,-1.,0.));
#4819=DIRECTION('center_axis',(0.,1.,0.));
#4820=DIRECTION('ref_axis',(2.96059473233375E-16,0.,1.));
#4821=DIRECTION('center_axis',(0.,-1.,0.));
#4822=DIRECTION('ref_axis',(2.96059473233375E-16,0.,1.));
#4823=DIRECTION('center_axis',(0.,1.,0.));
#4824=DIRECTION('ref_axis',(0.,0.,1.));
#4825=DIRECTION('center_axis',(1.,0.,0.));
#4826=DIRECTION('ref_axis',(0.,-1.,0.));
#4827=DIRECTION('center_axis',(0.,-1.,0.));
#4828=DIRECTION('ref_axis',(0.345032779671179,0.,-0.938590635448905));
#4829=DIRECTION('center_axis',(0.,1.,0.));
#4830=DIRECTION('ref_axis',(0.345032779671179,0.,-0.938590635448905));
#4831=DIRECTION('center_axis',(-1.,0.,1.48029736616688E-16));
#4832=DIRECTION('ref_axis',(0.,-0.707106781186549,-0.707106781186546));
#4833=DIRECTION('center_axis',(1.,0.,-2.2204460492503E-15));
#4834=DIRECTION('ref_axis',(0.,-1.,0.));
#4835=DIRECTION('',(1.,0.,-1.48029736616688E-16));
#4836=DIRECTION('',(-1.,0.,1.48029736616688E-16));
#4837=DIRECTION('center_axis',(0.,1.,0.));
#4838=DIRECTION('ref_axis',(0.,0.,1.));
#4839=DIRECTION('center_axis',(0.76190476190476,0.,-0.647689071844548));
#4840=DIRECTION('ref_axis',(0.,-1.,0.));
#4841=DIRECTION('center_axis',(0.,-1.,0.));
#4842=DIRECTION('ref_axis',(-0.345032779671178,0.,-0.938590635448906));
#4843=DIRECTION('center_axis',(0.,1.,0.));
#4844=DIRECTION('ref_axis',(-0.345032779671178,0.,-0.938590635448906));
#4845=DIRECTION('center_axis',(0.,1.,0.));
#4846=DIRECTION('ref_axis',(0.,0.,1.));
#4847=DIRECTION('center_axis',(0.761904761904761,0.,0.647689071844546));
#4848=DIRECTION('ref_axis',(0.,-1.,0.));
#4849=DIRECTION('center_axis',(0.,1.,0.));
#4850=DIRECTION('ref_axis',(7.40148683083438E-17,0.,1.));
#4851=DIRECTION('center_axis',(0.,-1.,0.));
#4852=DIRECTION('ref_axis',(7.40148683083438E-17,0.,1.));
#4853=DIRECTION('center_axis',(0.,1.,0.));
#4854=DIRECTION('ref_axis',(0.,0.,1.));
#4855=DIRECTION('center_axis',(1.,0.,0.));
#4856=DIRECTION('ref_axis',(0.,-1.,0.));
#4857=DIRECTION('center_axis',(0.,-1.,0.));
#4858=DIRECTION('ref_axis',(0.34503277967118,0.,-0.938590635448905));
#4859=DIRECTION('center_axis',(0.,1.,0.));
#4860=DIRECTION('ref_axis',(0.34503277967118,0.,-0.938590635448905));
#4861=DIRECTION('center_axis',(-1.,0.,1.48029736616688E-16));
#4862=DIRECTION('ref_axis',(0.,-0.707106781186549,-0.707106781186546));
#4863=DIRECTION('center_axis',(1.,0.,0.));
#4864=DIRECTION('ref_axis',(0.,-1.,0.));
#4865=DIRECTION('',(1.,0.,-1.48029736616688E-16));
#4866=DIRECTION('',(-1.,0.,1.48029736616688E-16));
#4867=DIRECTION('center_axis',(0.,1.,0.));
#4868=DIRECTION('ref_axis',(0.,0.,1.));
#4869=DIRECTION('center_axis',(0.,0.,-1.));
#4870=DIRECTION('ref_axis',(0.,-1.,0.));
#4871=DIRECTION('center_axis',(0.,-1.,0.));
#4872=DIRECTION('ref_axis',(-0.707106781186548,0.,-0.707106781186548));
#4873=DIRECTION('center_axis',(0.,1.,0.));
#4874=DIRECTION('ref_axis',(-0.707106781186547,0.,-0.707106781186547));
#4875=DIRECTION('center_axis',(1.97372982155583E-16,0.,1.));
#4876=DIRECTION('ref_axis',(-0.70710678118654,-0.707106781186555,0.));
#4877=DIRECTION('center_axis',(0.,0.,-1.));
#4878=DIRECTION('ref_axis',(0.,-1.,0.));
#4879=DIRECTION('',(-1.97372982155583E-16,0.,-1.));
#4880=DIRECTION('',(1.97372982155583E-16,0.,1.));
#4881=DIRECTION('center_axis',(0.,1.,0.));
#4882=DIRECTION('ref_axis',(0.,0.,1.));
#4883=DIRECTION('center_axis',(-1.,0.,0.));
#4884=DIRECTION('ref_axis',(0.,-1.,0.));
#4885=DIRECTION('center_axis',(0.,-1.,0.));
#4886=DIRECTION('ref_axis',(-0.707106781186547,0.,0.707106781186548));
#4887=DIRECTION('center_axis',(0.,1.,0.));
#4888=DIRECTION('ref_axis',(-0.707106781186547,0.,0.707106781186548));
#4889=DIRECTION('center_axis',(1.,0.,0.));
#4890=DIRECTION('ref_axis',(0.,-0.707106781186549,0.707106781186546));
#4891=DIRECTION('',(-1.,0.,0.));
#4892=DIRECTION('',(1.,0.,0.));
#4893=DIRECTION('center_axis',(0.,-1.,0.));
#4894=DIRECTION('ref_axis',(1.,0.,0.));
#4895=DIRECTION('',(0.,-1.,0.));
#4896=DIRECTION('',(0.,1.,0.));
#4897=DIRECTION('center_axis',(0.,-1.,0.));
#4898=DIRECTION('ref_axis',(0.345032779671178,0.,-0.938590635448906));
#4899=DIRECTION('',(0.,1.,0.));
#4900=DIRECTION('center_axis',(-1.48029736616688E-16,0.,-1.));
#4901=DIRECTION('ref_axis',(-1.,0.,1.48029736616688E-16));
#4902=DIRECTION('',(0.,-1.,0.));
#4903=DIRECTION('center_axis',(0.,1.,0.));
#4904=DIRECTION('ref_axis',(-0.345032779671178,0.,-0.938590635448906));
#4905=DIRECTION('',(0.,1.,0.));
#4906=DIRECTION('center_axis',(0.,-1.,0.));
#4907=DIRECTION('ref_axis',(1.,0.,0.));
#4908=DIRECTION('',(0.,-1.,0.));
#4909=DIRECTION('center_axis',(0.,-1.,0.));
#4910=DIRECTION('ref_axis',(0.345032779671176,0.,-0.938590635448906));
#4911=DIRECTION('',(0.,1.,0.));
#4912=DIRECTION('center_axis',(-1.48029736616688E-16,0.,-1.));
#4913=DIRECTION('ref_axis',(-1.,0.,1.48029736616688E-16));
#4914=DIRECTION('',(0.,-1.,0.));
#4915=DIRECTION('center_axis',(0.,1.,0.));
#4916=DIRECTION('ref_axis',(-0.345032779671178,0.,-0.938590635448906));
#4917=DIRECTION('',(0.,1.,0.));
#4918=DIRECTION('center_axis',(0.,-1.,0.));
#4919=DIRECTION('ref_axis',(1.,0.,0.));
#4920=DIRECTION('',(0.,-1.,0.));
#4921=DIRECTION('center_axis',(0.,-1.,0.));
#4922=DIRECTION('ref_axis',(0.345032779671178,0.,-0.938590635448905));
#4923=DIRECTION('',(0.,1.,0.));
#4924=DIRECTION('center_axis',(-1.48029736616688E-16,0.,-1.));
#4925=DIRECTION('ref_axis',(-1.,0.,1.48029736616688E-16));
#4926=DIRECTION('',(0.,-1.,0.));
#4927=DIRECTION('center_axis',(0.,1.,0.));
#4928=DIRECTION('ref_axis',(-0.345032779671178,0.,-0.938590635448905));
#4929=DIRECTION('',(0.,1.,0.));
#4930=DIRECTION('center_axis',(0.,-1.,0.));
#4931=DIRECTION('ref_axis',(1.,0.,0.));
#4932=DIRECTION('',(0.,-1.,0.));
#4933=DIRECTION('center_axis',(0.,-1.,0.));
#4934=DIRECTION('ref_axis',(0.345032779671179,0.,-0.938590635448905));
#4935=DIRECTION('',(0.,1.,0.));
#4936=DIRECTION('center_axis',(-1.48029736616688E-16,0.,-1.));
#4937=DIRECTION('ref_axis',(-1.,0.,1.48029736616688E-16));
#4938=DIRECTION('',(0.,1.,0.));
#4939=DIRECTION('center_axis',(0.,1.,0.));
#4940=DIRECTION('ref_axis',(0.,0.,-1.));
#4941=DIRECTION('',(0.,1.,0.));
#4942=DIRECTION('center_axis',(-1.,0.,1.97372982155583E-16));
#4943=DIRECTION('ref_axis',(1.97372982155583E-16,0.,1.));
#4944=DIRECTION('',(0.,1.,0.));
#4945=DIRECTION('center_axis',(0.,1.,0.));
#4946=DIRECTION('ref_axis',(-1.,0.,0.));
#4947=DIRECTION('',(0.,1.,0.));
#4948=DIRECTION('center_axis',(0.,0.,1.));
#4949=DIRECTION('ref_axis',(1.,0.,0.));
#4950=DIRECTION('',(0.,-1.,0.));
#4951=DIRECTION('center_axis',(0.,1.,0.));
#4952=DIRECTION('ref_axis',(0.34503277967118,0.,0.938590635448905));
#4953=DIRECTION('',(0.,1.,0.));
#4954=DIRECTION('center_axis',(0.,1.,0.));
#4955=DIRECTION('ref_axis',(0.,0.,1.));
#4956=DIRECTION('center_axis',(0.,-1.,0.));
#4957=DIRECTION('ref_axis',(1.,0.,0.));
#4958=DIRECTION('center_axis',(0.,1.,0.));
#4959=DIRECTION('ref_axis',(1.,0.,0.));
#4960=DIRECTION('',(0.,1.,0.));
#4961=DIRECTION('center_axis',(0.,0.,1.));
#4962=DIRECTION('ref_axis',(1.,0.,0.));
#4963=DIRECTION('',(-1.,0.,0.));
#4964=DIRECTION('',(0.,1.,0.));
#4965=DIRECTION('center_axis',(0.,-1.,0.));
#4966=DIRECTION('ref_axis',(1.,0.,0.));
#4967=DIRECTION('center_axis',(0.,1.,0.));
#4968=DIRECTION('ref_axis',(1.,0.,0.));
#4969=DIRECTION('',(0.,1.,0.));
#4970=DIRECTION('center_axis',(0.,0.,1.));
#4971=DIRECTION('ref_axis',(1.,0.,0.));
#4972=DIRECTION('',(-1.,0.,0.));
#4973=DIRECTION('',(0.,1.,0.));
#4974=DIRECTION('center_axis',(0.,-1.,0.));
#4975=DIRECTION('ref_axis',(1.,0.,0.));
#4976=DIRECTION('center_axis',(0.,1.,0.));
#4977=DIRECTION('ref_axis',(1.,0.,0.));
#4978=DIRECTION('',(0.,1.,0.));
#4979=DIRECTION('center_axis',(0.,0.,1.));
#4980=DIRECTION('ref_axis',(1.,0.,0.));
#4981=DIRECTION('',(-1.,0.,0.));
#4982=DIRECTION('',(0.,1.,0.));
#4983=DIRECTION('center_axis',(0.,-1.,0.));
#4984=DIRECTION('ref_axis',(1.,0.,0.));
#4985=DIRECTION('',(0.,1.,0.));
#4986=DIRECTION('center_axis',(0.,1.,0.));
#4987=DIRECTION('ref_axis',(1.,0.,0.));
#4988=DIRECTION('',(0.,1.,0.));
#4989=DIRECTION('center_axis',(-1.48029736616688E-16,0.,-1.));
#4990=DIRECTION('ref_axis',(-1.,0.,1.48029736616688E-16));
#4991=DIRECTION('',(0.,-1.,0.));
#4992=DIRECTION('',(1.,0.,-1.48029736616688E-16));
#4993=DIRECTION('center_axis',(-1.48029736616688E-16,0.,-1.));
#4994=DIRECTION('ref_axis',(-1.,0.,1.48029736616688E-16));
#4995=DIRECTION('',(1.,0.,-1.48029736616688E-16));
#4996=DIRECTION('',(0.,1.,0.));
#4997=DIRECTION('center_axis',(0.,-1.,0.));
#4998=DIRECTION('ref_axis',(1.,0.,0.));
#4999=DIRECTION('center_axis',(0.,1.,0.));
#5000=DIRECTION('ref_axis',(1.,0.,0.));
#5001=DIRECTION('',(0.,1.,0.));
#5002=DIRECTION('center_axis',(-1.48029736616688E-16,0.,-1.));
#5003=DIRECTION('ref_axis',(-1.,0.,1.48029736616688E-16));
#5004=DIRECTION('',(1.,0.,-1.48029736616688E-16));
#5005=DIRECTION('center_axis',(-1.48029736616688E-16,0.,-1.));
#5006=DIRECTION('ref_axis',(-1.,0.,1.48029736616688E-16));
#5007=DIRECTION('',(1.,0.,-1.48029736616688E-16));
#5008=DIRECTION('center_axis',(0.,-1.,0.));
#5009=DIRECTION('ref_axis',(1.,0.,0.));
#5010=DIRECTION('center_axis',(0.,1.,0.));
#5011=DIRECTION('ref_axis',(1.,0.,0.));
#5012=DIRECTION('center_axis',(0.,-1.,0.));
#5013=DIRECTION('ref_axis',(1.,0.,0.));
#5014=DIRECTION('center_axis',(0.,1.,0.));
#5015=DIRECTION('ref_axis',(1.,0.,0.));
#5016=DIRECTION('center_axis',(-1.,0.,1.97372982155583E-16));
#5017=DIRECTION('ref_axis',(1.97372982155583E-16,0.,1.));
#5018=DIRECTION('',(-1.97372982155583E-16,0.,-1.));
#5019=DIRECTION('center_axis',(1.,0.,1.97372982155583E-16));
#5020=DIRECTION('ref_axis',(1.97372982155583E-16,0.,-1.));
#5021=DIRECTION('',(-1.97372982155583E-16,0.,1.));
#5022=DIRECTION('center_axis',(0.,1.,0.));
#5023=DIRECTION('ref_axis',(0.,0.,1.));
#5024=DIRECTION('center_axis',(0.,1.,0.));
#5025=DIRECTION('ref_axis',(-0.345032779671178,0.,-0.938590635448906));
#5026=DIRECTION('',(0.,-1.,0.));
#5027=DIRECTION('center_axis',(-1.48029736616688E-16,0.,-1.));
#5028=DIRECTION('ref_axis',(-1.,0.,1.48029736616688E-16));
#5029=DIRECTION('',(0.,1.,0.));
#5030=DIRECTION('center_axis',(0.,-1.,0.));
#5031=DIRECTION('ref_axis',(-0.345032779671182,0.,0.938590635448904));
#5032=DIRECTION('',(0.,1.,0.));
#5033=DIRECTION('',(0.,-1.,0.));
#5034=DIRECTION('center_axis',(0.,-1.,0.));
#5035=DIRECTION('ref_axis',(1.,0.,0.));
#5036=DIRECTION('',(0.,1.,0.));
#5037=DIRECTION('center_axis',(0.,1.,0.));
#5038=DIRECTION('ref_axis',(0.345032779671182,0.,0.938590635448904));
#5039=DIRECTION('',(0.,-1.,0.));
#5040=DIRECTION('center_axis',(0.,0.,1.));
#5041=DIRECTION('ref_axis',(1.,0.,0.));
#5042=DIRECTION('',(0.,1.,0.));
#5043=DIRECTION('center_axis',(0.,-1.,0.));
#5044=DIRECTION('ref_axis',(-0.345032779671179,0.,0.938590635448905));
#5045=DIRECTION('',(0.,-1.,0.));
#5046=DIRECTION('center_axis',(0.,-1.,0.));
#5047=DIRECTION('ref_axis',(1.,0.,0.));
#5048=DIRECTION('',(0.,1.,0.));
#5049=DIRECTION('center_axis',(0.,1.,0.));
#5050=DIRECTION('ref_axis',(0.34503277967118,0.,0.938590635448905));
#5051=DIRECTION('',(0.,-1.,0.));
#5052=DIRECTION('center_axis',(0.,0.,1.));
#5053=DIRECTION('ref_axis',(1.,0.,0.));
#5054=DIRECTION('',(0.,1.,0.));
#5055=DIRECTION('center_axis',(0.,-1.,0.));
#5056=DIRECTION('ref_axis',(-0.34503277967118,0.,0.938590635448905));
#5057=DIRECTION('',(0.,-1.,0.));
#5058=DIRECTION('center_axis',(0.,-1.,0.));
#5059=DIRECTION('ref_axis',(1.,0.,0.));
#5060=DIRECTION('',(0.,1.,0.));
#5061=DIRECTION('center_axis',(0.,1.,0.));
#5062=DIRECTION('ref_axis',(0.34503277967118,0.,0.938590635448905));
#5063=DIRECTION('',(0.,-1.,0.));
#5064=DIRECTION('center_axis',(0.,0.,1.));
#5065=DIRECTION('ref_axis',(1.,0.,0.));
#5066=DIRECTION('',(0.,1.,0.));
#5067=DIRECTION('center_axis',(0.,-1.,0.));
#5068=DIRECTION('ref_axis',(-0.34503277967118,0.,0.938590635448905));
#5069=DIRECTION('',(0.,-1.,0.));
#5070=DIRECTION('center_axis',(0.,-1.,0.));
#5071=DIRECTION('ref_axis',(1.,0.,0.));
#5072=DIRECTION('center_axis',(0.,0.,1.));
#5073=DIRECTION('ref_axis',(1.,0.,0.));
#5074=DIRECTION('',(0.,1.,0.));
#5075=DIRECTION('center_axis',(0.,1.,0.));
#5076=DIRECTION('ref_axis',(0.,0.,1.));
#5077=DIRECTION('',(0.,1.,0.));
#5078=DIRECTION('center_axis',(0.,1.,0.));
#5079=DIRECTION('ref_axis',(1.,0.,0.));
#5080=DIRECTION('',(0.,1.,0.));
#5081=DIRECTION('center_axis',(1.,0.,1.97372982155583E-16));
#5082=DIRECTION('ref_axis',(1.97372982155583E-16,0.,-1.));
#5083=CARTESIAN_POINT('',(0.,0.,0.));
#5084=CARTESIAN_POINT('Origin',(-41.4839398558981,2.5,12.4849543277729));
#5085=CARTESIAN_POINT('',(-37.9839398558981,3.5,12.4849543277729));
#5086=CARTESIAN_POINT('',(-44.983939855898,3.5,12.4849543277729));
#5087=CARTESIAN_POINT('Origin',(-41.4839398558981,3.5,12.4849543277729));
#5088=CARTESIAN_POINT('Origin',(-41.4839398558981,3.5,12.4849543277729));
#5089=CARTESIAN_POINT('',(-44.983939855898,2.5,12.4849543277729));
#5090=CARTESIAN_POINT('',(-44.983939855898,2.5,12.4849543277729));
#5091=CARTESIAN_POINT('',(-37.9839398558981,2.5,12.4849543277729));
#5092=CARTESIAN_POINT('Origin',(-41.4839398558981,2.5,12.4849543277729));
#5093=CARTESIAN_POINT('Origin',(-41.4839398558981,2.5,12.4849543277729));
#5094=CARTESIAN_POINT('Origin',(-41.4839398558981,3.5,12.4849543277729));
#5095=CARTESIAN_POINT('',(-39.483939855898,3.5,12.4849543277729));
#5096=CARTESIAN_POINT('',(-43.4839398558981,3.5,12.4849543277729));
#5097=CARTESIAN_POINT('Origin',(-41.4839398558981,3.5,12.4849543277729));
#5098=CARTESIAN_POINT('Origin',(-41.4839398558981,3.5,12.4849543277729));
#5099=CARTESIAN_POINT('Origin',(-41.4839398558981,2.5,-0.0075269039160375));
#5100=CARTESIAN_POINT('',(-37.983939855898,3.5,-0.0075269039160375));
#5101=CARTESIAN_POINT('',(-44.9839398558981,3.5,-0.00752690391603707));
#5102=CARTESIAN_POINT('Origin',(-41.4839398558981,3.5,-0.0075269039160375));
#5103=CARTESIAN_POINT('Origin',(-41.4839398558981,3.5,-0.0075269039160375));
#5104=CARTESIAN_POINT('',(-44.9839398558981,2.5,-0.00752690391603707));
#5105=CARTESIAN_POINT('',(-44.9839398558981,2.5,-0.00752690391603707));
#5106=CARTESIAN_POINT('',(-37.983939855898,2.5,-0.0075269039160375));
#5107=CARTESIAN_POINT('Origin',(-41.4839398558981,2.5,-0.0075269039160375));
#5108=CARTESIAN_POINT('Origin',(-41.4839398558981,2.5,-0.0075269039160375));
#5109=CARTESIAN_POINT('Origin',(-41.4839398558981,3.5,-0.0075269039160375));
#5110=CARTESIAN_POINT('',(-39.483939855898,3.5,-0.00752690391603774));
#5111=CARTESIAN_POINT('',(-43.4839398558981,3.5,-0.00752690391603999));
#5112=CARTESIAN_POINT('Origin',(-41.4839398558981,3.5,-0.0075269039160375));
#5113=CARTESIAN_POINT('Origin',(-41.4839398558981,3.5,-0.0075269039160375));
#5114=CARTESIAN_POINT('Origin',(-66.515044897402,2.5,-12.516060381699));
#5115=CARTESIAN_POINT('',(-63.015044897402,3.5,-12.516060381699));
#5116=CARTESIAN_POINT('',(-70.015044897402,3.5,-12.516060381699));
#5117=CARTESIAN_POINT('Origin',(-66.515044897402,3.5,-12.516060381699));
#5118=CARTESIAN_POINT('Origin',(-66.515044897402,3.5,-12.516060381699));
#5119=CARTESIAN_POINT('',(-70.015044897402,2.5,-12.516060381699));
#5120=CARTESIAN_POINT('',(-70.015044897402,2.5,-12.516060381699));
#5121=CARTESIAN_POINT('',(-63.015044897402,2.5,-12.516060381699));
#5122=CARTESIAN_POINT('Origin',(-66.515044897402,2.5,-12.516060381699));
#5123=CARTESIAN_POINT('Origin',(-66.515044897402,2.5,-12.516060381699));
#5124=CARTESIAN_POINT('Origin',(-66.515044897402,3.5,-12.516060381699));
#5125=CARTESIAN_POINT('',(-64.515044897402,3.5,-12.516060381699));
#5126=CARTESIAN_POINT('',(-68.515044897402,3.5,-12.516060381699));
#5127=CARTESIAN_POINT('Origin',(-66.515044897402,3.5,-12.516060381699));
#5128=CARTESIAN_POINT('Origin',(-66.515044897402,3.5,-12.516060381699));
#5129=CARTESIAN_POINT('Origin',(-41.4839398558981,2.5,-12.500004320908));
#5130=CARTESIAN_POINT('',(-37.983939855898,3.5,-12.500004320908));
#5131=CARTESIAN_POINT('',(-44.9839398558981,3.5,-12.500004320908));
#5132=CARTESIAN_POINT('Origin',(-41.4839398558981,3.5,-12.500004320908));
#5133=CARTESIAN_POINT('Origin',(-41.4839398558981,3.5,-12.500004320908));
#5134=CARTESIAN_POINT('',(-44.9839398558981,2.5,-12.500004320908));
#5135=CARTESIAN_POINT('',(-44.9839398558981,2.5,-12.500004320908));
#5136=CARTESIAN_POINT('',(-37.983939855898,2.5,-12.500004320908));
#5137=CARTESIAN_POINT('Origin',(-41.4839398558981,2.5,-12.500004320908));
#5138=CARTESIAN_POINT('Origin',(-41.4839398558981,2.5,-12.500004320908));
#5139=CARTESIAN_POINT('Origin',(-41.4839398558981,3.5,-12.500004320908));
#5140=CARTESIAN_POINT('',(-39.483939855898,3.5,-12.500004320908));
#5141=CARTESIAN_POINT('',(-43.4839398558981,3.5,-12.500004320908));
#5142=CARTESIAN_POINT('Origin',(-41.4839398558981,3.5,-12.500004320908));
#5143=CARTESIAN_POINT('Origin',(-41.4839398558981,3.5,-12.500004320908));
#5144=CARTESIAN_POINT('Origin',(-66.681144445742,2.5,12.514197797012));
#5145=CARTESIAN_POINT('',(-63.181144445742,3.5,12.514197797012));
#5146=CARTESIAN_POINT('',(-70.181144445742,3.5,12.514197797012));
#5147=CARTESIAN_POINT('Origin',(-66.681144445742,3.5,12.514197797012));
#5148=CARTESIAN_POINT('Origin',(-66.681144445742,3.5,12.514197797012));
#5149=CARTESIAN_POINT('',(-70.181144445742,2.5,12.514197797012));
#5150=CARTESIAN_POINT('',(-70.181144445742,2.5,12.514197797012));
#5151=CARTESIAN_POINT('',(-63.181144445742,2.5,12.514197797012));
#5152=CARTESIAN_POINT('Origin',(-66.681144445742,2.5,12.514197797012));
#5153=CARTESIAN_POINT('Origin',(-66.681144445742,2.5,12.514197797012));
#5154=CARTESIAN_POINT('Origin',(-66.681144445742,3.5,12.514197797012));
#5155=CARTESIAN_POINT('',(-64.681144445742,3.5,12.514197797012));
#5156=CARTESIAN_POINT('',(-68.681144445742,3.5,12.514197797012));
#5157=CARTESIAN_POINT('Origin',(-66.681144445742,3.5,12.514197797012));
#5158=CARTESIAN_POINT('Origin',(-66.681144445742,3.5,12.514197797012));
#5159=CARTESIAN_POINT('Origin',(-7.86484650930378,1.5,-44.5000000000212));
#5160=CARTESIAN_POINT('',(-5.76484650930378,1.5,-44.5000000000212));
#5161=CARTESIAN_POINT('Origin',(-7.86484650930378,1.5,-44.5000000000212));
#5162=CARTESIAN_POINT('Origin',(-7.86484650930368,1.5,44.5000000000213));
#5163=CARTESIAN_POINT('',(-5.76484650930368,1.5,44.5000000000213));
#5164=CARTESIAN_POINT('Origin',(-7.86484650930368,1.5,44.5000000000213));
#5165=CARTESIAN_POINT('Origin',(-7.90036762715312,2.5,47.0000000000213));
#5166=CARTESIAN_POINT('',(-15.4003676271531,6.,46.9999999999983));
#5167=CARTESIAN_POINT('',(-8.86484650930368,6.,39.5622731640931));
#5168=CARTESIAN_POINT('Origin',(-7.90036762715312,6.,47.0000000000213));
#5169=CARTESIAN_POINT('',(-8.86484650930368,2.5,39.5622731640931));
#5170=CARTESIAN_POINT('',(-8.86484650930368,2.5,39.5622731640931));
#5171=CARTESIAN_POINT('',(-15.4003676271531,2.5,46.9999999999983));
#5172=CARTESIAN_POINT('Origin',(-7.90036762715312,2.5,47.0000000000213));
#5173=CARTESIAN_POINT('',(-15.4003676271531,2.5,47.));
#5174=CARTESIAN_POINT('Origin',(-8.86484650930373,2.5,-39.562273164093));
#5175=CARTESIAN_POINT('',(-8.86484650930373,6.,-39.562273164093));
#5176=CARTESIAN_POINT('',(-8.86484650930392,6.,-19.7811365821249));
#5177=CARTESIAN_POINT('',(-8.86484650930373,2.5,-39.562273164093));
#5178=CARTESIAN_POINT('',(-8.86484650930373,2.5,-39.562273164093));
#5179=CARTESIAN_POINT('',(-8.86484650930392,2.5,-19.7811365820466));
#5180=CARTESIAN_POINT('Origin',(-7.90036762715331,2.5,-47.0000000000212));
#5181=CARTESIAN_POINT('',(-15.4003676271533,6.,-47.0000000003135));
#5182=CARTESIAN_POINT('Origin',(-7.90036762715331,6.,-47.0000000000212));
#5183=CARTESIAN_POINT('',(-15.4003676271533,2.5,-47.0000000003135));
#5184=CARTESIAN_POINT('',(-15.4003676271533,2.5,-47.));
#5185=CARTESIAN_POINT('Origin',(-7.90036762715331,2.5,-47.0000000000212));
#5186=CARTESIAN_POINT('Origin',(-7.86484650930368,2.5,44.5000000000213));
#5187=CARTESIAN_POINT('',(-5.76484650930368,6.,44.5000000000213));
#5188=CARTESIAN_POINT('Origin',(-7.86484650930368,6.,44.5000000000213));
#5189=CARTESIAN_POINT('',(-5.76484650930368,2.5,44.5000000000213));
#5190=CARTESIAN_POINT('Origin',(-7.86484650930378,2.5,-44.5000000000212));
#5191=CARTESIAN_POINT('',(-5.76484650930378,6.,-44.5000000000212));
#5192=CARTESIAN_POINT('Origin',(-7.86484650930378,6.,-44.5000000000212));
#5193=CARTESIAN_POINT('',(-5.76484650930378,2.5,-44.5000000000212));
#5194=CARTESIAN_POINT('Origin',(-7.90036762715331,2.5,-47.0000000000212));
#5195=CARTESIAN_POINT('',(-0.462960692394931,6.,-46.0330573508387));
#5196=CARTESIAN_POINT('',(-6.86484650930384,6.,-39.5718309110406));
#5197=CARTESIAN_POINT('Origin',(-7.90036762715331,6.,-47.0000000000212));
#5198=CARTESIAN_POINT('',(-6.86484650930384,2.5,-39.5718309110406));
#5199=CARTESIAN_POINT('',(-6.86484650930384,2.5,-39.5718309110406));
#5200=CARTESIAN_POINT('',(-0.462960692394931,2.5,-46.0330573508387));
#5201=CARTESIAN_POINT('Origin',(-7.90036762715331,2.5,-47.0000000000212));
#5202=CARTESIAN_POINT('',(-0.462960692394933,2.5,-46.0330573508387));
#5203=CARTESIAN_POINT('Origin',(-6.86484650930261,2.5,39.5718309110406));
#5204=CARTESIAN_POINT('',(-6.86484650930368,6.,39.5718309110406));
#5205=CARTESIAN_POINT('',(-6.86484650930292,6.,19.7859154554419));
#5206=CARTESIAN_POINT('',(-6.86484650930368,2.5,39.5718309110406));
#5207=CARTESIAN_POINT('',(-6.86484650930368,2.5,39.5718309110406));
#5208=CARTESIAN_POINT('',(-6.86484650930292,2.5,19.7859154555204));
#5209=CARTESIAN_POINT('Origin',(-7.90036762715312,2.5,47.0000000000213));
#5210=CARTESIAN_POINT('',(-0.462960692394763,6.,46.0330573508386));
#5211=CARTESIAN_POINT('Origin',(-7.90036762715312,6.,47.0000000000213));
#5212=CARTESIAN_POINT('',(-0.462960692394763,2.5,46.0330573508386));
#5213=CARTESIAN_POINT('',(-0.462960692394773,2.5,46.0330573508386));
#5214=CARTESIAN_POINT('Origin',(-7.90036762715312,2.5,47.0000000000213));
#5215=CARTESIAN_POINT('Origin',(4.99999999999998,6.,-55.));
#5216=CARTESIAN_POINT('',(11.8007352543677,2.5,-47.));
#5217=CARTESIAN_POINT('Origin',(4.99999999999997,2.5,-55.));
#5218=CARTESIAN_POINT('',(11.8007352543677,6.,-47.));
#5219=CARTESIAN_POINT('',(11.8007352543677,6.,-47.));
#5220=CARTESIAN_POINT('Origin',(4.99999999999998,6.,-55.));
#5221=CARTESIAN_POINT('Origin',(-90.,0.,47.));
#5222=CARTESIAN_POINT('',(-83.5,2.5,47.));
#5223=CARTESIAN_POINT('',(-83.5,2.5,47.));
#5224=CARTESIAN_POINT('',(-83.5,6.,47.));
#5225=CARTESIAN_POINT('',(-83.5,3.,47.));
#5226=CARTESIAN_POINT('',(-45.,6.,47.));
#5227=CARTESIAN_POINT('Origin',(1.77635683940025E-14,2.5,0.));
#5228=CARTESIAN_POINT('',(-83.5,2.5,-47.));
#5229=CARTESIAN_POINT('',(-1.80073525436776,2.5,-47.));
#5230=CARTESIAN_POINT('',(-83.5,2.5,-45.));
#5231=CARTESIAN_POINT('',(-83.5,2.5,-47.));
#5232=CARTESIAN_POINT('',(-90.,2.5,-38.5));
#5233=CARTESIAN_POINT('Origin',(-90.,2.5,-45.));
#5234=CARTESIAN_POINT('',(-92.,2.5,-38.5));
#5235=CARTESIAN_POINT('',(-90.,2.5,-38.5));
#5236=CARTESIAN_POINT('',(-92.,2.5,38.5));
#5237=CARTESIAN_POINT('',(-92.,2.5,-38.5));
#5238=CARTESIAN_POINT('',(-90.,2.5,38.5));
#5239=CARTESIAN_POINT('',(-92.,2.5,38.5));
#5240=CARTESIAN_POINT('',(-83.5000000000001,2.5,45.));
#5241=CARTESIAN_POINT('Origin',(-90.,2.5,45.));
#5242=CARTESIAN_POINT('',(-83.5000000000001,2.5,45.));
#5243=CARTESIAN_POINT('Origin',(1.77635683940025E-14,2.5,0.));
#5244=CARTESIAN_POINT('',(11.8007352543678,2.5,47.));
#5245=CARTESIAN_POINT('Origin',(4.99999999999999,2.5,55.));
#5246=CARTESIAN_POINT('',(13.1992647456322,2.5,47.));
#5247=CARTESIAN_POINT('',(11.8007352543677,2.5,47.));
#5248=CARTESIAN_POINT('',(26.8007352543678,2.5,47.));
#5249=CARTESIAN_POINT('Origin',(20.,2.5,55.));
#5250=CARTESIAN_POINT('',(28.1992647456322,2.5,47.));
#5251=CARTESIAN_POINT('',(26.8007352543678,2.5,47.));
#5252=CARTESIAN_POINT('',(41.8007352543678,2.5,47.));
#5253=CARTESIAN_POINT('Origin',(35.,2.5,55.));
#5254=CARTESIAN_POINT('',(43.1992647456322,2.5,47.));
#5255=CARTESIAN_POINT('',(41.8007352543678,2.5,47.));
#5256=CARTESIAN_POINT('',(56.8007352543678,2.5,47.));
#5257=CARTESIAN_POINT('Origin',(50.,2.5,55.));
#5258=CARTESIAN_POINT('',(83.0000000000146,2.5,47.));
#5259=CARTESIAN_POINT('',(56.8007352543678,2.5,47.));
#5260=CARTESIAN_POINT('',(83.,2.5,45.));
#5261=CARTESIAN_POINT('',(82.9999999997915,2.5,23.4999999995975));
#5262=CARTESIAN_POINT('',(90.,2.5,38.));
#5263=CARTESIAN_POINT('Origin',(90.,2.5,45.));
#5264=CARTESIAN_POINT('',(92.,2.5,38.0000000000146));
#5265=CARTESIAN_POINT('',(45.,2.5,38.0000000000146));
#5266=CARTESIAN_POINT('',(92.,2.5,-38.0000000000146));
#5267=CARTESIAN_POINT('',(92.,2.5,38.5));
#5268=CARTESIAN_POINT('',(90.,2.5,-38.));
#5269=CARTESIAN_POINT('',(45.9999999998158,2.5,-37.9999999995734));
#5270=CARTESIAN_POINT('',(83.,2.5,-45.));
#5271=CARTESIAN_POINT('Origin',(90.,2.5,-45.));
#5272=CARTESIAN_POINT('',(83.0000000000146,2.5,-47.));
#5273=CARTESIAN_POINT('',(83.0000000000146,2.5,-22.5));
#5274=CARTESIAN_POINT('',(56.8007352543677,2.5,-47.));
#5275=CARTESIAN_POINT('',(83.5,2.5,-47.));
#5276=CARTESIAN_POINT('',(43.1992647456322,2.5,-47.));
#5277=CARTESIAN_POINT('Origin',(50.,2.5,-55.));
#5278=CARTESIAN_POINT('',(41.8007352543677,2.5,-47.));
#5279=CARTESIAN_POINT('',(43.1992647456322,2.5,-47.));
#5280=CARTESIAN_POINT('',(28.1992647456323,2.5,-47.));
#5281=CARTESIAN_POINT('Origin',(35.,2.5,-55.));
#5282=CARTESIAN_POINT('',(26.8007352543677,2.5,-47.));
#5283=CARTESIAN_POINT('',(28.1992647456323,2.5,-47.));
#5284=CARTESIAN_POINT('',(13.1992647456322,2.5,-47.));
#5285=CARTESIAN_POINT('Origin',(20.,2.5,-55.));
#5286=CARTESIAN_POINT('',(13.1992647456322,2.5,-47.));
#5287=CARTESIAN_POINT('Origin',(90.,6.,38.0000000000146));
#5288=CARTESIAN_POINT('',(90.,6.,38.));
#5289=CARTESIAN_POINT('',(90.,6.,38.));
#5290=CARTESIAN_POINT('',(92.,6.,38.0000000000146));
#5291=CARTESIAN_POINT('',(92.,6.,38.0000000000146));
#5292=CARTESIAN_POINT('',(92.,3.,38.0000000000146));
#5293=CARTESIAN_POINT('Origin',(90.,6.,45.));
#5294=CARTESIAN_POINT('',(83.,6.,45.));
#5295=CARTESIAN_POINT('',(83.,6.,45.));
#5296=CARTESIAN_POINT('Origin',(90.,6.,45.));
#5297=CARTESIAN_POINT('Origin',(83.0000000000194,6.,47.));
#5298=CARTESIAN_POINT('',(83.0000000000146,6.,47.));
#5299=CARTESIAN_POINT('',(83.0000000000194,3.,47.));
#5300=CARTESIAN_POINT('',(83.,6.,45.));
#5301=CARTESIAN_POINT('Origin',(92.,6.,-38.0000000000194));
#5302=CARTESIAN_POINT('',(92.,6.,-38.0000000000146));
#5303=CARTESIAN_POINT('',(92.,3.,-38.0000000000194));
#5304=CARTESIAN_POINT('',(90.,6.,-38.));
#5305=CARTESIAN_POINT('',(90.,6.,-38.));
#5306=CARTESIAN_POINT('',(90.,6.,-38.));
#5307=CARTESIAN_POINT('Origin',(90.,6.,-45.));
#5308=CARTESIAN_POINT('',(83.,6.,-45.));
#5309=CARTESIAN_POINT('Origin',(90.,6.,-45.));
#5310=CARTESIAN_POINT('',(83.,6.,-45.));
#5311=CARTESIAN_POINT('Origin',(83.0000000000146,6.,-45.));
#5312=CARTESIAN_POINT('',(83.0000000000146,6.,-47.));
#5313=CARTESIAN_POINT('',(83.0000000000146,6.,-47.));
#5314=CARTESIAN_POINT('',(83.0000000000145,3.,-47.));
#5315=CARTESIAN_POINT('Origin',(-90.,0.,47.));
#5316=CARTESIAN_POINT('',(56.8007352543678,6.,47.));
#5317=CARTESIAN_POINT('',(56.8007352543678,6.,47.));
#5318=CARTESIAN_POINT('',(-45.,6.,47.));
#5319=CARTESIAN_POINT('Origin',(90.,0.,-47.));
#5320=CARTESIAN_POINT('',(56.8007352543677,6.,-47.));
#5321=CARTESIAN_POINT('',(45.,6.,-47.));
#5322=CARTESIAN_POINT('',(56.8007352543677,6.,-47.));
#5323=CARTESIAN_POINT('Origin',(-41.4839398558981,0.,12.4849543277729));
#5324=CARTESIAN_POINT('',(-39.4839398558981,0.,12.4849543277729));
#5325=CARTESIAN_POINT('',(-43.4839398558981,0.,12.4849543277729));
#5326=CARTESIAN_POINT('Origin',(-41.4839398558981,0.,12.4849543277729));
#5327=CARTESIAN_POINT('Origin',(-41.4839398558981,0.,12.4849543277729));
#5328=CARTESIAN_POINT('',(-43.4839398558981,0.,12.4849543277729));
#5329=CARTESIAN_POINT('Origin',(-66.515044897402,0.,-12.516060381699));
#5330=CARTESIAN_POINT('',(-64.515044897402,0.,-12.516060381699));
#5331=CARTESIAN_POINT('',(-68.515044897402,0.,-12.516060381699));
#5332=CARTESIAN_POINT('Origin',(-66.515044897402,0.,-12.516060381699));
#5333=CARTESIAN_POINT('Origin',(-66.515044897402,0.,-12.516060381699));
#5334=CARTESIAN_POINT('',(-68.515044897402,0.,-12.516060381699));
#5335=CARTESIAN_POINT('Origin',(-41.4839398558981,0.,-0.00752690391604024));
#5336=CARTESIAN_POINT('',(-39.4839398558981,0.,-0.00752690391604048));
#5337=CARTESIAN_POINT('',(-43.4839398558981,0.,-0.00752690391603999));
#5338=CARTESIAN_POINT('Origin',(-41.4839398558981,0.,-0.00752690391604024));
#5339=CARTESIAN_POINT('Origin',(-41.4839398558981,0.,-0.00752690391604024));
#5340=CARTESIAN_POINT('',(-43.4839398558981,0.,-0.00752690391603999));
#5341=CARTESIAN_POINT('Origin',(-66.681144445742,0.,12.514197797012));
#5342=CARTESIAN_POINT('',(-64.681144445742,0.,12.514197797012));
#5343=CARTESIAN_POINT('',(-68.681144445742,0.,12.514197797012));
#5344=CARTESIAN_POINT('Origin',(-66.681144445742,0.,12.514197797012));
#5345=CARTESIAN_POINT('Origin',(-66.681144445742,0.,12.514197797012));
#5346=CARTESIAN_POINT('',(-68.681144445742,0.,12.514197797012));
#5347=CARTESIAN_POINT('Origin',(-41.4839398558981,0.,-12.500004320908));
#5348=CARTESIAN_POINT('',(-39.4839398558981,0.,-12.500004320908));
#5349=CARTESIAN_POINT('',(-43.4839398558981,0.,-12.500004320908));
#5350=CARTESIAN_POINT('Origin',(-41.4839398558981,0.,-12.500004320908));
#5351=CARTESIAN_POINT('Origin',(-41.4839398558981,0.,-12.500004320908));
#5352=CARTESIAN_POINT('',(-43.4839398558981,0.,-12.500004320908));
#5353=CARTESIAN_POINT('Origin',(89.25,6.,-44.25));
#5354=CARTESIAN_POINT('',(91.35,6.,-44.25));
#5355=CARTESIAN_POINT('',(87.15,6.,-44.25));
#5356=CARTESIAN_POINT('Origin',(89.25,6.,-44.25));
#5357=CARTESIAN_POINT('Origin',(89.25,6.,-44.25));
#5358=CARTESIAN_POINT('',(87.15,1.5,-44.25));
#5359=CARTESIAN_POINT('',(87.15,6.,-44.25));
#5360=CARTESIAN_POINT('',(91.35,1.5,-44.25));
#5361=CARTESIAN_POINT('Origin',(89.25,1.5,-44.25));
#5362=CARTESIAN_POINT('Origin',(89.25,1.5,-44.25));
#5363=CARTESIAN_POINT('Origin',(89.25,1.5,-44.25));
#5364=CARTESIAN_POINT('Origin',(-89.25,6.,-44.25));
#5365=CARTESIAN_POINT('',(-87.15,6.,-44.25));
#5366=CARTESIAN_POINT('',(-91.35,6.,-44.25));
#5367=CARTESIAN_POINT('Origin',(-89.25,6.,-44.25));
#5368=CARTESIAN_POINT('Origin',(-89.25,6.,-44.25));
#5369=CARTESIAN_POINT('',(-91.35,1.5,-44.25));
#5370=CARTESIAN_POINT('',(-91.35,6.,-44.25));
#5371=CARTESIAN_POINT('',(-87.15,1.5,-44.25));
#5372=CARTESIAN_POINT('Origin',(-89.25,1.5,-44.25));
#5373=CARTESIAN_POINT('Origin',(-89.25,1.5,-44.25));
#5374=CARTESIAN_POINT('Origin',(-89.25,1.5,-44.25));
#5375=CARTESIAN_POINT('Origin',(89.25,6.,44.25));
#5376=CARTESIAN_POINT('',(91.35,6.,44.25));
#5377=CARTESIAN_POINT('',(87.15,6.,44.25));
#5378=CARTESIAN_POINT('Origin',(89.25,6.,44.25));
#5379=CARTESIAN_POINT('Origin',(89.25,6.,44.25));
#5380=CARTESIAN_POINT('',(87.15,1.5,44.25));
#5381=CARTESIAN_POINT('',(87.15,6.,44.25));
#5382=CARTESIAN_POINT('',(91.35,1.5,44.25));
#5383=CARTESIAN_POINT('Origin',(89.25,1.5,44.25));
#5384=CARTESIAN_POINT('Origin',(89.25,1.5,44.25));
#5385=CARTESIAN_POINT('Origin',(89.25,1.5,44.25));
#5386=CARTESIAN_POINT('Origin',(-89.25,6.,44.25));
#5387=CARTESIAN_POINT('',(-87.15,6.,44.25));
#5388=CARTESIAN_POINT('',(-91.35,6.,44.25));
#5389=CARTESIAN_POINT('Origin',(-89.25,6.,44.25));
#5390=CARTESIAN_POINT('Origin',(-89.25,6.,44.25));
#5391=CARTESIAN_POINT('',(-91.35,1.5,44.25));
#5392=CARTESIAN_POINT('',(-91.35,6.,44.25));
#5393=CARTESIAN_POINT('',(-87.15,1.5,44.25));
#5394=CARTESIAN_POINT('Origin',(-89.25,1.5,44.25));
#5395=CARTESIAN_POINT('Origin',(-89.25,1.5,44.25));
#5396=CARTESIAN_POINT('Origin',(-89.25,1.5,44.25));
#5397=CARTESIAN_POINT('Origin',(-90.,6.,45.));
#5398=CARTESIAN_POINT('',(-90.,6.,38.5));
#5399=CARTESIAN_POINT('',(-90.,6.,38.5));
#5400=CARTESIAN_POINT('',(-83.5,6.,45.));
#5401=CARTESIAN_POINT('Origin',(-90.,6.,45.));
#5402=CARTESIAN_POINT('',(-83.5000000000001,3.,45.));
#5403=CARTESIAN_POINT('Origin',(-92.,6.,38.5));
#5404=CARTESIAN_POINT('',(-92.,6.,38.5));
#5405=CARTESIAN_POINT('',(-92.,3.,38.5));
#5406=CARTESIAN_POINT('',(-90.,6.,38.5));
#5407=CARTESIAN_POINT('Origin',(-83.5,6.,45.));
#5408=CARTESIAN_POINT('',(-83.5,6.,47.));
#5409=CARTESIAN_POINT('Origin',(-83.5,6.,-47.));
#5410=CARTESIAN_POINT('',(-83.5,6.,-47.));
#5411=CARTESIAN_POINT('',(-83.5,3.,-47.));
#5412=CARTESIAN_POINT('',(-83.5,6.,-45.));
#5413=CARTESIAN_POINT('',(-83.5,6.,-45.));
#5414=CARTESIAN_POINT('',(-83.5,3.,-45.));
#5415=CARTESIAN_POINT('Origin',(-90.,6.,-45.));
#5416=CARTESIAN_POINT('',(-90.,6.,-38.5));
#5417=CARTESIAN_POINT('Origin',(-90.,6.,-45.));
#5418=CARTESIAN_POINT('',(-90.,3.,-38.5));
#5419=CARTESIAN_POINT('Origin',(-90.,6.,-38.5));
#5420=CARTESIAN_POINT('',(-92.,6.,-38.5));
#5421=CARTESIAN_POINT('',(-91.9999999999999,6.,-38.5));
#5422=CARTESIAN_POINT('',(-92.,3.,-38.5));
#5423=CARTESIAN_POINT('Origin',(41.8007352543678,6.,47.));
#5424=CARTESIAN_POINT('',(40.6672793786398,6.,48.3333333333333));
#5425=CARTESIAN_POINT('',(41.8007352543678,6.,48.75));
#5426=CARTESIAN_POINT('Origin',(41.8007352543678,6.,47.));
#5427=CARTESIAN_POINT('',(40.6672793786398,7.,48.3333333333333));
#5428=CARTESIAN_POINT('',(40.6672793786398,6.,48.3333333333333));
#5429=CARTESIAN_POINT('',(41.8007352543678,7.,48.75));
#5430=CARTESIAN_POINT('Origin',(41.8007352543678,7.,47.));
#5431=CARTESIAN_POINT('',(41.8007352543678,6.,48.75));
#5432=CARTESIAN_POINT('Origin',(43.1992647456322,6.,48.75));
#5433=CARTESIAN_POINT('',(43.1992647456322,6.,48.75));
#5434=CARTESIAN_POINT('',(21.5996323728161,6.,48.75));
#5435=CARTESIAN_POINT('',(43.1992647456322,7.,48.75));
#5436=CARTESIAN_POINT('',(43.1992647456322,7.,48.75));
#5437=CARTESIAN_POINT('',(43.1992647456322,6.,48.75));
#5438=CARTESIAN_POINT('Origin',(43.1992647456322,6.,47.));
#5439=CARTESIAN_POINT('',(44.3327206213602,6.,48.3333333333333));
#5440=CARTESIAN_POINT('Origin',(43.1992647456322,6.,47.));
#5441=CARTESIAN_POINT('',(44.3327206213602,7.,48.3333333333333));
#5442=CARTESIAN_POINT('Origin',(43.1992647456322,7.,47.));
#5443=CARTESIAN_POINT('',(44.3327206213602,6.,48.3333333333333));
#5444=CARTESIAN_POINT('Origin',(50.,6.,55.));
#5445=CARTESIAN_POINT('',(55.6672793786398,6.,48.3333333333333));
#5446=CARTESIAN_POINT('Origin',(50.,6.,55.));
#5447=CARTESIAN_POINT('',(55.6672793786398,7.,48.3333333333333));
#5448=CARTESIAN_POINT('Origin',(50.,7.,55.));
#5449=CARTESIAN_POINT('',(55.6672793786398,6.,48.3333333333333));
#5450=CARTESIAN_POINT('Origin',(56.8007352543678,6.,47.));
#5451=CARTESIAN_POINT('',(56.8007352543678,6.,48.75));
#5452=CARTESIAN_POINT('Origin',(56.8007352543678,6.,47.));
#5453=CARTESIAN_POINT('',(56.8007352543678,7.,48.75));
#5454=CARTESIAN_POINT('Origin',(56.8007352543678,7.,47.));
#5455=CARTESIAN_POINT('',(56.8007352543678,6.,48.75));
#5456=CARTESIAN_POINT('Origin',(90.,6.,48.75));
#5457=CARTESIAN_POINT('',(90.,6.,48.75));
#5458=CARTESIAN_POINT('',(45.,6.,48.75));
#5459=CARTESIAN_POINT('',(90.,7.,48.75));
#5460=CARTESIAN_POINT('',(90.,7.,48.75));
#5461=CARTESIAN_POINT('',(90.,6.,48.75));
#5462=CARTESIAN_POINT('Origin',(90.,6.,45.));
#5463=CARTESIAN_POINT('',(93.75,6.,45.));
#5464=CARTESIAN_POINT('Origin',(90.,6.,45.));
#5465=CARTESIAN_POINT('',(93.75,7.,45.));
#5466=CARTESIAN_POINT('Origin',(90.,7.,45.));
#5467=CARTESIAN_POINT('',(93.75,6.,45.));
#5468=CARTESIAN_POINT('Origin',(93.75,6.,-45.));
#5469=CARTESIAN_POINT('',(93.75,6.,-45.));
#5470=CARTESIAN_POINT('',(93.75,6.,-22.5));
#5471=CARTESIAN_POINT('',(93.75,7.,-45.));
#5472=CARTESIAN_POINT('',(93.75,7.,-45.));
#5473=CARTESIAN_POINT('',(93.75,6.,-45.));
#5474=CARTESIAN_POINT('Origin',(90.,6.,-45.));
#5475=CARTESIAN_POINT('',(90.,6.,-48.75));
#5476=CARTESIAN_POINT('Origin',(90.,6.,-45.));
#5477=CARTESIAN_POINT('',(90.,7.,-48.75));
#5478=CARTESIAN_POINT('Origin',(90.,7.,-45.));
#5479=CARTESIAN_POINT('',(90.,6.,-48.75));
#5480=CARTESIAN_POINT('Origin',(56.8007352543677,6.,-48.75));
#5481=CARTESIAN_POINT('',(56.8007352543677,6.,-48.75));
#5482=CARTESIAN_POINT('',(28.4003676271838,6.,-48.75));
#5483=CARTESIAN_POINT('',(56.8007352543677,7.,-48.75));
#5484=CARTESIAN_POINT('',(56.8007352543677,7.,-48.75));
#5485=CARTESIAN_POINT('',(56.8007352543677,6.,-48.75));
#5486=CARTESIAN_POINT('Origin',(56.8007352543677,6.,-47.));
#5487=CARTESIAN_POINT('',(55.6672793786397,6.,-48.3333333333333));
#5488=CARTESIAN_POINT('Origin',(56.8007352543677,6.,-47.));
#5489=CARTESIAN_POINT('',(55.6672793786397,7.,-48.3333333333333));
#5490=CARTESIAN_POINT('Origin',(56.8007352543677,7.,-47.));
#5491=CARTESIAN_POINT('',(55.6672793786397,6.,-48.3333333333333));
#5492=CARTESIAN_POINT('Origin',(50.,6.,-55.));
#5493=CARTESIAN_POINT('',(44.3327206213602,6.,-48.3333333333333));
#5494=CARTESIAN_POINT('Origin',(50.,6.,-55.));
#5495=CARTESIAN_POINT('',(44.3327206213602,7.,-48.3333333333333));
#5496=CARTESIAN_POINT('Origin',(50.,7.,-55.));
#5497=CARTESIAN_POINT('',(44.3327206213602,6.,-48.3333333333333));
#5498=CARTESIAN_POINT('Origin',(43.1992647456322,6.,-47.));
#5499=CARTESIAN_POINT('',(43.1992647456322,6.,-48.75));
#5500=CARTESIAN_POINT('Origin',(43.1992647456322,6.,-47.));
#5501=CARTESIAN_POINT('',(43.1992647456322,7.,-48.75));
#5502=CARTESIAN_POINT('Origin',(43.1992647456322,7.,-47.));
#5503=CARTESIAN_POINT('',(43.1992647456322,6.,-48.75));
#5504=CARTESIAN_POINT('Origin',(41.8007352543677,6.,-48.75));
#5505=CARTESIAN_POINT('',(41.8007352543677,6.,-48.75));
#5506=CARTESIAN_POINT('',(20.9003676271839,6.,-48.75));
#5507=CARTESIAN_POINT('',(41.8007352543677,7.,-48.75));
#5508=CARTESIAN_POINT('',(41.8007352543677,7.,-48.75));
#5509=CARTESIAN_POINT('',(41.8007352543677,6.,-48.75));
#5510=CARTESIAN_POINT('Origin',(41.8007352543677,6.,-47.));
#5511=CARTESIAN_POINT('',(40.6672793786397,6.,-48.3333333333333));
#5512=CARTESIAN_POINT('Origin',(41.8007352543677,6.,-47.));
#5513=CARTESIAN_POINT('',(40.6672793786397,7.,-48.3333333333333));
#5514=CARTESIAN_POINT('Origin',(41.8007352543677,7.,-47.));
#5515=CARTESIAN_POINT('',(40.6672793786397,6.,-48.3333333333333));
#5516=CARTESIAN_POINT('Origin',(35.,6.,-55.));
#5517=CARTESIAN_POINT('',(29.3327206213602,6.,-48.3333333333333));
#5518=CARTESIAN_POINT('Origin',(35.,6.,-55.));
#5519=CARTESIAN_POINT('',(29.3327206213602,7.,-48.3333333333333));
#5520=CARTESIAN_POINT('Origin',(35.,7.,-55.));
#5521=CARTESIAN_POINT('',(29.3327206213602,6.,-48.3333333333333));
#5522=CARTESIAN_POINT('Origin',(28.1992647456323,6.,-47.));
#5523=CARTESIAN_POINT('',(28.1992647456323,6.,-48.75));
#5524=CARTESIAN_POINT('Origin',(28.1992647456323,6.,-47.));
#5525=CARTESIAN_POINT('',(28.1992647456323,7.,-48.75));
#5526=CARTESIAN_POINT('Origin',(28.1992647456323,7.,-47.));
#5527=CARTESIAN_POINT('',(28.1992647456323,6.,-48.75));
#5528=CARTESIAN_POINT('Origin',(26.8007352543677,6.,-48.75));
#5529=CARTESIAN_POINT('',(26.8007352543677,6.,-48.75));
#5530=CARTESIAN_POINT('',(13.4003676271839,6.,-48.75));
#5531=CARTESIAN_POINT('',(26.8007352543677,7.,-48.75));
#5532=CARTESIAN_POINT('',(26.8007352543677,7.,-48.75));
#5533=CARTESIAN_POINT('',(26.8007352543677,6.,-48.75));
#5534=CARTESIAN_POINT('Origin',(26.8007352543677,6.,-47.));
#5535=CARTESIAN_POINT('',(25.6672793786398,6.,-48.3333333333333));
#5536=CARTESIAN_POINT('Origin',(26.8007352543677,6.,-47.));
#5537=CARTESIAN_POINT('',(25.6672793786398,7.,-48.3333333333333));
#5538=CARTESIAN_POINT('Origin',(26.8007352543677,7.,-47.));
#5539=CARTESIAN_POINT('',(25.6672793786398,6.,-48.3333333333333));
#5540=CARTESIAN_POINT('Origin',(20.,6.,-55.));
#5541=CARTESIAN_POINT('',(14.3327206213602,6.,-48.3333333333333));
#5542=CARTESIAN_POINT('Origin',(20.,6.,-55.));
#5543=CARTESIAN_POINT('',(14.3327206213602,7.,-48.3333333333333));
#5544=CARTESIAN_POINT('Origin',(20.,7.,-55.));
#5545=CARTESIAN_POINT('',(14.3327206213602,6.,-48.3333333333333));
#5546=CARTESIAN_POINT('Origin',(13.1992647456322,6.,-47.));
#5547=CARTESIAN_POINT('',(13.1992647456322,6.,-48.75));
#5548=CARTESIAN_POINT('Origin',(13.1992647456322,6.,-47.));
#5549=CARTESIAN_POINT('',(13.1992647456322,7.,-48.75));
#5550=CARTESIAN_POINT('Origin',(13.1992647456322,7.,-47.));
#5551=CARTESIAN_POINT('',(13.1992647456322,6.,-48.75));
#5552=CARTESIAN_POINT('Origin',(11.8007352543677,6.,-48.75));
#5553=CARTESIAN_POINT('',(11.8007352543677,6.,-48.75));
#5554=CARTESIAN_POINT('',(5.90036762718402,6.,-48.75));
#5555=CARTESIAN_POINT('',(11.8007352543677,7.,-48.75));
#5556=CARTESIAN_POINT('',(11.8007352543677,7.,-48.75));
#5557=CARTESIAN_POINT('',(11.8007352543677,6.,-48.75));
#5558=CARTESIAN_POINT('Origin',(11.8007352543677,6.,-47.));
#5559=CARTESIAN_POINT('',(10.6672793786398,6.,-48.3333333333333));
#5560=CARTESIAN_POINT('Origin',(11.8007352543677,6.,-47.));
#5561=CARTESIAN_POINT('',(10.6672793786398,7.,-48.3333333333333));
#5562=CARTESIAN_POINT('Origin',(11.8007352543677,7.,-47.));
#5563=CARTESIAN_POINT('',(10.6672793786398,6.,-48.3333333333333));
#5564=CARTESIAN_POINT('Origin',(4.99999999999998,6.,-55.));
#5565=CARTESIAN_POINT('',(-0.667279378639811,6.,-48.3333333333333));
#5566=CARTESIAN_POINT('Origin',(4.99999999999998,6.,-55.));
#5567=CARTESIAN_POINT('',(-0.667279378639813,7.,-48.3333333333333));
#5568=CARTESIAN_POINT('Origin',(4.99999999999998,7.,-55.));
#5569=CARTESIAN_POINT('',(-0.667279378639811,6.,-48.3333333333333));
#5570=CARTESIAN_POINT('Origin',(-1.80073525436777,6.,-47.));
#5571=CARTESIAN_POINT('',(-1.80073525436777,6.,-48.75));
#5572=CARTESIAN_POINT('Origin',(-1.80073525436777,6.,-47.));
#5573=CARTESIAN_POINT('',(-1.80073525436777,7.,-48.75));
#5574=CARTESIAN_POINT('Origin',(-1.80073525436777,7.,-47.));
#5575=CARTESIAN_POINT('',(-1.80073525436777,6.,-48.75));
#5576=CARTESIAN_POINT('Origin',(-90.,6.,-48.7499999999999));
#5577=CARTESIAN_POINT('',(-90.,6.,-48.7499999999999));
#5578=CARTESIAN_POINT('',(-45.,6.,-48.75));
#5579=CARTESIAN_POINT('',(-90.,7.,-48.75));
#5580=CARTESIAN_POINT('',(-90.,7.,-48.7499999999999));
#5581=CARTESIAN_POINT('',(-90.,6.,-48.7499999999999));
#5582=CARTESIAN_POINT('Origin',(-90.,6.,-45.));
#5583=CARTESIAN_POINT('',(-93.75,6.,-45.));
#5584=CARTESIAN_POINT('Origin',(-90.,6.,-45.));
#5585=CARTESIAN_POINT('',(-93.75,7.,-45.));
#5586=CARTESIAN_POINT('Origin',(-90.,7.,-45.));
#5587=CARTESIAN_POINT('',(-93.75,6.,-45.));
#5588=CARTESIAN_POINT('Origin',(-93.75,6.,45.));
#5589=CARTESIAN_POINT('',(-93.75,6.,45.));
#5590=CARTESIAN_POINT('',(-93.75,6.,22.5));
#5591=CARTESIAN_POINT('',(-93.75,7.,45.));
#5592=CARTESIAN_POINT('',(-93.75,7.,45.));
#5593=CARTESIAN_POINT('',(-93.75,6.,45.));
#5594=CARTESIAN_POINT('Origin',(-90.,6.,45.));
#5595=CARTESIAN_POINT('',(-90.,6.,48.75));
#5596=CARTESIAN_POINT('Origin',(-90.,6.,45.));
#5597=CARTESIAN_POINT('',(-90.,7.,48.75));
#5598=CARTESIAN_POINT('Origin',(-90.,7.,45.));
#5599=CARTESIAN_POINT('',(-90.,6.,48.75));
#5600=CARTESIAN_POINT('Origin',(-1.80073525436776,6.,48.75));
#5601=CARTESIAN_POINT('',(-1.80073525436776,6.,48.75));
#5602=CARTESIAN_POINT('',(-0.900367627183875,6.,48.75));
#5603=CARTESIAN_POINT('',(-1.80073525436776,7.,48.75));
#5604=CARTESIAN_POINT('',(-1.80073525436776,7.,48.75));
#5605=CARTESIAN_POINT('',(-1.80073525436776,6.,48.75));
#5606=CARTESIAN_POINT('Origin',(-1.80073525436776,6.,47.));
#5607=CARTESIAN_POINT('',(-0.667279378639804,6.,48.3333333333333));
#5608=CARTESIAN_POINT('Origin',(-1.80073525436776,6.,47.));
#5609=CARTESIAN_POINT('',(-0.667279378639805,7.,48.3333333333333));
#5610=CARTESIAN_POINT('Origin',(-1.80073525436776,7.,47.));
#5611=CARTESIAN_POINT('',(-0.667279378639804,6.,48.3333333333333));
#5612=CARTESIAN_POINT('Origin',(4.99999999999999,6.,55.));
#5613=CARTESIAN_POINT('',(10.6672793786398,6.,48.3333333333333));
#5614=CARTESIAN_POINT('Origin',(4.99999999999999,6.,55.));
#5615=CARTESIAN_POINT('',(10.6672793786398,7.,48.3333333333333));
#5616=CARTESIAN_POINT('Origin',(4.99999999999999,7.,55.));
#5617=CARTESIAN_POINT('',(10.6672793786398,6.,48.3333333333333));
#5618=CARTESIAN_POINT('Origin',(11.8007352543678,6.,47.));
#5619=CARTESIAN_POINT('',(11.8007352543678,6.,48.75));
#5620=CARTESIAN_POINT('Origin',(11.8007352543678,6.,47.));
#5621=CARTESIAN_POINT('',(11.8007352543678,7.,48.75));
#5622=CARTESIAN_POINT('Origin',(11.8007352543678,7.,47.));
#5623=CARTESIAN_POINT('',(11.8007352543678,6.,48.75));
#5624=CARTESIAN_POINT('Origin',(13.1992647456322,6.,48.75));
#5625=CARTESIAN_POINT('',(13.1992647456322,6.,48.75));
#5626=CARTESIAN_POINT('',(6.59963237281612,6.,48.75));
#5627=CARTESIAN_POINT('',(13.1992647456322,7.,48.75));
#5628=CARTESIAN_POINT('',(13.1992647456322,7.,48.75));
#5629=CARTESIAN_POINT('',(13.1992647456322,6.,48.75));
#5630=CARTESIAN_POINT('Origin',(13.1992647456322,6.,47.));
#5631=CARTESIAN_POINT('',(14.3327206213602,6.,48.3333333333333));
#5632=CARTESIAN_POINT('Origin',(13.1992647456322,6.,47.));
#5633=CARTESIAN_POINT('',(14.3327206213602,7.,48.3333333333333));
#5634=CARTESIAN_POINT('Origin',(13.1992647456322,7.,47.));
#5635=CARTESIAN_POINT('',(14.3327206213602,6.,48.3333333333333));
#5636=CARTESIAN_POINT('Origin',(20.,6.,55.));
#5637=CARTESIAN_POINT('',(25.6672793786398,6.,48.3333333333333));
#5638=CARTESIAN_POINT('Origin',(20.,6.,55.));
#5639=CARTESIAN_POINT('',(25.6672793786398,7.,48.3333333333333));
#5640=CARTESIAN_POINT('Origin',(20.,7.,55.));
#5641=CARTESIAN_POINT('',(25.6672793786398,6.,48.3333333333333));
#5642=CARTESIAN_POINT('Origin',(26.8007352543678,6.,47.));
#5643=CARTESIAN_POINT('',(26.8007352543678,6.,48.75));
#5644=CARTESIAN_POINT('Origin',(26.8007352543678,6.,47.));
#5645=CARTESIAN_POINT('',(26.8007352543678,7.,48.75));
#5646=CARTESIAN_POINT('Origin',(26.8007352543678,7.,47.));
#5647=CARTESIAN_POINT('',(26.8007352543678,6.,48.75));
#5648=CARTESIAN_POINT('Origin',(28.1992647456322,6.,48.75));
#5649=CARTESIAN_POINT('',(28.1992647456322,6.,48.75));
#5650=CARTESIAN_POINT('',(14.0996323728163,6.,48.7500000000001));
#5651=CARTESIAN_POINT('',(28.1992647456322,7.,48.75));
#5652=CARTESIAN_POINT('',(28.1992647456322,7.,48.75));
#5653=CARTESIAN_POINT('',(28.1992647456322,6.,48.75));
#5654=CARTESIAN_POINT('Origin',(28.1992647456322,6.,47.));
#5655=CARTESIAN_POINT('',(29.3327206213602,6.,48.3333333333333));
#5656=CARTESIAN_POINT('Origin',(28.1992647456322,6.,47.));
#5657=CARTESIAN_POINT('',(29.3327206213602,7.,48.3333333333333));
#5658=CARTESIAN_POINT('Origin',(28.1992647456322,7.,47.));
#5659=CARTESIAN_POINT('',(29.3327206213602,6.,48.3333333333333));
#5660=CARTESIAN_POINT('Origin',(35.,6.,55.));
#5661=CARTESIAN_POINT('Origin',(35.,6.,55.));
#5662=CARTESIAN_POINT('Origin',(35.,7.,55.));
#5663=CARTESIAN_POINT('Origin',(8.88178419700125E-15,7.,-4.44089209850063E-15));
#5664=CARTESIAN_POINT('',(39.8576680388341,7.,49.2857142857143));
#5665=CARTESIAN_POINT('',(41.8007352543678,7.,50.));
#5666=CARTESIAN_POINT('Origin',(41.8007352543678,7.,47.));
#5667=CARTESIAN_POINT('',(43.1992647456322,7.,50.));
#5668=CARTESIAN_POINT('',(41.8007352543678,7.,50.));
#5669=CARTESIAN_POINT('',(45.1423319611659,7.,49.2857142857143));
#5670=CARTESIAN_POINT('Origin',(43.1992647456322,7.,47.));
#5671=CARTESIAN_POINT('',(54.8576680388341,7.,49.2857142857143));
#5672=CARTESIAN_POINT('Origin',(50.,7.,55.));
#5673=CARTESIAN_POINT('',(56.8007352543678,7.,50.));
#5674=CARTESIAN_POINT('Origin',(56.8007352543678,7.,47.));
#5675=CARTESIAN_POINT('',(90.,7.,50.));
#5676=CARTESIAN_POINT('',(56.8007352543678,7.,50.));
#5677=CARTESIAN_POINT('',(95.,7.,45.));
#5678=CARTESIAN_POINT('Origin',(90.,7.,45.));
#5679=CARTESIAN_POINT('',(95.,7.,-45.));
#5680=CARTESIAN_POINT('',(95.,7.,45.));
#5681=CARTESIAN_POINT('',(90.,7.,-50.));
#5682=CARTESIAN_POINT('Origin',(90.,7.,-45.));
#5683=CARTESIAN_POINT('',(56.8007352543677,7.,-50.));
#5684=CARTESIAN_POINT('',(90.,7.,-50.));
#5685=CARTESIAN_POINT('',(54.8576680388341,7.,-49.2857142857143));
#5686=CARTESIAN_POINT('Origin',(56.8007352543677,7.,-47.));
#5687=CARTESIAN_POINT('',(45.1423319611659,7.,-49.2857142857143));
#5688=CARTESIAN_POINT('Origin',(50.,7.,-55.));
#5689=CARTESIAN_POINT('',(43.1992647456322,7.,-50.));
#5690=CARTESIAN_POINT('Origin',(43.1992647456322,7.,-47.));
#5691=CARTESIAN_POINT('',(41.8007352543677,7.,-50.));
#5692=CARTESIAN_POINT('',(43.1992647456322,7.,-50.));
#5693=CARTESIAN_POINT('',(39.8576680388341,7.,-49.2857142857143));
#5694=CARTESIAN_POINT('Origin',(41.8007352543677,7.,-47.));
#5695=CARTESIAN_POINT('',(30.1423319611659,7.,-49.2857142857143));
#5696=CARTESIAN_POINT('Origin',(35.,7.,-55.));
#5697=CARTESIAN_POINT('',(28.1992647456322,7.,-50.));
#5698=CARTESIAN_POINT('Origin',(28.1992647456323,7.,-47.));
#5699=CARTESIAN_POINT('',(26.8007352543677,7.,-50.));
#5700=CARTESIAN_POINT('',(28.1992647456322,7.,-50.));
#5701=CARTESIAN_POINT('',(24.8576680388341,7.,-49.2857142857143));
#5702=CARTESIAN_POINT('Origin',(26.8007352543677,7.,-47.));
#5703=CARTESIAN_POINT('',(15.1423319611659,7.,-49.2857142857143));
#5704=CARTESIAN_POINT('Origin',(20.,7.,-55.));
#5705=CARTESIAN_POINT('',(13.1992647456322,7.,-50.));
#5706=CARTESIAN_POINT('Origin',(13.1992647456322,7.,-47.));
#5707=CARTESIAN_POINT('',(11.8007352543677,7.,-50.));
#5708=CARTESIAN_POINT('',(13.1992647456322,7.,-50.));
#5709=CARTESIAN_POINT('',(9.85766803883408,7.,-49.2857142857143));
#5710=CARTESIAN_POINT('Origin',(11.8007352543677,7.,-47.));
#5711=CARTESIAN_POINT('',(0.142331961165878,7.,-49.2857142857143));
#5712=CARTESIAN_POINT('Origin',(4.99999999999998,7.,-55.));
#5713=CARTESIAN_POINT('',(-1.80073525436777,7.,-50.));
#5714=CARTESIAN_POINT('Origin',(-1.80073525436777,7.,-47.));
#5715=CARTESIAN_POINT('',(-90.,7.,-50.));
#5716=CARTESIAN_POINT('',(-1.80073525436777,7.,-50.));
#5717=CARTESIAN_POINT('',(-95.,7.,-45.));
#5718=CARTESIAN_POINT('Origin',(-90.,7.,-45.));
#5719=CARTESIAN_POINT('',(-95.,7.,45.));
#5720=CARTESIAN_POINT('',(-95.,7.,-45.));
#5721=CARTESIAN_POINT('',(-90.,7.,50.));
#5722=CARTESIAN_POINT('Origin',(-90.,7.,45.));
#5723=CARTESIAN_POINT('',(-1.80073525436777,7.,50.));
#5724=CARTESIAN_POINT('',(-90.,7.,50.));
#5725=CARTESIAN_POINT('',(0.142331961165882,7.,49.2857142857143));
#5726=CARTESIAN_POINT('Origin',(-1.80073525436776,7.,47.));
#5727=CARTESIAN_POINT('',(9.8576680388341,7.,49.2857142857143));
#5728=CARTESIAN_POINT('Origin',(4.99999999999999,7.,55.));
#5729=CARTESIAN_POINT('',(11.8007352543678,7.,50.));
#5730=CARTESIAN_POINT('Origin',(11.8007352543678,7.,47.));
#5731=CARTESIAN_POINT('',(13.1992647456322,7.,50.));
#5732=CARTESIAN_POINT('',(11.8007352543678,7.,50.));
#5733=CARTESIAN_POINT('',(15.1423319611659,7.,49.2857142857143));
#5734=CARTESIAN_POINT('Origin',(13.1992647456322,7.,47.));
#5735=CARTESIAN_POINT('',(24.8576680388341,7.,49.2857142857143));
#5736=CARTESIAN_POINT('Origin',(20.,7.,55.));
#5737=CARTESIAN_POINT('',(26.8007352543678,7.,50.));
#5738=CARTESIAN_POINT('Origin',(26.8007352543678,7.,47.));
#5739=CARTESIAN_POINT('',(28.1992647456322,7.,50.));
#5740=CARTESIAN_POINT('',(26.8007352543678,7.,50.));
#5741=CARTESIAN_POINT('',(30.1423319611659,7.,49.2857142857143));
#5742=CARTESIAN_POINT('Origin',(28.1992647456322,7.,47.));
#5743=CARTESIAN_POINT('Origin',(35.,7.,55.));
#5744=CARTESIAN_POINT('Origin',(-1.80073525436776,1.,47.));
#5745=CARTESIAN_POINT('',(-1.80073525436776,1.,50.));
#5746=CARTESIAN_POINT('',(-1.80073525436776,0.,49.));
#5747=CARTESIAN_POINT('Origin',(-1.80073525436776,1.,49.));
#5748=CARTESIAN_POINT('',(-0.505357110678667,0.,48.5238095238095));
#5749=CARTESIAN_POINT('Origin',(-1.80073525436776,0.,47.));
#5750=CARTESIAN_POINT('',(0.142331961165881,1.,49.2857142857143));
#5751=CARTESIAN_POINT('Origin',(-0.505357110678667,1.,48.5238095238095));
#5752=CARTESIAN_POINT('Origin',(-1.80073525436776,1.,47.));
#5753=CARTESIAN_POINT('Origin',(4.99999999999999,1.,55.));
#5754=CARTESIAN_POINT('',(10.5053571106787,0.,48.5238095238095));
#5755=CARTESIAN_POINT('',(9.8576680388341,1.,49.2857142857143));
#5756=CARTESIAN_POINT('Origin',(10.5053571106787,1.,48.5238095238095));
#5757=CARTESIAN_POINT('Origin',(4.99999999999999,1.,55.));
#5758=CARTESIAN_POINT('Origin',(4.99999999999999,0.,55.));
#5759=CARTESIAN_POINT('Origin',(11.8007352543678,1.,47.));
#5760=CARTESIAN_POINT('',(11.8007352543678,0.,49.));
#5761=CARTESIAN_POINT('',(11.8007352543678,1.,50.));
#5762=CARTESIAN_POINT('Origin',(11.8007352543678,1.,49.));
#5763=CARTESIAN_POINT('Origin',(11.8007352543678,1.,47.));
#5764=CARTESIAN_POINT('Origin',(11.8007352543678,0.,47.));
#5765=CARTESIAN_POINT('Origin',(-45.,1.,49.));
#5766=CARTESIAN_POINT('',(13.1992647456322,0.,49.));
#5767=CARTESIAN_POINT('',(13.1992647456322,1.,50.));
#5768=CARTESIAN_POINT('Origin',(13.1992647456322,1.,49.));
#5769=CARTESIAN_POINT('',(-45.,1.,50.));
#5770=CARTESIAN_POINT('',(-45.,0.,49.));
#5771=CARTESIAN_POINT('Origin',(13.1992647456322,1.,47.));
#5772=CARTESIAN_POINT('',(14.4946428893213,0.,48.5238095238095));
#5773=CARTESIAN_POINT('',(15.1423319611659,1.,49.2857142857143));
#5774=CARTESIAN_POINT('Origin',(14.4946428893213,1.,48.5238095238095));
#5775=CARTESIAN_POINT('Origin',(13.1992647456322,1.,47.));
#5776=CARTESIAN_POINT('Origin',(13.1992647456322,0.,47.));
#5777=CARTESIAN_POINT('Origin',(20.,1.,55.));
#5778=CARTESIAN_POINT('',(25.5053571106787,0.,48.5238095238095));
#5779=CARTESIAN_POINT('',(24.8576680388341,1.,49.2857142857143));
#5780=CARTESIAN_POINT('Origin',(25.5053571106787,1.,48.5238095238095));
#5781=CARTESIAN_POINT('Origin',(20.,1.,55.));
#5782=CARTESIAN_POINT('Origin',(20.,0.,55.));
#5783=CARTESIAN_POINT('Origin',(26.8007352543678,1.,47.));
#5784=CARTESIAN_POINT('',(26.8007352543678,0.,49.));
#5785=CARTESIAN_POINT('',(26.8007352543678,1.,50.));
#5786=CARTESIAN_POINT('Origin',(26.8007352543678,1.,49.));
#5787=CARTESIAN_POINT('Origin',(26.8007352543678,1.,47.));
#5788=CARTESIAN_POINT('Origin',(26.8007352543678,0.,47.));
#5789=CARTESIAN_POINT('Origin',(-45.,1.,49.));
#5790=CARTESIAN_POINT('',(28.1992647456322,0.,49.));
#5791=CARTESIAN_POINT('',(28.1992647456322,1.,50.));
#5792=CARTESIAN_POINT('Origin',(28.1992647456322,1.,49.));
#5793=CARTESIAN_POINT('',(-45.,1.,50.));
#5794=CARTESIAN_POINT('',(-45.,0.,49.));
#5795=CARTESIAN_POINT('Origin',(28.1992647456322,1.,47.));
#5796=CARTESIAN_POINT('',(29.4946428893213,0.,48.5238095238095));
#5797=CARTESIAN_POINT('',(30.1423319611659,1.,49.2857142857143));
#5798=CARTESIAN_POINT('Origin',(29.4946428893213,1.,48.5238095238095));
#5799=CARTESIAN_POINT('Origin',(28.1992647456322,1.,47.));
#5800=CARTESIAN_POINT('Origin',(28.1992647456322,0.,47.));
#5801=CARTESIAN_POINT('Origin',(35.,1.,55.));
#5802=CARTESIAN_POINT('',(40.5053571106787,0.,48.5238095238095));
#5803=CARTESIAN_POINT('',(39.8576680388341,1.,49.2857142857143));
#5804=CARTESIAN_POINT('Origin',(40.5053571106787,1.,48.5238095238095));
#5805=CARTESIAN_POINT('Origin',(35.,1.,55.));
#5806=CARTESIAN_POINT('Origin',(35.,0.,55.));
#5807=CARTESIAN_POINT('Origin',(41.8007352543678,1.,47.));
#5808=CARTESIAN_POINT('',(41.8007352543678,0.,49.));
#5809=CARTESIAN_POINT('',(41.8007352543678,1.,50.));
#5810=CARTESIAN_POINT('Origin',(41.8007352543678,1.,49.));
#5811=CARTESIAN_POINT('Origin',(41.8007352543678,1.,47.));
#5812=CARTESIAN_POINT('Origin',(41.8007352543678,0.,47.));
#5813=CARTESIAN_POINT('Origin',(-45.,1.,49.));
#5814=CARTESIAN_POINT('',(43.1992647456322,0.,49.));
#5815=CARTESIAN_POINT('',(43.1992647456322,1.,50.));
#5816=CARTESIAN_POINT('Origin',(43.1992647456322,1.,49.));
#5817=CARTESIAN_POINT('',(-45.,1.,50.));
#5818=CARTESIAN_POINT('',(-45.,0.,49.));
#5819=CARTESIAN_POINT('Origin',(43.1992647456322,1.,47.));
#5820=CARTESIAN_POINT('',(44.4946428893213,0.,48.5238095238095));
#5821=CARTESIAN_POINT('',(45.1423319611659,1.,49.2857142857143));
#5822=CARTESIAN_POINT('Origin',(44.4946428893213,1.,48.5238095238095));
#5823=CARTESIAN_POINT('Origin',(43.1992647456322,1.,47.));
#5824=CARTESIAN_POINT('Origin',(43.1992647456322,0.,47.));
#5825=CARTESIAN_POINT('Origin',(50.,1.,55.));
#5826=CARTESIAN_POINT('',(55.5053571106787,0.,48.5238095238095));
#5827=CARTESIAN_POINT('',(54.8576680388341,1.,49.2857142857143));
#5828=CARTESIAN_POINT('Origin',(55.5053571106787,1.,48.5238095238095));
#5829=CARTESIAN_POINT('Origin',(50.,1.,55.));
#5830=CARTESIAN_POINT('Origin',(50.,0.,55.));
#5831=CARTESIAN_POINT('Origin',(56.8007352543678,1.,47.));
#5832=CARTESIAN_POINT('',(56.8007352543678,0.,49.));
#5833=CARTESIAN_POINT('',(56.8007352543678,1.,50.));
#5834=CARTESIAN_POINT('Origin',(56.8007352543678,1.,49.));
#5835=CARTESIAN_POINT('Origin',(56.8007352543678,1.,47.));
#5836=CARTESIAN_POINT('Origin',(56.8007352543678,0.,47.));
#5837=CARTESIAN_POINT('Origin',(-45.,1.,49.));
#5838=CARTESIAN_POINT('',(90.,0.,49.));
#5839=CARTESIAN_POINT('',(90.,1.,50.));
#5840=CARTESIAN_POINT('Origin',(90.,1.,49.));
#5841=CARTESIAN_POINT('',(-45.,1.,50.));
#5842=CARTESIAN_POINT('',(-45.,0.,49.));
#5843=CARTESIAN_POINT('Origin',(90.,1.,45.));
#5844=CARTESIAN_POINT('',(94.,0.,45.));
#5845=CARTESIAN_POINT('',(95.,1.,45.));
#5846=CARTESIAN_POINT('Origin',(94.,1.,45.));
#5847=CARTESIAN_POINT('Origin',(90.,1.,45.));
#5848=CARTESIAN_POINT('Origin',(90.,0.,45.));
#5849=CARTESIAN_POINT('Origin',(94.,1.,22.5));
#5850=CARTESIAN_POINT('',(94.,0.,-45.));
#5851=CARTESIAN_POINT('',(95.,1.,-45.));
#5852=CARTESIAN_POINT('Origin',(94.,1.,-45.));
#5853=CARTESIAN_POINT('',(95.,1.,22.5));
#5854=CARTESIAN_POINT('',(94.,0.,22.5));
#5855=CARTESIAN_POINT('Origin',(90.,1.,-45.));
#5856=CARTESIAN_POINT('',(90.,0.,-49.));
#5857=CARTESIAN_POINT('',(90.,1.,-50.));
#5858=CARTESIAN_POINT('Origin',(90.,1.,-49.));
#5859=CARTESIAN_POINT('Origin',(90.,1.,-45.));
#5860=CARTESIAN_POINT('Origin',(90.,0.,-45.));
#5861=CARTESIAN_POINT('Origin',(45.,1.,-49.));
#5862=CARTESIAN_POINT('',(56.8007352543677,0.,-49.));
#5863=CARTESIAN_POINT('',(56.8007352543677,1.,-50.));
#5864=CARTESIAN_POINT('Origin',(56.8007352543677,1.,-49.));
#5865=CARTESIAN_POINT('',(45.,1.,-50.));
#5866=CARTESIAN_POINT('',(45.,0.,-49.));
#5867=CARTESIAN_POINT('Origin',(56.8007352543677,1.,-47.));
#5868=CARTESIAN_POINT('',(55.5053571106786,0.,-48.5238095238095));
#5869=CARTESIAN_POINT('',(54.8576680388341,1.,-49.2857142857143));
#5870=CARTESIAN_POINT('Origin',(55.5053571106786,1.,-48.5238095238095));
#5871=CARTESIAN_POINT('Origin',(56.8007352543677,1.,-47.));
#5872=CARTESIAN_POINT('Origin',(56.8007352543677,0.,-47.));
#5873=CARTESIAN_POINT('Origin',(50.,1.,-55.));
#5874=CARTESIAN_POINT('',(44.4946428893213,0.,-48.5238095238095));
#5875=CARTESIAN_POINT('',(45.1423319611659,1.,-49.2857142857143));
#5876=CARTESIAN_POINT('Origin',(44.4946428893213,1.,-48.5238095238095));
#5877=CARTESIAN_POINT('Origin',(50.,1.,-55.));
#5878=CARTESIAN_POINT('Origin',(50.,0.,-55.));
#5879=CARTESIAN_POINT('Origin',(43.1992647456322,1.,-47.));
#5880=CARTESIAN_POINT('',(43.1992647456322,0.,-49.));
#5881=CARTESIAN_POINT('',(43.1992647456322,1.,-50.));
#5882=CARTESIAN_POINT('Origin',(43.1992647456322,1.,-49.));
#5883=CARTESIAN_POINT('Origin',(43.1992647456322,1.,-47.));
#5884=CARTESIAN_POINT('Origin',(43.1992647456322,0.,-47.));
#5885=CARTESIAN_POINT('Origin',(45.,1.,-49.));
#5886=CARTESIAN_POINT('',(41.8007352543677,0.,-49.));
#5887=CARTESIAN_POINT('',(41.8007352543677,1.,-50.));
#5888=CARTESIAN_POINT('Origin',(41.8007352543677,1.,-49.));
#5889=CARTESIAN_POINT('',(45.,1.,-50.));
#5890=CARTESIAN_POINT('',(45.,0.,-49.));
#5891=CARTESIAN_POINT('Origin',(41.8007352543677,1.,-47.));
#5892=CARTESIAN_POINT('',(40.5053571106786,0.,-48.5238095238095));
#5893=CARTESIAN_POINT('',(39.8576680388341,1.,-49.2857142857143));
#5894=CARTESIAN_POINT('Origin',(40.5053571106786,1.,-48.5238095238095));
#5895=CARTESIAN_POINT('Origin',(41.8007352543677,1.,-47.));
#5896=CARTESIAN_POINT('Origin',(41.8007352543677,0.,-47.));
#5897=CARTESIAN_POINT('Origin',(35.,1.,-55.));
#5898=CARTESIAN_POINT('',(29.4946428893213,0.,-48.5238095238095));
#5899=CARTESIAN_POINT('',(30.1423319611659,1.,-49.2857142857143));
#5900=CARTESIAN_POINT('Origin',(29.4946428893213,1.,-48.5238095238095));
#5901=CARTESIAN_POINT('Origin',(35.,1.,-55.));
#5902=CARTESIAN_POINT('Origin',(35.,0.,-55.));
#5903=CARTESIAN_POINT('Origin',(28.1992647456323,1.,-47.));
#5904=CARTESIAN_POINT('',(28.1992647456323,0.,-49.));
#5905=CARTESIAN_POINT('',(28.1992647456323,1.,-50.));
#5906=CARTESIAN_POINT('Origin',(28.1992647456323,1.,-49.));
#5907=CARTESIAN_POINT('Origin',(28.1992647456323,1.,-47.));
#5908=CARTESIAN_POINT('Origin',(28.1992647456323,0.,-47.));
#5909=CARTESIAN_POINT('Origin',(45.,1.,-49.));
#5910=CARTESIAN_POINT('',(26.8007352543677,0.,-49.));
#5911=CARTESIAN_POINT('',(26.8007352543677,1.,-50.));
#5912=CARTESIAN_POINT('Origin',(26.8007352543677,1.,-49.));
#5913=CARTESIAN_POINT('',(45.,1.,-50.));
#5914=CARTESIAN_POINT('',(45.,0.,-49.));
#5915=CARTESIAN_POINT('Origin',(26.8007352543677,1.,-47.));
#5916=CARTESIAN_POINT('',(25.5053571106786,0.,-48.5238095238095));
#5917=CARTESIAN_POINT('',(24.8576680388341,1.,-49.2857142857143));
#5918=CARTESIAN_POINT('Origin',(25.5053571106786,1.,-48.5238095238095));
#5919=CARTESIAN_POINT('Origin',(26.8007352543677,1.,-47.));
#5920=CARTESIAN_POINT('Origin',(26.8007352543677,0.,-47.));
#5921=CARTESIAN_POINT('Origin',(20.,1.,-55.));
#5922=CARTESIAN_POINT('',(14.4946428893213,0.,-48.5238095238095));
#5923=CARTESIAN_POINT('',(15.1423319611659,1.,-49.2857142857143));
#5924=CARTESIAN_POINT('Origin',(14.4946428893213,1.,-48.5238095238095));
#5925=CARTESIAN_POINT('Origin',(20.,1.,-55.));
#5926=CARTESIAN_POINT('Origin',(20.,0.,-55.));
#5927=CARTESIAN_POINT('Origin',(13.1992647456322,1.,-47.));
#5928=CARTESIAN_POINT('',(13.1992647456322,0.,-49.));
#5929=CARTESIAN_POINT('',(13.1992647456322,1.,-50.));
#5930=CARTESIAN_POINT('Origin',(13.1992647456322,1.,-49.));
#5931=CARTESIAN_POINT('Origin',(13.1992647456322,1.,-47.));
#5932=CARTESIAN_POINT('Origin',(13.1992647456322,0.,-47.));
#5933=CARTESIAN_POINT('Origin',(45.,1.,-49.));
#5934=CARTESIAN_POINT('',(11.8007352543677,0.,-49.));
#5935=CARTESIAN_POINT('',(11.8007352543677,1.,-50.));
#5936=CARTESIAN_POINT('Origin',(11.8007352543677,1.,-49.));
#5937=CARTESIAN_POINT('',(45.,1.,-50.));
#5938=CARTESIAN_POINT('',(45.,0.,-49.));
#5939=CARTESIAN_POINT('Origin',(11.8007352543677,1.,-47.));
#5940=CARTESIAN_POINT('',(10.5053571106786,0.,-48.5238095238095));
#5941=CARTESIAN_POINT('',(9.85766803883408,1.,-49.2857142857143));
#5942=CARTESIAN_POINT('Origin',(10.5053571106786,1.,-48.5238095238095));
#5943=CARTESIAN_POINT('Origin',(11.8007352543677,1.,-47.));
#5944=CARTESIAN_POINT('Origin',(11.8007352543677,0.,-47.));
#5945=CARTESIAN_POINT('Origin',(4.99999999999998,1.,-55.));
#5946=CARTESIAN_POINT('',(-0.505357110678672,0.,-48.5238095238095));
#5947=CARTESIAN_POINT('',(0.142331961165874,1.,-49.2857142857143));
#5948=CARTESIAN_POINT('Origin',(-0.505357110678672,1.,-48.5238095238095));
#5949=CARTESIAN_POINT('Origin',(4.99999999999998,1.,-55.));
#5950=CARTESIAN_POINT('Origin',(4.99999999999998,0.,-55.));
#5951=CARTESIAN_POINT('Origin',(-1.80073525436777,1.,-47.));
#5952=CARTESIAN_POINT('',(-1.80073525436777,0.,-49.));
#5953=CARTESIAN_POINT('',(-1.80073525436777,1.,-50.));
#5954=CARTESIAN_POINT('Origin',(-1.80073525436777,1.,-49.));
#5955=CARTESIAN_POINT('Origin',(-1.80073525436777,1.,-47.));
#5956=CARTESIAN_POINT('Origin',(-1.80073525436777,0.,-47.));
#5957=CARTESIAN_POINT('Origin',(45.,1.,-49.));
#5958=CARTESIAN_POINT('',(-90.,0.,-49.));
#5959=CARTESIAN_POINT('',(-90.,1.,-50.));
#5960=CARTESIAN_POINT('Origin',(-90.,1.,-49.));
#5961=CARTESIAN_POINT('',(45.,1.,-50.));
#5962=CARTESIAN_POINT('',(45.,0.,-49.));
#5963=CARTESIAN_POINT('Origin',(-90.,1.,-45.));
#5964=CARTESIAN_POINT('',(-94.,0.,-45.));
#5965=CARTESIAN_POINT('',(-95.,1.,-45.));
#5966=CARTESIAN_POINT('Origin',(-94.,1.,-45.));
#5967=CARTESIAN_POINT('Origin',(-90.,1.,-45.));
#5968=CARTESIAN_POINT('Origin',(-90.,0.,-45.));
#5969=CARTESIAN_POINT('Origin',(-94.,1.,-22.5));
#5970=CARTESIAN_POINT('',(-94.,0.,45.));
#5971=CARTESIAN_POINT('',(-95.,1.,45.));
#5972=CARTESIAN_POINT('Origin',(-94.,1.,45.));
#5973=CARTESIAN_POINT('',(-95.,1.,-22.5));
#5974=CARTESIAN_POINT('',(-94.,0.,-22.5));
#5975=CARTESIAN_POINT('Origin',(-90.,1.,45.));
#5976=CARTESIAN_POINT('',(-90.,0.,49.));
#5977=CARTESIAN_POINT('',(-90.,1.,50.));
#5978=CARTESIAN_POINT('Origin',(-90.,1.,49.));
#5979=CARTESIAN_POINT('Origin',(-90.,1.,45.));
#5980=CARTESIAN_POINT('Origin',(-90.,0.,45.));
#5981=CARTESIAN_POINT('Origin',(-45.,1.,49.));
#5982=CARTESIAN_POINT('',(-45.,1.,50.));
#5983=CARTESIAN_POINT('',(-45.,0.,49.));
#5984=CARTESIAN_POINT('Origin',(50.,6.,-55.));
#5985=CARTESIAN_POINT('',(45.1423319611659,6.,-49.2857142857143));
#5986=CARTESIAN_POINT('',(54.8576680388341,6.,-49.2857142857143));
#5987=CARTESIAN_POINT('Origin',(43.1992647456322,6.,-47.));
#5988=CARTESIAN_POINT('',(43.1992647456322,6.,-50.));
#5989=CARTESIAN_POINT('Origin',(90.,0.,-50.));
#5990=CARTESIAN_POINT('',(41.8007352543677,6.,-50.));
#5991=CARTESIAN_POINT('Origin',(41.8007352543677,6.,-47.));
#5992=CARTESIAN_POINT('',(39.8576680388341,6.,-49.2857142857143));
#5993=CARTESIAN_POINT('Origin',(35.,6.,-55.));
#5994=CARTESIAN_POINT('',(30.1423319611659,6.,-49.2857142857143));
#5995=CARTESIAN_POINT('Origin',(28.1992647456323,6.,-47.));
#5996=CARTESIAN_POINT('',(28.1992647456323,6.,-50.));
#5997=CARTESIAN_POINT('Origin',(90.,0.,-50.));
#5998=CARTESIAN_POINT('',(26.8007352543677,6.,-50.));
#5999=CARTESIAN_POINT('Origin',(26.8007352543677,6.,-47.));
#6000=CARTESIAN_POINT('',(24.8576680388341,6.,-49.2857142857143));
#6001=CARTESIAN_POINT('Origin',(20.,6.,-55.));
#6002=CARTESIAN_POINT('',(15.1423319611659,6.,-49.2857142857143));
#6003=CARTESIAN_POINT('Origin',(13.1992647456322,6.,-47.));
#6004=CARTESIAN_POINT('',(13.1992647456322,6.,-50.));
#6005=CARTESIAN_POINT('Origin',(90.,0.,-50.));
#6006=CARTESIAN_POINT('',(11.8007352543677,6.,-50.));
#6007=CARTESIAN_POINT('Origin',(11.8007352543677,6.,-47.));
#6008=CARTESIAN_POINT('',(9.85766803883408,6.,-49.2857142857143));
#6009=CARTESIAN_POINT('Origin',(4.99999999999998,6.,-55.));
#6010=CARTESIAN_POINT('',(0.142331961165874,6.,-49.2857142857143));
#6011=CARTESIAN_POINT('Origin',(-1.80073525436777,6.,-47.));
#6012=CARTESIAN_POINT('',(-1.80073525436777,6.,-50.));
#6013=CARTESIAN_POINT('Origin',(90.,0.,-50.));
#6014=CARTESIAN_POINT('',(-90.,0.,-50.));
#6015=CARTESIAN_POINT('Origin',(-90.,0.,-45.));
#6016=CARTESIAN_POINT('',(-95.,0.,-45.));
#6017=CARTESIAN_POINT('Origin',(-95.,0.,-45.));
#6018=CARTESIAN_POINT('',(-95.,0.,45.));
#6019=CARTESIAN_POINT('Origin',(-90.,0.,45.));
#6020=CARTESIAN_POINT('',(-90.,0.,50.));
#6021=CARTESIAN_POINT('Origin',(-90.,0.,50.));
#6022=CARTESIAN_POINT('',(-1.80073525436776,6.,50.));
#6023=CARTESIAN_POINT('Origin',(-1.80073525436776,6.,47.));
#6024=CARTESIAN_POINT('',(0.142331961165881,6.,49.2857142857143));
#6025=CARTESIAN_POINT('Origin',(8.88178419700125E-15,0.,-4.44089209850063E-15));
#6026=CARTESIAN_POINT('Origin',(4.99999999999999,6.,55.));
#6027=CARTESIAN_POINT('',(11.8007352543677,6.,47.));
#6028=CARTESIAN_POINT('Origin',(4.99999999999999,6.,55.));
#6029=CARTESIAN_POINT('',(11.8007352543677,6.,47.));
#6030=CARTESIAN_POINT('Origin',(-90.,0.,47.));
#6031=CARTESIAN_POINT('',(13.1992647456322,6.,47.));
#6032=CARTESIAN_POINT('',(-45.,6.,47.));
#6033=CARTESIAN_POINT('',(13.1992647456322,6.,47.));
#6034=CARTESIAN_POINT('Origin',(20.,6.,55.));
#6035=CARTESIAN_POINT('',(26.8007352543678,6.,47.));
#6036=CARTESIAN_POINT('Origin',(20.,6.,55.));
#6037=CARTESIAN_POINT('',(26.8007352543678,6.,47.));
#6038=CARTESIAN_POINT('Origin',(-90.,0.,47.));
#6039=CARTESIAN_POINT('',(28.1992647456322,6.,47.));
#6040=CARTESIAN_POINT('',(-45.,6.,47.));
#6041=CARTESIAN_POINT('',(28.1992647456322,6.,47.));
#6042=CARTESIAN_POINT('Origin',(35.,6.,55.));
#6043=CARTESIAN_POINT('',(41.8007352543678,6.,47.));
#6044=CARTESIAN_POINT('Origin',(35.,6.,55.));
#6045=CARTESIAN_POINT('',(41.8007352543678,6.,47.));
#6046=CARTESIAN_POINT('Origin',(-90.,0.,47.));
#6047=CARTESIAN_POINT('',(43.1992647456322,6.,47.));
#6048=CARTESIAN_POINT('',(-45.,6.,47.));
#6049=CARTESIAN_POINT('',(43.1992647456322,6.,47.));
#6050=CARTESIAN_POINT('Origin',(35.,6.,-55.));
#6051=CARTESIAN_POINT('',(41.8007352543677,6.,-47.));
#6052=CARTESIAN_POINT('',(41.8007352543677,6.,-47.));
#6053=CARTESIAN_POINT('',(28.1992647456323,6.,-47.));
#6054=CARTESIAN_POINT('Origin',(35.,6.,-55.));
#6055=CARTESIAN_POINT('',(28.1992647456322,6.,-47.));
#6056=CARTESIAN_POINT('Origin',(90.,0.,-47.));
#6057=CARTESIAN_POINT('',(43.1992647456322,6.,-47.));
#6058=CARTESIAN_POINT('',(43.1992647456322,6.,-47.));
#6059=CARTESIAN_POINT('',(45.,6.,-47.));
#6060=CARTESIAN_POINT('Origin',(90.,0.,-47.));
#6061=CARTESIAN_POINT('',(26.8007352543677,6.,-47.));
#6062=CARTESIAN_POINT('',(45.,6.,-47.));
#6063=CARTESIAN_POINT('',(26.8007352543677,6.,-47.));
#6064=CARTESIAN_POINT('Origin',(20.,6.,-55.));
#6065=CARTESIAN_POINT('',(13.1992647456322,6.,-47.));
#6066=CARTESIAN_POINT('Origin',(20.,6.,-55.));
#6067=CARTESIAN_POINT('',(13.1992647456322,6.,-47.));
#6068=CARTESIAN_POINT('Origin',(90.,0.,-47.));
#6069=CARTESIAN_POINT('',(45.,6.,-47.));
#6070=CARTESIAN_POINT('Origin',(90.,0.,-47.));
#6071=CARTESIAN_POINT('',(45.,6.,-47.));
#6072=CARTESIAN_POINT('Origin',(50.,6.,55.));
#6073=CARTESIAN_POINT('Origin',(50.,6.,55.));
#6074=CARTESIAN_POINT('Origin',(50.,6.,-55.));
#6075=CARTESIAN_POINT('Origin',(50.,6.,-55.));
#6076=CARTESIAN_POINT('Origin',(-92.,0.,-45.));
#6077=CARTESIAN_POINT('',(-92.,6.,-22.5));
#6078=CARTESIAN_POINT('Origin',(92.,0.,45.));
#6079=CARTESIAN_POINT('',(92.,6.,22.5));
#6080=CARTESIAN_POINT('Origin',(8.88178419700125E-15,6.,-4.44089209850063E-15));
#6081=CARTESIAN_POINT('Origin',(56.8007352543677,6.,-47.));
#6082=CARTESIAN_POINT('',(56.8007352543677,6.,-50.));
#6083=CARTESIAN_POINT('Origin',(90.,0.,-50.));
#6084=CARTESIAN_POINT('',(90.,0.,-50.));
#6085=CARTESIAN_POINT('Origin',(56.8007352543678,6.,47.));
#6086=CARTESIAN_POINT('',(56.8007352543678,6.,50.));
#6087=CARTESIAN_POINT('',(54.8576680388341,6.,49.2857142857143));
#6088=CARTESIAN_POINT('Origin',(50.,6.,55.));
#6089=CARTESIAN_POINT('',(45.1423319611659,6.,49.2857142857143));
#6090=CARTESIAN_POINT('Origin',(43.1992647456322,6.,47.));
#6091=CARTESIAN_POINT('',(43.1992647456322,6.,50.));
#6092=CARTESIAN_POINT('Origin',(-90.,0.,50.));
#6093=CARTESIAN_POINT('',(41.8007352543678,6.,50.));
#6094=CARTESIAN_POINT('Origin',(41.8007352543678,6.,47.));
#6095=CARTESIAN_POINT('',(39.8576680388341,6.,49.2857142857143));
#6096=CARTESIAN_POINT('Origin',(35.,6.,55.));
#6097=CARTESIAN_POINT('',(30.1423319611659,6.,49.2857142857143));
#6098=CARTESIAN_POINT('Origin',(28.1992647456322,6.,47.));
#6099=CARTESIAN_POINT('',(28.1992647456322,6.,50.));
#6100=CARTESIAN_POINT('Origin',(-90.,0.,50.));
#6101=CARTESIAN_POINT('',(26.8007352543678,6.,50.));
#6102=CARTESIAN_POINT('Origin',(26.8007352543678,6.,47.));
#6103=CARTESIAN_POINT('',(24.8576680388341,6.,49.2857142857143));
#6104=CARTESIAN_POINT('Origin',(20.,6.,55.));
#6105=CARTESIAN_POINT('',(15.1423319611659,6.,49.2857142857143));
#6106=CARTESIAN_POINT('Origin',(13.1992647456322,6.,47.));
#6107=CARTESIAN_POINT('',(13.1992647456322,6.,50.));
#6108=CARTESIAN_POINT('Origin',(-90.,0.,50.));
#6109=CARTESIAN_POINT('',(11.8007352543678,6.,50.));
#6110=CARTESIAN_POINT('Origin',(11.8007352543678,6.,47.));
#6111=CARTESIAN_POINT('',(9.8576680388341,6.,49.2857142857143));
#6112=CARTESIAN_POINT('Origin',(4.99999999999999,6.,55.));
#6113=CARTESIAN_POINT('Origin',(-90.,0.,50.));
#6114=CARTESIAN_POINT('',(90.,0.,50.));
#6115=CARTESIAN_POINT('Origin',(90.,0.,45.));
#6116=CARTESIAN_POINT('',(95.,0.,45.));
#6117=CARTESIAN_POINT('Origin',(90.,0.,-45.));
#6118=CARTESIAN_POINT('',(95.,0.,-45.));
#6119=CARTESIAN_POINT('Origin',(95.,0.,45.));
#6120=UNCERTAINTY_MEASURE_WITH_UNIT(LENGTH_MEASURE(0.01),#6124,
'DISTANCE_ACCURACY_VALUE',
'Maximum model space distance between geometric entities at asserted c
onnectivities');
#6121=UNCERTAINTY_MEASURE_WITH_UNIT(LENGTH_MEASURE(0.01),#6124,
'DISTANCE_ACCURACY_VALUE',
'Maximum model space distance between geometric entities at asserted c
onnectivities');
#6122=(
GEOMETRIC_REPRESENTATION_CONTEXT(3)
GLOBAL_UNCERTAINTY_ASSIGNED_CONTEXT((#6120))
GLOBAL_UNIT_ASSIGNED_CONTEXT((#6124,#6126,#6127))
REPRESENTATION_CONTEXT('','3D')
);
#6123=(
GEOMETRIC_REPRESENTATION_CONTEXT(3)
GLOBAL_UNCERTAINTY_ASSIGNED_CONTEXT((#6121))
GLOBAL_UNIT_ASSIGNED_CONTEXT((#6124,#6126,#6127))
REPRESENTATION_CONTEXT('','3D')
);
#6124=(
LENGTH_UNIT()
NAMED_UNIT(*)
SI_UNIT(.MILLI.,.METRE.)
);
#6125=(
LENGTH_UNIT()
NAMED_UNIT(*)
SI_UNIT(.CENTI.,.METRE.)
);
#6126=(
NAMED_UNIT(*)
PLANE_ANGLE_UNIT()
SI_UNIT($,.RADIAN.)
);
#6127=(
NAMED_UNIT(*)
SI_UNIT($,.STERADIAN.)
SOLID_ANGLE_UNIT()
);
#6128=SHAPE_DEFINITION_REPRESENTATION(#6129,#6130);
#6129=PRODUCT_DEFINITION_SHAPE('',$,#6132);
#6130=SHAPE_REPRESENTATION('',(#3456),#6122);
#6131=PRODUCT_DEFINITION_CONTEXT('part definition',#6136,'design');
#6132=PRODUCT_DEFINITION('H\X2\1ED9\X0\p Slave','N\X2\1EAF\X0\p Slave',
#6133,#6131);
#6133=PRODUCT_DEFINITION_FORMATION('',$,#6138);
#6134=PRODUCT_RELATED_PRODUCT_CATEGORY('N\X2\1EAF\X0\p Slave',
'N\X2\1EAF\X0\p Slave',(#6138));
#6135=APPLICATION_PROTOCOL_DEFINITION('international standard',
'automotive_design',2009,#6136);
#6136=APPLICATION_CONTEXT(
'Core Data for Automotive Mechanical Design Process');
#6137=PRODUCT_CONTEXT('part definition',#6136,'mechanical');
#6138=PRODUCT('H\X2\1ED9\X0\p Slave','N\X2\1EAF\X0\p Slave',$,(#6137));
#6139=PRESENTATION_STYLE_ASSIGNMENT((#6140));
#6140=SURFACE_STYLE_USAGE(.BOTH.,#6143);
#6141=SURFACE_STYLE_RENDERING_WITH_PROPERTIES($,#6147,(#6142));
#6142=SURFACE_STYLE_TRANSPARENT(0.);
#6143=SURFACE_SIDE_STYLE('',(#6144,#6141));
#6144=SURFACE_STYLE_FILL_AREA(#6145);
#6145=FILL_AREA_STYLE('',(#6146));
#6146=FILL_AREA_STYLE_COLOUR('',#6147);
#6147=COLOUR_RGB('',0.0941176470588235,0.145098039215686,0.972549019607843);
ENDSEC;
END-ISO-10303-21;
